# Visualization Mesh
# Format: x y patch_id direction
# Blank line separates different grid lines
# Total lines: 192

40.2769 4.7956 0 u
40.2833 4.65588 0 u
40.2897 4.51616 0 u
40.296 4.37643 0 u
40.3024 4.23671 0 u
40.3088 4.09699 0 u
40.3152 3.95727 0 u
40.3216 3.81754 0 u
40.328 3.67782 0 u
40.3344 3.5381 0 u
40.3408 3.39838 0 u
40.3472 3.25865 0 u
40.3536 3.11893 0 u
40.36 2.97921 0 u
40.3664 2.83949 0 u
40.3728 2.69977 0 u
40.3792 2.56004 0 u
40.3856 2.42032 0 u
40.392 2.2806 0 u
40.3984 2.14088 0 u
40.4047 2.00115 0 u
40.4111 1.86143 0 u
40.4175 1.72171 0 u
40.4239 1.58199 0 u
40.4303 1.44226 0 u
40.4367 1.30254 0 u
40.4431 1.16282 0 u
40.4495 1.0231 0 u
40.4559 0.883374 0 u
40.4623 0.743652 0 u
40.4687 0.603929 0 u
40.4751 0.464207 0 u
40.4815 0.324484 0 u
40.4879 0.184762 0 u
40.4943 0.0450394 0 u
40.5006 -0.094683 0 u
40.507 -0.234405 0 u
40.5134 -0.374128 0 u
40.5198 -0.51385 0 u
40.5262 -0.653573 0 u
40.5326 -0.793295 0 u
40.539 -0.933018 0 u
40.5454 -1.07274 0 u
40.5518 -1.21246 0 u
40.5582 -1.35218 0 u
40.5646 -1.49191 0 u
40.571 -1.63163 0 u
40.5774 -1.77135 0 u
40.5838 -1.91107 0 u
40.5902 -2.0508 0 u
40.5966 -2.19052 0 u
40.603 -2.33024 0 u
40.6093 -2.46996 0 u
40.6157 -2.60969 0 u
40.6221 -2.74941 0 u
40.6285 -2.88913 0 u
40.6349 -3.02885 0 u
40.6413 -3.16857 0 u
40.6477 -3.3083 0 u
40.6541 -3.44802 0 u
40.6605 -3.58774 0 u
40.6669 -3.72746 0 u
40.6733 -3.86719 0 u
40.6797 -4.00691 0 u
40.6861 -4.14663 0 u
40.6925 -4.28635 0 u
40.6989 -4.42608 0 u
40.7053 -4.5658 0 u
40.7116 -4.70552 0 u
40.718 -4.84524 0 u
40.7244 -4.98497 0 u
40.7308 -5.12469 0 u
40.7372 -5.26441 0 u
40.7436 -5.40413 0 u
40.75 -5.54386 0 u
40.7564 -5.68358 0 u
40.7628 -5.8233 0 u
40.7692 -5.96302 0 u
40.7756 -6.10275 0 u
40.782 -6.24247 0 u
40.7884 -6.38219 0 u

38.6066 3.80079 0 u
38.6134 3.69092 0 u
38.6202 3.58104 0 u
38.6271 3.47117 0 u
38.6339 3.3613 0 u
38.6407 3.25143 0 u
38.6475 3.14155 0 u
38.6543 3.03168 0 u
38.6611 2.92181 0 u
38.6679 2.81194 0 u
38.6747 2.70206 0 u
38.6815 2.59219 0 u
38.6883 2.48232 0 u
38.6952 2.37245 0 u
38.702 2.26257 0 u
38.7088 2.1527 0 u
38.7156 2.04283 0 u
38.7224 1.93296 0 u
38.7292 1.82308 0 u
38.736 1.71321 0 u
38.7428 1.60334 0 u
38.7496 1.49347 0 u
38.7565 1.38359 0 u
38.7633 1.27372 0 u
38.7701 1.16385 0 u
38.7769 1.05398 0 u
38.7837 0.944102 0 u
38.7905 0.83423 0 u
38.7973 0.724357 0 u
38.8041 0.614485 0 u
38.8109 0.504612 0 u
38.8178 0.39474 0 u
38.8246 0.284867 0 u
38.8314 0.174994 0 u
38.8382 0.0651217 0 u
38.845 -0.0447508 0 u
38.8518 -0.154623 0 u
38.8586 -0.264496 0 u
38.8654 -0.374369 0 u
38.8722 -0.484241 0 u
38.8791 -0.594114 0 u
38.8859 -0.703986 0 u
38.8927 -0.813859 0 u
38.8995 -0.923732 0 u
38.9063 -1.0336 0 u
38.9131 -1.14348 0 u
38.9199 -1.25335 0 u
38.9267 -1.36322 0 u
38.9335 -1.47309 0 u
38.9404 -1.58297 0 u
38.9472 -1.69284 0 u
38.954 -1.80271 0 u
38.9608 -1.91258 0 u
38.9676 -2.02246 0 u
38.9744 -2.13233 0 u
38.9812 -2.2422 0 u
38.988 -2.35208 0 u
38.9948 -2.46195 0 u
39.0017 -2.57182 0 u
39.0085 -2.68169 0 u
39.0153 -2.79157 0 u
39.0221 -2.90144 0 u
39.0289 -3.01131 0 u
39.0357 -3.12118 0 u
39.0425 -3.23106 0 u
39.0493 -3.34093 0 u
39.0561 -3.4508 0 u
39.063 -3.56067 0 u
39.0698 -3.67055 0 u
39.0766 -3.78042 0 u
39.0834 -3.89029 0 u
39.0902 -4.00016 0 u
39.097 -4.11004 0 u
39.1038 -4.21991 0 u
39.1106 -4.32978 0 u
39.1174 -4.43965 0 u
39.1242 -4.54953 0 u
39.1311 -4.6594 0 u
39.1379 -4.76927 0 u
39.1447 -4.87914 0 u
39.1515 -4.98902 0 u

36.6818 3.53773 0 u
36.6867 3.43806 0 u
36.6917 3.3384 0 u
36.6966 3.23874 0 u
36.7015 3.13907 0 u
36.7065 3.03941 0 u
36.7114 2.93974 0 u
36.7163 2.84008 0 u
36.7213 2.74041 0 u
36.7262 2.64075 0 u
36.7311 2.54109 0 u
36.7361 2.44142 0 u
36.741 2.34176 0 u
36.7459 2.24209 0 u
36.7509 2.14243 0 u
36.7558 2.04277 0 u
36.7607 1.9431 0 u
36.7657 1.84344 0 u
36.7706 1.74377 0 u
36.7755 1.64411 0 u
36.7805 1.54444 0 u
36.7854 1.44478 0 u
36.7903 1.34512 0 u
36.7952 1.24545 0 u
36.8002 1.14579 0 u
36.8051 1.04612 0 u
36.81 0.946459 0 u
36.815 0.846795 0 u
36.8199 0.747131 0 u
36.8248 0.647467 0 u
36.8298 0.547802 0 u
36.8347 0.448138 0 u
36.8396 0.348474 0 u
36.8446 0.24881 0 u
36.8495 0.149146 0 u
36.8544 0.0494816 0 u
36.8594 -0.0501826 0 u
36.8643 -0.149847 0 u
36.8692 -0.249511 0 u
36.8742 -0.349175 0 u
36.8791 -0.448839 0 u
36.884 -0.548503 0 u
36.889 -0.648168 0 u
36.8939 -0.747832 0 u
36.8988 -0.847496 0 u
36.9038 -0.94716 0 u
36.9087 -1.04682 0 u
36.9136 -1.14649 0 u
36.9186 -1.24615 0 u
36.9235 -1.34582 0 u
36.9284 -1.44548 0 u
36.9334 -1.54515 0 u
36.9383 -1.64481 0 u
36.9432 -1.74447 0 u
36.9482 -1.84414 0 u
36.9531 -1.9438 0 u
36.958 -2.04347 0 u
36.963 -2.14313 0 u
36.9679 -2.24279 0 u
36.9728 -2.34246 0 u
36.9778 -2.44212 0 u
36.9827 -2.54179 0 u
36.9876 -2.64145 0 u
36.9926 -2.74112 0 u
36.9975 -2.84078 0 u
37.0024 -2.94044 0 u
37.0074 -3.04011 0 u
37.0123 -3.13977 0 u
37.0172 -3.23944 0 u
37.0222 -3.3391 0 u
37.0271 -3.43876 0 u
37.032 -3.53843 0 u
37.037 -3.63809 0 u
37.0419 -3.73776 0 u
37.0468 -3.83742 0 u
37.0518 -3.93709 0 u
37.0567 -4.03675 0 u
37.0616 -4.13641 0 u
37.0666 -4.23608 0 u
37.0715 -4.33574 0 u
37.0764 -4.43541 0 u

34.8059 4.04742 0 u
34.8078 3.93649 0 u
34.8098 3.82555 0 u
34.8118 3.71462 0 u
34.8137 3.60368 0 u
34.8157 3.49275 0 u
34.8176 3.38181 0 u
34.8196 3.27088 0 u
34.8216 3.15994 0 u
34.8235 3.04901 0 u
34.8255 2.93807 0 u
34.8275 2.82714 0 u
34.8294 2.7162 0 u
34.8314 2.60527 0 u
34.8334 2.49433 0 u
34.8353 2.3834 0 u
34.8373 2.27246 0 u
34.8393 2.16153 0 u
34.8412 2.05059 0 u
34.8432 1.93966 0 u
34.8452 1.82872 0 u
34.8471 1.71779 0 u
34.8491 1.60685 0 u
34.8511 1.49592 0 u
34.853 1.38498 0 u
34.855 1.27405 0 u
34.857 1.16311 0 u
34.8589 1.05218 0 u
34.8609 0.941242 0 u
34.8629 0.830307 0 u
34.8648 0.719372 0 u
34.8668 0.608437 0 u
34.8688 0.497502 0 u
34.8707 0.386567 0 u
34.8727 0.275632 0 u
34.8747 0.164697 0 u
34.8766 0.0537623 0 u
34.8786 -0.0571727 0 u
34.8806 -0.168108 0 u
34.8825 -0.279043 0 u
34.8845 -0.389978 0 u
34.8865 -0.500913 0 u
34.8884 -0.611848 0 u
34.8904 -0.722783 0 u
34.8924 -0.833718 0 u
34.8943 -0.944653 0 u
34.8963 -1.05559 0 u
34.8983 -1.16652 0 u
34.9002 -1.27746 0 u
34.9022 -1.38839 0 u
34.9042 -1.49933 0 u
34.9061 -1.61026 0 u
34.9081 -1.7212 0 u
34.9101 -1.83213 0 u
34.912 -1.94307 0 u
34.914 -2.054 0 u
34.916 -2.16494 0 u
34.9179 -2.27587 0 u
34.9199 -2.38681 0 u
34.9219 -2.49774 0 u
34.9238 -2.60868 0 u
34.9258 -2.71961 0 u
34.9278 -2.83055 0 u
34.9297 -2.94148 0 u
34.9317 -3.05242 0 u
34.9337 -3.16335 0 u
34.9356 -3.27429 0 u
34.9376 -3.38522 0 u
34.9396 -3.49616 0 u
34.9415 -3.60709 0 u
34.9435 -3.71803 0 u
34.9455 -3.82896 0 u
34.9474 -3.9399 0 u
34.9494 -4.05083 0 u
34.9514 -4.16177 0 u
34.9533 -4.2727 0 u
34.9553 -4.38364 0 u
34.9572 -4.49457 0 u
34.9592 -4.60551 0 u
34.9612 -4.71644 0 u
34.9631 -4.82738 0 u

33.2791 5.24887 0 u
33.2784 5.10715 0 u
33.2778 4.96542 0 u
33.2771 4.8237 0 u
33.2764 4.68197 0 u
33.2757 4.54025 0 u
33.2751 4.39852 0 u
33.2744 4.2568 0 u
33.2737 4.11508 0 u
33.273 3.97335 0 u
33.2724 3.83163 0 u
33.2717 3.6899 0 u
33.271 3.54818 0 u
33.2703 3.40646 0 u
33.2697 3.26473 0 u
33.269 3.12301 0 u
33.2683 2.98128 0 u
33.2676 2.83956 0 u
33.267 2.69783 0 u
33.2663 2.55611 0 u
33.2656 2.41439 0 u
33.2649 2.27266 0 u
33.2643 2.13094 0 u
33.2636 1.98921 0 u
33.2629 1.84749 0 u
33.2622 1.70576 0 u
33.2616 1.56404 0 u
33.2609 1.42231 0 u
33.2602 1.28059 0 u
33.2595 1.13887 0 u
33.2589 0.997141 0 u
33.2582 0.855417 0 u
33.2575 0.713693 0 u
33.2568 0.571968 0 u
33.2562 0.430244 0 u
33.2555 0.288519 0 u
33.2548 0.146795 0 u
33.2541 0.00507039 0 u
33.2535 -0.136654 0 u
33.2528 -0.278378 0 u
33.2521 -0.420103 0 u
33.2514 -0.561827 0 u
33.2508 -0.703551 0 u
33.2501 -0.845276 0 u
33.2494 -0.987 0 u
33.2487 -1.12872 0 u
33.2481 -1.27045 0 u
33.2474 -1.41217 0 u
33.2467 -1.5539 0 u
33.246 -1.69562 0 u
33.2454 -1.83734 0 u
33.2447 -1.97907 0 u
33.244 -2.12079 0 u
33.2433 -2.26252 0 u
33.2426 -2.40424 0 u
33.242 -2.54597 0 u
33.2413 -2.68769 0 u
33.2406 -2.82941 0 u
33.2399 -2.97114 0 u
33.2393 -3.11286 0 u
33.2386 -3.25459 0 u
33.2379 -3.39631 0 u
33.2372 -3.53804 0 u
33.2366 -3.67976 0 u
33.2359 -3.82148 0 u
33.2352 -3.96321 0 u
33.2345 -4.10493 0 u
33.2339 -4.24666 0 u
33.2332 -4.38838 0 u
33.2325 -4.53011 0 u
33.2318 -4.67183 0 u
33.2312 -4.81356 0 u
33.2305 -4.95528 0 u
33.2298 -5.097 0 u
33.2291 -5.23873 0 u
33.2285 -5.38045 0 u
33.2278 -5.52218 0 u
33.2271 -5.6639 0 u
33.2264 -5.80563 0 u
33.2258 -5.94735 0 u
33.2251 -6.08907 0 u

40.2769 4.7956 0 v
40.2039 4.73055 0 v
40.1296 4.66698 0 v
40.0541 4.60493 0 v
39.9772 4.5444 0 v
39.8992 4.48542 0 v
39.82 4.42801 0 v
39.7396 4.37219 0 v
39.6581 4.31798 0 v
39.5755 4.26541 0 v
39.4919 4.21449 0 v
39.4073 4.16524 0 v
39.3217 4.11769 0 v
39.2352 4.07186 0 v
39.1478 4.02776 0 v
39.0596 3.98541 0 v
38.9705 3.94485 0 v
38.8806 3.90608 0 v
38.79 3.86914 0 v
38.6986 3.83403 0 v
38.6066 3.80079 0 v
38.514 3.76943 0 v
38.4207 3.73995 0 v
38.3268 3.71236 0 v
38.2325 3.68667 0 v
38.1376 3.66289 0 v
38.0423 3.64101 0 v
37.9466 3.62104 0 v
37.8505 3.60299 0 v
37.754 3.58686 0 v
37.6573 3.57266 0 v
37.5603 3.56039 0 v
37.4631 3.55006 0 v
37.3657 3.54167 0 v
37.2681 3.53522 0 v
37.1704 3.53073 0 v
37.0727 3.5282 0 v
36.9749 3.52762 0 v
36.8772 3.52902 0 v
36.7794 3.53238 0 v
36.6818 3.53773 0 v
36.5843 3.54505 0 v
36.4869 3.55435 0 v
36.3897 3.5656 0 v
36.2928 3.57881 0 v
36.1962 3.59396 0 v
36.0998 3.61104 0 v
36.0038 3.63005 0 v
35.9082 3.65096 0 v
35.8131 3.67378 0 v
35.7184 3.69849 0 v
35.6242 3.72508 0 v
35.5306 3.75355 0 v
35.4375 3.78387 0 v
35.3451 3.81605 0 v
35.2533 3.85006 0 v
35.1623 3.88591 0 v
35.072 3.92358 0 v
34.9824 3.96306 0 v
34.8937 4.00435 0 v
34.8059 4.04742 0 v
34.7189 4.09228 0 v
34.6329 4.13888 0 v
34.5478 4.18722 0 v
34.4637 4.23727 0 v
34.3807 4.28899 0 v
34.2987 4.34237 0 v
34.2178 4.39737 0 v
34.138 4.45397 0 v
34.0593 4.51216 0 v
33.9819 4.57189 0 v
33.9056 4.63315 0 v
33.8306 4.6959 0 v
33.7569 4.76013 0 v
33.6845 4.82581 0 v
33.6134 4.89292 0 v
33.5437 4.96142 0 v
33.4753 5.03129 0 v
33.4085 5.1025 0 v
33.343 5.17504 0 v
33.2791 5.24887 0 v

40.4047 2.00115 0 v
40.3336 1.97383 0 v
40.2609 1.94726 0 v
40.1868 1.92143 0 v
40.1113 1.89636 0 v
40.0344 1.87204 0 v
39.9562 1.8485 0 v
39.8767 1.82574 0 v
39.796 1.80375 0 v
39.714 1.78256 0 v
39.6309 1.76216 0 v
39.5466 1.74256 0 v
39.4612 1.72377 0 v
39.3747 1.70579 0 v
39.2872 1.68864 0 v
39.1988 1.67231 0 v
39.1093 1.65682 0 v
39.019 1.64217 0 v
38.9278 1.62837 0 v
38.8357 1.61542 0 v
38.7428 1.60334 0 v
38.6492 1.59212 0 v
38.5549 1.58177 0 v
38.4598 1.57229 0 v
38.3642 1.56367 0 v
38.2679 1.55593 0 v
38.1711 1.54906 0 v
38.0738 1.54306 0 v
37.976 1.53792 0 v
37.8777 1.53366 0 v
37.7791 1.53027 0 v
37.6801 1.52776 0 v
37.5809 1.52612 0 v
37.4813 1.52535 0 v
37.3815 1.52545 0 v
37.2816 1.52643 0 v
37.1815 1.52828 0 v
37.0813 1.53101 0 v
36.981 1.53461 0 v
36.8807 1.53909 0 v
36.7805 1.54444 0 v
36.6803 1.55068 0 v
36.5802 1.55778 0 v
36.4802 1.56575 0 v
36.3805 1.57458 0 v
36.2809 1.58426 0 v
36.1817 1.5948 0 v
36.0828 1.60618 0 v
35.9842 1.61841 0 v
35.886 1.63146 0 v
35.7883 1.64535 0 v
35.6911 1.66006 0 v
35.5944 1.6756 0 v
35.4983 1.69194 0 v
35.4028 1.7091 0 v
35.308 1.72706 0 v
35.2138 1.74581 0 v
35.1204 1.76536 0 v
35.0278 1.7857 0 v
34.9361 1.80682 0 v
34.8452 1.82872 0 v
34.7552 1.85139 0 v
34.6662 1.87482 0 v
34.5781 1.89901 0 v
34.4911 1.92393 0 v
34.4051 1.94958 0 v
34.3202 1.97595 0 v
34.2365 2.00302 0 v
34.1539 2.0308 0 v
34.0725 2.05925 0 v
33.9923 2.08838 0 v
33.9134 2.11818 0 v
33.8358 2.14863 0 v
33.7595 2.17971 0 v
33.6845 2.21143 0 v
33.611 2.24377 0 v
33.5389 2.27672 0 v
33.4683 2.31027 0 v
33.3992 2.3444 0 v
33.3316 2.37911 0 v
33.2656 2.41439 0 v

40.5326 -0.793295 0 v
40.4632 -0.782882 0 v
40.3922 -0.772472 0 v
40.3196 -0.762071 0 v
40.2454 -0.751688 0 v
40.1697 -0.74133 0 v
40.0925 -0.731004 0 v
40.0139 -0.720718 0 v
39.9339 -0.71048 0 v
39.8525 -0.700298 0 v
39.7698 -0.690178 0 v
39.6858 -0.680129 0 v
39.6006 -0.670158 0 v
39.5142 -0.660273 0 v
39.4266 -0.650481 0 v
39.3379 -0.64079 0 v
39.2482 -0.631208 0 v
39.1573 -0.621741 0 v
39.0655 -0.612398 0 v
38.9728 -0.603187 0 v
38.8791 -0.594114 0 v
38.7845 -0.585187 0 v
38.6891 -0.57641 0 v
38.5929 -0.567789 0 v
38.4959 -0.559325 0 v
38.3982 -0.551025 0 v
38.2999 -0.542892 0 v
38.201 -0.534929 0 v
38.1015 -0.527142 0 v
38.0015 -0.519534 0 v
37.9009 -0.512109 0 v
37.8 -0.504871 0 v
37.6987 -0.497825 0 v
37.597 -0.490974 0 v
37.495 -0.484323 0 v
37.3927 -0.477876 0 v
37.2903 -0.471637 0 v
37.1876 -0.465609 0 v
37.0848 -0.459798 0 v
36.982 -0.454206 0 v
36.8791 -0.448839 0 v
36.7762 -0.4437 0 v
36.6734 -0.438789 0 v
36.5707 -0.434108 0 v
36.4681 -0.429655 0 v
36.3657 -0.425433 0 v
36.2636 -0.421442 0 v
36.1617 -0.417681 0 v
36.0602 -0.414151 0 v
35.959 -0.410853 0 v
35.8583 -0.407787 0 v
35.758 -0.404953 0 v
35.6583 -0.402352 0 v
35.5591 -0.399985 0 v
35.4605 -0.397851 0 v
35.3626 -0.395951 0 v
35.2654 -0.394286 0 v
35.1689 -0.392855 0 v
35.0733 -0.39166 0 v
34.9784 -0.390701 0 v
34.8845 -0.389978 0 v
34.7915 -0.38949 0 v
34.6995 -0.389236 0 v
34.6084 -0.38921 0 v
34.5185 -0.38941 0 v
34.4296 -0.389831 0 v
34.3418 -0.390469 0 v
34.2552 -0.391321 0 v
34.1698 -0.392383 0 v
34.0856 -0.393651 0 v
34.0027 -0.395121 0 v
33.9211 -0.396789 0 v
33.8409 -0.398652 0 v
33.762 -0.400706 0 v
33.6846 -0.402947 0 v
33.6086 -0.405371 0 v
33.5342 -0.407974 0 v
33.4613 -0.410752 0 v
33.3899 -0.413703 0 v
33.3202 -0.416821 0 v
33.2521 -0.420103 0 v

40.6605 -3.58774 0 v
40.5929 -3.5396 0 v
40.5235 -3.4922 0 v
40.4523 -3.44557 0 v
40.3795 -3.39973 0 v
40.305 -3.3547 0 v
40.2288 -3.31051 0 v
40.1511 -3.26717 0 v
40.0718 -3.22471 0 v
39.991 -3.18315 0 v
39.9088 -3.14251 0 v
39.8251 -3.10282 0 v
39.7401 -3.06408 0 v
39.6537 -3.02634 0 v
39.566 -2.9896 0 v
39.4771 -2.95389 0 v
39.387 -2.91924 0 v
39.2957 -2.88565 0 v
39.2033 -2.85317 0 v
39.1098 -2.8218 0 v
39.0153 -2.79157 0 v
38.9197 -2.76249 0 v
38.8233 -2.73459 0 v
38.7259 -2.70786 0 v
38.6276 -2.68232 0 v
38.5285 -2.65798 0 v
38.4287 -2.63484 0 v
38.3282 -2.61291 0 v
38.227 -2.59221 0 v
38.1252 -2.57273 0 v
38.0228 -2.55449 0 v
37.9198 -2.5375 0 v
37.8164 -2.52177 0 v
37.7126 -2.50729 0 v
37.6084 -2.4941 0 v
37.5039 -2.48218 0 v
37.399 -2.47155 0 v
37.294 -2.46223 0 v
37.1887 -2.45421 0 v
37.0833 -2.4475 0 v
36.9778 -2.44212 0 v
36.8722 -2.43808 0 v
36.7667 -2.43536 0 v
36.6612 -2.43396 0 v
36.5558 -2.43389 0 v
36.4505 -2.43513 0 v
36.3454 -2.43768 0 v
36.2406 -2.44155 0 v
36.1361 -2.44671 0 v
36.032 -2.45317 0 v
35.9282 -2.46093 0 v
35.8249 -2.46997 0 v
35.7221 -2.4803 0 v
35.6199 -2.49191 0 v
35.5182 -2.5048 0 v
35.4173 -2.51896 0 v
35.317 -2.53438 0 v
35.2174 -2.55107 0 v
35.1187 -2.56902 0 v
35.0208 -2.58823 0 v
34.9238 -2.60868 0 v
34.8278 -2.63037 0 v
34.7328 -2.6533 0 v
34.6388 -2.67743 0 v
34.5458 -2.70275 0 v
34.454 -2.72924 0 v
34.3634 -2.75689 0 v
34.2739 -2.78567 0 v
34.1857 -2.81556 0 v
34.0987 -2.84655 0 v
34.0131 -2.87863 0 v
33.9289 -2.91176 0 v
33.846 -2.94593 0 v
33.7646 -2.98113 0 v
33.6847 -3.01733 0 v
33.6063 -3.05451 0 v
33.5294 -3.09267 0 v
33.4542 -3.13177 0 v
33.3806 -3.1718 0 v
33.3088 -3.21275 0 v
33.2386 -3.25459 0 v

40.7884 -6.38219 0 v
40.7226 -6.29631 0 v
40.6548 -6.21193 0 v
40.5851 -6.12907 0 v
40.5136 -6.04777 0 v
40.4402 -5.96808 0 v
40.3651 -5.89002 0 v
40.2882 -5.81363 0 v
40.2097 -5.73895 0 v
40.1295 -5.66601 0 v
40.0477 -5.59485 0 v
39.9644 -5.5255 0 v
39.8795 -5.45801 0 v
39.7932 -5.3924 0 v
39.7054 -5.32872 0 v
39.6163 -5.26699 0 v
39.5258 -5.20727 0 v
39.4341 -5.14957 0 v
39.3411 -5.09394 0 v
39.2469 -5.04041 0 v
39.1515 -4.98902 0 v
39.055 -4.9398 0 v
38.9574 -4.89277 0 v
38.8589 -4.84794 0 v
38.7593 -4.80532 0 v
38.6589 -4.76494 0 v
38.5575 -4.72679 0 v
38.4554 -4.6909 0 v
38.3525 -4.65727 0 v
38.2489 -4.62593 0 v
38.1446 -4.59688 0 v
38.0397 -4.57013 0 v
37.9342 -4.54571 0 v
37.8283 -4.52361 0 v
37.7218 -4.50387 0 v
37.615 -4.48648 0 v
37.5078 -4.47147 0 v
37.4003 -4.45884 0 v
37.2925 -4.44861 0 v
37.1846 -4.4408 0 v
37.0764 -4.43541 0 v
36.9682 -4.43245 0 v
36.8599 -4.43192 0 v
36.7516 -4.43382 0 v
36.6434 -4.43812 0 v
36.5353 -4.44483 0 v
36.4273 -4.45393 0 v
36.3196 -4.46541 0 v
36.2121 -4.47927 0 v
36.105 -4.49549 0 v
35.9982 -4.51406 0 v
35.8919 -4.53499 0 v
35.786 -4.55825 0 v
35.6807 -4.58384 0 v
35.576 -4.61175 0 v
35.4719 -4.64196 0 v
35.3685 -4.67448 0 v
35.2659 -4.70929 0 v
35.1641 -4.74638 0 v
35.0632 -4.78575 0 v
34.9631 -4.82738 0 v
34.8641 -4.87126 0 v
34.7661 -4.91736 0 v
34.6691 -4.96564 0 v
34.5732 -5.01609 0 v
34.4785 -5.06865 0 v
34.3849 -5.1233 0 v
34.2926 -5.18001 0 v
34.2016 -5.23874 0 v
34.1119 -5.29946 0 v
34.0235 -5.36213 0 v
33.9366 -5.42673 0 v
33.8512 -5.49321 0 v
33.7672 -5.56155 0 v
33.6848 -5.63171 0 v
33.6039 -5.70366 0 v
33.5247 -5.77736 0 v
33.4472 -5.85279 0 v
33.3714 -5.92991 0 v
33.2973 -6.00868 0 v
33.2251 -6.08907 0 v

33.5976 -12.9063 1 u
33.5285 -12.842 1 u
33.4607 -12.7763 1 u
33.3942 -12.7093 1 u
33.329 -12.641 1 u
33.2651 -12.5714 1 u
33.2025 -12.5006 1 u
33.1414 -12.4285 1 u
33.0816 -12.3553 1 u
33.0233 -12.2809 1 u
32.9664 -12.2054 1 u
32.9109 -12.1289 1 u
32.857 -12.0512 1 u
32.8045 -11.9725 1 u
32.7536 -11.8929 1 u
32.7042 -11.8122 1 u
32.6564 -11.7306 1 u
32.6102 -11.6481 1 u
32.5656 -11.5647 1 u
32.5226 -11.4805 1 u
32.4813 -11.3954 1 u
32.4416 -11.3095 1 u
32.4037 -11.2229 1 u
32.3674 -11.1356 1 u
32.3328 -11.0476 1 u
32.3 -10.9589 1 u
32.2689 -10.8696 1 u
32.2395 -10.7797 1 u
32.2118 -10.6893 1 u
32.1859 -10.5983 1 u
32.1618 -10.5069 1 u
32.1394 -10.415 1 u
32.1188 -10.3227 1 u
32.1 -10.23 1 u
32.0829 -10.137 1 u
32.0677 -10.0437 1 u
32.0543 -9.9501 1 u
32.0427 -9.85627 1 u
32.0329 -9.76224 1 u
32.025 -9.66803 1 u
32.0189 -9.57369 1 u
32.0147 -9.47926 1 u
32.0123 -9.38475 1 u
32.0117 -9.29022 1 u
32.013 -9.19569 1 u
32.0162 -9.1012 1 u
32.0211 -9.00679 1 u
32.0279 -8.91249 1 u
32.0366 -8.81833 1 u
32.047 -8.72435 1 u
32.0592 -8.63059 1 u
32.0733 -8.53709 1 u
32.0891 -8.44386 1 u
32.1067 -8.35096 1 u
32.1262 -8.25841 1 u
32.1474 -8.16626 1 u
32.1704 -8.07453 1 u
32.1951 -7.98326 1 u
32.2217 -7.89249 1 u
32.25 -7.80225 1 u
32.28 -7.71258 1 u
32.3119 -7.62351 1 u
32.3454 -7.53507 1 u
32.3807 -7.4473 1 u
32.4176 -7.36023 1 u
32.4563 -7.2739 1 u
32.4966 -7.18833 1 u
32.5386 -7.10356 1 u
32.5821 -7.01962 1 u
32.6273 -6.93654 1 u
32.6741 -6.85436 1 u
32.7224 -6.77311 1 u
32.7723 -6.69283 1 u
32.8238 -6.61353 1 u
32.8767 -6.53527 1 u
32.9311 -6.45807 1 u
32.9871 -6.38196 1 u
33.0444 -6.30698 1 u
33.1032 -6.23316 1 u
33.1635 -6.16054 1 u
33.2251 -6.08913 1 u

31.4532 -13.2193 1 u
31.4209 -13.1445 1 u
31.3892 -13.0684 1 u
31.358 -12.9911 1 u
31.3275 -12.9126 1 u
31.2976 -12.8328 1 u
31.2684 -12.752 1 u
31.2398 -12.67 1 u
31.2119 -12.5869 1 u
31.1846 -12.5027 1 u
31.1581 -12.4174 1 u
31.1323 -12.3312 1 u
31.1072 -12.2439 1 u
31.0829 -12.1557 1 u
31.0593 -12.0665 1 u
31.0366 -11.9764 1 u
31.0146 -11.8854 1 u
30.9934 -11.7935 1 u
30.973 -11.7008 1 u
30.9535 -11.6073 1 u
30.9348 -11.513 1 u
30.917 -11.4179 1 u
30.9 -11.3221 1 u
30.8839 -11.2256 1 u
30.8687 -11.1285 1 u
30.8544 -11.0307 1 u
30.841 -10.9323 1 u
30.8284 -10.8334 1 u
30.8167 -10.7339 1 u
30.806 -10.6339 1 u
30.7961 -10.5335 1 u
30.7871 -10.4326 1 u
30.779 -10.3313 1 u
30.7718 -10.2296 1 u
30.7656 -10.1276 1 u
30.7602 -10.0253 1 u
30.7558 -9.92269 1 u
30.7523 -9.81986 1 u
30.7497 -9.71681 1 u
30.748 -9.61358 1 u
30.7473 -9.51021 1 u
30.7475 -9.40672 1 u
30.7486 -9.30314 1 u
30.7507 -9.19951 1 u
30.7539 -9.09585 1 u
30.758 -8.99218 1 u
30.7632 -8.88855 1 u
30.7695 -8.78498 1 u
30.7769 -8.6815 1 u
30.7854 -8.57813 1 u
30.795 -8.4749 1 u
30.8058 -8.37186 1 u
30.8178 -8.26901 1 u
30.831 -8.1664 1 u
30.8454 -8.06405 1 u
30.8611 -7.96199 1 u
30.8781 -7.86026 1 u
30.8964 -7.75887 1 u
30.916 -7.65785 1 u
30.9369 -7.55725 1 u
30.9592 -7.45708 1 u
30.983 -7.35737 1 u
31.008 -7.25815 1 u
31.0345 -7.15945 1 u
31.0623 -7.06127 1 u
31.0913 -6.96366 1 u
31.1217 -6.86662 1 u
31.1533 -6.77018 1 u
31.1862 -6.67437 1 u
31.2202 -6.57921 1 u
31.2555 -6.48472 1 u
31.2919 -6.39093 1 u
31.3295 -6.29785 1 u
31.3682 -6.20552 1 u
31.408 -6.11394 1 u
31.4489 -6.02315 1 u
31.4908 -5.93318 1 u
31.5338 -5.84403 1 u
31.5778 -5.75574 1 u
31.6227 -5.66833 1 u
31.6686 -5.58182 1 u

29.3088 -13.5322 1 u
29.3133 -13.4469 1 u
29.3176 -13.3605 1 u
29.3219 -13.2729 1 u
29.3261 -13.1841 1 u
29.3302 -13.0943 1 u
29.3342 -13.0034 1 u
29.3382 -12.9114 1 u
29.3421 -12.8184 1 u
29.346 -12.7244 1 u
29.3499 -12.6294 1 u
29.3537 -12.5335 1 u
29.3575 -12.4366 1 u
29.3613 -12.3388 1 u
29.3651 -12.2401 1 u
29.3689 -12.1405 1 u
29.3727 -12.0401 1 u
29.3766 -11.9389 1 u
29.3804 -11.8369 1 u
29.3844 -11.7341 1 u
29.3883 -11.6305 1 u
29.3923 -11.5263 1 u
29.3964 -11.4213 1 u
29.4005 -11.3156 1 u
29.4046 -11.2094 1 u
29.4088 -11.1025 1 u
29.4131 -10.995 1 u
29.4173 -10.887 1 u
29.4217 -10.7785 1 u
29.426 -10.6695 1 u
29.4304 -10.56 1 u
29.4348 -10.4501 1 u
29.4393 -10.3399 1 u
29.4437 -10.2292 1 u
29.4482 -10.1182 1 u
29.4528 -10.0069 1 u
29.4573 -9.89528 1 u
29.4619 -9.78344 1 u
29.4664 -9.67138 1 u
29.471 -9.55913 1 u
29.4756 -9.44672 1 u
29.4803 -9.33418 1 u
29.4849 -9.22153 1 u
29.4897 -9.1088 1 u
29.4947 -8.996 1 u
29.4999 -8.88317 1 u
29.5053 -8.77032 1 u
29.5111 -8.65747 1 u
29.5172 -8.54466 1 u
29.5238 -8.4319 1 u
29.5308 -8.31921 1 u
29.5384 -8.20663 1 u
29.5465 -8.09416 1 u
29.5553 -7.98184 1 u
29.5647 -7.86969 1 u
29.5749 -7.75773 1 u
29.5858 -7.64598 1 u
29.5976 -7.53447 1 u
29.6103 -7.42321 1 u
29.6239 -7.31224 1 u
29.6385 -7.20158 1 u
29.6541 -7.09124 1 u
29.6707 -6.98124 1 u
29.6883 -6.87159 1 u
29.7069 -6.76231 1 u
29.7264 -6.65342 1 u
29.7468 -6.54491 1 u
29.7681 -6.43681 1 u
29.7902 -6.32913 1 u
29.8131 -6.22189 1 u
29.8369 -6.11509 1 u
29.8614 -6.00875 1 u
29.8867 -5.90288 1 u
29.9126 -5.7975 1 u
29.9393 -5.69261 1 u
29.9666 -5.58824 1 u
29.9946 -5.48439 1 u
30.0231 -5.38108 1 u
30.0523 -5.27832 1 u
30.082 -5.17612 1 u
30.1122 -5.0745 1 u

27.1645 -13.8452 1 u
27.2057 -13.7494 1 u
27.2461 -13.6526 1 u
27.2857 -13.5547 1 u
27.3246 -13.4557 1 u
27.3627 -13.3558 1 u
27.4 -13.2548 1 u
27.4366 -13.1529 1 u
27.4724 -13.05 1 u
27.5074 -12.9462 1 u
27.5416 -12.8414 1 u
27.5751 -12.7358 1 u
27.6078 -12.6293 1 u
27.6397 -12.5219 1 u
27.6709 -12.4137 1 u
27.7013 -12.3047 1 u
27.7309 -12.1949 1 u
27.7598 -12.0843 1 u
27.7879 -11.9729 1 u
27.8152 -11.8609 1 u
27.8418 -11.7481 1 u
27.8677 -11.6346 1 u
27.8927 -11.5205 1 u
27.917 -11.4057 1 u
27.9405 -11.2903 1 u
27.9632 -11.1743 1 u
27.9852 -11.0578 1 u
28.0063 -10.9407 1 u
28.0266 -10.8232 1 u
28.0461 -10.7051 1 u
28.0647 -10.5866 1 u
28.0825 -10.4677 1 u
28.0995 -10.3484 1 u
28.1156 -10.2288 1 u
28.1309 -10.1088 1 u
28.1453 -9.98847 1 u
28.1588 -9.86788 1 u
28.1714 -9.74703 1 u
28.1832 -9.62596 1 u
28.1941 -9.50468 1 u
28.204 -9.38324 1 u
28.2131 -9.26164 1 u
28.2213 -9.13992 1 u
28.2287 -9.01809 1 u
28.2355 -8.89616 1 u
28.2417 -8.77415 1 u
28.2474 -8.65208 1 u
28.2527 -8.52997 1 u
28.2576 -8.40782 1 u
28.2622 -8.28567 1 u
28.2666 -8.16352 1 u
28.2709 -8.0414 1 u
28.2752 -7.91931 1 u
28.2795 -7.79729 1 u
28.284 -7.67533 1 u
28.2886 -7.55346 1 u
28.2935 -7.43171 1 u
28.2988 -7.31007 1 u
28.3046 -7.18858 1 u
28.3108 -7.06724 1 u
28.3177 -6.94607 1 u
28.3252 -6.8251 1 u
28.3333 -6.70432 1 u
28.3421 -6.58374 1 u
28.3515 -6.46335 1 u
28.3614 -6.34317 1 u
28.3719 -6.2232 1 u
28.3828 -6.10344 1 u
28.3942 -5.98389 1 u
28.406 -5.86456 1 u
28.4183 -5.74545 1 u
28.4309 -5.62657 1 u
28.4438 -5.50791 1 u
28.4571 -5.38948 1 u
28.4706 -5.27128 1 u
28.4844 -5.15332 1 u
28.4983 -5.0356 1 u
28.5125 -4.91812 1 u
28.5268 -4.80089 1 u
28.5412 -4.68391 1 u
28.5558 -4.56718 1 u

25.0201 -14.1582 1 u
25.098 -14.0519 1 u
25.1745 -13.9447 1 u
25.2496 -13.8365 1 u
25.3232 -13.7273 1 u
25.3953 -13.6172 1 u
25.4659 -13.5062 1 u
25.535 -13.3943 1 u
25.6026 -13.2815 1 u
25.6687 -13.1679 1 u
25.7334 -13.0534 1 u
25.7965 -12.9381 1 u
25.858 -12.8219 1 u
25.9181 -12.705 1 u
25.9766 -12.5873 1 u
26.0336 -12.4688 1 u
26.0891 -12.3496 1 u
26.143 -12.2297 1 u
26.1953 -12.109 1 u
26.2461 -11.9877 1 u
26.2954 -11.8656 1 u
26.343 -11.743 1 u
26.3891 -11.6196 1 u
26.4336 -11.4957 1 u
26.4764 -11.3712 1 u
26.5177 -11.2461 1 u
26.5573 -11.1205 1 u
26.5952 -10.9944 1 u
26.6315 -10.8678 1 u
26.6661 -10.7407 1 u
26.699 -10.6132 1 u
26.7302 -10.4853 1 u
26.7597 -10.357 1 u
26.7875 -10.2284 1 u
26.8135 -10.0994 1 u
26.8378 -9.97006 1 u
26.8603 -9.84047 1 u
26.881 -9.71062 1 u
26.9 -9.58053 1 u
26.9171 -9.45024 1 u
26.9324 -9.31975 1 u
26.9459 -9.18911 1 u
26.9576 -9.05831 1 u
26.9677 -8.92738 1 u
26.9764 -8.79631 1 u
26.9836 -8.66513 1 u
26.9895 -8.53384 1 u
26.9943 -8.40246 1 u
26.9979 -8.27099 1 u
27.0006 -8.13944 1 u
27.0024 -8.00783 1 u
27.0035 -7.87617 1 u
27.0039 -7.74447 1 u
27.0038 -7.61273 1 u
27.0032 -7.48097 1 u
27.0024 -7.3492 1 u
27.0013 -7.21743 1 u
27.0001 -7.08567 1 u
26.9989 -6.95394 1 u
26.9978 -6.82223 1 u
26.9969 -6.69057 1 u
26.9963 -6.55896 1 u
26.996 -6.4274 1 u
26.9959 -6.29588 1 u
26.9961 -6.16439 1 u
26.9965 -6.03293 1 u
26.997 -5.90149 1 u
26.9976 -5.77007 1 u
26.9982 -5.63865 1 u
26.999 -5.50724 1 u
26.9997 -5.37582 1 u
27.0004 -5.24439 1 u
27.001 -5.11293 1 u
27.0015 -4.98146 1 u
27.0019 -4.84995 1 u
27.0021 -4.7184 1 u
27.0021 -4.58681 1 u
27.0019 -4.45517 1 u
27.0013 -4.32347 1 u
27.0005 -4.1917 1 u
26.9993 -4.05987 1 u

33.5976 -12.9063 1 v
33.4904 -12.9219 1 v
33.3832 -12.9376 1 v
33.276 -12.9532 1 v
33.1687 -12.9689 1 v
33.0615 -12.9845 1 v
32.9543 -13.0002 1 v
32.8471 -13.0158 1 v
32.7399 -13.0315 1 v
32.6327 -13.0471 1 v
32.5254 -13.0628 1 v
32.4182 -13.0784 1 v
32.311 -13.0941 1 v
32.2038 -13.1097 1 v
32.0966 -13.1254 1 v
31.9893 -13.141 1 v
31.8821 -13.1567 1 v
31.7749 -13.1723 1 v
31.6677 -13.188 1 v
31.5605 -13.2036 1 v
31.4532 -13.2193 1 v
31.346 -13.2349 1 v
31.2388 -13.2506 1 v
31.1316 -13.2662 1 v
31.0244 -13.2818 1 v
30.9171 -13.2975 1 v
30.8099 -13.3131 1 v
30.7027 -13.3288 1 v
30.5955 -13.3444 1 v
30.4883 -13.3601 1 v
30.381 -13.3757 1 v
30.2738 -13.3914 1 v
30.1666 -13.407 1 v
30.0594 -13.4227 1 v
29.9522 -13.4383 1 v
29.8449 -13.454 1 v
29.7377 -13.4696 1 v
29.6305 -13.4853 1 v
29.5233 -13.5009 1 v
29.4161 -13.5166 1 v
29.3088 -13.5322 1 v
29.2016 -13.5479 1 v
29.0944 -13.5635 1 v
28.9872 -13.5792 1 v
28.88 -13.5948 1 v
28.7727 -13.6105 1 v
28.6655 -13.6261 1 v
28.5583 -13.6418 1 v
28.4511 -13.6574 1 v
28.3439 -13.6731 1 v
28.2366 -13.6887 1 v
28.1294 -13.7044 1 v
28.0222 -13.72 1 v
27.915 -13.7357 1 v
27.8078 -13.7513 1 v
27.7006 -13.767 1 v
27.5933 -13.7826 1 v
27.4861 -13.7983 1 v
27.3789 -13.8139 1 v
27.2717 -13.8296 1 v
27.1645 -13.8452 1 v
27.0572 -13.8609 1 v
26.95 -13.8765 1 v
26.8428 -13.8922 1 v
26.7356 -13.9078 1 v
26.6284 -13.9235 1 v
26.5211 -13.9391 1 v
26.4139 -13.9547 1 v
26.3067 -13.9704 1 v
26.1995 -13.986 1 v
26.0923 -14.0017 1 v
25.985 -14.0173 1 v
25.8778 -14.033 1 v
25.7706 -14.0486 1 v
25.6634 -14.0643 1 v
25.5562 -14.0799 1 v
25.4489 -14.0956 1 v
25.3417 -14.1112 1 v
25.2345 -14.1269 1 v
25.1273 -14.1425 1 v
25.0201 -14.1582 1 v

32.4813 -11.3954 1 v
32.4039 -11.4013 1 v
32.3266 -11.4072 1 v
32.2493 -11.413 1 v
32.172 -11.4189 1 v
32.0946 -11.4248 1 v
32.0173 -11.4307 1 v
31.94 -11.4365 1 v
31.8627 -11.4424 1 v
31.7853 -11.4483 1 v
31.708 -11.4542 1 v
31.6307 -11.4601 1 v
31.5534 -11.4659 1 v
31.476 -11.4718 1 v
31.3987 -11.4777 1 v
31.3214 -11.4836 1 v
31.2441 -11.4894 1 v
31.1668 -11.4953 1 v
31.0894 -11.5012 1 v
31.0121 -11.5071 1 v
30.9348 -11.513 1 v
30.8575 -11.5188 1 v
30.7801 -11.5247 1 v
30.7028 -11.5306 1 v
30.6255 -11.5365 1 v
30.5482 -11.5424 1 v
30.4708 -11.5482 1 v
30.3935 -11.5541 1 v
30.3162 -11.56 1 v
30.2389 -11.5659 1 v
30.1615 -11.5717 1 v
30.0842 -11.5776 1 v
30.0069 -11.5835 1 v
29.9296 -11.5894 1 v
29.8523 -11.5953 1 v
29.7749 -11.6011 1 v
29.6976 -11.607 1 v
29.6203 -11.6129 1 v
29.543 -11.6188 1 v
29.4656 -11.6246 1 v
29.3883 -11.6305 1 v
29.311 -11.6364 1 v
29.2337 -11.6423 1 v
29.1563 -11.6482 1 v
29.079 -11.654 1 v
29.0017 -11.6599 1 v
28.9244 -11.6658 1 v
28.847 -11.6717 1 v
28.7697 -11.6775 1 v
28.6924 -11.6834 1 v
28.6151 -11.6893 1 v
28.5378 -11.6952 1 v
28.4604 -11.7011 1 v
28.3831 -11.7069 1 v
28.3058 -11.7128 1 v
28.2285 -11.7187 1 v
28.1511 -11.7246 1 v
28.0738 -11.7304 1 v
27.9965 -11.7363 1 v
27.9192 -11.7422 1 v
27.8418 -11.7481 1 v
27.7645 -11.754 1 v
27.6872 -11.7598 1 v
27.6099 -11.7657 1 v
27.5325 -11.7716 1 v
27.4552 -11.7775 1 v
27.3779 -11.7834 1 v
27.3006 -11.7892 1 v
27.2232 -11.7951 1 v
27.1459 -11.801 1 v
27.0686 -11.8069 1 v
26.9913 -11.8127 1 v
26.914 -11.8186 1 v
26.8366 -11.8245 1 v
26.7593 -11.8304 1 v
26.682 -11.8363 1 v
26.6047 -11.8421 1 v
26.5273 -11.848 1 v
26.45 -11.8539 1 v
26.3727 -11.8598 1 v
26.2954 -11.8656 1 v

32.0189 -9.57369 1 v
31.9553 -9.57052 1 v
31.8917 -9.56735 1 v
31.8282 -9.56417 1 v
31.7646 -9.561 1 v
31.701 -9.55782 1 v
31.6374 -9.55465 1 v
31.5738 -9.55147 1 v
31.5102 -9.5483 1 v
31.4467 -9.54513 1 v
31.3831 -9.54195 1 v
31.3195 -9.53878 1 v
31.2559 -9.5356 1 v
31.1923 -9.53243 1 v
31.1288 -9.52925 1 v
31.0652 -9.52608 1 v
31.0016 -9.52291 1 v
30.938 -9.51973 1 v
30.8744 -9.51656 1 v
30.8108 -9.51338 1 v
30.7473 -9.51021 1 v
30.6837 -9.50703 1 v
30.6201 -9.50386 1 v
30.5565 -9.50069 1 v
30.4929 -9.49751 1 v
30.4294 -9.49434 1 v
30.3658 -9.49116 1 v
30.3022 -9.48799 1 v
30.2386 -9.48481 1 v
30.175 -9.48164 1 v
30.1115 -9.47847 1 v
30.0479 -9.47529 1 v
29.9843 -9.47212 1 v
29.9207 -9.46894 1 v
29.8571 -9.46577 1 v
29.7935 -9.4626 1 v
29.73 -9.45942 1 v
29.6664 -9.45625 1 v
29.6028 -9.45307 1 v
29.5392 -9.4499 1 v
29.4756 -9.44672 1 v
29.4121 -9.44355 1 v
29.3485 -9.44038 1 v
29.2849 -9.4372 1 v
29.2213 -9.43403 1 v
29.1577 -9.43085 1 v
29.0941 -9.42768 1 v
29.0306 -9.4245 1 v
28.967 -9.42133 1 v
28.9034 -9.41816 1 v
28.8398 -9.41498 1 v
28.7762 -9.41181 1 v
28.7127 -9.40863 1 v
28.6491 -9.40546 1 v
28.5855 -9.40228 1 v
28.5219 -9.39911 1 v
28.4583 -9.39594 1 v
28.3947 -9.39276 1 v
28.3312 -9.38959 1 v
28.2676 -9.38641 1 v
28.204 -9.38324 1 v
28.1404 -9.38006 1 v
28.0768 -9.37689 1 v
28.0133 -9.37372 1 v
27.9497 -9.37054 1 v
27.8861 -9.36737 1 v
27.8225 -9.36419 1 v
27.7589 -9.36102 1 v
27.6954 -9.35784 1 v
27.6318 -9.35467 1 v
27.5682 -9.3515 1 v
27.5046 -9.34832 1 v
27.441 -9.34515 1 v
27.3774 -9.34197 1 v
27.3139 -9.3388 1 v
27.2503 -9.33562 1 v
27.1867 -9.33245 1 v
27.1231 -9.32928 1 v
27.0595 -9.3261 1 v
26.996 -9.32293 1 v
26.9324 -9.31975 1 v

32.28 -7.71258 1 v
32.214 -7.6998 1 v
32.148 -7.68703 1 v
32.0819 -7.67425 1 v
32.0159 -7.66148 1 v
31.9498 -7.6487 1 v
31.8838 -7.63593 1 v
31.8178 -7.62315 1 v
31.7517 -7.61038 1 v
31.6857 -7.5976 1 v
31.6196 -7.58483 1 v
31.5536 -7.57205 1 v
31.4876 -7.55928 1 v
31.4215 -7.5465 1 v
31.3555 -7.53373 1 v
31.2894 -7.52095 1 v
31.2234 -7.50818 1 v
31.1574 -7.4954 1 v
31.0913 -7.48263 1 v
31.0253 -7.46985 1 v
30.9592 -7.45708 1 v
30.8932 -7.4443 1 v
30.8272 -7.43153 1 v
30.7611 -7.41875 1 v
30.6951 -7.40598 1 v
30.629 -7.3932 1 v
30.563 -7.38043 1 v
30.497 -7.36765 1 v
30.4309 -7.35488 1 v
30.3649 -7.3421 1 v
30.2988 -7.32933 1 v
30.2328 -7.31655 1 v
30.1668 -7.30378 1 v
30.1007 -7.291 1 v
30.0347 -7.27823 1 v
29.9687 -7.26545 1 v
29.9026 -7.25268 1 v
29.8366 -7.2399 1 v
29.7705 -7.22713 1 v
29.7045 -7.21435 1 v
29.6385 -7.20158 1 v
29.5724 -7.1888 1 v
29.5064 -7.17603 1 v
29.4403 -7.16325 1 v
29.3743 -7.15048 1 v
29.3083 -7.1377 1 v
29.2422 -7.12493 1 v
29.1762 -7.11215 1 v
29.1101 -7.09938 1 v
29.0441 -7.0866 1 v
28.9781 -7.07383 1 v
28.912 -7.06105 1 v
28.846 -7.04827 1 v
28.7799 -7.0355 1 v
28.7139 -7.02272 1 v
28.6479 -7.00995 1 v
28.5818 -6.99717 1 v
28.5158 -6.9844 1 v
28.4497 -6.97162 1 v
28.3837 -6.95885 1 v
28.3177 -6.94607 1 v
28.2516 -6.9333 1 v
28.1856 -6.92052 1 v
28.1195 -6.90775 1 v
28.0535 -6.89497 1 v
27.9875 -6.8822 1 v
27.9214 -6.86942 1 v
27.8554 -6.85665 1 v
27.7893 -6.84387 1 v
27.7233 -6.8311 1 v
27.6573 -6.81832 1 v
27.5912 -6.80555 1 v
27.5252 -6.79277 1 v
27.4591 -6.78 1 v
27.3931 -6.76722 1 v
27.3271 -6.75445 1 v
27.261 -6.74167 1 v
27.195 -6.7289 1 v
27.129 -6.71612 1 v
27.0629 -6.70335 1 v
26.9969 -6.69057 1 v

33.2251 -6.08913 1 v
33.1473 -6.06377 1 v
33.0694 -6.0384 1 v
32.9916 -6.01303 1 v
32.9138 -5.98767 1 v
32.836 -5.9623 1 v
32.7582 -5.93694 1 v
32.6803 -5.91157 1 v
32.6025 -5.88621 1 v
32.5247 -5.86084 1 v
32.4469 -5.83547 1 v
32.369 -5.81011 1 v
32.2912 -5.78474 1 v
32.2134 -5.75938 1 v
32.1356 -5.73401 1 v
32.0578 -5.70864 1 v
31.9799 -5.68328 1 v
31.9021 -5.65791 1 v
31.8243 -5.63255 1 v
31.7465 -5.60718 1 v
31.6686 -5.58182 1 v
31.5908 -5.55645 1 v
31.513 -5.53108 1 v
31.4352 -5.50572 1 v
31.3574 -5.48035 1 v
31.2795 -5.45499 1 v
31.2017 -5.42962 1 v
31.1239 -5.40426 1 v
31.0461 -5.37889 1 v
30.9682 -5.35352 1 v
30.8904 -5.32816 1 v
30.8126 -5.30279 1 v
30.7348 -5.27743 1 v
30.657 -5.25206 1 v
30.5791 -5.22669 1 v
30.5013 -5.20133 1 v
30.4235 -5.17596 1 v
30.3457 -5.1506 1 v
30.2678 -5.12523 1 v
30.19 -5.09987 1 v
30.1122 -5.0745 1 v
30.0344 -5.04913 1 v
29.9566 -5.02377 1 v
29.8787 -4.9984 1 v
29.8009 -4.97304 1 v
29.7231 -4.94767 1 v
29.6453 -4.9223 1 v
29.5674 -4.89694 1 v
29.4896 -4.87157 1 v
29.4118 -4.84621 1 v
29.334 -4.82084 1 v
29.2562 -4.79548 1 v
29.1783 -4.77011 1 v
29.1005 -4.74474 1 v
29.0227 -4.71938 1 v
28.9449 -4.69401 1 v
28.867 -4.66865 1 v
28.7892 -4.64328 1 v
28.7114 -4.61791 1 v
28.6336 -4.59255 1 v
28.5558 -4.56718 1 v
28.4779 -4.54182 1 v
28.4001 -4.51645 1 v
28.3223 -4.49109 1 v
28.2445 -4.46572 1 v
28.1666 -4.44035 1 v
28.0888 -4.41499 1 v
28.011 -4.38962 1 v
27.9332 -4.36426 1 v
27.8554 -4.33889 1 v
27.7775 -4.31352 1 v
27.6997 -4.28816 1 v
27.6219 -4.26279 1 v
27.5441 -4.23743 1 v
27.4662 -4.21206 1 v
27.3884 -4.1867 1 v
27.3106 -4.16133 1 v
27.2328 -4.13596 1 v
27.155 -4.1106 1 v
27.0771 -4.08523 1 v
26.9993 -4.05987 1 v

26.9991 -4.05997 2 u
26.9991 -3.97797 2 u
26.9991 -3.89598 2 u
26.9991 -3.81398 2 u
26.9991 -3.73198 2 u
26.9991 -3.64999 2 u
26.9991 -3.56799 2 u
26.9991 -3.48599 2 u
26.9991 -3.404 2 u
26.9991 -3.322 2 u
26.9991 -3.24001 2 u
26.9991 -3.15801 2 u
26.9991 -3.07601 2 u
26.9991 -2.99402 2 u
26.9991 -2.91202 2 u
26.9991 -2.83002 2 u
26.9991 -2.74803 2 u
26.9991 -2.66603 2 u
26.9991 -2.58404 2 u
26.9991 -2.50204 2 u
26.9991 -2.42004 2 u
26.9991 -2.33805 2 u
26.9991 -2.25605 2 u
26.9991 -2.17406 2 u
26.9991 -2.09206 2 u
26.9991 -2.01006 2 u
26.9991 -1.92807 2 u
26.9991 -1.84607 2 u
26.9991 -1.76407 2 u
26.9991 -1.68208 2 u
26.9991 -1.60008 2 u
26.9991 -1.51809 2 u
26.9991 -1.43609 2 u
26.9991 -1.35409 2 u
26.9991 -1.2721 2 u
26.9991 -1.1901 2 u
26.9991 -1.1081 2 u
26.9991 -1.02611 2 u
26.9991 -0.944112 2 u
26.9991 -0.862116 2 u
26.9991 -0.78012 2 u
26.9991 -0.698124 2 u
26.9991 -0.616128 2 u
26.9991 -0.534131 2 u
26.9991 -0.452135 2 u
26.9991 -0.370139 2 u
26.9991 -0.288143 2 u
26.9991 -0.206147 2 u
26.9991 -0.12415 2 u
26.9991 -0.0421542 2 u
26.9991 0.039842 2 u
26.9991 0.121838 2 u
26.9991 0.203834 2 u
26.9991 0.285831 2 u
26.9991 0.367827 2 u
26.9991 0.449823 2 u
26.9991 0.531819 2 u
26.9991 0.613815 2 u
26.9991 0.695811 2 u
26.9991 0.777808 2 u
26.9991 0.859804 2 u
26.9991 0.9418 2 u
26.9991 1.0238 2 u
26.9991 1.10579 2 u
26.9991 1.18779 2 u
26.9991 1.26978 2 u
26.9991 1.35178 2 u
26.9991 1.43378 2 u
26.9991 1.51577 2 u
26.9991 1.59777 2 u
26.9991 1.67977 2 u
26.9991 1.76176 2 u
26.9991 1.84376 2 u
26.9991 1.92575 2 u
26.9991 2.00775 2 u
26.9991 2.08975 2 u
26.9991 2.17174 2 u
26.9991 2.25374 2 u
26.9991 2.33574 2 u
26.9991 2.41773 2 u
26.9991 2.49973 2 u

28.5556 -4.56725 2 u
28.5558 -4.47032 2 u
28.556 -4.3734 2 u
28.5561 -4.27647 2 u
28.5563 -4.17954 2 u
28.5565 -4.08261 2 u
28.5567 -3.98568 2 u
28.5568 -3.88875 2 u
28.557 -3.79183 2 u
28.5572 -3.6949 2 u
28.5573 -3.59797 2 u
28.5575 -3.50104 2 u
28.5577 -3.40411 2 u
28.5578 -3.30718 2 u
28.558 -3.21026 2 u
28.5582 -3.11333 2 u
28.5583 -3.0164 2 u
28.5585 -2.91947 2 u
28.5587 -2.82254 2 u
28.5588 -2.72561 2 u
28.559 -2.62868 2 u
28.5592 -2.53176 2 u
28.5594 -2.43483 2 u
28.5595 -2.3379 2 u
28.5597 -2.24097 2 u
28.5599 -2.14404 2 u
28.56 -2.04711 2 u
28.5602 -1.95019 2 u
28.5604 -1.85326 2 u
28.5605 -1.75633 2 u
28.5607 -1.6594 2 u
28.5609 -1.56247 2 u
28.561 -1.46554 2 u
28.5612 -1.36862 2 u
28.5614 -1.27169 2 u
28.5615 -1.17476 2 u
28.5617 -1.07783 2 u
28.5619 -0.980902 2 u
28.5621 -0.883974 2 u
28.5622 -0.787045 2 u
28.5624 -0.690117 2 u
28.5626 -0.593188 2 u
28.5627 -0.49626 2 u
28.5629 -0.399332 2 u
28.5631 -0.302403 2 u
28.5632 -0.205475 2 u
28.5634 -0.108547 2 u
28.5636 -0.0116181 2 u
28.5637 0.0853103 2 u
28.5639 0.182239 2 u
28.5641 0.279167 2 u
28.5642 0.376095 2 u
28.5644 0.473024 2 u
28.5646 0.569952 2 u
28.5648 0.666881 2 u
28.5649 0.763809 2 u
28.5651 0.860737 2 u
28.5653 0.957666 2 u
28.5654 1.05459 2 u
28.5656 1.15152 2 u
28.5658 1.24845 2 u
28.5659 1.34538 2 u
28.5661 1.44231 2 u
28.5663 1.53924 2 u
28.5664 1.63616 2 u
28.5666 1.73309 2 u
28.5668 1.83002 2 u
28.5669 1.92695 2 u
28.5671 2.02388 2 u
28.5673 2.12081 2 u
28.5675 2.21773 2 u
28.5676 2.31466 2 u
28.5678 2.41159 2 u
28.568 2.50852 2 u
28.5681 2.60545 2 u
28.5683 2.70238 2 u
28.5685 2.79931 2 u
28.5686 2.89623 2 u
28.5688 2.99316 2 u
28.569 3.09009 2 u
28.5691 3.18702 2 u

30.1121 -5.07454 2 u
30.1125 -4.96268 2 u
30.1128 -4.85082 2 u
30.1131 -4.73896 2 u
30.1135 -4.6271 2 u
30.1138 -4.51523 2 u
30.1142 -4.40337 2 u
30.1145 -4.29151 2 u
30.1148 -4.17965 2 u
30.1152 -4.06779 2 u
30.1155 -3.95593 2 u
30.1158 -3.84407 2 u
30.1162 -3.73221 2 u
30.1165 -3.62035 2 u
30.1169 -3.50849 2 u
30.1172 -3.39663 2 u
30.1175 -3.28477 2 u
30.1179 -3.17291 2 u
30.1182 -3.06105 2 u
30.1185 -2.94919 2 u
30.1189 -2.83733 2 u
30.1192 -2.72547 2 u
30.1196 -2.6136 2 u
30.1199 -2.50174 2 u
30.1202 -2.38988 2 u
30.1206 -2.27802 2 u
30.1209 -2.16616 2 u
30.1212 -2.0543 2 u
30.1216 -1.94244 2 u
30.1219 -1.83058 2 u
30.1223 -1.71872 2 u
30.1226 -1.60686 2 u
30.1229 -1.495 2 u
30.1233 -1.38314 2 u
30.1236 -1.27128 2 u
30.1239 -1.15942 2 u
30.1243 -1.04756 2 u
30.1246 -0.935696 2 u
30.125 -0.823835 2 u
30.1253 -0.711974 2 u
30.1256 -0.600114 2 u
30.126 -0.488253 2 u
30.1263 -0.376393 2 u
30.1266 -0.264532 2 u
30.127 -0.152671 2 u
30.1273 -0.0408109 2 u
30.1277 0.0710497 2 u
30.128 0.18291 2 u
30.1283 0.294771 2 u
30.1287 0.406631 2 u
30.129 0.518492 2 u
30.1293 0.630353 2 u
30.1297 0.742213 2 u
30.13 0.854074 2 u
30.1304 0.965934 2 u
30.1307 1.0778 2 u
30.131 1.18966 2 u
30.1314 1.30152 2 u
30.1317 1.41338 2 u
30.132 1.52524 2 u
30.1324 1.6371 2 u
30.1327 1.74896 2 u
30.1331 1.86082 2 u
30.1334 1.97268 2 u
30.1337 2.08454 2 u
30.1341 2.1964 2 u
30.1344 2.30826 2 u
30.1348 2.42012 2 u
30.1351 2.53198 2 u
30.1354 2.64384 2 u
30.1358 2.7557 2 u
30.1361 2.86756 2 u
30.1364 2.97943 2 u
30.1368 3.09129 2 u
30.1371 3.20315 2 u
30.1375 3.31501 2 u
30.1378 3.42687 2 u
30.1381 3.53873 2 u
30.1385 3.65059 2 u
30.1388 3.76245 2 u
30.1391 3.87431 2 u

31.6686 -5.58182 2 u
31.6691 -5.45503 2 u
31.6696 -5.32824 2 u
31.6701 -5.20144 2 u
31.6706 -5.07465 2 u
31.6712 -4.94786 2 u
31.6717 -4.82107 2 u
31.6722 -4.69427 2 u
31.6727 -4.56748 2 u
31.6732 -4.44069 2 u
31.6737 -4.31389 2 u
31.6742 -4.1871 2 u
31.6747 -4.06031 2 u
31.6752 -3.93352 2 u
31.6757 -3.80672 2 u
31.6762 -3.67993 2 u
31.6767 -3.55314 2 u
31.6772 -3.42635 2 u
31.6777 -3.29955 2 u
31.6782 -3.17276 2 u
31.6788 -3.04597 2 u
31.6793 -2.91917 2 u
31.6798 -2.79238 2 u
31.6803 -2.66559 2 u
31.6808 -2.5388 2 u
31.6813 -2.412 2 u
31.6818 -2.28521 2 u
31.6823 -2.15842 2 u
31.6828 -2.03162 2 u
31.6833 -1.90483 2 u
31.6838 -1.77804 2 u
31.6843 -1.65125 2 u
31.6848 -1.52445 2 u
31.6853 -1.39766 2 u
31.6858 -1.27087 2 u
31.6863 -1.14407 2 u
31.6869 -1.01728 2 u
31.6874 -0.890489 2 u
31.6879 -0.763696 2 u
31.6884 -0.636904 2 u
31.6889 -0.510111 2 u
31.6894 -0.383318 2 u
31.6899 -0.256525 2 u
31.6904 -0.129732 2 u
31.6909 -0.00293964 2 u
31.6914 0.123853 2 u
31.6919 0.250646 2 u
31.6924 0.377439 2 u
31.6929 0.504232 2 u
31.6934 0.631024 2 u
31.6939 0.757817 2 u
31.6944 0.88461 2 u
31.695 1.0114 2 u
31.6955 1.1382 2 u
31.696 1.26499 2 u
31.6965 1.39178 2 u
31.697 1.51857 2 u
31.6975 1.64537 2 u
31.698 1.77216 2 u
31.6985 1.89895 2 u
31.699 2.02575 2 u
31.6995 2.15254 2 u
31.7 2.27933 2 u
31.7005 2.40612 2 u
31.701 2.53292 2 u
31.7015 2.65971 2 u
31.702 2.7865 2 u
31.7026 2.91329 2 u
31.7031 3.04009 2 u
31.7036 3.16688 2 u
31.7041 3.29367 2 u
31.7046 3.42047 2 u
31.7051 3.54726 2 u
31.7056 3.67405 2 u
31.7061 3.80084 2 u
31.7066 3.92764 2 u
31.7071 4.05443 2 u
31.7076 4.18122 2 u
31.7081 4.30802 2 u
31.7086 4.43481 2 u
31.7091 4.5616 2 u

33.2251 -6.08911 2 u
33.2258 -5.94738 2 u
33.2265 -5.80566 2 u
33.2271 -5.66393 2 u
33.2278 -5.52221 2 u
33.2285 -5.38048 2 u
33.2292 -5.23876 2 u
33.2298 -5.09703 2 u
33.2305 -4.95531 2 u
33.2312 -4.81358 2 u
33.2319 -4.67186 2 u
33.2325 -4.53013 2 u
33.2332 -4.38841 2 u
33.2339 -4.24668 2 u
33.2346 -4.10496 2 u
33.2352 -3.96323 2 u
33.2359 -3.82151 2 u
33.2366 -3.67978 2 u
33.2373 -3.53806 2 u
33.2379 -3.39633 2 u
33.2386 -3.25461 2 u
33.2393 -3.11288 2 u
33.24 -2.97116 2 u
33.2406 -2.82943 2 u
33.2413 -2.68771 2 u
33.242 -2.54598 2 u
33.2427 -2.40426 2 u
33.2433 -2.26253 2 u
33.244 -2.12081 2 u
33.2447 -1.97908 2 u
33.2454 -1.83736 2 u
33.246 -1.69563 2 u
33.2467 -1.55391 2 u
33.2474 -1.41218 2 u
33.2481 -1.27046 2 u
33.2487 -1.12873 2 u
33.2494 -0.987007 2 u
33.2501 -0.845282 2 u
33.2508 -0.703557 2 u
33.2514 -0.561832 2 u
33.2521 -0.420107 2 u
33.2528 -0.278382 2 u
33.2535 -0.136657 2 u
33.2541 0.00506829 2 u
33.2548 0.146793 2 u
33.2555 0.288518 2 u
33.2562 0.430243 2 u
33.2568 0.571968 2 u
33.2575 0.713693 2 u
33.2582 0.855418 2 u
33.2589 0.997142 2 u
33.2596 1.13887 2 u
33.2602 1.28059 2 u
33.2609 1.42232 2 u
33.2616 1.56404 2 u
33.2623 1.70577 2 u
33.2629 1.84749 2 u
33.2636 1.98922 2 u
33.2643 2.13094 2 u
33.265 2.27267 2 u
33.2656 2.41439 2 u
33.2663 2.55612 2 u
33.267 2.69784 2 u
33.2677 2.83957 2 u
33.2683 2.98129 2 u
33.269 3.12302 2 u
33.2697 3.26474 2 u
33.2704 3.40647 2 u
33.271 3.54819 2 u
33.2717 3.68992 2 u
33.2724 3.83164 2 u
33.2731 3.97337 2 u
33.2737 4.11509 2 u
33.2744 4.25682 2 u
33.2751 4.39854 2 u
33.2758 4.54027 2 u
33.2764 4.68199 2 u
33.2771 4.82372 2 u
33.2778 4.96544 2 u
33.2785 5.10717 2 u
33.2791 5.24889 2 u

26.9991 -4.05997 2 v
27.077 -4.08533 2 v
27.1548 -4.1107 2 v
27.2326 -4.13606 2 v
27.3104 -4.16142 2 v
27.3883 -4.18679 2 v
27.4661 -4.21215 2 v
27.5439 -4.23752 2 v
27.6217 -4.26288 2 v
27.6996 -4.28825 2 v
27.7774 -4.31361 2 v
27.8552 -4.33897 2 v
27.933 -4.36434 2 v
28.0109 -4.3897 2 v
28.0887 -4.41507 2 v
28.1665 -4.44043 2 v
28.2443 -4.4658 2 v
28.3222 -4.49116 2 v
28.4 -4.51652 2 v
28.4778 -4.54189 2 v
28.5556 -4.56725 2 v
28.6335 -4.59262 2 v
28.7113 -4.61798 2 v
28.7891 -4.64335 2 v
28.8669 -4.66871 2 v
28.9448 -4.69407 2 v
29.0226 -4.71944 2 v
29.1004 -4.7448 2 v
29.1782 -4.77017 2 v
29.2561 -4.79553 2 v
29.3339 -4.8209 2 v
29.4117 -4.84626 2 v
29.4895 -4.87162 2 v
29.5674 -4.89699 2 v
29.6452 -4.92235 2 v
29.723 -4.94772 2 v
29.8008 -4.97308 2 v
29.8787 -4.99844 2 v
29.9565 -5.02381 2 v
30.0343 -5.04917 2 v
30.1121 -5.07454 2 v
30.19 -5.0999 2 v
30.2678 -5.12527 2 v
30.3456 -5.15063 2 v
30.4234 -5.17599 2 v
30.5013 -5.20136 2 v
30.5791 -5.22672 2 v
30.6569 -5.25209 2 v
30.7347 -5.27745 2 v
30.8126 -5.30282 2 v
30.8904 -5.32818 2 v
30.9682 -5.35354 2 v
31.046 -5.37891 2 v
31.1239 -5.40427 2 v
31.2017 -5.42964 2 v
31.2795 -5.455 2 v
31.3573 -5.48037 2 v
31.4351 -5.50573 2 v
31.513 -5.53109 2 v
31.5908 -5.55646 2 v
31.6686 -5.58182 2 v
31.7464 -5.60719 2 v
31.8243 -5.63255 2 v
31.9021 -5.65792 2 v
31.9799 -5.68328 2 v
32.0577 -5.70864 2 v
32.1356 -5.73401 2 v
32.2134 -5.75937 2 v
32.2912 -5.78474 2 v
32.369 -5.8101 2 v
32.4469 -5.83547 2 v
32.5247 -5.86083 2 v
32.6025 -5.88619 2 v
32.6803 -5.91156 2 v
32.7582 -5.93692 2 v
32.836 -5.96229 2 v
32.9138 -5.98765 2 v
32.9916 -6.01301 2 v
33.0695 -6.03838 2 v
33.1473 -6.06374 2 v
33.2251 -6.08911 2 v

26.9991 -2.42004 2 v
27.0771 -2.43048 2 v
27.1551 -2.44091 2 v
27.2331 -2.45134 2 v
27.3111 -2.46177 2 v
27.3891 -2.4722 2 v
27.4671 -2.48264 2 v
27.5451 -2.49307 2 v
27.6231 -2.5035 2 v
27.7011 -2.51393 2 v
27.7791 -2.52436 2 v
27.8571 -2.5348 2 v
27.9351 -2.54523 2 v
28.0131 -2.55566 2 v
28.0911 -2.56609 2 v
28.169 -2.57652 2 v
28.247 -2.58696 2 v
28.325 -2.59739 2 v
28.403 -2.60782 2 v
28.481 -2.61825 2 v
28.559 -2.62868 2 v
28.637 -2.63912 2 v
28.715 -2.64955 2 v
28.793 -2.65998 2 v
28.871 -2.67041 2 v
28.949 -2.68084 2 v
29.027 -2.69128 2 v
29.105 -2.70171 2 v
29.183 -2.71214 2 v
29.261 -2.72257 2 v
29.3389 -2.73301 2 v
29.4169 -2.74344 2 v
29.4949 -2.75387 2 v
29.5729 -2.7643 2 v
29.6509 -2.77473 2 v
29.7289 -2.78517 2 v
29.8069 -2.7956 2 v
29.8849 -2.80603 2 v
29.9629 -2.81646 2 v
30.0409 -2.82689 2 v
30.1189 -2.83733 2 v
30.1969 -2.84776 2 v
30.2749 -2.85819 2 v
30.3529 -2.86862 2 v
30.4309 -2.87905 2 v
30.5089 -2.88949 2 v
30.5868 -2.89992 2 v
30.6648 -2.91035 2 v
30.7428 -2.92078 2 v
30.8208 -2.93121 2 v
30.8988 -2.94165 2 v
30.9768 -2.95208 2 v
31.0548 -2.96251 2 v
31.1328 -2.97294 2 v
31.2108 -2.98337 2 v
31.2888 -2.99381 2 v
31.3668 -3.00424 2 v
31.4448 -3.01467 2 v
31.5228 -3.0251 2 v
31.6008 -3.03553 2 v
31.6788 -3.04597 2 v
31.7567 -3.0564 2 v
31.8347 -3.06683 2 v
31.9127 -3.07726 2 v
31.9907 -3.08769 2 v
32.0687 -3.09813 2 v
32.1467 -3.10856 2 v
32.2247 -3.11899 2 v
32.3027 -3.12942 2 v
32.3807 -3.13986 2 v
32.4587 -3.15029 2 v
32.5367 -3.16072 2 v
32.6147 -3.17115 2 v
32.6927 -3.18158 2 v
32.7707 -3.19202 2 v
32.8487 -3.20245 2 v
32.9266 -3.21288 2 v
33.0046 -3.22331 2 v
33.0826 -3.23374 2 v
33.1606 -3.24418 2 v
33.2386 -3.25461 2 v

26.9991 -0.78012 2 v
27.0773 -0.77562 2 v
27.1555 -0.77112 2 v
27.2336 -0.766619 2 v
27.3118 -0.762119 2 v
27.39 -0.757619 2 v
27.4681 -0.753119 2 v
27.5463 -0.748619 2 v
27.6244 -0.744119 2 v
27.7026 -0.739619 2 v
27.7808 -0.735118 2 v
27.8589 -0.730618 2 v
27.9371 -0.726118 2 v
28.0153 -0.721618 2 v
28.0934 -0.717118 2 v
28.1716 -0.712618 2 v
28.2497 -0.708117 2 v
28.3279 -0.703617 2 v
28.4061 -0.699117 2 v
28.4842 -0.694617 2 v
28.5624 -0.690117 2 v
28.6406 -0.685617 2 v
28.7187 -0.681117 2 v
28.7969 -0.676616 2 v
28.875 -0.672116 2 v
28.9532 -0.667616 2 v
29.0314 -0.663116 2 v
29.1095 -0.658616 2 v
29.1877 -0.654116 2 v
29.2659 -0.649616 2 v
29.344 -0.645115 2 v
29.4222 -0.640615 2 v
29.5003 -0.636115 2 v
29.5785 -0.631615 2 v
29.6567 -0.627115 2 v
29.7348 -0.622615 2 v
29.813 -0.618114 2 v
29.8911 -0.613614 2 v
29.9693 -0.609114 2 v
30.0475 -0.604614 2 v
30.1256 -0.600114 2 v
30.2038 -0.595614 2 v
30.282 -0.591114 2 v
30.3601 -0.586613 2 v
30.4383 -0.582113 2 v
30.5164 -0.577613 2 v
30.5946 -0.573113 2 v
30.6728 -0.568613 2 v
30.7509 -0.564113 2 v
30.8291 -0.559612 2 v
30.9073 -0.555112 2 v
30.9854 -0.550612 2 v
31.0636 -0.546112 2 v
31.1417 -0.541612 2 v
31.2199 -0.537112 2 v
31.2981 -0.532612 2 v
31.3762 -0.528111 2 v
31.4544 -0.523611 2 v
31.5326 -0.519111 2 v
31.6107 -0.514611 2 v
31.6889 -0.510111 2 v
31.767 -0.505611 2 v
31.8452 -0.501111 2 v
31.9234 -0.49661 2 v
32.0015 -0.49211 2 v
32.0797 -0.48761 2 v
32.1579 -0.48311 2 v
32.236 -0.47861 2 v
32.3142 -0.47411 2 v
32.3923 -0.46961 2 v
32.4705 -0.465109 2 v
32.5487 -0.460609 2 v
32.6268 -0.456109 2 v
32.705 -0.451609 2 v
32.7831 -0.447108 2 v
32.8613 -0.442608 2 v
32.9395 -0.438108 2 v
33.0176 -0.433608 2 v
33.0958 -0.429107 2 v
33.174 -0.424607 2 v
33.2521 -0.420107 2 v

26.9991 0.859804 2 v
27.0775 0.879236 2 v
27.1558 0.898669 2 v
27.2341 0.918101 2 v
27.3125 0.937533 2 v
27.3908 0.956966 2 v
27.4691 0.976398 2 v
27.5475 0.99583 2 v
27.6258 1.01526 2 v
27.7041 1.0347 2 v
27.7825 1.05413 2 v
27.8608 1.07356 2 v
27.9391 1.09299 2 v
28.0174 1.11242 2 v
28.0958 1.13186 2 v
28.1741 1.15129 2 v
28.2524 1.17072 2 v
28.3308 1.19015 2 v
28.4091 1.20959 2 v
28.4874 1.22902 2 v
28.5658 1.24845 2 v
28.6441 1.26788 2 v
28.7224 1.28732 2 v
28.8008 1.30675 2 v
28.8791 1.32618 2 v
28.9574 1.34561 2 v
29.0358 1.36505 2 v
29.1141 1.38448 2 v
29.1924 1.40391 2 v
29.2707 1.42334 2 v
29.3491 1.44277 2 v
29.4274 1.46221 2 v
29.5057 1.48164 2 v
29.5841 1.50107 2 v
29.6624 1.5205 2 v
29.7407 1.53994 2 v
29.8191 1.55937 2 v
29.8974 1.5788 2 v
29.9757 1.59823 2 v
30.0541 1.61767 2 v
30.1324 1.6371 2 v
30.2107 1.65653 2 v
30.289 1.67596 2 v
30.3674 1.6954 2 v
30.4457 1.71483 2 v
30.524 1.73426 2 v
30.6024 1.75369 2 v
30.6807 1.77312 2 v
30.759 1.79256 2 v
30.8374 1.81199 2 v
30.9157 1.83142 2 v
30.994 1.85085 2 v
31.0724 1.87029 2 v
31.1507 1.88972 2 v
31.229 1.90915 2 v
31.3074 1.92858 2 v
31.3857 1.94802 2 v
31.464 1.96745 2 v
31.5423 1.98688 2 v
31.6207 2.00631 2 v
31.699 2.02575 2 v
31.7773 2.04518 2 v
31.8557 2.06461 2 v
31.934 2.08404 2 v
32.0123 2.10347 2 v
32.0907 2.12291 2 v
32.169 2.14234 2 v
32.2473 2.16177 2 v
32.3257 2.1812 2 v
32.404 2.20064 2 v
32.4823 2.22007 2 v
32.5606 2.2395 2 v
32.639 2.25893 2 v
32.7173 2.27837 2 v
32.7956 2.2978 2 v
32.874 2.31723 2 v
32.9523 2.33666 2 v
33.0306 2.35609 2 v
33.109 2.37553 2 v
33.1873 2.39496 2 v
33.2656 2.41439 2 v

26.9991 2.49973 2 v
27.0776 2.53409 2 v
27.1561 2.56846 2 v
27.2346 2.60282 2 v
27.3131 2.63719 2 v
27.3916 2.67155 2 v
27.4701 2.70591 2 v
27.5486 2.74028 2 v
27.6271 2.77464 2 v
27.7056 2.80901 2 v
27.7841 2.84337 2 v
27.8626 2.87774 2 v
27.9411 2.9121 2 v
28.0196 2.94647 2 v
28.0981 2.98083 2 v
28.1766 3.0152 2 v
28.2551 3.04956 2 v
28.3336 3.08393 2 v
28.4121 3.11829 2 v
28.4906 3.15265 2 v
28.5691 3.18702 2 v
28.6476 3.22138 2 v
28.7261 3.25575 2 v
28.8046 3.29011 2 v
28.8831 3.32448 2 v
28.9616 3.35884 2 v
29.0401 3.39321 2 v
29.1186 3.42757 2 v
29.1971 3.46194 2 v
29.2756 3.4963 2 v
29.3541 3.53066 2 v
29.4326 3.56503 2 v
29.5111 3.59939 2 v
29.5896 3.63376 2 v
29.6681 3.66812 2 v
29.7466 3.70249 2 v
29.8251 3.73685 2 v
29.9036 3.77122 2 v
29.9821 3.80558 2 v
30.0606 3.83995 2 v
30.1391 3.87431 2 v
30.2176 3.90867 2 v
30.2961 3.94304 2 v
30.3746 3.9774 2 v
30.4531 4.01177 2 v
30.5316 4.04613 2 v
30.6101 4.0805 2 v
30.6886 4.11486 2 v
30.7671 4.14923 2 v
30.8456 4.18359 2 v
30.9241 4.21796 2 v
31.0026 4.25232 2 v
31.0811 4.28668 2 v
31.1596 4.32105 2 v
31.2381 4.35541 2 v
31.3166 4.38978 2 v
31.3951 4.42414 2 v
31.4736 4.45851 2 v
31.5521 4.49287 2 v
31.6306 4.52724 2 v
31.7091 4.5616 2 v
31.7876 4.59597 2 v
31.8661 4.63033 2 v
31.9446 4.66469 2 v
32.0231 4.69906 2 v
32.1016 4.73342 2 v
32.1801 4.76779 2 v
32.2586 4.80215 2 v
32.3371 4.83652 2 v
32.4156 4.87088 2 v
32.4941 4.90525 2 v
32.5726 4.93961 2 v
32.6511 4.97398 2 v
32.7296 5.00834 2 v
32.8081 5.0427 2 v
32.8866 5.07707 2 v
32.9651 5.11143 2 v
33.0436 5.1458 2 v
33.1221 5.18016 2 v
33.2006 5.21453 2 v
33.2791 5.24889 2 v

33.2791 5.24889 3 u
33.2369 5.29937 3 u
33.1953 5.35042 3 u
33.1544 5.40203 3 u
33.1142 5.45419 3 u
33.0748 5.50689 3 u
33.036 5.56013 3 u
32.998 5.61388 3 u
32.9607 5.66814 3 u
32.9241 5.72291 3 u
32.8883 5.77816 3 u
32.8532 5.83389 3 u
32.8189 5.89009 3 u
32.7853 5.94675 3 u
32.7525 6.00386 3 u
32.7205 6.06141 3 u
32.6892 6.11938 3 u
32.6588 6.17777 3 u
32.6291 6.23657 3 u
32.6002 6.29576 3 u
32.5722 6.35534 3 u
32.5449 6.41529 3 u
32.5185 6.47561 3 u
32.4928 6.53628 3 u
32.468 6.5973 3 u
32.4441 6.65864 3 u
32.4209 6.7203 3 u
32.3986 6.78227 3 u
32.3771 6.84453 3 u
32.3565 6.90708 3 u
32.3367 6.9699 3 u
32.3178 7.03298 3 u
32.2997 7.09631 3 u
32.2824 7.15987 3 u
32.2661 7.22366 3 u
32.2505 7.28767 3 u
32.2359 7.35188 3 u
32.2221 7.41628 3 u
32.2092 7.48086 3 u
32.1972 7.54561 3 u
32.186 7.61051 3 u
32.1758 7.67556 3 u
32.1664 7.74074 3 u
32.1579 7.80605 3 u
32.1503 7.87146 3 u
32.1435 7.93697 3 u
32.1377 8.00257 3 u
32.1327 8.06824 3 u
32.1286 8.13397 3 u
32.1255 8.19975 3 u
32.1231 8.26557 3 u
32.1217 8.33141 3 u
32.1212 8.39727 3 u
32.1216 8.46312 3 u
32.1228 8.52897 3 u
32.1249 8.5948 3 u
32.128 8.66059 3 u
32.1319 8.72633 3 u
32.1367 8.79202 3 u
32.1423 8.85763 3 u
32.1489 8.92316 3 u
32.1564 8.9886 3 u
32.1647 9.05394 3 u
32.174 9.11915 3 u
32.1841 9.18423 3 u
32.1951 9.24917 3 u
32.2069 9.31396 3 u
32.2197 9.37858 3 u
32.2333 9.44302 3 u
32.2478 9.50727 3 u
32.2631 9.57132 3 u
32.2793 9.63516 3 u
32.2964 9.69876 3 u
32.3143 9.76213 3 u
32.3331 9.82525 3 u
32.3527 9.8881 3 u
32.3731 9.95068 3 u
32.3944 10.013 3 u
32.4166 10.075 3 u
32.4396 10.1366 3 u
32.4634 10.198 3 u

31.7093 4.56159 3 u
31.6773 4.62887 3 u
31.6458 4.69656 3 u
31.615 4.76467 3 u
31.5847 4.83317 3 u
31.5551 4.90208 3 u
31.526 4.97137 3 u
31.4976 5.04105 3 u
31.4697 5.1111 3 u
31.4424 5.18152 3 u
31.4157 5.25231 3 u
31.3896 5.32346 3 u
31.364 5.39495 3 u
31.339 5.46679 3 u
31.3146 5.53897 3 u
31.2908 5.61148 3 u
31.2675 5.68431 3 u
31.2448 5.75747 3 u
31.2227 5.83093 3 u
31.2011 5.9047 3 u
31.1801 5.97877 3 u
31.1597 6.05313 3 u
31.1397 6.12777 3 u
31.1204 6.20269 3 u
31.1015 6.27785 3 u
31.0831 6.35327 3 u
31.0652 6.42891 3 u
31.0478 6.50478 3 u
31.0308 6.58086 3 u
31.0143 6.65714 3 u
30.9982 6.7336 3 u
30.9825 6.81024 3 u
30.9672 6.88705 3 u
30.9522 6.964 3 u
30.9377 7.04109 3 u
30.9235 7.11831 3 u
30.9096 7.19565 3 u
30.8961 7.27309 3 u
30.8828 7.35062 3 u
30.8699 7.42823 3 u
30.8572 7.50591 3 u
30.8448 7.58365 3 u
30.8326 7.66143 3 u
30.8208 7.73925 3 u
30.8092 7.81708 3 u
30.7979 7.89491 3 u
30.7869 7.97274 3 u
30.7762 8.05054 3 u
30.7658 8.12831 3 u
30.7557 8.20603 3 u
30.7459 8.28369 3 u
30.7364 8.36128 3 u
30.7273 8.43877 3 u
30.7185 8.51617 3 u
30.7101 8.59345 3 u
30.702 8.67061 3 u
30.6942 8.74762 3 u
30.6869 8.82448 3 u
30.6798 8.90117 3 u
30.6732 8.97769 3 u
30.6669 9.05401 3 u
30.661 9.13012 3 u
30.6555 9.20602 3 u
30.6504 9.28169 3 u
30.6457 9.35711 3 u
30.6413 9.43228 3 u
30.6372 9.50718 3 u
30.6335 9.5818 3 u
30.6302 9.65613 3 u
30.6272 9.73015 3 u
30.6246 9.80386 3 u
30.6223 9.87724 3 u
30.6203 9.95028 3 u
30.6187 10.023 3 u
30.6173 10.0953 3 u
30.6163 10.1672 3 u
30.6156 10.2388 3 u
30.6152 10.3099 3 u
30.6151 10.3807 3 u
30.6153 10.451 3 u
30.6158 10.5208 3 u

30.1395 3.87429 3 u
30.1177 3.95837 3 u
30.0964 4.04271 3 u
30.0756 4.12731 3 u
30.0552 4.21216 3 u
30.0354 4.29726 3 u
30.016 4.38262 3 u
29.9971 4.46821 3 u
29.9787 4.55406 3 u
29.9607 4.64014 3 u
29.9431 4.72646 3 u
29.9259 4.81302 3 u
29.9091 4.89981 3 u
29.8927 4.98683 3 u
29.8767 5.07408 3 u
29.8611 5.16155 3 u
29.8458 5.24925 3 u
29.8309 5.33717 3 u
29.8163 5.4253 3 u
29.802 5.51365 3 u
29.7881 5.60221 3 u
29.7744 5.69097 3 u
29.761 5.77994 3 u
29.7479 5.86909 3 u
29.7349 5.95841 3 u
29.7221 6.04789 3 u
29.7095 6.13753 3 u
29.697 6.2273 3 u
29.6845 6.31719 3 u
29.6721 6.4072 3 u
29.6596 6.49731 3 u
29.6472 6.58751 3 u
29.6347 6.67778 3 u
29.622 6.76812 3 u
29.6093 6.85852 3 u
29.5964 6.94895 3 u
29.5833 7.03941 3 u
29.57 7.12989 3 u
29.5564 7.22038 3 u
29.5425 7.31086 3 u
29.5283 7.40132 3 u
29.5138 7.49174 3 u
29.4989 7.58212 3 u
29.4836 7.67245 3 u
29.4681 7.76269 3 u
29.4522 7.85285 3 u
29.4361 7.94291 3 u
29.4196 8.03285 3 u
29.4029 8.12265 3 u
29.3859 8.21232 3 u
29.3686 8.30182 3 u
29.3511 8.39114 3 u
29.3334 8.48028 3 u
29.3155 8.56921 3 u
29.2974 8.65793 3 u
29.279 8.74641 3 u
29.2605 8.83465 3 u
29.2419 8.92263 3 u
29.223 9.01033 3 u
29.204 9.09775 3 u
29.1849 9.18485 3 u
29.1657 9.27165 3 u
29.1464 9.35811 3 u
29.1269 9.44422 3 u
29.1072 9.52999 3 u
29.0875 9.61538 3 u
29.0675 9.70039 3 u
29.0474 9.78502 3 u
29.0272 9.86923 3 u
29.0067 9.95303 3 u
28.9861 10.0364 3 u
28.9653 10.1193 3 u
28.9443 10.2018 3 u
28.923 10.2838 3 u
28.9016 10.3653 3 u
28.88 10.4463 3 u
28.8581 10.5269 3 u
28.836 10.6069 3 u
28.8136 10.6863 3 u
28.7911 10.7653 3 u
28.7682 10.8437 3 u

28.5697 3.18699 3 u
28.5581 3.28787 3 u
28.5469 3.38886 3 u
28.5361 3.48995 3 u
28.5257 3.59115 3 u
28.5157 3.69245 3 u
28.5061 3.79386 3 u
28.4967 3.89538 3 u
28.4877 3.99701 3 u
28.4789 4.09875 3 u
28.4705 4.20061 3 u
28.4622 4.30258 3 u
28.4542 4.40467 3 u
28.4465 4.50687 3 u
28.4388 4.60919 3 u
28.4314 4.71163 3 u
28.4241 4.81418 3 u
28.417 4.91686 3 u
28.4099 5.01967 3 u
28.4029 5.12259 3 u
28.396 5.22564 3 u
28.3892 5.32881 3 u
28.3823 5.4321 3 u
28.3754 5.53549 3 u
28.3684 5.63897 3 u
28.3612 5.74252 3 u
28.3538 5.84614 3 u
28.3461 5.94981 3 u
28.3382 6.05352 3 u
28.3298 6.15726 3 u
28.3211 6.26102 3 u
28.3119 6.36477 3 u
28.3022 6.46852 3 u
28.2918 6.57225 3 u
28.2809 6.67594 3 u
28.2693 6.77959 3 u
28.257 6.88318 3 u
28.2439 6.9867 3 u
28.23 7.09014 3 u
28.2152 7.19348 3 u
28.1995 7.29672 3 u
28.1828 7.39983 3 u
28.1651 7.50281 3 u
28.1465 7.60564 3 u
28.127 7.70831 3 u
28.1066 7.81079 3 u
28.0852 7.91308 3 u
28.063 8.01515 3 u
28.04 8.117 3 u
28.0161 8.2186 3 u
27.9914 8.31994 3 u
27.9658 8.42101 3 u
27.9395 8.52179 3 u
27.9125 8.62226 3 u
27.8846 8.72241 3 u
27.8561 8.82222 3 u
27.8268 8.92169 3 u
27.7968 9.02078 3 u
27.7662 9.11949 3 u
27.7349 9.2178 3 u
27.703 9.3157 3 u
27.6704 9.41317 3 u
27.6372 9.51019 3 u
27.6033 9.60676 3 u
27.5688 9.70286 3 u
27.5336 9.79848 3 u
27.4978 9.89361 3 u
27.4613 9.98823 3 u
27.4241 10.0823 3 u
27.3862 10.1759 3 u
27.3476 10.2689 3 u
27.3082 10.3614 3 u
27.2682 10.4533 3 u
27.2274 10.5446 3 u
27.1859 10.6353 3 u
27.1436 10.7255 3 u
27.1006 10.815 3 u
27.0568 10.9038 3 u
27.0122 10.992 3 u
26.9668 11.0796 3 u
26.9206 11.1665 3 u

26.9999 2.49969 3 u
26.9985 2.61738 3 u
26.9974 2.73501 3 u
26.9967 2.85259 3 u
26.9962 2.97013 3 u
26.996 3.08763 3 u
26.9961 3.2051 3 u
26.9963 3.32255 3 u
26.9967 3.43997 3 u
26.9972 3.55737 3 u
26.9979 3.67476 3 u
26.9986 3.79214 3 u
26.9994 3.90952 3 u
27.0002 4.02691 3 u
27.001 4.1443 3 u
27.0017 4.2617 3 u
27.0024 4.37912 3 u
27.003 4.49656 3 u
27.0035 4.61403 3 u
27.0038 4.73153 3 u
27.004 4.84907 3 u
27.0039 4.96665 3 u
27.0036 5.08426 3 u
27.0029 5.20189 3 u
27.0018 5.31952 3 u
27.0002 5.43715 3 u
26.9981 5.55475 3 u
26.9953 5.67232 3 u
26.9919 5.78985 3 u
26.9876 5.90732 3 u
26.9826 6.02472 3 u
26.9766 6.14204 3 u
26.9696 6.25926 3 u
26.9617 6.37638 3 u
26.9526 6.49337 3 u
26.9423 6.61023 3 u
26.9307 6.72695 3 u
26.9179 6.84351 3 u
26.9036 6.9599 3 u
26.8879 7.07611 3 u
26.8706 7.19212 3 u
26.8518 7.30792 3 u
26.8314 7.4235 3 u
26.8094 7.53884 3 u
26.7859 7.65393 3 u
26.7609 7.76873 3 u
26.7344 7.88325 3 u
26.7065 7.99746 3 u
26.6771 8.11134 3 u
26.6463 8.22488 3 u
26.6141 8.33807 3 u
26.5805 8.45088 3 u
26.5456 8.56329 3 u
26.5094 8.6753 3 u
26.4719 8.78689 3 u
26.4331 8.89803 3 u
26.3931 9.00872 3 u
26.3518 9.11893 3 u
26.3094 9.22865 3 u
26.2658 9.33786 3 u
26.221 9.44654 3 u
26.175 9.55469 3 u
26.128 9.66228 3 u
26.0798 9.7693 3 u
26.0304 9.87574 3 u
25.9798 9.98159 3 u
25.9281 10.0868 3 u
25.8752 10.1914 3 u
25.821 10.2954 3 u
25.7657 10.3988 3 u
25.7091 10.5015 3 u
25.6512 10.6035 3 u
25.5921 10.7048 3 u
25.5318 10.8055 3 u
25.4702 10.9054 3 u
25.4073 11.0046 3 u
25.343 11.1031 3 u
25.2775 11.2008 3 u
25.2107 11.2977 3 u
25.1425 11.3939 3 u
25.073 11.4893 3 u

33.2791 5.24889 3 v
33.2006 5.21452 3 v
33.1222 5.18016 3 v
33.0437 5.14579 3 v
32.9652 5.11143 3 v
32.8867 5.07706 3 v
32.8082 5.0427 3 v
32.7297 5.00833 3 v
32.6512 4.97397 3 v
32.5727 4.9396 3 v
32.4942 4.90524 3 v
32.4157 4.87087 3 v
32.3372 4.83651 3 v
32.2588 4.80214 3 v
32.1803 4.76778 3 v
32.1018 4.73341 3 v
32.0233 4.69905 3 v
31.9448 4.66468 3 v
31.8663 4.63032 3 v
31.7878 4.59595 3 v
31.7093 4.56159 3 v
31.6308 4.52722 3 v
31.5523 4.49286 3 v
31.4738 4.45849 3 v
31.3954 4.42413 3 v
31.3169 4.38976 3 v
31.2384 4.3554 3 v
31.1599 4.32104 3 v
31.0814 4.28667 3 v
31.0029 4.25231 3 v
30.9244 4.21794 3 v
30.8459 4.18358 3 v
30.7674 4.14921 3 v
30.6889 4.11485 3 v
30.6104 4.08048 3 v
30.532 4.04612 3 v
30.4535 4.01175 3 v
30.375 3.97739 3 v
30.2965 3.94302 3 v
30.218 3.90866 3 v
30.1395 3.87429 3 v
30.061 3.83993 3 v
29.9825 3.80556 3 v
29.904 3.7712 3 v
29.8255 3.73683 3 v
29.747 3.70247 3 v
29.6686 3.6681 3 v
29.5901 3.63374 3 v
29.5116 3.59937 3 v
29.4331 3.56501 3 v
29.3546 3.53064 3 v
29.2761 3.49628 3 v
29.1976 3.46191 3 v
29.1191 3.42755 3 v
29.0406 3.39318 3 v
28.9621 3.35882 3 v
28.8836 3.32445 3 v
28.8052 3.29009 3 v
28.7267 3.25572 3 v
28.6482 3.22136 3 v
28.5697 3.18699 3 v
28.4912 3.15263 3 v
28.4127 3.11826 3 v
28.3342 3.0839 3 v
28.2557 3.04953 3 v
28.1772 3.01517 3 v
28.0987 2.9808 3 v
28.0202 2.94644 3 v
27.9418 2.91207 3 v
27.8633 2.87771 3 v
27.7848 2.84334 3 v
27.7063 2.80898 3 v
27.6278 2.77461 3 v
27.5493 2.74025 3 v
27.4708 2.70588 3 v
27.3923 2.67152 3 v
27.3138 2.63715 3 v
27.2353 2.60279 3 v
27.1568 2.56842 3 v
27.0784 2.53406 3 v
26.9999 2.49969 3 v

32.5722 6.35534 3 v
32.5025 6.33651 3 v
32.4329 6.31768 3 v
32.3633 6.29885 3 v
32.2937 6.28002 3 v
32.2241 6.2612 3 v
32.1545 6.24237 3 v
32.0849 6.22354 3 v
32.0153 6.20471 3 v
31.9457 6.18588 3 v
31.8761 6.16705 3 v
31.8065 6.14823 3 v
31.7369 6.1294 3 v
31.6673 6.11057 3 v
31.5977 6.09174 3 v
31.5281 6.07291 3 v
31.4585 6.05409 3 v
31.3889 6.03526 3 v
31.3193 6.01643 3 v
31.2497 5.9976 3 v
31.1801 5.97877 3 v
31.1105 5.95994 3 v
31.0409 5.94112 3 v
30.9713 5.92229 3 v
30.9017 5.90346 3 v
30.8321 5.88463 3 v
30.7625 5.8658 3 v
30.6929 5.84697 3 v
30.6233 5.82815 3 v
30.5537 5.80932 3 v
30.4841 5.79049 3 v
30.4145 5.77166 3 v
30.3449 5.75283 3 v
30.2753 5.734 3 v
30.2057 5.71518 3 v
30.1361 5.69635 3 v
30.0665 5.67752 3 v
29.9969 5.65869 3 v
29.9273 5.63986 3 v
29.8577 5.62103 3 v
29.7881 5.60221 3 v
29.7185 5.58338 3 v
29.6489 5.56455 3 v
29.5793 5.54572 3 v
29.5097 5.52689 3 v
29.4401 5.50806 3 v
29.3705 5.48924 3 v
29.3009 5.47041 3 v
29.2313 5.45158 3 v
29.1617 5.43275 3 v
29.0921 5.41392 3 v
29.0225 5.39509 3 v
28.9529 5.37627 3 v
28.8833 5.35744 3 v
28.8137 5.33861 3 v
28.744 5.31978 3 v
28.6744 5.30095 3 v
28.6048 5.28213 3 v
28.5352 5.2633 3 v
28.4656 5.24447 3 v
28.396 5.22564 3 v
28.3264 5.20681 3 v
28.2568 5.18798 3 v
28.1872 5.16916 3 v
28.1176 5.15033 3 v
28.048 5.1315 3 v
27.9784 5.11267 3 v
27.9088 5.09384 3 v
27.8392 5.07501 3 v
27.7696 5.05619 3 v
27.7 5.03736 3 v
27.6304 5.01853 3 v
27.5608 4.9997 3 v
27.4912 4.98087 3 v
27.4216 4.96204 3 v
27.352 4.94322 3 v
27.2824 4.92439 3 v
27.2128 4.90556 3 v
27.1432 4.88673 3 v
27.0736 4.8679 3 v
27.004 4.84907 3 v

32.186 7.61051 3 v
32.1196 7.60528 3 v
32.0531 7.60005 3 v
31.9867 7.59482 3 v
31.9203 7.58959 3 v
31.8538 7.58436 3 v
31.7874 7.57913 3 v
31.7209 7.5739 3 v
31.6545 7.56867 3 v
31.588 7.56344 3 v
31.5216 7.55821 3 v
31.4552 7.55298 3 v
31.3887 7.54775 3 v
31.3223 7.54252 3 v
31.2558 7.53729 3 v
31.1894 7.53206 3 v
31.1229 7.52683 3 v
31.0565 7.5216 3 v
30.9901 7.51637 3 v
30.9236 7.51114 3 v
30.8572 7.50591 3 v
30.7907 7.50068 3 v
30.7243 7.49545 3 v
30.6579 7.49022 3 v
30.5914 7.48499 3 v
30.525 7.47976 3 v
30.4585 7.47453 3 v
30.3921 7.4693 3 v
30.3256 7.46407 3 v
30.2592 7.45884 3 v
30.1928 7.45361 3 v
30.1263 7.44839 3 v
30.0599 7.44316 3 v
29.9934 7.43793 3 v
29.927 7.4327 3 v
29.8605 7.42747 3 v
29.7941 7.42224 3 v
29.7277 7.41701 3 v
29.6612 7.41178 3 v
29.5948 7.40655 3 v
29.5283 7.40132 3 v
29.4619 7.39609 3 v
29.3954 7.39086 3 v
29.329 7.38563 3 v
29.2626 7.3804 3 v
29.1961 7.37517 3 v
29.1297 7.36994 3 v
29.0632 7.36471 3 v
28.9968 7.35948 3 v
28.9304 7.35425 3 v
28.8639 7.34902 3 v
28.7975 7.34379 3 v
28.731 7.33856 3 v
28.6646 7.33333 3 v
28.5981 7.3281 3 v
28.5317 7.32287 3 v
28.4653 7.31764 3 v
28.3988 7.31241 3 v
28.3324 7.30718 3 v
28.2659 7.30195 3 v
28.1995 7.29672 3 v
28.133 7.29149 3 v
28.0666 7.28626 3 v
28.0002 7.28103 3 v
27.9337 7.2758 3 v
27.8673 7.27057 3 v
27.8008 7.26534 3 v
27.7344 7.26011 3 v
27.6679 7.25488 3 v
27.6015 7.24965 3 v
27.5351 7.24442 3 v
27.4686 7.23919 3 v
27.4022 7.23396 3 v
27.3357 7.22873 3 v
27.2693 7.2235 3 v
27.2029 7.21827 3 v
27.1364 7.21304 3 v
27.07 7.20781 3 v
27.0035 7.20258 3 v
26.9371 7.19735 3 v
26.8706 7.19212 3 v

32.1489 8.92316 3 v
32.0748 8.92971 3 v
32.0007 8.93625 3 v
31.9266 8.94279 3 v
31.8525 8.94933 3 v
31.7784 8.95588 3 v
31.7043 8.96242 3 v
31.6302 8.96896 3 v
31.5561 8.9755 3 v
31.482 8.98204 3 v
31.4079 8.98859 3 v
31.3338 8.99513 3 v
31.2597 9.00167 3 v
31.1856 9.00821 3 v
31.1115 9.01476 3 v
31.0374 9.0213 3 v
30.9633 9.02784 3 v
30.8892 9.03438 3 v
30.8151 9.04092 3 v
30.741 9.04747 3 v
30.6669 9.05401 3 v
30.5928 9.06055 3 v
30.5187 9.06709 3 v
30.4446 9.07364 3 v
30.3705 9.08018 3 v
30.2964 9.08672 3 v
30.2223 9.09326 3 v
30.1482 9.09981 3 v
30.0741 9.10635 3 v
30 9.11289 3 v
29.9259 9.11943 3 v
29.8518 9.12597 3 v
29.7777 9.13252 3 v
29.7036 9.13906 3 v
29.6295 9.1456 3 v
29.5554 9.15214 3 v
29.4813 9.15869 3 v
29.4072 9.16523 3 v
29.3331 9.17177 3 v
29.259 9.17831 3 v
29.1849 9.18485 3 v
29.1108 9.1914 3 v
29.0367 9.19794 3 v
28.9626 9.20448 3 v
28.8885 9.21102 3 v
28.8144 9.21757 3 v
28.7403 9.22411 3 v
28.6662 9.23065 3 v
28.5921 9.23719 3 v
28.518 9.24373 3 v
28.4439 9.25028 3 v
28.3699 9.25682 3 v
28.2958 9.26336 3 v
28.2217 9.2699 3 v
28.1476 9.27645 3 v
28.0735 9.28299 3 v
27.9994 9.28953 3 v
27.9253 9.29607 3 v
27.8512 9.30261 3 v
27.7771 9.30916 3 v
27.703 9.3157 3 v
27.6289 9.32224 3 v
27.5548 9.32878 3 v
27.4807 9.33533 3 v
27.4066 9.34187 3 v
27.3325 9.34841 3 v
27.2584 9.35495 3 v
27.1843 9.36149 3 v
27.1102 9.36804 3 v
27.0361 9.37458 3 v
26.962 9.38112 3 v
26.8879 9.38766 3 v
26.8138 9.39421 3 v
26.7397 9.40075 3 v
26.6656 9.40729 3 v
26.5915 9.41383 3 v
26.5174 9.42037 3 v
26.4433 9.42692 3 v
26.3692 9.43346 3 v
26.2951 9.44 3 v
26.221 9.44654 3 v

32.4634 10.198 3 v
32.371 10.2141 3 v
32.2787 10.2303 3 v
32.1863 10.2464 3 v
32.0939 10.2626 3 v
32.0015 10.2787 3 v
31.9091 10.2948 3 v
31.8168 10.311 3 v
31.7244 10.3271 3 v
31.632 10.3433 3 v
31.5396 10.3594 3 v
31.4473 10.3756 3 v
31.3549 10.3917 3 v
31.2625 10.4078 3 v
31.1701 10.424 3 v
31.0777 10.4401 3 v
30.9854 10.4563 3 v
30.893 10.4724 3 v
30.8006 10.4885 3 v
30.7082 10.5047 3 v
30.6158 10.5208 3 v
30.5235 10.537 3 v
30.4311 10.5531 3 v
30.3387 10.5693 3 v
30.2463 10.5854 3 v
30.1539 10.6015 3 v
30.0616 10.6177 3 v
29.9692 10.6338 3 v
29.8768 10.65 3 v
29.7844 10.6661 3 v
29.692 10.6822 3 v
29.5996 10.6984 3 v
29.5073 10.7145 3 v
29.4149 10.7307 3 v
29.3225 10.7468 3 v
29.2301 10.763 3 v
29.1377 10.7791 3 v
29.0454 10.7952 3 v
28.953 10.8114 3 v
28.8606 10.8275 3 v
28.7682 10.8437 3 v
28.6758 10.8598 3 v
28.5835 10.8759 3 v
28.4911 10.8921 3 v
28.3987 10.9082 3 v
28.3063 10.9244 3 v
28.2139 10.9405 3 v
28.1216 10.9567 3 v
28.0292 10.9728 3 v
27.9368 10.9889 3 v
27.8444 11.0051 3 v
27.752 11.0212 3 v
27.6597 11.0374 3 v
27.5673 11.0535 3 v
27.4749 11.0696 3 v
27.3825 11.0858 3 v
27.2902 11.1019 3 v
27.1978 11.1181 3 v
27.1054 11.1342 3 v
27.013 11.1504 3 v
26.9206 11.1665 3 v
26.8283 11.1826 3 v
26.7359 11.1988 3 v
26.6435 11.2149 3 v
26.5511 11.2311 3 v
26.4587 11.2472 3 v
26.3664 11.2633 3 v
26.274 11.2795 3 v
26.1816 11.2956 3 v
26.0892 11.3118 3 v
25.9968 11.3279 3 v
25.9044 11.3441 3 v
25.8121 11.3602 3 v
25.7197 11.3763 3 v
25.6273 11.3925 3 v
25.5349 11.4086 3 v
25.4425 11.4248 3 v
25.3502 11.4409 3 v
25.2578 11.457 3 v
25.1654 11.4732 3 v
25.073 11.4893 3 v

34.7932 22.9043 4 u
34.6717 22.7616 4 u
34.5502 22.6189 4 u
34.4287 22.4763 4 u
34.3072 22.3336 4 u
34.1857 22.1909 4 u
34.0642 22.0482 4 u
33.9427 21.9055 4 u
33.8212 21.7628 4 u
33.6997 21.6201 4 u
33.5782 21.4774 4 u
33.4567 21.3348 4 u
33.3352 21.1921 4 u
33.2137 21.0494 4 u
33.0922 20.9067 4 u
32.9707 20.764 4 u
32.8492 20.6213 4 u
32.7277 20.4786 4 u
32.6062 20.3359 4 u
32.4847 20.1933 4 u
32.3632 20.0506 4 u
32.2418 19.9079 4 u
32.1203 19.7652 4 u
31.9988 19.6225 4 u
31.8773 19.4798 4 u
31.7558 19.3371 4 u
31.6343 19.1944 4 u
31.5128 19.0518 4 u
31.3913 18.9091 4 u
31.2698 18.7664 4 u
31.1483 18.6237 4 u
31.0268 18.481 4 u
30.9053 18.3383 4 u
30.7838 18.1956 4 u
30.6623 18.0529 4 u
30.5408 17.9103 4 u
30.4193 17.7676 4 u
30.2978 17.6249 4 u
30.1763 17.4822 4 u
30.0548 17.3395 4 u
29.9333 17.1968 4 u
29.8118 17.0541 4 u
29.6903 16.9114 4 u
29.5688 16.7688 4 u
29.4473 16.6261 4 u
29.3258 16.4834 4 u
29.2043 16.3407 4 u
29.0828 16.198 4 u
28.9613 16.0553 4 u
28.8398 15.9126 4 u
28.7183 15.7699 4 u
28.5968 15.6272 4 u
28.4753 15.4846 4 u
28.3538 15.3419 4 u
28.2323 15.1992 4 u
28.1108 15.0565 4 u
27.9893 14.9138 4 u
27.8678 14.7711 4 u
27.7463 14.6284 4 u
27.6248 14.4857 4 u
27.5033 14.3431 4 u
27.3818 14.2004 4 u
27.2603 14.0577 4 u
27.1388 13.915 4 u
27.0173 13.7723 4 u
26.8958 13.6296 4 u
26.7743 13.4869 4 u
26.6528 13.3442 4 u
26.5314 13.2016 4 u
26.4099 13.0589 4 u
26.2884 12.9162 4 u
26.1669 12.7735 4 u
26.0454 12.6308 4 u
25.9239 12.4881 4 u
25.8024 12.3454 4 u
25.6809 12.2027 4 u
25.5594 12.0601 4 u
25.4379 11.9174 4 u
25.3164 11.7747 4 u
25.1949 11.632 4 u
25.0734 11.4893 4 u

34.8735 20.4035 4 u
34.7712 20.2918 4 u
34.669 20.1799 4 u
34.5668 20.0679 4 u
34.4646 19.9558 4 u
34.3626 19.8436 4 u
34.2605 19.7313 4 u
34.1585 19.6189 4 u
34.0566 19.5064 4 u
33.9547 19.3937 4 u
33.8528 19.281 4 u
33.751 19.1681 4 u
33.6493 19.0552 4 u
33.5477 18.9421 4 u
33.446 18.8289 4 u
33.3445 18.7157 4 u
33.243 18.6023 4 u
33.1416 18.4888 4 u
33.0402 18.3752 4 u
32.9389 18.2615 4 u
32.8377 18.1477 4 u
32.7365 18.0338 4 u
32.6355 17.9199 4 u
32.5344 17.8058 4 u
32.4335 17.6916 4 u
32.3326 17.5773 4 u
32.2318 17.4629 4 u
32.1311 17.3485 4 u
32.0305 17.2339 4 u
31.9299 17.1192 4 u
31.8294 17.0045 4 u
31.729 16.8896 4 u
31.6286 16.7747 4 u
31.5284 16.6597 4 u
31.4282 16.5445 4 u
31.3281 16.4293 4 u
31.2281 16.314 4 u
31.1282 16.1986 4 u
31.0283 16.0832 4 u
30.9286 15.9676 4 u
30.8289 15.852 4 u
30.7293 15.7362 4 u
30.6298 15.6204 4 u
30.5304 15.5045 4 u
30.4311 15.3885 4 u
30.3318 15.2725 4 u
30.2327 15.1563 4 u
30.1336 15.0401 4 u
30.0347 14.9238 4 u
29.9358 14.8074 4 u
29.8371 14.6909 4 u
29.7384 14.5744 4 u
29.6398 14.4578 4 u
29.5413 14.3411 4 u
29.4429 14.2243 4 u
29.3446 14.1075 4 u
29.2464 13.9906 4 u
29.1483 13.8736 4 u
29.0503 13.7566 4 u
28.9524 13.6395 4 u
28.8546 13.5223 4 u
28.7569 13.4051 4 u
28.6593 13.2877 4 u
28.5619 13.1704 4 u
28.4645 13.0529 4 u
28.3672 12.9354 4 u
28.27 12.8179 4 u
28.1729 12.7002 4 u
28.076 12.5826 4 u
27.9791 12.4648 4 u
27.8823 12.347 4 u
27.7857 12.2292 4 u
27.6892 12.1113 4 u
27.5927 11.9934 4 u
27.4964 11.8754 4 u
27.4002 11.7573 4 u
27.3041 11.6392 4 u
27.2081 11.5211 4 u
27.1123 11.4029 4 u
27.0165 11.2847 4 u
26.9209 11.1665 4 u

34.9537 17.9027 4 u
34.8707 17.8219 4 u
34.7877 17.7409 4 u
34.7049 17.6596 4 u
34.6221 17.5781 4 u
34.5394 17.4964 4 u
34.4568 17.4145 4 u
34.3743 17.3323 4 u
34.2919 17.2499 4 u
34.2096 17.1673 4 u
34.1274 17.0845 4 u
34.0454 17.0015 4 u
33.9634 16.9183 4 u
33.8816 16.8348 4 u
33.7998 16.7512 4 u
33.7182 16.6673 4 u
33.6368 16.5832 4 u
33.5554 16.499 4 u
33.4742 16.4145 4 u
33.3931 16.3298 4 u
33.3122 16.2449 4 u
33.2313 16.1598 4 u
33.1507 16.0745 4 u
33.0701 15.989 4 u
32.9897 15.9034 4 u
32.9095 15.8175 4 u
32.8294 15.7314 4 u
32.7495 15.6452 4 u
32.6697 15.5587 4 u
32.59 15.4721 4 u
32.5105 15.3853 4 u
32.4312 15.2983 4 u
32.352 15.2111 4 u
32.273 15.1237 4 u
32.1941 15.0361 4 u
32.1154 14.9484 4 u
32.0369 14.8605 4 u
31.9585 14.7724 4 u
31.8804 14.6842 4 u
31.8023 14.5957 4 u
31.7245 14.5071 4 u
31.6468 14.4183 4 u
31.5693 14.3294 4 u
31.492 14.2403 4 u
31.4148 14.151 4 u
31.3379 14.0615 4 u
31.2611 13.9719 4 u
31.1845 13.8822 4 u
31.1081 13.7923 4 u
31.0318 13.7022 4 u
30.9558 13.6119 4 u
30.8799 13.5216 4 u
30.8043 13.431 4 u
30.7288 13.3403 4 u
30.6535 13.2495 4 u
30.5784 13.1585 4 u
30.5035 13.0674 4 u
30.4288 12.9762 4 u
30.3543 12.8848 4 u
30.28 12.7932 4 u
30.2059 12.7015 4 u
30.132 12.6097 4 u
30.0584 12.5178 4 u
29.9849 12.4257 4 u
29.9116 12.3335 4 u
29.8385 12.2412 4 u
29.7657 12.1488 4 u
29.693 12.0562 4 u
29.6206 11.9636 4 u
29.5483 11.8708 4 u
29.4763 11.7779 4 u
29.4045 11.6849 4 u
29.333 11.5918 4 u
29.2616 11.4986 4 u
29.1905 11.4053 4 u
29.1196 11.3119 4 u
29.0489 11.2184 4 u
28.9784 11.1249 4 u
28.9082 11.0312 4 u
28.8382 10.9375 4 u
28.7684 10.8437 4 u

35.034 15.4019 4 u
34.9702 15.3521 4 u
34.9065 15.3018 4 u
34.8429 15.2513 4 u
34.7795 15.2004 4 u
34.7162 15.1492 4 u
34.6531 15.0976 4 u
34.5901 15.0457 4 u
34.5272 14.9935 4 u
34.4646 14.9409 4 u
34.402 14.8881 4 u
34.3397 14.8349 4 u
34.2775 14.7814 4 u
34.2155 14.7276 4 u
34.1537 14.6734 4 u
34.092 14.619 4 u
34.0305 14.5642 4 u
33.9693 14.5091 4 u
33.9082 14.4537 4 u
33.8473 14.398 4 u
33.7866 14.3421 4 u
33.7261 14.2858 4 u
33.6659 14.2292 4 u
33.6058 14.1723 4 u
33.546 14.1151 4 u
33.4864 14.0577 4 u
33.427 13.9999 4 u
33.3678 13.9419 4 u
33.3088 13.8836 4 u
33.2501 13.8249 4 u
33.1916 13.7661 4 u
33.1334 13.7069 4 u
33.0754 13.6475 4 u
33.0176 13.5877 4 u
32.9601 13.5278 4 u
32.9028 13.4675 4 u
32.8457 13.407 4 u
32.7889 13.3462 4 u
32.7324 13.2851 4 u
32.6761 13.2238 4 u
32.6201 13.1623 4 u
32.5643 13.1004 4 u
32.5088 13.0384 4 u
32.4536 12.976 4 u
32.3986 12.9135 4 u
32.3439 12.8506 4 u
32.2895 12.7876 4 u
32.2353 12.7243 4 u
32.1815 12.6607 4 u
32.1279 12.597 4 u
32.0745 12.533 4 u
32.0215 12.4687 4 u
31.9688 12.4043 4 u
31.9163 12.3396 4 u
31.8641 12.2747 4 u
31.8122 12.2096 4 u
31.7606 12.1442 4 u
31.7093 12.0787 4 u
31.6583 12.0129 4 u
31.6076 11.947 4 u
31.5572 11.8808 4 u
31.5072 11.8144 4 u
31.4574 11.7479 4 u
31.4079 11.6811 4 u
31.3587 11.6141 4 u
31.3099 11.547 4 u
31.2613 11.4797 4 u
31.2131 11.4122 4 u
31.1652 11.3446 4 u
31.1176 11.2767 4 u
31.0703 11.2088 4 u
31.0234 11.1406 4 u
30.9768 11.0723 4 u
30.9305 11.0039 4 u
30.8845 10.9353 4 u
30.8389 10.8665 4 u
30.7936 10.7976 4 u
30.7487 10.7286 4 u
30.7041 10.6595 4 u
30.6598 10.5902 4 u
30.6159 10.5208 4 u

35.1143 12.9011 4 u
35.0697 12.8822 4 u
35.0252 12.8628 4 u
34.981 12.843 4 u
34.9369 12.8227 4 u
34.893 12.8019 4 u
34.8494 12.7807 4 u
34.8059 12.7591 4 u
34.7626 12.7371 4 u
34.7195 12.7146 4 u
34.6766 12.6916 4 u
34.634 12.6683 4 u
34.5916 12.6445 4 u
34.5494 12.6203 4 u
34.5075 12.5957 4 u
34.4658 12.5706 4 u
34.4243 12.5451 4 u
34.3831 12.5193 4 u
34.3421 12.493 4 u
34.3015 12.4663 4 u
34.2611 12.4392 4 u
34.2209 12.4117 4 u
34.1811 12.3839 4 u
34.1415 12.3556 4 u
34.1022 12.3269 4 u
34.0632 12.2979 4 u
34.0245 12.2684 4 u
33.9861 12.2386 4 u
33.948 12.2084 4 u
33.9102 12.1778 4 u
33.8728 12.1468 4 u
33.8356 12.1155 4 u
33.7987 12.0838 4 u
33.7622 12.0518 4 u
33.726 12.0194 4 u
33.6901 11.9866 4 u
33.6545 11.9534 4 u
33.6193 11.92 4 u
33.5844 11.8861 4 u
33.5499 11.8519 4 u
33.5157 11.8174 4 u
33.4818 11.7825 4 u
33.4483 11.7473 4 u
33.4152 11.7118 4 u
33.3824 11.6759 4 u
33.3499 11.6397 4 u
33.3179 11.6032 4 u
33.2862 11.5664 4 u
33.2548 11.5292 4 u
33.2239 11.4917 4 u
33.1933 11.454 4 u
33.1631 11.4159 4 u
33.1332 11.3775 4 u
33.1038 11.3388 4 u
33.0747 11.2998 4 u
33.046 11.2606 4 u
33.0177 11.221 4 u
32.9898 11.1812 4 u
32.9623 11.1411 4 u
32.9352 11.1007 4 u
32.9086 11.06 4 u
32.8823 11.0191 4 u
32.8564 10.9779 4 u
32.8309 10.9365 4 u
32.8058 10.8948 4 u
32.7812 10.8528 4 u
32.757 10.8106 4 u
32.7332 10.7682 4 u
32.7098 10.7256 4 u
32.6868 10.6827 4 u
32.6643 10.6396 4 u
32.6422 10.5963 4 u
32.6206 10.5528 4 u
32.5994 10.5091 4 u
32.5786 10.4652 4 u
32.5583 10.4211 4 u
32.5384 10.3768 4 u
32.519 10.3324 4 u
32.5 10.2877 4 u
32.4815 10.243 4 u
32.4634 10.198 4 u

34.7932 22.9043 4 v
34.7972 22.7793 4 v
34.8012 22.6542 4 v
34.8053 22.5292 4 v
34.8093 22.4042 4 v
34.8133 22.2791 4 v
34.8173 22.1541 4 v
34.8213 22.029 4 v
34.8253 21.904 4 v
34.8293 21.779 4 v
34.8333 21.6539 4 v
34.8374 21.5289 4 v
34.8414 21.4038 4 v
34.8454 21.2788 4 v
34.8494 21.1538 4 v
34.8534 21.0287 4 v
34.8574 20.9037 4 v
34.8614 20.7786 4 v
34.8655 20.6536 4 v
34.8695 20.5286 4 v
34.8735 20.4035 4 v
34.8775 20.2785 4 v
34.8815 20.1534 4 v
34.8855 20.0284 4 v
34.8895 19.9034 4 v
34.8935 19.7783 4 v
34.8976 19.6533 4 v
34.9016 19.5282 4 v
34.9056 19.4032 4 v
34.9096 19.2782 4 v
34.9136 19.1531 4 v
34.9176 19.0281 4 v
34.9216 18.903 4 v
34.9256 18.778 4 v
34.9297 18.653 4 v
34.9337 18.5279 4 v
34.9377 18.4029 4 v
34.9417 18.2778 4 v
34.9457 18.1528 4 v
34.9497 18.0278 4 v
34.9537 17.9027 4 v
34.9578 17.7777 4 v
34.9618 17.6526 4 v
34.9658 17.5276 4 v
34.9698 17.4026 4 v
34.9738 17.2775 4 v
34.9778 17.1525 4 v
34.9818 17.0274 4 v
34.9858 16.9024 4 v
34.9899 16.7774 4 v
34.9939 16.6523 4 v
34.9979 16.5273 4 v
35.0019 16.4022 4 v
35.0059 16.2772 4 v
35.0099 16.1522 4 v
35.0139 16.0271 4 v
35.0179 15.9021 4 v
35.022 15.777 4 v
35.026 15.652 4 v
35.03 15.527 4 v
35.034 15.4019 4 v
35.038 15.2769 4 v
35.042 15.1518 4 v
35.046 15.0268 4 v
35.0501 14.9018 4 v
35.0541 14.7767 4 v
35.0581 14.6517 4 v
35.0621 14.5266 4 v
35.0661 14.4016 4 v
35.0701 14.2766 4 v
35.0741 14.1515 4 v
35.0781 14.0265 4 v
35.0822 13.9015 4 v
35.0862 13.7764 4 v
35.0902 13.6514 4 v
35.0942 13.5263 4 v
35.0982 13.4013 4 v
35.1022 13.2763 4 v
35.1062 13.1512 4 v
35.1102 13.0262 4 v
35.1143 12.9011 4 v

32.3632 20.0506 4 v
32.387 19.9554 4 v
32.4107 19.8603 4 v
32.4344 19.7651 4 v
32.4581 19.67 4 v
32.4819 19.5749 4 v
32.5056 19.4797 4 v
32.5293 19.3846 4 v
32.553 19.2894 4 v
32.5768 19.1943 4 v
32.6005 19.0991 4 v
32.6242 19.004 4 v
32.6479 18.9089 4 v
32.6716 18.8137 4 v
32.6954 18.7186 4 v
32.7191 18.6234 4 v
32.7428 18.5283 4 v
32.7665 18.4332 4 v
32.7903 18.338 4 v
32.814 18.2429 4 v
32.8377 18.1477 4 v
32.8614 18.0526 4 v
32.8851 17.9574 4 v
32.9089 17.8623 4 v
32.9326 17.7672 4 v
32.9563 17.672 4 v
32.98 17.5769 4 v
33.0038 17.4817 4 v
33.0275 17.3866 4 v
33.0512 17.2915 4 v
33.0749 17.1963 4 v
33.0987 17.1012 4 v
33.1224 17.006 4 v
33.1461 16.9109 4 v
33.1698 16.8157 4 v
33.1935 16.7206 4 v
33.2173 16.6255 4 v
33.241 16.5303 4 v
33.2647 16.4352 4 v
33.2884 16.34 4 v
33.3122 16.2449 4 v
33.3359 16.1498 4 v
33.3596 16.0546 4 v
33.3833 15.9595 4 v
33.407 15.8643 4 v
33.4308 15.7692 4 v
33.4545 15.674 4 v
33.4782 15.5789 4 v
33.5019 15.4838 4 v
33.5257 15.3886 4 v
33.5494 15.2935 4 v
33.5731 15.1983 4 v
33.5968 15.1032 4 v
33.6206 15.0081 4 v
33.6443 14.9129 4 v
33.668 14.8178 4 v
33.6917 14.7226 4 v
33.7154 14.6275 4 v
33.7392 14.5323 4 v
33.7629 14.4372 4 v
33.7866 14.3421 4 v
33.8103 14.2469 4 v
33.8341 14.1518 4 v
33.8578 14.0566 4 v
33.8815 13.9615 4 v
33.9052 13.8664 4 v
33.9289 13.7712 4 v
33.9527 13.6761 4 v
33.9764 13.5809 4 v
34.0001 13.4858 4 v
34.0238 13.3906 4 v
34.0476 13.2955 4 v
34.0713 13.2004 4 v
34.095 13.1052 4 v
34.1187 13.0101 4 v
34.1425 12.9149 4 v
34.1662 12.8198 4 v
34.1899 12.7247 4 v
34.2136 12.6295 4 v
34.2373 12.5344 4 v
34.2611 12.4392 4 v

29.9333 17.1968 4 v
29.9781 17.1296 4 v
30.0229 17.0623 4 v
30.0676 16.9951 4 v
30.1124 16.9278 4 v
30.1572 16.8606 4 v
30.202 16.7934 4 v
30.2468 16.7261 4 v
30.2915 16.6589 4 v
30.3363 16.5916 4 v
30.3811 16.5244 4 v
30.4259 16.4571 4 v
30.4707 16.3899 4 v
30.5154 16.3227 4 v
30.5602 16.2554 4 v
30.605 16.1882 4 v
30.6498 16.1209 4 v
30.6946 16.0537 4 v
30.7393 15.9864 4 v
30.7841 15.9192 4 v
30.8289 15.852 4 v
30.8737 15.7847 4 v
30.9184 15.7175 4 v
30.9632 15.6502 4 v
31.008 15.583 4 v
31.0528 15.5157 4 v
31.0976 15.4485 4 v
31.1423 15.3813 4 v
31.1871 15.314 4 v
31.2319 15.2468 4 v
31.2767 15.1795 4 v
31.3215 15.1123 4 v
31.3662 15.0451 4 v
31.411 14.9778 4 v
31.4558 14.9106 4 v
31.5006 14.8433 4 v
31.5454 14.7761 4 v
31.5901 14.7088 4 v
31.6349 14.6416 4 v
31.6797 14.5744 4 v
31.7245 14.5071 4 v
31.7693 14.4399 4 v
31.814 14.3726 4 v
31.8588 14.3054 4 v
31.9036 14.2381 4 v
31.9484 14.1709 4 v
31.9932 14.1037 4 v
32.0379 14.0364 4 v
32.0827 13.9692 4 v
32.1275 13.9019 4 v
32.1723 13.8347 4 v
32.2171 13.7674 4 v
32.2618 13.7002 4 v
32.3066 13.633 4 v
32.3514 13.5657 4 v
32.3962 13.4985 4 v
32.441 13.4312 4 v
32.4857 13.364 4 v
32.5305 13.2967 4 v
32.5753 13.2295 4 v
32.6201 13.1623 4 v
32.6649 13.095 4 v
32.7096 13.0278 4 v
32.7544 12.9605 4 v
32.7992 12.8933 4 v
32.844 12.826 4 v
32.8888 12.7588 4 v
32.9335 12.6916 4 v
32.9783 12.6243 4 v
33.0231 12.5571 4 v
33.0679 12.4898 4 v
33.1127 12.4226 4 v
33.1574 12.3554 4 v
33.2022 12.2881 4 v
33.247 12.2209 4 v
33.2918 12.1536 4 v
33.3366 12.0864 4 v
33.3813 12.0191 4 v
33.4261 11.9519 4 v
33.4709 11.8847 4 v
33.5157 11.8174 4 v

27.5033 14.3431 4 v
27.5709 14.302 4 v
27.6385 14.261 4 v
27.706 14.2199 4 v
27.7736 14.1789 4 v
27.8412 14.1379 4 v
27.9087 14.0968 4 v
27.9763 14.0558 4 v
28.0439 14.0148 4 v
28.1114 13.9737 4 v
28.179 13.9327 4 v
28.2466 13.8916 4 v
28.3141 13.8506 4 v
28.3817 13.8096 4 v
28.4492 13.7685 4 v
28.5168 13.7275 4 v
28.5844 13.6864 4 v
28.6519 13.6454 4 v
28.7195 13.6044 4 v
28.7871 13.5633 4 v
28.8546 13.5223 4 v
28.9222 13.4813 4 v
28.9898 13.4402 4 v
29.0573 13.3992 4 v
29.1249 13.3581 4 v
29.1925 13.3171 4 v
29.26 13.2761 4 v
29.3276 13.235 4 v
29.3952 13.194 4 v
29.4627 13.153 4 v
29.5303 13.1119 4 v
29.5979 13.0709 4 v
29.6654 13.0298 4 v
29.733 12.9888 4 v
29.8006 12.9478 4 v
29.8681 12.9067 4 v
29.9357 12.8657 4 v
30.0032 12.8247 4 v
30.0708 12.7836 4 v
30.1384 12.7426 4 v
30.2059 12.7015 4 v
30.2735 12.6605 4 v
30.3411 12.6195 4 v
30.4086 12.5784 4 v
30.4762 12.5374 4 v
30.5438 12.4964 4 v
30.6113 12.4553 4 v
30.6789 12.4143 4 v
30.7465 12.3732 4 v
30.814 12.3322 4 v
30.8816 12.2912 4 v
30.9492 12.2501 4 v
31.0167 12.2091 4 v
31.0843 12.168 4 v
31.1519 12.127 4 v
31.2194 12.086 4 v
31.287 12.0449 4 v
31.3546 12.0039 4 v
31.4221 11.9629 4 v
31.4897 11.9218 4 v
31.5572 11.8808 4 v
31.6248 11.8397 4 v
31.6924 11.7987 4 v
31.7599 11.7577 4 v
31.8275 11.7166 4 v
31.8951 11.6756 4 v
31.9626 11.6346 4 v
32.0302 11.5935 4 v
32.0978 11.5525 4 v
32.1653 11.5114 4 v
32.2329 11.4704 4 v
32.3005 11.4294 4 v
32.368 11.3883 4 v
32.4356 11.3473 4 v
32.5032 11.3063 4 v
32.5707 11.2652 4 v
32.6383 11.2242 4 v
32.7059 11.1831 4 v
32.7734 11.1421 4 v
32.841 11.1011 4 v
32.9086 11.06 4 v

25.0734 11.4893 4 v
25.1658 11.4732 4 v
25.2581 11.457 4 v
25.3505 11.4409 4 v
25.4429 11.4247 4 v
25.5353 11.4086 4 v
25.6276 11.3925 4 v
25.72 11.3763 4 v
25.8124 11.3602 4 v
25.9048 11.344 4 v
25.9971 11.3279 4 v
26.0895 11.3117 4 v
26.1819 11.2956 4 v
26.2743 11.2795 4 v
26.3666 11.2633 4 v
26.459 11.2472 4 v
26.5514 11.231 4 v
26.6438 11.2149 4 v
26.7361 11.1988 4 v
26.8285 11.1826 4 v
26.9209 11.1665 4 v
27.0133 11.1503 4 v
27.1056 11.1342 4 v
27.198 11.1181 4 v
27.2904 11.1019 4 v
27.3828 11.0858 4 v
27.4751 11.0696 4 v
27.5675 11.0535 4 v
27.6599 11.0373 4 v
27.7523 11.0212 4 v
27.8446 11.0051 4 v
27.937 10.9889 4 v
28.0294 10.9728 4 v
28.1218 10.9566 4 v
28.2142 10.9405 4 v
28.3065 10.9244 4 v
28.3989 10.9082 4 v
28.4913 10.8921 4 v
28.5837 10.8759 4 v
28.676 10.8598 4 v
28.7684 10.8437 4 v
28.8608 10.8275 4 v
28.9532 10.8114 4 v
29.0455 10.7952 4 v
29.1379 10.7791 4 v
29.2303 10.7629 4 v
29.3227 10.7468 4 v
29.415 10.7307 4 v
29.5074 10.7145 4 v
29.5998 10.6984 4 v
29.6921 10.6822 4 v
29.7845 10.6661 4 v
29.8769 10.65 4 v
29.9693 10.6338 4 v
30.0616 10.6177 4 v
30.154 10.6015 4 v
30.2464 10.5854 4 v
30.3388 10.5693 4 v
30.4311 10.5531 4 v
30.5235 10.537 4 v
30.6159 10.5208 4 v
30.7083 10.5047 4 v
30.8006 10.4885 4 v
30.893 10.4724 4 v
30.9854 10.4563 4 v
31.0778 10.4401 4 v
31.1701 10.424 4 v
31.2625 10.4078 4 v
31.3549 10.3917 4 v
31.4473 10.3756 4 v
31.5396 10.3594 4 v
31.632 10.3433 4 v
31.7244 10.3271 4 v
31.8168 10.311 4 v
31.9092 10.2948 4 v
32.0015 10.2787 4 v
32.0939 10.2626 4 v
32.1863 10.2464 4 v
32.2787 10.2303 4 v
32.371 10.2141 4 v
32.4634 10.198 4 v

46.2057 17.6249 5 u
46.1004 17.7474 5 u
45.9937 17.8689 5 u
45.8856 17.9893 5 u
45.7762 18.1086 5 u
45.6654 18.2267 5 u
45.5533 18.3437 5 u
45.4399 18.4595 5 u
45.3253 18.5741 5 u
45.2093 18.6875 5 u
45.0921 18.7997 5 u
44.9737 18.9106 5 u
44.8541 19.0203 5 u
44.7332 19.1287 5 u
44.6112 19.2358 5 u
44.488 19.3416 5 u
44.3637 19.4461 5 u
44.2383 19.5493 5 u
44.1117 19.6511 5 u
43.9841 19.7515 5 u
43.8554 19.8505 5 u
43.7256 19.948 5 u
43.5948 20.0442 5 u
43.463 20.139 5 u
43.3302 20.2323 5 u
43.1964 20.3241 5 u
43.0616 20.4145 5 u
42.9258 20.5034 5 u
42.7891 20.5908 5 u
42.6514 20.6768 5 u
42.5129 20.7612 5 u
42.3735 20.8441 5 u
42.2331 20.9255 5 u
42.0919 21.0054 5 u
41.9499 21.0837 5 u
41.807 21.1605 5 u
41.6633 21.2358 5 u
41.5188 21.3094 5 u
41.3735 21.3815 5 u
41.2274 21.452 5 u
41.0805 21.5209 5 u
40.933 21.5882 5 u
40.7847 21.6539 5 u
40.6356 21.718 5 u
40.4859 21.7804 5 u
40.3356 21.8412 5 u
40.1845 21.9004 5 u
40.0328 21.9579 5 u
39.8806 22.0138 5 u
39.7277 22.068 5 u
39.5742 22.1206 5 u
39.4201 22.1715 5 u
39.2655 22.2208 5 u
39.1104 22.2684 5 u
38.9547 22.3143 5 u
38.7986 22.3585 5 u
38.6419 22.401 5 u
38.4848 22.4418 5 u
38.3273 22.481 5 u
38.1693 22.5184 5 u
38.0109 22.5541 5 u
37.8522 22.5881 5 u
37.693 22.6203 5 u
37.5335 22.6509 5 u
37.3737 22.6797 5 u
37.2136 22.7068 5 u
37.0532 22.7322 5 u
36.8926 22.7558 5 u
36.7318 22.7777 5 u
36.5707 22.7978 5 u
36.4095 22.8163 5 u
36.2481 22.8329 5 u
36.0866 22.8479 5 u
35.925 22.8611 5 u
35.7634 22.8725 5 u
35.6017 22.8822 5 u
35.4399 22.8901 5 u
35.2782 22.8963 5 u
35.1165 22.9007 5 u
34.9548 22.9034 5 u
34.7932 22.9043 5 u

44.4955 16.3851 5 u
44.4045 16.4836 5 u
44.3124 16.5812 5 u
44.2191 16.6778 5 u
44.1248 16.7734 5 u
44.0294 16.868 5 u
43.9329 16.9617 5 u
43.8354 17.0543 5 u
43.7368 17.1459 5 u
43.6372 17.2365 5 u
43.5367 17.326 5 u
43.4351 17.4144 5 u
43.3326 17.5017 5 u
43.2291 17.588 5 u
43.1246 17.6731 5 u
43.0193 17.7571 5 u
42.913 17.84 5 u
42.8058 17.9217 5 u
42.6978 18.0022 5 u
42.5889 18.0816 5 u
42.4792 18.1597 5 u
42.3686 18.2367 5 u
42.2572 18.3124 5 u
42.145 18.3869 5 u
42.032 18.4602 5 u
41.9182 18.5322 5 u
41.8036 18.603 5 u
41.6883 18.6725 5 u
41.5723 18.7408 5 u
41.4555 18.8078 5 u
41.3381 18.8735 5 u
41.2199 18.9379 5 u
41.101 19.0011 5 u
40.9815 19.0629 5 u
40.8613 19.1234 5 u
40.7405 19.1826 5 u
40.619 19.2405 5 u
40.4969 19.2971 5 u
40.3742 19.3523 5 u
40.2509 19.4062 5 u
40.1271 19.4587 5 u
40.0026 19.5098 5 u
39.8776 19.5596 5 u
39.7521 19.608 5 u
39.6261 19.6551 5 u
39.4995 19.7008 5 u
39.3725 19.745 5 u
39.245 19.7879 5 u
39.117 19.8294 5 u
38.9885 19.8696 5 u
38.8597 19.9083 5 u
38.7304 19.9456 5 u
38.6007 19.9815 5 u
38.4706 20.016 5 u
38.3402 20.0491 5 u
38.2094 20.0807 5 u
38.0782 20.111 5 u
37.9467 20.1398 5 u
37.815 20.1672 5 u
37.6829 20.1931 5 u
37.5505 20.2176 5 u
37.4178 20.2407 5 u
37.2849 20.2623 5 u
37.1518 20.2825 5 u
37.0185 20.3013 5 u
36.8849 20.3185 5 u
36.7512 20.3344 5 u
36.6174 20.3488 5 u
36.4834 20.3617 5 u
36.3493 20.3732 5 u
36.2152 20.3832 5 u
36.081 20.3918 5 u
35.9467 20.399 5 u
35.8124 20.4046 5 u
35.6781 20.4088 5 u
35.5438 20.4116 5 u
35.4096 20.4129 5 u
35.2754 20.4128 5 u
35.1413 20.4111 5 u
35.0073 20.4081 5 u
34.8735 20.4035 5 u

42.7853 15.1453 5 u
42.7086 15.2197 5 u
42.6311 15.2934 5 u
42.5526 15.3662 5 u
42.4734 15.4382 5 u
42.3933 15.5094 5 u
42.3125 15.5797 5 u
42.2308 15.6492 5 u
42.1484 15.7178 5 u
42.0652 15.7855 5 u
41.9812 15.8523 5 u
41.8965 15.9182 5 u
41.811 15.9832 5 u
41.7249 16.0472 5 u
41.638 16.1104 5 u
41.5505 16.1726 5 u
41.4623 16.2338 5 u
41.3734 16.2941 5 u
41.2839 16.3534 5 u
41.1937 16.4117 5 u
41.1029 16.469 5 u
41.0115 16.5253 5 u
40.9195 16.5806 5 u
40.8269 16.6349 5 u
40.7338 16.6881 5 u
40.64 16.7403 5 u
40.5457 16.7915 5 u
40.4509 16.8417 5 u
40.3555 16.8908 5 u
40.2596 16.9388 5 u
40.1632 16.9858 5 u
40.0663 17.0317 5 u
39.969 17.0766 5 u
39.8711 17.1204 5 u
39.7728 17.1631 5 u
39.674 17.2048 5 u
39.5747 17.2453 5 u
39.4751 17.2847 5 u
39.375 17.3231 5 u
39.2745 17.3603 5 u
39.1736 17.3965 5 u
39.0723 17.4315 5 u
38.9706 17.4654 5 u
38.8686 17.4981 5 u
38.7662 17.5298 5 u
38.6635 17.5603 5 u
38.5604 17.5897 5 u
38.4571 17.618 5 u
38.3534 17.6451 5 u
38.2494 17.6711 5 u
38.1452 17.6959 5 u
38.0407 17.7196 5 u
37.9359 17.7422 5 u
37.8309 17.7636 5 u
37.7256 17.7839 5 u
37.6202 17.803 5 u
37.5145 17.821 5 u
37.4086 17.8378 5 u
37.3026 17.8534 5 u
37.1964 17.8679 5 u
37.09 17.8812 5 u
36.9835 17.8934 5 u
36.8768 17.9043 5 u
36.7701 17.9142 5 u
36.6632 17.9228 5 u
36.5562 17.9303 5 u
36.4492 17.9366 5 u
36.3422 17.9418 5 u
36.2351 17.9457 5 u
36.128 17.9486 5 u
36.0209 17.9502 5 u
35.9138 17.9507 5 u
35.8068 17.95 5 u
35.6998 17.9482 5 u
35.5929 17.9452 5 u
35.486 17.941 5 u
35.3793 17.9357 5 u
35.2727 17.9292 5 u
35.1662 17.9215 5 u
35.0599 17.9127 5 u
34.9537 17.9027 5 u

41.0751 13.9055 5 u
41.0127 13.9559 5 u
40.9497 14.0056 5 u
40.8861 14.0547 5 u
40.822 14.1031 5 u
40.7573 14.1508 5 u
40.692 14.1977 5 u
40.6262 14.244 5 u
40.5599 14.2896 5 u
40.4931 14.3344 5 u
40.4257 14.3786 5 u
40.3579 14.422 5 u
40.2895 14.4646 5 u
40.2207 14.5065 5 u
40.1515 14.5476 5 u
40.0817 14.588 5 u
40.0116 14.6276 5 u
39.941 14.6665 5 u
39.8699 14.7045 5 u
39.7985 14.7418 5 u
39.7267 14.7783 5 u
39.6545 14.8139 5 u
39.5819 14.8488 5 u
39.5089 14.8828 5 u
39.4355 14.916 5 u
39.3619 14.9485 5 u
39.2878 14.98 5 u
39.2135 15.0108 5 u
39.1388 15.0407 5 u
39.0637 15.0699 5 u
38.9884 15.0981 5 u
38.9128 15.1256 5 u
38.8369 15.1522 5 u
38.7607 15.1779 5 u
38.6842 15.2028 5 u
38.6075 15.2269 5 u
38.5305 15.2501 5 u
38.4532 15.2724 5 u
38.3757 15.2939 5 u
38.298 15.3145 5 u
38.2201 15.3342 5 u
38.1419 15.3531 5 u
38.0636 15.3711 5 u
37.9851 15.3882 5 u
37.9063 15.4045 5 u
37.8274 15.4198 5 u
37.7484 15.4343 5 u
37.6692 15.448 5 u
37.5898 15.4607 5 u
37.5103 15.4726 5 u
37.4307 15.4836 5 u
37.3509 15.4937 5 u
37.2711 15.5029 5 u
37.1911 15.5112 5 u
37.1111 15.5187 5 u
37.031 15.5252 5 u
36.9508 15.5309 5 u
36.8706 15.5357 5 u
36.7903 15.5396 5 u
36.7099 15.5426 5 u
36.6295 15.5448 5 u
36.5491 15.546 5 u
36.4687 15.5463 5 u
36.3883 15.5458 5 u
36.3079 15.5444 5 u
36.2276 15.542 5 u
36.1472 15.5388 5 u
36.067 15.5347 5 u
35.9868 15.5298 5 u
35.9066 15.5239 5 u
35.8266 15.5172 5 u
35.7467 15.5096 5 u
35.6668 15.5011 5 u
35.5872 15.4918 5 u
35.5076 15.4815 5 u
35.4282 15.4704 5 u
35.349 15.4585 5 u
35.2699 15.4456 5 u
35.1911 15.4319 5 u
35.1124 15.4174 5 u
35.034 15.4019 5 u

39.3649 12.6657 5 u
39.3168 12.6921 5 u
39.2684 12.7179 5 u
39.2197 12.7432 5 u
39.1706 12.7679 5 u
39.1212 12.7921 5 u
39.0716 12.8158 5 u
39.0217 12.8389 5 u
38.9715 12.8614 5 u
38.921 12.8834 5 u
38.8702 12.9049 5 u
38.8193 12.9257 5 u
38.768 12.946 5 u
38.7166 12.9658 5 u
38.6649 12.9849 5 u
38.613 13.0035 5 u
38.5608 13.0215 5 u
38.5085 13.0389 5 u
38.456 13.0557 5 u
38.4033 13.0719 5 u
38.3504 13.0875 5 u
38.2974 13.1025 5 u
38.2442 13.117 5 u
38.1908 13.1308 5 u
38.1373 13.144 5 u
38.0837 13.1566 5 u
38.0299 13.1686 5 u
37.976 13.18 5 u
37.922 13.1907 5 u
37.8678 13.2009 5 u
37.8136 13.2104 5 u
37.7592 13.2194 5 u
37.7048 13.2277 5 u
37.6502 13.2354 5 u
37.5956 13.2425 5 u
37.5409 13.249 5 u
37.4862 13.2548 5 u
37.4314 13.26 5 u
37.3765 13.2646 5 u
37.3216 13.2686 5 u
37.2666 13.272 5 u
37.2116 13.2747 5 u
37.1566 13.2768 5 u
37.1015 13.2783 5 u
37.0465 13.2792 5 u
36.9914 13.2794 5 u
36.9363 13.279 5 u
36.8813 13.278 5 u
36.8262 13.2764 5 u
36.7712 13.2741 5 u
36.7162 13.2712 5 u
36.6612 13.2677 5 u
36.6063 13.2636 5 u
36.5514 13.2588 5 u
36.4966 13.2535 5 u
36.4418 13.2475 5 u
36.3871 13.2409 5 u
36.3325 13.2337 5 u
36.2779 13.2258 5 u
36.2234 13.2174 5 u
36.1691 13.2083 5 u
36.1148 13.1986 5 u
36.0606 13.1883 5 u
36.0066 13.1774 5 u
35.9527 13.1659 5 u
35.8989 13.1538 5 u
35.8452 13.1411 5 u
35.7918 13.1277 5 u
35.7384 13.1138 5 u
35.6853 13.0993 5 u
35.6323 13.0842 5 u
35.5795 13.0685 5 u
35.5269 13.0522 5 u
35.4745 13.0353 5 u
35.4223 13.0179 5 u
35.3704 12.9999 5 u
35.3187 12.9813 5 u
35.2672 12.9621 5 u
35.2159 12.9423 5 u
35.165 12.922 5 u
35.1143 12.9011 5 u

46.2057 17.6249 5 v
46.1202 17.5629 5 v
46.0347 17.5009 5 v
45.9492 17.4389 5 v
45.8637 17.3769 5 v
45.7782 17.3149 5 v
45.6927 17.2529 5 v
45.6072 17.1909 5 v
45.5217 17.1289 5 v
45.4361 17.067 5 v
45.3506 17.005 5 v
45.2651 16.943 5 v
45.1796 16.881 5 v
45.0941 16.819 5 v
45.0086 16.757 5 v
44.9231 16.695 5 v
44.8376 16.633 5 v
44.7521 16.571 5 v
44.6665 16.5091 5 v
44.581 16.4471 5 v
44.4955 16.3851 5 v
44.41 16.3231 5 v
44.3245 16.2611 5 v
44.239 16.1991 5 v
44.1535 16.1371 5 v
44.068 16.0751 5 v
43.9825 16.0131 5 v
43.897 15.9512 5 v
43.8114 15.8892 5 v
43.7259 15.8272 5 v
43.6404 15.7652 5 v
43.5549 15.7032 5 v
43.4694 15.6412 5 v
43.3839 15.5792 5 v
43.2984 15.5172 5 v
43.2129 15.4552 5 v
43.1274 15.3932 5 v
43.0419 15.3313 5 v
42.9563 15.2693 5 v
42.8708 15.2073 5 v
42.7853 15.1453 5 v
42.6998 15.0833 5 v
42.6143 15.0213 5 v
42.5288 14.9593 5 v
42.4433 14.8973 5 v
42.3578 14.8353 5 v
42.2723 14.7734 5 v
42.1868 14.7114 5 v
42.1012 14.6494 5 v
42.0157 14.5874 5 v
41.9302 14.5254 5 v
41.8447 14.4634 5 v
41.7592 14.4014 5 v
41.6737 14.3394 5 v
41.5882 14.2774 5 v
41.5027 14.2154 5 v
41.4172 14.1535 5 v
41.3317 14.0915 5 v
41.2461 14.0295 5 v
41.1606 13.9675 5 v
41.0751 13.9055 5 v
40.9896 13.8435 5 v
40.9041 13.7815 5 v
40.8186 13.7195 5 v
40.7331 13.6575 5 v
40.6476 13.5956 5 v
40.5621 13.5336 5 v
40.4766 13.4716 5 v
40.391 13.4096 5 v
40.3055 13.3476 5 v
40.22 13.2856 5 v
40.1345 13.2236 5 v
40.049 13.1616 5 v
39.9635 13.0996 5 v
39.878 13.0376 5 v
39.7925 12.9757 5 v
39.707 12.9137 5 v
39.6215 12.8517 5 v
39.5359 12.7897 5 v
39.4504 12.7277 5 v
39.3649 12.6657 5 v

43.8554 19.8505 5 v
43.7866 19.7659 5 v
43.7178 19.6814 5 v
43.649 19.5968 5 v
43.5801 19.5123 5 v
43.5113 19.4278 5 v
43.4425 19.3432 5 v
43.3737 19.2587 5 v
43.3049 19.1742 5 v
43.2361 19.0896 5 v
43.1673 19.0051 5 v
43.0985 18.9206 5 v
43.0297 18.836 5 v
42.9608 18.7515 5 v
42.892 18.6669 5 v
42.8232 18.5824 5 v
42.7544 18.4979 5 v
42.6856 18.4133 5 v
42.6168 18.3288 5 v
42.548 18.2443 5 v
42.4792 18.1597 5 v
42.4103 18.0752 5 v
42.3415 17.9906 5 v
42.2727 17.9061 5 v
42.2039 17.8216 5 v
42.1351 17.737 5 v
42.0663 17.6525 5 v
41.9975 17.568 5 v
41.9287 17.4834 5 v
41.8598 17.3989 5 v
41.791 17.3144 5 v
41.7222 17.2298 5 v
41.6534 17.1453 5 v
41.5846 17.0607 5 v
41.5158 16.9762 5 v
41.447 16.8917 5 v
41.3782 16.8071 5 v
41.3094 16.7226 5 v
41.2405 16.6381 5 v
41.1717 16.5535 5 v
41.1029 16.469 5 v
41.0341 16.3844 5 v
40.9653 16.2999 5 v
40.8965 16.2154 5 v
40.8277 16.1308 5 v
40.7589 16.0463 5 v
40.69 15.9618 5 v
40.6212 15.8772 5 v
40.5524 15.7927 5 v
40.4836 15.7082 5 v
40.4148 15.6236 5 v
40.346 15.5391 5 v
40.2772 15.4545 5 v
40.2084 15.37 5 v
40.1396 15.2855 5 v
40.0707 15.2009 5 v
40.0019 15.1164 5 v
39.9331 15.0319 5 v
39.8643 14.9473 5 v
39.7955 14.8628 5 v
39.7267 14.7783 5 v
39.6579 14.6937 5 v
39.5891 14.6092 5 v
39.5202 14.5246 5 v
39.4514 14.4401 5 v
39.3826 14.3556 5 v
39.3138 14.271 5 v
39.245 14.1865 5 v
39.1762 14.102 5 v
39.1074 14.0174 5 v
39.0386 13.9329 5 v
38.9697 13.8483 5 v
38.9009 13.7638 5 v
38.8321 13.6793 5 v
38.7633 13.5947 5 v
38.6945 13.5102 5 v
38.6257 13.4257 5 v
38.5569 13.3411 5 v
38.4881 13.2566 5 v
38.4193 13.1721 5 v
38.3504 13.0875 5 v

41.0805 21.5209 5 v
41.0329 21.4178 5 v
40.9852 21.3147 5 v
40.9375 21.2116 5 v
40.8898 21.1085 5 v
40.8422 21.0054 5 v
40.7945 20.9022 5 v
40.7468 20.7991 5 v
40.6991 20.696 5 v
40.6515 20.5929 5 v
40.6038 20.4898 5 v
40.5561 20.3867 5 v
40.5084 20.2836 5 v
40.4608 20.1805 5 v
40.4131 20.0774 5 v
40.3654 19.9742 5 v
40.3178 19.8711 5 v
40.2701 19.768 5 v
40.2224 19.6649 5 v
40.1747 19.5618 5 v
40.1271 19.4587 5 v
40.0794 19.3556 5 v
40.0317 19.2525 5 v
39.984 19.1494 5 v
39.9364 19.0462 5 v
39.8887 18.9431 5 v
39.841 18.84 5 v
39.7933 18.7369 5 v
39.7457 18.6338 5 v
39.698 18.5307 5 v
39.6503 18.4276 5 v
39.6026 18.3245 5 v
39.555 18.2213 5 v
39.5073 18.1182 5 v
39.4596 18.0151 5 v
39.4119 17.912 5 v
39.3643 17.8089 5 v
39.3166 17.7058 5 v
39.2689 17.6027 5 v
39.2212 17.4996 5 v
39.1736 17.3965 5 v
39.1259 17.2933 5 v
39.0782 17.1902 5 v
39.0306 17.0871 5 v
38.9829 16.984 5 v
38.9352 16.8809 5 v
38.8875 16.7778 5 v
38.8399 16.6747 5 v
38.7922 16.5716 5 v
38.7445 16.4684 5 v
38.6968 16.3653 5 v
38.6492 16.2622 5 v
38.6015 16.1591 5 v
38.5538 16.056 5 v
38.5061 15.9529 5 v
38.4585 15.8498 5 v
38.4108 15.7467 5 v
38.3631 15.6436 5 v
38.3154 15.5404 5 v
38.2678 15.4373 5 v
38.2201 15.3342 5 v
38.1724 15.2311 5 v
38.1247 15.128 5 v
38.0771 15.0249 5 v
38.0294 14.9218 5 v
37.9817 14.8187 5 v
37.934 14.7156 5 v
37.8864 14.6124 5 v
37.8387 14.5093 5 v
37.791 14.4062 5 v
37.7433 14.3031 5 v
37.6957 14.2 5 v
37.648 14.0969 5 v
37.6003 13.9938 5 v
37.5527 13.8907 5 v
37.505 13.7875 5 v
37.4573 13.6844 5 v
37.4096 13.5813 5 v
37.362 13.4782 5 v
37.3143 13.3751 5 v
37.2666 13.272 5 v

38.0109 22.5541 5 v
37.9879 22.4373 5 v
37.9649 22.3204 5 v
37.9419 22.2036 5 v
37.9188 22.0868 5 v
37.8958 21.97 5 v
37.8728 21.8531 5 v
37.8498 21.7363 5 v
37.8268 21.6195 5 v
37.8037 21.5027 5 v
37.7807 21.3859 5 v
37.7577 21.269 5 v
37.7347 21.1522 5 v
37.7116 21.0354 5 v
37.6886 20.9186 5 v
37.6656 20.8018 5 v
37.6426 20.6849 5 v
37.6195 20.5681 5 v
37.5965 20.4513 5 v
37.5735 20.3345 5 v
37.5505 20.2176 5 v
37.5274 20.1008 5 v
37.5044 19.984 5 v
37.4814 19.8672 5 v
37.4584 19.7504 5 v
37.4354 19.6335 5 v
37.4123 19.5167 5 v
37.3893 19.3999 5 v
37.3663 19.2831 5 v
37.3433 19.1662 5 v
37.3202 19.0494 5 v
37.2972 18.9326 5 v
37.2742 18.8158 5 v
37.2512 18.699 5 v
37.2281 18.5821 5 v
37.2051 18.4653 5 v
37.1821 18.3485 5 v
37.1591 18.2317 5 v
37.136 18.1148 5 v
37.113 17.998 5 v
37.09 17.8812 5 v
37.067 17.7644 5 v
37.044 17.6476 5 v
37.0209 17.5307 5 v
36.9979 17.4139 5 v
36.9749 17.2971 5 v
36.9519 17.1803 5 v
36.9288 17.0634 5 v
36.9058 16.9466 5 v
36.8828 16.8298 5 v
36.8598 16.713 5 v
36.8367 16.5962 5 v
36.8137 16.4793 5 v
36.7907 16.3625 5 v
36.7677 16.2457 5 v
36.7446 16.1289 5 v
36.7216 16.012 5 v
36.6986 15.8952 5 v
36.6756 15.7784 5 v
36.6526 15.6616 5 v
36.6295 15.5448 5 v
36.6065 15.4279 5 v
36.5835 15.3111 5 v
36.5605 15.1943 5 v
36.5374 15.0775 5 v
36.5144 14.9606 5 v
36.4914 14.8438 5 v
36.4684 14.727 5 v
36.4453 14.6102 5 v
36.4223 14.4934 5 v
36.3993 14.3765 5 v
36.3763 14.2597 5 v
36.3532 14.1429 5 v
36.3302 14.0261 5 v
36.3072 13.9093 5 v
36.2842 13.7924 5 v
36.2612 13.6756 5 v
36.2381 13.5588 5 v
36.2151 13.442 5 v
36.1921 13.3251 5 v
36.1691 13.2083 5 v

34.7932 22.9043 5 v
34.7972 22.7793 5 v
34.8012 22.6542 5 v
34.8053 22.5292 5 v
34.8093 22.4042 5 v
34.8133 22.2791 5 v
34.8173 22.1541 5 v
34.8213 22.029 5 v
34.8253 21.904 5 v
34.8293 21.779 5 v
34.8333 21.6539 5 v
34.8374 21.5289 5 v
34.8414 21.4038 5 v
34.8454 21.2788 5 v
34.8494 21.1538 5 v
34.8534 21.0287 5 v
34.8574 20.9037 5 v
34.8614 20.7786 5 v
34.8655 20.6536 5 v
34.8695 20.5286 5 v
34.8735 20.4035 5 v
34.8775 20.2785 5 v
34.8815 20.1534 5 v
34.8855 20.0284 5 v
34.8895 19.9034 5 v
34.8935 19.7783 5 v
34.8976 19.6533 5 v
34.9016 19.5282 5 v
34.9056 19.4032 5 v
34.9096 19.2782 5 v
34.9136 19.1531 5 v
34.9176 19.0281 5 v
34.9216 18.903 5 v
34.9256 18.778 5 v
34.9297 18.653 5 v
34.9337 18.5279 5 v
34.9377 18.4029 5 v
34.9417 18.2778 5 v
34.9457 18.1528 5 v
34.9497 18.0278 5 v
34.9537 17.9027 5 v
34.9578 17.7777 5 v
34.9618 17.6526 5 v
34.9658 17.5276 5 v
34.9698 17.4026 5 v
34.9738 17.2775 5 v
34.9778 17.1525 5 v
34.9818 17.0274 5 v
34.9858 16.9024 5 v
34.9899 16.7774 5 v
34.9939 16.6523 5 v
34.9979 16.5273 5 v
35.0019 16.4022 5 v
35.0059 16.2772 5 v
35.0099 16.1522 5 v
35.0139 16.0271 5 v
35.0179 15.9021 5 v
35.022 15.777 5 v
35.026 15.652 5 v
35.03 15.527 5 v
35.034 15.4019 5 v
35.038 15.2769 5 v
35.042 15.1518 5 v
35.046 15.0268 5 v
35.0501 14.9018 5 v
35.0541 14.7767 5 v
35.0581 14.6517 5 v
35.0621 14.5266 5 v
35.0661 14.4016 5 v
35.0701 14.2766 5 v
35.0741 14.1515 5 v
35.0781 14.0265 5 v
35.0822 13.9015 5 v
35.0862 13.7764 5 v
35.0902 13.6514 5 v
35.0942 13.5263 5 v
35.0982 13.4013 5 v
35.1022 13.2763 5 v
35.1062 13.1512 5 v
35.1102 13.0262 5 v
35.1143 12.9011 5 v

49.7669 0.312941 6 u
49.7712 0.540482 6 u
49.7742 0.767889 6 u
49.7763 0.995174 6 u
49.7774 1.22235 6 u
49.7777 1.44943 6 u
49.7773 1.67642 6 u
49.7763 1.90335 6 u
49.7748 2.13021 6 u
49.773 2.35702 6 u
49.7708 2.58379 6 u
49.7685 2.81055 6 u
49.7661 3.03729 6 u
49.7637 3.26403 6 u
49.7615 3.49078 6 u
49.7596 3.71756 6 u
49.758 3.94438 6 u
49.7569 4.17124 6 u
49.7564 4.39817 6 u
49.7566 4.62517 6 u
49.7576 4.85226 6 u
49.7595 5.07944 6 u
49.7621 5.3067 6 u
49.7651 5.53402 6 u
49.7685 5.76139 6 u
49.7719 5.98879 6 u
49.7752 6.2162 6 u
49.7781 6.4436 6 u
49.7805 6.67098 6 u
49.7821 6.89832 6 u
49.7827 7.12559 6 u
49.7822 7.35279 6 u
49.7803 7.5799 6 u
49.7767 7.80689 6 u
49.7714 8.03375 6 u
49.764 8.26047 6 u
49.7544 8.48702 6 u
49.7424 8.71339 6 u
49.7277 8.93957 6 u
49.7101 9.16552 6 u
49.6895 9.39124 6 u
49.6656 9.6167 6 u
49.6385 9.84186 6 u
49.6081 10.0666 6 u
49.5743 10.291 6 u
49.5373 10.5149 6 u
49.497 10.7382 6 u
49.4534 10.961 6 u
49.4064 11.183 6 u
49.3562 11.4044 6 u
49.3026 11.625 6 u
49.2457 11.8448 6 u
49.1855 12.0637 6 u
49.122 12.2816 6 u
49.0551 12.4986 6 u
48.9849 12.7145 6 u
48.9114 12.9293 6 u
48.8345 13.1429 6 u
48.7542 13.3552 6 u
48.6706 13.5663 6 u
48.5837 13.7761 6 u
48.4934 13.9844 6 u
48.3998 14.1913 6 u
48.3029 14.3967 6 u
48.2028 14.6006 6 u
48.0996 14.8029 6 u
47.9932 15.0037 6 u
47.8838 15.2028 6 u
47.7714 15.4002 6 u
47.656 15.596 6 u
47.5377 15.7899 6 u
47.4166 15.9821 6 u
47.2926 16.1725 6 u
47.1659 16.361 6 u
47.0365 16.5476 6 u
46.9044 16.7322 6 u
46.7698 16.9149 6 u
46.6325 17.0955 6 u
46.4928 17.2741 6 u
46.3506 17.4506 6 u
46.206 17.625 6 u

47.3944 1.43361 6 u
47.4187 1.62393 6 u
47.4417 1.81466 6 u
47.4635 2.0058 6 u
47.484 2.19733 6 u
47.5034 2.38925 6 u
47.5218 2.58156 6 u
47.5392 2.77425 6 u
47.5557 2.96732 6 u
47.5713 3.16076 6 u
47.5862 3.35458 6 u
47.6004 3.54875 6 u
47.6139 3.74329 6 u
47.627 3.93818 6 u
47.6395 4.13342 6 u
47.6516 4.32901 6 u
47.6635 4.52494 6 u
47.675 4.72121 6 u
47.6864 4.91781 6 u
47.6977 5.11473 6 u
47.7089 5.31198 6 u
47.7201 5.50955 6 u
47.7312 5.7074 6 u
47.742 5.90551 6 u
47.7523 6.10385 6 u
47.7621 6.30239 6 u
47.7711 6.5011 6 u
47.7791 6.69996 6 u
47.7861 6.89893 6 u
47.7918 7.09798 6 u
47.7962 7.29708 6 u
47.7989 7.49621 6 u
47.8 7.69533 6 u
47.7991 7.89442 6 u
47.7963 8.09345 6 u
47.7912 8.29238 6 u
47.7838 8.49119 6 u
47.7738 8.68985 6 u
47.7612 8.88833 6 u
47.7458 9.08659 6 u
47.7273 9.28462 6 u
47.7058 9.48237 6 u
47.681 9.6798 6 u
47.6532 9.87683 6 u
47.6222 10.0734 6 u
47.588 10.2695 6 u
47.5507 10.465 6 u
47.5103 10.6599 6 u
47.4667 10.8542 6 u
47.42 11.0477 6 u
47.3702 11.2404 6 u
47.3172 11.4322 6 u
47.2611 11.6231 6 u
47.2019 11.8131 6 u
47.1396 12.002 6 u
47.0741 12.1898 6 u
47.0056 12.3765 6 u
46.9339 12.562 6 u
46.8592 12.7462 6 u
46.7813 12.9291 6 u
46.7003 13.1107 6 u
46.6162 13.2907 6 u
46.5291 13.4693 6 u
46.4389 13.6464 6 u
46.3459 13.8219 6 u
46.2499 13.9958 6 u
46.151 14.1681 6 u
46.0494 14.3387 6 u
45.945 14.5076 6 u
45.8379 14.6747 6 u
45.7282 14.84 6 u
45.6158 15.0035 6 u
45.5009 15.1651 6 u
45.3835 15.3247 6 u
45.2637 15.4824 6 u
45.1414 15.6381 6 u
45.0168 15.7918 6 u
44.8899 15.9434 6 u
44.7607 16.0928 6 u
44.6293 16.2401 6 u
44.4958 16.3852 6 u

45.0219 2.55427 6 u
45.0663 2.70738 6 u
45.1092 2.86144 6 u
45.1507 3.01642 6 u
45.1906 3.1723 6 u
45.2291 3.32907 6 u
45.2662 3.48669 6 u
45.302 3.64515 6 u
45.3365 3.80443 6 u
45.3696 3.96451 6 u
45.4016 4.12536 6 u
45.4323 4.28696 6 u
45.4618 4.44929 6 u
45.4902 4.61233 6 u
45.5175 4.77607 6 u
45.5437 4.94046 6 u
45.5689 5.10551 6 u
45.5931 5.27117 6 u
45.6164 5.43744 6 u
45.6387 5.60429 6 u
45.6601 5.77171 6 u
45.6807 5.93965 6 u
45.7003 6.10809 6 u
45.7188 6.27699 6 u
45.7362 6.4463 6 u
45.7523 6.61599 6 u
45.767 6.78601 6 u
45.7801 6.95631 6 u
45.7917 7.12687 6 u
45.8016 7.29764 6 u
45.8096 7.46857 6 u
45.8157 7.63963 6 u
45.8197 7.81077 6 u
45.8216 7.98196 6 u
45.8212 8.15314 6 u
45.8184 8.32429 6 u
45.8132 8.49536 6 u
45.8053 8.6663 6 u
45.7948 8.83709 6 u
45.7814 9.00766 6 u
45.7652 9.178 6 u
45.7459 9.34804 6 u
45.7236 9.51773 6 u
45.6983 9.68702 6 u
45.67 9.85585 6 u
45.6387 10.0241 6 u
45.6044 10.1919 6 u
45.5672 10.3589 6 u
45.527 10.5253 6 u
45.4838 10.6909 6 u
45.4377 10.8557 6 u
45.3887 11.0196 6 u
45.3367 11.1826 6 u
45.2818 11.3445 6 u
45.2241 11.5054 6 u
45.1634 11.6652 6 u
45.0998 11.8238 6 u
45.0334 11.9812 6 u
44.9641 12.1372 6 u
44.8919 12.292 6 u
44.8169 12.4452 6 u
44.739 12.5971 6 u
44.6584 12.7474 6 u
44.575 12.8961 6 u
44.4889 13.0433 6 u
44.4002 13.1888 6 u
44.3089 13.3326 6 u
44.215 13.4747 6 u
44.1186 13.615 6 u
44.0198 13.7535 6 u
43.9186 13.8901 6 u
43.8151 14.0249 6 u
43.7092 14.1577 6 u
43.6011 14.2885 6 u
43.4908 14.4173 6 u
43.3784 14.5441 6 u
43.2638 14.6687 6 u
43.1472 14.7912 6 u
43.0285 14.9115 6 u
42.908 15.0296 6 u
42.7855 15.1454 6 u

42.6494 3.67494 6 u
42.7139 3.79083 6 u
42.7767 3.90821 6 u
42.8378 4.02704 6 u
42.8972 4.14728 6 u
42.9548 4.26889 6 u
43.0107 4.39182 6 u
43.0648 4.51606 6 u
43.1173 4.64155 6 u
43.168 4.76825 6 u
43.2169 4.89614 6 u
43.2642 5.02516 6 u
43.3097 5.15529 6 u
43.3534 5.28649 6 u
43.3955 5.41871 6 u
43.4358 5.55191 6 u
43.4744 5.68607 6 u
43.5112 5.82114 6 u
43.5463 5.95708 6 u
43.5797 6.09386 6 u
43.6114 6.23143 6 u
43.6413 6.36976 6 u
43.6694 6.50879 6 u
43.6957 6.64847 6 u
43.7201 6.78876 6 u
43.7425 6.92959 6 u
43.7629 7.07091 6 u
43.7812 7.21267 6 u
43.7973 7.35482 6 u
43.8113 7.4973 6 u
43.823 7.64006 6 u
43.8324 7.78305 6 u
43.8394 7.92621 6 u
43.844 8.06949 6 u
43.8461 8.21284 6 u
43.8456 8.3562 6 u
43.8425 8.49953 6 u
43.8368 8.64276 6 u
43.8283 8.78585 6 u
43.8171 8.92874 6 u
43.803 9.07137 6 u
43.786 9.21371 6 u
43.7662 9.35567 6 u
43.7434 9.49722 6 u
43.7178 9.63827 6 u
43.6894 9.77878 6 u
43.6582 9.91869 6 u
43.6241 10.0579 6 u
43.5873 10.1964 6 u
43.5476 10.3342 6 u
43.5053 10.471 6 u
43.4602 10.607 6 u
43.4123 10.742 6 u
43.3618 10.876 6 u
43.3085 11.0088 6 u
43.2526 11.1406 6 u
43.1941 11.2711 6 u
43.1328 11.4003 6 u
43.069 11.5282 6 u
43.0025 11.6548 6 u
42.9335 11.7798 6 u
42.8618 11.9034 6 u
42.7877 12.0254 6 u
42.711 12.1458 6 u
42.632 12.2646 6 u
42.5505 12.3817 6 u
42.4667 12.497 6 u
42.3806 12.6106 6 u
42.2923 12.7223 6 u
42.2018 12.8322 6 u
42.1091 12.9402 6 u
42.0143 13.0462 6 u
41.9175 13.1503 6 u
41.8187 13.2523 6 u
41.718 13.3522 6 u
41.6153 13.45 6 u
41.5108 13.5456 6 u
41.4045 13.639 6 u
41.2964 13.7302 6 u
41.1866 13.819 6 u
41.0752 13.9055 6 u

40.2769 4.79561 6 u
40.3615 4.87429 6 u
40.4442 4.95499 6 u
40.525 5.03766 6 u
40.6038 5.12225 6 u
40.6805 5.2087 6 u
40.7551 5.29696 6 u
40.8277 5.38696 6 u
40.8981 5.47866 6 u
40.9663 5.572 6 u
41.0323 5.66692 6 u
41.0961 5.76337 6 u
41.1575 5.8613 6 u
41.2167 5.96064 6 u
41.2735 6.06135 6 u
41.3279 6.16336 6 u
41.3798 6.26663 6 u
41.4293 6.3711 6 u
41.4763 6.47672 6 u
41.5207 6.58342 6 u
41.5626 6.69115 6 u
41.6019 6.79986 6 u
41.6385 6.90949 6 u
41.6726 7.01996 6 u
41.7039 7.13121 6 u
41.7327 7.24319 6 u
41.7588 7.35581 6 u
41.7822 7.46903 6 u
41.8029 7.58276 6 u
41.821 7.69696 6 u
41.8364 7.81155 6 u
41.8491 7.92647 6 u
41.8591 8.04165 6 u
41.8664 8.15702 6 u
41.871 8.27253 6 u
41.8728 8.38811 6 u
41.8719 8.5037 6 u
41.8683 8.61922 6 u
41.8619 8.73461 6 u
41.8528 8.84981 6 u
41.8408 8.96475 6 u
41.8262 9.07937 6 u
41.8087 9.19361 6 u
41.7885 9.30741 6 u
41.7657 9.4207 6 u
41.7401 9.53342 6 u
41.7119 9.64551 6 u
41.681 9.75691 6 u
41.6475 9.86756 6 u
41.6115 9.9774 6 u
41.5728 10.0864 6 u
41.5316 10.1944 6 u
41.4879 10.3014 6 u
41.4417 10.4074 6 u
41.393 10.5123 6 u
41.3419 10.6159 6 u
41.2883 10.7184 6 u
41.2323 10.8195 6 u
41.1739 10.9193 6 u
41.1132 11.0176 6 u
41.0501 11.1144 6 u
40.9847 11.2097 6 u
40.917 11.3035 6 u
40.8471 11.3955 6 u
40.775 11.4859 6 u
40.7008 11.5746 6 u
40.6245 11.6615 6 u
40.5462 11.7465 6 u
40.4659 11.8297 6 u
40.3837 11.911 6 u
40.2996 11.9903 6 u
40.2136 12.0676 6 u
40.1258 12.1429 6 u
40.0363 12.216 6 u
39.9451 12.2871 6 u
39.8523 12.3559 6 u
39.7578 12.4225 6 u
39.6618 12.4869 6 u
39.5643 12.5489 6 u
39.4653 12.6085 6 u
39.3649 12.6657 6 u

49.7669 0.312941 6 v
49.6483 0.368974 6 v
49.5297 0.425007 6 v
49.411 0.481041 6 v
49.2924 0.537074 6 v
49.1738 0.593107 6 v
49.0552 0.649141 6 v
48.9365 0.705174 6 v
48.8179 0.761207 6 v
48.6993 0.817241 6 v
48.5807 0.873274 6 v
48.462 0.929307 6 v
48.3434 0.98534 6 v
48.2248 1.04137 6 v
48.1062 1.09741 6 v
47.9875 1.15344 6 v
47.8689 1.20947 6 v
47.7503 1.26551 6 v
47.6317 1.32154 6 v
47.513 1.37757 6 v
47.3944 1.43361 6 v
47.2758 1.48964 6 v
47.1571 1.54567 6 v
47.0385 1.60171 6 v
46.9199 1.65774 6 v
46.8013 1.71377 6 v
46.6826 1.76981 6 v
46.564 1.82584 6 v
46.4454 1.88187 6 v
46.3268 1.93791 6 v
46.2081 1.99394 6 v
46.0895 2.04997 6 v
45.9709 2.10601 6 v
45.8523 2.16204 6 v
45.7336 2.21807 6 v
45.615 2.27411 6 v
45.4964 2.33014 6 v
45.3778 2.38617 6 v
45.2591 2.44221 6 v
45.1405 2.49824 6 v
45.0219 2.55427 6 v
44.9033 2.61031 6 v
44.7846 2.66634 6 v
44.666 2.72237 6 v
44.5474 2.77841 6 v
44.4288 2.83444 6 v
44.3101 2.89047 6 v
44.1915 2.94651 6 v
44.0729 3.00254 6 v
43.9543 3.05857 6 v
43.8356 3.11461 6 v
43.717 3.17064 6 v
43.5984 3.22667 6 v
43.4797 3.28271 6 v
43.3611 3.33874 6 v
43.2425 3.39477 6 v
43.1239 3.45081 6 v
43.0052 3.50684 6 v
42.8866 3.56287 6 v
42.768 3.61891 6 v
42.6494 3.67494 6 v
42.5307 3.73097 6 v
42.4121 3.78701 6 v
42.2935 3.84304 6 v
42.1749 3.89907 6 v
42.0562 3.95511 6 v
41.9376 4.01114 6 v
41.819 4.06717 6 v
41.7004 4.12321 6 v
41.5817 4.17924 6 v
41.4631 4.23527 6 v
41.3445 4.29131 6 v
41.2259 4.34734 6 v
41.1072 4.40337 6 v
40.9886 4.45941 6 v
40.87 4.51544 6 v
40.7514 4.57147 6 v
40.6327 4.62751 6 v
40.5141 4.68354 6 v
40.3955 4.73957 6 v
40.2769 4.79561 6 v

49.7576 4.85226 6 v
49.6552 4.87525 6 v
49.5528 4.89823 6 v
49.4503 4.92122 6 v
49.3479 4.9442 6 v
49.2454 4.96719 6 v
49.143 4.99018 6 v
49.0406 5.01316 6 v
48.9381 5.03615 6 v
48.8357 5.05913 6 v
48.7333 5.08212 6 v
48.6308 5.10511 6 v
48.5284 5.12809 6 v
48.4259 5.15108 6 v
48.3235 5.17407 6 v
48.2211 5.19705 6 v
48.1186 5.22004 6 v
48.0162 5.24302 6 v
47.9138 5.26601 6 v
47.8113 5.289 6 v
47.7089 5.31198 6 v
47.6064 5.33497 6 v
47.504 5.35795 6 v
47.4016 5.38094 6 v
47.2991 5.40393 6 v
47.1967 5.42691 6 v
47.0943 5.4499 6 v
46.9918 5.47289 6 v
46.8894 5.49587 6 v
46.7869 5.51886 6 v
46.6845 5.54184 6 v
46.5821 5.56483 6 v
46.4796 5.58782 6 v
46.3772 5.6108 6 v
46.2748 5.63379 6 v
46.1723 5.65677 6 v
46.0699 5.67976 6 v
45.9674 5.70275 6 v
45.865 5.72573 6 v
45.7626 5.74872 6 v
45.6601 5.77171 6 v
45.5577 5.79469 6 v
45.4553 5.81768 6 v
45.3528 5.84066 6 v
45.2504 5.86365 6 v
45.1479 5.88664 6 v
45.0455 5.90962 6 v
44.9431 5.93261 6 v
44.8406 5.95559 6 v
44.7382 5.97858 6 v
44.6358 6.00157 6 v
44.5333 6.02455 6 v
44.4309 6.04754 6 v
44.3284 6.07053 6 v
44.226 6.09351 6 v
44.1236 6.1165 6 v
44.0211 6.13948 6 v
43.9187 6.16247 6 v
43.8163 6.18546 6 v
43.7138 6.20844 6 v
43.6114 6.23143 6 v
43.5089 6.25441 6 v
43.4065 6.2774 6 v
43.3041 6.30039 6 v
43.2016 6.32337 6 v
43.0992 6.34636 6 v
42.9967 6.36935 6 v
42.8943 6.39233 6 v
42.7919 6.41532 6 v
42.6894 6.4383 6 v
42.587 6.46129 6 v
42.4846 6.48428 6 v
42.3821 6.50726 6 v
42.2797 6.53025 6 v
42.1772 6.55323 6 v
42.0748 6.57622 6 v
41.9724 6.59921 6 v
41.8699 6.62219 6 v
41.7675 6.64518 6 v
41.6651 6.66817 6 v
41.5626 6.69115 6 v

49.6895 9.39124 6 v
49.5914 9.38591 6 v
49.4933 9.38058 6 v
49.3952 9.37525 6 v
49.2971 9.36992 6 v
49.199 9.36459 6 v
49.1009 9.35925 6 v
49.0027 9.35392 6 v
48.9046 9.34859 6 v
48.8065 9.34326 6 v
48.7084 9.33793 6 v
48.6103 9.3326 6 v
48.5122 9.32727 6 v
48.4141 9.32194 6 v
48.316 9.31661 6 v
48.2179 9.31127 6 v
48.1198 9.30594 6 v
48.0217 9.30061 6 v
47.9236 9.29528 6 v
47.8254 9.28995 6 v
47.7273 9.28462 6 v
47.6292 9.27929 6 v
47.5311 9.27396 6 v
47.433 9.26863 6 v
47.3349 9.26329 6 v
47.2368 9.25796 6 v
47.1387 9.25263 6 v
47.0406 9.2473 6 v
46.9425 9.24197 6 v
46.8444 9.23664 6 v
46.7463 9.23131 6 v
46.6481 9.22598 6 v
46.55 9.22065 6 v
46.4519 9.21531 6 v
46.3538 9.20998 6 v
46.2557 9.20465 6 v
46.1576 9.19932 6 v
46.0595 9.19399 6 v
45.9614 9.18866 6 v
45.8633 9.18333 6 v
45.7652 9.178 6 v
45.6671 9.17267 6 v
45.569 9.16733 6 v
45.4708 9.162 6 v
45.3727 9.15667 6 v
45.2746 9.15134 6 v
45.1765 9.14601 6 v
45.0784 9.14068 6 v
44.9803 9.13535 6 v
44.8822 9.13002 6 v
44.7841 9.12469 6 v
44.686 9.11935 6 v
44.5879 9.11402 6 v
44.4898 9.10869 6 v
44.3917 9.10336 6 v
44.2935 9.09803 6 v
44.1954 9.0927 6 v
44.0973 9.08737 6 v
43.9992 9.08204 6 v
43.9011 9.07671 6 v
43.803 9.07137 6 v
43.7049 9.06604 6 v
43.6068 9.06071 6 v
43.5087 9.05538 6 v
43.4106 9.05005 6 v
43.3125 9.04472 6 v
43.2144 9.03939 6 v
43.1162 9.03406 6 v
43.0181 9.02873 6 v
42.92 9.02339 6 v
42.8219 9.01806 6 v
42.7238 9.01273 6 v
42.6257 9.0074 6 v
42.5276 9.00207 6 v
42.4295 8.99674 6 v
42.3314 8.99141 6 v
42.2333 8.98608 6 v
42.1352 8.98075 6 v
42.0371 8.97541 6 v
41.939 8.97008 6 v
41.8408 8.96475 6 v

48.5837 13.7761 6 v
48.4895 13.7428 6 v
48.3953 13.7095 6 v
48.3012 13.6762 6 v
48.207 13.643 6 v
48.1128 13.6097 6 v
48.0187 13.5764 6 v
47.9245 13.5432 6 v
47.8303 13.5099 6 v
47.7362 13.4766 6 v
47.642 13.4434 6 v
47.5478 13.4101 6 v
47.4536 13.3768 6 v
47.3595 13.3435 6 v
47.2653 13.3103 6 v
47.1711 13.277 6 v
47.077 13.2437 6 v
46.9828 13.2105 6 v
46.8886 13.1772 6 v
46.7945 13.1439 6 v
46.7003 13.1107 6 v
46.6061 13.0774 6 v
46.5119 13.0441 6 v
46.4178 13.0108 6 v
46.3236 12.9776 6 v
46.2294 12.9443 6 v
46.1353 12.911 6 v
46.0411 12.8778 6 v
45.9469 12.8445 6 v
45.8528 12.8112 6 v
45.7586 12.7779 6 v
45.6644 12.7447 6 v
45.5702 12.7114 6 v
45.4761 12.6781 6 v
45.3819 12.6449 6 v
45.2877 12.6116 6 v
45.1936 12.5783 6 v
45.0994 12.5451 6 v
45.0052 12.5118 6 v
44.911 12.4785 6 v
44.8169 12.4452 6 v
44.7227 12.412 6 v
44.6285 12.3787 6 v
44.5344 12.3454 6 v
44.4402 12.3122 6 v
44.346 12.2789 6 v
44.2519 12.2456 6 v
44.1577 12.2124 6 v
44.0635 12.1791 6 v
43.9693 12.1458 6 v
43.8752 12.1125 6 v
43.781 12.0793 6 v
43.6868 12.046 6 v
43.5927 12.0127 6 v
43.4985 11.9795 6 v
43.4043 11.9462 6 v
43.3102 11.9129 6 v
43.216 11.8797 6 v
43.1218 11.8464 6 v
43.0276 11.8131 6 v
42.9335 11.7798 6 v
42.8393 11.7466 6 v
42.7451 11.7133 6 v
42.651 11.68 6 v
42.5568 11.6468 6 v
42.4626 11.6135 6 v
42.3685 11.5802 6 v
42.2743 11.547 6 v
42.1801 11.5137 6 v
42.0859 11.4804 6 v
41.9918 11.4471 6 v
41.8976 11.4139 6 v
41.8034 11.3806 6 v
41.7093 11.3473 6 v
41.6151 11.3141 6 v
41.5209 11.2808 6 v
41.4267 11.2475 6 v
41.3326 11.2143 6 v
41.2384 11.181 6 v
41.1442 11.1477 6 v
41.0501 11.1144 6 v

46.206 17.625 6 v
46.1205 17.563 6 v
46.035 17.501 6 v
45.9495 17.439 6 v
45.864 17.377 6 v
45.7785 17.315 6 v
45.693 17.2531 6 v
45.6074 17.1911 6 v
45.5219 17.1291 6 v
45.4364 17.0671 6 v
45.3509 17.0051 6 v
45.2654 16.9431 6 v
45.1799 16.8811 6 v
45.0944 16.8191 6 v
45.0088 16.7571 6 v
44.9233 16.6951 6 v
44.8378 16.6331 6 v
44.7523 16.5712 6 v
44.6668 16.5092 6 v
44.5813 16.4472 6 v
44.4958 16.3852 6 v
44.4102 16.3232 6 v
44.3247 16.2612 6 v
44.2392 16.1992 6 v
44.1537 16.1372 6 v
44.0682 16.0752 6 v
43.9827 16.0132 6 v
43.8972 15.9512 6 v
43.8117 15.8893 6 v
43.7261 15.8273 6 v
43.6406 15.7653 6 v
43.5551 15.7033 6 v
43.4696 15.6413 6 v
43.3841 15.5793 6 v
43.2986 15.5173 6 v
43.2131 15.4553 6 v
43.1275 15.3933 6 v
43.042 15.3313 6 v
42.9565 15.2693 6 v
42.871 15.2074 6 v
42.7855 15.1454 6 v
42.7 15.0834 6 v
42.6145 15.0214 6 v
42.5289 14.9594 6 v
42.4434 14.8974 6 v
42.3579 14.8354 6 v
42.2724 14.7734 6 v
42.1869 14.7114 6 v
42.1014 14.6494 6 v
42.0159 14.5874 6 v
41.9303 14.5255 6 v
41.8448 14.4635 6 v
41.7593 14.4015 6 v
41.6738 14.3395 6 v
41.5883 14.2775 6 v
41.5028 14.2155 6 v
41.4173 14.1535 6 v
41.3317 14.0915 6 v
41.2462 14.0295 6 v
41.1607 13.9675 6 v
41.0752 13.9055 6 v
40.9897 13.8436 6 v
40.9042 13.7816 6 v
40.8187 13.7196 6 v
40.7331 13.6576 6 v
40.6476 13.5956 6 v
40.5621 13.5336 6 v
40.4766 13.4716 6 v
40.3911 13.4096 6 v
40.3056 13.3476 6 v
40.2201 13.2856 6 v
40.1345 13.2236 6 v
40.049 13.1617 6 v
39.9635 13.0997 6 v
39.878 13.0377 6 v
39.7925 12.9757 6 v
39.707 12.9137 6 v
39.6215 12.8517 6 v
39.536 12.7897 6 v
39.4504 12.7277 6 v
39.3649 12.6657 6 v

40.2769 4.79562 7 u
40.2832 4.6559 7 u
40.2896 4.51618 7 u
40.296 4.37645 7 u
40.3024 4.23673 7 u
40.3088 4.09701 7 u
40.3152 3.95728 7 u
40.3216 3.81756 7 u
40.328 3.67784 7 u
40.3344 3.53811 7 u
40.3408 3.39839 7 u
40.3472 3.25867 7 u
40.3536 3.11895 7 u
40.36 2.97922 7 u
40.3664 2.8395 7 u
40.3728 2.69978 7 u
40.3792 2.56005 7 u
40.3855 2.42033 7 u
40.3919 2.28061 7 u
40.3983 2.14088 7 u
40.4047 2.00116 7 u
40.4111 1.86144 7 u
40.4175 1.72172 7 u
40.4239 1.58199 7 u
40.4303 1.44227 7 u
40.4367 1.30255 7 u
40.4431 1.16282 7 u
40.4495 1.0231 7 u
40.4559 0.883378 7 u
40.4623 0.743655 7 u
40.4687 0.603932 7 u
40.4751 0.464209 7 u
40.4815 0.324486 7 u
40.4878 0.184763 7 u
40.4942 0.0450402 7 u
40.5006 -0.0946827 7 u
40.507 -0.234406 7 u
40.5134 -0.374129 7 u
40.5198 -0.513851 7 u
40.5262 -0.653574 7 u
40.5326 -0.793297 7 u
40.539 -0.93302 7 u
40.5454 -1.07274 7 u
40.5518 -1.21247 7 u
40.5582 -1.35219 7 u
40.5646 -1.49191 7 u
40.571 -1.63164 7 u
40.5774 -1.77136 7 u
40.5838 -1.91108 7 u
40.5901 -2.0508 7 u
40.5965 -2.19053 7 u
40.6029 -2.33025 7 u
40.6093 -2.46997 7 u
40.6157 -2.6097 7 u
40.6221 -2.74942 7 u
40.6285 -2.88914 7 u
40.6349 -3.02887 7 u
40.6413 -3.16859 7 u
40.6477 -3.30831 7 u
40.6541 -3.44804 7 u
40.6605 -3.58776 7 u
40.6669 -3.72748 7 u
40.6733 -3.8672 7 u
40.6797 -4.00693 7 u
40.6861 -4.14665 7 u
40.6924 -4.28637 7 u
40.6988 -4.4261 7 u
40.7052 -4.56582 7 u
40.7116 -4.70554 7 u
40.718 -4.84526 7 u
40.7244 -4.98499 7 u
40.7308 -5.12471 7 u
40.7372 -5.26443 7 u
40.7436 -5.40416 7 u
40.75 -5.54388 7 u
40.7564 -5.6836 7 u
40.7628 -5.82332 7 u
40.7692 -5.96305 7 u
40.7756 -6.10277 7 u
40.782 -6.24249 7 u
40.7884 -6.38222 7 u

42.6497 3.67501 7 u
42.6545 3.55586 7 u
42.6593 3.43672 7 u
42.664 3.31758 7 u
42.6688 3.19844 7 u
42.6736 3.0793 7 u
42.6784 2.96016 7 u
42.6832 2.84102 7 u
42.688 2.72187 7 u
42.6928 2.60273 7 u
42.6976 2.48359 7 u
42.7024 2.36445 7 u
42.7072 2.24531 7 u
42.712 2.12617 7 u
42.7168 2.00702 7 u
42.7216 1.88788 7 u
42.7264 1.76874 7 u
42.7312 1.6496 7 u
42.736 1.53046 7 u
42.7408 1.41132 7 u
42.7456 1.29218 7 u
42.7504 1.17303 7 u
42.7552 1.05389 7 u
42.76 0.93475 7 u
42.7647 0.815609 7 u
42.7695 0.696467 7 u
42.7743 0.577326 7 u
42.7791 0.458184 7 u
42.7839 0.339043 7 u
42.7887 0.219901 7 u
42.7935 0.100759 7 u
42.7983 -0.0183822 7 u
42.8031 -0.137524 7 u
42.8079 -0.256665 7 u
42.8127 -0.375807 7 u
42.8175 -0.494948 7 u
42.8223 -0.61409 7 u
42.8271 -0.733232 7 u
42.8319 -0.852373 7 u
42.8367 -0.971515 7 u
42.8415 -1.09066 7 u
42.8463 -1.2098 7 u
42.8511 -1.32894 7 u
42.8559 -1.44808 7 u
42.8607 -1.56722 7 u
42.8655 -1.68636 7 u
42.8702 -1.80551 7 u
42.875 -1.92465 7 u
42.8798 -2.04379 7 u
42.8846 -2.16293 7 u
42.8894 -2.28207 7 u
42.8942 -2.40121 7 u
42.899 -2.52036 7 u
42.9038 -2.6395 7 u
42.9086 -2.75864 7 u
42.9134 -2.87778 7 u
42.9182 -2.99692 7 u
42.923 -3.11606 7 u
42.9278 -3.2352 7 u
42.9326 -3.35435 7 u
42.9374 -3.47349 7 u
42.9422 -3.59263 7 u
42.947 -3.71177 7 u
42.9518 -3.83091 7 u
42.9566 -3.95005 7 u
42.9614 -4.0692 7 u
42.9662 -4.18834 7 u
42.9709 -4.30748 7 u
42.9757 -4.42662 7 u
42.9805 -4.54576 7 u
42.9853 -4.6649 7 u
42.9901 -4.78404 7 u
42.9949 -4.90319 7 u
42.9997 -5.02233 7 u
43.0045 -5.14147 7 u
43.0093 -5.26061 7 u
43.0141 -5.37975 7 u
43.0189 -5.49889 7 u
43.0237 -5.61804 7 u
43.0285 -5.73718 7 u
43.0333 -5.85632 7 u

45.0225 2.55439 7 u
45.0257 2.45583 7 u
45.0289 2.35727 7 u
45.0321 2.25871 7 u
45.0353 2.16015 7 u
45.0385 2.06159 7 u
45.0417 1.96303 7 u
45.0448 1.86447 7 u
45.048 1.76591 7 u
45.0512 1.66735 7 u
45.0544 1.56879 7 u
45.0576 1.47023 7 u
45.0608 1.37167 7 u
45.064 1.27311 7 u
45.0672 1.17455 7 u
45.0704 1.07599 7 u
45.0736 0.977429 7 u
45.0768 0.878869 7 u
45.08 0.780309 7 u
45.0832 0.681749 7 u
45.0864 0.583189 7 u
45.0896 0.484629 7 u
45.0928 0.386068 7 u
45.096 0.287508 7 u
45.0992 0.188948 7 u
45.1024 0.0903879 7 u
45.1056 -0.00817224 7 u
45.1088 -0.106732 7 u
45.112 -0.205293 7 u
45.1152 -0.303853 7 u
45.1184 -0.402413 7 u
45.1216 -0.500973 7 u
45.1248 -0.599533 7 u
45.128 -0.698093 7 u
45.1312 -0.796653 7 u
45.1344 -0.895214 7 u
45.1376 -0.993774 7 u
45.1408 -1.09233 7 u
45.144 -1.19089 7 u
45.1471 -1.28945 7 u
45.1503 -1.38801 7 u
45.1535 -1.48657 7 u
45.1567 -1.58513 7 u
45.1599 -1.68369 7 u
45.1631 -1.78226 7 u
45.1663 -1.88082 7 u
45.1695 -1.97938 7 u
45.1727 -2.07794 7 u
45.1759 -2.1765 7 u
45.1791 -2.27506 7 u
45.1823 -2.37362 7 u
45.1855 -2.47218 7 u
45.1887 -2.57074 7 u
45.1919 -2.6693 7 u
45.1951 -2.76786 7 u
45.1983 -2.86642 7 u
45.2015 -2.96498 7 u
45.2047 -3.06354 7 u
45.2079 -3.1621 7 u
45.2111 -3.26066 7 u
45.2143 -3.35922 7 u
45.2175 -3.45778 7 u
45.2207 -3.55634 7 u
45.2239 -3.6549 7 u
45.2271 -3.75346 7 u
45.2303 -3.85202 7 u
45.2335 -3.95058 7 u
45.2367 -4.04914 7 u
45.2399 -4.1477 7 u
45.2431 -4.24626 7 u
45.2462 -4.34482 7 u
45.2494 -4.44338 7 u
45.2526 -4.54194 7 u
45.2558 -4.6405 7 u
45.259 -4.73906 7 u
45.2622 -4.83762 7 u
45.2654 -4.93618 7 u
45.2686 -5.03474 7 u
45.2718 -5.1333 7 u
45.275 -5.23186 7 u
45.2782 -5.33042 7 u

47.3953 1.43378 7 u
47.3969 1.3558 7 u
47.3985 1.27782 7 u
47.4001 1.19984 7 u
47.4017 1.12186 7 u
47.4033 1.04388 7 u
47.4049 0.965905 7 u
47.4065 0.887926 7 u
47.4081 0.809947 7 u
47.4097 0.731968 7 u
47.4113 0.65399 7 u
47.4129 0.576011 7 u
47.4145 0.498032 7 u
47.4161 0.420054 7 u
47.4177 0.342075 7 u
47.4193 0.264096 7 u
47.4209 0.186117 7 u
47.4224 0.108139 7 u
47.424 0.0301598 7 u
47.4256 -0.0478189 7 u
47.4272 -0.125798 7 u
47.4288 -0.203776 7 u
47.4304 -0.281755 7 u
47.432 -0.359734 7 u
47.4336 -0.437713 7 u
47.4352 -0.515691 7 u
47.4368 -0.59367 7 u
47.4384 -0.671649 7 u
47.44 -0.749628 7 u
47.4416 -0.827606 7 u
47.4432 -0.905585 7 u
47.4448 -0.983564 7 u
47.4464 -1.06154 7 u
47.448 -1.13952 7 u
47.4496 -1.2175 7 u
47.4512 -1.29548 7 u
47.4528 -1.37346 7 u
47.4544 -1.45144 7 u
47.456 -1.52942 7 u
47.4576 -1.60739 7 u
47.4592 -1.68537 7 u
47.4608 -1.76335 7 u
47.4624 -1.84133 7 u
47.464 -1.91931 7 u
47.4656 -1.99729 7 u
47.4672 -2.07527 7 u
47.4688 -2.15324 7 u
47.4704 -2.23122 7 u
47.472 -2.3092 7 u
47.4736 -2.38718 7 u
47.4752 -2.46516 7 u
47.4768 -2.54314 7 u
47.4784 -2.62112 7 u
47.48 -2.6991 7 u
47.4816 -2.77707 7 u
47.4832 -2.85505 7 u
47.4848 -2.93303 7 u
47.4864 -3.01101 7 u
47.488 -3.08899 7 u
47.4896 -3.16697 7 u
47.4912 -3.24495 7 u
47.4928 -3.32293 7 u
47.4944 -3.4009 7 u
47.496 -3.47888 7 u
47.4976 -3.55686 7 u
47.4992 -3.63484 7 u
47.5008 -3.71282 7 u
47.5024 -3.7908 7 u
47.504 -3.86878 7 u
47.5056 -3.94676 7 u
47.5072 -4.02473 7 u
47.5088 -4.10271 7 u
47.5104 -4.18069 7 u
47.512 -4.25867 7 u
47.5136 -4.33665 7 u
47.5152 -4.41463 7 u
47.5168 -4.49261 7 u
47.5184 -4.57059 7 u
47.52 -4.64856 7 u
47.5216 -4.72654 7 u
47.5232 -4.80452 7 u

49.7681 0.313163 7 u
49.7681 0.255765 7 u
49.7681 0.198368 7 u
49.7681 0.140971 7 u
49.7681 0.0835733 7 u
49.7681 0.0261759 7 u
49.7681 -0.0312214 7 u
49.7681 -0.0886187 7 u
49.7681 -0.146016 7 u
49.7681 -0.203413 7 u
49.7681 -0.260811 7 u
49.7681 -0.318208 7 u
49.7681 -0.375605 7 u
49.7681 -0.433003 7 u
49.7681 -0.4904 7 u
49.7681 -0.547797 7 u
49.7681 -0.605195 7 u
49.7681 -0.662592 7 u
49.7681 -0.719989 7 u
49.7681 -0.777387 7 u
49.7681 -0.834784 7 u
49.7681 -0.892181 7 u
49.7681 -0.949579 7 u
49.7681 -1.00698 7 u
49.7681 -1.06437 7 u
49.7681 -1.12177 7 u
49.7681 -1.17917 7 u
49.7681 -1.23657 7 u
49.7681 -1.29396 7 u
49.7681 -1.35136 7 u
49.7681 -1.40876 7 u
49.7681 -1.46615 7 u
49.7681 -1.52355 7 u
49.7681 -1.58095 7 u
49.7681 -1.63835 7 u
49.7681 -1.69574 7 u
49.7681 -1.75314 7 u
49.7681 -1.81054 7 u
49.7681 -1.86794 7 u
49.7681 -1.92533 7 u
49.7681 -1.98273 7 u
49.7681 -2.04013 7 u
49.7681 -2.09753 7 u
49.7681 -2.15492 7 u
49.7681 -2.21232 7 u
49.7681 -2.26972 7 u
49.7681 -2.32711 7 u
49.7681 -2.38451 7 u
49.7681 -2.44191 7 u
49.7681 -2.49931 7 u
49.7681 -2.5567 7 u
49.7681 -2.6141 7 u
49.7681 -2.6715 7 u
49.7681 -2.7289 7 u
49.7681 -2.78629 7 u
49.7681 -2.84369 7 u
49.7681 -2.90109 7 u
49.7681 -2.95849 7 u
49.7681 -3.01588 7 u
49.7681 -3.07328 7 u
49.7681 -3.13068 7 u
49.7681 -3.18807 7 u
49.7681 -3.24547 7 u
49.7681 -3.30287 7 u
49.7681 -3.36027 7 u
49.7681 -3.41766 7 u
49.7681 -3.47506 7 u
49.7681 -3.53246 7 u
49.7681 -3.58986 7 u
49.7681 -3.64725 7 u
49.7681 -3.70465 7 u
49.7681 -3.76205 7 u
49.7681 -3.81945 7 u
49.7681 -3.87684 7 u
49.7681 -3.93424 7 u
49.7681 -3.99164 7 u
49.7681 -4.04903 7 u
49.7681 -4.10643 7 u
49.7681 -4.16383 7 u
49.7681 -4.22123 7 u
49.7681 -4.27862 7 u

40.2769 4.79562 7 v
40.3955 4.73959 7 v
40.5141 4.68356 7 v
40.6328 4.62753 7 v
40.7514 4.5715 7 v
40.8701 4.51547 7 v
40.9887 4.45944 7 v
41.1073 4.40341 7 v
41.226 4.34738 7 v
41.3446 4.29134 7 v
41.4633 4.23531 7 v
41.5819 4.17928 7 v
41.7005 4.12325 7 v
41.8192 4.06722 7 v
41.9378 4.01119 7 v
42.0565 3.95516 7 v
42.1751 3.89913 7 v
42.2937 3.8431 7 v
42.4124 3.78707 7 v
42.531 3.73104 7 v
42.6497 3.67501 7 v
42.7683 3.61898 7 v
42.8869 3.56294 7 v
43.0056 3.50691 7 v
43.1242 3.45088 7 v
43.2429 3.39485 7 v
43.3615 3.33882 7 v
43.4801 3.28279 7 v
43.5988 3.22676 7 v
43.7174 3.17073 7 v
43.8361 3.1147 7 v
43.9547 3.05867 7 v
44.0733 3.00264 7 v
44.192 2.94661 7 v
44.3106 2.89058 7 v
44.4293 2.83455 7 v
44.5479 2.77851 7 v
44.6665 2.72248 7 v
44.7852 2.66645 7 v
44.9038 2.61042 7 v
45.0225 2.55439 7 v
45.1411 2.49836 7 v
45.2597 2.44233 7 v
45.3784 2.3863 7 v
45.497 2.33027 7 v
45.6157 2.27424 7 v
45.7343 2.21821 7 v
45.853 2.16218 7 v
45.9716 2.10615 7 v
46.0902 2.05012 7 v
46.2089 1.99408 7 v
46.3275 1.93805 7 v
46.4462 1.88202 7 v
46.5648 1.82599 7 v
46.6834 1.76996 7 v
46.8021 1.71393 7 v
46.9207 1.6579 7 v
47.0394 1.60187 7 v
47.158 1.54584 7 v
47.2766 1.48981 7 v
47.3953 1.43378 7 v
47.5139 1.37775 7 v
47.6326 1.32172 7 v
47.7512 1.26568 7 v
47.8698 1.20965 7 v
47.9885 1.15362 7 v
48.1071 1.09759 7 v
48.2258 1.04156 7 v
48.3444 0.985531 7 v
48.463 0.929501 7 v
48.5817 0.87347 7 v
48.7003 0.817439 7 v
48.819 0.761408 7 v
48.9376 0.705378 7 v
49.0562 0.649347 7 v
49.1749 0.593316 7 v
49.2935 0.537286 7 v
49.4122 0.481255 7 v
49.5308 0.425224 7 v
49.6494 0.369193 7 v
49.7681 0.313163 7 v

40.4047 2.00116 7 v
40.5218 1.96571 7 v
40.6388 1.93026 7 v
40.7559 1.89481 7 v
40.8729 1.85936 7 v
40.9899 1.82391 7 v
41.107 1.78847 7 v
41.224 1.75302 7 v
41.3411 1.71757 7 v
41.4581 1.68212 7 v
41.5751 1.64667 7 v
41.6922 1.61122 7 v
41.8092 1.57577 7 v
41.9263 1.54032 7 v
42.0433 1.50487 7 v
42.1604 1.46942 7 v
42.2774 1.43397 7 v
42.3944 1.39852 7 v
42.5115 1.36307 7 v
42.6285 1.32762 7 v
42.7456 1.29218 7 v
42.8626 1.25673 7 v
42.9797 1.22128 7 v
43.0967 1.18583 7 v
43.2137 1.15038 7 v
43.3308 1.11493 7 v
43.4478 1.07948 7 v
43.5649 1.04403 7 v
43.6819 1.00858 7 v
43.7989 0.973131 7 v
43.916 0.937682 7 v
44.033 0.902233 7 v
44.1501 0.866783 7 v
44.2671 0.831334 7 v
44.3842 0.795885 7 v
44.5012 0.760435 7 v
44.6182 0.724986 7 v
44.7353 0.689537 7 v
44.8523 0.654087 7 v
44.9694 0.618638 7 v
45.0864 0.583189 7 v
45.2034 0.547739 7 v
45.3205 0.51229 7 v
45.4375 0.476841 7 v
45.5546 0.441391 7 v
45.6716 0.405942 7 v
45.7887 0.370493 7 v
45.9057 0.335043 7 v
46.0227 0.299594 7 v
46.1398 0.264145 7 v
46.2568 0.228696 7 v
46.3739 0.193246 7 v
46.4909 0.157797 7 v
46.608 0.122348 7 v
46.725 0.0868982 7 v
46.842 0.0514489 7 v
46.9591 0.0159996 7 v
47.0761 -0.0194497 7 v
47.1932 -0.054899 7 v
47.3102 -0.0903484 7 v
47.4272 -0.125798 7 v
47.5443 -0.161247 7 v
47.6613 -0.196696 7 v
47.7784 -0.232146 7 v
47.8954 -0.267595 7 v
48.0125 -0.303044 7 v
48.1295 -0.338494 7 v
48.2465 -0.373943 7 v
48.3636 -0.409392 7 v
48.4806 -0.444842 7 v
48.5977 -0.480291 7 v
48.7147 -0.51574 7 v
48.8317 -0.551189 7 v
48.9488 -0.586639 7 v
49.0658 -0.622088 7 v
49.1829 -0.657537 7 v
49.2999 -0.692987 7 v
49.417 -0.728436 7 v
49.534 -0.763885 7 v
49.651 -0.799335 7 v
49.7681 -0.834784 7 v

40.5326 -0.793297 7 v
40.6481 -0.808165 7 v
40.7635 -0.823033 7 v
40.8789 -0.837901 7 v
40.9944 -0.852769 7 v
41.1098 -0.867637 7 v
41.2253 -0.882505 7 v
41.3407 -0.897373 7 v
41.4562 -0.912241 7 v
41.5716 -0.927109 7 v
41.687 -0.941977 7 v
41.8025 -0.956845 7 v
41.9179 -0.971713 7 v
42.0334 -0.986581 7 v
42.1488 -1.00145 7 v
42.2643 -1.01632 7 v
42.3797 -1.03118 7 v
42.4951 -1.04605 7 v
42.6106 -1.06092 7 v
42.726 -1.07579 7 v
42.8415 -1.09066 7 v
42.9569 -1.10552 7 v
43.0724 -1.12039 7 v
43.1878 -1.13526 7 v
43.3032 -1.15013 7 v
43.4187 -1.165 7 v
43.5341 -1.17986 7 v
43.6496 -1.19473 7 v
43.765 -1.2096 7 v
43.8805 -1.22447 7 v
43.9959 -1.23934 7 v
44.1114 -1.2542 7 v
44.2268 -1.26907 7 v
44.3422 -1.28394 7 v
44.4577 -1.29881 7 v
44.5731 -1.31367 7 v
44.6886 -1.32854 7 v
44.804 -1.34341 7 v
44.9195 -1.35828 7 v
45.0349 -1.37315 7 v
45.1503 -1.38801 7 v
45.2658 -1.40288 7 v
45.3812 -1.41775 7 v
45.4967 -1.43262 7 v
45.6121 -1.44749 7 v
45.7276 -1.46235 7 v
45.843 -1.47722 7 v
45.9584 -1.49209 7 v
46.0739 -1.50696 7 v
46.1893 -1.52183 7 v
46.3048 -1.53669 7 v
46.4202 -1.55156 7 v
46.5357 -1.56643 7 v
46.6511 -1.5813 7 v
46.7666 -1.59617 7 v
46.882 -1.61103 7 v
46.9974 -1.6259 7 v
47.1129 -1.64077 7 v
47.2283 -1.65564 7 v
47.3438 -1.6705 7 v
47.4592 -1.68537 7 v
47.5747 -1.70024 7 v
47.6901 -1.71511 7 v
47.8055 -1.72998 7 v
47.921 -1.74484 7 v
48.0364 -1.75971 7 v
48.1519 -1.77458 7 v
48.2673 -1.78945 7 v
48.3828 -1.80432 7 v
48.4982 -1.81918 7 v
48.6136 -1.83405 7 v
48.7291 -1.84892 7 v
48.8445 -1.86379 7 v
48.96 -1.87866 7 v
49.0754 -1.89352 7 v
49.1909 -1.90839 7 v
49.3063 -1.92326 7 v
49.4218 -1.93813 7 v
49.5372 -1.95299 7 v
49.6526 -1.96786 7 v
49.7681 -1.98273 7 v

40.6605 -3.58776 7 v
40.7743 -3.58204 7 v
40.8882 -3.57633 7 v
41.002 -3.57062 7 v
41.1159 -3.5649 7 v
41.2297 -3.55919 7 v
41.3435 -3.55348 7 v
41.4574 -3.54776 7 v
41.5712 -3.54205 7 v
41.6851 -3.53634 7 v
41.7989 -3.53062 7 v
41.9128 -3.52491 7 v
42.0266 -3.5192 7 v
42.1405 -3.51348 7 v
42.2543 -3.50777 7 v
42.3682 -3.50206 7 v
42.482 -3.49634 7 v
42.5958 -3.49063 7 v
42.7097 -3.48491 7 v
42.8235 -3.4792 7 v
42.9374 -3.47349 7 v
43.0512 -3.46777 7 v
43.1651 -3.46206 7 v
43.2789 -3.45635 7 v
43.3928 -3.45063 7 v
43.5066 -3.44492 7 v
43.6205 -3.43921 7 v
43.7343 -3.43349 7 v
43.8481 -3.42778 7 v
43.962 -3.42207 7 v
44.0758 -3.41635 7 v
44.1897 -3.41064 7 v
44.3035 -3.40493 7 v
44.4174 -3.39921 7 v
44.5312 -3.3935 7 v
44.6451 -3.38778 7 v
44.7589 -3.38207 7 v
44.8727 -3.37636 7 v
44.9866 -3.37064 7 v
45.1004 -3.36493 7 v
45.2143 -3.35922 7 v
45.3281 -3.3535 7 v
45.442 -3.34779 7 v
45.5558 -3.34208 7 v
45.6697 -3.33636 7 v
45.7835 -3.33065 7 v
45.8974 -3.32494 7 v
46.0112 -3.31922 7 v
46.125 -3.31351 7 v
46.2389 -3.3078 7 v
46.3527 -3.30208 7 v
46.4666 -3.29637 7 v
46.5804 -3.29066 7 v
46.6943 -3.28494 7 v
46.8081 -3.27923 7 v
46.922 -3.27351 7 v
47.0358 -3.2678 7 v
47.1496 -3.26209 7 v
47.2635 -3.25637 7 v
47.3773 -3.25066 7 v
47.4912 -3.24495 7 v
47.605 -3.23923 7 v
47.7189 -3.23352 7 v
47.8327 -3.22781 7 v
47.9466 -3.22209 7 v
48.0604 -3.21638 7 v
48.1743 -3.21067 7 v
48.2881 -3.20495 7 v
48.4019 -3.19924 7 v
48.5158 -3.19353 7 v
48.6296 -3.18781 7 v
48.7435 -3.1821 7 v
48.8573 -3.17639 7 v
48.9712 -3.17067 7 v
49.085 -3.16496 7 v
49.1989 -3.15924 7 v
49.3127 -3.15353 7 v
49.4265 -3.14782 7 v
49.5404 -3.1421 7 v
49.6542 -3.13639 7 v
49.7681 -3.13068 7 v

40.7884 -6.38222 7 v
40.9006 -6.35592 7 v
41.0128 -6.32963 7 v
41.1251 -6.30333 7 v
41.2373 -6.27704 7 v
41.3496 -6.25074 7 v
41.4618 -6.22445 7 v
41.5741 -6.19815 7 v
41.6863 -6.17186 7 v
41.7986 -6.14556 7 v
41.9108 -6.11927 7 v
42.0231 -6.09297 7 v
42.1353 -6.06668 7 v
42.2476 -6.04038 7 v
42.3598 -6.01409 7 v
42.4721 -5.98779 7 v
42.5843 -5.9615 7 v
42.6965 -5.9352 7 v
42.8088 -5.90891 7 v
42.921 -5.88261 7 v
43.0333 -5.85632 7 v
43.1455 -5.83002 7 v
43.2578 -5.80373 7 v
43.37 -5.77743 7 v
43.4823 -5.75114 7 v
43.5945 -5.72484 7 v
43.7068 -5.69855 7 v
43.819 -5.67225 7 v
43.9313 -5.64596 7 v
44.0435 -5.61966 7 v
44.1558 -5.59337 7 v
44.268 -5.56707 7 v
44.3802 -5.54078 7 v
44.4925 -5.51448 7 v
44.6047 -5.48819 7 v
44.717 -5.4619 7 v
44.8292 -5.4356 7 v
44.9415 -5.40931 7 v
45.0537 -5.38301 7 v
45.166 -5.35672 7 v
45.2782 -5.33042 7 v
45.3905 -5.30413 7 v
45.5027 -5.27783 7 v
45.615 -5.25154 7 v
45.7272 -5.22524 7 v
45.8395 -5.19895 7 v
45.9517 -5.17265 7 v
46.0639 -5.14636 7 v
46.1762 -5.12006 7 v
46.2884 -5.09377 7 v
46.4007 -5.06747 7 v
46.5129 -5.04118 7 v
46.6252 -5.01488 7 v
46.7374 -4.98859 7 v
46.8497 -4.96229 7 v
46.9619 -4.936 7 v
47.0742 -4.9097 7 v
47.1864 -4.88341 7 v
47.2987 -4.85711 7 v
47.4109 -4.83082 7 v
47.5232 -4.80452 7 v
47.6354 -4.77823 7 v
47.7476 -4.75193 7 v
47.8599 -4.72564 7 v
47.9721 -4.69934 7 v
48.0844 -4.67305 7 v
48.1966 -4.64675 7 v
48.3089 -4.62046 7 v
48.4211 -4.59416 7 v
48.5334 -4.56787 7 v
48.6456 -4.54157 7 v
48.7579 -4.51528 7 v
48.8701 -4.48898 7 v
48.9824 -4.46269 7 v
49.0946 -4.43639 7 v
49.2069 -4.4101 7 v
49.3191 -4.3838 7 v
49.4313 -4.35751 7 v
49.5436 -4.33121 7 v
49.6558 -4.30492 7 v
49.7681 -4.27862 7 v

41.2577 -21.5463 8 u
41.2206 -21.4517 8 u
41.1835 -21.3571 8 u
41.1464 -21.2625 8 u
41.1093 -21.1679 8 u
41.0722 -21.0733 8 u
41.0351 -20.9787 8 u
40.998 -20.8841 8 u
40.9608 -20.7895 8 u
40.9237 -20.6948 8 u
40.8866 -20.6002 8 u
40.8495 -20.5056 8 u
40.8124 -20.411 8 u
40.7753 -20.3164 8 u
40.7382 -20.2218 8 u
40.7011 -20.1272 8 u
40.664 -20.0326 8 u
40.6268 -19.938 8 u
40.5897 -19.8434 8 u
40.5526 -19.7488 8 u
40.5155 -19.6542 8 u
40.4784 -19.5596 8 u
40.4413 -19.465 8 u
40.4042 -19.3704 8 u
40.3671 -19.2758 8 u
40.3299 -19.1812 8 u
40.2928 -19.0866 8 u
40.2557 -18.9919 8 u
40.2186 -18.8973 8 u
40.1815 -18.8027 8 u
40.1444 -18.7081 8 u
40.1073 -18.6135 8 u
40.0702 -18.5189 8 u
40.0331 -18.4243 8 u
39.9959 -18.3297 8 u
39.9588 -18.2351 8 u
39.9217 -18.1405 8 u
39.8846 -18.0459 8 u
39.8475 -17.9513 8 u
39.8104 -17.8567 8 u
39.7733 -17.7621 8 u
39.7362 -17.6675 8 u
39.6991 -17.5729 8 u
39.6619 -17.4783 8 u
39.6248 -17.3837 8 u
39.5877 -17.289 8 u
39.5506 -17.1944 8 u
39.5135 -17.0998 8 u
39.4764 -17.0052 8 u
39.4393 -16.9106 8 u
39.4022 -16.816 8 u
39.365 -16.7214 8 u
39.3279 -16.6268 8 u
39.2908 -16.5322 8 u
39.2537 -16.4376 8 u
39.2166 -16.343 8 u
39.1795 -16.2484 8 u
39.1424 -16.1538 8 u
39.1053 -16.0592 8 u
39.0682 -15.9646 8 u
39.031 -15.87 8 u
38.9939 -15.7754 8 u
38.9568 -15.6808 8 u
38.9197 -15.5861 8 u
38.8826 -15.4915 8 u
38.8455 -15.3969 8 u
38.8084 -15.3023 8 u
38.7713 -15.2077 8 u
38.7342 -15.1131 8 u
38.697 -15.0185 8 u
38.6599 -14.9239 8 u
38.6228 -14.8293 8 u
38.5857 -14.7347 8 u
38.5486 -14.6401 8 u
38.5115 -14.5455 8 u
38.4744 -14.4509 8 u
38.4373 -14.3563 8 u
38.4001 -14.2617 8 u
38.363 -14.1671 8 u
38.3259 -14.0725 8 u
38.2888 -13.9779 8 u

45.4332 -18.5759 8 u
45.3689 -18.5037 8 u
45.3046 -18.4315 8 u
45.2404 -18.3593 8 u
45.1761 -18.2871 8 u
45.1118 -18.215 8 u
45.0475 -18.1428 8 u
44.9832 -18.0706 8 u
44.9189 -17.9984 8 u
44.8546 -17.9262 8 u
44.7904 -17.854 8 u
44.7261 -17.7818 8 u
44.6618 -17.7096 8 u
44.5975 -17.6374 8 u
44.5332 -17.5652 8 u
44.4689 -17.493 8 u
44.4047 -17.4208 8 u
44.3404 -17.3486 8 u
44.2761 -17.2764 8 u
44.2118 -17.2042 8 u
44.1475 -17.132 8 u
44.0832 -17.0598 8 u
44.019 -16.9876 8 u
43.9547 -16.9154 8 u
43.8904 -16.8432 8 u
43.8261 -16.771 8 u
43.7618 -16.6988 8 u
43.6975 -16.6266 8 u
43.6332 -16.5544 8 u
43.569 -16.4822 8 u
43.5047 -16.41 8 u
43.4404 -16.3378 8 u
43.3761 -16.2656 8 u
43.3118 -16.1934 8 u
43.2475 -16.1212 8 u
43.1833 -16.049 8 u
43.119 -15.9768 8 u
43.0547 -15.9046 8 u
42.9904 -15.8324 8 u
42.9261 -15.7602 8 u
42.8618 -15.688 8 u
42.7976 -15.6159 8 u
42.7333 -15.5437 8 u
42.669 -15.4715 8 u
42.6047 -15.3993 8 u
42.5404 -15.3271 8 u
42.4761 -15.2549 8 u
42.4118 -15.1827 8 u
42.3476 -15.1105 8 u
42.2833 -15.0383 8 u
42.219 -14.9661 8 u
42.1547 -14.8939 8 u
42.0904 -14.8217 8 u
42.0261 -14.7495 8 u
41.9619 -14.6773 8 u
41.8976 -14.6051 8 u
41.8333 -14.5329 8 u
41.769 -14.4607 8 u
41.7047 -14.3885 8 u
41.6404 -14.3163 8 u
41.5762 -14.2441 8 u
41.5119 -14.1719 8 u
41.4476 -14.0997 8 u
41.3833 -14.0275 8 u
41.319 -13.9553 8 u
41.2547 -13.8831 8 u
41.1904 -13.8109 8 u
41.1262 -13.7387 8 u
41.0619 -13.6665 8 u
40.9976 -13.5943 8 u
40.9333 -13.5221 8 u
40.869 -13.4499 8 u
40.8047 -13.3777 8 u
40.7405 -13.3055 8 u
40.6762 -13.2333 8 u
40.6119 -13.1611 8 u
40.5476 -13.0889 8 u
40.4833 -13.0168 8 u
40.419 -12.9446 8 u
40.3548 -12.8724 8 u
40.2905 -12.8002 8 u

48.3637 -14.3723 8 u
48.2782 -14.328 8 u
48.1926 -14.2837 8 u
48.1071 -14.2395 8 u
48.0215 -14.1952 8 u
47.936 -14.151 8 u
47.8504 -14.1067 8 u
47.7649 -14.0625 8 u
47.6793 -14.0182 8 u
47.5938 -13.974 8 u
47.5082 -13.9297 8 u
47.4227 -13.8854 8 u
47.3371 -13.8412 8 u
47.2516 -13.7969 8 u
47.166 -13.7527 8 u
47.0805 -13.7084 8 u
46.9949 -13.6642 8 u
46.9093 -13.6199 8 u
46.8238 -13.5757 8 u
46.7382 -13.5314 8 u
46.6527 -13.4871 8 u
46.5671 -13.4429 8 u
46.4816 -13.3986 8 u
46.396 -13.3544 8 u
46.3105 -13.3101 8 u
46.2249 -13.2659 8 u
46.1394 -13.2216 8 u
46.0538 -13.1774 8 u
45.9683 -13.1331 8 u
45.8827 -13.0888 8 u
45.7972 -13.0446 8 u
45.7116 -13.0003 8 u
45.6261 -12.9561 8 u
45.5405 -12.9118 8 u
45.455 -12.8676 8 u
45.3694 -12.8233 8 u
45.2839 -12.7791 8 u
45.1983 -12.7348 8 u
45.1128 -12.6905 8 u
45.0272 -12.6463 8 u
44.9417 -12.602 8 u
44.8561 -12.5578 8 u
44.7706 -12.5135 8 u
44.685 -12.4693 8 u
44.5995 -12.425 8 u
44.5139 -12.3808 8 u
44.4284 -12.3365 8 u
44.3428 -12.2922 8 u
44.2573 -12.248 8 u
44.1717 -12.2037 8 u
44.0862 -12.1595 8 u
44.0006 -12.1152 8 u
43.9151 -12.071 8 u
43.8295 -12.0267 8 u
43.744 -11.9824 8 u
43.6584 -11.9382 8 u
43.5729 -11.8939 8 u
43.4873 -11.8497 8 u
43.4018 -11.8054 8 u
43.3162 -11.7612 8 u
43.2307 -11.7169 8 u
43.1451 -11.6727 8 u
43.0596 -11.6284 8 u
42.974 -11.5841 8 u
42.8885 -11.5399 8 u
42.8029 -11.4956 8 u
42.7174 -11.4514 8 u
42.6318 -11.4071 8 u
42.5463 -11.3629 8 u
42.4607 -11.3186 8 u
42.3752 -11.2744 8 u
42.2896 -11.2301 8 u
42.2041 -11.1858 8 u
42.1185 -11.1416 8 u
42.033 -11.0973 8 u
41.9474 -11.0531 8 u
41.8619 -11.0088 8 u
41.7763 -10.9646 8 u
41.6908 -10.9203 8 u
41.6052 -10.8761 8 u
41.5197 -10.8318 8 u

49.7009 -9.42587 8 u
49.6009 -9.4145 8 u
49.5009 -9.40313 8 u
49.4009 -9.39176 8 u
49.3009 -9.3804 8 u
49.2008 -9.36903 8 u
49.1008 -9.35766 8 u
49.0008 -9.34629 8 u
48.9008 -9.33493 8 u
48.8008 -9.32356 8 u
48.7007 -9.31219 8 u
48.6007 -9.30083 8 u
48.5007 -9.28946 8 u
48.4007 -9.27809 8 u
48.3007 -9.26672 8 u
48.2006 -9.25536 8 u
48.1006 -9.24399 8 u
48.0006 -9.23262 8 u
47.9006 -9.22125 8 u
47.8005 -9.20989 8 u
47.7005 -9.19852 8 u
47.6005 -9.18715 8 u
47.5005 -9.17578 8 u
47.4005 -9.16442 8 u
47.3004 -9.15305 8 u
47.2004 -9.14168 8 u
47.1004 -9.13032 8 u
47.0004 -9.11895 8 u
46.9004 -9.10758 8 u
46.8003 -9.09621 8 u
46.7003 -9.08485 8 u
46.6003 -9.07348 8 u
46.5003 -9.06211 8 u
46.4003 -9.05074 8 u
46.3002 -9.03938 8 u
46.2002 -9.02801 8 u
46.1002 -9.01664 8 u
46.0002 -9.00528 8 u
45.9001 -8.99391 8 u
45.8001 -8.98254 8 u
45.7001 -8.97117 8 u
45.6001 -8.95981 8 u
45.5001 -8.94844 8 u
45.4 -8.93707 8 u
45.3 -8.9257 8 u
45.2 -8.91434 8 u
45.1 -8.90297 8 u
45 -8.8916 8 u
44.8999 -8.88024 8 u
44.7999 -8.86887 8 u
44.6999 -8.8575 8 u
44.5999 -8.84613 8 u
44.4999 -8.83477 8 u
44.3998 -8.8234 8 u
44.2998 -8.81203 8 u
44.1998 -8.80066 8 u
44.0998 -8.7893 8 u
43.9997 -8.77793 8 u
43.8997 -8.76656 8 u
43.7997 -8.7552 8 u
43.6997 -8.74383 8 u
43.5997 -8.73246 8 u
43.4996 -8.72109 8 u
43.3996 -8.70973 8 u
43.2996 -8.69836 8 u
43.1996 -8.68699 8 u
43.0996 -8.67562 8 u
42.9995 -8.66426 8 u
42.8995 -8.65289 8 u
42.7995 -8.64152 8 u
42.6995 -8.63015 8 u
42.5995 -8.61879 8 u
42.4994 -8.60742 8 u
42.3994 -8.59605 8 u
42.2994 -8.58469 8 u
42.1994 -8.57332 8 u
42.0993 -8.56195 8 u
41.9993 -8.55058 8 u
41.8993 -8.53922 8 u
41.7993 -8.52785 8 u
41.6993 -8.51648 8 u

49.7682 -4.27862 8 u
49.656 -4.30492 8 u
49.5437 -4.33121 8 u
49.4315 -4.35751 8 u
49.3192 -4.3838 8 u
49.207 -4.4101 8 u
49.0947 -4.4364 8 u
48.9825 -4.46269 8 u
48.8702 -4.48899 8 u
48.758 -4.51528 8 u
48.6457 -4.54158 8 u
48.5335 -4.56787 8 u
48.4212 -4.59417 8 u
48.309 -4.62046 8 u
48.1967 -4.64676 8 u
48.0845 -4.67306 8 u
47.9722 -4.69935 8 u
47.86 -4.72565 8 u
47.7477 -4.75194 8 u
47.6355 -4.77824 8 u
47.5232 -4.80453 8 u
47.411 -4.83083 8 u
47.2988 -4.85713 8 u
47.1865 -4.88342 8 u
47.0743 -4.90972 8 u
46.962 -4.93601 8 u
46.8498 -4.96231 8 u
46.7375 -4.9886 8 u
46.6253 -5.0149 8 u
46.513 -5.04119 8 u
46.4008 -5.06749 8 u
46.2885 -5.09379 8 u
46.1763 -5.12008 8 u
46.064 -5.14638 8 u
45.9518 -5.17267 8 u
45.8395 -5.19897 8 u
45.7273 -5.22526 8 u
45.615 -5.25156 8 u
45.5028 -5.27786 8 u
45.3905 -5.30415 8 u
45.2783 -5.33045 8 u
45.166 -5.35674 8 u
45.0538 -5.38304 8 u
44.9415 -5.40933 8 u
44.8293 -5.43563 8 u
44.7171 -5.46192 8 u
44.6048 -5.48822 8 u
44.4926 -5.51452 8 u
44.3803 -5.54081 8 u
44.2681 -5.56711 8 u
44.1558 -5.5934 8 u
44.0436 -5.6197 8 u
43.9313 -5.64599 8 u
43.8191 -5.67229 8 u
43.7068 -5.69859 8 u
43.5946 -5.72488 8 u
43.4823 -5.75118 8 u
43.3701 -5.77747 8 u
43.2578 -5.80377 8 u
43.1456 -5.83006 8 u
43.0333 -5.85636 8 u
42.9211 -5.88266 8 u
42.8088 -5.90895 8 u
42.6966 -5.93525 8 u
42.5843 -5.96154 8 u
42.4721 -5.98784 8 u
42.3598 -6.01413 8 u
42.2476 -6.04043 8 u
42.1354 -6.06672 8 u
42.0231 -6.09302 8 u
41.9109 -6.11932 8 u
41.7986 -6.14561 8 u
41.6864 -6.17191 8 u
41.5741 -6.1982 8 u
41.4619 -6.2245 8 u
41.3496 -6.25079 8 u
41.2374 -6.27709 8 u
41.1251 -6.30339 8 u
41.0129 -6.32968 8 u
40.9006 -6.35598 8 u
40.7884 -6.38227 8 u

41.2577 -21.5463 8 v
41.489 -21.4334 8 v
41.7183 -21.3164 8 v
41.9456 -21.1955 8 v
42.1707 -21.0706 8 v
42.3936 -20.9418 8 v
42.6142 -20.8092 8 v
42.8326 -20.6728 8 v
43.0486 -20.5327 8 v
43.2621 -20.3888 8 v
43.4732 -20.2413 8 v
43.6817 -20.0902 8 v
43.8876 -19.9355 8 v
44.0908 -19.7774 8 v
44.2913 -19.6157 8 v
44.489 -19.4507 8 v
44.6838 -19.2823 8 v
44.8757 -19.1105 8 v
45.0646 -18.9355 8 v
45.2504 -18.7573 8 v
45.4332 -18.5759 8 v
45.6128 -18.3914 8 v
45.7892 -18.2038 8 v
45.9623 -18.0133 8 v
46.1321 -17.8197 8 v
46.2986 -17.6233 8 v
46.4617 -17.4241 8 v
46.6213 -17.2221 8 v
46.7775 -17.0174 8 v
46.9301 -16.8101 8 v
47.0792 -16.6001 8 v
47.2246 -16.3877 8 v
47.3664 -16.1728 8 v
47.5045 -15.9555 8 v
47.6389 -15.7359 8 v
47.7694 -15.5139 8 v
47.8961 -15.2898 8 v
48.019 -15.0635 8 v
48.1379 -14.8351 8 v
48.2528 -14.6047 8 v
48.3637 -14.3723 8 v
48.4706 -14.1379 8 v
48.5733 -13.9018 8 v
48.672 -13.6639 8 v
48.7666 -13.4242 8 v
48.857 -13.183 8 v
48.9432 -12.9403 8 v
49.0252 -12.6961 8 v
49.1031 -12.4506 8 v
49.1767 -12.2038 8 v
49.246 -11.9557 8 v
49.3111 -11.7065 8 v
49.3719 -11.4563 8 v
49.4284 -11.2051 8 v
49.4805 -10.953 8 v
49.5283 -10.7 8 v
49.5716 -10.4464 8 v
49.6106 -10.1921 8 v
49.6452 -9.93714 8 v
49.6753 -9.68171 8 v
49.7009 -9.42587 8 v
49.7222 -9.16966 8 v
49.7393 -8.91314 8 v
49.7527 -8.65633 8 v
49.7627 -8.39927 8 v
49.7697 -8.14199 8 v
49.774 -7.88453 8 v
49.7762 -7.62691 8 v
49.7764 -7.36917 8 v
49.7751 -7.11134 8 v
49.7727 -6.85346 8 v
49.7696 -6.59555 8 v
49.766 -6.33764 8 v
49.7624 -6.07978 8 v
49.7592 -5.82199 8 v
49.7567 -5.56431 8 v
49.7553 -5.30677 8 v
49.7554 -5.04939 8 v
49.7573 -4.79222 8 v
49.7615 -4.53529 8 v
49.7682 -4.27862 8 v

40.5155 -19.6542 8 v
40.7169 -19.5608 8 v
40.9167 -19.4637 8 v
41.1146 -19.3629 8 v
41.3107 -19.2585 8 v
41.5048 -19.1505 8 v
41.6971 -19.039 8 v
41.8872 -18.924 8 v
42.0753 -18.8055 8 v
42.2613 -18.6836 8 v
42.445 -18.5584 8 v
42.6265 -18.4299 8 v
42.8056 -18.2982 8 v
42.9824 -18.1632 8 v
43.1567 -18.025 8 v
43.3284 -17.8837 8 v
43.4977 -17.7394 8 v
43.6642 -17.592 8 v
43.8281 -17.4416 8 v
43.9892 -17.2882 8 v
44.1475 -17.132 8 v
44.3029 -16.9729 8 v
44.4555 -16.811 8 v
44.605 -16.6464 8 v
44.7515 -16.4791 8 v
44.895 -16.3092 8 v
45.0354 -16.1368 8 v
45.1727 -15.9618 8 v
45.3068 -15.7844 8 v
45.4376 -15.6046 8 v
45.5652 -15.4225 8 v
45.6896 -15.2382 8 v
45.8105 -15.0516 8 v
45.9281 -14.8629 8 v
46.0422 -14.6722 8 v
46.1529 -14.4794 8 v
46.2601 -14.2846 8 v
46.3637 -14.0879 8 v
46.4637 -13.8894 8 v
46.56 -13.6892 8 v
46.6527 -13.4871 8 v
46.7417 -13.2835 8 v
46.8269 -13.0782 8 v
46.9083 -12.8714 8 v
46.986 -12.6632 8 v
47.0598 -12.4537 8 v
47.1299 -12.2428 8 v
47.1961 -12.0307 8 v
47.2585 -11.8175 8 v
47.317 -11.6033 8 v
47.3716 -11.3881 8 v
47.4224 -11.1719 8 v
47.4692 -10.955 8 v
47.5121 -10.7372 8 v
47.551 -10.5188 8 v
47.5859 -10.2998 8 v
47.6169 -10.0803 8 v
47.6438 -9.86036 8 v
47.6668 -9.64002 8 v
47.6857 -9.41938 8 v
47.7005 -9.19852 8 v
47.7113 -8.97751 8 v
47.7184 -8.7564 8 v
47.7219 -8.53522 8 v
47.7222 -8.31402 8 v
47.7196 -8.09283 8 v
47.7143 -7.87171 8 v
47.7067 -7.65068 8 v
47.697 -7.42978 8 v
47.6855 -7.20907 8 v
47.6726 -6.98858 8 v
47.6584 -6.76834 8 v
47.6433 -6.5484 8 v
47.6275 -6.32881 8 v
47.6114 -6.10959 8 v
47.5952 -5.89079 8 v
47.5792 -5.67246 8 v
47.5638 -5.45463 8 v
47.5491 -5.23733 8 v
47.5355 -5.02062 8 v
47.5232 -4.80453 8 v

39.7733 -17.7621 8 v
39.9448 -17.6882 8 v
40.115 -17.6109 8 v
40.2836 -17.5303 8 v
40.4507 -17.4463 8 v
40.6161 -17.3591 8 v
40.7799 -17.2687 8 v
40.9419 -17.1751 8 v
41.1021 -17.0783 8 v
41.2604 -16.9785 8 v
41.4168 -16.8756 8 v
41.5713 -16.7697 8 v
41.7236 -16.6608 8 v
41.8739 -16.549 8 v
42.022 -16.4343 8 v
42.1679 -16.3168 8 v
42.3115 -16.1964 8 v
42.4528 -16.0734 8 v
42.5916 -15.9476 8 v
42.728 -15.8191 8 v
42.8618 -15.688 8 v
42.9931 -15.5544 8 v
43.1217 -15.4182 8 v
43.2477 -15.2796 8 v
43.3709 -15.1385 8 v
43.4914 -14.9951 8 v
43.6092 -14.8494 8 v
43.724 -14.7015 8 v
43.8361 -14.5514 8 v
43.9452 -14.3992 8 v
44.0513 -14.2449 8 v
44.1545 -14.0886 8 v
44.2546 -13.9304 8 v
44.3517 -13.7704 8 v
44.4456 -13.6085 8 v
44.5364 -13.4448 8 v
44.624 -13.2794 8 v
44.7084 -13.1124 8 v
44.7895 -12.9438 8 v
44.8673 -12.7736 8 v
44.9417 -12.602 8 v
45.0127 -12.429 8 v
45.0804 -12.2547 8 v
45.1446 -12.079 8 v
45.2054 -11.9022 8 v
45.2627 -11.7243 8 v
45.3166 -11.5453 8 v
45.367 -11.3654 8 v
45.4139 -11.1845 8 v
45.4573 -11.0028 8 v
45.4972 -10.8204 8 v
45.5336 -10.6373 8 v
45.5665 -10.4536 8 v
45.5957 -10.2694 8 v
45.6215 -10.0847 8 v
45.6436 -9.89965 8 v
45.6621 -9.71427 8 v
45.6771 -9.52867 8 v
45.6884 -9.3429 8 v
45.6961 -9.15704 8 v
45.7001 -8.97117 8 v
45.7005 -8.78536 8 v
45.6975 -8.59965 8 v
45.6911 -8.41411 8 v
45.6818 -8.22876 8 v
45.6695 -8.04367 8 v
45.6546 -7.85888 8 v
45.6373 -7.67444 8 v
45.6176 -7.4904 8 v
45.5959 -7.3068 8 v
45.5724 -7.1237 8 v
45.5472 -6.94114 8 v
45.5205 -6.75916 8 v
45.4925 -6.57783 8 v
45.4635 -6.39719 8 v
45.4337 -6.21728 8 v
45.4031 -6.03815 8 v
45.3721 -5.85986 8 v
45.3408 -5.68244 8 v
45.3095 -5.50596 8 v
45.2783 -5.33045 8 v

39.031 -15.87 8 v
39.1728 -15.8156 8 v
39.3133 -15.7582 8 v
39.4526 -15.6977 8 v
39.5907 -15.6342 8 v
39.7274 -15.5678 8 v
39.8627 -15.4984 8 v
39.9965 -15.4262 8 v
40.1288 -15.3512 8 v
40.2596 -15.2733 8 v
40.3886 -15.1927 8 v
40.516 -15.1094 8 v
40.6417 -15.0234 8 v
40.7655 -14.9348 8 v
40.8874 -14.8436 8 v
41.0074 -14.7498 8 v
41.1254 -14.6535 8 v
41.2413 -14.5548 8 v
41.3551 -14.4536 8 v
41.4668 -14.35 8 v
41.5762 -14.2441 8 v
41.6832 -14.1359 8 v
41.788 -14.0254 8 v
41.8904 -13.9127 8 v
41.9904 -13.7979 8 v
42.0879 -13.681 8 v
42.1829 -13.5621 8 v
42.2754 -13.4412 8 v
42.3653 -13.3184 8 v
42.4527 -13.1937 8 v
42.5374 -13.0673 8 v
42.6194 -12.9391 8 v
42.6987 -12.8093 8 v
42.7752 -12.6778 8 v
42.849 -12.5448 8 v
42.9199 -12.4102 8 v
42.9879 -12.2742 8 v
43.0531 -12.1368 8 v
43.1153 -11.9981 8 v
43.1745 -11.8581 8 v
43.2307 -11.7169 8 v
43.2838 -11.5745 8 v
43.3339 -11.4311 8 v
43.3809 -11.2866 8 v
43.4248 -11.1412 8 v
43.4656 -10.9949 8 v
43.5033 -10.8478 8 v
43.5379 -10.7 8 v
43.5693 -10.5515 8 v
43.5977 -10.4024 8 v
43.6228 -10.2528 8 v
43.6449 -10.1027 8 v
43.6637 -9.95229 8 v
43.6794 -9.80155 8 v
43.692 -9.65058 8 v
43.7013 -9.49945 8 v
43.7074 -9.34822 8 v
43.7103 -9.19697 8 v
43.71 -9.04578 8 v
43.7065 -8.89471 8 v
43.6997 -8.74383 8 v
43.6897 -8.59321 8 v
43.6765 -8.44291 8 v
43.6604 -8.29299 8 v
43.6413 -8.14351 8 v
43.6195 -7.99451 8 v
43.5949 -7.84606 8 v
43.5678 -7.6982 8 v
43.5383 -7.55101 8 v
43.5064 -7.40453 8 v
43.4722 -7.25882 8 v
43.436 -7.11393 8 v
43.3977 -6.96993 8 v
43.3576 -6.82686 8 v
43.3157 -6.68479 8 v
43.2721 -6.54376 8 v
43.227 -6.40385 8 v
43.1805 -6.26509 8 v
43.1326 -6.12755 8 v
43.0835 -5.99129 8 v
43.0333 -5.85636 8 v

38.2888 -13.9779 8 v
38.4007 -13.943 8 v
38.5116 -13.9054 8 v
38.6216 -13.8651 8 v
38.7307 -13.8221 8 v
38.8386 -13.7764 8 v
38.9455 -13.7282 8 v
39.0511 -13.6773 8 v
39.1556 -13.624 8 v
39.2587 -13.5681 8 v
39.3605 -13.5098 8 v
39.4608 -13.4491 8 v
39.5597 -13.386 8 v
39.657 -13.3206 8 v
39.7528 -13.2529 8 v
39.8469 -13.1829 8 v
39.9393 -13.1106 8 v
40.0299 -13.0362 8 v
40.1186 -12.9596 8 v
40.2055 -12.8809 8 v
40.2905 -12.8002 8 v
40.3734 -12.7174 8 v
40.4543 -12.6326 8 v
40.5331 -12.5459 8 v
40.6098 -12.4573 8 v
40.6843 -12.3669 8 v
40.7567 -12.2747 8 v
40.8268 -12.1809 8 v
40.8946 -12.0854 8 v
40.9602 -11.9883 8 v
41.0234 -11.8897 8 v
41.0843 -11.7896 8 v
41.1428 -11.6881 8 v
41.1988 -11.5852 8 v
41.2523 -11.481 8 v
41.3034 -11.3756 8 v
41.3519 -11.269 8 v
41.3978 -11.1613 8 v
41.4411 -11.0525 8 v
41.4817 -10.9426 8 v
41.5197 -10.8318 8 v
41.5549 -10.7201 8 v
41.5874 -10.6075 8 v
41.6172 -10.4942 8 v
41.6442 -10.3802 8 v
41.6685 -10.2655 8 v
41.69 -10.1503 8 v
41.7088 -10.0346 8 v
41.7248 -9.91842 8 v
41.738 -9.80192 8 v
41.7485 -9.68513 8 v
41.7561 -9.56811 8 v
41.761 -9.45095 8 v
41.7631 -9.3337 8 v
41.7624 -9.21645 8 v
41.7589 -9.09924 8 v
41.7526 -8.98217 8 v
41.7435 -8.86528 8 v
41.7316 -8.74866 8 v
41.7168 -8.63237 8 v
41.6993 -8.51648 8 v
41.6789 -8.40106 8 v
41.6556 -8.28617 8 v
41.6296 -8.17188 8 v
41.6009 -8.05825 8 v
41.5694 -7.94535 8 v
41.5352 -7.83323 8 v
41.4984 -7.72197 8 v
41.4589 -7.61162 8 v
41.4168 -7.50226 8 v
41.372 -7.39394 8 v
41.3248 -7.28673 8 v
41.275 -7.18069 8 v
41.2226 -7.07589 8 v
41.1678 -6.97238 8 v
41.1106 -6.87025 8 v
41.0509 -6.76954 8 v
40.9888 -6.67032 8 v
40.9243 -6.57266 8 v
40.8575 -6.47663 8 v
40.7884 -6.38227 8 v

33.5976 -12.9062 9 u
33.6126 -13.0326 9 u
33.6275 -13.1589 9 u
33.6424 -13.2853 9 u
33.6574 -13.4116 9 u
33.6723 -13.5379 9 u
33.6873 -13.6643 9 u
33.7022 -13.7906 9 u
33.7172 -13.917 9 u
33.7321 -14.0433 9 u
33.7471 -14.1697 9 u
33.762 -14.296 9 u
33.777 -14.4223 9 u
33.7919 -14.5487 9 u
33.8068 -14.675 9 u
33.8218 -14.8014 9 u
33.8367 -14.9277 9 u
33.8517 -15.054 9 u
33.8666 -15.1804 9 u
33.8816 -15.3067 9 u
33.8965 -15.4331 9 u
33.9115 -15.5594 9 u
33.9264 -15.6857 9 u
33.9413 -15.8121 9 u
33.9563 -15.9384 9 u
33.9712 -16.0648 9 u
33.9862 -16.1911 9 u
34.0011 -16.3175 9 u
34.0161 -16.4438 9 u
34.031 -16.5701 9 u
34.046 -16.6965 9 u
34.0609 -16.8228 9 u
34.0759 -16.9492 9 u
34.0908 -17.0755 9 u
34.1057 -17.2018 9 u
34.1207 -17.3282 9 u
34.1356 -17.4545 9 u
34.1506 -17.5809 9 u
34.1655 -17.7072 9 u
34.1805 -17.8336 9 u
34.1954 -17.9599 9 u
34.2104 -18.0862 9 u
34.2253 -18.2126 9 u
34.2402 -18.3389 9 u
34.2552 -18.4653 9 u
34.2701 -18.5916 9 u
34.2851 -18.7179 9 u
34.3 -18.8443 9 u
34.315 -18.9706 9 u
34.3299 -19.097 9 u
34.3449 -19.2233 9 u
34.3598 -19.3496 9 u
34.3748 -19.476 9 u
34.3897 -19.6023 9 u
34.4046 -19.7287 9 u
34.4196 -19.855 9 u
34.4345 -19.9814 9 u
34.4495 -20.1077 9 u
34.4644 -20.234 9 u
34.4794 -20.3604 9 u
34.4943 -20.4867 9 u
34.5093 -20.6131 9 u
34.5242 -20.7394 9 u
34.5391 -20.8657 9 u
34.5541 -20.9921 9 u
34.569 -21.1184 9 u
34.584 -21.2448 9 u
34.5989 -21.3711 9 u
34.6139 -21.4975 9 u
34.6288 -21.6238 9 u
34.6438 -21.7501 9 u
34.6587 -21.8765 9 u
34.6736 -22.0028 9 u
34.6886 -22.1292 9 u
34.7035 -22.2555 9 u
34.7185 -22.3818 9 u
34.7334 -22.5082 9 u
34.7484 -22.6345 9 u
34.7633 -22.7609 9 u
34.7783 -22.8872 9 u
34.7932 -23.0135 9 u

34.6245 -13.6262 9 u
34.6474 -13.7423 9 u
34.6704 -13.8585 9 u
34.6933 -13.9747 9 u
34.7163 -14.0909 9 u
34.7392 -14.2071 9 u
34.7622 -14.3232 9 u
34.7851 -14.4394 9 u
34.8081 -14.5556 9 u
34.8311 -14.6718 9 u
34.854 -14.7879 9 u
34.877 -14.9041 9 u
34.8999 -15.0203 9 u
34.9229 -15.1365 9 u
34.9458 -15.2526 9 u
34.9688 -15.3688 9 u
34.9917 -15.485 9 u
35.0147 -15.6012 9 u
35.0377 -15.7174 9 u
35.0606 -15.8335 9 u
35.0836 -15.9497 9 u
35.1065 -16.0659 9 u
35.1295 -16.1821 9 u
35.1524 -16.2982 9 u
35.1754 -16.4144 9 u
35.1983 -16.5306 9 u
35.2213 -16.6468 9 u
35.2443 -16.763 9 u
35.2672 -16.8791 9 u
35.2902 -16.9953 9 u
35.3131 -17.1115 9 u
35.3361 -17.2277 9 u
35.359 -17.3438 9 u
35.382 -17.46 9 u
35.4049 -17.5762 9 u
35.4279 -17.6924 9 u
35.4509 -17.8086 9 u
35.4738 -17.9247 9 u
35.4968 -18.0409 9 u
35.5197 -18.1571 9 u
35.5427 -18.2733 9 u
35.5656 -18.3894 9 u
35.5886 -18.5056 9 u
35.6116 -18.6218 9 u
35.6345 -18.738 9 u
35.6575 -18.8541 9 u
35.6804 -18.9703 9 u
35.7034 -19.0865 9 u
35.7263 -19.2027 9 u
35.7493 -19.3189 9 u
35.7722 -19.435 9 u
35.7952 -19.5512 9 u
35.8182 -19.6674 9 u
35.8411 -19.7836 9 u
35.8641 -19.8997 9 u
35.887 -20.0159 9 u
35.91 -20.1321 9 u
35.9329 -20.2483 9 u
35.9559 -20.3645 9 u
35.9788 -20.4806 9 u
36.0018 -20.5968 9 u
36.0248 -20.713 9 u
36.0477 -20.8292 9 u
36.0707 -20.9453 9 u
36.0936 -21.0615 9 u
36.1166 -21.1777 9 u
36.1395 -21.2939 9 u
36.1625 -21.4101 9 u
36.1854 -21.5262 9 u
36.2084 -21.6424 9 u
36.2314 -21.7586 9 u
36.2543 -21.8748 9 u
36.2773 -21.9909 9 u
36.3002 -22.1071 9 u
36.3232 -22.2233 9 u
36.3461 -22.3395 9 u
36.3691 -22.4557 9 u
36.3921 -22.5718 9 u
36.415 -22.688 9 u
36.438 -22.8042 9 u
36.4609 -22.9204 9 u

35.8018 -14.0614 9 u
35.8306 -14.1686 9 u
35.8594 -14.2759 9 u
35.8883 -14.3831 9 u
35.9171 -14.4904 9 u
35.9459 -14.5977 9 u
35.9748 -14.7049 9 u
36.0036 -14.8122 9 u
36.0324 -14.9194 9 u
36.0612 -15.0267 9 u
36.0901 -15.134 9 u
36.1189 -15.2412 9 u
36.1477 -15.3485 9 u
36.1766 -15.4557 9 u
36.2054 -15.563 9 u
36.2342 -15.6702 9 u
36.263 -15.7775 9 u
36.2919 -15.8848 9 u
36.3207 -15.992 9 u
36.3495 -16.0993 9 u
36.3784 -16.2065 9 u
36.4072 -16.3138 9 u
36.436 -16.4211 9 u
36.4648 -16.5283 9 u
36.4937 -16.6356 9 u
36.5225 -16.7428 9 u
36.5513 -16.8501 9 u
36.5801 -16.9574 9 u
36.609 -17.0646 9 u
36.6378 -17.1719 9 u
36.6666 -17.2791 9 u
36.6955 -17.3864 9 u
36.7243 -17.4937 9 u
36.7531 -17.6009 9 u
36.7819 -17.7082 9 u
36.8108 -17.8154 9 u
36.8396 -17.9227 9 u
36.8684 -18.0299 9 u
36.8973 -18.1372 9 u
36.9261 -18.2445 9 u
36.9549 -18.3517 9 u
36.9837 -18.459 9 u
37.0126 -18.5662 9 u
37.0414 -18.6735 9 u
37.0702 -18.7808 9 u
37.0991 -18.888 9 u
37.1279 -18.9953 9 u
37.1567 -19.1025 9 u
37.1855 -19.2098 9 u
37.2144 -19.3171 9 u
37.2432 -19.4243 9 u
37.272 -19.5316 9 u
37.3008 -19.6388 9 u
37.3297 -19.7461 9 u
37.3585 -19.8534 9 u
37.3873 -19.9606 9 u
37.4162 -20.0679 9 u
37.445 -20.1751 9 u
37.4738 -20.2824 9 u
37.5026 -20.3896 9 u
37.5315 -20.4969 9 u
37.5603 -20.6042 9 u
37.5891 -20.7114 9 u
37.618 -20.8187 9 u
37.6468 -20.9259 9 u
37.6756 -21.0332 9 u
37.7044 -21.1405 9 u
37.7333 -21.2477 9 u
37.7621 -21.355 9 u
37.7909 -21.4622 9 u
37.8198 -21.5695 9 u
37.8486 -21.6768 9 u
37.8774 -21.784 9 u
37.9062 -21.8913 9 u
37.9351 -21.9985 9 u
37.9639 -22.1058 9 u
37.9927 -22.2131 9 u
38.0216 -22.3203 9 u
38.0504 -22.4276 9 u
38.0792 -22.5348 9 u
38.108 -22.6421 9 u

37.0513 -14.1805 9 u
37.0845 -14.2806 9 u
37.1178 -14.3806 9 u
37.1511 -14.4806 9 u
37.1844 -14.5806 9 u
37.2177 -14.6806 9 u
37.2509 -14.7807 9 u
37.2842 -14.8807 9 u
37.3175 -14.9807 9 u
37.3508 -15.0807 9 u
37.3841 -15.1807 9 u
37.4173 -15.2807 9 u
37.4506 -15.3808 9 u
37.4839 -15.4808 9 u
37.5172 -15.5808 9 u
37.5505 -15.6808 9 u
37.5838 -15.7808 9 u
37.617 -15.8809 9 u
37.6503 -15.9809 9 u
37.6836 -16.0809 9 u
37.7169 -16.1809 9 u
37.7502 -16.2809 9 u
37.7834 -16.381 9 u
37.8167 -16.481 9 u
37.85 -16.581 9 u
37.8833 -16.681 9 u
37.9166 -16.781 9 u
37.9498 -16.881 9 u
37.9831 -16.9811 9 u
38.0164 -17.0811 9 u
38.0497 -17.1811 9 u
38.083 -17.2811 9 u
38.1162 -17.3811 9 u
38.1495 -17.4812 9 u
38.1828 -17.5812 9 u
38.2161 -17.6812 9 u
38.2494 -17.7812 9 u
38.2826 -17.8812 9 u
38.3159 -17.9813 9 u
38.3492 -18.0813 9 u
38.3825 -18.1813 9 u
38.4158 -18.2813 9 u
38.449 -18.3813 9 u
38.4823 -18.4813 9 u
38.5156 -18.5814 9 u
38.5489 -18.6814 9 u
38.5822 -18.7814 9 u
38.6154 -18.8814 9 u
38.6487 -18.9814 9 u
38.682 -19.0815 9 u
38.7153 -19.1815 9 u
38.7486 -19.2815 9 u
38.7818 -19.3815 9 u
38.8151 -19.4815 9 u
38.8484 -19.5816 9 u
38.8817 -19.6816 9 u
38.915 -19.7816 9 u
38.9482 -19.8816 9 u
38.9815 -19.9816 9 u
39.0148 -20.0816 9 u
39.0481 -20.1817 9 u
39.0814 -20.2817 9 u
39.1146 -20.3817 9 u
39.1479 -20.4817 9 u
39.1812 -20.5817 9 u
39.2145 -20.6818 9 u
39.2478 -20.7818 9 u
39.281 -20.8818 9 u
39.3143 -20.9818 9 u
39.3476 -21.0818 9 u
39.3809 -21.1818 9 u
39.4142 -21.2819 9 u
39.4475 -21.3819 9 u
39.4807 -21.4819 9 u
39.514 -21.5819 9 u
39.5473 -21.6819 9 u
39.5806 -21.782 9 u
39.6139 -21.882 9 u
39.6471 -21.982 9 u
39.6804 -22.082 9 u
39.7137 -22.182 9 u

38.2887 -13.9779 9 u
38.3258 -14.0725 9 u
38.363 -14.1671 9 u
38.4001 -14.2618 9 u
38.4372 -14.3564 9 u
38.4743 -14.451 9 u
38.5114 -14.5456 9 u
38.5485 -14.6402 9 u
38.5856 -14.7348 9 u
38.6228 -14.8294 9 u
38.6599 -14.924 9 u
38.697 -15.0186 9 u
38.7341 -15.1132 9 u
38.7712 -15.2078 9 u
38.8083 -15.3024 9 u
38.8454 -15.397 9 u
38.8826 -15.4916 9 u
38.9197 -15.5862 9 u
38.9568 -15.6808 9 u
38.9939 -15.7754 9 u
39.031 -15.87 9 u
39.0681 -15.9646 9 u
39.1052 -16.0592 9 u
39.1424 -16.1538 9 u
39.1795 -16.2484 9 u
39.2166 -16.343 9 u
39.2537 -16.4376 9 u
39.2908 -16.5323 9 u
39.3279 -16.6269 9 u
39.365 -16.7215 9 u
39.4021 -16.8161 9 u
39.4393 -16.9107 9 u
39.4764 -17.0053 9 u
39.5135 -17.0999 9 u
39.5506 -17.1945 9 u
39.5877 -17.2891 9 u
39.6248 -17.3837 9 u
39.6619 -17.4783 9 u
39.6991 -17.5729 9 u
39.7362 -17.6675 9 u
39.7733 -17.7621 9 u
39.8104 -17.8567 9 u
39.8475 -17.9513 9 u
39.8846 -18.0459 9 u
39.9217 -18.1405 9 u
39.9589 -18.2351 9 u
39.996 -18.3297 9 u
40.0331 -18.4243 9 u
40.0702 -18.5189 9 u
40.1073 -18.6135 9 u
40.1444 -18.7082 9 u
40.1815 -18.8028 9 u
40.2186 -18.8974 9 u
40.2558 -18.992 9 u
40.2929 -19.0866 9 u
40.33 -19.1812 9 u
40.3671 -19.2758 9 u
40.4042 -19.3704 9 u
40.4413 -19.465 9 u
40.4784 -19.5596 9 u
40.5156 -19.6542 9 u
40.5527 -19.7488 9 u
40.5898 -19.8434 9 u
40.6269 -19.938 9 u
40.664 -20.0326 9 u
40.7011 -20.1272 9 u
40.7382 -20.2218 9 u
40.7754 -20.3164 9 u
40.8125 -20.411 9 u
40.8496 -20.5056 9 u
40.8867 -20.6002 9 u
40.9238 -20.6948 9 u
40.9609 -20.7894 9 u
40.998 -20.884 9 u
41.0352 -20.9787 9 u
41.0723 -21.0733 9 u
41.1094 -21.1679 9 u
41.1465 -21.2625 9 u
41.1836 -21.3571 9 u
41.2207 -21.4517 9 u
41.2578 -21.5463 9 u

33.5976 -12.9062 9 v
33.6441 -12.9481 9 v
33.6911 -12.9895 9 v
33.7387 -13.0302 9 v
33.7869 -13.0704 9 v
33.8356 -13.11 9 v
33.8849 -13.1489 9 v
33.9346 -13.1873 9 v
33.9849 -13.225 9 v
34.0357 -13.2621 9 v
34.087 -13.2985 9 v
34.1388 -13.3343 9 v
34.191 -13.3695 9 v
34.2437 -13.404 9 v
34.2968 -13.4378 9 v
34.3504 -13.4709 9 v
34.4044 -13.5034 9 v
34.4588 -13.5351 9 v
34.5136 -13.5662 9 v
34.5689 -13.5965 9 v
34.6245 -13.6262 9 v
34.6804 -13.6551 9 v
34.7367 -13.6832 9 v
34.7934 -13.7107 9 v
34.8505 -13.7374 9 v
34.9078 -13.7633 9 v
34.9655 -13.7886 9 v
35.0235 -13.813 9 v
35.0818 -13.8367 9 v
35.1404 -13.8597 9 v
35.1993 -13.8819 9 v
35.2584 -13.9034 9 v
35.3179 -13.924 9 v
35.3776 -13.9439 9 v
35.4375 -13.9631 9 v
35.4977 -13.9814 9 v
35.5581 -13.999 9 v
35.6187 -14.0158 9 v
35.6795 -14.0318 9 v
35.7406 -14.047 9 v
35.8018 -14.0614 9 v
35.8632 -14.075 9 v
35.9248 -14.0878 9 v
35.9865 -14.0998 9 v
36.0484 -14.111 9 v
36.1105 -14.1214 9 v
36.1726 -14.131 9 v
36.2349 -14.1398 9 v
36.2973 -14.1478 9 v
36.3598 -14.155 9 v
36.4224 -14.1613 9 v
36.4851 -14.1669 9 v
36.5479 -14.1717 9 v
36.6107 -14.1756 9 v
36.6736 -14.1787 9 v
36.7365 -14.1811 9 v
36.7994 -14.1826 9 v
36.8624 -14.1833 9 v
36.9253 -14.1832 9 v
36.9883 -14.1823 9 v
37.0513 -14.1805 9 v
37.1142 -14.178 9 v
37.1771 -14.1746 9 v
37.24 -14.1705 9 v
37.3028 -14.1655 9 v
37.3655 -14.1597 9 v
37.4282 -14.1531 9 v
37.4907 -14.1457 9 v
37.5531 -14.1375 9 v
37.6154 -14.1285 9 v
37.6776 -14.1188 9 v
37.7396 -14.1082 9 v
37.8015 -14.0969 9 v
37.8632 -14.0847 9 v
37.9246 -14.0718 9 v
37.9859 -14.0581 9 v
38.047 -14.0436 9 v
38.1078 -14.0283 9 v
38.1684 -14.0123 9 v
38.2287 -13.9955 9 v
38.2887 -13.9779 9 v

33.8965 -15.4331 9 v
33.9522 -15.4644 9 v
34.0084 -15.4953 9 v
34.065 -15.5255 9 v
34.122 -15.5552 9 v
34.1794 -15.5844 9 v
34.2372 -15.613 9 v
34.2954 -15.641 9 v
34.354 -15.6684 9 v
34.4129 -15.6952 9 v
34.4723 -15.7214 9 v
34.532 -15.7471 9 v
34.592 -15.7721 9 v
34.6523 -15.7965 9 v
34.713 -15.8203 9 v
34.774 -15.8435 9 v
34.8354 -15.866 9 v
34.897 -15.8879 9 v
34.9589 -15.9092 9 v
35.0211 -15.9298 9 v
35.0836 -15.9497 9 v
35.1463 -15.969 9 v
35.2093 -15.9876 9 v
35.2725 -16.0056 9 v
35.336 -16.0229 9 v
35.3997 -16.0395 9 v
35.4637 -16.0555 9 v
35.5278 -16.0707 9 v
35.5922 -16.0853 9 v
35.6568 -16.0993 9 v
35.7216 -16.1125 9 v
35.7865 -16.125 9 v
35.8517 -16.1369 9 v
35.917 -16.148 9 v
35.9825 -16.1585 9 v
36.0481 -16.1683 9 v
36.1139 -16.1773 9 v
36.1798 -16.1857 9 v
36.2459 -16.1934 9 v
36.312 -16.2003 9 v
36.3784 -16.2065 9 v
36.4448 -16.2121 9 v
36.5113 -16.2169 9 v
36.5779 -16.221 9 v
36.6446 -16.2244 9 v
36.7114 -16.227 9 v
36.7782 -16.229 9 v
36.8451 -16.2302 9 v
36.9121 -16.2307 9 v
36.9791 -16.2305 9 v
37.0461 -16.2296 9 v
37.1132 -16.228 9 v
37.1803 -16.2256 9 v
37.2474 -16.2226 9 v
37.3145 -16.2188 9 v
37.3817 -16.2143 9 v
37.4488 -16.209 9 v
37.5158 -16.2031 9 v
37.5829 -16.1964 9 v
37.6499 -16.189 9 v
37.7169 -16.1809 9 v
37.7838 -16.1721 9 v
37.8506 -16.1625 9 v
37.9174 -16.1523 9 v
37.9841 -16.1413 9 v
38.0507 -16.1296 9 v
38.1172 -16.1172 9 v
38.1836 -16.1041 9 v
38.2499 -16.0902 9 v
38.316 -16.0757 9 v
38.3819 -16.0605 9 v
38.4477 -16.0445 9 v
38.5134 -16.0279 9 v
38.5788 -16.0106 9 v
38.6441 -15.9926 9 v
38.7091 -15.9739 9 v
38.774 -15.9545 9 v
38.8386 -15.9344 9 v
38.903 -15.9136 9 v
38.9671 -15.8922 9 v
39.031 -15.87 9 v

34.1954 -17.9599 9 v
34.2604 -17.9807 9 v
34.3257 -18.001 9 v
34.3912 -18.0208 9 v
34.457 -18.0401 9 v
34.5232 -18.0588 9 v
34.5895 -18.077 9 v
34.6562 -18.0947 9 v
34.723 -18.1118 9 v
34.7902 -18.1284 9 v
34.8575 -18.1444 9 v
34.9251 -18.1598 9 v
34.993 -18.1747 9 v
35.061 -18.189 9 v
35.1292 -18.2028 9 v
35.1977 -18.216 9 v
35.2663 -18.2286 9 v
35.3352 -18.2407 9 v
35.4042 -18.2521 9 v
35.4733 -18.263 9 v
35.5427 -18.2733 9 v
35.6122 -18.2829 9 v
35.6818 -18.292 9 v
35.7516 -18.3005 9 v
35.8216 -18.3084 9 v
35.8917 -18.3157 9 v
35.9619 -18.3224 9 v
36.0322 -18.3285 9 v
36.1026 -18.3339 9 v
36.1732 -18.3388 9 v
36.2439 -18.3431 9 v
36.3146 -18.3467 9 v
36.3855 -18.3497 9 v
36.4564 -18.3521 9 v
36.5274 -18.3539 9 v
36.5985 -18.3551 9 v
36.6697 -18.3557 9 v
36.7409 -18.3556 9 v
36.8122 -18.355 9 v
36.8835 -18.3537 9 v
36.9549 -18.3517 9 v
37.0263 -18.3492 9 v
37.0978 -18.346 9 v
37.1693 -18.3422 9 v
37.2408 -18.3377 9 v
37.3123 -18.3327 9 v
37.3838 -18.327 9 v
37.4553 -18.3206 9 v
37.5268 -18.3137 9 v
37.5984 -18.3061 9 v
37.6698 -18.2979 9 v
37.7413 -18.2891 9 v
37.8128 -18.2796 9 v
37.8842 -18.2695 9 v
37.9555 -18.2588 9 v
38.0268 -18.2474 9 v
38.0981 -18.2355 9 v
38.1693 -18.2229 9 v
38.2404 -18.2096 9 v
38.3115 -18.1958 9 v
38.3825 -18.1813 9 v
38.4534 -18.1662 9 v
38.5242 -18.1504 9 v
38.5949 -18.1341 9 v
38.6655 -18.1171 9 v
38.7359 -18.0995 9 v
38.8063 -18.0812 9 v
38.8765 -18.0624 9 v
38.9466 -18.0429 9 v
39.0165 -18.0229 9 v
39.0863 -18.0022 9 v
39.1558 -17.9809 9 v
39.2253 -17.959 9 v
39.2945 -17.9365 9 v
39.3635 -17.9134 9 v
39.4324 -17.8896 9 v
39.501 -17.8653 9 v
39.5694 -17.8404 9 v
39.6376 -17.8149 9 v
39.7056 -17.7888 9 v
39.7733 -17.7621 9 v

34.4943 -20.4867 9 v
34.5685 -20.497 9 v
34.6429 -20.5068 9 v
34.7174 -20.5161 9 v
34.7921 -20.525 9 v
34.8669 -20.5333 9 v
34.9419 -20.5411 9 v
35.0169 -20.5484 9 v
35.0921 -20.5552 9 v
35.1674 -20.5615 9 v
35.2428 -20.5673 9 v
35.3183 -20.5726 9 v
35.3939 -20.5773 9 v
35.4696 -20.5816 9 v
35.5454 -20.5853 9 v
35.6213 -20.5885 9 v
35.6973 -20.5912 9 v
35.7733 -20.5934 9 v
35.8494 -20.5951 9 v
35.9256 -20.5962 9 v
36.0018 -20.5968 9 v
36.0781 -20.5969 9 v
36.1544 -20.5964 9 v
36.2308 -20.5954 9 v
36.3072 -20.5939 9 v
36.3836 -20.5919 9 v
36.4601 -20.5893 9 v
36.5366 -20.5862 9 v
36.6131 -20.5825 9 v
36.6896 -20.5783 9 v
36.7662 -20.5736 9 v
36.8427 -20.5684 9 v
36.9193 -20.5626 9 v
36.9958 -20.5563 9 v
37.0724 -20.5494 9 v
37.149 -20.542 9 v
37.2255 -20.5341 9 v
37.302 -20.5256 9 v
37.3785 -20.5166 9 v
37.455 -20.507 9 v
37.5315 -20.4969 9 v
37.6079 -20.4863 9 v
37.6843 -20.4751 9 v
37.7606 -20.4634 9 v
37.8369 -20.4511 9 v
37.9132 -20.4383 9 v
37.9894 -20.425 9 v
38.0655 -20.4111 9 v
38.1416 -20.3967 9 v
38.2176 -20.3817 9 v
38.2935 -20.3662 9 v
38.3694 -20.3502 9 v
38.4452 -20.3336 9 v
38.5209 -20.3165 9 v
38.5965 -20.2988 9 v
38.672 -20.2806 9 v
38.7474 -20.2619 9 v
38.8228 -20.2427 9 v
38.898 -20.2229 9 v
38.9731 -20.2025 9 v
39.0481 -20.1817 9 v
39.123 -20.1603 9 v
39.1977 -20.1383 9 v
39.2723 -20.1159 9 v
39.3468 -20.0929 9 v
39.4212 -20.0694 9 v
39.4954 -20.0453 9 v
39.5694 -20.0207 9 v
39.6433 -19.9956 9 v
39.717 -19.97 9 v
39.7906 -19.9439 9 v
39.8639 -19.9172 9 v
39.9371 -19.89 9 v
40.0102 -19.8623 9 v
40.083 -19.8341 9 v
40.1556 -19.8054 9 v
40.228 -19.7762 9 v
40.3002 -19.7464 9 v
40.3722 -19.7162 9 v
40.444 -19.6855 9 v
40.5156 -19.6542 9 v

34.7932 -23.0135 9 v
34.8767 -23.0133 9 v
34.9602 -23.0126 9 v
35.0437 -23.0114 9 v
35.1272 -23.0098 9 v
35.2107 -23.0077 9 v
35.2942 -23.0051 9 v
35.3777 -23.0021 9 v
35.4612 -22.9986 9 v
35.5446 -22.9946 9 v
35.6281 -22.9902 9 v
35.7115 -22.9853 9 v
35.7949 -22.98 9 v
35.8783 -22.9741 9 v
35.9617 -22.9678 9 v
36.045 -22.9611 9 v
36.1282 -22.9539 9 v
36.2115 -22.9462 9 v
36.2947 -22.938 9 v
36.3778 -22.9294 9 v
36.4609 -22.9204 9 v
36.544 -22.9108 9 v
36.6269 -22.9008 9 v
36.7099 -22.8904 9 v
36.7927 -22.8794 9 v
36.8755 -22.868 9 v
36.9582 -22.8562 9 v
37.0409 -22.8439 9 v
37.1235 -22.8311 9 v
37.206 -22.8179 9 v
37.2884 -22.8042 9 v
37.3708 -22.79 9 v
37.4531 -22.7754 9 v
37.5353 -22.7604 9 v
37.6174 -22.7448 9 v
37.6994 -22.7289 9 v
37.7813 -22.7124 9 v
37.8631 -22.6955 9 v
37.9449 -22.6782 9 v
38.0265 -22.6604 9 v
38.108 -22.6421 9 v
38.1895 -22.6234 9 v
38.2708 -22.6042 9 v
38.352 -22.5846 9 v
38.4331 -22.5645 9 v
38.5141 -22.5439 9 v
38.595 -22.5229 9 v
38.6757 -22.5015 9 v
38.7563 -22.4796 9 v
38.8369 -22.4573 9 v
38.9172 -22.4345 9 v
38.9975 -22.4112 9 v
39.0776 -22.3876 9 v
39.1576 -22.3634 9 v
39.2375 -22.3388 9 v
39.3172 -22.3138 9 v
39.3968 -22.2883 9 v
39.4762 -22.2624 9 v
39.5555 -22.2361 9 v
39.6347 -22.2093 9 v
39.7137 -22.182 9 v
39.7925 -22.1544 9 v
39.8712 -22.1262 9 v
39.9498 -22.0977 9 v
40.0282 -22.0687 9 v
40.1064 -22.0392 9 v
40.1844 -22.0094 9 v
40.2623 -21.9791 9 v
40.34 -21.9483 9 v
40.4175 -21.9172 9 v
40.4949 -21.8856 9 v
40.5721 -21.8535 9 v
40.649 -21.8211 9 v
40.7258 -21.7882 9 v
40.8024 -21.7549 9 v
40.8788 -21.7212 9 v
40.955 -21.687 9 v
41.0311 -21.6525 9 v
41.1069 -21.6175 9 v
41.1825 -21.5821 9 v
41.2578 -21.5463 9 v

25.0203 -14.1581 10 u
25.0484 -14.2688 10 u
25.0765 -14.3795 10 u
25.1046 -14.4902 10 u
25.1326 -14.6009 10 u
25.1607 -14.7116 10 u
25.1888 -14.8223 10 u
25.2169 -14.933 10 u
25.245 -15.0437 10 u
25.273 -15.1544 10 u
25.3011 -15.2651 10 u
25.3292 -15.3757 10 u
25.3573 -15.4864 10 u
25.3854 -15.5971 10 u
25.4135 -15.7078 10 u
25.4415 -15.8185 10 u
25.4696 -15.9292 10 u
25.4977 -16.0399 10 u
25.5258 -16.1506 10 u
25.5539 -16.2613 10 u
25.5819 -16.372 10 u
25.61 -16.4827 10 u
25.6381 -16.5934 10 u
25.6662 -16.7041 10 u
25.6943 -16.8148 10 u
25.7223 -16.9254 10 u
25.7504 -17.0361 10 u
25.7785 -17.1468 10 u
25.8066 -17.2575 10 u
25.8347 -17.3682 10 u
25.8627 -17.4789 10 u
25.8908 -17.5896 10 u
25.9189 -17.7003 10 u
25.947 -17.811 10 u
25.9751 -17.9217 10 u
26.0032 -18.0324 10 u
26.0312 -18.1431 10 u
26.0593 -18.2538 10 u
26.0874 -18.3645 10 u
26.1155 -18.4751 10 u
26.1436 -18.5858 10 u
26.1716 -18.6965 10 u
26.1997 -18.8072 10 u
26.2278 -18.9179 10 u
26.2559 -19.0286 10 u
26.284 -19.1393 10 u
26.312 -19.25 10 u
26.3401 -19.3607 10 u
26.3682 -19.4714 10 u
26.3963 -19.5821 10 u
26.4244 -19.6928 10 u
26.4524 -19.8035 10 u
26.4805 -19.9142 10 u
26.5086 -20.0248 10 u
26.5367 -20.1355 10 u
26.5648 -20.2462 10 u
26.5929 -20.3569 10 u
26.6209 -20.4676 10 u
26.649 -20.5783 10 u
26.6771 -20.689 10 u
26.7052 -20.7997 10 u
26.7333 -20.9104 10 u
26.7613 -21.0211 10 u
26.7894 -21.1318 10 u
26.8175 -21.2425 10 u
26.8456 -21.3532 10 u
26.8737 -21.4638 10 u
26.9017 -21.5745 10 u
26.9298 -21.6852 10 u
26.9579 -21.7959 10 u
26.986 -21.9066 10 u
27.0141 -22.0173 10 u
27.0421 -22.128 10 u
27.0702 -22.2387 10 u
27.0983 -22.3494 10 u
27.1264 -22.4601 10 u
27.1545 -22.5708 10 u
27.1826 -22.6815 10 u
27.2106 -22.7922 10 u
27.2387 -22.9029 10 u
27.2668 -23.0135 10 u

27.1646 -13.8452 10 u
27.1894 -13.9598 10 u
27.2142 -14.0744 10 u
27.239 -14.189 10 u
27.2638 -14.3036 10 u
27.2886 -14.4182 10 u
27.3134 -14.5328 10 u
27.3382 -14.6474 10 u
27.363 -14.762 10 u
27.3878 -14.8766 10 u
27.4126 -14.9912 10 u
27.4374 -15.1058 10 u
27.4622 -15.2204 10 u
27.487 -15.335 10 u
27.5118 -15.4496 10 u
27.5366 -15.5642 10 u
27.5614 -15.6788 10 u
27.5862 -15.7934 10 u
27.611 -15.908 10 u
27.6358 -16.0226 10 u
27.6606 -16.1372 10 u
27.6854 -16.2519 10 u
27.7102 -16.3665 10 u
27.735 -16.4811 10 u
27.7598 -16.5957 10 u
27.7846 -16.7103 10 u
27.8094 -16.8249 10 u
27.8342 -16.9395 10 u
27.859 -17.0541 10 u
27.8838 -17.1687 10 u
27.9086 -17.2833 10 u
27.9333 -17.3979 10 u
27.9581 -17.5125 10 u
27.9829 -17.6271 10 u
28.0077 -17.7417 10 u
28.0325 -17.8563 10 u
28.0573 -17.9709 10 u
28.0821 -18.0855 10 u
28.1069 -18.2001 10 u
28.1317 -18.3147 10 u
28.1565 -18.4293 10 u
28.1813 -18.544 10 u
28.2061 -18.6586 10 u
28.2309 -18.7732 10 u
28.2557 -18.8878 10 u
28.2805 -19.0024 10 u
28.3053 -19.117 10 u
28.3301 -19.2316 10 u
28.3549 -19.3462 10 u
28.3797 -19.4608 10 u
28.4045 -19.5754 10 u
28.4293 -19.69 10 u
28.4541 -19.8046 10 u
28.4789 -19.9192 10 u
28.5037 -20.0338 10 u
28.5285 -20.1484 10 u
28.5533 -20.263 10 u
28.5781 -20.3776 10 u
28.6029 -20.4922 10 u
28.6277 -20.6068 10 u
28.6525 -20.7214 10 u
28.6773 -20.8361 10 u
28.7021 -20.9507 10 u
28.7268 -21.0653 10 u
28.7516 -21.1799 10 u
28.7764 -21.2945 10 u
28.8012 -21.4091 10 u
28.826 -21.5237 10 u
28.8508 -21.6383 10 u
28.8756 -21.7529 10 u
28.9004 -21.8675 10 u
28.9252 -21.9821 10 u
28.95 -22.0967 10 u
28.9748 -22.2113 10 u
28.9996 -22.3259 10 u
29.0244 -22.4405 10 u
29.0492 -22.5551 10 u
29.074 -22.6697 10 u
29.0988 -22.7843 10 u
29.1236 -22.8989 10 u
29.1484 -23.0135 10 u

29.309 -13.5322 10 u
29.3305 -13.6507 10 u
29.352 -13.7692 10 u
29.3735 -13.8877 10 u
29.395 -14.0062 10 u
29.4165 -14.1248 10 u
29.438 -14.2433 10 u
29.4596 -14.3618 10 u
29.4811 -14.4803 10 u
29.5026 -14.5988 10 u
29.5241 -14.7174 10 u
29.5456 -14.8359 10 u
29.5671 -14.9544 10 u
29.5886 -15.0729 10 u
29.6101 -15.1914 10 u
29.6317 -15.3099 10 u
29.6532 -15.4285 10 u
29.6747 -15.547 10 u
29.6962 -15.6655 10 u
29.7177 -15.784 10 u
29.7392 -15.9025 10 u
29.7607 -16.021 10 u
29.7823 -16.1396 10 u
29.8038 -16.2581 10 u
29.8253 -16.3766 10 u
29.8468 -16.4951 10 u
29.8683 -16.6136 10 u
29.8898 -16.7321 10 u
29.9113 -16.8507 10 u
29.9328 -16.9692 10 u
29.9544 -17.0877 10 u
29.9759 -17.2062 10 u
29.9974 -17.3247 10 u
30.0189 -17.4432 10 u
30.0404 -17.5618 10 u
30.0619 -17.6803 10 u
30.0834 -17.7988 10 u
30.1049 -17.9173 10 u
30.1265 -18.0358 10 u
30.148 -18.1543 10 u
30.1695 -18.2729 10 u
30.191 -18.3914 10 u
30.2125 -18.5099 10 u
30.234 -18.6284 10 u
30.2555 -18.7469 10 u
30.277 -18.8654 10 u
30.2986 -18.984 10 u
30.3201 -19.1025 10 u
30.3416 -19.221 10 u
30.3631 -19.3395 10 u
30.3846 -19.458 10 u
30.4061 -19.5766 10 u
30.4276 -19.6951 10 u
30.4492 -19.8136 10 u
30.4707 -19.9321 10 u
30.4922 -20.0506 10 u
30.5137 -20.1691 10 u
30.5352 -20.2877 10 u
30.5567 -20.4062 10 u
30.5782 -20.5247 10 u
30.5997 -20.6432 10 u
30.6213 -20.7617 10 u
30.6428 -20.8802 10 u
30.6643 -20.9988 10 u
30.6858 -21.1173 10 u
30.7073 -21.2358 10 u
30.7288 -21.3543 10 u
30.7503 -21.4728 10 u
30.7718 -21.5913 10 u
30.7934 -21.7099 10 u
30.8149 -21.8284 10 u
30.8364 -21.9469 10 u
30.8579 -22.0654 10 u
30.8794 -22.1839 10 u
30.9009 -22.3024 10 u
30.9224 -22.421 10 u
30.9439 -22.5395 10 u
30.9655 -22.658 10 u
30.987 -22.7765 10 u
31.0085 -22.895 10 u
31.03 -23.0135 10 u

31.4533 -13.2192 10 u
31.4715 -13.3416 10 u
31.4897 -13.4641 10 u
31.508 -13.5865 10 u
31.5262 -13.7089 10 u
31.5444 -13.8314 10 u
31.5627 -13.9538 10 u
31.5809 -14.0762 10 u
31.5991 -14.1986 10 u
31.6173 -14.3211 10 u
31.6356 -14.4435 10 u
31.6538 -14.5659 10 u
31.672 -14.6884 10 u
31.6903 -14.8108 10 u
31.7085 -14.9332 10 u
31.7267 -15.0556 10 u
31.745 -15.1781 10 u
31.7632 -15.3005 10 u
31.7814 -15.4229 10 u
31.7996 -15.5454 10 u
31.8179 -15.6678 10 u
31.8361 -15.7902 10 u
31.8543 -15.9127 10 u
31.8726 -16.0351 10 u
31.8908 -16.1575 10 u
31.909 -16.2799 10 u
31.9272 -16.4024 10 u
31.9455 -16.5248 10 u
31.9637 -16.6472 10 u
31.9819 -16.7697 10 u
32.0002 -16.8921 10 u
32.0184 -17.0145 10 u
32.0366 -17.1369 10 u
32.0548 -17.2594 10 u
32.0731 -17.3818 10 u
32.0913 -17.5042 10 u
32.1095 -17.6267 10 u
32.1278 -17.7491 10 u
32.146 -17.8715 10 u
32.1642 -17.9939 10 u
32.1824 -18.1164 10 u
32.2007 -18.2388 10 u
32.2189 -18.3612 10 u
32.2371 -18.4837 10 u
32.2554 -18.6061 10 u
32.2736 -18.7285 10 u
32.2918 -18.851 10 u
32.31 -18.9734 10 u
32.3283 -19.0958 10 u
32.3465 -19.2182 10 u
32.3647 -19.3407 10 u
32.383 -19.4631 10 u
32.4012 -19.5855 10 u
32.4194 -19.708 10 u
32.4377 -19.8304 10 u
32.4559 -19.9528 10 u
32.4741 -20.0752 10 u
32.4923 -20.1977 10 u
32.5106 -20.3201 10 u
32.5288 -20.4425 10 u
32.547 -20.565 10 u
32.5653 -20.6874 10 u
32.5835 -20.8098 10 u
32.6017 -20.9322 10 u
32.6199 -21.0547 10 u
32.6382 -21.1771 10 u
32.6564 -21.2995 10 u
32.6746 -21.422 10 u
32.6929 -21.5444 10 u
32.7111 -21.6668 10 u
32.7293 -21.7893 10 u
32.7475 -21.9117 10 u
32.7658 -22.0341 10 u
32.784 -22.1565 10 u
32.8022 -22.279 10 u
32.8205 -22.4014 10 u
32.8387 -22.5238 10 u
32.8569 -22.6463 10 u
32.8751 -22.7687 10 u
32.8934 -22.8911 10 u
32.9116 -23.0135 10 u

33.5976 -12.9062 10 u
33.6126 -13.0326 10 u
33.6275 -13.1589 10 u
33.6424 -13.2853 10 u
33.6574 -13.4116 10 u
33.6723 -13.5379 10 u
33.6873 -13.6643 10 u
33.7022 -13.7906 10 u
33.7172 -13.917 10 u
33.7321 -14.0433 10 u
33.7471 -14.1697 10 u
33.762 -14.296 10 u
33.777 -14.4223 10 u
33.7919 -14.5487 10 u
33.8068 -14.675 10 u
33.8218 -14.8014 10 u
33.8367 -14.9277 10 u
33.8517 -15.054 10 u
33.8666 -15.1804 10 u
33.8816 -15.3067 10 u
33.8965 -15.4331 10 u
33.9115 -15.5594 10 u
33.9264 -15.6857 10 u
33.9413 -15.8121 10 u
33.9563 -15.9384 10 u
33.9712 -16.0648 10 u
33.9862 -16.1911 10 u
34.0011 -16.3175 10 u
34.0161 -16.4438 10 u
34.031 -16.5701 10 u
34.046 -16.6965 10 u
34.0609 -16.8228 10 u
34.0759 -16.9492 10 u
34.0908 -17.0755 10 u
34.1057 -17.2018 10 u
34.1207 -17.3282 10 u
34.1356 -17.4545 10 u
34.1506 -17.5809 10 u
34.1655 -17.7072 10 u
34.1805 -17.8336 10 u
34.1954 -17.9599 10 u
34.2104 -18.0862 10 u
34.2253 -18.2126 10 u
34.2402 -18.3389 10 u
34.2552 -18.4653 10 u
34.2701 -18.5916 10 u
34.2851 -18.7179 10 u
34.3 -18.8443 10 u
34.315 -18.9706 10 u
34.3299 -19.097 10 u
34.3449 -19.2233 10 u
34.3598 -19.3496 10 u
34.3748 -19.476 10 u
34.3897 -19.6023 10 u
34.4046 -19.7287 10 u
34.4196 -19.855 10 u
34.4345 -19.9814 10 u
34.4495 -20.1077 10 u
34.4644 -20.234 10 u
34.4794 -20.3604 10 u
34.4943 -20.4867 10 u
34.5093 -20.6131 10 u
34.5242 -20.7394 10 u
34.5391 -20.8657 10 u
34.5541 -20.9921 10 u
34.569 -21.1184 10 u
34.584 -21.2448 10 u
34.5989 -21.3711 10 u
34.6139 -21.4975 10 u
34.6288 -21.6238 10 u
34.6438 -21.7501 10 u
34.6587 -21.8765 10 u
34.6736 -22.0028 10 u
34.6886 -22.1292 10 u
34.7035 -22.2555 10 u
34.7185 -22.3818 10 u
34.7334 -22.5082 10 u
34.7484 -22.6345 10 u
34.7633 -22.7609 10 u
34.7783 -22.8872 10 u
34.7932 -23.0135 10 u

25.0203 -14.1581 10 v
25.1275 -14.1425 10 v
25.2348 -14.1268 10 v
25.342 -14.1112 10 v
25.4492 -14.0955 10 v
25.5564 -14.0799 10 v
25.6636 -14.0642 10 v
25.7708 -14.0486 10 v
25.8781 -14.0329 10 v
25.9853 -14.0173 10 v
26.0925 -14.0016 10 v
26.1997 -13.986 10 v
26.3069 -13.9703 10 v
26.4141 -13.9547 10 v
26.5213 -13.939 10 v
26.6286 -13.9234 10 v
26.7358 -13.9077 10 v
26.843 -13.8921 10 v
26.9502 -13.8764 10 v
27.0574 -13.8608 10 v
27.1646 -13.8452 10 v
27.2719 -13.8295 10 v
27.3791 -13.8139 10 v
27.4863 -13.7982 10 v
27.5935 -13.7826 10 v
27.7007 -13.7669 10 v
27.8079 -13.7513 10 v
27.9152 -13.7356 10 v
28.0224 -13.72 10 v
28.1296 -13.7043 10 v
28.2368 -13.6887 10 v
28.344 -13.673 10 v
28.4512 -13.6574 10 v
28.5585 -13.6417 10 v
28.6657 -13.6261 10 v
28.7729 -13.6104 10 v
28.8801 -13.5948 10 v
28.9873 -13.5791 10 v
29.0945 -13.5635 10 v
29.2018 -13.5478 10 v
29.309 -13.5322 10 v
29.4162 -13.5165 10 v
29.5234 -13.5009 10 v
29.6306 -13.4852 10 v
29.7378 -13.4696 10 v
29.845 -13.4539 10 v
29.9523 -13.4383 10 v
30.0595 -13.4226 10 v
30.1667 -13.407 10 v
30.2739 -13.3913 10 v
30.3811 -13.3757 10 v
30.4883 -13.36 10 v
30.5956 -13.3444 10 v
30.7028 -13.3287 10 v
30.81 -13.3131 10 v
30.9172 -13.2975 10 v
31.0244 -13.2818 10 v
31.1316 -13.2662 10 v
31.2389 -13.2505 10 v
31.3461 -13.2349 10 v
31.4533 -13.2192 10 v
31.5605 -13.2036 10 v
31.6677 -13.1879 10 v
31.7749 -13.1723 10 v
31.8822 -13.1566 10 v
31.9894 -13.141 10 v
32.0966 -13.1253 10 v
32.2038 -13.1097 10 v
32.311 -13.094 10 v
32.4182 -13.0784 10 v
32.5254 -13.0627 10 v
32.6327 -13.0471 10 v
32.7399 -13.0314 10 v
32.8471 -13.0158 10 v
32.9543 -13.0001 10 v
33.0615 -12.9845 10 v
33.1687 -12.9688 10 v
33.276 -12.9532 10 v
33.3832 -12.9375 10 v
33.4904 -12.9219 10 v
33.5976 -12.9062 10 v

25.5819 -16.372 10 v
25.6859 -16.3602 10 v
25.7898 -16.3485 10 v
25.8937 -16.3368 10 v
25.9977 -16.325 10 v
26.1016 -16.3133 10 v
26.2055 -16.3016 10 v
26.3095 -16.2898 10 v
26.4134 -16.2781 10 v
26.5173 -16.2664 10 v
26.6213 -16.2546 10 v
26.7252 -16.2429 10 v
26.8291 -16.2311 10 v
26.9331 -16.2194 10 v
27.037 -16.2077 10 v
27.1409 -16.1959 10 v
27.2449 -16.1842 10 v
27.3488 -16.1725 10 v
27.4527 -16.1607 10 v
27.5567 -16.149 10 v
27.6606 -16.1372 10 v
27.7645 -16.1255 10 v
27.8684 -16.1138 10 v
27.9724 -16.102 10 v
28.0763 -16.0903 10 v
28.1802 -16.0786 10 v
28.2842 -16.0668 10 v
28.3881 -16.0551 10 v
28.492 -16.0434 10 v
28.596 -16.0316 10 v
28.6999 -16.0199 10 v
28.8038 -16.0081 10 v
28.9078 -15.9964 10 v
29.0117 -15.9847 10 v
29.1156 -15.9729 10 v
29.2196 -15.9612 10 v
29.3235 -15.9495 10 v
29.4274 -15.9377 10 v
29.5314 -15.926 10 v
29.6353 -15.9143 10 v
29.7392 -15.9025 10 v
29.8432 -15.8908 10 v
29.9471 -15.879 10 v
30.051 -15.8673 10 v
30.155 -15.8556 10 v
30.2589 -15.8438 10 v
30.3628 -15.8321 10 v
30.4667 -15.8204 10 v
30.5707 -15.8086 10 v
30.6746 -15.7969 10 v
30.7785 -15.7852 10 v
30.8825 -15.7734 10 v
30.9864 -15.7617 10 v
31.0903 -15.7499 10 v
31.1943 -15.7382 10 v
31.2982 -15.7265 10 v
31.4021 -15.7147 10 v
31.5061 -15.703 10 v
31.61 -15.6913 10 v
31.7139 -15.6795 10 v
31.8179 -15.6678 10 v
31.9218 -15.6561 10 v
32.0257 -15.6443 10 v
32.1297 -15.6326 10 v
32.2336 -15.6208 10 v
32.3375 -15.6091 10 v
32.4415 -15.5974 10 v
32.5454 -15.5856 10 v
32.6493 -15.5739 10 v
32.7533 -15.5622 10 v
32.8572 -15.5504 10 v
32.9611 -15.5387 10 v
33.0651 -15.527 10 v
33.169 -15.5152 10 v
33.2729 -15.5035 10 v
33.3768 -15.4917 10 v
33.4808 -15.48 10 v
33.5847 -15.4683 10 v
33.6886 -15.4565 10 v
33.7926 -15.4448 10 v
33.8965 -15.4331 10 v

26.1436 -18.5858 10 v
26.2442 -18.578 10 v
26.3449 -18.5702 10 v
26.4455 -18.5624 10 v
26.5462 -18.5545 10 v
26.6468 -18.5467 10 v
26.7474 -18.5389 10 v
26.8481 -18.5311 10 v
26.9487 -18.5232 10 v
27.0494 -18.5154 10 v
27.15 -18.5076 10 v
27.2507 -18.4998 10 v
27.3513 -18.4919 10 v
27.452 -18.4841 10 v
27.5526 -18.4763 10 v
27.6533 -18.4685 10 v
27.7539 -18.4606 10 v
27.8546 -18.4528 10 v
27.9552 -18.445 10 v
28.0559 -18.4372 10 v
28.1565 -18.4293 10 v
28.2572 -18.4215 10 v
28.3578 -18.4137 10 v
28.4585 -18.4059 10 v
28.5591 -18.3981 10 v
28.6598 -18.3902 10 v
28.7604 -18.3824 10 v
28.8611 -18.3746 10 v
28.9617 -18.3668 10 v
29.0624 -18.3589 10 v
29.163 -18.3511 10 v
29.2637 -18.3433 10 v
29.3643 -18.3355 10 v
29.4649 -18.3276 10 v
29.5656 -18.3198 10 v
29.6662 -18.312 10 v
29.7669 -18.3042 10 v
29.8675 -18.2963 10 v
29.9682 -18.2885 10 v
30.0688 -18.2807 10 v
30.1695 -18.2729 10 v
30.2701 -18.265 10 v
30.3708 -18.2572 10 v
30.4714 -18.2494 10 v
30.5721 -18.2416 10 v
30.6727 -18.2337 10 v
30.7734 -18.2259 10 v
30.874 -18.2181 10 v
30.9747 -18.2103 10 v
31.0753 -18.2024 10 v
31.176 -18.1946 10 v
31.2766 -18.1868 10 v
31.3773 -18.179 10 v
31.4779 -18.1711 10 v
31.5786 -18.1633 10 v
31.6792 -18.1555 10 v
31.7799 -18.1477 10 v
31.8805 -18.1399 10 v
31.9811 -18.132 10 v
32.0818 -18.1242 10 v
32.1824 -18.1164 10 v
32.2831 -18.1086 10 v
32.3837 -18.1007 10 v
32.4844 -18.0929 10 v
32.585 -18.0851 10 v
32.6857 -18.0773 10 v
32.7863 -18.0694 10 v
32.887 -18.0616 10 v
32.9876 -18.0538 10 v
33.0883 -18.046 10 v
33.1889 -18.0381 10 v
33.2896 -18.0303 10 v
33.3902 -18.0225 10 v
33.4909 -18.0147 10 v
33.5915 -18.0068 10 v
33.6922 -17.999 10 v
33.7928 -17.9912 10 v
33.8935 -17.9834 10 v
33.9941 -17.9755 10 v
34.0948 -17.9677 10 v
34.1954 -17.9599 10 v

26.7052 -20.7997 10 v
26.8025 -20.7958 10 v
26.8999 -20.7919 10 v
26.9973 -20.788 10 v
27.0946 -20.784 10 v
27.192 -20.7801 10 v
27.2894 -20.7762 10 v
27.3867 -20.7723 10 v
27.4841 -20.7684 10 v
27.5815 -20.7645 10 v
27.6788 -20.7606 10 v
27.7762 -20.7567 10 v
27.8735 -20.7527 10 v
27.9709 -20.7488 10 v
28.0683 -20.7449 10 v
28.1656 -20.741 10 v
28.263 -20.7371 10 v
28.3604 -20.7332 10 v
28.4577 -20.7293 10 v
28.5551 -20.7254 10 v
28.6525 -20.7214 10 v
28.7498 -20.7175 10 v
28.8472 -20.7136 10 v
28.9446 -20.7097 10 v
29.0419 -20.7058 10 v
29.1393 -20.7019 10 v
29.2366 -20.698 10 v
29.334 -20.6941 10 v
29.4314 -20.6902 10 v
29.5287 -20.6862 10 v
29.6261 -20.6823 10 v
29.7235 -20.6784 10 v
29.8208 -20.6745 10 v
29.9182 -20.6706 10 v
30.0156 -20.6667 10 v
30.1129 -20.6628 10 v
30.2103 -20.6589 10 v
30.3076 -20.6549 10 v
30.405 -20.651 10 v
30.5024 -20.6471 10 v
30.5997 -20.6432 10 v
30.6971 -20.6393 10 v
30.7945 -20.6354 10 v
30.8918 -20.6315 10 v
30.9892 -20.6276 10 v
31.0866 -20.6236 10 v
31.1839 -20.6197 10 v
31.2813 -20.6158 10 v
31.3787 -20.6119 10 v
31.476 -20.608 10 v
31.5734 -20.6041 10 v
31.6707 -20.6002 10 v
31.7681 -20.5963 10 v
31.8655 -20.5923 10 v
31.9628 -20.5884 10 v
32.0602 -20.5845 10 v
32.1576 -20.5806 10 v
32.2549 -20.5767 10 v
32.3523 -20.5728 10 v
32.4497 -20.5689 10 v
32.547 -20.565 10 v
32.6444 -20.561 10 v
32.7418 -20.5571 10 v
32.8391 -20.5532 10 v
32.9365 -20.5493 10 v
33.0338 -20.5454 10 v
33.1312 -20.5415 10 v
33.2286 -20.5376 10 v
33.3259 -20.5337 10 v
33.4233 -20.5298 10 v
33.5207 -20.5258 10 v
33.618 -20.5219 10 v
33.7154 -20.518 10 v
33.8128 -20.5141 10 v
33.9101 -20.5102 10 v
34.0075 -20.5063 10 v
34.1049 -20.5024 10 v
34.2022 -20.4985 10 v
34.2996 -20.4945 10 v
34.3969 -20.4906 10 v
34.4943 -20.4867 10 v

27.2668 -23.0135 10 v
27.3609 -23.0135 10 v
27.455 -23.0135 10 v
27.549 -23.0135 10 v
27.6431 -23.0135 10 v
27.7372 -23.0135 10 v
27.8313 -23.0135 10 v
27.9254 -23.0135 10 v
28.0194 -23.0135 10 v
28.1135 -23.0135 10 v
28.2076 -23.0135 10 v
28.3017 -23.0135 10 v
28.3958 -23.0135 10 v
28.4898 -23.0135 10 v
28.5839 -23.0135 10 v
28.678 -23.0135 10 v
28.7721 -23.0135 10 v
28.8662 -23.0135 10 v
28.9602 -23.0135 10 v
29.0543 -23.0135 10 v
29.1484 -23.0135 10 v
29.2425 -23.0135 10 v
29.3366 -23.0135 10 v
29.4306 -23.0135 10 v
29.5247 -23.0135 10 v
29.6188 -23.0135 10 v
29.7129 -23.0135 10 v
29.807 -23.0135 10 v
29.901 -23.0135 10 v
29.9951 -23.0135 10 v
30.0892 -23.0135 10 v
30.1833 -23.0135 10 v
30.2774 -23.0135 10 v
30.3714 -23.0135 10 v
30.4655 -23.0135 10 v
30.5596 -23.0135 10 v
30.6537 -23.0135 10 v
30.7478 -23.0135 10 v
30.8418 -23.0135 10 v
30.9359 -23.0135 10 v
31.03 -23.0135 10 v
31.1241 -23.0135 10 v
31.2182 -23.0135 10 v
31.3122 -23.0135 10 v
31.4063 -23.0135 10 v
31.5004 -23.0135 10 v
31.5945 -23.0135 10 v
31.6886 -23.0135 10 v
31.7826 -23.0135 10 v
31.8767 -23.0135 10 v
31.9708 -23.0135 10 v
32.0649 -23.0135 10 v
32.159 -23.0135 10 v
32.253 -23.0135 10 v
32.3471 -23.0135 10 v
32.4412 -23.0135 10 v
32.5353 -23.0135 10 v
32.6294 -23.0135 10 v
32.7234 -23.0135 10 v
32.8175 -23.0135 10 v
32.9116 -23.0135 10 v
33.0057 -23.0135 10 v
33.0998 -23.0135 10 v
33.1938 -23.0135 10 v
33.2879 -23.0135 10 v
33.382 -23.0135 10 v
33.4761 -23.0135 10 v
33.5702 -23.0135 10 v
33.6642 -23.0135 10 v
33.7583 -23.0135 10 v
33.8524 -23.0135 10 v
33.9465 -23.0135 10 v
34.0406 -23.0135 10 v
34.1346 -23.0135 10 v
34.2287 -23.0135 10 v
34.3228 -23.0135 10 v
34.4169 -23.0135 10 v
34.511 -23.0135 10 v
34.605 -23.0135 10 v
34.6991 -23.0135 10 v
34.7932 -23.0135 10 v

-28.9908 -14.9764 11 u
-28.5609 -15.4539 11 u
-28.1134 -15.8826 11 u
-27.6493 -16.2652 11 u
-27.1697 -16.6044 11 u
-26.6755 -16.9026 11 u
-26.1677 -17.1625 11 u
-25.6473 -17.3867 11 u
-25.1153 -17.5778 11 u
-24.5727 -17.7383 11 u
-24.0206 -17.8709 11 u
-23.4598 -17.9781 11 u
-22.8914 -18.0626 11 u
-22.3164 -18.1269 11 u
-21.7357 -18.1736 11 u
-21.1504 -18.2054 11 u
-20.5615 -18.2247 11 u
-19.97 -18.2342 11 u
-19.3768 -18.2366 11 u
-18.783 -18.2343 11 u
-18.1895 -18.23 11 u
-17.5972 -18.2258 11 u
-17.0062 -18.2222 11 u
-16.4163 -18.219 11 u
-15.8275 -18.2164 11 u
-15.2396 -18.2142 11 u
-14.6526 -18.2123 11 u
-14.0665 -18.2109 11 u
-13.481 -18.2098 11 u
-12.8962 -18.209 11 u
-12.3118 -18.2085 11 u
-11.728 -18.2082 11 u
-11.1444 -18.2081 11 u
-10.5611 -18.2083 11 u
-9.97793 -18.2085 11 u
-9.39484 -18.2089 11 u
-8.81173 -18.2094 11 u
-8.22849 -18.2099 11 u
-7.64505 -18.2104 11 u
-7.0613 -18.2109 11 u
-6.47716 -18.2113 11 u
-5.89255 -18.2117 11 u
-5.30751 -18.212 11 u
-4.72206 -18.2122 11 u
-4.13625 -18.2124 11 u
-3.55012 -18.2125 11 u
-2.96371 -18.2126 11 u
-2.37706 -18.2126 11 u
-1.79021 -18.2125 11 u
-1.2032 -18.2125 11 u
-0.616085 -18.2124 11 u
-0.0288916 -18.2123 11 u
0.558336 -18.2121 11 u
1.14556 -18.212 11 u
1.73273 -18.2118 11 u
2.31981 -18.2117 11 u
2.90676 -18.2115 11 u
3.49354 -18.2114 11 u
4.08011 -18.2113 11 u
4.66642 -18.2112 11 u
5.25244 -18.2111 11 u
5.83814 -18.2111 11 u
6.42355 -18.2111 11 u
7.00871 -18.2112 11 u
7.59367 -18.2112 11 u
8.17847 -18.2113 11 u
8.76316 -18.2114 11 u
9.34779 -18.2115 11 u
9.93239 -18.2117 11 u
10.517 -18.2118 11 u
11.1017 -18.2119 11 u
11.6865 -18.212 11 u
12.2715 -18.2121 11 u
12.8566 -18.2122 11 u
13.442 -18.2123 11 u
14.0277 -18.2124 11 u
14.6137 -18.2124 11 u
15.2002 -18.2124 11 u
15.787 -18.2124 11 u
16.3743 -18.2123 11 u
16.9621 -18.2122 11 u

-30.6818 -16.2348 11 u
-30.2209 -16.7023 11 u
-29.7437 -17.1222 11 u
-29.2512 -17.497 11 u
-28.7443 -17.8294 11 u
-28.2238 -18.1218 11 u
-27.6907 -18.3767 11 u
-27.1459 -18.5967 11 u
-26.5904 -18.7843 11 u
-26.0251 -18.9421 11 u
-25.4508 -19.0725 11 u
-24.8686 -19.1781 11 u
-24.2793 -19.2615 11 u
-23.6839 -19.3251 11 u
-23.0832 -19.3715 11 u
-22.4783 -19.4032 11 u
-21.8699 -19.4227 11 u
-21.2592 -19.4326 11 u
-20.6469 -19.4354 11 u
-20.0339 -19.4337 11 u
-19.4213 -19.4298 11 u
-18.8098 -19.4261 11 u
-18.1994 -19.4228 11 u
-17.5901 -19.42 11 u
-16.9818 -19.4175 11 u
-16.3744 -19.4154 11 u
-15.7678 -19.4137 11 u
-15.1619 -19.4123 11 u
-14.5566 -19.4112 11 u
-13.952 -19.4104 11 u
-13.3478 -19.4098 11 u
-12.744 -19.4095 11 u
-12.1405 -19.4093 11 u
-11.5373 -19.4093 11 u
-10.9342 -19.4094 11 u
-10.3311 -19.4096 11 u
-9.72803 -19.4099 11 u
-9.12485 -19.4103 11 u
-8.52147 -19.4107 11 u
-7.91782 -19.411 11 u
-7.3138 -19.4114 11 u
-6.70936 -19.4117 11 u
-6.10451 -19.412 11 u
-5.4993 -19.4122 11 u
-4.89375 -19.4123 11 u
-4.2879 -19.4125 11 u
-3.6818 -19.4125 11 u
-3.07548 -19.4126 11 u
-2.46897 -19.4126 11 u
-1.86233 -19.4126 11 u
-1.25557 -19.4126 11 u
-0.648753 -19.4126 11 u
-0.0419002 -19.4125 11 u
0.564946 -19.4124 11 u
1.17175 -19.4124 11 u
1.77847 -19.4123 11 u
2.38506 -19.4122 11 u
2.99151 -19.4121 11 u
3.59775 -19.4121 11 u
4.20377 -19.412 11 u
4.80951 -19.412 11 u
5.41496 -19.4119 11 u
6.02014 -19.4119 11 u
6.62509 -19.4119 11 u
7.22986 -19.412 11 u
7.83448 -19.412 11 u
8.43901 -19.412 11 u
9.04347 -19.4121 11 u
9.6479 -19.4121 11 u
10.2524 -19.4122 11 u
10.8569 -19.4123 11 u
11.4615 -19.4123 11 u
12.0663 -19.4124 11 u
12.6712 -19.4124 11 u
13.2764 -19.4125 11 u
13.8818 -19.4126 11 u
14.4876 -19.4126 11 u
15.0937 -19.4126 11 u
15.7002 -19.4127 11 u
16.3071 -19.4127 11 u
16.9145 -19.4127 11 u

-32.3728 -17.4932 11 u
-31.881 -17.9507 11 u
-31.3741 -18.3617 11 u
-30.8531 -18.7288 11 u
-30.3188 -19.0544 11 u
-29.7721 -19.3409 11 u
-29.2137 -19.5909 11 u
-28.6446 -19.8067 11 u
-28.0655 -19.9909 11 u
-27.4774 -20.1459 11 u
-26.8811 -20.2741 11 u
-26.2775 -20.3781 11 u
-25.6673 -20.4604 11 u
-25.0514 -20.5233 11 u
-24.4307 -20.5693 11 u
-23.8061 -20.601 11 u
-23.1783 -20.6207 11 u
-22.5483 -20.631 11 u
-21.9169 -20.6343 11 u
-21.2849 -20.633 11 u
-20.6531 -20.6297 11 u
-20.0224 -20.6264 11 u
-19.3927 -20.6235 11 u
-18.764 -20.6209 11 u
-18.1361 -20.6186 11 u
-17.5091 -20.6167 11 u
-16.8829 -20.6151 11 u
-16.2573 -20.6138 11 u
-15.6323 -20.6127 11 u
-15.0078 -20.6118 11 u
-14.3837 -20.6112 11 u
-13.76 -20.6107 11 u
-13.1366 -20.6104 11 u
-12.5134 -20.6103 11 u
-11.8904 -20.6103 11 u
-11.2674 -20.6103 11 u
-10.6443 -20.6105 11 u
-10.0212 -20.6107 11 u
-9.3979 -20.611 11 u
-8.77434 -20.6112 11 u
-8.15045 -20.6115 11 u
-7.52617 -20.6117 11 u
-6.90152 -20.6119 11 u
-6.27654 -20.6121 11 u
-5.65125 -20.6123 11 u
-5.02569 -20.6124 11 u
-4.39989 -20.6125 11 u
-3.7739 -20.6126 11 u
-3.14774 -20.6127 11 u
-2.52145 -20.6128 11 u
-1.89506 -20.6128 11 u
-1.26861 -20.6129 11 u
-0.642136 -20.6129 11 u
-0.0156646 -20.6129 11 u
0.610766 -20.6129 11 u
1.23712 -20.6129 11 u
1.86337 -20.6129 11 u
2.48947 -20.6129 11 u
3.1154 -20.6128 11 u
3.74111 -20.6128 11 u
4.36658 -20.6128 11 u
4.99177 -20.6128 11 u
5.61672 -20.6127 11 u
6.24147 -20.6127 11 u
6.86605 -20.6127 11 u
7.4905 -20.6127 11 u
8.11485 -20.6126 11 u
8.73914 -20.6126 11 u
9.36342 -20.6126 11 u
9.98772 -20.6126 11 u
10.6121 -20.6126 11 u
11.2365 -20.6126 11 u
11.8611 -20.6126 11 u
12.4858 -20.6127 11 u
13.1108 -20.6127 11 u
13.736 -20.6128 11 u
14.3615 -20.6128 11 u
14.9872 -20.6129 11 u
15.6134 -20.613 11 u
16.2399 -20.613 11 u
16.8669 -20.6131 11 u

-34.0638 -18.7515 11 u
-33.541 -19.1991 11 u
-33.0045 -19.6013 11 u
-32.455 -19.9606 11 u
-31.8934 -20.2794 11 u
-31.3204 -20.5601 11 u
-30.7367 -20.805 11 u
-30.1432 -21.0167 11 u
-29.5407 -21.1974 11 u
-28.9298 -21.3496 11 u
-28.3114 -21.4757 11 u
-27.6863 -21.5781 11 u
-27.0552 -21.6592 11 u
-26.4189 -21.7214 11 u
-25.7782 -21.7672 11 u
-25.1339 -21.7988 11 u
-24.4867 -21.8187 11 u
-23.8375 -21.8293 11 u
-23.1869 -21.8331 11 u
-22.5358 -21.8324 11 u
-21.8849 -21.8296 11 u
-21.235 -21.8267 11 u
-20.5859 -21.8241 11 u
-19.9378 -21.8218 11 u
-19.2905 -21.8198 11 u
-18.6439 -21.818 11 u
-17.998 -21.8165 11 u
-17.3527 -21.8152 11 u
-16.7079 -21.8141 11 u
-16.0636 -21.8132 11 u
-15.4197 -21.8125 11 u
-14.7761 -21.812 11 u
-14.1328 -21.8116 11 u
-13.4896 -21.8113 11 u
-12.8466 -21.8111 11 u
-12.2036 -21.811 11 u
-11.5606 -21.8111 11 u
-10.9176 -21.8111 11 u
-10.2743 -21.8112 11 u
-9.63086 -21.8114 11 u
-8.98709 -21.8116 11 u
-8.34298 -21.8117 11 u
-7.69853 -21.8119 11 u
-7.05377 -21.8121 11 u
-6.40874 -21.8122 11 u
-5.76347 -21.8124 11 u
-5.11799 -21.8125 11 u
-4.47232 -21.8127 11 u
-3.82651 -21.8128 11 u
-3.18057 -21.8129 11 u
-2.53455 -21.8131 11 u
-1.88848 -21.8132 11 u
-1.24237 -21.8133 11 u
-0.596275 -21.8134 11 u
0.0497861 -21.8134 11 u
0.695779 -21.8135 11 u
1.34167 -21.8135 11 u
1.98744 -21.8136 11 u
2.63304 -21.8136 11 u
3.27845 -21.8136 11 u
3.92364 -21.8136 11 u
4.56859 -21.8136 11 u
5.21331 -21.8135 11 u
5.85785 -21.8135 11 u
6.50224 -21.8134 11 u
7.14651 -21.8133 11 u
7.79069 -21.8132 11 u
8.43482 -21.8132 11 u
9.07894 -21.8131 11 u
9.72307 -21.813 11 u
10.3673 -21.813 11 u
11.0115 -21.8129 11 u
11.6559 -21.8129 11 u
12.3004 -21.8129 11 u
12.9452 -21.8129 11 u
13.5901 -21.8129 11 u
14.2353 -21.813 11 u
14.8808 -21.8131 11 u
15.5266 -21.8132 11 u
16.1728 -21.8134 11 u
16.8193 -21.8136 11 u

-35.7548 -20.0099 11 u
-35.2011 -20.4475 11 u
-34.6349 -20.8409 11 u
-34.0569 -21.1924 11 u
-33.468 -21.5044 11 u
-32.8687 -21.7792 11 u
-32.2597 -22.0192 11 u
-31.6419 -22.2267 11 u
-31.0158 -22.4039 11 u
-30.3821 -22.5534 11 u
-29.7417 -22.6773 11 u
-29.0951 -22.7781 11 u
-28.4432 -22.8581 11 u
-27.7865 -22.9196 11 u
-27.1258 -22.965 11 u
-26.4618 -22.9966 11 u
-25.7951 -23.0167 11 u
-25.1266 -23.0277 11 u
-24.4569 -23.0319 11 u
-23.7867 -23.0317 11 u
-23.1168 -23.0294 11 u
-22.4476 -23.027 11 u
-21.7792 -23.0247 11 u
-21.1116 -23.0227 11 u
-20.4448 -23.0209 11 u
-19.7786 -23.0193 11 u
-19.1131 -23.0179 11 u
-18.4481 -23.0166 11 u
-17.7835 -23.0156 11 u
-17.1194 -23.0146 11 u
-16.4556 -23.0139 11 u
-15.7921 -23.0132 11 u
-15.1289 -23.0127 11 u
-14.4658 -23.0123 11 u
-13.8028 -23.012 11 u
-13.1399 -23.0118 11 u
-12.4769 -23.0116 11 u
-11.8139 -23.0116 11 u
-11.1508 -23.0115 11 u
-10.4874 -23.0116 11 u
-9.82374 -23.0116 11 u
-9.15979 -23.0117 11 u
-8.49554 -23.0119 11 u
-7.83101 -23.012 11 u
-7.16624 -23.0122 11 u
-6.50126 -23.0123 11 u
-5.83608 -23.0125 11 u
-5.17074 -23.0127 11 u
-4.50527 -23.0129 11 u
-3.8397 -23.0131 11 u
-3.17404 -23.0133 11 u
-2.50834 -23.0135 11 u
-1.84261 -23.0137 11 u
-1.17688 -23.0138 11 u
-0.511194 -23.014 11 u
0.154436 -23.0141 11 u
0.819978 -23.0142 11 u
1.4854 -23.0143 11 u
2.15069 -23.0144 11 u
2.8158 -23.0144 11 u
3.48071 -23.0144 11 u
4.1454 -23.0144 11 u
4.8099 -23.0143 11 u
5.47423 -23.0142 11 u
6.13843 -23.0141 11 u
6.80252 -23.014 11 u
7.46653 -23.0138 11 u
8.1305 -23.0137 11 u
8.79446 -23.0136 11 u
9.45842 -23.0134 11 u
10.1224 -23.0133 11 u
10.7865 -23.0132 11 u
11.4507 -23.0132 11 u
12.115 -23.0131 11 u
12.7795 -23.0131 11 u
13.4442 -23.0131 11 u
14.1092 -23.0132 11 u
14.7743 -23.0133 11 u
15.4398 -23.0135 11 u
16.1056 -23.0138 11 u
16.7717 -23.0141 11 u

-28.9908 -14.9764 11 v
-29.0753 -15.0394 11 v
-29.1599 -15.1023 11 v
-29.2444 -15.1652 11 v
-29.329 -15.2281 11 v
-29.4135 -15.291 11 v
-29.4981 -15.3539 11 v
-29.5826 -15.4169 11 v
-29.6672 -15.4798 11 v
-29.7517 -15.5427 11 v
-29.8363 -15.6056 11 v
-29.9208 -15.6685 11 v
-30.0054 -15.7315 11 v
-30.0899 -15.7944 11 v
-30.1745 -15.8573 11 v
-30.259 -15.9202 11 v
-30.3436 -15.9831 11 v
-30.4281 -16.046 11 v
-30.5127 -16.109 11 v
-30.5972 -16.1719 11 v
-30.6818 -16.2348 11 v
-30.7663 -16.2977 11 v
-30.8509 -16.3606 11 v
-30.9354 -16.4236 11 v
-31.02 -16.4865 11 v
-31.1045 -16.5494 11 v
-31.1891 -16.6123 11 v
-31.2736 -16.6752 11 v
-31.3582 -16.7381 11 v
-31.4427 -16.8011 11 v
-31.5273 -16.864 11 v
-31.6118 -16.9269 11 v
-31.6964 -16.9898 11 v
-31.7809 -17.0527 11 v
-31.8655 -17.1157 11 v
-31.95 -17.1786 11 v
-32.0346 -17.2415 11 v
-32.1191 -17.3044 11 v
-32.2037 -17.3673 11 v
-32.2882 -17.4302 11 v
-32.3728 -17.4932 11 v
-32.4573 -17.5561 11 v
-32.5419 -17.619 11 v
-32.6264 -17.6819 11 v
-32.711 -17.7448 11 v
-32.7955 -17.8078 11 v
-32.8801 -17.8707 11 v
-32.9646 -17.9336 11 v
-33.0492 -17.9965 11 v
-33.1337 -18.0594 11 v
-33.2183 -18.1224 11 v
-33.3028 -18.1853 11 v
-33.3874 -18.2482 11 v
-33.4719 -18.3111 11 v
-33.5565 -18.374 11 v
-33.641 -18.4369 11 v
-33.7256 -18.4999 11 v
-33.8101 -18.5628 11 v
-33.8947 -18.6257 11 v
-33.9792 -18.6886 11 v
-34.0638 -18.7515 11 v
-34.1483 -18.8145 11 v
-34.2329 -18.8774 11 v
-34.3174 -18.9403 11 v
-34.402 -19.0032 11 v
-34.4865 -19.0661 11 v
-34.5711 -19.129 11 v
-34.6556 -19.192 11 v
-34.7402 -19.2549 11 v
-34.8247 -19.3178 11 v
-34.9093 -19.3807 11 v
-34.9938 -19.4436 11 v
-35.0784 -19.5066 11 v
-35.1629 -19.5695 11 v
-35.2475 -19.6324 11 v
-35.332 -19.6953 11 v
-35.4166 -19.7582 11 v
-35.5011 -19.8211 11 v
-35.5857 -19.8841 11 v
-35.6702 -19.947 11 v
-35.7548 -20.0099 11 v

-18.1895 -18.23 11 v
-18.2511 -18.29 11 v
-18.3127 -18.35 11 v
-18.3743 -18.41 11 v
-18.4359 -18.47 11 v
-18.4975 -18.53 11 v
-18.5591 -18.5899 11 v
-18.6207 -18.6499 11 v
-18.6823 -18.7099 11 v
-18.7439 -18.7699 11 v
-18.8054 -18.8299 11 v
-18.867 -18.8899 11 v
-18.9286 -18.9499 11 v
-18.9902 -19.0099 11 v
-19.0518 -19.0699 11 v
-19.1134 -19.1299 11 v
-19.175 -19.1899 11 v
-19.2366 -19.2499 11 v
-19.2982 -19.3099 11 v
-19.3598 -19.3699 11 v
-19.4213 -19.4298 11 v
-19.4829 -19.4898 11 v
-19.5445 -19.5498 11 v
-19.6061 -19.6098 11 v
-19.6677 -19.6698 11 v
-19.7293 -19.7298 11 v
-19.7909 -19.7898 11 v
-19.8525 -19.8498 11 v
-19.9141 -19.9098 11 v
-19.9757 -19.9698 11 v
-20.0372 -20.0298 11 v
-20.0988 -20.0898 11 v
-20.1604 -20.1498 11 v
-20.222 -20.2098 11 v
-20.2836 -20.2697 11 v
-20.3452 -20.3297 11 v
-20.4068 -20.3897 11 v
-20.4684 -20.4497 11 v
-20.53 -20.5097 11 v
-20.5916 -20.5697 11 v
-20.6531 -20.6297 11 v
-20.7147 -20.6897 11 v
-20.7763 -20.7497 11 v
-20.8379 -20.8097 11 v
-20.8995 -20.8697 11 v
-20.9611 -20.9297 11 v
-21.0227 -20.9897 11 v
-21.0843 -21.0497 11 v
-21.1459 -21.1096 11 v
-21.2075 -21.1696 11 v
-21.269 -21.2296 11 v
-21.3306 -21.2896 11 v
-21.3922 -21.3496 11 v
-21.4538 -21.4096 11 v
-21.5154 -21.4696 11 v
-21.577 -21.5296 11 v
-21.6386 -21.5896 11 v
-21.7002 -21.6496 11 v
-21.7618 -21.7096 11 v
-21.8234 -21.7696 11 v
-21.8849 -21.8296 11 v
-21.9465 -21.8896 11 v
-22.0081 -21.9495 11 v
-22.0697 -22.0095 11 v
-22.1313 -22.0695 11 v
-22.1929 -22.1295 11 v
-22.2545 -22.1895 11 v
-22.3161 -22.2495 11 v
-22.3777 -22.3095 11 v
-22.4393 -22.3695 11 v
-22.5009 -22.4295 11 v
-22.5624 -22.4895 11 v
-22.624 -22.5495 11 v
-22.6856 -22.6095 11 v
-22.7472 -22.6695 11 v
-22.8088 -22.7295 11 v
-22.8704 -22.7894 11 v
-22.932 -22.8494 11 v
-22.9936 -22.9094 11 v
-23.0552 -22.9694 11 v
-23.1168 -23.0294 11 v

-6.47716 -18.2113 11 v
-6.51899 -18.2713 11 v
-6.56082 -18.3313 11 v
-6.60265 -18.3913 11 v
-6.64449 -18.4513 11 v
-6.68632 -18.5113 11 v
-6.72815 -18.5713 11 v
-6.76998 -18.6314 11 v
-6.81182 -18.6914 11 v
-6.85365 -18.7514 11 v
-6.89548 -18.8114 11 v
-6.93731 -18.8714 11 v
-6.97915 -18.9314 11 v
-7.02098 -18.9914 11 v
-7.06281 -19.0514 11 v
-7.10464 -19.1114 11 v
-7.14647 -19.1714 11 v
-7.18831 -19.2314 11 v
-7.23014 -19.2914 11 v
-7.27197 -19.3514 11 v
-7.3138 -19.4114 11 v
-7.35564 -19.4714 11 v
-7.39747 -19.5314 11 v
-7.4393 -19.5914 11 v
-7.48113 -19.6514 11 v
-7.52296 -19.7114 11 v
-7.5648 -19.7714 11 v
-7.60663 -19.8314 11 v
-7.64846 -19.8914 11 v
-7.69029 -19.9514 11 v
-7.73213 -20.0114 11 v
-7.77396 -20.0714 11 v
-7.81579 -20.1315 11 v
-7.85762 -20.1915 11 v
-7.89946 -20.2515 11 v
-7.94129 -20.3115 11 v
-7.98312 -20.3715 11 v
-8.02495 -20.4315 11 v
-8.06678 -20.4915 11 v
-8.10862 -20.5515 11 v
-8.15045 -20.6115 11 v
-8.19228 -20.6715 11 v
-8.23411 -20.7315 11 v
-8.27595 -20.7915 11 v
-8.31778 -20.8515 11 v
-8.35961 -20.9115 11 v
-8.40144 -20.9715 11 v
-8.44327 -21.0315 11 v
-8.48511 -21.0915 11 v
-8.52694 -21.1515 11 v
-8.56877 -21.2115 11 v
-8.6106 -21.2715 11 v
-8.65244 -21.3315 11 v
-8.69427 -21.3915 11 v
-8.7361 -21.4515 11 v
-8.77793 -21.5115 11 v
-8.81977 -21.5715 11 v
-8.8616 -21.6316 11 v
-8.90343 -21.6916 11 v
-8.94526 -21.7516 11 v
-8.98709 -21.8116 11 v
-9.02893 -21.8716 11 v
-9.07076 -21.9316 11 v
-9.11259 -21.9916 11 v
-9.15442 -22.0516 11 v
-9.19626 -22.1116 11 v
-9.23809 -22.1716 11 v
-9.27992 -22.2316 11 v
-9.32175 -22.2916 11 v
-9.36358 -22.3516 11 v
-9.40542 -22.4116 11 v
-9.44725 -22.4716 11 v
-9.48908 -22.5316 11 v
-9.53091 -22.5916 11 v
-9.57275 -22.6516 11 v
-9.61458 -22.7116 11 v
-9.65641 -22.7716 11 v
-9.69824 -22.8316 11 v
-9.74007 -22.8916 11 v
-9.78191 -22.9516 11 v
-9.82374 -23.0116 11 v

5.25244 -18.2111 11 v
5.23029 -18.2712 11 v
5.20815 -18.3312 11 v
5.186 -18.3913 11 v
5.16385 -18.4513 11 v
5.14171 -18.5114 11 v
5.11956 -18.5714 11 v
5.09741 -18.6314 11 v
5.07527 -18.6915 11 v
5.05312 -18.7515 11 v
5.03097 -18.8116 11 v
5.00883 -18.8716 11 v
4.98668 -18.9316 11 v
4.96453 -18.9917 11 v
4.94239 -19.0517 11 v
4.92024 -19.1118 11 v
4.89809 -19.1718 11 v
4.87595 -19.2318 11 v
4.8538 -19.2919 11 v
4.83166 -19.3519 11 v
4.80951 -19.412 11 v
4.78736 -19.472 11 v
4.76522 -19.532 11 v
4.74307 -19.5921 11 v
4.72092 -19.6521 11 v
4.69878 -19.7122 11 v
4.67663 -19.7722 11 v
4.65448 -19.8322 11 v
4.63234 -19.8923 11 v
4.61019 -19.9523 11 v
4.58804 -20.0124 11 v
4.5659 -20.0724 11 v
4.54375 -20.1325 11 v
4.5216 -20.1925 11 v
4.49946 -20.2525 11 v
4.47731 -20.3126 11 v
4.45516 -20.3726 11 v
4.43302 -20.4327 11 v
4.41087 -20.4927 11 v
4.38872 -20.5527 11 v
4.36658 -20.6128 11 v
4.34443 -20.6728 11 v
4.32228 -20.7329 11 v
4.30014 -20.7929 11 v
4.27799 -20.8529 11 v
4.25584 -20.913 11 v
4.2337 -20.973 11 v
4.21155 -21.0331 11 v
4.1894 -21.0931 11 v
4.16726 -21.1531 11 v
4.14511 -21.2132 11 v
4.12296 -21.2732 11 v
4.10082 -21.3333 11 v
4.07867 -21.3933 11 v
4.05652 -21.4533 11 v
4.03438 -21.5134 11 v
4.01223 -21.5734 11 v
3.99008 -21.6335 11 v
3.96794 -21.6935 11 v
3.94579 -21.7536 11 v
3.92364 -21.8136 11 v
3.9015 -21.8736 11 v
3.87935 -21.9337 11 v
3.8572 -21.9937 11 v
3.83506 -22.0538 11 v
3.81291 -22.1138 11 v
3.79076 -22.1738 11 v
3.76862 -22.2339 11 v
3.74647 -22.2939 11 v
3.72432 -22.354 11 v
3.70218 -22.414 11 v
3.68003 -22.474 11 v
3.65788 -22.5341 11 v
3.63574 -22.5941 11 v
3.61359 -22.6542 11 v
3.59144 -22.7142 11 v
3.5693 -22.7742 11 v
3.54715 -22.8343 11 v
3.525 -22.8943 11 v
3.50286 -22.9544 11 v
3.48071 -23.0144 11 v

16.9621 -18.2122 11 v
16.9597 -18.2722 11 v
16.9573 -18.3322 11 v
16.955 -18.3923 11 v
16.9526 -18.4523 11 v
16.9502 -18.5123 11 v
16.9478 -18.5723 11 v
16.9454 -18.6324 11 v
16.9431 -18.6924 11 v
16.9407 -18.7524 11 v
16.9383 -18.8124 11 v
16.9359 -18.8725 11 v
16.9335 -18.9325 11 v
16.9312 -18.9925 11 v
16.9288 -19.0525 11 v
16.9264 -19.1126 11 v
16.924 -19.1726 11 v
16.9216 -19.2326 11 v
16.9193 -19.2926 11 v
16.9169 -19.3526 11 v
16.9145 -19.4127 11 v
16.9121 -19.4727 11 v
16.9097 -19.5327 11 v
16.9074 -19.5927 11 v
16.905 -19.6528 11 v
16.9026 -19.7128 11 v
16.9002 -19.7728 11 v
16.8978 -19.8328 11 v
16.8955 -19.8929 11 v
16.8931 -19.9529 11 v
16.8907 -20.0129 11 v
16.8883 -20.0729 11 v
16.8859 -20.133 11 v
16.8836 -20.193 11 v
16.8812 -20.253 11 v
16.8788 -20.313 11 v
16.8764 -20.3731 11 v
16.874 -20.4331 11 v
16.8717 -20.4931 11 v
16.8693 -20.5531 11 v
16.8669 -20.6131 11 v
16.8645 -20.6732 11 v
16.8621 -20.7332 11 v
16.8598 -20.7932 11 v
16.8574 -20.8532 11 v
16.855 -20.9133 11 v
16.8526 -20.9733 11 v
16.8502 -21.0333 11 v
16.8479 -21.0933 11 v
16.8455 -21.1534 11 v
16.8431 -21.2134 11 v
16.8407 -21.2734 11 v
16.8383 -21.3334 11 v
16.836 -21.3935 11 v
16.8336 -21.4535 11 v
16.8312 -21.5135 11 v
16.8288 -21.5735 11 v
16.8264 -21.6335 11 v
16.8241 -21.6936 11 v
16.8217 -21.7536 11 v
16.8193 -21.8136 11 v
16.8169 -21.8736 11 v
16.8145 -21.9337 11 v
16.8122 -21.9937 11 v
16.8098 -22.0537 11 v
16.8074 -22.1137 11 v
16.805 -22.1738 11 v
16.8026 -22.2338 11 v
16.8003 -22.2938 11 v
16.7979 -22.3538 11 v
16.7955 -22.4139 11 v
16.7931 -22.4739 11 v
16.7907 -22.5339 11 v
16.7884 -22.5939 11 v
16.786 -22.654 11 v
16.7836 -22.714 11 v
16.7812 -22.774 11 v
16.7788 -22.834 11 v
16.7765 -22.894 11 v
16.7741 -22.9541 11 v
16.7717 -23.0141 11 v

16.9615 -18.2117 12 u
17.0779 -18.2109 12 u
17.1944 -18.2089 12 u
17.311 -18.2054 12 u
17.4275 -18.2006 12 u
17.5441 -18.1945 12 u
17.6606 -18.187 12 u
17.7771 -18.1781 12 u
17.8936 -18.1678 12 u
18.0099 -18.1563 12 u
18.1262 -18.1433 12 u
18.2423 -18.129 12 u
18.3583 -18.1134 12 u
18.4741 -18.0964 12 u
18.5897 -18.0781 12 u
18.7052 -18.0585 12 u
18.8204 -18.0375 12 u
18.9353 -18.0152 12 u
19.05 -17.9915 12 u
19.1644 -17.9665 12 u
19.2785 -17.9402 12 u
19.3923 -17.9125 12 u
19.5057 -17.8835 12 u
19.6188 -17.8532 12 u
19.7315 -17.8216 12 u
19.8438 -17.7887 12 u
19.9557 -17.7545 12 u
20.0672 -17.719 12 u
20.1782 -17.6822 12 u
20.2888 -17.6441 12 u
20.399 -17.6047 12 u
20.5087 -17.5641 12 u
20.6179 -17.5221 12 u
20.7266 -17.4789 12 u
20.8348 -17.4345 12 u
20.9424 -17.3887 12 u
21.0495 -17.3418 12 u
21.156 -17.2936 12 u
21.262 -17.2441 12 u
21.3674 -17.1934 12 u
21.4722 -17.1415 12 u
21.5763 -17.0883 12 u
21.6799 -17.0339 12 u
21.7827 -16.9783 12 u
21.885 -16.9215 12 u
21.9865 -16.8635 12 u
22.0874 -16.8044 12 u
22.1876 -16.744 12 u
22.2871 -16.6825 12 u
22.3858 -16.6198 12 u
22.4839 -16.556 12 u
22.5811 -16.491 12 u
22.6777 -16.425 12 u
22.7734 -16.3577 12 u
22.8684 -16.2894 12 u
22.9626 -16.2199 12 u
23.056 -16.1494 12 u
23.1485 -16.0778 12 u
23.2402 -16.0051 12 u
23.3311 -15.9313 12 u
23.4211 -15.8564 12 u
23.5103 -15.7805 12 u
23.5986 -15.7036 12 u
23.6859 -15.6256 12 u
23.7724 -15.5466 12 u
23.8579 -15.4667 12 u
23.9425 -15.3857 12 u
24.0261 -15.3038 12 u
24.1088 -15.2209 12 u
24.1905 -15.1371 12 u
24.2712 -15.0524 12 u
24.3509 -14.9668 12 u
24.4295 -14.8803 12 u
24.5071 -14.7929 12 u
24.5837 -14.7047 12 u
24.6592 -14.6156 12 u
24.7337 -14.5257 12 u
24.807 -14.435 12 u
24.8792 -14.3435 12 u
24.9503 -14.2512 12 u
25.0203 -14.1581 12 u

16.914 -19.4121 12 u
17.0341 -19.4116 12 u
17.1543 -19.41 12 u
17.2745 -19.4075 12 u
17.3947 -19.4039 12 u
17.5149 -19.3992 12 u
17.6351 -19.3936 12 u
17.7553 -19.3869 12 u
17.8754 -19.3793 12 u
17.9955 -19.3706 12 u
18.1154 -19.3609 12 u
18.2353 -19.3502 12 u
18.3551 -19.3385 12 u
18.4748 -19.3257 12 u
18.5943 -19.312 12 u
18.7137 -19.2972 12 u
18.8329 -19.2815 12 u
18.9519 -19.2648 12 u
19.0707 -19.247 12 u
19.1893 -19.2283 12 u
19.3077 -19.2085 12 u
19.4258 -19.1878 12 u
19.5437 -19.166 12 u
19.6613 -19.1433 12 u
19.7786 -19.1196 12 u
19.8956 -19.0949 12 u
20.0123 -19.0693 12 u
20.1288 -19.0426 12 u
20.2448 -19.015 12 u
20.3606 -18.9865 12 u
20.476 -18.9569 12 u
20.5911 -18.9264 12 u
20.7058 -18.895 12 u
20.8201 -18.8626 12 u
20.934 -18.8292 12 u
21.0476 -18.7949 12 u
21.1607 -18.7597 12 u
21.2734 -18.7235 12 u
21.3857 -18.6865 12 u
21.4975 -18.6484 12 u
21.6089 -18.6095 12 u
21.7198 -18.5696 12 u
21.8302 -18.5288 12 u
21.9402 -18.4871 12 u
22.0497 -18.4445 12 u
22.1586 -18.401 12 u
22.2671 -18.3567 12 u
22.375 -18.3114 12 u
22.4825 -18.2653 12 u
22.5893 -18.2183 12 u
22.6956 -18.1704 12 u
22.8014 -18.1217 12 u
22.9066 -18.0721 12 u
23.0112 -18.0217 12 u
23.1152 -17.9704 12 u
23.2187 -17.9183 12 u
23.3215 -17.8654 12 u
23.4237 -17.8117 12 u
23.5253 -17.7572 12 u
23.6263 -17.7018 12 u
23.7266 -17.6457 12 u
23.8262 -17.5888 12 u
23.9252 -17.5311 12 u
24.0236 -17.4726 12 u
24.1212 -17.4134 12 u
24.2181 -17.3534 12 u
24.3144 -17.2927 12 u
24.4099 -17.2312 12 u
24.5047 -17.1691 12 u
24.5988 -17.1062 12 u
24.6921 -17.0427 12 u
24.7847 -16.9785 12 u
24.8764 -16.9136 12 u
24.9675 -16.8481 12 u
25.0577 -16.7819 12 u
25.1471 -16.7151 12 u
25.2357 -16.6477 12 u
25.3235 -16.5796 12 u
25.4105 -16.511 12 u
25.4967 -16.4418 12 u
25.5819 -16.372 12 u

16.8664 -20.6126 12 u
16.9902 -20.6122 12 u
17.1141 -20.6112 12 u
17.2379 -20.6095 12 u
17.3618 -20.6071 12 u
17.4857 -20.604 12 u
17.6095 -20.6003 12 u
17.7334 -20.5958 12 u
17.8572 -20.5907 12 u
17.981 -20.5849 12 u
18.1047 -20.5784 12 u
18.2284 -20.5713 12 u
18.3519 -20.5635 12 u
18.4755 -20.555 12 u
18.5989 -20.5458 12 u
18.7222 -20.536 12 u
18.8454 -20.5255 12 u
18.9685 -20.5144 12 u
19.0914 -20.5025 12 u
19.2142 -20.49 12 u
19.3368 -20.4769 12 u
19.4593 -20.463 12 u
19.5816 -20.4485 12 u
19.7038 -20.4334 12 u
19.8257 -20.4176 12 u
19.9474 -20.4011 12 u
20.069 -20.384 12 u
20.1903 -20.3663 12 u
20.3115 -20.3479 12 u
20.4324 -20.3288 12 u
20.553 -20.3091 12 u
20.6735 -20.2888 12 u
20.7937 -20.2678 12 u
20.9136 -20.2462 12 u
21.0333 -20.224 12 u
21.1527 -20.2011 12 u
21.2719 -20.1777 12 u
21.3908 -20.1535 12 u
21.5093 -20.1288 12 u
21.6276 -20.1035 12 u
21.7456 -20.0775 12 u
21.8633 -20.0509 12 u
21.9806 -20.0237 12 u
22.0977 -19.9959 12 u
22.2144 -19.9675 12 u
22.3308 -19.9385 12 u
22.4468 -19.909 12 u
22.5625 -19.8788 12 u
22.6778 -19.848 12 u
22.7928 -19.8167 12 u
22.9074 -19.7848 12 u
23.0217 -19.7523 12 u
23.1355 -19.7192 12 u
23.249 -19.6856 12 u
23.3621 -19.6515 12 u
23.4748 -19.6167 12 u
23.5871 -19.5815 12 u
23.6989 -19.5457 12 u
23.8104 -19.5093 12 u
23.9214 -19.4724 12 u
24.032 -19.435 12 u
24.1422 -19.397 12 u
24.2519 -19.3586 12 u
24.3612 -19.3196 12 u
24.47 -19.2801 12 u
24.5784 -19.2401 12 u
24.6863 -19.1996 12 u
24.7937 -19.1587 12 u
24.9006 -19.1172 12 u
25.0071 -19.0753 12 u
25.113 -19.033 12 u
25.2185 -18.9902 12 u
25.3234 -18.9469 12 u
25.4278 -18.9032 12 u
25.5317 -18.8591 12 u
25.635 -18.8146 12 u
25.7378 -18.7696 12 u
25.8401 -18.7243 12 u
25.9418 -18.6785 12 u
26.043 -18.6324 12 u
26.1436 -18.5858 12 u

16.8188 -21.8131 12 u
16.9463 -21.8129 12 u
17.0739 -21.8124 12 u
17.2014 -21.8115 12 u
17.3289 -21.8103 12 u
17.4565 -21.8088 12 u
17.584 -21.8069 12 u
17.7115 -21.8047 12 u
17.839 -21.8021 12 u
17.9665 -21.7992 12 u
18.094 -21.796 12 u
18.2214 -21.7924 12 u
18.3488 -21.7885 12 u
18.4761 -21.7843 12 u
18.6034 -21.7797 12 u
18.7307 -21.7748 12 u
18.8579 -21.7695 12 u
18.985 -21.7639 12 u
19.1121 -21.758 12 u
19.2391 -21.7518 12 u
19.366 -21.7452 12 u
19.4928 -21.7383 12 u
19.6196 -21.731 12 u
19.7462 -21.7235 12 u
19.8728 -21.7156 12 u
19.9993 -21.7073 12 u
20.1257 -21.6988 12 u
20.2519 -21.6899 12 u
20.3781 -21.6807 12 u
20.5041 -21.6712 12 u
20.6301 -21.6613 12 u
20.7559 -21.6512 12 u
20.8816 -21.6407 12 u
21.0072 -21.6299 12 u
21.1326 -21.6188 12 u
21.2579 -21.6073 12 u
21.3831 -21.5956 12 u
21.5081 -21.5835 12 u
21.633 -21.5712 12 u
21.7577 -21.5585 12 u
21.8823 -21.5455 12 u
22.0068 -21.5322 12 u
22.131 -21.5186 12 u
22.2551 -21.5047 12 u
22.3791 -21.4905 12 u
22.5029 -21.476 12 u
22.6265 -21.4613 12 u
22.7499 -21.4462 12 u
22.8732 -21.4308 12 u
22.9963 -21.4151 12 u
23.1192 -21.3992 12 u
23.2419 -21.3829 12 u
23.3644 -21.3664 12 u
23.4868 -21.3496 12 u
23.6089 -21.3325 12 u
23.7309 -21.3151 12 u
23.8526 -21.2975 12 u
23.9741 -21.2796 12 u
24.0955 -21.2614 12 u
24.2166 -21.243 12 u
24.3375 -21.2243 12 u
24.4582 -21.2053 12 u
24.5786 -21.1861 12 u
24.6989 -21.1666 12 u
24.8189 -21.1468 12 u
24.9386 -21.1268 12 u
25.0582 -21.1066 12 u
25.1775 -21.0861 12 u
25.2965 -21.0654 12 u
25.4154 -21.0444 12 u
25.5339 -21.0233 12 u
25.6522 -21.0019 12 u
25.7703 -20.9802 12 u
25.8881 -20.9584 12 u
26.0057 -20.9363 12 u
26.1229 -20.9141 12 u
26.2399 -20.8916 12 u
26.3567 -20.8689 12 u
26.4731 -20.846 12 u
26.5893 -20.823 12 u
26.7052 -20.7997 12 u

16.7713 -23.0135 12 u
16.9025 -23.0135 12 u
17.0337 -23.0135 12 u
17.1649 -23.0135 12 u
17.2961 -23.0135 12 u
17.4273 -23.0135 12 u
17.5584 -23.0135 12 u
17.6896 -23.0135 12 u
17.8208 -23.0135 12 u
17.952 -23.0135 12 u
18.0832 -23.0135 12 u
18.2144 -23.0135 12 u
18.3456 -23.0135 12 u
18.4768 -23.0135 12 u
18.608 -23.0135 12 u
18.7392 -23.0135 12 u
18.8704 -23.0135 12 u
19.0016 -23.0135 12 u
19.1328 -23.0135 12 u
19.264 -23.0135 12 u
19.3952 -23.0135 12 u
19.5264 -23.0135 12 u
19.6575 -23.0135 12 u
19.7887 -23.0135 12 u
19.9199 -23.0135 12 u
20.0511 -23.0135 12 u
20.1823 -23.0135 12 u
20.3135 -23.0135 12 u
20.4447 -23.0135 12 u
20.5759 -23.0135 12 u
20.7071 -23.0135 12 u
20.8383 -23.0135 12 u
20.9695 -23.0135 12 u
21.1007 -23.0135 12 u
21.2319 -23.0135 12 u
21.3631 -23.0135 12 u
21.4943 -23.0135 12 u
21.6255 -23.0135 12 u
21.7566 -23.0135 12 u
21.8878 -23.0135 12 u
22.019 -23.0135 12 u
22.1502 -23.0135 12 u
22.2814 -23.0135 12 u
22.4126 -23.0135 12 u
22.5438 -23.0135 12 u
22.675 -23.0135 12 u
22.8062 -23.0135 12 u
22.9374 -23.0135 12 u
23.0686 -23.0135 12 u
23.1998 -23.0135 12 u
23.331 -23.0135 12 u
23.4622 -23.0135 12 u
23.5934 -23.0135 12 u
23.7246 -23.0135 12 u
23.8558 -23.0135 12 u
23.9869 -23.0135 12 u
24.1181 -23.0135 12 u
24.2493 -23.0135 12 u
24.3805 -23.0135 12 u
24.5117 -23.0135 12 u
24.6429 -23.0135 12 u
24.7741 -23.0135 12 u
24.9053 -23.0135 12 u
25.0365 -23.0135 12 u
25.1677 -23.0135 12 u
25.2989 -23.0135 12 u
25.4301 -23.0135 12 u
25.5613 -23.0135 12 u
25.6925 -23.0135 12 u
25.8237 -23.0135 12 u
25.9549 -23.0135 12 u
26.086 -23.0135 12 u
26.2172 -23.0135 12 u
26.3484 -23.0135 12 u
26.4796 -23.0135 12 u
26.6108 -23.0135 12 u
26.742 -23.0135 12 u
26.8732 -23.0135 12 u
27.0044 -23.0135 12 u
27.1356 -23.0135 12 u
27.2668 -23.0135 12 u

16.9615 -18.2117 12 v
16.9591 -18.2717 12 v
16.9568 -18.3317 12 v
16.9544 -18.3917 12 v
16.952 -18.4517 12 v
16.9496 -18.5118 12 v
16.9472 -18.5718 12 v
16.9449 -18.6318 12 v
16.9425 -18.6918 12 v
16.9401 -18.7519 12 v
16.9377 -18.8119 12 v
16.9354 -18.8719 12 v
16.933 -18.9319 12 v
16.9306 -18.992 12 v
16.9282 -19.052 12 v
16.9258 -19.112 12 v
16.9235 -19.172 12 v
16.9211 -19.2321 12 v
16.9187 -19.2921 12 v
16.9163 -19.3521 12 v
16.914 -19.4121 12 v
16.9116 -19.4722 12 v
16.9092 -19.5322 12 v
16.9068 -19.5922 12 v
16.9044 -19.6522 12 v
16.9021 -19.7122 12 v
16.8997 -19.7723 12 v
16.8973 -19.8323 12 v
16.8949 -19.8923 12 v
16.8925 -19.9523 12 v
16.8902 -20.0124 12 v
16.8878 -20.0724 12 v
16.8854 -20.1324 12 v
16.883 -20.1924 12 v
16.8807 -20.2525 12 v
16.8783 -20.3125 12 v
16.8759 -20.3725 12 v
16.8735 -20.4325 12 v
16.8711 -20.4926 12 v
16.8688 -20.5526 12 v
16.8664 -20.6126 12 v
16.864 -20.6726 12 v
16.8616 -20.7326 12 v
16.8593 -20.7927 12 v
16.8569 -20.8527 12 v
16.8545 -20.9127 12 v
16.8521 -20.9727 12 v
16.8497 -21.0328 12 v
16.8474 -21.0928 12 v
16.845 -21.1528 12 v
16.8426 -21.2128 12 v
16.8402 -21.2729 12 v
16.8379 -21.3329 12 v
16.8355 -21.3929 12 v
16.8331 -21.4529 12 v
16.8307 -21.513 12 v
16.8283 -21.573 12 v
16.826 -21.633 12 v
16.8236 -21.693 12 v
16.8212 -21.753 12 v
16.8188 -21.8131 12 v
16.8165 -21.8731 12 v
16.8141 -21.9331 12 v
16.8117 -21.9931 12 v
16.8093 -22.0532 12 v
16.8069 -22.1132 12 v
16.8046 -22.1732 12 v
16.8022 -22.2332 12 v
16.7998 -22.2933 12 v
16.7974 -22.3533 12 v
16.7951 -22.4133 12 v
16.7927 -22.4733 12 v
16.7903 -22.5334 12 v
16.7879 -22.5934 12 v
16.7855 -22.6534 12 v
16.7832 -22.7134 12 v
16.7808 -22.7735 12 v
16.7784 -22.8335 12 v
16.776 -22.8935 12 v
16.7737 -22.9535 12 v
16.7713 -23.0135 12 v

19.2785 -17.9402 12 v
19.28 -18.0036 12 v
19.2814 -18.067 12 v
19.2829 -18.1304 12 v
19.2843 -18.1938 12 v
19.2858 -18.2573 12 v
19.2873 -18.3207 12 v
19.2887 -18.3841 12 v
19.2902 -18.4475 12 v
19.2916 -18.5109 12 v
19.2931 -18.5743 12 v
19.2946 -18.6378 12 v
19.296 -18.7012 12 v
19.2975 -18.7646 12 v
19.2989 -18.828 12 v
19.3004 -18.8914 12 v
19.3018 -18.9548 12 v
19.3033 -19.0183 12 v
19.3048 -19.0817 12 v
19.3062 -19.1451 12 v
19.3077 -19.2085 12 v
19.3091 -19.2719 12 v
19.3106 -19.3353 12 v
19.312 -19.3988 12 v
19.3135 -19.4622 12 v
19.315 -19.5256 12 v
19.3164 -19.589 12 v
19.3179 -19.6524 12 v
19.3193 -19.7159 12 v
19.3208 -19.7793 12 v
19.3223 -19.8427 12 v
19.3237 -19.9061 12 v
19.3252 -19.9695 12 v
19.3266 -20.0329 12 v
19.3281 -20.0964 12 v
19.3295 -20.1598 12 v
19.331 -20.2232 12 v
19.3325 -20.2866 12 v
19.3339 -20.35 12 v
19.3354 -20.4134 12 v
19.3368 -20.4769 12 v
19.3383 -20.5403 12 v
19.3398 -20.6037 12 v
19.3412 -20.6671 12 v
19.3427 -20.7305 12 v
19.3441 -20.7939 12 v
19.3456 -20.8574 12 v
19.347 -20.9208 12 v
19.3485 -20.9842 12 v
19.35 -21.0476 12 v
19.3514 -21.111 12 v
19.3529 -21.1744 12 v
19.3543 -21.2379 12 v
19.3558 -21.3013 12 v
19.3572 -21.3647 12 v
19.3587 -21.4281 12 v
19.3602 -21.4915 12 v
19.3616 -21.555 12 v
19.3631 -21.6184 12 v
19.3645 -21.6818 12 v
19.366 -21.7452 12 v
19.3675 -21.8086 12 v
19.3689 -21.872 12 v
19.3704 -21.9355 12 v
19.3718 -21.9989 12 v
19.3733 -22.0623 12 v
19.3747 -22.1257 12 v
19.3762 -22.1891 12 v
19.3777 -22.2525 12 v
19.3791 -22.316 12 v
19.3806 -22.3794 12 v
19.382 -22.4428 12 v
19.3835 -22.5062 12 v
19.385 -22.5696 12 v
19.3864 -22.633 12 v
19.3879 -22.6965 12 v
19.3893 -22.7599 12 v
19.3908 -22.8233 12 v
19.3922 -22.8867 12 v
19.3937 -22.9501 12 v
19.3952 -23.0135 12 v

21.4722 -17.1415 12 v
21.479 -17.2149 12 v
21.4858 -17.2883 12 v
21.4927 -17.3617 12 v
21.4995 -17.4351 12 v
21.5064 -17.5085 12 v
21.5132 -17.5819 12 v
21.52 -17.6553 12 v
21.5269 -17.7287 12 v
21.5337 -17.8021 12 v
21.5405 -17.8755 12 v
21.5474 -17.9489 12 v
21.5542 -18.0223 12 v
21.561 -18.0957 12 v
21.5679 -18.1691 12 v
21.5747 -18.2425 12 v
21.5815 -18.3159 12 v
21.5884 -18.3893 12 v
21.5952 -18.4627 12 v
21.6021 -18.5361 12 v
21.6089 -18.6095 12 v
21.6157 -18.6829 12 v
21.6226 -18.7563 12 v
21.6294 -18.8297 12 v
21.6362 -18.9031 12 v
21.6431 -18.9765 12 v
21.6499 -19.0499 12 v
21.6567 -19.1233 12 v
21.6636 -19.1967 12 v
21.6704 -19.2701 12 v
21.6772 -19.3435 12 v
21.6841 -19.4169 12 v
21.6909 -19.4903 12 v
21.6978 -19.5637 12 v
21.7046 -19.6371 12 v
21.7114 -19.7105 12 v
21.7183 -19.7839 12 v
21.7251 -19.8573 12 v
21.7319 -19.9307 12 v
21.7388 -20.0041 12 v
21.7456 -20.0775 12 v
21.7524 -20.1509 12 v
21.7593 -20.2243 12 v
21.7661 -20.2977 12 v
21.7729 -20.3711 12 v
21.7798 -20.4445 12 v
21.7866 -20.5179 12 v
21.7935 -20.5913 12 v
21.8003 -20.6647 12 v
21.8071 -20.7381 12 v
21.814 -20.8115 12 v
21.8208 -20.8849 12 v
21.8276 -20.9583 12 v
21.8345 -21.0317 12 v
21.8413 -21.1051 12 v
21.8481 -21.1785 12 v
21.855 -21.2519 12 v
21.8618 -21.3253 12 v
21.8686 -21.3987 12 v
21.8755 -21.4721 12 v
21.8823 -21.5455 12 v
21.8892 -21.6189 12 v
21.896 -21.6923 12 v
21.9028 -21.7657 12 v
21.9097 -21.8391 12 v
21.9165 -21.9125 12 v
21.9233 -21.9859 12 v
21.9302 -22.0593 12 v
21.937 -22.1327 12 v
21.9438 -22.2061 12 v
21.9507 -22.2795 12 v
21.9575 -22.3529 12 v
21.9644 -22.4263 12 v
21.9712 -22.4997 12 v
21.978 -22.5731 12 v
21.9849 -22.6465 12 v
21.9917 -22.7199 12 v
21.9985 -22.7933 12 v
22.0054 -22.8667 12 v
22.0122 -22.9401 12 v
22.019 -23.0135 12 v

23.4211 -15.8564 12 v
23.4364 -15.9459 12 v
23.4517 -16.0354 12 v
23.467 -16.1248 12 v
23.4822 -16.2143 12 v
23.4975 -16.3037 12 v
23.5128 -16.3932 12 v
23.528 -16.4827 12 v
23.5433 -16.5721 12 v
23.5586 -16.6616 12 v
23.5739 -16.7511 12 v
23.5891 -16.8405 12 v
23.6044 -16.93 12 v
23.6197 -17.0195 12 v
23.635 -17.1089 12 v
23.6502 -17.1984 12 v
23.6655 -17.2878 12 v
23.6808 -17.3773 12 v
23.696 -17.4668 12 v
23.7113 -17.5562 12 v
23.7266 -17.6457 12 v
23.7419 -17.7352 12 v
23.7571 -17.8246 12 v
23.7724 -17.9141 12 v
23.7877 -18.0036 12 v
23.8029 -18.093 12 v
23.8182 -18.1825 12 v
23.8335 -18.272 12 v
23.8488 -18.3614 12 v
23.864 -18.4509 12 v
23.8793 -18.5403 12 v
23.8946 -18.6298 12 v
23.9099 -18.7193 12 v
23.9251 -18.8087 12 v
23.9404 -18.8982 12 v
23.9557 -18.9877 12 v
23.9709 -19.0771 12 v
23.9862 -19.1666 12 v
24.0015 -19.2561 12 v
24.0168 -19.3455 12 v
24.032 -19.435 12 v
24.0473 -19.5244 12 v
24.0626 -19.6139 12 v
24.0778 -19.7034 12 v
24.0931 -19.7928 12 v
24.1084 -19.8823 12 v
24.1237 -19.9718 12 v
24.1389 -20.0612 12 v
24.1542 -20.1507 12 v
24.1695 -20.2402 12 v
24.1848 -20.3296 12 v
24.2 -20.4191 12 v
24.2153 -20.5086 12 v
24.2306 -20.598 12 v
24.2458 -20.6875 12 v
24.2611 -20.7769 12 v
24.2764 -20.8664 12 v
24.2917 -20.9559 12 v
24.3069 -21.0453 12 v
24.3222 -21.1348 12 v
24.3375 -21.2243 12 v
24.3527 -21.3137 12 v
24.368 -21.4032 12 v
24.3833 -21.4927 12 v
24.3986 -21.5821 12 v
24.4138 -21.6716 12 v
24.4291 -21.7611 12 v
24.4444 -21.8505 12 v
24.4596 -21.94 12 v
24.4749 -22.0294 12 v
24.4902 -22.1189 12 v
24.5055 -22.2084 12 v
24.5207 -22.2978 12 v
24.536 -22.3873 12 v
24.5513 -22.4768 12 v
24.5666 -22.5662 12 v
24.5818 -22.6557 12 v
24.5971 -22.7452 12 v
24.6124 -22.8346 12 v
24.6276 -22.9241 12 v
24.6429 -23.0135 12 v

25.0203 -14.1581 12 v
25.0484 -14.2688 12 v
25.0765 -14.3795 12 v
25.1046 -14.4902 12 v
25.1326 -14.6009 12 v
25.1607 -14.7116 12 v
25.1888 -14.8223 12 v
25.2169 -14.933 12 v
25.245 -15.0437 12 v
25.273 -15.1544 12 v
25.3011 -15.2651 12 v
25.3292 -15.3757 12 v
25.3573 -15.4864 12 v
25.3854 -15.5971 12 v
25.4135 -15.7078 12 v
25.4415 -15.8185 12 v
25.4696 -15.9292 12 v
25.4977 -16.0399 12 v
25.5258 -16.1506 12 v
25.5539 -16.2613 12 v
25.5819 -16.372 12 v
25.61 -16.4827 12 v
25.6381 -16.5934 12 v
25.6662 -16.7041 12 v
25.6943 -16.8148 12 v
25.7223 -16.9254 12 v
25.7504 -17.0361 12 v
25.7785 -17.1468 12 v
25.8066 -17.2575 12 v
25.8347 -17.3682 12 v
25.8627 -17.4789 12 v
25.8908 -17.5896 12 v
25.9189 -17.7003 12 v
25.947 -17.811 12 v
25.9751 -17.9217 12 v
26.0032 -18.0324 12 v
26.0312 -18.1431 12 v
26.0593 -18.2538 12 v
26.0874 -18.3645 12 v
26.1155 -18.4751 12 v
26.1436 -18.5858 12 v
26.1716 -18.6965 12 v
26.1997 -18.8072 12 v
26.2278 -18.9179 12 v
26.2559 -19.0286 12 v
26.284 -19.1393 12 v
26.312 -19.25 12 v
26.3401 -19.3607 12 v
26.3682 -19.4714 12 v
26.3963 -19.5821 12 v
26.4244 -19.6928 12 v
26.4524 -19.8035 12 v
26.4805 -19.9142 12 v
26.5086 -20.0248 12 v
26.5367 -20.1355 12 v
26.5648 -20.2462 12 v
26.5929 -20.3569 12 v
26.6209 -20.4676 12 v
26.649 -20.5783 12 v
26.6771 -20.689 12 v
26.7052 -20.7997 12 v
26.7333 -20.9104 12 v
26.7613 -21.0211 12 v
26.7894 -21.1318 12 v
26.8175 -21.2425 12 v
26.8456 -21.3532 12 v
26.8737 -21.4638 12 v
26.9017 -21.5745 12 v
26.9298 -21.6852 12 v
26.9579 -21.7959 12 v
26.986 -21.9066 12 v
27.0141 -22.0173 12 v
27.0421 -22.128 12 v
27.0702 -22.2387 12 v
27.0983 -22.3494 12 v
27.1264 -22.4601 12 v
27.1545 -22.5708 12 v
27.1826 -22.6815 12 v
27.2106 -22.7922 12 v
27.2387 -22.9029 12 v
27.2668 -23.0135 12 v

34.7932 22.9043 13 u
34.5638 22.9043 13 u
34.3345 22.9043 13 u
34.1051 22.9043 13 u
33.8757 22.9043 13 u
33.6463 22.9043 13 u
33.417 22.9043 13 u
33.1876 22.9043 13 u
32.9582 22.9043 13 u
32.7288 22.9043 13 u
32.4995 22.9043 13 u
32.2701 22.9043 13 u
32.0407 22.9043 13 u
31.8113 22.9043 13 u
31.582 22.9043 13 u
31.3526 22.9043 13 u
31.1232 22.9043 13 u
30.8939 22.9043 13 u
30.6645 22.9043 13 u
30.4351 22.9043 13 u
30.2057 22.9043 13 u
29.9764 22.9043 13 u
29.747 22.9043 13 u
29.5176 22.9043 13 u
29.2882 22.9043 13 u
29.0589 22.9043 13 u
28.8295 22.9043 13 u
28.6001 22.9043 13 u
28.3707 22.9043 13 u
28.1414 22.9043 13 u
27.912 22.9043 13 u
27.6826 22.9043 13 u
27.4532 22.9043 13 u
27.2239 22.9043 13 u
26.9945 22.9043 13 u
26.7651 22.9043 13 u
26.5357 22.9043 13 u
26.3064 22.9043 13 u
26.077 22.9043 13 u
25.8476 22.9043 13 u
25.6183 22.9043 13 u
25.3889 22.9043 13 u
25.1595 22.9043 13 u
24.9301 22.9043 13 u
24.7008 22.9043 13 u
24.4714 22.9043 13 u
24.242 22.9043 13 u
24.0126 22.9043 13 u
23.7833 22.9043 13 u
23.5539 22.9043 13 u
23.3245 22.9043 13 u
23.0951 22.9043 13 u
22.8658 22.9043 13 u
22.6364 22.9043 13 u
22.407 22.9043 13 u
22.1776 22.9043 13 u
21.9483 22.9043 13 u
21.7189 22.9043 13 u
21.4895 22.9043 13 u
21.2601 22.9043 13 u
21.0308 22.9043 13 u
20.8014 22.9043 13 u
20.572 22.9043 13 u
20.3427 22.9043 13 u
20.1133 22.9043 13 u
19.8839 22.9043 13 u
19.6545 22.9043 13 u
19.4252 22.9043 13 u
19.1958 22.9043 13 u
18.9664 22.9043 13 u
18.737 22.9043 13 u
18.5077 22.9043 13 u
18.2783 22.9043 13 u
18.0489 22.9043 13 u
17.8195 22.9043 13 u
17.5902 22.9043 13 u
17.3608 22.9043 13 u
17.1314 22.9043 13 u
16.902 22.9043 13 u
16.6727 22.9043 13 u
16.4433 22.9043 13 u

32.3632 20.0506 13 u
32.1738 20.0742 13 u
31.984 20.0977 13 u
31.7939 20.1209 13 u
31.6036 20.144 13 u
31.413 20.1668 13 u
31.2221 20.1895 13 u
31.0309 20.2119 13 u
30.8394 20.2341 13 u
30.6477 20.2561 13 u
30.4558 20.2779 13 u
30.2635 20.2994 13 u
30.071 20.3207 13 u
29.8783 20.3418 13 u
29.6853 20.3626 13 u
29.4921 20.3832 13 u
29.2986 20.4035 13 u
29.1049 20.4236 13 u
28.9109 20.4435 13 u
28.7168 20.463 13 u
28.5224 20.4823 13 u
28.3277 20.5014 13 u
28.1329 20.5202 13 u
27.9378 20.5387 13 u
27.7426 20.5569 13 u
27.5471 20.5748 13 u
27.3514 20.5925 13 u
27.1555 20.6099 13 u
26.9594 20.627 13 u
26.7631 20.6438 13 u
26.5666 20.6604 13 u
26.3699 20.6766 13 u
26.173 20.6926 13 u
25.976 20.7082 13 u
25.7787 20.7236 13 u
25.5813 20.7386 13 u
25.3837 20.7534 13 u
25.186 20.7679 13 u
24.988 20.782 13 u
24.7899 20.7959 13 u
24.5917 20.8094 13 u
24.3933 20.8226 13 u
24.1947 20.8355 13 u
23.996 20.8481 13 u
23.7971 20.8604 13 u
23.5981 20.8724 13 u
23.3989 20.884 13 u
23.1996 20.8953 13 u
23.0002 20.9063 13 u
22.8006 20.917 13 u
22.601 20.9274 13 u
22.4012 20.9374 13 u
22.2013 20.9471 13 u
22.0012 20.9565 13 u
21.8011 20.9655 13 u
21.6008 20.9742 13 u
21.4005 20.9826 13 u
21.2 20.9907 13 u
20.9995 20.9984 13 u
20.7988 21.0058 13 u
20.5981 21.0128 13 u
20.3973 21.0195 13 u
20.1964 21.0259 13 u
19.9954 21.0319 13 u
19.7944 21.0376 13 u
19.5933 21.043 13 u
19.3922 21.048 13 u
19.191 21.0526 13 u
18.9897 21.0569 13 u
18.7884 21.0609 13 u
18.5871 21.0646 13 u
18.3857 21.0679 13 u
18.1843 21.0708 13 u
17.9829 21.0734 13 u
17.7815 21.0757 13 u
17.58 21.0776 13 u
17.3786 21.0792 13 u
17.1771 21.0804 13 u
16.9757 21.0813 13 u
16.7743 21.0818 13 u
16.5728 21.082 13 u

29.9333 17.1968 13 u
29.7837 17.2441 13 u
29.6335 17.291 13 u
29.4828 17.3375 13 u
29.3315 17.3836 13 u
29.1796 17.4293 13 u
29.0271 17.4746 13 u
28.8742 17.5194 13 u
28.7207 17.5639 13 u
28.5666 17.6079 13 u
28.412 17.6514 13 u
28.257 17.6945 13 u
28.1013 17.7371 13 u
27.9452 17.7792 13 u
27.7886 17.8209 13 u
27.6316 17.8621 13 u
27.474 17.9027 13 u
27.3159 17.9429 13 u
27.1574 17.9826 13 u
26.9984 18.0217 13 u
26.839 18.0604 13 u
26.6791 18.0984 13 u
26.5188 18.136 13 u
26.3581 18.173 13 u
26.1969 18.2095 13 u
26.0353 18.2454 13 u
25.8733 18.2807 13 u
25.7108 18.3155 13 u
25.548 18.3497 13 u
25.3848 18.3833 13 u
25.2212 18.4164 13 u
25.0572 18.4489 13 u
24.8928 18.4808 13 u
24.7281 18.5121 13 u
24.563 18.5428 13 u
24.3975 18.573 13 u
24.2317 18.6025 13 u
24.0655 18.6314 13 u
23.8991 18.6597 13 u
23.7322 18.6874 13 u
23.5651 18.7145 13 u
23.3976 18.7409 13 u
23.2299 18.7668 13 u
23.0618 18.7919 13 u
22.8934 18.8165 13 u
22.7248 18.8404 13 u
22.5558 18.8637 13 u
22.3866 18.8864 13 u
22.2171 18.9084 13 u
22.0474 18.9297 13 u
21.8774 18.9504 13 u
21.7072 18.9705 13 u
21.5367 18.9899 13 u
21.366 19.0086 13 u
21.1951 19.0267 13 u
21.024 19.0442 13 u
20.8527 19.0609 13 u
20.6811 19.077 13 u
20.5094 19.0925 13 u
20.3375 19.1072 13 u
20.1654 19.1213 13 u
19.9932 19.1347 13 u
19.8208 19.1475 13 u
19.6482 19.1595 13 u
19.4755 19.1709 13 u
19.3027 19.1816 13 u
19.1298 19.1916 13 u
18.9567 19.2009 13 u
18.7836 19.2096 13 u
18.6104 19.2175 13 u
18.4371 19.2248 13 u
18.2637 19.2314 13 u
18.0903 19.2373 13 u
17.9169 19.2425 13 u
17.7434 19.247 13 u
17.5699 19.2509 13 u
17.3964 19.254 13 u
17.2229 19.2565 13 u
17.0493 19.2582 13 u
16.8759 19.2593 13 u
16.7024 19.2596 13 u

27.5033 14.3431 13 u
27.3936 14.414 13 u
27.2831 14.4843 13 u
27.1716 14.5541 13 u
27.0593 14.6233 13 u
26.9462 14.6918 13 u
26.8322 14.7597 13 u
26.7175 14.827 13 u
26.6019 14.8936 13 u
26.4855 14.9596 13 u
26.3683 15.0249 13 u
26.2504 15.0895 13 u
26.1317 15.1535 13 u
26.0122 15.2167 13 u
25.892 15.2792 13 u
25.771 15.3409 13 u
25.6494 15.402 13 u
25.527 15.4622 13 u
25.4039 15.5217 13 u
25.2801 15.5805 13 u
25.1556 15.6384 13 u
25.0305 15.6955 13 u
24.9047 15.7518 13 u
24.7783 15.8073 13 u
24.6512 15.862 13 u
24.5235 15.9159 13 u
24.3951 15.9689 13 u
24.2662 16.0211 13 u
24.1366 16.0724 13 u
24.0065 16.1229 13 u
23.8758 16.1725 13 u
23.7445 16.2212 13 u
23.6126 16.2691 13 u
23.4802 16.316 13 u
23.3472 16.3621 13 u
23.2137 16.4073 13 u
23.0797 16.4516 13 u
22.9451 16.495 13 u
22.8101 16.5374 13 u
22.6745 16.579 13 u
22.5385 16.6196 13 u
22.402 16.6592 13 u
22.265 16.698 13 u
22.1276 16.7358 13 u
21.9898 16.7726 13 u
21.8515 16.8085 13 u
21.7127 16.8434 13 u
21.5736 16.8774 13 u
21.4341 16.9104 13 u
21.2942 16.9424 13 u
21.1539 16.9735 13 u
21.0132 17.0036 13 u
20.8722 17.0327 13 u
20.7309 17.0608 13 u
20.5892 17.0879 13 u
20.4472 17.1141 13 u
20.3049 17.1392 13 u
20.1623 17.1634 13 u
20.0194 17.1865 13 u
19.8762 17.2087 13 u
19.7328 17.2298 13 u
19.5891 17.2499 13 u
19.4452 17.269 13 u
19.301 17.2871 13 u
19.1567 17.3042 13 u
19.0121 17.3202 13 u
18.8674 17.3352 13 u
18.7225 17.3492 13 u
18.5775 17.3622 13 u
18.4324 17.3742 13 u
18.2871 17.3851 13 u
18.1418 17.395 13 u
17.9963 17.4038 13 u
17.8509 17.4116 13 u
17.7053 17.4184 13 u
17.5597 17.4242 13 u
17.4142 17.4289 13 u
17.2686 17.4325 13 u
17.123 17.4352 13 u
16.9775 17.4368 13 u
16.832 17.4373 13 u

25.0734 11.4893 13 u
25.0036 11.5839 13 u
24.9326 11.6777 13 u
24.8605 11.7707 13 u
24.7872 11.8629 13 u
24.7128 11.9543 13 u
24.6373 12.0449 13 u
24.5608 12.1346 13 u
24.4831 12.2234 13 u
24.4044 12.3114 13 u
24.3246 12.3985 13 u
24.2438 12.4846 13 u
24.162 12.5698 13 u
24.0791 12.6541 13 u
23.9953 12.7375 13 u
23.9105 12.8198 13 u
23.8247 12.9012 13 u
23.738 12.9815 13 u
23.6504 13.0609 13 u
23.5618 13.1392 13 u
23.4723 13.2164 13 u
23.3819 13.2926 13 u
23.2906 13.3677 13 u
23.1985 13.4417 13 u
23.1055 13.5146 13 u
23.0117 13.5864 13 u
22.917 13.6571 13 u
22.8215 13.7266 13 u
22.7253 13.7951 13 u
22.6282 13.8624 13 u
22.5303 13.9285 13 u
22.4317 13.9935 13 u
22.3324 14.0573 13 u
22.2323 14.1199 13 u
22.1314 14.1814 13 u
22.0299 14.2416 13 u
21.9276 14.3007 13 u
21.8247 14.3585 13 u
21.7211 14.4151 13 u
21.6168 14.4705 13 u
21.5119 14.5247 13 u
21.4064 14.5776 13 u
21.3002 14.6292 13 u
21.1934 14.6796 13 u
21.0861 14.7287 13 u
20.9781 14.7765 13 u
20.8696 14.8231 13 u
20.7606 14.8684 13 u
20.651 14.9124 13 u
20.5409 14.9551 13 u
20.4303 14.9965 13 u
20.3193 15.0366 13 u
20.2077 15.0755 13 u
20.0957 15.113 13 u
19.9833 15.1491 13 u
19.8704 15.184 13 u
19.7571 15.2175 13 u
19.6434 15.2497 13 u
19.5293 15.2806 13 u
19.4149 15.3101 13 u
19.3001 15.3383 13 u
19.185 15.3651 13 u
19.0695 15.3906 13 u
18.9538 15.4147 13 u
18.8378 15.4375 13 u
18.7215 15.4589 13 u
18.605 15.4789 13 u
18.4883 15.4975 13 u
18.3714 15.5148 13 u
18.2544 15.5308 13 u
18.1372 15.5453 13 u
18.0198 15.5585 13 u
17.9024 15.5703 13 u
17.7848 15.5807 13 u
17.6672 15.5898 13 u
17.5496 15.5974 13 u
17.4319 15.6037 13 u
17.3143 15.6086 13 u
17.1966 15.6121 13 u
17.079 15.6142 13 u
16.9615 15.615 13 u

34.7932 22.9043 13 v
34.6717 22.7616 13 v
34.5502 22.6189 13 v
34.4287 22.4763 13 v
34.3072 22.3336 13 v
34.1857 22.1909 13 v
34.0642 22.0482 13 v
33.9427 21.9055 13 v
33.8212 21.7628 13 v
33.6997 21.6201 13 v
33.5782 21.4774 13 v
33.4567 21.3348 13 v
33.3352 21.1921 13 v
33.2137 21.0494 13 v
33.0922 20.9067 13 v
32.9707 20.764 13 v
32.8492 20.6213 13 v
32.7277 20.4786 13 v
32.6062 20.3359 13 v
32.4847 20.1933 13 v
32.3632 20.0506 13 v
32.2418 19.9079 13 v
32.1203 19.7652 13 v
31.9988 19.6225 13 v
31.8773 19.4798 13 v
31.7558 19.3371 13 v
31.6343 19.1944 13 v
31.5128 19.0518 13 v
31.3913 18.9091 13 v
31.2698 18.7664 13 v
31.1483 18.6237 13 v
31.0268 18.481 13 v
30.9053 18.3383 13 v
30.7838 18.1956 13 v
30.6623 18.0529 13 v
30.5408 17.9103 13 v
30.4193 17.7676 13 v
30.2978 17.6249 13 v
30.1763 17.4822 13 v
30.0548 17.3395 13 v
29.9333 17.1968 13 v
29.8118 17.0541 13 v
29.6903 16.9114 13 v
29.5688 16.7688 13 v
29.4473 16.6261 13 v
29.3258 16.4834 13 v
29.2043 16.3407 13 v
29.0828 16.198 13 v
28.9613 16.0553 13 v
28.8398 15.9126 13 v
28.7183 15.7699 13 v
28.5968 15.6272 13 v
28.4753 15.4846 13 v
28.3538 15.3419 13 v
28.2323 15.1992 13 v
28.1108 15.0565 13 v
27.9893 14.9138 13 v
27.8678 14.7711 13 v
27.7463 14.6284 13 v
27.6248 14.4857 13 v
27.5033 14.3431 13 v
27.3818 14.2004 13 v
27.2603 14.0577 13 v
27.1388 13.915 13 v
27.0173 13.7723 13 v
26.8958 13.6296 13 v
26.7743 13.4869 13 v
26.6528 13.3442 13 v
26.5314 13.2016 13 v
26.4099 13.0589 13 v
26.2884 12.9162 13 v
26.1669 12.7735 13 v
26.0454 12.6308 13 v
25.9239 12.4881 13 v
25.8024 12.3454 13 v
25.6809 12.2027 13 v
25.5594 12.0601 13 v
25.4379 11.9174 13 v
25.3164 11.7747 13 v
25.1949 11.632 13 v
25.0734 11.4893 13 v

30.2057 22.9043 13 v
30.1216 22.7832 13 v
30.0374 22.6621 13 v
29.9532 22.541 13 v
29.8691 22.4199 13 v
29.7849 22.2988 13 v
29.7007 22.1777 13 v
29.6166 22.0566 13 v
29.5324 21.9355 13 v
29.4482 21.8144 13 v
29.364 21.6933 13 v
29.2799 21.5722 13 v
29.1957 21.4511 13 v
29.1115 21.33 13 v
29.0274 21.2089 13 v
28.9432 21.0878 13 v
28.859 20.9667 13 v
28.7749 20.8456 13 v
28.6907 20.7245 13 v
28.6065 20.6034 13 v
28.5224 20.4823 13 v
28.4382 20.3612 13 v
28.354 20.2401 13 v
28.2699 20.119 13 v
28.1857 19.9979 13 v
28.1015 19.8768 13 v
28.0174 19.7557 13 v
27.9332 19.6346 13 v
27.849 19.5135 13 v
27.7649 19.3924 13 v
27.6807 19.2714 13 v
27.5965 19.1503 13 v
27.5124 19.0292 13 v
27.4282 18.9081 13 v
27.344 18.787 13 v
27.2598 18.6659 13 v
27.1757 18.5448 13 v
27.0915 18.4237 13 v
27.0073 18.3026 13 v
26.9232 18.1815 13 v
26.839 18.0604 13 v
26.7548 17.9393 13 v
26.6707 17.8182 13 v
26.5865 17.6971 13 v
26.5023 17.576 13 v
26.4182 17.4549 13 v
26.334 17.3338 13 v
26.2498 17.2127 13 v
26.1657 17.0916 13 v
26.0815 16.9705 13 v
25.9973 16.8494 13 v
25.9132 16.7283 13 v
25.829 16.6072 13 v
25.7448 16.4861 13 v
25.6607 16.365 13 v
25.5765 16.2439 13 v
25.4923 16.1228 13 v
25.4082 16.0017 13 v
25.324 15.8806 13 v
25.2398 15.7595 13 v
25.1556 15.6384 13 v
25.0715 15.5173 13 v
24.9873 15.3962 13 v
24.9031 15.2751 13 v
24.819 15.154 13 v
24.7348 15.0329 13 v
24.6506 14.9118 13 v
24.5665 14.7907 13 v
24.4823 14.6696 13 v
24.3981 14.5485 13 v
24.314 14.4274 13 v
24.2298 14.3063 13 v
24.1456 14.1852 13 v
24.0615 14.0641 13 v
23.9773 13.943 13 v
23.8931 13.8219 13 v
23.809 13.7008 13 v
23.7248 13.5797 13 v
23.6406 13.4586 13 v
23.5565 13.3375 13 v
23.4723 13.2164 13 v

25.6183 22.9043 13 v
25.5669 22.7996 13 v
25.5156 22.6948 13 v
25.4643 22.5901 13 v
25.4129 22.4853 13 v
25.3616 22.3806 13 v
25.3103 22.2758 13 v
25.2589 22.1711 13 v
25.2076 22.0664 13 v
25.1563 21.9616 13 v
25.105 21.8569 13 v
25.0536 21.7521 13 v
25.0023 21.6474 13 v
24.951 21.5426 13 v
24.8996 21.4379 13 v
24.8483 21.3331 13 v
24.797 21.2284 13 v
24.7457 21.1236 13 v
24.6943 21.0189 13 v
24.643 20.9141 13 v
24.5917 20.8094 13 v
24.5403 20.7047 13 v
24.489 20.5999 13 v
24.4377 20.4952 13 v
24.3864 20.3904 13 v
24.335 20.2857 13 v
24.2837 20.1809 13 v
24.2324 20.0762 13 v
24.181 19.9714 13 v
24.1297 19.8667 13 v
24.0784 19.7619 13 v
24.0271 19.6572 13 v
23.9757 19.5525 13 v
23.9244 19.4477 13 v
23.8731 19.343 13 v
23.8217 19.2382 13 v
23.7704 19.1335 13 v
23.7191 19.0287 13 v
23.6678 18.924 13 v
23.6164 18.8192 13 v
23.5651 18.7145 13 v
23.5138 18.6097 13 v
23.4624 18.505 13 v
23.4111 18.4003 13 v
23.3598 18.2955 13 v
23.3084 18.1908 13 v
23.2571 18.086 13 v
23.2058 17.9813 13 v
23.1545 17.8765 13 v
23.1031 17.7718 13 v
23.0518 17.667 13 v
23.0005 17.5623 13 v
22.9491 17.4575 13 v
22.8978 17.3528 13 v
22.8465 17.248 13 v
22.7952 17.1433 13 v
22.7438 17.0386 13 v
22.6925 16.9338 13 v
22.6412 16.8291 13 v
22.5898 16.7243 13 v
22.5385 16.6196 13 v
22.4872 16.5148 13 v
22.4359 16.4101 13 v
22.3845 16.3053 13 v
22.3332 16.2006 13 v
22.2819 16.0958 13 v
22.2305 15.9911 13 v
22.1792 15.8864 13 v
22.1279 15.7816 13 v
22.0766 15.6769 13 v
22.0252 15.5721 13 v
21.9739 15.4674 13 v
21.9226 15.3626 13 v
21.8712 15.2579 13 v
21.8199 15.1531 13 v
21.7686 15.0484 13 v
21.7172 14.9436 13 v
21.6659 14.8389 13 v
21.6146 14.7341 13 v
21.5633 14.6294 13 v
21.5119 14.5247 13 v

21.0308 22.9043 13 v
21.0091 22.8097 13 v
20.9875 22.7152 13 v
20.9659 22.6206 13 v
20.9442 22.526 13 v
20.9226 22.4314 13 v
20.901 22.3369 13 v
20.8793 22.2423 13 v
20.8577 22.1477 13 v
20.8361 22.0531 13 v
20.8144 21.9586 13 v
20.7928 21.864 13 v
20.7712 21.7694 13 v
20.7495 21.6748 13 v
20.7279 21.5803 13 v
20.7063 21.4857 13 v
20.6846 21.3911 13 v
20.663 21.2965 13 v
20.6414 21.202 13 v
20.6197 21.1074 13 v
20.5981 21.0128 13 v
20.5765 20.9182 13 v
20.5548 20.8237 13 v
20.5332 20.7291 13 v
20.5116 20.6345 13 v
20.4899 20.5399 13 v
20.4683 20.4454 13 v
20.4467 20.3508 13 v
20.425 20.2562 13 v
20.4034 20.1616 13 v
20.3818 20.0671 13 v
20.3601 19.9725 13 v
20.3385 19.8779 13 v
20.3169 19.7833 13 v
20.2952 19.6888 13 v
20.2736 19.5942 13 v
20.252 19.4996 13 v
20.2303 19.405 13 v
20.2087 19.3105 13 v
20.1871 19.2159 13 v
20.1654 19.1213 13 v
20.1438 19.0267 13 v
20.1222 18.9322 13 v
20.1005 18.8376 13 v
20.0789 18.743 13 v
20.0573 18.6484 13 v
20.0356 18.5539 13 v
20.014 18.4593 13 v
19.9924 18.3647 13 v
19.9707 18.2701 13 v
19.9491 18.1756 13 v
19.9275 18.081 13 v
19.9058 17.9864 13 v
19.8842 17.8918 13 v
19.8626 17.7973 13 v
19.8409 17.7027 13 v
19.8193 17.6081 13 v
19.7977 17.5135 13 v
19.776 17.419 13 v
19.7544 17.3244 13 v
19.7328 17.2298 13 v
19.7111 17.1352 13 v
19.6895 17.0407 13 v
19.6679 16.9461 13 v
19.6462 16.8515 13 v
19.6246 16.7569 13 v
19.603 16.6624 13 v
19.5813 16.5678 13 v
19.5597 16.4732 13 v
19.5381 16.3786 13 v
19.5164 16.2841 13 v
19.4948 16.1895 13 v
19.4732 16.0949 13 v
19.4515 16.0003 13 v
19.4299 15.9058 13 v
19.4083 15.8112 13 v
19.3866 15.7166 13 v
19.365 15.622 13 v
19.3434 15.5275 13 v
19.3217 15.4329 13 v
19.3001 15.3383 13 v

16.4433 22.9043 13 v
16.4498 22.8132 13 v
16.4563 22.7221 13 v
16.4627 22.631 13 v
16.4692 22.5399 13 v
16.4757 22.4487 13 v
16.4822 22.3576 13 v
16.4886 22.2665 13 v
16.4951 22.1754 13 v
16.5016 22.0843 13 v
16.5081 21.9931 13 v
16.5146 21.902 13 v
16.521 21.8109 13 v
16.5275 21.7198 13 v
16.534 21.6287 13 v
16.5405 21.5376 13 v
16.5469 21.4464 13 v
16.5534 21.3553 13 v
16.5599 21.2642 13 v
16.5664 21.1731 13 v
16.5728 21.082 13 v
16.5793 20.9909 13 v
16.5858 20.8997 13 v
16.5923 20.8086 13 v
16.5988 20.7175 13 v
16.6052 20.6264 13 v
16.6117 20.5353 13 v
16.6182 20.4442 13 v
16.6247 20.353 13 v
16.6311 20.2619 13 v
16.6376 20.1708 13 v
16.6441 20.0797 13 v
16.6506 19.9886 13 v
16.6571 19.8975 13 v
16.6635 19.8063 13 v
16.67 19.7152 13 v
16.6765 19.6241 13 v
16.683 19.533 13 v
16.6894 19.4419 13 v
16.6959 19.3508 13 v
16.7024 19.2596 13 v
16.7089 19.1685 13 v
16.7154 19.0774 13 v
16.7218 18.9863 13 v
16.7283 18.8952 13 v
16.7348 18.8041 13 v
16.7413 18.7129 13 v
16.7477 18.6218 13 v
16.7542 18.5307 13 v
16.7607 18.4396 13 v
16.7672 18.3485 13 v
16.7737 18.2573 13 v
16.7801 18.1662 13 v
16.7866 18.0751 13 v
16.7931 17.984 13 v
16.7996 17.8929 13 v
16.806 17.8018 13 v
16.8125 17.7106 13 v
16.819 17.6195 13 v
16.8255 17.5284 13 v
16.832 17.4373 13 v
16.8384 17.3462 13 v
16.8449 17.2551 13 v
16.8514 17.1639 13 v
16.8579 17.0728 13 v
16.8643 16.9817 13 v
16.8708 16.8906 13 v
16.8773 16.7995 13 v
16.8838 16.7084 13 v
16.8903 16.6172 13 v
16.8967 16.5261 13 v
16.9032 16.435 13 v
16.9097 16.3439 13 v
16.9162 16.2528 13 v
16.9226 16.1617 13 v
16.9291 16.0705 13 v
16.9356 15.9794 13 v
16.9421 15.8883 13 v
16.9486 15.7972 13 v
16.955 15.7061 13 v
16.9615 15.615 13 v

-28.2156 13.139 14 u
-28.5146 12.8936 14 u
-28.7974 12.6366 14 u
-29.0644 12.3686 14 u
-29.316 12.0901 14 u
-29.5525 11.8018 14 u
-29.7742 11.5042 14 u
-29.9817 11.1979 14 u
-30.1752 10.8834 14 u
-30.3552 10.5613 14 u
-30.522 10.2323 14 u
-30.676 9.89676 14 u
-30.8175 9.55541 14 u
-30.947 9.20876 14 u
-31.0647 8.8574 14 u
-31.1712 8.50189 14 u
-31.2668 8.14281 14 u
-31.3517 7.78073 14 u
-31.4265 7.41621 14 u
-31.4915 7.04984 14 u
-31.5471 6.68218 14 u
-31.5937 6.31372 14 u
-31.6318 5.9446 14 u
-31.6622 5.57485 14 u
-31.6854 5.20452 14 u
-31.7022 4.83366 14 u
-31.713 4.46232 14 u
-31.7187 4.09054 14 u
-31.7197 3.71836 14 u
-31.7168 3.34584 14 u
-31.7106 2.97302 14 u
-31.7016 2.59993 14 u
-31.6907 2.22664 14 u
-31.6783 1.85319 14 u
-31.6652 1.47962 14 u
-31.6519 1.10597 14 u
-31.6392 0.732297 14 u
-31.6276 0.358643 14 u
-31.6177 -0.0149464 14 u
-31.6103 -0.388425 14 u
-31.6059 -0.761747 14 u
-31.6051 -1.13488 14 u
-31.6074 -1.50782 14 u
-31.6125 -1.88059 14 u
-31.6198 -2.2532 14 u
-31.6288 -2.62568 14 u
-31.6391 -2.99802 14 u
-31.6502 -3.37025 14 u
-31.6615 -3.74239 14 u
-31.6726 -4.11444 14 u
-31.6831 -4.48643 14 u
-31.6923 -4.85837 14 u
-31.6999 -5.23027 14 u
-31.7053 -5.60215 14 u
-31.7081 -5.97402 14 u
-31.7077 -6.34591 14 u
-31.7038 -6.71781 14 u
-31.6957 -7.08976 14 u
-31.683 -7.46176 14 u
-31.6653 -7.83383 14 u
-31.642 -8.20598 14 u
-31.6126 -8.57815 14 u
-31.5764 -8.9499 14 u
-31.5328 -9.32072 14 u
-31.4812 -9.6901 14 u
-31.4207 -10.0575 14 u
-31.3508 -10.4225 14 u
-31.2707 -10.7844 14 u
-31.1798 -11.1429 14 u
-31.0774 -11.4973 14 u
-30.9627 -11.8472 14 u
-30.8352 -12.1921 14 u
-30.6941 -12.5314 14 u
-30.5388 -12.8647 14 u
-30.3686 -13.1913 14 u
-30.1827 -13.5108 14 u
-29.9805 -13.8228 14 u
-29.7613 -14.1266 14 u
-29.5245 -14.4217 14 u
-29.2694 -14.7077 14 u
-28.9952 -14.984 14 u

-30.0446 14.8697 14 u
-30.3819 14.6062 14 u
-30.7031 14.329 14 u
-31.0083 14.039 14 u
-31.2979 13.7367 14 u
-31.5721 13.4227 14 u
-31.8312 13.0979 14 u
-32.0753 12.7627 14 u
-32.3048 12.4179 14 u
-32.5198 12.0641 14 u
-32.7207 11.702 14 u
-32.9076 11.3323 14 u
-33.0809 10.9555 14 u
-33.2408 10.5725 14 u
-33.3874 10.1837 14 u
-33.5212 9.78999 14 u
-33.6422 9.39188 14 u
-33.7508 8.99007 14 u
-33.8472 8.58523 14 u
-33.9317 8.17802 14 u
-34.0044 7.76909 14 u
-34.0659 7.359 14 u
-34.1166 6.94791 14 u
-34.1575 6.53589 14 u
-34.1893 6.123 14 u
-34.2129 5.7093 14 u
-34.2291 5.29485 14 u
-34.2386 4.87971 14 u
-34.2422 4.46395 14 u
-34.2408 4.04761 14 u
-34.2351 3.63078 14 u
-34.226 3.21351 14 u
-34.2143 2.79585 14 u
-34.2006 2.37788 14 u
-34.186 1.95965 14 u
-34.1711 1.54122 14 u
-34.1567 1.12266 14 u
-34.1437 0.704025 14 u
-34.1328 0.28538 14 u
-34.1249 -0.133213 14 u
-34.1208 -0.551695 14 u
-34.1209 -0.970012 14 u
-34.1249 -1.38815 14 u
-34.1322 -1.80609 14 u
-34.1419 -2.22383 14 u
-34.1535 -2.64137 14 u
-34.1662 -3.05869 14 u
-34.1794 -3.47578 14 u
-34.1925 -3.89264 14 u
-34.2046 -4.30926 14 u
-34.2152 -4.72563 14 u
-34.2236 -5.14173 14 u
-34.2291 -5.55757 14 u
-34.231 -5.97313 14 u
-34.2286 -6.3884 14 u
-34.2213 -6.80338 14 u
-34.2084 -7.21806 14 u
-34.1892 -7.63243 14 u
-34.163 -8.04647 14 u
-34.1292 -8.46019 14 u
-34.087 -8.87356 14 u
-34.0359 -9.28649 14 u
-33.9752 -9.69846 14 u
-33.9046 -10.1088 14 u
-33.8234 -10.517 14 u
-33.7312 -10.9223 14 u
-33.6275 -11.3242 14 u
-33.5117 -11.7221 14 u
-33.3835 -12.1152 14 u
-33.2421 -12.503 14 u
-33.0873 -12.8849 14 u
-32.9184 -13.2603 14 u
-32.7349 -13.6284 14 u
-32.5364 -13.9888 14 u
-32.3224 -14.3408 14 u
-32.0923 -14.6838 14 u
-31.8456 -15.017 14 u
-31.5819 -15.3401 14 u
-31.3006 -15.6522 14 u
-31.0012 -15.9528 14 u
-30.6833 -16.2413 14 u

-31.8737 16.6004 14 u
-32.2493 16.3187 14 u
-32.6087 16.0215 14 u
-32.9522 15.7094 14 u
-33.2799 15.3832 14 u
-33.5918 15.0437 14 u
-33.8881 14.6915 14 u
-34.1689 14.3275 14 u
-34.4343 13.9524 14 u
-34.6844 13.5669 14 u
-34.9194 13.1718 14 u
-35.1393 12.7678 14 u
-35.3443 12.3557 14 u
-35.5346 11.9362 14 u
-35.7101 11.5101 14 u
-35.8711 11.0781 14 u
-36.0177 10.6409 14 u
-36.1499 10.1994 14 u
-36.2679 9.75426 14 u
-36.3718 9.3062 14 u
-36.4618 8.85599 14 u
-36.538 8.40427 14 u
-36.6014 7.95123 14 u
-36.6528 7.49694 14 u
-36.6933 7.04149 14 u
-36.7237 6.58494 14 u
-36.7451 6.12738 14 u
-36.7585 5.66888 14 u
-36.7647 5.20953 14 u
-36.7648 4.74939 14 u
-36.7597 4.28855 14 u
-36.7504 3.82708 14 u
-36.7378 3.36506 14 u
-36.723 2.90256 14 u
-36.7068 2.43968 14 u
-36.6902 1.97647 14 u
-36.6742 1.51302 14 u
-36.6598 1.04941 14 u
-36.6479 0.585707 14 u
-36.6395 0.121998 14 u
-36.6356 -0.341643 14 u
-36.6368 -0.805147 14 u
-36.6425 -1.26847 14 u
-36.6518 -1.73159 14 u
-36.664 -2.19447 14 u
-36.6781 -2.65707 14 u
-36.6933 -3.11936 14 u
-36.7087 -3.58131 14 u
-36.7235 -4.0429 14 u
-36.7367 -4.50408 14 u
-36.7474 -4.96482 14 u
-36.755 -5.42509 14 u
-36.7583 -5.88487 14 u
-36.7567 -6.34411 14 u
-36.7492 -6.80278 14 u
-36.7349 -7.26086 14 u
-36.7131 -7.71831 14 u
-36.6827 -8.17509 14 u
-36.643 -8.63118 14 u
-36.5931 -9.08654 14 u
-36.5321 -9.54114 14 u
-36.4592 -9.99484 14 u
-36.3741 -10.447 14 u
-36.2763 -10.8969 14 u
-36.1656 -11.3439 14 u
-36.0417 -11.7872 14 u
-35.9042 -12.226 14 u
-35.7528 -12.6597 14 u
-35.5871 -13.0875 14 u
-35.4069 -13.5087 14 u
-35.2118 -13.9226 14 u
-35.0015 -14.3284 14 u
-34.7757 -14.7255 14 u
-34.5341 -15.113 14 u
-34.2762 -15.4903 14 u
-34.0019 -15.8567 14 u
-33.7108 -16.2113 14 u
-33.4024 -16.5536 14 u
-33.0767 -16.8827 14 u
-32.7331 -17.1979 14 u
-32.3714 -17.4985 14 u

-33.7028 18.331 14 u
-34.1166 18.0313 14 u
-34.5144 17.7139 14 u
-34.8962 17.3798 14 u
-35.2619 17.0298 14 u
-35.6115 16.6646 14 u
-35.945 16.2852 14 u
-36.2624 15.8923 14 u
-36.5638 15.4869 14 u
-36.849 15.0697 14 u
-37.118 14.6415 14 u
-37.371 14.2033 14 u
-37.6077 13.7558 14 u
-37.8284 13.2999 14 u
-38.0328 12.8364 14 u
-38.221 12.3662 14 u
-38.3931 11.89 14 u
-38.5489 11.4088 14 u
-38.6886 10.9233 14 u
-38.812 10.4344 14 u
-38.9191 9.94289 14 u
-39.0102 9.44954 14 u
-39.0861 8.95454 14 u
-39.1481 8.45799 14 u
-39.1972 7.95997 14 u
-39.2345 7.46058 14 u
-39.2612 6.95991 14 u
-39.2784 6.45806 14 u
-39.2872 5.95511 14 u
-39.2888 5.45117 14 u
-39.2843 4.94631 14 u
-39.2748 4.44065 14 u
-39.2614 3.93426 14 u
-39.2453 3.42725 14 u
-39.2276 2.91971 14 u
-39.2094 2.41172 14 u
-39.1918 1.90338 14 u
-39.176 1.39479 14 u
-39.1631 0.886034 14 u
-39.1542 0.37721 14 u
-39.1504 -0.131591 14 u
-39.1526 -0.640282 14 u
-39.16 -1.1488 14 u
-39.1715 -1.65709 14 u
-39.1861 -2.1651 14 u
-39.2028 -2.67276 14 u
-39.2205 -3.18003 14 u
-39.238 -3.68684 14 u
-39.2544 -4.19315 14 u
-39.2687 -4.69889 14 u
-39.2796 -5.20401 14 u
-39.2863 -5.70846 14 u
-39.2876 -6.21217 14 u
-39.2824 -6.71509 14 u
-39.2698 -7.21716 14 u
-39.2486 -7.71834 14 u
-39.2177 -8.21855 14 u
-39.1763 -8.71776 14 u
-39.123 -9.21589 14 u
-39.057 -9.7129 14 u
-38.9772 -10.2087 14 u
-38.8826 -10.7032 14 u
-38.7729 -11.1956 14 u
-38.6481 -11.6851 14 u
-38.5079 -12.1708 14 u
-38.3522 -12.652 14 u
-38.1809 -13.1278 14 u
-37.9938 -13.5973 14 u
-37.7908 -14.0598 14 u
-37.5717 -14.5144 14 u
-37.3364 -14.9603 14 u
-37.0847 -15.3966 14 u
-36.8165 -15.8225 14 u
-36.5317 -16.2372 14 u
-36.2301 -16.6398 14 u
-35.9115 -17.0296 14 u
-35.5759 -17.4056 14 u
-35.223 -17.767 14 u
-34.8527 -18.1131 14 u
-34.465 -18.443 14 u
-34.0595 -18.7558 14 u

-35.5318 20.0617 14 u
-35.9839 19.7438 14 u
-36.4201 19.4064 14 u
-36.8401 19.0502 14 u
-37.2438 18.6763 14 u
-37.6311 18.2855 14 u
-38.0019 17.8788 14 u
-38.356 17.4572 14 u
-38.6933 17.0214 14 u
-39.0135 16.5725 14 u
-39.3167 16.1113 14 u
-39.6026 15.6388 14 u
-39.8712 15.156 14 u
-40.1222 14.6636 14 u
-40.3555 14.1628 14 u
-40.571 13.6543 14 u
-40.7685 13.1391 14 u
-40.948 12.6181 14 u
-41.1092 12.0923 14 u
-41.2521 11.5626 14 u
-41.3764 11.0298 14 u
-41.4823 10.4948 14 u
-41.5709 9.95786 14 u
-41.6434 9.41904 14 u
-41.7011 8.87845 14 u
-41.7453 8.33622 14 u
-41.7772 7.79244 14 u
-41.7983 7.24723 14 u
-41.8097 6.70069 14 u
-41.8128 6.15294 14 u
-41.8089 5.60408 14 u
-41.7992 5.05422 14 u
-41.785 4.50347 14 u
-41.7676 3.95194 14 u
-41.7484 3.39974 14 u
-41.7285 2.84697 14 u
-41.7093 2.29374 14 u
-41.6921 1.74017 14 u
-41.6782 1.18636 14 u
-41.6688 0.632421 14 u
-41.6653 0.0784606 14 u
-41.6684 -0.475417 14 u
-41.6775 -1.02913 14 u
-41.6912 -1.58259 14 u
-41.7083 -2.13573 14 u
-41.7275 -2.68846 14 u
-41.7476 -3.2407 14 u
-41.7673 -3.79237 14 u
-41.7854 -4.3434 14 u
-41.8007 -4.89371 14 u
-41.8118 -5.44321 14 u
-41.8176 -5.99182 14 u
-41.8168 -6.53946 14 u
-41.8081 -7.08607 14 u
-41.7903 -7.63154 14 u
-41.7622 -8.17581 14 u
-41.7224 -8.7188 14 u
-41.6698 -9.26042 14 u
-41.603 -9.8006 14 u
-41.521 -10.3393 14 u
-41.4223 -10.8763 14 u
-41.3059 -11.4115 14 u
-41.1718 -11.9441 14 u
-41.0198 -12.4732 14 u
-40.8501 -12.9977 14 u
-40.6627 -13.5168 14 u
-40.4576 -14.0295 14 u
-40.2348 -14.535 14 u
-39.9944 -15.0321 14 u
-39.7364 -15.5201 14 u
-39.4609 -15.998 14 u
-39.1679 -16.4647 14 u
-38.8573 -16.9195 14 u
-38.5293 -17.3614 14 u
-38.1839 -17.7893 14 u
-37.8211 -18.2025 14 u
-37.441 -18.5998 14 u
-37.0436 -18.9805 14 u
-36.6288 -19.3436 14 u
-36.1968 -19.6881 14 u
-35.7476 -20.0131 14 u

-28.2156 13.139 14 v
-28.307 13.2256 14 v
-28.3985 13.3121 14 v
-28.49 13.3986 14 v
-28.5814 13.4852 14 v
-28.6729 13.5717 14 v
-28.7643 13.6582 14 v
-28.8558 13.7448 14 v
-28.9472 13.8313 14 v
-29.0387 13.9178 14 v
-29.1301 14.0044 14 v
-29.2216 14.0909 14 v
-29.313 14.1774 14 v
-29.4045 14.264 14 v
-29.4959 14.3505 14 v
-29.5874 14.437 14 v
-29.6788 14.5236 14 v
-29.7703 14.6101 14 v
-29.8617 14.6966 14 v
-29.9532 14.7832 14 v
-30.0446 14.8697 14 v
-30.1361 14.9562 14 v
-30.2276 15.0428 14 v
-30.319 15.1293 14 v
-30.4105 15.2158 14 v
-30.5019 15.3024 14 v
-30.5934 15.3889 14 v
-30.6848 15.4754 14 v
-30.7763 15.562 14 v
-30.8677 15.6485 14 v
-30.9592 15.735 14 v
-31.0506 15.8216 14 v
-31.1421 15.9081 14 v
-31.2335 15.9946 14 v
-31.325 16.0812 14 v
-31.4164 16.1677 14 v
-31.5079 16.2542 14 v
-31.5993 16.3408 14 v
-31.6908 16.4273 14 v
-31.7822 16.5138 14 v
-31.8737 16.6004 14 v
-31.9652 16.6869 14 v
-32.0566 16.7734 14 v
-32.1481 16.86 14 v
-32.2395 16.9465 14 v
-32.331 17.033 14 v
-32.4224 17.1196 14 v
-32.5139 17.2061 14 v
-32.6053 17.2926 14 v
-32.6968 17.3792 14 v
-32.7882 17.4657 14 v
-32.8797 17.5522 14 v
-32.9711 17.6388 14 v
-33.0626 17.7253 14 v
-33.154 17.8118 14 v
-33.2455 17.8984 14 v
-33.3369 17.9849 14 v
-33.4284 18.0714 14 v
-33.5199 18.158 14 v
-33.6113 18.2445 14 v
-33.7028 18.331 14 v
-33.7942 18.4176 14 v
-33.8857 18.5041 14 v
-33.9771 18.5906 14 v
-34.0686 18.6772 14 v
-34.16 18.7637 14 v
-34.2515 18.8502 14 v
-34.3429 18.9368 14 v
-34.4344 19.0233 14 v
-34.5258 19.1098 14 v
-34.6173 19.1964 14 v
-34.7087 19.2829 14 v
-34.8002 19.3694 14 v
-34.8916 19.456 14 v
-34.9831 19.5425 14 v
-35.0745 19.629 14 v
-35.166 19.7156 14 v
-35.2575 19.8021 14 v
-35.3489 19.8886 14 v
-35.4404 19.9752 14 v
-35.5318 20.0617 14 v

-31.5471 6.68218 14 v
-31.67 6.73653 14 v
-31.7929 6.79087 14 v
-31.9157 6.84522 14 v
-32.0386 6.89956 14 v
-32.1615 6.95391 14 v
-32.2843 7.00825 14 v
-32.4072 7.0626 14 v
-32.5301 7.11694 14 v
-32.6529 7.17129 14 v
-32.7758 7.22563 14 v
-32.8987 7.27998 14 v
-33.0215 7.33433 14 v
-33.1444 7.38867 14 v
-33.2673 7.44302 14 v
-33.3901 7.49736 14 v
-33.513 7.55171 14 v
-33.6358 7.60605 14 v
-33.7587 7.6604 14 v
-33.8816 7.71474 14 v
-34.0044 7.76909 14 v
-34.1273 7.82343 14 v
-34.2502 7.87778 14 v
-34.373 7.93212 14 v
-34.4959 7.98647 14 v
-34.6188 8.04081 14 v
-34.7416 8.09516 14 v
-34.8645 8.1495 14 v
-34.9874 8.20385 14 v
-35.1102 8.25819 14 v
-35.2331 8.31254 14 v
-35.356 8.36688 14 v
-35.4788 8.42123 14 v
-35.6017 8.47557 14 v
-35.7246 8.52992 14 v
-35.8474 8.58426 14 v
-35.9703 8.63861 14 v
-36.0932 8.69295 14 v
-36.216 8.7473 14 v
-36.3389 8.80164 14 v
-36.4618 8.85599 14 v
-36.5846 8.91033 14 v
-36.7075 8.96468 14 v
-36.8304 9.01902 14 v
-36.9532 9.07337 14 v
-37.0761 9.12771 14 v
-37.199 9.18206 14 v
-37.3218 9.2364 14 v
-37.4447 9.29075 14 v
-37.5676 9.34509 14 v
-37.6904 9.39944 14 v
-37.8133 9.45379 14 v
-37.9362 9.50813 14 v
-38.059 9.56248 14 v
-38.1819 9.61682 14 v
-38.3048 9.67117 14 v
-38.4276 9.72551 14 v
-38.5505 9.77986 14 v
-38.6734 9.8342 14 v
-38.7962 9.88855 14 v
-38.9191 9.94289 14 v
-39.042 9.99724 14 v
-39.1648 10.0516 14 v
-39.2877 10.1059 14 v
-39.4106 10.1603 14 v
-39.5334 10.2146 14 v
-39.6563 10.269 14 v
-39.7792 10.3233 14 v
-39.902 10.3777 14 v
-40.0249 10.432 14 v
-40.1478 10.4863 14 v
-40.2706 10.5407 14 v
-40.3935 10.595 14 v
-40.5164 10.6494 14 v
-40.6392 10.7037 14 v
-40.7621 10.7581 14 v
-40.885 10.8124 14 v
-41.0078 10.8668 14 v
-41.1307 10.9211 14 v
-41.2536 10.9754 14 v
-41.3764 11.0298 14 v

-31.6059 -0.761747 14 v
-31.7317 -0.751244 14 v
-31.8574 -0.740742 14 v
-31.9832 -0.730239 14 v
-32.1089 -0.719737 14 v
-32.2346 -0.709234 14 v
-32.3604 -0.698731 14 v
-32.4861 -0.688229 14 v
-32.6119 -0.677726 14 v
-32.7376 -0.667224 14 v
-32.8634 -0.656721 14 v
-32.9891 -0.646218 14 v
-33.1148 -0.635716 14 v
-33.2406 -0.625213 14 v
-33.3663 -0.614711 14 v
-33.4921 -0.604208 14 v
-33.6178 -0.593705 14 v
-33.7435 -0.583203 14 v
-33.8693 -0.5727 14 v
-33.995 -0.562198 14 v
-34.1208 -0.551695 14 v
-34.2465 -0.541192 14 v
-34.3723 -0.53069 14 v
-34.498 -0.520187 14 v
-34.6237 -0.509685 14 v
-34.7495 -0.499182 14 v
-34.8752 -0.488679 14 v
-35.001 -0.478177 14 v
-35.1267 -0.467674 14 v
-35.2524 -0.457172 14 v
-35.3782 -0.446669 14 v
-35.5039 -0.436167 14 v
-35.6297 -0.425664 14 v
-35.7554 -0.415161 14 v
-35.8812 -0.404659 14 v
-36.0069 -0.394156 14 v
-36.1326 -0.383654 14 v
-36.2584 -0.373151 14 v
-36.3841 -0.362648 14 v
-36.5099 -0.352146 14 v
-36.6356 -0.341643 14 v
-36.7613 -0.331141 14 v
-36.8871 -0.320638 14 v
-37.0128 -0.310135 14 v
-37.1386 -0.299633 14 v
-37.2643 -0.28913 14 v
-37.39 -0.278628 14 v
-37.5158 -0.268125 14 v
-37.6415 -0.257622 14 v
-37.7673 -0.24712 14 v
-37.893 -0.236617 14 v
-38.0188 -0.226115 14 v
-38.1445 -0.215612 14 v
-38.2702 -0.205109 14 v
-38.396 -0.194607 14 v
-38.5217 -0.184104 14 v
-38.6475 -0.173602 14 v
-38.7732 -0.163099 14 v
-38.8989 -0.152596 14 v
-39.0247 -0.142094 14 v
-39.1504 -0.131591 14 v
-39.2762 -0.121089 14 v
-39.4019 -0.110586 14 v
-39.5277 -0.100083 14 v
-39.6534 -0.0895809 14 v
-39.7791 -0.0790783 14 v
-39.9049 -0.0685757 14 v
-40.0306 -0.0580731 14 v
-40.1564 -0.0475705 14 v
-40.2821 -0.0370679 14 v
-40.4078 -0.0265653 14 v
-40.5336 -0.0160627 14 v
-40.6593 -0.00556014 14 v
-40.7851 0.00494246 14 v
-40.9108 0.0154451 14 v
-41.0365 0.0259476 14 v
-41.1623 0.0364502 14 v
-41.288 0.0469528 14 v
-41.4138 0.0574554 14 v
-41.5395 0.067958 14 v
-41.6653 0.0784606 14 v

-31.642 -8.20598 14 v
-31.7642 -8.23936 14 v
-31.8865 -8.27274 14 v
-32.0087 -8.30612 14 v
-32.131 -8.3395 14 v
-32.2532 -8.37288 14 v
-32.3755 -8.40626 14 v
-32.4977 -8.43964 14 v
-32.62 -8.47302 14 v
-32.7422 -8.50639 14 v
-32.8645 -8.53977 14 v
-32.9867 -8.57315 14 v
-33.109 -8.60653 14 v
-33.2313 -8.63991 14 v
-33.3535 -8.67329 14 v
-33.4758 -8.70667 14 v
-33.598 -8.74005 14 v
-33.7203 -8.77343 14 v
-33.8425 -8.80681 14 v
-33.9648 -8.84018 14 v
-34.087 -8.87356 14 v
-34.2093 -8.90694 14 v
-34.3315 -8.94032 14 v
-34.4538 -8.9737 14 v
-34.576 -9.00708 14 v
-34.6983 -9.04046 14 v
-34.8206 -9.07384 14 v
-34.9428 -9.10722 14 v
-35.0651 -9.14059 14 v
-35.1873 -9.17397 14 v
-35.3096 -9.20735 14 v
-35.4318 -9.24073 14 v
-35.5541 -9.27411 14 v
-35.6763 -9.30749 14 v
-35.7986 -9.34087 14 v
-35.9208 -9.37425 14 v
-36.0431 -9.40763 14 v
-36.1653 -9.44101 14 v
-36.2876 -9.47438 14 v
-36.4099 -9.50776 14 v
-36.5321 -9.54114 14 v
-36.6544 -9.57452 14 v
-36.7766 -9.6079 14 v
-36.8989 -9.64128 14 v
-37.0211 -9.67466 14 v
-37.1434 -9.70804 14 v
-37.2656 -9.74142 14 v
-37.3879 -9.7748 14 v
-37.5101 -9.80817 14 v
-37.6324 -9.84155 14 v
-37.7546 -9.87493 14 v
-37.8769 -9.90831 14 v
-37.9992 -9.94169 14 v
-38.1214 -9.97507 14 v
-38.2437 -10.0084 14 v
-38.3659 -10.0418 14 v
-38.4882 -10.0752 14 v
-38.6104 -10.1086 14 v
-38.7327 -10.142 14 v
-38.8549 -10.1753 14 v
-38.9772 -10.2087 14 v
-39.0994 -10.2421 14 v
-39.2217 -10.2755 14 v
-39.3439 -10.3089 14 v
-39.4662 -10.3422 14 v
-39.5885 -10.3756 14 v
-39.7107 -10.409 14 v
-39.833 -10.4424 14 v
-39.9552 -10.4758 14 v
-40.0775 -10.5091 14 v
-40.1997 -10.5425 14 v
-40.322 -10.5759 14 v
-40.4442 -10.6093 14 v
-40.5665 -10.6426 14 v
-40.6887 -10.676 14 v
-40.811 -10.7094 14 v
-40.9332 -10.7428 14 v
-41.0555 -10.7762 14 v
-41.1778 -10.8095 14 v
-41.3 -10.8429 14 v
-41.4223 -10.8763 14 v

-28.9952 -14.984 14 v
-29.0796 -15.0469 14 v
-29.164 -15.1098 14 v
-29.2484 -15.1726 14 v
-29.3328 -15.2355 14 v
-29.4172 -15.2984 14 v
-29.5016 -15.3612 14 v
-29.586 -15.4241 14 v
-29.6704 -15.4869 14 v
-29.7548 -15.5498 14 v
-29.8392 -15.6127 14 v
-29.9236 -15.6755 14 v
-30.008 -15.7384 14 v
-30.0924 -15.8013 14 v
-30.1768 -15.8641 14 v
-30.2612 -15.927 14 v
-30.3457 -15.9898 14 v
-30.4301 -16.0527 14 v
-30.5145 -16.1156 14 v
-30.5989 -16.1784 14 v
-30.6833 -16.2413 14 v
-30.7677 -16.3042 14 v
-30.8521 -16.367 14 v
-30.9365 -16.4299 14 v
-31.0209 -16.4927 14 v
-31.1053 -16.5556 14 v
-31.1897 -16.6185 14 v
-31.2741 -16.6813 14 v
-31.3585 -16.7442 14 v
-31.4429 -16.8071 14 v
-31.5273 -16.8699 14 v
-31.6117 -16.9328 14 v
-31.6961 -16.9956 14 v
-31.7806 -17.0585 14 v
-31.865 -17.1214 14 v
-31.9494 -17.1842 14 v
-32.0338 -17.2471 14 v
-32.1182 -17.31 14 v
-32.2026 -17.3728 14 v
-32.287 -17.4357 14 v
-32.3714 -17.4985 14 v
-32.4558 -17.5614 14 v
-32.5402 -17.6243 14 v
-32.6246 -17.6871 14 v
-32.709 -17.75 14 v
-32.7934 -17.8129 14 v
-32.8778 -17.8757 14 v
-32.9622 -17.9386 14 v
-33.0466 -18.0015 14 v
-33.131 -18.0643 14 v
-33.2154 -18.1272 14 v
-33.2999 -18.19 14 v
-33.3843 -18.2529 14 v
-33.4687 -18.3158 14 v
-33.5531 -18.3786 14 v
-33.6375 -18.4415 14 v
-33.7219 -18.5044 14 v
-33.8063 -18.5672 14 v
-33.8907 -18.6301 14 v
-33.9751 -18.6929 14 v
-34.0595 -18.7558 14 v
-34.1439 -18.8187 14 v
-34.2283 -18.8815 14 v
-34.3127 -18.9444 14 v
-34.3971 -19.0073 14 v
-34.4815 -19.0701 14 v
-34.5659 -19.133 14 v
-34.6503 -19.1958 14 v
-34.7348 -19.2587 14 v
-34.8192 -19.3216 14 v
-34.9036 -19.3844 14 v
-34.988 -19.4473 14 v
-35.0724 -19.5102 14 v
-35.1568 -19.573 14 v
-35.2412 -19.6359 14 v
-35.3256 -19.6987 14 v
-35.41 -19.7616 14 v
-35.4944 -19.8245 14 v
-35.5788 -19.8873 14 v
-35.6632 -19.9502 14 v
-35.7476 -20.0131 14 v

16.4437 22.9047 15 u
16.4502 22.8136 15 u
16.4567 22.7225 15 u
16.4631 22.6314 15 u
16.4696 22.5402 15 u
16.4761 22.4491 15 u
16.4826 22.358 15 u
16.4891 22.2669 15 u
16.4955 22.1757 15 u
16.502 22.0846 15 u
16.5085 21.9935 15 u
16.515 21.9024 15 u
16.5215 21.8112 15 u
16.5279 21.7201 15 u
16.5344 21.629 15 u
16.5409 21.5379 15 u
16.5474 21.4467 15 u
16.5538 21.3556 15 u
16.5603 21.2645 15 u
16.5668 21.1734 15 u
16.5733 21.0822 15 u
16.5798 20.9911 15 u
16.5862 20.9 15 u
16.5927 20.8089 15 u
16.5992 20.7177 15 u
16.6057 20.6266 15 u
16.6122 20.5355 15 u
16.6186 20.4444 15 u
16.6251 20.3532 15 u
16.6316 20.2621 15 u
16.6381 20.171 15 u
16.6446 20.0799 15 u
16.651 19.9887 15 u
16.6575 19.8976 15 u
16.664 19.8065 15 u
16.6705 19.7154 15 u
16.677 19.6242 15 u
16.6834 19.5331 15 u
16.6899 19.442 15 u
16.6964 19.3509 15 u
16.7029 19.2597 15 u
16.7094 19.1686 15 u
16.7158 19.0775 15 u
16.7223 18.9864 15 u
16.7288 18.8952 15 u
16.7353 18.8041 15 u
16.7418 18.713 15 u
16.7482 18.6219 15 u
16.7547 18.5307 15 u
16.7612 18.4396 15 u
16.7677 18.3485 15 u
16.7742 18.2574 15 u
16.7806 18.1662 15 u
16.7871 18.0751 15 u
16.7936 17.984 15 u
16.8001 17.8928 15 u
16.8066 17.8017 15 u
16.813 17.7106 15 u
16.8195 17.6195 15 u
16.826 17.5283 15 u
16.8325 17.4372 15 u
16.839 17.3461 15 u
16.8454 17.255 15 u
16.8519 17.1638 15 u
16.8584 17.0727 15 u
16.8649 16.9816 15 u
16.8714 16.8905 15 u
16.8778 16.7993 15 u
16.8843 16.7082 15 u
16.8908 16.6171 15 u
16.8973 16.526 15 u
16.9038 16.4348 15 u
16.9102 16.3437 15 u
16.9167 16.2526 15 u
16.9232 16.1615 15 u
16.9297 16.0703 15 u
16.9361 15.9792 15 u
16.9426 15.8881 15 u
16.9491 15.797 15 u
16.9556 15.7058 15 u
16.9621 15.6147 15 u

3.30153 22.9038 15 u
3.32928 22.8126 15 u
3.35702 22.7214 15 u
3.38477 22.6302 15 u
3.41252 22.539 15 u
3.44026 22.4478 15 u
3.46801 22.3566 15 u
3.49576 22.2653 15 u
3.5235 22.1741 15 u
3.55125 22.0829 15 u
3.579 21.9917 15 u
3.60674 21.9005 15 u
3.63449 21.8093 15 u
3.66224 21.7181 15 u
3.68998 21.6269 15 u
3.71773 21.5356 15 u
3.74548 21.4444 15 u
3.77322 21.3532 15 u
3.80097 21.262 15 u
3.82872 21.1708 15 u
3.85646 21.0796 15 u
3.88421 20.9884 15 u
3.91196 20.8971 15 u
3.9397 20.8059 15 u
3.96745 20.7147 15 u
3.9952 20.6235 15 u
4.02294 20.5323 15 u
4.05069 20.4411 15 u
4.07844 20.3499 15 u
4.10618 20.2587 15 u
4.13393 20.1674 15 u
4.16167 20.0762 15 u
4.18942 19.985 15 u
4.21717 19.8938 15 u
4.24491 19.8026 15 u
4.27266 19.7114 15 u
4.30041 19.6202 15 u
4.32815 19.529 15 u
4.3559 19.4377 15 u
4.38365 19.3465 15 u
4.41139 19.2553 15 u
4.43914 19.1641 15 u
4.46689 19.0729 15 u
4.49463 18.9817 15 u
4.52238 18.8905 15 u
4.55013 18.7992 15 u
4.57787 18.708 15 u
4.60562 18.6168 15 u
4.63337 18.5256 15 u
4.66111 18.4344 15 u
4.68886 18.3432 15 u
4.71661 18.252 15 u
4.74435 18.1608 15 u
4.7721 18.0695 15 u
4.79985 17.9783 15 u
4.82759 17.8871 15 u
4.85534 17.7959 15 u
4.88309 17.7047 15 u
4.91083 17.6135 15 u
4.93858 17.5223 15 u
4.96633 17.4311 15 u
4.99407 17.3398 15 u
5.02182 17.2486 15 u
5.04957 17.1574 15 u
5.07731 17.0662 15 u
5.10506 16.975 15 u
5.13281 16.8838 15 u
5.16055 16.7926 15 u
5.1883 16.7013 15 u
5.21605 16.6101 15 u
5.24379 16.5189 15 u
5.27154 16.4277 15 u
5.29929 16.3365 15 u
5.32703 16.2453 15 u
5.35478 16.1541 15 u
5.38253 16.0629 15 u
5.41027 15.9716 15 u
5.43802 15.8804 15 u
5.46576 15.7892 15 u
5.49351 15.698 15 u
5.52126 15.6068 15 u

-9.85344 22.9041 15 u
-9.80448 22.8131 15 u
-9.75552 22.7221 15 u
-9.70656 22.6311 15 u
-9.6576 22.5401 15 u
-9.60864 22.4491 15 u
-9.55969 22.3581 15 u
-9.51073 22.2671 15 u
-9.46177 22.1761 15 u
-9.41281 22.0851 15 u
-9.36385 21.9941 15 u
-9.3149 21.9031 15 u
-9.26594 21.8121 15 u
-9.21698 21.7211 15 u
-9.16802 21.6301 15 u
-9.11906 21.5391 15 u
-9.0701 21.4481 15 u
-9.02115 21.3571 15 u
-8.97219 21.2661 15 u
-8.92323 21.1751 15 u
-8.87427 21.0841 15 u
-8.82531 20.9931 15 u
-8.77635 20.9021 15 u
-8.7274 20.8111 15 u
-8.67844 20.7202 15 u
-8.62948 20.6292 15 u
-8.58052 20.5382 15 u
-8.53156 20.4472 15 u
-8.4826 20.3562 15 u
-8.43365 20.2652 15 u
-8.38469 20.1742 15 u
-8.33573 20.0832 15 u
-8.28677 19.9922 15 u
-8.23781 19.9012 15 u
-8.18885 19.8102 15 u
-8.1399 19.7192 15 u
-8.09094 19.6282 15 u
-8.04198 19.5372 15 u
-7.99302 19.4462 15 u
-7.94406 19.3552 15 u
-7.8951 19.2642 15 u
-7.84615 19.1732 15 u
-7.79719 19.0822 15 u
-7.74823 18.9912 15 u
-7.69927 18.9002 15 u
-7.65031 18.8092 15 u
-7.60135 18.7182 15 u
-7.5524 18.6272 15 u
-7.50344 18.5362 15 u
-7.45448 18.4452 15 u
-7.40552 18.3542 15 u
-7.35656 18.2632 15 u
-7.3076 18.1722 15 u
-7.25865 18.0812 15 u
-7.20969 17.9902 15 u
-7.16073 17.8992 15 u
-7.11177 17.8082 15 u
-7.06281 17.7172 15 u
-7.01385 17.6262 15 u
-6.9649 17.5353 15 u
-6.91594 17.4443 15 u
-6.86698 17.3533 15 u
-6.81802 17.2623 15 u
-6.76906 17.1713 15 u
-6.7201 17.0803 15 u
-6.67115 16.9893 15 u
-6.62219 16.8983 15 u
-6.57323 16.8073 15 u
-6.52427 16.7163 15 u
-6.47531 16.6253 15 u
-6.42635 16.5343 15 u
-6.3774 16.4433 15 u
-6.32844 16.3523 15 u
-6.27948 16.2613 15 u
-6.23052 16.1703 15 u
-6.18156 16.0793 15 u
-6.13261 15.9883 15 u
-6.08365 15.8973 15 u
-6.03469 15.8063 15 u
-5.98573 15.7153 15 u
-5.93677 15.6243 15 u

-22.9973 22.9205 15 u
-22.9271 22.8294 15 u
-22.8568 22.7383 15 u
-22.7866 22.6472 15 u
-22.7164 22.5561 15 u
-22.6461 22.4649 15 u
-22.5759 22.3738 15 u
-22.5057 22.2827 15 u
-22.4354 22.1916 15 u
-22.3652 22.1005 15 u
-22.295 22.0094 15 u
-22.2247 21.9183 15 u
-22.1545 21.8272 15 u
-22.0843 21.736 15 u
-22.014 21.6449 15 u
-21.9438 21.5538 15 u
-21.8736 21.4627 15 u
-21.8033 21.3716 15 u
-21.7331 21.2805 15 u
-21.6629 21.1894 15 u
-21.5926 21.0983 15 u
-21.5224 21.0071 15 u
-21.4522 20.916 15 u
-21.3819 20.8249 15 u
-21.3117 20.7338 15 u
-21.2415 20.6427 15 u
-21.1713 20.5516 15 u
-21.101 20.4605 15 u
-21.0308 20.3694 15 u
-20.9606 20.2782 15 u
-20.8903 20.1871 15 u
-20.8201 20.096 15 u
-20.7499 20.0049 15 u
-20.6796 19.9138 15 u
-20.6094 19.8227 15 u
-20.5392 19.7316 15 u
-20.4689 19.6404 15 u
-20.3987 19.5493 15 u
-20.3285 19.4582 15 u
-20.2582 19.3671 15 u
-20.188 19.276 15 u
-20.1178 19.1849 15 u
-20.0475 19.0938 15 u
-19.9773 19.0027 15 u
-19.9071 18.9115 15 u
-19.8368 18.8204 15 u
-19.7666 18.7293 15 u
-19.6964 18.6382 15 u
-19.6261 18.5471 15 u
-19.5559 18.456 15 u
-19.4857 18.3649 15 u
-19.4154 18.2738 15 u
-19.3452 18.1826 15 u
-19.275 18.0915 15 u
-19.2047 18.0004 15 u
-19.1345 17.9093 15 u
-19.0643 17.8182 15 u
-18.994 17.7271 15 u
-18.9238 17.636 15 u
-18.8536 17.5448 15 u
-18.7833 17.4537 15 u
-18.7131 17.3626 15 u
-18.6429 17.2715 15 u
-18.5726 17.1804 15 u
-18.5024 17.0893 15 u
-18.4322 16.9982 15 u
-18.3619 16.9071 15 u
-18.2917 16.8159 15 u
-18.2215 16.7248 15 u
-18.1512 16.6337 15 u
-18.081 16.5426 15 u
-18.0108 16.4515 15 u
-17.9405 16.3604 15 u
-17.8703 16.2693 15 u
-17.8001 16.1782 15 u
-17.7298 16.087 15 u
-17.6596 15.9959 15 u
-17.5894 15.9048 15 u
-17.5191 15.8137 15 u
-17.4489 15.7226 15 u
-17.3787 15.6315 15 u

-35.5386 20.0593 15 u
-35.4471 19.9726 15 u
-35.3556 19.8859 15 u
-35.2641 19.7992 15 u
-35.1726 19.7126 15 u
-35.0811 19.6259 15 u
-34.9896 19.5392 15 u
-34.8981 19.4525 15 u
-34.8066 19.3658 15 u
-34.7151 19.2791 15 u
-34.6236 19.1925 15 u
-34.5321 19.1058 15 u
-34.4406 19.0191 15 u
-34.3491 18.9324 15 u
-34.2576 18.8457 15 u
-34.1661 18.7591 15 u
-34.0746 18.6724 15 u
-33.9831 18.5857 15 u
-33.8915 18.499 15 u
-33.8 18.4123 15 u
-33.7085 18.3256 15 u
-33.617 18.239 15 u
-33.5255 18.1523 15 u
-33.434 18.0656 15 u
-33.3425 17.9789 15 u
-33.251 17.8922 15 u
-33.1595 17.8055 15 u
-33.068 17.7189 15 u
-32.9765 17.6322 15 u
-32.885 17.5455 15 u
-32.7935 17.4588 15 u
-32.702 17.3721 15 u
-32.6105 17.2855 15 u
-32.519 17.1988 15 u
-32.4275 17.1121 15 u
-32.336 17.0254 15 u
-32.2445 16.9387 15 u
-32.153 16.852 15 u
-32.0615 16.7654 15 u
-31.97 16.6787 15 u
-31.8785 16.592 15 u
-31.787 16.5053 15 u
-31.6955 16.4186 15 u
-31.604 16.3319 15 u
-31.5125 16.2453 15 u
-31.421 16.1586 15 u
-31.3295 16.0719 15 u
-31.238 15.9852 15 u
-31.1465 15.8985 15 u
-31.055 15.8119 15 u
-30.9635 15.7252 15 u
-30.872 15.6385 15 u
-30.7805 15.5518 15 u
-30.689 15.4651 15 u
-30.5975 15.3784 15 u
-30.506 15.2918 15 u
-30.4145 15.2051 15 u
-30.323 15.1184 15 u
-30.2315 15.0317 15 u
-30.14 14.945 15 u
-30.0485 14.8583 15 u
-29.957 14.7717 15 u
-29.8655 14.685 15 u
-29.774 14.5983 15 u
-29.6825 14.5116 15 u
-29.591 14.4249 15 u
-29.4995 14.3383 15 u
-29.408 14.2516 15 u
-29.3164 14.1649 15 u
-29.2249 14.0782 15 u
-29.1334 13.9915 15 u
-29.0419 13.9048 15 u
-28.9504 13.8182 15 u
-28.8589 13.7315 15 u
-28.7674 13.6448 15 u
-28.6759 13.5581 15 u
-28.5844 13.4714 15 u
-28.4929 13.3848 15 u
-28.4014 13.2981 15 u
-28.3099 13.2114 15 u
-28.2184 13.1247 15 u

16.4437 22.9047 15 v
15.7851 22.9049 15 v
15.1268 22.9049 15 v
14.4688 22.905 15 v
13.8111 22.905 15 v
13.1537 22.905 15 v
12.4964 22.9049 15 v
11.8394 22.9048 15 v
11.1825 22.9047 15 v
10.5257 22.9046 15 v
9.86903 22.9045 15 v
9.21243 22.9044 15 v
8.55588 22.9043 15 v
7.89934 22.9042 15 v
7.24278 22.9041 15 v
6.58618 22.904 15 v
5.92951 22.9039 15 v
5.27274 22.9039 15 v
4.61584 22.9038 15 v
3.95878 22.9038 15 v
3.30153 22.9038 15 v
2.64408 22.9039 15 v
1.98644 22.904 15 v
1.32863 22.9041 15 v
0.670691 22.9042 15 v
0.0126404 22.9043 15 v
-0.645494 22.9045 15 v
-1.30369 22.9046 15 v
-1.96191 22.9047 15 v
-2.62014 22.9049 15 v
-3.27835 22.905 15 v
-3.9365 22.9051 15 v
-4.59459 22.9051 15 v
-5.25257 22.9052 15 v
-5.91043 22.9052 15 v
-6.56813 22.9051 15 v
-7.22566 22.905 15 v
-7.88298 22.9049 15 v
-8.54007 22.9047 15 v
-9.19689 22.9044 15 v
-9.85344 22.9041 15 v
-10.5097 22.9037 15 v
-11.1657 22.9032 15 v
-11.8215 22.9028 15 v
-12.4771 22.9023 15 v
-13.1327 22.9019 15 v
-13.7883 22.9015 15 v
-14.4439 22.9013 15 v
-15.0996 22.9012 15 v
-15.7555 22.9012 15 v
-16.4116 22.9015 15 v
-17.0679 22.9019 15 v
-17.7246 22.9026 15 v
-18.3817 22.9036 15 v
-19.0393 22.9048 15 v
-19.6973 22.9065 15 v
-20.356 22.9084 15 v
-21.0152 22.9108 15 v
-21.6751 22.9136 15 v
-22.3358 22.9168 15 v
-22.9973 22.9205 15 v
-23.6595 22.9243 15 v
-24.322 22.9264 15 v
-24.984 22.9244 15 v
-25.6449 22.9161 15 v
-26.3041 22.8991 15 v
-26.9608 22.8713 15 v
-27.6145 22.8303 15 v
-28.2646 22.7738 15 v
-28.9102 22.6995 15 v
-29.5509 22.6053 15 v
-30.1859 22.4887 15 v
-30.8145 22.3475 15 v
-31.4363 22.1795 15 v
-32.0504 21.9823 15 v
-32.6562 21.7537 15 v
-33.2531 21.4914 15 v
-33.8405 21.1931 15 v
-34.4176 20.8565 15 v
-34.9839 20.4793 15 v
-35.5386 20.0593 15 v

16.5733 21.0822 15 v
15.9358 21.083 15 v
15.2987 21.0835 15 v
14.6619 21.0838 15 v
14.0254 21.084 15 v
13.3892 21.0841 15 v
12.7532 21.084 15 v
12.1174 21.0838 15 v
11.4818 21.0836 15 v
10.8463 21.0832 15 v
10.211 21.0828 15 v
9.57569 21.0824 15 v
8.94045 21.0819 15 v
8.30523 21.0815 15 v
7.66999 21.081 15 v
7.0347 21.0806 15 v
6.39933 21.0802 15 v
5.76386 21.0799 15 v
5.12824 21.0797 15 v
4.49245 21.0796 15 v
3.85646 21.0796 15 v
3.22025 21.0797 15 v
2.58383 21.0799 15 v
1.94723 21.0803 15 v
1.31049 21.0807 15 v
0.673625 21.0812 15 v
0.0366705 21.0817 15 v
-0.600347 21.0823 15 v
-1.2374 21.0828 15 v
-1.87445 21.0834 15 v
-2.51149 21.0839 15 v
-3.14847 21.0844 15 v
-3.78537 21.0849 15 v
-4.42217 21.0852 15 v
-5.05882 21.0855 15 v
-5.69531 21.0857 15 v
-6.33161 21.0857 15 v
-6.96768 21.0856 15 v
-7.6035 21.0853 15 v
-8.23904 21.0848 15 v
-8.87427 21.0841 15 v
-9.50918 21.0833 15 v
-10.1438 21.0822 15 v
-10.7782 21.0811 15 v
-11.4125 21.0799 15 v
-12.0467 21.0787 15 v
-12.6809 21.0775 15 v
-13.3151 21.0765 15 v
-13.9494 21.0756 15 v
-14.5839 21.075 15 v
-15.2186 21.0746 15 v
-15.8537 21.0746 15 v
-16.489 21.075 15 v
-17.1249 21.0757 15 v
-17.7611 21.077 15 v
-18.398 21.0789 15 v
-19.0354 21.0813 15 v
-19.6736 21.0844 15 v
-20.3124 21.0882 15 v
-20.9521 21.0928 15 v
-21.5926 21.0983 15 v
-22.234 21.1042 15 v
-22.8756 21.1086 15 v
-23.5168 21.1094 15 v
-24.1569 21.1042 15 v
-24.7953 21.0906 15 v
-25.4313 21.0664 15 v
-26.0642 21.0293 15 v
-26.6934 20.977 15 v
-27.3181 20.9072 15 v
-27.9378 20.8175 15 v
-28.5518 20.7058 15 v
-29.1593 20.5696 15 v
-29.7597 20.4068 15 v
-30.3524 20.2149 15 v
-30.9367 19.9917 15 v
-31.5119 19.7349 15 v
-32.0774 19.4422 15 v
-32.6324 19.1113 15 v
-33.1763 18.7399 15 v
-33.7085 18.3256 15 v

16.7029 19.2597 15 v
16.0865 19.2611 15 v
15.4706 19.2621 15 v
14.855 19.2627 15 v
14.2397 19.2631 15 v
13.6248 19.2632 15 v
13.01 19.2631 15 v
12.3955 19.2629 15 v
11.7812 19.2624 15 v
11.167 19.2618 15 v
10.5529 19.2611 15 v
9.93896 19.2604 15 v
9.32503 19.2596 15 v
8.71112 19.2587 15 v
8.09719 19.2579 15 v
7.48321 19.2572 15 v
6.86915 19.2565 15 v
6.25497 19.256 15 v
5.64064 19.2556 15 v
5.02613 19.2553 15 v
4.41139 19.2553 15 v
3.79642 19.2555 15 v
3.18122 19.2559 15 v
2.56583 19.2565 15 v
1.95029 19.2572 15 v
1.33461 19.258 15 v
0.718836 19.259 15 v
0.102993 19.2599 15 v
-0.512886 19.2609 15 v
-1.12877 19.2619 15 v
-1.74463 19.2629 15 v
-2.36044 19.2638 15 v
-2.97616 19.2646 15 v
-3.59176 19.2653 15 v
-4.20721 19.2658 15 v
-4.82249 19.2662 15 v
-5.43755 19.2663 15 v
-6.05238 19.2662 15 v
-6.66693 19.2659 15 v
-7.28118 19.2652 15 v
-7.8951 19.2642 15 v
-8.50868 19.2629 15 v
-9.12196 19.2612 15 v
-9.73501 19.2594 15 v
-10.3479 19.2575 15 v
-10.9607 19.2555 15 v
-11.5735 19.2535 15 v
-12.1863 19.2517 15 v
-12.7992 19.2501 15 v
-13.4123 19.2488 15 v
-14.0257 19.2478 15 v
-14.6394 19.2473 15 v
-15.2535 19.2473 15 v
-15.868 19.2479 15 v
-16.483 19.2492 15 v
-17.0986 19.2513 15 v
-17.7149 19.2542 15 v
-18.3319 19.2581 15 v
-18.9497 19.2629 15 v
-19.5684 19.2689 15 v
-20.188 19.276 15 v
-20.8084 19.284 15 v
-21.4292 19.2909 15 v
-22.0496 19.2944 15 v
-22.669 19.2922 15 v
-23.2866 19.2821 15 v
-23.9018 19.2615 15 v
-24.5139 19.2284 15 v
-25.1222 19.1802 15 v
-25.7261 19.1148 15 v
-26.3248 19.0298 15 v
-26.9177 18.9229 15 v
-27.504 18.7917 15 v
-28.0832 18.634 15 v
-28.6545 18.4474 15 v
-29.2172 18.2297 15 v
-29.7707 17.9784 15 v
-30.3142 17.6913 15 v
-30.8472 17.3661 15 v
-31.3688 17.0004 15 v
-31.8785 16.592 15 v

16.8325 17.4372 15 v
16.2373 17.4392 15 v
15.6425 17.4406 15 v
15.0481 17.4416 15 v
14.454 17.4422 15 v
13.8603 17.4424 15 v
13.2668 17.4423 15 v
12.6736 17.4419 15 v
12.0805 17.4412 15 v
11.4876 17.4404 15 v
10.8949 17.4394 15 v
10.3022 17.4383 15 v
9.70961 17.4372 15 v
9.11701 17.436 15 v
8.5244 17.4349 15 v
7.93173 17.4338 15 v
7.33898 17.4328 15 v
6.74609 17.432 15 v
6.15305 17.4315 15 v
5.5598 17.4311 15 v
4.96633 17.4311 15 v
4.37259 17.4313 15 v
3.77861 17.4319 15 v
3.18444 17.4327 15 v
2.59008 17.4337 15 v
1.9956 17.4349 15 v
1.401 17.4362 15 v
0.806333 17.4376 15 v
0.211626 17.439 15 v
-0.383088 17.4405 15 v
-0.977775 17.4419 15 v
-1.5724 17.4432 15 v
-2.16694 17.4444 15 v
-2.76135 17.4454 15 v
-3.3556 17.4462 15 v
-3.94966 17.4467 15 v
-4.5435 17.447 15 v
-5.13708 17.4469 15 v
-5.73036 17.4465 15 v
-6.32333 17.4456 15 v
-6.91594 17.4443 15 v
-7.50818 17.4424 15 v
-8.1001 17.4402 15 v
-8.69177 17.4377 15 v
-9.28328 17.435 15 v
-9.87468 17.4323 15 v
-10.4661 17.4295 15 v
-11.0575 17.4269 15 v
-11.649 17.4246 15 v
-12.2408 17.4225 15 v
-12.8328 17.421 15 v
-13.4251 17.42 15 v
-14.0179 17.4197 15 v
-14.6111 17.4201 15 v
-15.2049 17.4214 15 v
-15.7993 17.4237 15 v
-16.3944 17.4271 15 v
-16.9903 17.4317 15 v
-17.587 17.4376 15 v
-18.1847 17.4449 15 v
-18.7833 17.4537 15 v
-19.3829 17.4638 15 v
-19.9828 17.4731 15 v
-20.5825 17.4794 15 v
-21.181 17.4803 15 v
-21.7779 17.4735 15 v
-22.3723 17.4567 15 v
-22.9636 17.4274 15 v
-23.5511 17.3835 15 v
-24.134 17.3225 15 v
-24.7118 17.2421 15 v
-25.2836 17.14 15 v
-25.8488 17.0138 15 v
-26.4067 16.8612 15 v
-26.9565 16.68 15 v
-27.4977 16.4676 15 v
-28.0295 16.2219 15 v
-28.5511 15.9404 15 v
-29.062 15.6209 15 v
-29.5613 15.261 15 v
-30.0485 14.8583 15 v

16.9621 15.6147 15 v
16.388 15.6173 15 v
15.8144 15.6192 15 v
15.2412 15.6205 15 v
14.6684 15.6212 15 v
14.0958 15.6215 15 v
13.5236 15.6214 15 v
12.9516 15.6209 15 v
12.3799 15.62 15 v
11.8083 15.619 15 v
11.2368 15.6177 15 v
10.6655 15.6163 15 v
10.0942 15.6148 15 v
9.5229 15.6133 15 v
8.95161 15.6118 15 v
8.38025 15.6104 15 v
7.8088 15.6091 15 v
7.23721 15.6081 15 v
6.66545 15.6073 15 v
6.09348 15.6069 15 v
5.52126 15.6068 15 v
4.94876 15.6071 15 v
4.37601 15.6078 15 v
3.80304 15.6089 15 v
3.22988 15.6102 15 v
2.65658 15.6117 15 v
2.08317 15.6135 15 v
1.50967 15.6153 15 v
0.936138 15.6171 15 v
0.362596 15.619 15 v
-0.210918 15.6208 15 v
-0.784369 15.6225 15 v
-1.35772 15.6241 15 v
-1.93094 15.6254 15 v
-2.50399 15.6265 15 v
-3.07684 15.6273 15 v
-3.64944 15.6276 15 v
-4.22177 15.6276 15 v
-4.7938 15.6271 15 v
-5.36547 15.626 15 v
-5.93677 15.6243 15 v
-6.50767 15.622 15 v
-7.07824 15.6192 15 v
-7.64854 15.616 15 v
-8.21866 15.6126 15 v
-8.78867 15.6091 15 v
-9.35865 15.6055 15 v
-9.92868 15.6021 15 v
-10.4988 15.599 15 v
-11.0692 15.5963 15 v
-11.6398 15.5942 15 v
-12.2108 15.5927 15 v
-12.7823 15.592 15 v
-13.3542 15.5923 15 v
-13.9267 15.5936 15 v
-14.5 15.5961 15 v
-15.0739 15.6 15 v
-15.6487 15.6053 15 v
-16.2243 15.6123 15 v
-16.801 15.6209 15 v
-17.3787 15.6315 15 v
-17.9574 15.6436 15 v
-18.5365 15.6554 15 v
-19.1153 15.6644 15 v
-19.6931 15.6684 15 v
-20.2692 15.665 15 v
-20.8428 15.6518 15 v
-21.4133 15.6265 15 v
-21.9799 15.5867 15 v
-22.542 15.5301 15 v
-23.0987 15.4543 15 v
-23.6495 15.3571 15 v
-24.1935 15.2359 15 v
-24.7301 15.0885 15 v
-25.2586 14.9125 15 v
-25.7782 14.7056 15 v
-26.2883 14.4654 15 v
-26.788 14.1896 15 v
-27.2768 13.8757 15 v
-27.7538 13.5216 15 v
-28.2184 13.1247 15 v

40.2769 4.7956 0 u
40.2833 4.65588 0 u
40.2897 4.51616 0 u
40.296 4.37643 0 u
40.3024 4.23671 0 u
40.3088 4.09699 0 u
40.3152 3.95727 0 u
40.3216 3.81754 0 u
40.328 3.67782 0 u
40.3344 3.5381 0 u
40.3408 3.39838 0 u
40.3472 3.25865 0 u
40.3536 3.11893 0 u
40.36 2.97921 0 u
40.3664 2.83949 0 u
40.3728 2.69977 0 u
40.3792 2.56004 0 u
40.3856 2.42032 0 u
40.392 2.2806 0 u
40.3984 2.14088 0 u
40.4047 2.00115 0 u
40.4111 1.86143 0 u
40.4175 1.72171 0 u
40.4239 1.58199 0 u
40.4303 1.44226 0 u
40.4367 1.30254 0 u
40.4431 1.16282 0 u
40.4495 1.0231 0 u
40.4559 0.883374 0 u
40.4623 0.743652 0 u
40.4687 0.603929 0 u
40.4751 0.464207 0 u
40.4815 0.324484 0 u
40.4879 0.184762 0 u
40.4943 0.0450394 0 u
40.5006 -0.094683 0 u
40.507 -0.234405 0 u
40.5134 -0.374128 0 u
40.5198 -0.51385 0 u
40.5262 -0.653573 0 u
40.5326 -0.793295 0 u
40.539 -0.933018 0 u
40.5454 -1.07274 0 u
40.5518 -1.21246 0 u
40.5582 -1.35218 0 u
40.5646 -1.49191 0 u
40.571 -1.63163 0 u
40.5774 -1.77135 0 u
40.5838 -1.91107 0 u
40.5902 -2.0508 0 u
40.5966 -2.19052 0 u
40.603 -2.33024 0 u
40.6093 -2.46996 0 u
40.6157 -2.60969 0 u
40.6221 -2.74941 0 u
40.6285 -2.88913 0 u
40.6349 -3.02885 0 u
40.6413 -3.16857 0 u
40.6477 -3.3083 0 u
40.6541 -3.44802 0 u
40.6605 -3.58774 0 u
40.6669 -3.72746 0 u
40.6733 -3.86719 0 u
40.6797 -4.00691 0 u
40.6861 -4.14663 0 u
40.6925 -4.28635 0 u
40.6989 -4.42608 0 u
40.7053 -4.5658 0 u
40.7116 -4.70552 0 u
40.718 -4.84524 0 u
40.7244 -4.98497 0 u
40.7308 -5.12469 0 u
40.7372 -5.26441 0 u
40.7436 -5.40413 0 u
40.75 -5.54386 0 u
40.7564 -5.68358 0 u
40.7628 -5.8233 0 u
40.7692 -5.96302 0 u
40.7756 -6.10275 0 u
40.782 -6.24247 0 u
40.7884 -6.38219 0 u

40.2769 4.79562 7 u
40.2832 4.6559 7 u
40.2896 4.51618 7 u
40.296 4.37645 7 u
40.3024 4.23673 7 u
40.3088 4.09701 7 u
40.3152 3.95728 7 u
40.3216 3.81756 7 u
40.328 3.67784 7 u
40.3344 3.53811 7 u
40.3408 3.39839 7 u
40.3472 3.25867 7 u
40.3536 3.11895 7 u
40.36 2.97922 7 u
40.3664 2.8395 7 u
40.3728 2.69978 7 u
40.3792 2.56005 7 u
40.3855 2.42033 7 u
40.3919 2.28061 7 u
40.3983 2.14088 7 u
40.4047 2.00116 7 u
40.4111 1.86144 7 u
40.4175 1.72172 7 u
40.4239 1.58199 7 u
40.4303 1.44227 7 u
40.4367 1.30255 7 u
40.4431 1.16282 7 u
40.4495 1.0231 7 u
40.4559 0.883378 7 u
40.4623 0.743655 7 u
40.4687 0.603932 7 u
40.4751 0.464209 7 u
40.4815 0.324486 7 u
40.4878 0.184763 7 u
40.4942 0.0450402 7 u
40.5006 -0.0946827 7 u
40.507 -0.234406 7 u
40.5134 -0.374129 7 u
40.5198 -0.513851 7 u
40.5262 -0.653574 7 u
40.5326 -0.793297 7 u
40.539 -0.93302 7 u
40.5454 -1.07274 7 u
40.5518 -1.21247 7 u
40.5582 -1.35219 7 u
40.5646 -1.49191 7 u
40.571 -1.63164 7 u
40.5774 -1.77136 7 u
40.5838 -1.91108 7 u
40.5901 -2.0508 7 u
40.5965 -2.19053 7 u
40.6029 -2.33025 7 u
40.6093 -2.46997 7 u
40.6157 -2.6097 7 u
40.6221 -2.74942 7 u
40.6285 -2.88914 7 u
40.6349 -3.02887 7 u
40.6413 -3.16859 7 u
40.6477 -3.30831 7 u
40.6541 -3.44804 7 u
40.6605 -3.58776 7 u
40.6669 -3.72748 7 u
40.6733 -3.8672 7 u
40.6797 -4.00693 7 u
40.6861 -4.14665 7 u
40.6924 -4.28637 7 u
40.6988 -4.4261 7 u
40.7052 -4.56582 7 u
40.7116 -4.70554 7 u
40.718 -4.84526 7 u
40.7244 -4.98499 7 u
40.7308 -5.12471 7 u
40.7372 -5.26443 7 u
40.7436 -5.40416 7 u
40.75 -5.54388 7 u
40.7564 -5.6836 7 u
40.7628 -5.82332 7 u
40.7692 -5.96305 7 u
40.7756 -6.10277 7 u
40.782 -6.24249 7 u
40.7884 -6.38222 7 u

33.2791 5.24887 0 u
33.2784 5.10715 0 u
33.2778 4.96542 0 u
33.2771 4.8237 0 u
33.2764 4.68197 0 u
33.2757 4.54025 0 u
33.2751 4.39852 0 u
33.2744 4.2568 0 u
33.2737 4.11508 0 u
33.273 3.97335 0 u
33.2724 3.83163 0 u
33.2717 3.6899 0 u
33.271 3.54818 0 u
33.2703 3.40646 0 u
33.2697 3.26473 0 u
33.269 3.12301 0 u
33.2683 2.98128 0 u
33.2676 2.83956 0 u
33.267 2.69783 0 u
33.2663 2.55611 0 u
33.2656 2.41439 0 u
33.2649 2.27266 0 u
33.2643 2.13094 0 u
33.2636 1.98921 0 u
33.2629 1.84749 0 u
33.2622 1.70576 0 u
33.2616 1.56404 0 u
33.2609 1.42231 0 u
33.2602 1.28059 0 u
33.2595 1.13887 0 u
33.2589 0.997141 0 u
33.2582 0.855417 0 u
33.2575 0.713693 0 u
33.2568 0.571968 0 u
33.2562 0.430244 0 u
33.2555 0.288519 0 u
33.2548 0.146795 0 u
33.2541 0.00507039 0 u
33.2535 -0.136654 0 u
33.2528 -0.278378 0 u
33.2521 -0.420103 0 u
33.2514 -0.561827 0 u
33.2508 -0.703551 0 u
33.2501 -0.845276 0 u
33.2494 -0.987 0 u
33.2487 -1.12872 0 u
33.2481 -1.27045 0 u
33.2474 -1.41217 0 u
33.2467 -1.5539 0 u
33.246 -1.69562 0 u
33.2454 -1.83734 0 u
33.2447 -1.97907 0 u
33.244 -2.12079 0 u
33.2433 -2.26252 0 u
33.2426 -2.40424 0 u
33.242 -2.54597 0 u
33.2413 -2.68769 0 u
33.2406 -2.82941 0 u
33.2399 -2.97114 0 u
33.2393 -3.11286 0 u
33.2386 -3.25459 0 u
33.2379 -3.39631 0 u
33.2372 -3.53804 0 u
33.2366 -3.67976 0 u
33.2359 -3.82148 0 u
33.2352 -3.96321 0 u
33.2345 -4.10493 0 u
33.2339 -4.24666 0 u
33.2332 -4.38838 0 u
33.2325 -4.53011 0 u
33.2318 -4.67183 0 u
33.2312 -4.81356 0 u
33.2305 -4.95528 0 u
33.2298 -5.097 0 u
33.2291 -5.23873 0 u
33.2285 -5.38045 0 u
33.2278 -5.52218 0 u
33.2271 -5.6639 0 u
33.2264 -5.80563 0 u
33.2258 -5.94735 0 u
33.2251 -6.08907 0 u

33.2251 -6.08911 2 u
33.2258 -5.94738 2 u
33.2265 -5.80566 2 u
33.2271 -5.66393 2 u
33.2278 -5.52221 2 u
33.2285 -5.38048 2 u
33.2292 -5.23876 2 u
33.2298 -5.09703 2 u
33.2305 -4.95531 2 u
33.2312 -4.81358 2 u
33.2319 -4.67186 2 u
33.2325 -4.53013 2 u
33.2332 -4.38841 2 u
33.2339 -4.24668 2 u
33.2346 -4.10496 2 u
33.2352 -3.96323 2 u
33.2359 -3.82151 2 u
33.2366 -3.67978 2 u
33.2373 -3.53806 2 u
33.2379 -3.39633 2 u
33.2386 -3.25461 2 u
33.2393 -3.11288 2 u
33.24 -2.97116 2 u
33.2406 -2.82943 2 u
33.2413 -2.68771 2 u
33.242 -2.54598 2 u
33.2427 -2.40426 2 u
33.2433 -2.26253 2 u
33.244 -2.12081 2 u
33.2447 -1.97908 2 u
33.2454 -1.83736 2 u
33.246 -1.69563 2 u
33.2467 -1.55391 2 u
33.2474 -1.41218 2 u
33.2481 -1.27046 2 u
33.2487 -1.12873 2 u
33.2494 -0.987007 2 u
33.2501 -0.845282 2 u
33.2508 -0.703557 2 u
33.2514 -0.561832 2 u
33.2521 -0.420107 2 u
33.2528 -0.278382 2 u
33.2535 -0.136657 2 u
33.2541 0.00506829 2 u
33.2548 0.146793 2 u
33.2555 0.288518 2 u
33.2562 0.430243 2 u
33.2568 0.571968 2 u
33.2575 0.713693 2 u
33.2582 0.855418 2 u
33.2589 0.997142 2 u
33.2596 1.13887 2 u
33.2602 1.28059 2 u
33.2609 1.42232 2 u
33.2616 1.56404 2 u
33.2623 1.70577 2 u
33.2629 1.84749 2 u
33.2636 1.98922 2 u
33.2643 2.13094 2 u
33.265 2.27267 2 u
33.2656 2.41439 2 u
33.2663 2.55612 2 u
33.267 2.69784 2 u
33.2677 2.83957 2 u
33.2683 2.98129 2 u
33.269 3.12302 2 u
33.2697 3.26474 2 u
33.2704 3.40647 2 u
33.271 3.54819 2 u
33.2717 3.68992 2 u
33.2724 3.83164 2 u
33.2731 3.97337 2 u
33.2737 4.11509 2 u
33.2744 4.25682 2 u
33.2751 4.39854 2 u
33.2758 4.54027 2 u
33.2764 4.68199 2 u
33.2771 4.82372 2 u
33.2778 4.96544 2 u
33.2785 5.10717 2 u
33.2791 5.24889 2 u

32.4634 10.198 3 v
32.371 10.2141 3 v
32.2787 10.2303 3 v
32.1863 10.2464 3 v
32.0939 10.2626 3 v
32.0015 10.2787 3 v
31.9091 10.2948 3 v
31.8168 10.311 3 v
31.7244 10.3271 3 v
31.632 10.3433 3 v
31.5396 10.3594 3 v
31.4473 10.3756 3 v
31.3549 10.3917 3 v
31.2625 10.4078 3 v
31.1701 10.424 3 v
31.0777 10.4401 3 v
30.9854 10.4563 3 v
30.893 10.4724 3 v
30.8006 10.4885 3 v
30.7082 10.5047 3 v
30.6158 10.5208 3 v
30.5235 10.537 3 v
30.4311 10.5531 3 v
30.3387 10.5693 3 v
30.2463 10.5854 3 v
30.1539 10.6015 3 v
30.0616 10.6177 3 v
29.9692 10.6338 3 v
29.8768 10.65 3 v
29.7844 10.6661 3 v
29.692 10.6822 3 v
29.5996 10.6984 3 v
29.5073 10.7145 3 v
29.4149 10.7307 3 v
29.3225 10.7468 3 v
29.2301 10.763 3 v
29.1377 10.7791 3 v
29.0454 10.7952 3 v
28.953 10.8114 3 v
28.8606 10.8275 3 v
28.7682 10.8437 3 v
28.6758 10.8598 3 v
28.5835 10.8759 3 v
28.4911 10.8921 3 v
28.3987 10.9082 3 v
28.3063 10.9244 3 v
28.2139 10.9405 3 v
28.1216 10.9567 3 v
28.0292 10.9728 3 v
27.9368 10.9889 3 v
27.8444 11.0051 3 v
27.752 11.0212 3 v
27.6597 11.0374 3 v
27.5673 11.0535 3 v
27.4749 11.0696 3 v
27.3825 11.0858 3 v
27.2902 11.1019 3 v
27.1978 11.1181 3 v
27.1054 11.1342 3 v
27.013 11.1504 3 v
26.9206 11.1665 3 v
26.8283 11.1826 3 v
26.7359 11.1988 3 v
26.6435 11.2149 3 v
26.5511 11.2311 3 v
26.4587 11.2472 3 v
26.3664 11.2633 3 v
26.274 11.2795 3 v
26.1816 11.2956 3 v
26.0892 11.3118 3 v
25.9968 11.3279 3 v
25.9044 11.3441 3 v
25.8121 11.3602 3 v
25.7197 11.3763 3 v
25.6273 11.3925 3 v
25.5349 11.4086 3 v
25.4425 11.4248 3 v
25.3502 11.4409 3 v
25.2578 11.457 3 v
25.1654 11.4732 3 v
25.073 11.4893 3 v

25.0734 11.4893 4 v
25.1658 11.4732 4 v
25.2581 11.457 4 v
25.3505 11.4409 4 v
25.4429 11.4247 4 v
25.5353 11.4086 4 v
25.6276 11.3925 4 v
25.72 11.3763 4 v
25.8124 11.3602 4 v
25.9048 11.344 4 v
25.9971 11.3279 4 v
26.0895 11.3117 4 v
26.1819 11.2956 4 v
26.2743 11.2795 4 v
26.3666 11.2633 4 v
26.459 11.2472 4 v
26.5514 11.231 4 v
26.6438 11.2149 4 v
26.7361 11.1988 4 v
26.8285 11.1826 4 v
26.9209 11.1665 4 v
27.0133 11.1503 4 v
27.1056 11.1342 4 v
27.198 11.1181 4 v
27.2904 11.1019 4 v
27.3828 11.0858 4 v
27.4751 11.0696 4 v
27.5675 11.0535 4 v
27.6599 11.0373 4 v
27.7523 11.0212 4 v
27.8446 11.0051 4 v
27.937 10.9889 4 v
28.0294 10.9728 4 v
28.1218 10.9566 4 v
28.2142 10.9405 4 v
28.3065 10.9244 4 v
28.3989 10.9082 4 v
28.4913 10.8921 4 v
28.5837 10.8759 4 v
28.676 10.8598 4 v
28.7684 10.8437 4 v
28.8608 10.8275 4 v
28.9532 10.8114 4 v
29.0455 10.7952 4 v
29.1379 10.7791 4 v
29.2303 10.7629 4 v
29.3227 10.7468 4 v
29.415 10.7307 4 v
29.5074 10.7145 4 v
29.5998 10.6984 4 v
29.6921 10.6822 4 v
29.7845 10.6661 4 v
29.8769 10.65 4 v
29.9693 10.6338 4 v
30.0616 10.6177 4 v
30.154 10.6015 4 v
30.2464 10.5854 4 v
30.3388 10.5693 4 v
30.4311 10.5531 4 v
30.5235 10.537 4 v
30.6159 10.5208 4 v
30.7083 10.5047 4 v
30.8006 10.4885 4 v
30.893 10.4724 4 v
30.9854 10.4563 4 v
31.0778 10.4401 4 v
31.1701 10.424 4 v
31.2625 10.4078 4 v
31.3549 10.3917 4 v
31.4473 10.3756 4 v
31.5396 10.3594 4 v
31.632 10.3433 4 v
31.7244 10.3271 4 v
31.8168 10.311 4 v
31.9092 10.2948 4 v
32.0015 10.2787 4 v
32.0939 10.2626 4 v
32.1863 10.2464 4 v
32.2787 10.2303 4 v
32.371 10.2141 4 v
32.4634 10.198 4 v

34.7932 22.9043 4 v
34.7972 22.7793 4 v
34.8012 22.6542 4 v
34.8053 22.5292 4 v
34.8093 22.4042 4 v
34.8133 22.2791 4 v
34.8173 22.1541 4 v
34.8213 22.029 4 v
34.8253 21.904 4 v
34.8293 21.779 4 v
34.8333 21.6539 4 v
34.8374 21.5289 4 v
34.8414 21.4038 4 v
34.8454 21.2788 4 v
34.8494 21.1538 4 v
34.8534 21.0287 4 v
34.8574 20.9037 4 v
34.8614 20.7786 4 v
34.8655 20.6536 4 v
34.8695 20.5286 4 v
34.8735 20.4035 4 v
34.8775 20.2785 4 v
34.8815 20.1534 4 v
34.8855 20.0284 4 v
34.8895 19.9034 4 v
34.8935 19.7783 4 v
34.8976 19.6533 4 v
34.9016 19.5282 4 v
34.9056 19.4032 4 v
34.9096 19.2782 4 v
34.9136 19.1531 4 v
34.9176 19.0281 4 v
34.9216 18.903 4 v
34.9256 18.778 4 v
34.9297 18.653 4 v
34.9337 18.5279 4 v
34.9377 18.4029 4 v
34.9417 18.2778 4 v
34.9457 18.1528 4 v
34.9497 18.0278 4 v
34.9537 17.9027 4 v
34.9578 17.7777 4 v
34.9618 17.6526 4 v
34.9658 17.5276 4 v
34.9698 17.4026 4 v
34.9738 17.2775 4 v
34.9778 17.1525 4 v
34.9818 17.0274 4 v
34.9858 16.9024 4 v
34.9899 16.7774 4 v
34.9939 16.6523 4 v
34.9979 16.5273 4 v
35.0019 16.4022 4 v
35.0059 16.2772 4 v
35.0099 16.1522 4 v
35.0139 16.0271 4 v
35.0179 15.9021 4 v
35.022 15.777 4 v
35.026 15.652 4 v
35.03 15.527 4 v
35.034 15.4019 4 v
35.038 15.2769 4 v
35.042 15.1518 4 v
35.046 15.0268 4 v
35.0501 14.9018 4 v
35.0541 14.7767 4 v
35.0581 14.6517 4 v
35.0621 14.5266 4 v
35.0661 14.4016 4 v
35.0701 14.2766 4 v
35.0741 14.1515 4 v
35.0781 14.0265 4 v
35.0822 13.9015 4 v
35.0862 13.7764 4 v
35.0902 13.6514 4 v
35.0942 13.5263 4 v
35.0982 13.4013 4 v
35.1022 13.2763 4 v
35.1062 13.1512 4 v
35.1102 13.0262 4 v
35.1143 12.9011 4 v

34.7932 22.9043 5 v
34.7972 22.7793 5 v
34.8012 22.6542 5 v
34.8053 22.5292 5 v
34.8093 22.4042 5 v
34.8133 22.2791 5 v
34.8173 22.1541 5 v
34.8213 22.029 5 v
34.8253 21.904 5 v
34.8293 21.779 5 v
34.8333 21.6539 5 v
34.8374 21.5289 5 v
34.8414 21.4038 5 v
34.8454 21.2788 5 v
34.8494 21.1538 5 v
34.8534 21.0287 5 v
34.8574 20.9037 5 v
34.8614 20.7786 5 v
34.8655 20.6536 5 v
34.8695 20.5286 5 v
34.8735 20.4035 5 v
34.8775 20.2785 5 v
34.8815 20.1534 5 v
34.8855 20.0284 5 v
34.8895 19.9034 5 v
34.8935 19.7783 5 v
34.8976 19.6533 5 v
34.9016 19.5282 5 v
34.9056 19.4032 5 v
34.9096 19.2782 5 v
34.9136 19.1531 5 v
34.9176 19.0281 5 v
34.9216 18.903 5 v
34.9256 18.778 5 v
34.9297 18.653 5 v
34.9337 18.5279 5 v
34.9377 18.4029 5 v
34.9417 18.2778 5 v
34.9457 18.1528 5 v
34.9497 18.0278 5 v
34.9537 17.9027 5 v
34.9578 17.7777 5 v
34.9618 17.6526 5 v
34.9658 17.5276 5 v
34.9698 17.4026 5 v
34.9738 17.2775 5 v
34.9778 17.1525 5 v
34.9818 17.0274 5 v
34.9858 16.9024 5 v
34.9899 16.7774 5 v
34.9939 16.6523 5 v
34.9979 16.5273 5 v
35.0019 16.4022 5 v
35.0059 16.2772 5 v
35.0099 16.1522 5 v
35.0139 16.0271 5 v
35.0179 15.9021 5 v
35.022 15.777 5 v
35.026 15.652 5 v
35.03 15.527 5 v
35.034 15.4019 5 v
35.038 15.2769 5 v
35.042 15.1518 5 v
35.046 15.0268 5 v
35.0501 14.9018 5 v
35.0541 14.7767 5 v
35.0581 14.6517 5 v
35.0621 14.5266 5 v
35.0661 14.4016 5 v
35.0701 14.2766 5 v
35.0741 14.1515 5 v
35.0781 14.0265 5 v
35.0822 13.9015 5 v
35.0862 13.7764 5 v
35.0902 13.6514 5 v
35.0942 13.5263 5 v
35.0982 13.4013 5 v
35.1022 13.2763 5 v
35.1062 13.1512 5 v
35.1102 13.0262 5 v
35.1143 12.9011 5 v

34.7932 22.9043 4 u
34.6717 22.7616 4 u
34.5502 22.6189 4 u
34.4287 22.4763 4 u
34.3072 22.3336 4 u
34.1857 22.1909 4 u
34.0642 22.0482 4 u
33.9427 21.9055 4 u
33.8212 21.7628 4 u
33.6997 21.6201 4 u
33.5782 21.4774 4 u
33.4567 21.3348 4 u
33.3352 21.1921 4 u
33.2137 21.0494 4 u
33.0922 20.9067 4 u
32.9707 20.764 4 u
32.8492 20.6213 4 u
32.7277 20.4786 4 u
32.6062 20.3359 4 u
32.4847 20.1933 4 u
32.3632 20.0506 4 u
32.2418 19.9079 4 u
32.1203 19.7652 4 u
31.9988 19.6225 4 u
31.8773 19.4798 4 u
31.7558 19.3371 4 u
31.6343 19.1944 4 u
31.5128 19.0518 4 u
31.3913 18.9091 4 u
31.2698 18.7664 4 u
31.1483 18.6237 4 u
31.0268 18.481 4 u
30.9053 18.3383 4 u
30.7838 18.1956 4 u
30.6623 18.0529 4 u
30.5408 17.9103 4 u
30.4193 17.7676 4 u
30.2978 17.6249 4 u
30.1763 17.4822 4 u
30.0548 17.3395 4 u
29.9333 17.1968 4 u
29.8118 17.0541 4 u
29.6903 16.9114 4 u
29.5688 16.7688 4 u
29.4473 16.6261 4 u
29.3258 16.4834 4 u
29.2043 16.3407 4 u
29.0828 16.198 4 u
28.9613 16.0553 4 u
28.8398 15.9126 4 u
28.7183 15.7699 4 u
28.5968 15.6272 4 u
28.4753 15.4846 4 u
28.3538 15.3419 4 u
28.2323 15.1992 4 u
28.1108 15.0565 4 u
27.9893 14.9138 4 u
27.8678 14.7711 4 u
27.7463 14.6284 4 u
27.6248 14.4857 4 u
27.5033 14.3431 4 u
27.3818 14.2004 4 u
27.2603 14.0577 4 u
27.1388 13.915 4 u
27.0173 13.7723 4 u
26.8958 13.6296 4 u
26.7743 13.4869 4 u
26.6528 13.3442 4 u
26.5314 13.2016 4 u
26.4099 13.0589 4 u
26.2884 12.9162 4 u
26.1669 12.7735 4 u
26.0454 12.6308 4 u
25.9239 12.4881 4 u
25.8024 12.3454 4 u
25.6809 12.2027 4 u
25.5594 12.0601 4 u
25.4379 11.9174 4 u
25.3164 11.7747 4 u
25.1949 11.632 4 u
25.0734 11.4893 4 u

34.7932 22.9043 13 v
34.6717 22.7616 13 v
34.5502 22.6189 13 v
34.4287 22.4763 13 v
34.3072 22.3336 13 v
34.1857 22.1909 13 v
34.0642 22.0482 13 v
33.9427 21.9055 13 v
33.8212 21.7628 13 v
33.6997 21.6201 13 v
33.5782 21.4774 13 v
33.4567 21.3348 13 v
33.3352 21.1921 13 v
33.2137 21.0494 13 v
33.0922 20.9067 13 v
32.9707 20.764 13 v
32.8492 20.6213 13 v
32.7277 20.4786 13 v
32.6062 20.3359 13 v
32.4847 20.1933 13 v
32.3632 20.0506 13 v
32.2418 19.9079 13 v
32.1203 19.7652 13 v
31.9988 19.6225 13 v
31.8773 19.4798 13 v
31.7558 19.3371 13 v
31.6343 19.1944 13 v
31.5128 19.0518 13 v
31.3913 18.9091 13 v
31.2698 18.7664 13 v
31.1483 18.6237 13 v
31.0268 18.481 13 v
30.9053 18.3383 13 v
30.7838 18.1956 13 v
30.6623 18.0529 13 v
30.5408 17.9103 13 v
30.4193 17.7676 13 v
30.2978 17.6249 13 v
30.1763 17.4822 13 v
30.0548 17.3395 13 v
29.9333 17.1968 13 v
29.8118 17.0541 13 v
29.6903 16.9114 13 v
29.5688 16.7688 13 v
29.4473 16.6261 13 v
29.3258 16.4834 13 v
29.2043 16.3407 13 v
29.0828 16.198 13 v
28.9613 16.0553 13 v
28.8398 15.9126 13 v
28.7183 15.7699 13 v
28.5968 15.6272 13 v
28.4753 15.4846 13 v
28.3538 15.3419 13 v
28.2323 15.1992 13 v
28.1108 15.0565 13 v
27.9893 14.9138 13 v
27.8678 14.7711 13 v
27.7463 14.6284 13 v
27.6248 14.4857 13 v
27.5033 14.3431 13 v
27.3818 14.2004 13 v
27.2603 14.0577 13 v
27.1388 13.915 13 v
27.0173 13.7723 13 v
26.8958 13.6296 13 v
26.7743 13.4869 13 v
26.6528 13.3442 13 v
26.5314 13.2016 13 v
26.4099 13.0589 13 v
26.2884 12.9162 13 v
26.1669 12.7735 13 v
26.0454 12.6308 13 v
25.9239 12.4881 13 v
25.8024 12.3454 13 v
25.6809 12.2027 13 v
25.5594 12.0601 13 v
25.4379 11.9174 13 v
25.3164 11.7747 13 v
25.1949 11.632 13 v
25.0734 11.4893 13 v

41.2577 -21.5463 8 u
41.2206 -21.4517 8 u
41.1835 -21.3571 8 u
41.1464 -21.2625 8 u
41.1093 -21.1679 8 u
41.0722 -21.0733 8 u
41.0351 -20.9787 8 u
40.998 -20.8841 8 u
40.9608 -20.7895 8 u
40.9237 -20.6948 8 u
40.8866 -20.6002 8 u
40.8495 -20.5056 8 u
40.8124 -20.411 8 u
40.7753 -20.3164 8 u
40.7382 -20.2218 8 u
40.7011 -20.1272 8 u
40.664 -20.0326 8 u
40.6268 -19.938 8 u
40.5897 -19.8434 8 u
40.5526 -19.7488 8 u
40.5155 -19.6542 8 u
40.4784 -19.5596 8 u
40.4413 -19.465 8 u
40.4042 -19.3704 8 u
40.3671 -19.2758 8 u
40.3299 -19.1812 8 u
40.2928 -19.0866 8 u
40.2557 -18.9919 8 u
40.2186 -18.8973 8 u
40.1815 -18.8027 8 u
40.1444 -18.7081 8 u
40.1073 -18.6135 8 u
40.0702 -18.5189 8 u
40.0331 -18.4243 8 u
39.9959 -18.3297 8 u
39.9588 -18.2351 8 u
39.9217 -18.1405 8 u
39.8846 -18.0459 8 u
39.8475 -17.9513 8 u
39.8104 -17.8567 8 u
39.7733 -17.7621 8 u
39.7362 -17.6675 8 u
39.6991 -17.5729 8 u
39.6619 -17.4783 8 u
39.6248 -17.3837 8 u
39.5877 -17.289 8 u
39.5506 -17.1944 8 u
39.5135 -17.0998 8 u
39.4764 -17.0052 8 u
39.4393 -16.9106 8 u
39.4022 -16.816 8 u
39.365 -16.7214 8 u
39.3279 -16.6268 8 u
39.2908 -16.5322 8 u
39.2537 -16.4376 8 u
39.2166 -16.343 8 u
39.1795 -16.2484 8 u
39.1424 -16.1538 8 u
39.1053 -16.0592 8 u
39.0682 -15.9646 8 u
39.031 -15.87 8 u
38.9939 -15.7754 8 u
38.9568 -15.6808 8 u
38.9197 -15.5861 8 u
38.8826 -15.4915 8 u
38.8455 -15.3969 8 u
38.8084 -15.3023 8 u
38.7713 -15.2077 8 u
38.7342 -15.1131 8 u
38.697 -15.0185 8 u
38.6599 -14.9239 8 u
38.6228 -14.8293 8 u
38.5857 -14.7347 8 u
38.5486 -14.6401 8 u
38.5115 -14.5455 8 u
38.4744 -14.4509 8 u
38.4373 -14.3563 8 u
38.4001 -14.2617 8 u
38.363 -14.1671 8 u
38.3259 -14.0725 8 u
38.2888 -13.9779 8 u

38.2887 -13.9779 9 u
38.3258 -14.0725 9 u
38.363 -14.1671 9 u
38.4001 -14.2618 9 u
38.4372 -14.3564 9 u
38.4743 -14.451 9 u
38.5114 -14.5456 9 u
38.5485 -14.6402 9 u
38.5856 -14.7348 9 u
38.6228 -14.8294 9 u
38.6599 -14.924 9 u
38.697 -15.0186 9 u
38.7341 -15.1132 9 u
38.7712 -15.2078 9 u
38.8083 -15.3024 9 u
38.8454 -15.397 9 u
38.8826 -15.4916 9 u
38.9197 -15.5862 9 u
38.9568 -15.6808 9 u
38.9939 -15.7754 9 u
39.031 -15.87 9 u
39.0681 -15.9646 9 u
39.1052 -16.0592 9 u
39.1424 -16.1538 9 u
39.1795 -16.2484 9 u
39.2166 -16.343 9 u
39.2537 -16.4376 9 u
39.2908 -16.5323 9 u
39.3279 -16.6269 9 u
39.365 -16.7215 9 u
39.4021 -16.8161 9 u
39.4393 -16.9107 9 u
39.4764 -17.0053 9 u
39.5135 -17.0999 9 u
39.5506 -17.1945 9 u
39.5877 -17.2891 9 u
39.6248 -17.3837 9 u
39.6619 -17.4783 9 u
39.6991 -17.5729 9 u
39.7362 -17.6675 9 u
39.7733 -17.7621 9 u
39.8104 -17.8567 9 u
39.8475 -17.9513 9 u
39.8846 -18.0459 9 u
39.9217 -18.1405 9 u
39.9589 -18.2351 9 u
39.996 -18.3297 9 u
40.0331 -18.4243 9 u
40.0702 -18.5189 9 u
40.1073 -18.6135 9 u
40.1444 -18.7082 9 u
40.1815 -18.8028 9 u
40.2186 -18.8974 9 u
40.2558 -18.992 9 u
40.2929 -19.0866 9 u
40.33 -19.1812 9 u
40.3671 -19.2758 9 u
40.4042 -19.3704 9 u
40.4413 -19.465 9 u
40.4784 -19.5596 9 u
40.5156 -19.6542 9 u
40.5527 -19.7488 9 u
40.5898 -19.8434 9 u
40.6269 -19.938 9 u
40.664 -20.0326 9 u
40.7011 -20.1272 9 u
40.7382 -20.2218 9 u
40.7754 -20.3164 9 u
40.8125 -20.411 9 u
40.8496 -20.5056 9 u
40.8867 -20.6002 9 u
40.9238 -20.6948 9 u
40.9609 -20.7894 9 u
40.998 -20.884 9 u
41.0352 -20.9787 9 u
41.0723 -21.0733 9 u
41.1094 -21.1679 9 u
41.1465 -21.2625 9 u
41.1836 -21.3571 9 u
41.2207 -21.4517 9 u
41.2578 -21.5463 9 u

33.5976 -12.9062 9 u
33.6126 -13.0326 9 u
33.6275 -13.1589 9 u
33.6424 -13.2853 9 u
33.6574 -13.4116 9 u
33.6723 -13.5379 9 u
33.6873 -13.6643 9 u
33.7022 -13.7906 9 u
33.7172 -13.917 9 u
33.7321 -14.0433 9 u
33.7471 -14.1697 9 u
33.762 -14.296 9 u
33.777 -14.4223 9 u
33.7919 -14.5487 9 u
33.8068 -14.675 9 u
33.8218 -14.8014 9 u
33.8367 -14.9277 9 u
33.8517 -15.054 9 u
33.8666 -15.1804 9 u
33.8816 -15.3067 9 u
33.8965 -15.4331 9 u
33.9115 -15.5594 9 u
33.9264 -15.6857 9 u
33.9413 -15.8121 9 u
33.9563 -15.9384 9 u
33.9712 -16.0648 9 u
33.9862 -16.1911 9 u
34.0011 -16.3175 9 u
34.0161 -16.4438 9 u
34.031 -16.5701 9 u
34.046 -16.6965 9 u
34.0609 -16.8228 9 u
34.0759 -16.9492 9 u
34.0908 -17.0755 9 u
34.1057 -17.2018 9 u
34.1207 -17.3282 9 u
34.1356 -17.4545 9 u
34.1506 -17.5809 9 u
34.1655 -17.7072 9 u
34.1805 -17.8336 9 u
34.1954 -17.9599 9 u
34.2104 -18.0862 9 u
34.2253 -18.2126 9 u
34.2402 -18.3389 9 u
34.2552 -18.4653 9 u
34.2701 -18.5916 9 u
34.2851 -18.7179 9 u
34.3 -18.8443 9 u
34.315 -18.9706 9 u
34.3299 -19.097 9 u
34.3449 -19.2233 9 u
34.3598 -19.3496 9 u
34.3748 -19.476 9 u
34.3897 -19.6023 9 u
34.4046 -19.7287 9 u
34.4196 -19.855 9 u
34.4345 -19.9814 9 u
34.4495 -20.1077 9 u
34.4644 -20.234 9 u
34.4794 -20.3604 9 u
34.4943 -20.4867 9 u
34.5093 -20.6131 9 u
34.5242 -20.7394 9 u
34.5391 -20.8657 9 u
34.5541 -20.9921 9 u
34.569 -21.1184 9 u
34.584 -21.2448 9 u
34.5989 -21.3711 9 u
34.6139 -21.4975 9 u
34.6288 -21.6238 9 u
34.6438 -21.7501 9 u
34.6587 -21.8765 9 u
34.6736 -22.0028 9 u
34.6886 -22.1292 9 u
34.7035 -22.2555 9 u
34.7185 -22.3818 9 u
34.7334 -22.5082 9 u
34.7484 -22.6345 9 u
34.7633 -22.7609 9 u
34.7783 -22.8872 9 u
34.7932 -23.0135 9 u

33.5976 -12.9062 10 u
33.6126 -13.0326 10 u
33.6275 -13.1589 10 u
33.6424 -13.2853 10 u
33.6574 -13.4116 10 u
33.6723 -13.5379 10 u
33.6873 -13.6643 10 u
33.7022 -13.7906 10 u
33.7172 -13.917 10 u
33.7321 -14.0433 10 u
33.7471 -14.1697 10 u
33.762 -14.296 10 u
33.777 -14.4223 10 u
33.7919 -14.5487 10 u
33.8068 -14.675 10 u
33.8218 -14.8014 10 u
33.8367 -14.9277 10 u
33.8517 -15.054 10 u
33.8666 -15.1804 10 u
33.8816 -15.3067 10 u
33.8965 -15.4331 10 u
33.9115 -15.5594 10 u
33.9264 -15.6857 10 u
33.9413 -15.8121 10 u
33.9563 -15.9384 10 u
33.9712 -16.0648 10 u
33.9862 -16.1911 10 u
34.0011 -16.3175 10 u
34.0161 -16.4438 10 u
34.031 -16.5701 10 u
34.046 -16.6965 10 u
34.0609 -16.8228 10 u
34.0759 -16.9492 10 u
34.0908 -17.0755 10 u
34.1057 -17.2018 10 u
34.1207 -17.3282 10 u
34.1356 -17.4545 10 u
34.1506 -17.5809 10 u
34.1655 -17.7072 10 u
34.1805 -17.8336 10 u
34.1954 -17.9599 10 u
34.2104 -18.0862 10 u
34.2253 -18.2126 10 u
34.2402 -18.3389 10 u
34.2552 -18.4653 10 u
34.2701 -18.5916 10 u
34.2851 -18.7179 10 u
34.3 -18.8443 10 u
34.315 -18.9706 10 u
34.3299 -19.097 10 u
34.3449 -19.2233 10 u
34.3598 -19.3496 10 u
34.3748 -19.476 10 u
34.3897 -19.6023 10 u
34.4046 -19.7287 10 u
34.4196 -19.855 10 u
34.4345 -19.9814 10 u
34.4495 -20.1077 10 u
34.4644 -20.234 10 u
34.4794 -20.3604 10 u
34.4943 -20.4867 10 u
34.5093 -20.6131 10 u
34.5242 -20.7394 10 u
34.5391 -20.8657 10 u
34.5541 -20.9921 10 u
34.569 -21.1184 10 u
34.584 -21.2448 10 u
34.5989 -21.3711 10 u
34.6139 -21.4975 10 u
34.6288 -21.6238 10 u
34.6438 -21.7501 10 u
34.6587 -21.8765 10 u
34.6736 -22.0028 10 u
34.6886 -22.1292 10 u
34.7035 -22.2555 10 u
34.7185 -22.3818 10 u
34.7334 -22.5082 10 u
34.7484 -22.6345 10 u
34.7633 -22.7609 10 u
34.7783 -22.8872 10 u
34.7932 -23.0135 10 u

25.0203 -14.1581 10 u
25.0484 -14.2688 10 u
25.0765 -14.3795 10 u
25.1046 -14.4902 10 u
25.1326 -14.6009 10 u
25.1607 -14.7116 10 u
25.1888 -14.8223 10 u
25.2169 -14.933 10 u
25.245 -15.0437 10 u
25.273 -15.1544 10 u
25.3011 -15.2651 10 u
25.3292 -15.3757 10 u
25.3573 -15.4864 10 u
25.3854 -15.5971 10 u
25.4135 -15.7078 10 u
25.4415 -15.8185 10 u
25.4696 -15.9292 10 u
25.4977 -16.0399 10 u
25.5258 -16.1506 10 u
25.5539 -16.2613 10 u
25.5819 -16.372 10 u
25.61 -16.4827 10 u
25.6381 -16.5934 10 u
25.6662 -16.7041 10 u
25.6943 -16.8148 10 u
25.7223 -16.9254 10 u
25.7504 -17.0361 10 u
25.7785 -17.1468 10 u
25.8066 -17.2575 10 u
25.8347 -17.3682 10 u
25.8627 -17.4789 10 u
25.8908 -17.5896 10 u
25.9189 -17.7003 10 u
25.947 -17.811 10 u
25.9751 -17.9217 10 u
26.0032 -18.0324 10 u
26.0312 -18.1431 10 u
26.0593 -18.2538 10 u
26.0874 -18.3645 10 u
26.1155 -18.4751 10 u
26.1436 -18.5858 10 u
26.1716 -18.6965 10 u
26.1997 -18.8072 10 u
26.2278 -18.9179 10 u
26.2559 -19.0286 10 u
26.284 -19.1393 10 u
26.312 -19.25 10 u
26.3401 -19.3607 10 u
26.3682 -19.4714 10 u
26.3963 -19.5821 10 u
26.4244 -19.6928 10 u
26.4524 -19.8035 10 u
26.4805 -19.9142 10 u
26.5086 -20.0248 10 u
26.5367 -20.1355 10 u
26.5648 -20.2462 10 u
26.5929 -20.3569 10 u
26.6209 -20.4676 10 u
26.649 -20.5783 10 u
26.6771 -20.689 10 u
26.7052 -20.7997 10 u
26.7333 -20.9104 10 u
26.7613 -21.0211 10 u
26.7894 -21.1318 10 u
26.8175 -21.2425 10 u
26.8456 -21.3532 10 u
26.8737 -21.4638 10 u
26.9017 -21.5745 10 u
26.9298 -21.6852 10 u
26.9579 -21.7959 10 u
26.986 -21.9066 10 u
27.0141 -22.0173 10 u
27.0421 -22.128 10 u
27.0702 -22.2387 10 u
27.0983 -22.3494 10 u
27.1264 -22.4601 10 u
27.1545 -22.5708 10 u
27.1826 -22.6815 10 u
27.2106 -22.7922 10 u
27.2387 -22.9029 10 u
27.2668 -23.0135 10 u

25.0203 -14.1581 12 v
25.0484 -14.2688 12 v
25.0765 -14.3795 12 v
25.1046 -14.4902 12 v
25.1326 -14.6009 12 v
25.1607 -14.7116 12 v
25.1888 -14.8223 12 v
25.2169 -14.933 12 v
25.245 -15.0437 12 v
25.273 -15.1544 12 v
25.3011 -15.2651 12 v
25.3292 -15.3757 12 v
25.3573 -15.4864 12 v
25.3854 -15.5971 12 v
25.4135 -15.7078 12 v
25.4415 -15.8185 12 v
25.4696 -15.9292 12 v
25.4977 -16.0399 12 v
25.5258 -16.1506 12 v
25.5539 -16.2613 12 v
25.5819 -16.372 12 v
25.61 -16.4827 12 v
25.6381 -16.5934 12 v
25.6662 -16.7041 12 v
25.6943 -16.8148 12 v
25.7223 -16.9254 12 v
25.7504 -17.0361 12 v
25.7785 -17.1468 12 v
25.8066 -17.2575 12 v
25.8347 -17.3682 12 v
25.8627 -17.4789 12 v
25.8908 -17.5896 12 v
25.9189 -17.7003 12 v
25.947 -17.811 12 v
25.9751 -17.9217 12 v
26.0032 -18.0324 12 v
26.0312 -18.1431 12 v
26.0593 -18.2538 12 v
26.0874 -18.3645 12 v
26.1155 -18.4751 12 v
26.1436 -18.5858 12 v
26.1716 -18.6965 12 v
26.1997 -18.8072 12 v
26.2278 -18.9179 12 v
26.2559 -19.0286 12 v
26.284 -19.1393 12 v
26.312 -19.25 12 v
26.3401 -19.3607 12 v
26.3682 -19.4714 12 v
26.3963 -19.5821 12 v
26.4244 -19.6928 12 v
26.4524 -19.8035 12 v
26.4805 -19.9142 12 v
26.5086 -20.0248 12 v
26.5367 -20.1355 12 v
26.5648 -20.2462 12 v
26.5929 -20.3569 12 v
26.6209 -20.4676 12 v
26.649 -20.5783 12 v
26.6771 -20.689 12 v
26.7052 -20.7997 12 v
26.7333 -20.9104 12 v
26.7613 -21.0211 12 v
26.7894 -21.1318 12 v
26.8175 -21.2425 12 v
26.8456 -21.3532 12 v
26.8737 -21.4638 12 v
26.9017 -21.5745 12 v
26.9298 -21.6852 12 v
26.9579 -21.7959 12 v
26.986 -21.9066 12 v
27.0141 -22.0173 12 v
27.0421 -22.128 12 v
27.0702 -22.2387 12 v
27.0983 -22.3494 12 v
27.1264 -22.4601 12 v
27.1545 -22.5708 12 v
27.1826 -22.6815 12 v
27.2106 -22.7922 12 v
27.2387 -22.9029 12 v
27.2668 -23.0135 12 v

33.2251 -6.08913 1 v
33.1473 -6.06377 1 v
33.0694 -6.0384 1 v
32.9916 -6.01303 1 v
32.9138 -5.98767 1 v
32.836 -5.9623 1 v
32.7582 -5.93694 1 v
32.6803 -5.91157 1 v
32.6025 -5.88621 1 v
32.5247 -5.86084 1 v
32.4469 -5.83547 1 v
32.369 -5.81011 1 v
32.2912 -5.78474 1 v
32.2134 -5.75938 1 v
32.1356 -5.73401 1 v
32.0578 -5.70864 1 v
31.9799 -5.68328 1 v
31.9021 -5.65791 1 v
31.8243 -5.63255 1 v
31.7465 -5.60718 1 v
31.6686 -5.58182 1 v
31.5908 -5.55645 1 v
31.513 -5.53108 1 v
31.4352 -5.50572 1 v
31.3574 -5.48035 1 v
31.2795 -5.45499 1 v
31.2017 -5.42962 1 v
31.1239 -5.40426 1 v
31.0461 -5.37889 1 v
30.9682 -5.35352 1 v
30.8904 -5.32816 1 v
30.8126 -5.30279 1 v
30.7348 -5.27743 1 v
30.657 -5.25206 1 v
30.5791 -5.22669 1 v
30.5013 -5.20133 1 v
30.4235 -5.17596 1 v
30.3457 -5.1506 1 v
30.2678 -5.12523 1 v
30.19 -5.09987 1 v
30.1122 -5.0745 1 v
30.0344 -5.04913 1 v
29.9566 -5.02377 1 v
29.8787 -4.9984 1 v
29.8009 -4.97304 1 v
29.7231 -4.94767 1 v
29.6453 -4.9223 1 v
29.5674 -4.89694 1 v
29.4896 -4.87157 1 v
29.4118 -4.84621 1 v
29.334 -4.82084 1 v
29.2562 -4.79548 1 v
29.1783 -4.77011 1 v
29.1005 -4.74474 1 v
29.0227 -4.71938 1 v
28.9449 -4.69401 1 v
28.867 -4.66865 1 v
28.7892 -4.64328 1 v
28.7114 -4.61791 1 v
28.6336 -4.59255 1 v
28.5558 -4.56718 1 v
28.4779 -4.54182 1 v
28.4001 -4.51645 1 v
28.3223 -4.49109 1 v
28.2445 -4.46572 1 v
28.1666 -4.44035 1 v
28.0888 -4.41499 1 v
28.011 -4.38962 1 v
27.9332 -4.36426 1 v
27.8554 -4.33889 1 v
27.7775 -4.31352 1 v
27.6997 -4.28816 1 v
27.6219 -4.26279 1 v
27.5441 -4.23743 1 v
27.4662 -4.21206 1 v
27.3884 -4.1867 1 v
27.3106 -4.16133 1 v
27.2328 -4.13596 1 v
27.155 -4.1106 1 v
27.0771 -4.08523 1 v
26.9993 -4.05987 1 v

26.9991 -4.05997 2 v
27.077 -4.08533 2 v
27.1548 -4.1107 2 v
27.2326 -4.13606 2 v
27.3104 -4.16142 2 v
27.3883 -4.18679 2 v
27.4661 -4.21215 2 v
27.5439 -4.23752 2 v
27.6217 -4.26288 2 v
27.6996 -4.28825 2 v
27.7774 -4.31361 2 v
27.8552 -4.33897 2 v
27.933 -4.36434 2 v
28.0109 -4.3897 2 v
28.0887 -4.41507 2 v
28.1665 -4.44043 2 v
28.2443 -4.4658 2 v
28.3222 -4.49116 2 v
28.4 -4.51652 2 v
28.4778 -4.54189 2 v
28.5556 -4.56725 2 v
28.6335 -4.59262 2 v
28.7113 -4.61798 2 v
28.7891 -4.64335 2 v
28.8669 -4.66871 2 v
28.9448 -4.69407 2 v
29.0226 -4.71944 2 v
29.1004 -4.7448 2 v
29.1782 -4.77017 2 v
29.2561 -4.79553 2 v
29.3339 -4.8209 2 v
29.4117 -4.84626 2 v
29.4895 -4.87162 2 v
29.5674 -4.89699 2 v
29.6452 -4.92235 2 v
29.723 -4.94772 2 v
29.8008 -4.97308 2 v
29.8787 -4.99844 2 v
29.9565 -5.02381 2 v
30.0343 -5.04917 2 v
30.1121 -5.07454 2 v
30.19 -5.0999 2 v
30.2678 -5.12527 2 v
30.3456 -5.15063 2 v
30.4234 -5.17599 2 v
30.5013 -5.20136 2 v
30.5791 -5.22672 2 v
30.6569 -5.25209 2 v
30.7347 -5.27745 2 v
30.8126 -5.30282 2 v
30.8904 -5.32818 2 v
30.9682 -5.35354 2 v
31.046 -5.37891 2 v
31.1239 -5.40427 2 v
31.2017 -5.42964 2 v
31.2795 -5.455 2 v
31.3573 -5.48037 2 v
31.4351 -5.50573 2 v
31.513 -5.53109 2 v
31.5908 -5.55646 2 v
31.6686 -5.58182 2 v
31.7464 -5.60719 2 v
31.8243 -5.63255 2 v
31.9021 -5.65792 2 v
31.9799 -5.68328 2 v
32.0577 -5.70864 2 v
32.1356 -5.73401 2 v
32.2134 -5.75937 2 v
32.2912 -5.78474 2 v
32.369 -5.8101 2 v
32.4469 -5.83547 2 v
32.5247 -5.86083 2 v
32.6025 -5.88619 2 v
32.6803 -5.91156 2 v
32.7582 -5.93692 2 v
32.836 -5.96229 2 v
32.9138 -5.98765 2 v
32.9916 -6.01301 2 v
33.0695 -6.03838 2 v
33.1473 -6.06374 2 v
33.2251 -6.08911 2 v

33.5976 -12.9063 1 v
33.4904 -12.9219 1 v
33.3832 -12.9376 1 v
33.276 -12.9532 1 v
33.1687 -12.9689 1 v
33.0615 -12.9845 1 v
32.9543 -13.0002 1 v
32.8471 -13.0158 1 v
32.7399 -13.0315 1 v
32.6327 -13.0471 1 v
32.5254 -13.0628 1 v
32.4182 -13.0784 1 v
32.311 -13.0941 1 v
32.2038 -13.1097 1 v
32.0966 -13.1254 1 v
31.9893 -13.141 1 v
31.8821 -13.1567 1 v
31.7749 -13.1723 1 v
31.6677 -13.188 1 v
31.5605 -13.2036 1 v
31.4532 -13.2193 1 v
31.346 -13.2349 1 v
31.2388 -13.2506 1 v
31.1316 -13.2662 1 v
31.0244 -13.2818 1 v
30.9171 -13.2975 1 v
30.8099 -13.3131 1 v
30.7027 -13.3288 1 v
30.5955 -13.3444 1 v
30.4883 -13.3601 1 v
30.381 -13.3757 1 v
30.2738 -13.3914 1 v
30.1666 -13.407 1 v
30.0594 -13.4227 1 v
29.9522 -13.4383 1 v
29.8449 -13.454 1 v
29.7377 -13.4696 1 v
29.6305 -13.4853 1 v
29.5233 -13.5009 1 v
29.4161 -13.5166 1 v
29.3088 -13.5322 1 v
29.2016 -13.5479 1 v
29.0944 -13.5635 1 v
28.9872 -13.5792 1 v
28.88 -13.5948 1 v
28.7727 -13.6105 1 v
28.6655 -13.6261 1 v
28.5583 -13.6418 1 v
28.4511 -13.6574 1 v
28.3439 -13.6731 1 v
28.2366 -13.6887 1 v
28.1294 -13.7044 1 v
28.0222 -13.72 1 v
27.915 -13.7357 1 v
27.8078 -13.7513 1 v
27.7006 -13.767 1 v
27.5933 -13.7826 1 v
27.4861 -13.7983 1 v
27.3789 -13.8139 1 v
27.2717 -13.8296 1 v
27.1645 -13.8452 1 v
27.0572 -13.8609 1 v
26.95 -13.8765 1 v
26.8428 -13.8922 1 v
26.7356 -13.9078 1 v
26.6284 -13.9235 1 v
26.5211 -13.9391 1 v
26.4139 -13.9547 1 v
26.3067 -13.9704 1 v
26.1995 -13.986 1 v
26.0923 -14.0017 1 v
25.985 -14.0173 1 v
25.8778 -14.033 1 v
25.7706 -14.0486 1 v
25.6634 -14.0643 1 v
25.5562 -14.0799 1 v
25.4489 -14.0956 1 v
25.3417 -14.1112 1 v
25.2345 -14.1269 1 v
25.1273 -14.1425 1 v
25.0201 -14.1582 1 v

25.0203 -14.1581 10 v
25.1275 -14.1425 10 v
25.2348 -14.1268 10 v
25.342 -14.1112 10 v
25.4492 -14.0955 10 v
25.5564 -14.0799 10 v
25.6636 -14.0642 10 v
25.7708 -14.0486 10 v
25.8781 -14.0329 10 v
25.9853 -14.0173 10 v
26.0925 -14.0016 10 v
26.1997 -13.986 10 v
26.3069 -13.9703 10 v
26.4141 -13.9547 10 v
26.5213 -13.939 10 v
26.6286 -13.9234 10 v
26.7358 -13.9077 10 v
26.843 -13.8921 10 v
26.9502 -13.8764 10 v
27.0574 -13.8608 10 v
27.1646 -13.8452 10 v
27.2719 -13.8295 10 v
27.3791 -13.8139 10 v
27.4863 -13.7982 10 v
27.5935 -13.7826 10 v
27.7007 -13.7669 10 v
27.8079 -13.7513 10 v
27.9152 -13.7356 10 v
28.0224 -13.72 10 v
28.1296 -13.7043 10 v
28.2368 -13.6887 10 v
28.344 -13.673 10 v
28.4512 -13.6574 10 v
28.5585 -13.6417 10 v
28.6657 -13.6261 10 v
28.7729 -13.6104 10 v
28.8801 -13.5948 10 v
28.9873 -13.5791 10 v
29.0945 -13.5635 10 v
29.2018 -13.5478 10 v
29.309 -13.5322 10 v
29.4162 -13.5165 10 v
29.5234 -13.5009 10 v
29.6306 -13.4852 10 v
29.7378 -13.4696 10 v
29.845 -13.4539 10 v
29.9523 -13.4383 10 v
30.0595 -13.4226 10 v
30.1667 -13.407 10 v
30.2739 -13.3913 10 v
30.3811 -13.3757 10 v
30.4883 -13.36 10 v
30.5956 -13.3444 10 v
30.7028 -13.3287 10 v
30.81 -13.3131 10 v
30.9172 -13.2975 10 v
31.0244 -13.2818 10 v
31.1316 -13.2662 10 v
31.2389 -13.2505 10 v
31.3461 -13.2349 10 v
31.4533 -13.2192 10 v
31.5605 -13.2036 10 v
31.6677 -13.1879 10 v
31.7749 -13.1723 10 v
31.8822 -13.1566 10 v
31.9894 -13.141 10 v
32.0966 -13.1253 10 v
32.2038 -13.1097 10 v
32.311 -13.094 10 v
32.4182 -13.0784 10 v
32.5254 -13.0627 10 v
32.6327 -13.0471 10 v
32.7399 -13.0314 10 v
32.8471 -13.0158 10 v
32.9543 -13.0001 10 v
33.0615 -12.9845 10 v
33.1687 -12.9688 10 v
33.276 -12.9532 10 v
33.3832 -12.9375 10 v
33.4904 -12.9219 10 v
33.5976 -12.9062 10 v

26.9991 2.49973 2 v
27.0776 2.53409 2 v
27.1561 2.56846 2 v
27.2346 2.60282 2 v
27.3131 2.63719 2 v
27.3916 2.67155 2 v
27.4701 2.70591 2 v
27.5486 2.74028 2 v
27.6271 2.77464 2 v
27.7056 2.80901 2 v
27.7841 2.84337 2 v
27.8626 2.87774 2 v
27.9411 2.9121 2 v
28.0196 2.94647 2 v
28.0981 2.98083 2 v
28.1766 3.0152 2 v
28.2551 3.04956 2 v
28.3336 3.08393 2 v
28.4121 3.11829 2 v
28.4906 3.15265 2 v
28.5691 3.18702 2 v
28.6476 3.22138 2 v
28.7261 3.25575 2 v
28.8046 3.29011 2 v
28.8831 3.32448 2 v
28.9616 3.35884 2 v
29.0401 3.39321 2 v
29.1186 3.42757 2 v
29.1971 3.46194 2 v
29.2756 3.4963 2 v
29.3541 3.53066 2 v
29.4326 3.56503 2 v
29.5111 3.59939 2 v
29.5896 3.63376 2 v
29.6681 3.66812 2 v
29.7466 3.70249 2 v
29.8251 3.73685 2 v
29.9036 3.77122 2 v
29.9821 3.80558 2 v
30.0606 3.83995 2 v
30.1391 3.87431 2 v
30.2176 3.90867 2 v
30.2961 3.94304 2 v
30.3746 3.9774 2 v
30.4531 4.01177 2 v
30.5316 4.04613 2 v
30.6101 4.0805 2 v
30.6886 4.11486 2 v
30.7671 4.14923 2 v
30.8456 4.18359 2 v
30.9241 4.21796 2 v
31.0026 4.25232 2 v
31.0811 4.28668 2 v
31.1596 4.32105 2 v
31.2381 4.35541 2 v
31.3166 4.38978 2 v
31.3951 4.42414 2 v
31.4736 4.45851 2 v
31.5521 4.49287 2 v
31.6306 4.52724 2 v
31.7091 4.5616 2 v
31.7876 4.59597 2 v
31.8661 4.63033 2 v
31.9446 4.66469 2 v
32.0231 4.69906 2 v
32.1016 4.73342 2 v
32.1801 4.76779 2 v
32.2586 4.80215 2 v
32.3371 4.83652 2 v
32.4156 4.87088 2 v
32.4941 4.90525 2 v
32.5726 4.93961 2 v
32.6511 4.97398 2 v
32.7296 5.00834 2 v
32.8081 5.0427 2 v
32.8866 5.07707 2 v
32.9651 5.11143 2 v
33.0436 5.1458 2 v
33.1221 5.18016 2 v
33.2006 5.21453 2 v
33.2791 5.24889 2 v

33.2791 5.24889 3 v
33.2006 5.21452 3 v
33.1222 5.18016 3 v
33.0437 5.14579 3 v
32.9652 5.11143 3 v
32.8867 5.07706 3 v
32.8082 5.0427 3 v
32.7297 5.00833 3 v
32.6512 4.97397 3 v
32.5727 4.9396 3 v
32.4942 4.90524 3 v
32.4157 4.87087 3 v
32.3372 4.83651 3 v
32.2588 4.80214 3 v
32.1803 4.76778 3 v
32.1018 4.73341 3 v
32.0233 4.69905 3 v
31.9448 4.66468 3 v
31.8663 4.63032 3 v
31.7878 4.59595 3 v
31.7093 4.56159 3 v
31.6308 4.52722 3 v
31.5523 4.49286 3 v
31.4738 4.45849 3 v
31.3954 4.42413 3 v
31.3169 4.38976 3 v
31.2384 4.3554 3 v
31.1599 4.32104 3 v
31.0814 4.28667 3 v
31.0029 4.25231 3 v
30.9244 4.21794 3 v
30.8459 4.18358 3 v
30.7674 4.14921 3 v
30.6889 4.11485 3 v
30.6104 4.08048 3 v
30.532 4.04612 3 v
30.4535 4.01175 3 v
30.375 3.97739 3 v
30.2965 3.94302 3 v
30.218 3.90866 3 v
30.1395 3.87429 3 v
30.061 3.83993 3 v
29.9825 3.80556 3 v
29.904 3.7712 3 v
29.8255 3.73683 3 v
29.747 3.70247 3 v
29.6686 3.6681 3 v
29.5901 3.63374 3 v
29.5116 3.59937 3 v
29.4331 3.56501 3 v
29.3546 3.53064 3 v
29.2761 3.49628 3 v
29.1976 3.46191 3 v
29.1191 3.42755 3 v
29.0406 3.39318 3 v
28.9621 3.35882 3 v
28.8836 3.32445 3 v
28.8052 3.29009 3 v
28.7267 3.25572 3 v
28.6482 3.22136 3 v
28.5697 3.18699 3 v
28.4912 3.15263 3 v
28.4127 3.11826 3 v
28.3342 3.0839 3 v
28.2557 3.04953 3 v
28.1772 3.01517 3 v
28.0987 2.9808 3 v
28.0202 2.94644 3 v
27.9418 2.91207 3 v
27.8633 2.87771 3 v
27.7848 2.84334 3 v
27.7063 2.80898 3 v
27.6278 2.77461 3 v
27.5493 2.74025 3 v
27.4708 2.70588 3 v
27.3923 2.67152 3 v
27.3138 2.63715 3 v
27.2353 2.60279 3 v
27.1568 2.56842 3 v
27.0784 2.53406 3 v
26.9999 2.49969 3 v

46.2057 17.6249 5 v
46.1202 17.5629 5 v
46.0347 17.5009 5 v
45.9492 17.4389 5 v
45.8637 17.3769 5 v
45.7782 17.3149 5 v
45.6927 17.2529 5 v
45.6072 17.1909 5 v
45.5217 17.1289 5 v
45.4361 17.067 5 v
45.3506 17.005 5 v
45.2651 16.943 5 v
45.1796 16.881 5 v
45.0941 16.819 5 v
45.0086 16.757 5 v
44.9231 16.695 5 v
44.8376 16.633 5 v
44.7521 16.571 5 v
44.6665 16.5091 5 v
44.581 16.4471 5 v
44.4955 16.3851 5 v
44.41 16.3231 5 v
44.3245 16.2611 5 v
44.239 16.1991 5 v
44.1535 16.1371 5 v
44.068 16.0751 5 v
43.9825 16.0131 5 v
43.897 15.9512 5 v
43.8114 15.8892 5 v
43.7259 15.8272 5 v
43.6404 15.7652 5 v
43.5549 15.7032 5 v
43.4694 15.6412 5 v
43.3839 15.5792 5 v
43.2984 15.5172 5 v
43.2129 15.4552 5 v
43.1274 15.3932 5 v
43.0419 15.3313 5 v
42.9563 15.2693 5 v
42.8708 15.2073 5 v
42.7853 15.1453 5 v
42.6998 15.0833 5 v
42.6143 15.0213 5 v
42.5288 14.9593 5 v
42.4433 14.8973 5 v
42.3578 14.8353 5 v
42.2723 14.7734 5 v
42.1868 14.7114 5 v
42.1012 14.6494 5 v
42.0157 14.5874 5 v
41.9302 14.5254 5 v
41.8447 14.4634 5 v
41.7592 14.4014 5 v
41.6737 14.3394 5 v
41.5882 14.2774 5 v
41.5027 14.2154 5 v
41.4172 14.1535 5 v
41.3317 14.0915 5 v
41.2461 14.0295 5 v
41.1606 13.9675 5 v
41.0751 13.9055 5 v
40.9896 13.8435 5 v
40.9041 13.7815 5 v
40.8186 13.7195 5 v
40.7331 13.6575 5 v
40.6476 13.5956 5 v
40.5621 13.5336 5 v
40.4766 13.4716 5 v
40.391 13.4096 5 v
40.3055 13.3476 5 v
40.22 13.2856 5 v
40.1345 13.2236 5 v
40.049 13.1616 5 v
39.9635 13.0996 5 v
39.878 13.0376 5 v
39.7925 12.9757 5 v
39.707 12.9137 5 v
39.6215 12.8517 5 v
39.5359 12.7897 5 v
39.4504 12.7277 5 v
39.3649 12.6657 5 v

46.206 17.625 6 v
46.1205 17.563 6 v
46.035 17.501 6 v
45.9495 17.439 6 v
45.864 17.377 6 v
45.7785 17.315 6 v
45.693 17.2531 6 v
45.6074 17.1911 6 v
45.5219 17.1291 6 v
45.4364 17.0671 6 v
45.3509 17.0051 6 v
45.2654 16.9431 6 v
45.1799 16.8811 6 v
45.0944 16.8191 6 v
45.0088 16.7571 6 v
44.9233 16.6951 6 v
44.8378 16.6331 6 v
44.7523 16.5712 6 v
44.6668 16.5092 6 v
44.5813 16.4472 6 v
44.4958 16.3852 6 v
44.4102 16.3232 6 v
44.3247 16.2612 6 v
44.2392 16.1992 6 v
44.1537 16.1372 6 v
44.0682 16.0752 6 v
43.9827 16.0132 6 v
43.8972 15.9512 6 v
43.8117 15.8893 6 v
43.7261 15.8273 6 v
43.6406 15.7653 6 v
43.5551 15.7033 6 v
43.4696 15.6413 6 v
43.3841 15.5793 6 v
43.2986 15.5173 6 v
43.2131 15.4553 6 v
43.1275 15.3933 6 v
43.042 15.3313 6 v
42.9565 15.2693 6 v
42.871 15.2074 6 v
42.7855 15.1454 6 v
42.7 15.0834 6 v
42.6145 15.0214 6 v
42.5289 14.9594 6 v
42.4434 14.8974 6 v
42.3579 14.8354 6 v
42.2724 14.7734 6 v
42.1869 14.7114 6 v
42.1014 14.6494 6 v
42.0159 14.5874 6 v
41.9303 14.5255 6 v
41.8448 14.4635 6 v
41.7593 14.4015 6 v
41.6738 14.3395 6 v
41.5883 14.2775 6 v
41.5028 14.2155 6 v
41.4173 14.1535 6 v
41.3317 14.0915 6 v
41.2462 14.0295 6 v
41.1607 13.9675 6 v
41.0752 13.9055 6 v
40.9897 13.8436 6 v
40.9042 13.7816 6 v
40.8187 13.7196 6 v
40.7331 13.6576 6 v
40.6476 13.5956 6 v
40.5621 13.5336 6 v
40.4766 13.4716 6 v
40.3911 13.4096 6 v
40.3056 13.3476 6 v
40.2201 13.2856 6 v
40.1345 13.2236 6 v
40.049 13.1617 6 v
39.9635 13.0997 6 v
39.878 13.0377 6 v
39.7925 12.9757 6 v
39.707 12.9137 6 v
39.6215 12.8517 6 v
39.536 12.7897 6 v
39.4504 12.7277 6 v
39.3649 12.6657 6 v

49.7669 0.312941 6 v
49.6483 0.368974 6 v
49.5297 0.425007 6 v
49.411 0.481041 6 v
49.2924 0.537074 6 v
49.1738 0.593107 6 v
49.0552 0.649141 6 v
48.9365 0.705174 6 v
48.8179 0.761207 6 v
48.6993 0.817241 6 v
48.5807 0.873274 6 v
48.462 0.929307 6 v
48.3434 0.98534 6 v
48.2248 1.04137 6 v
48.1062 1.09741 6 v
47.9875 1.15344 6 v
47.8689 1.20947 6 v
47.7503 1.26551 6 v
47.6317 1.32154 6 v
47.513 1.37757 6 v
47.3944 1.43361 6 v
47.2758 1.48964 6 v
47.1571 1.54567 6 v
47.0385 1.60171 6 v
46.9199 1.65774 6 v
46.8013 1.71377 6 v
46.6826 1.76981 6 v
46.564 1.82584 6 v
46.4454 1.88187 6 v
46.3268 1.93791 6 v
46.2081 1.99394 6 v
46.0895 2.04997 6 v
45.9709 2.10601 6 v
45.8523 2.16204 6 v
45.7336 2.21807 6 v
45.615 2.27411 6 v
45.4964 2.33014 6 v
45.3778 2.38617 6 v
45.2591 2.44221 6 v
45.1405 2.49824 6 v
45.0219 2.55427 6 v
44.9033 2.61031 6 v
44.7846 2.66634 6 v
44.666 2.72237 6 v
44.5474 2.77841 6 v
44.4288 2.83444 6 v
44.3101 2.89047 6 v
44.1915 2.94651 6 v
44.0729 3.00254 6 v
43.9543 3.05857 6 v
43.8356 3.11461 6 v
43.717 3.17064 6 v
43.5984 3.22667 6 v
43.4797 3.28271 6 v
43.3611 3.33874 6 v
43.2425 3.39477 6 v
43.1239 3.45081 6 v
43.0052 3.50684 6 v
42.8866 3.56287 6 v
42.768 3.61891 6 v
42.6494 3.67494 6 v
42.5307 3.73097 6 v
42.4121 3.78701 6 v
42.2935 3.84304 6 v
42.1749 3.89907 6 v
42.0562 3.95511 6 v
41.9376 4.01114 6 v
41.819 4.06717 6 v
41.7004 4.12321 6 v
41.5817 4.17924 6 v
41.4631 4.23527 6 v
41.3445 4.29131 6 v
41.2259 4.34734 6 v
41.1072 4.40337 6 v
40.9886 4.45941 6 v
40.87 4.51544 6 v
40.7514 4.57147 6 v
40.6327 4.62751 6 v
40.5141 4.68354 6 v
40.3955 4.73957 6 v
40.2769 4.79561 6 v

40.2769 4.79562 7 v
40.3955 4.73959 7 v
40.5141 4.68356 7 v
40.6328 4.62753 7 v
40.7514 4.5715 7 v
40.8701 4.51547 7 v
40.9887 4.45944 7 v
41.1073 4.40341 7 v
41.226 4.34738 7 v
41.3446 4.29134 7 v
41.4633 4.23531 7 v
41.5819 4.17928 7 v
41.7005 4.12325 7 v
41.8192 4.06722 7 v
41.9378 4.01119 7 v
42.0565 3.95516 7 v
42.1751 3.89913 7 v
42.2937 3.8431 7 v
42.4124 3.78707 7 v
42.531 3.73104 7 v
42.6497 3.67501 7 v
42.7683 3.61898 7 v
42.8869 3.56294 7 v
43.0056 3.50691 7 v
43.1242 3.45088 7 v
43.2429 3.39485 7 v
43.3615 3.33882 7 v
43.4801 3.28279 7 v
43.5988 3.22676 7 v
43.7174 3.17073 7 v
43.8361 3.1147 7 v
43.9547 3.05867 7 v
44.0733 3.00264 7 v
44.192 2.94661 7 v
44.3106 2.89058 7 v
44.4293 2.83455 7 v
44.5479 2.77851 7 v
44.6665 2.72248 7 v
44.7852 2.66645 7 v
44.9038 2.61042 7 v
45.0225 2.55439 7 v
45.1411 2.49836 7 v
45.2597 2.44233 7 v
45.3784 2.3863 7 v
45.497 2.33027 7 v
45.6157 2.27424 7 v
45.7343 2.21821 7 v
45.853 2.16218 7 v
45.9716 2.10615 7 v
46.0902 2.05012 7 v
46.2089 1.99408 7 v
46.3275 1.93805 7 v
46.4462 1.88202 7 v
46.5648 1.82599 7 v
46.6834 1.76996 7 v
46.8021 1.71393 7 v
46.9207 1.6579 7 v
47.0394 1.60187 7 v
47.158 1.54584 7 v
47.2766 1.48981 7 v
47.3953 1.43378 7 v
47.5139 1.37775 7 v
47.6326 1.32172 7 v
47.7512 1.26568 7 v
47.8698 1.20965 7 v
47.9885 1.15362 7 v
48.1071 1.09759 7 v
48.2258 1.04156 7 v
48.3444 0.985531 7 v
48.463 0.929501 7 v
48.5817 0.87347 7 v
48.7003 0.817439 7 v
48.819 0.761408 7 v
48.9376 0.705378 7 v
49.0562 0.649347 7 v
49.1749 0.593316 7 v
49.2935 0.537286 7 v
49.4122 0.481255 7 v
49.5308 0.425224 7 v
49.6494 0.369193 7 v
49.7681 0.313163 7 v

40.7884 -6.38222 7 v
40.9006 -6.35592 7 v
41.0128 -6.32963 7 v
41.1251 -6.30333 7 v
41.2373 -6.27704 7 v
41.3496 -6.25074 7 v
41.4618 -6.22445 7 v
41.5741 -6.19815 7 v
41.6863 -6.17186 7 v
41.7986 -6.14556 7 v
41.9108 -6.11927 7 v
42.0231 -6.09297 7 v
42.1353 -6.06668 7 v
42.2476 -6.04038 7 v
42.3598 -6.01409 7 v
42.4721 -5.98779 7 v
42.5843 -5.9615 7 v
42.6965 -5.9352 7 v
42.8088 -5.90891 7 v
42.921 -5.88261 7 v
43.0333 -5.85632 7 v
43.1455 -5.83002 7 v
43.2578 -5.80373 7 v
43.37 -5.77743 7 v
43.4823 -5.75114 7 v
43.5945 -5.72484 7 v
43.7068 -5.69855 7 v
43.819 -5.67225 7 v
43.9313 -5.64596 7 v
44.0435 -5.61966 7 v
44.1558 -5.59337 7 v
44.268 -5.56707 7 v
44.3802 -5.54078 7 v
44.4925 -5.51448 7 v
44.6047 -5.48819 7 v
44.717 -5.4619 7 v
44.8292 -5.4356 7 v
44.9415 -5.40931 7 v
45.0537 -5.38301 7 v
45.166 -5.35672 7 v
45.2782 -5.33042 7 v
45.3905 -5.30413 7 v
45.5027 -5.27783 7 v
45.615 -5.25154 7 v
45.7272 -5.22524 7 v
45.8395 -5.19895 7 v
45.9517 -5.17265 7 v
46.0639 -5.14636 7 v
46.1762 -5.12006 7 v
46.2884 -5.09377 7 v
46.4007 -5.06747 7 v
46.5129 -5.04118 7 v
46.6252 -5.01488 7 v
46.7374 -4.98859 7 v
46.8497 -4.96229 7 v
46.9619 -4.936 7 v
47.0742 -4.9097 7 v
47.1864 -4.88341 7 v
47.2987 -4.85711 7 v
47.4109 -4.83082 7 v
47.5232 -4.80452 7 v
47.6354 -4.77823 7 v
47.7476 -4.75193 7 v
47.8599 -4.72564 7 v
47.9721 -4.69934 7 v
48.0844 -4.67305 7 v
48.1966 -4.64675 7 v
48.3089 -4.62046 7 v
48.4211 -4.59416 7 v
48.5334 -4.56787 7 v
48.6456 -4.54157 7 v
48.7579 -4.51528 7 v
48.8701 -4.48898 7 v
48.9824 -4.46269 7 v
49.0946 -4.43639 7 v
49.2069 -4.4101 7 v
49.3191 -4.3838 7 v
49.4313 -4.35751 7 v
49.5436 -4.33121 7 v
49.6558 -4.30492 7 v
49.7681 -4.27862 7 v

49.7682 -4.27862 8 u
49.656 -4.30492 8 u
49.5437 -4.33121 8 u
49.4315 -4.35751 8 u
49.3192 -4.3838 8 u
49.207 -4.4101 8 u
49.0947 -4.4364 8 u
48.9825 -4.46269 8 u
48.8702 -4.48899 8 u
48.758 -4.51528 8 u
48.6457 -4.54158 8 u
48.5335 -4.56787 8 u
48.4212 -4.59417 8 u
48.309 -4.62046 8 u
48.1967 -4.64676 8 u
48.0845 -4.67306 8 u
47.9722 -4.69935 8 u
47.86 -4.72565 8 u
47.7477 -4.75194 8 u
47.6355 -4.77824 8 u
47.5232 -4.80453 8 u
47.411 -4.83083 8 u
47.2988 -4.85713 8 u
47.1865 -4.88342 8 u
47.0743 -4.90972 8 u
46.962 -4.93601 8 u
46.8498 -4.96231 8 u
46.7375 -4.9886 8 u
46.6253 -5.0149 8 u
46.513 -5.04119 8 u
46.4008 -5.06749 8 u
46.2885 -5.09379 8 u
46.1763 -5.12008 8 u
46.064 -5.14638 8 u
45.9518 -5.17267 8 u
45.8395 -5.19897 8 u
45.7273 -5.22526 8 u
45.615 -5.25156 8 u
45.5028 -5.27786 8 u
45.3905 -5.30415 8 u
45.2783 -5.33045 8 u
45.166 -5.35674 8 u
45.0538 -5.38304 8 u
44.9415 -5.40933 8 u
44.8293 -5.43563 8 u
44.7171 -5.46192 8 u
44.6048 -5.48822 8 u
44.4926 -5.51452 8 u
44.3803 -5.54081 8 u
44.2681 -5.56711 8 u
44.1558 -5.5934 8 u
44.0436 -5.6197 8 u
43.9313 -5.64599 8 u
43.8191 -5.67229 8 u
43.7068 -5.69859 8 u
43.5946 -5.72488 8 u
43.4823 -5.75118 8 u
43.3701 -5.77747 8 u
43.2578 -5.80377 8 u
43.1456 -5.83006 8 u
43.0333 -5.85636 8 u
42.9211 -5.88266 8 u
42.8088 -5.90895 8 u
42.6966 -5.93525 8 u
42.5843 -5.96154 8 u
42.4721 -5.98784 8 u
42.3598 -6.01413 8 u
42.2476 -6.04043 8 u
42.1354 -6.06672 8 u
42.0231 -6.09302 8 u
41.9109 -6.11932 8 u
41.7986 -6.14561 8 u
41.6864 -6.17191 8 u
41.5741 -6.1982 8 u
41.4619 -6.2245 8 u
41.3496 -6.25079 8 u
41.2374 -6.27709 8 u
41.1251 -6.30339 8 u
41.0129 -6.32968 8 u
40.9006 -6.35598 8 u
40.7884 -6.38227 8 u

16.9621 -18.2122 11 v
16.9597 -18.2722 11 v
16.9573 -18.3322 11 v
16.955 -18.3923 11 v
16.9526 -18.4523 11 v
16.9502 -18.5123 11 v
16.9478 -18.5723 11 v
16.9454 -18.6324 11 v
16.9431 -18.6924 11 v
16.9407 -18.7524 11 v
16.9383 -18.8124 11 v
16.9359 -18.8725 11 v
16.9335 -18.9325 11 v
16.9312 -18.9925 11 v
16.9288 -19.0525 11 v
16.9264 -19.1126 11 v
16.924 -19.1726 11 v
16.9216 -19.2326 11 v
16.9193 -19.2926 11 v
16.9169 -19.3526 11 v
16.9145 -19.4127 11 v
16.9121 -19.4727 11 v
16.9097 -19.5327 11 v
16.9074 -19.5927 11 v
16.905 -19.6528 11 v
16.9026 -19.7128 11 v
16.9002 -19.7728 11 v
16.8978 -19.8328 11 v
16.8955 -19.8929 11 v
16.8931 -19.9529 11 v
16.8907 -20.0129 11 v
16.8883 -20.0729 11 v
16.8859 -20.133 11 v
16.8836 -20.193 11 v
16.8812 -20.253 11 v
16.8788 -20.313 11 v
16.8764 -20.3731 11 v
16.874 -20.4331 11 v
16.8717 -20.4931 11 v
16.8693 -20.5531 11 v
16.8669 -20.6131 11 v
16.8645 -20.6732 11 v
16.8621 -20.7332 11 v
16.8598 -20.7932 11 v
16.8574 -20.8532 11 v
16.855 -20.9133 11 v
16.8526 -20.9733 11 v
16.8502 -21.0333 11 v
16.8479 -21.0933 11 v
16.8455 -21.1534 11 v
16.8431 -21.2134 11 v
16.8407 -21.2734 11 v
16.8383 -21.3334 11 v
16.836 -21.3935 11 v
16.8336 -21.4535 11 v
16.8312 -21.5135 11 v
16.8288 -21.5735 11 v
16.8264 -21.6335 11 v
16.8241 -21.6936 11 v
16.8217 -21.7536 11 v
16.8193 -21.8136 11 v
16.8169 -21.8736 11 v
16.8145 -21.9337 11 v
16.8122 -21.9937 11 v
16.8098 -22.0537 11 v
16.8074 -22.1137 11 v
16.805 -22.1738 11 v
16.8026 -22.2338 11 v
16.8003 -22.2938 11 v
16.7979 -22.3538 11 v
16.7955 -22.4139 11 v
16.7931 -22.4739 11 v
16.7907 -22.5339 11 v
16.7884 -22.5939 11 v
16.786 -22.654 11 v
16.7836 -22.714 11 v
16.7812 -22.774 11 v
16.7788 -22.834 11 v
16.7765 -22.894 11 v
16.7741 -22.9541 11 v
16.7717 -23.0141 11 v

16.9615 -18.2117 12 v
16.9591 -18.2717 12 v
16.9568 -18.3317 12 v
16.9544 -18.3917 12 v
16.952 -18.4517 12 v
16.9496 -18.5118 12 v
16.9472 -18.5718 12 v
16.9449 -18.6318 12 v
16.9425 -18.6918 12 v
16.9401 -18.7519 12 v
16.9377 -18.8119 12 v
16.9354 -18.8719 12 v
16.933 -18.9319 12 v
16.9306 -18.992 12 v
16.9282 -19.052 12 v
16.9258 -19.112 12 v
16.9235 -19.172 12 v
16.9211 -19.2321 12 v
16.9187 -19.2921 12 v
16.9163 -19.3521 12 v
16.914 -19.4121 12 v
16.9116 -19.4722 12 v
16.9092 -19.5322 12 v
16.9068 -19.5922 12 v
16.9044 -19.6522 12 v
16.9021 -19.7122 12 v
16.8997 -19.7723 12 v
16.8973 -19.8323 12 v
16.8949 -19.8923 12 v
16.8925 -19.9523 12 v
16.8902 -20.0124 12 v
16.8878 -20.0724 12 v
16.8854 -20.1324 12 v
16.883 -20.1924 12 v
16.8807 -20.2525 12 v
16.8783 -20.3125 12 v
16.8759 -20.3725 12 v
16.8735 -20.4325 12 v
16.8711 -20.4926 12 v
16.8688 -20.5526 12 v
16.8664 -20.6126 12 v
16.864 -20.6726 12 v
16.8616 -20.7326 12 v
16.8593 -20.7927 12 v
16.8569 -20.8527 12 v
16.8545 -20.9127 12 v
16.8521 -20.9727 12 v
16.8497 -21.0328 12 v
16.8474 -21.0928 12 v
16.845 -21.1528 12 v
16.8426 -21.2128 12 v
16.8402 -21.2729 12 v
16.8379 -21.3329 12 v
16.8355 -21.3929 12 v
16.8331 -21.4529 12 v
16.8307 -21.513 12 v
16.8283 -21.573 12 v
16.826 -21.633 12 v
16.8236 -21.693 12 v
16.8212 -21.753 12 v
16.8188 -21.8131 12 v
16.8165 -21.8731 12 v
16.8141 -21.9331 12 v
16.8117 -21.9931 12 v
16.8093 -22.0532 12 v
16.8069 -22.1132 12 v
16.8046 -22.1732 12 v
16.8022 -22.2332 12 v
16.7998 -22.2933 12 v
16.7974 -22.3533 12 v
16.7951 -22.4133 12 v
16.7927 -22.4733 12 v
16.7903 -22.5334 12 v
16.7879 -22.5934 12 v
16.7855 -22.6534 12 v
16.7832 -22.7134 12 v
16.7808 -22.7735 12 v
16.7784 -22.8335 12 v
16.776 -22.8935 12 v
16.7737 -22.9535 12 v
16.7713 -23.0135 12 v

16.4433 22.9043 13 v
16.4498 22.8132 13 v
16.4563 22.7221 13 v
16.4627 22.631 13 v
16.4692 22.5399 13 v
16.4757 22.4487 13 v
16.4822 22.3576 13 v
16.4886 22.2665 13 v
16.4951 22.1754 13 v
16.5016 22.0843 13 v
16.5081 21.9931 13 v
16.5146 21.902 13 v
16.521 21.8109 13 v
16.5275 21.7198 13 v
16.534 21.6287 13 v
16.5405 21.5376 13 v
16.5469 21.4464 13 v
16.5534 21.3553 13 v
16.5599 21.2642 13 v
16.5664 21.1731 13 v
16.5728 21.082 13 v
16.5793 20.9909 13 v
16.5858 20.8997 13 v
16.5923 20.8086 13 v
16.5988 20.7175 13 v
16.6052 20.6264 13 v
16.6117 20.5353 13 v
16.6182 20.4442 13 v
16.6247 20.353 13 v
16.6311 20.2619 13 v
16.6376 20.1708 13 v
16.6441 20.0797 13 v
16.6506 19.9886 13 v
16.6571 19.8975 13 v
16.6635 19.8063 13 v
16.67 19.7152 13 v
16.6765 19.6241 13 v
16.683 19.533 13 v
16.6894 19.4419 13 v
16.6959 19.3508 13 v
16.7024 19.2596 13 v
16.7089 19.1685 13 v
16.7154 19.0774 13 v
16.7218 18.9863 13 v
16.7283 18.8952 13 v
16.7348 18.8041 13 v
16.7413 18.7129 13 v
16.7477 18.6218 13 v
16.7542 18.5307 13 v
16.7607 18.4396 13 v
16.7672 18.3485 13 v
16.7737 18.2573 13 v
16.7801 18.1662 13 v
16.7866 18.0751 13 v
16.7931 17.984 13 v
16.7996 17.8929 13 v
16.806 17.8018 13 v
16.8125 17.7106 13 v
16.819 17.6195 13 v
16.8255 17.5284 13 v
16.832 17.4373 13 v
16.8384 17.3462 13 v
16.8449 17.2551 13 v
16.8514 17.1639 13 v
16.8579 17.0728 13 v
16.8643 16.9817 13 v
16.8708 16.8906 13 v
16.8773 16.7995 13 v
16.8838 16.7084 13 v
16.8903 16.6172 13 v
16.8967 16.5261 13 v
16.9032 16.435 13 v
16.9097 16.3439 13 v
16.9162 16.2528 13 v
16.9226 16.1617 13 v
16.9291 16.0705 13 v
16.9356 15.9794 13 v
16.9421 15.8883 13 v
16.9486 15.7972 13 v
16.955 15.7061 13 v
16.9615 15.615 13 v

16.4437 22.9047 15 u
16.4502 22.8136 15 u
16.4567 22.7225 15 u
16.4631 22.6314 15 u
16.4696 22.5402 15 u
16.4761 22.4491 15 u
16.4826 22.358 15 u
16.4891 22.2669 15 u
16.4955 22.1757 15 u
16.502 22.0846 15 u
16.5085 21.9935 15 u
16.515 21.9024 15 u
16.5215 21.8112 15 u
16.5279 21.7201 15 u
16.5344 21.629 15 u
16.5409 21.5379 15 u
16.5474 21.4467 15 u
16.5538 21.3556 15 u
16.5603 21.2645 15 u
16.5668 21.1734 15 u
16.5733 21.0822 15 u
16.5798 20.9911 15 u
16.5862 20.9 15 u
16.5927 20.8089 15 u
16.5992 20.7177 15 u
16.6057 20.6266 15 u
16.6122 20.5355 15 u
16.6186 20.4444 15 u
16.6251 20.3532 15 u
16.6316 20.2621 15 u
16.6381 20.171 15 u
16.6446 20.0799 15 u
16.651 19.9887 15 u
16.6575 19.8976 15 u
16.664 19.8065 15 u
16.6705 19.7154 15 u
16.677 19.6242 15 u
16.6834 19.5331 15 u
16.6899 19.442 15 u
16.6964 19.3509 15 u
16.7029 19.2597 15 u
16.7094 19.1686 15 u
16.7158 19.0775 15 u
16.7223 18.9864 15 u
16.7288 18.8952 15 u
16.7353 18.8041 15 u
16.7418 18.713 15 u
16.7482 18.6219 15 u
16.7547 18.5307 15 u
16.7612 18.4396 15 u
16.7677 18.3485 15 u
16.7742 18.2574 15 u
16.7806 18.1662 15 u
16.7871 18.0751 15 u
16.7936 17.984 15 u
16.8001 17.8928 15 u
16.8066 17.8017 15 u
16.813 17.7106 15 u
16.8195 17.6195 15 u
16.826 17.5283 15 u
16.8325 17.4372 15 u
16.839 17.3461 15 u
16.8454 17.255 15 u
16.8519 17.1638 15 u
16.8584 17.0727 15 u
16.8649 16.9816 15 u
16.8714 16.8905 15 u
16.8778 16.7993 15 u
16.8843 16.7082 15 u
16.8908 16.6171 15 u
16.8973 16.526 15 u
16.9038 16.4348 15 u
16.9102 16.3437 15 u
16.9167 16.2526 15 u
16.9232 16.1615 15 u
16.9297 16.0703 15 u
16.9361 15.9792 15 u
16.9426 15.8881 15 u
16.9491 15.797 15 u
16.9556 15.7058 15 u
16.9621 15.6147 15 u

