generateOriginalGeometryMesh: Original geometry mesh saved to tv_approximation_fine_L3_output_mesh_original.txt
GEOMETRY_PREFLIGHT_BEGIN [tv_approximation_fine_L3]
valid=true
patch 0: used=324, pos=0, neg=324, negRatio=1, mirrored=true
patch 1: used=324, pos=324, neg=0, negRatio=0, mirrored=false
patch 2: used=324, pos=0, neg=324, negRatio=1, mirrored=true
patch 3: used=324, pos=324, neg=0, negRatio=0, mirrored=false
patch 4: used=324, pos=324, neg=0, negRatio=0, mirrored=false
patch 5: used=324, pos=324, neg=0, negRatio=0, mirrored=false
patch 6: used=324, pos=324, neg=0, negRatio=0, mirrored=false
patch 7: used=324, pos=324, neg=0, negRatio=0, mirrored=false
patch 8: used=324, pos=0, neg=324, negRatio=1, mirrored=true
patch 9: used=324, pos=324, neg=0, negRatio=0, mirrored=false
patch 10: used=324, pos=324, neg=0, negRatio=0, mirrored=false
patch 11: used=324, pos=0, neg=324, negRatio=1, mirrored=true
patch 12: used=324, pos=0, neg=324, negRatio=1, mirrored=true
patch 13: used=324, pos=324, neg=0, negRatio=0, mirrored=false
patch 14: used=324, pos=0, neg=324, negRatio=1, mirrored=true
patch 15: used=324, pos=0, neg=324, negRatio=1, mirrored=true
mirroredCount=7
interfaces=16
interface 0: patchA=0, sideIndexA=3, patchB=7, sideIndexB=3, sideA=V0, sideB=V0, orientation=same
interface 1: patchA=0, sideIndexA=4, patchB=2, sideIndexB=4, sideA=V1, sideB=V1, orientation=reversed
interface 2: patchA=3, sideIndexA=2, patchB=4, sideIndexB=2, sideA=U1, sideB=U1, orientation=reversed
interface 3: patchA=4, sideIndexA=1, patchB=5, sideIndexB=2, sideA=U0, sideB=U1, orientation=same
interface 4: patchA=4, sideIndexA=3, patchB=13, sideIndexB=1, sideA=V0, sideB=U0, orientation=same
interface 5: patchA=8, sideIndexA=3, patchB=9, sideIndexB=4, sideA=V0, sideB=V1, orientation=reversed
interface 6: patchA=9, sideIndexA=3, patchB=10, sideIndexB=4, sideA=V0, sideB=V1, orientation=same
interface 7: patchA=10, sideIndexA=3, patchB=12, sideIndexB=2, sideA=V0, sideB=U1, orientation=same
interface 8: patchA=1, sideIndexA=2, patchB=2, sideIndexB=1, sideA=U1, sideB=U0, orientation=reversed
interface 9: patchA=1, sideIndexA=1, patchB=10, sideIndexB=1, sideA=U0, sideB=U0, orientation=reversed
interface 10: patchA=2, sideIndexA=2, patchB=3, sideIndexB=1, sideA=U1, sideB=U0, orientation=reversed
interface 11: patchA=5, sideIndexA=1, patchB=6, sideIndexB=2, sideA=U0, sideB=U1, orientation=same
interface 12: patchA=6, sideIndexA=1, patchB=7, sideIndexB=1, sideA=U0, sideB=U0, orientation=reversed
interface 13: patchA=7, sideIndexA=2, patchB=8, sideIndexB=4, sideA=U1, sideB=V1, orientation=reversed
interface 14: patchA=11, sideIndexA=2, patchB=12, sideIndexB=1, sideA=U1, sideB=U0, orientation=same
interface 15: patchA=13, sideIndexA=2, patchB=15, sideIndexB=3, sideA=U1, sideB=V0, orientation=same
GEOMETRY_PREFLIGHT_END
[feature-boundaries] requested=0
[feature-boundaries] normalized=0
interface between 0:south(3) and 7:south(3) [ 0~(+0) ]
interface between 0:north(4) and 2:north(4) [ 0~(-0) ]
interface between 3:east (2) and 4:east (2) [ 1~(-1) ]
interface between 4:west (1) and 5:east (2) [ 1~(+1) ]
interface between 4:south(3) and 13:west (1) [ 0~(+1) ]
interface between 8:south(3) and 9:north(4) [ 0~(-0) ]
interface between 9:south(3) and 10:north(4) [ 0~(+0) ]
interface between 10:south(3) and 12:east (2) [ 0~(+1) ]
[investigate-interface] twin-summary skipped: patches out of range patches=(15,20) twinsIndex.size=16 twinsPatch.size=16
Patch 0
Patch 0, level 0
-1 0 -1 
7 0 1 
-1 0 -1 
-1 0 -1 
-1 0 -1 
-1 0 -1 
-1 0 -1 
-1 0 -1 
-1 0 -1 
-1 0 -1 
-1 0 -1 
-1 0 -1 
-1 0 -1 
2 0 14 
-1 0 -1 
-1 0 -1 

Patch 0, level 1
-1 1 -1 
-1 1 -1 
7 1 2 
-1 1 -1 
-1 1 -1 
-1 1 -1 
-1 1 -1 
-1 1 -1 
-1 1 -1 
-1 1 -1 
-1 1 -1 
-1 1 -1 
-1 1 -1 
-1 1 -1 
-1 1 -1 
-1 1 -1 
-1 1 -1 
-1 1 -1 
-1 1 -1 
-1 1 -1 
-1 1 -1 
-1 1 -1 
2 1 22 
-1 1 -1 
-1 1 -1 

Patch 0, level 2
-1 2 -1 
-1 2 -1 
-1 2 -1 
7 2 3 
-1 2 -1 
-1 2 -1 
-1 2 -1 
-1 2 -1 
-1 2 -1 
-1 2 -1 
-1 2 -1 
-1 2 -1 
-1 2 -1 
-1 2 -1 
-1 2 -1 
-1 2 -1 
-1 2 -1 
-1 2 -1 
-1 2 -1 
-1 2 -1 
-1 2 -1 
-1 2 -1 
-1 2 -1 
-1 2 -1 
-1 2 -1 
-1 2 -1 
-1 2 -1 
-1 2 -1 
-1 2 -1 
-1 2 -1 
-1 2 -1 
-1 2 -1 
-1 2 -1 
-1 2 -1 
-1 2 -1 
-1 2 -1 
-1 2 -1 
-1 2 -1 
-1 2 -1 
-1 2 -1 
-1 2 -1 
-1 2 -1 
-1 2 -1 
-1 2 -1 
-1 2 -1 
2 2 45 
-1 2 -1 
-1 2 -1 
-1 2 -1 

Patch 0, level 3
-1 3 -1 
-1 3 -1 
-1 3 -1 
-1 3 -1 
7 3 4 
7 3 5 
-1 3 -1 
-1 3 -1 
-1 3 -1 
-1 3 -1 
-1 3 -1 
-1 3 -1 
-1 3 -1 
-1 3 -1 
-1 3 -1 
-1 3 -1 
-1 3 -1 
-1 3 -1 
-1 3 -1 
-1 3 -1 
-1 3 -1 
-1 3 -1 
-1 3 -1 
-1 3 -1 
-1 3 -1 
-1 3 -1 
-1 3 -1 
-1 3 -1 
-1 3 -1 
-1 3 -1 
-1 3 -1 
-1 3 -1 
-1 3 -1 
-1 3 -1 
-1 3 -1 
-1 3 -1 
-1 3 -1 
-1 3 -1 
-1 3 -1 
-1 3 -1 
-1 3 -1 
-1 3 -1 
-1 3 -1 
-1 3 -1 
-1 3 -1 
-1 3 -1 
-1 3 -1 
-1 3 -1 
-1 3 -1 
-1 3 -1 
-1 3 -1 
-1 3 -1 
-1 3 -1 
-1 3 -1 
-1 3 -1 
-1 3 -1 
-1 3 -1 
-1 3 -1 
-1 3 -1 
-1 3 -1 
-1 3 -1 
-1 3 -1 
-1 3 -1 
-1 3 -1 
-1 3 -1 
-1 3 -1 
-1 3 -1 
-1 3 -1 
-1 3 -1 
-1 3 -1 
-1 3 -1 
-1 3 -1 
-1 3 -1 
-1 3 -1 
-1 3 -1 
-1 3 -1 
-1 3 -1 
-1 3 -1 
-1 3 -1 
-1 3 -1 
-1 3 -1 
-1 3 -1 
-1 3 -1 
-1 3 -1 
-1 3 -1 
-1 3 -1 
-1 3 -1 
-1 3 -1 
-1 3 -1 
-1 3 -1 
-1 3 -1 
-1 3 -1 
-1 3 -1 
-1 3 -1 
-1 3 -1 
-1 3 -1 
-1 3 -1 
-1 3 -1 
-1 3 -1 
-1 3 -1 
-1 3 -1 
-1 3 -1 
-1 3 -1 
-1 3 -1 
-1 3 -1 
-1 3 -1 
-1 3 -1 
-1 3 -1 
-1 3 -1 
-1 3 -1 
-1 3 -1 
-1 3 -1 
-1 3 -1 
-1 3 -1 
2 3 116 
2 3 115 
-1 3 -1 
-1 3 -1 
-1 3 -1 
-1 3 -1 
-1 3 -1 


Patch 1
Patch 1, level 0
-1 0 -1 
-1 0 -1 
-1 0 -1 
-1 0 -1 
-1 0 -1 
-1 0 -1 
-1 0 -1 
-1 0 -1 
-1 0 -1 
-1 0 -1 
-1 0 -1 
-1 0 -1 
-1 0 -1 
-1 0 -1 
-1 0 -1 
-1 0 -1 

Patch 1, level 1
-1 1 -1 
-1 1 -1 
-1 1 -1 
-1 1 -1 
-1 1 -1 
-1 1 -1 
-1 1 -1 
-1 1 -1 
-1 1 -1 
-1 1 -1 
-1 1 -1 
-1 1 -1 
-1 1 -1 
-1 1 -1 
-1 1 -1 
-1 1 -1 
-1 1 -1 
-1 1 -1 
-1 1 -1 
-1 1 -1 
-1 1 -1 
-1 1 -1 
-1 1 -1 
-1 1 -1 
-1 1 -1 

Patch 1, level 2
-1 2 -1 
-1 2 -1 
-1 2 -1 
-1 2 -1 
-1 2 -1 
-1 2 -1 
-1 2 -1 
-1 2 -1 
-1 2 -1 
-1 2 -1 
-1 2 -1 
-1 2 -1 
-1 2 -1 
-1 2 -1 
-1 2 -1 
-1 2 -1 
-1 2 -1 
-1 2 -1 
-1 2 -1 
-1 2 -1 
-1 2 -1 
-1 2 -1 
-1 2 -1 
-1 2 -1 
-1 2 -1 
-1 2 -1 
-1 2 -1 
-1 2 -1 
-1 2 -1 
-1 2 -1 
-1 2 -1 
-1 2 -1 
-1 2 -1 
-1 2 -1 
-1 2 -1 
-1 2 -1 
-1 2 -1 
-1 2 -1 
-1 2 -1 
-1 2 -1 
-1 2 -1 
-1 2 -1 
-1 2 -1 
-1 2 -1 
-1 2 -1 
-1 2 -1 
-1 2 -1 
-1 2 -1 
-1 2 -1 

Patch 1, level 3
-1 3 -1 
-1 3 -1 
-1 3 -1 
-1 3 -1 
-1 3 -1 
-1 3 -1 
-1 3 -1 
-1 3 -1 
-1 3 -1 
-1 3 -1 
-1 3 -1 
-1 3 -1 
-1 3 -1 
-1 3 -1 
-1 3 -1 
-1 3 -1 
-1 3 -1 
-1 3 -1 
-1 3 -1 
-1 3 -1 
-1 3 -1 
-1 3 -1 
-1 3 -1 
-1 3 -1 
-1 3 -1 
-1 3 -1 
-1 3 -1 
-1 3 -1 
-1 3 -1 
-1 3 -1 
-1 3 -1 
-1 3 -1 
-1 3 -1 
-1 3 -1 
-1 3 -1 
-1 3 -1 
-1 3 -1 
-1 3 -1 
-1 3 -1 
-1 3 -1 
-1 3 -1 
-1 3 -1 
-1 3 -1 
-1 3 -1 
-1 3 -1 
-1 3 -1 
-1 3 -1 
-1 3 -1 
-1 3 -1 
-1 3 -1 
-1 3 -1 
-1 3 -1 
-1 3 -1 
-1 3 -1 
-1 3 -1 
-1 3 -1 
-1 3 -1 
-1 3 -1 
-1 3 -1 
-1 3 -1 
-1 3 -1 
-1 3 -1 
-1 3 -1 
-1 3 -1 
-1 3 -1 
-1 3 -1 
-1 3 -1 
-1 3 -1 
-1 3 -1 
-1 3 -1 
-1 3 -1 
-1 3 -1 
-1 3 -1 
-1 3 -1 
-1 3 -1 
-1 3 -1 
-1 3 -1 
-1 3 -1 
-1 3 -1 
-1 3 -1 
-1 3 -1 
-1 3 -1 
-1 3 -1 
-1 3 -1 
-1 3 -1 
-1 3 -1 
-1 3 -1 
-1 3 -1 
-1 3 -1 
-1 3 -1 
-1 3 -1 
-1 3 -1 
-1 3 -1 
-1 3 -1 
-1 3 -1 
-1 3 -1 
-1 3 -1 
-1 3 -1 
-1 3 -1 
-1 3 -1 
-1 3 -1 
-1 3 -1 
-1 3 -1 
-1 3 -1 
-1 3 -1 
-1 3 -1 
-1 3 -1 
-1 3 -1 
-1 3 -1 
-1 3 -1 
-1 3 -1 
-1 3 -1 
-1 3 -1 
-1 3 -1 
-1 3 -1 
-1 3 -1 
-1 3 -1 
-1 3 -1 
-1 3 -1 
-1 3 -1 
-1 3 -1 


Patch 2
Patch 2, level 0
-1 0 -1 
-1 0 -1 
-1 0 -1 
-1 0 -1 
-1 0 -1 
-1 0 -1 
-1 0 -1 
-1 0 -1 
-1 0 -1 
-1 0 -1 
-1 0 -1 
-1 0 -1 
-1 0 -1 
-1 0 -1 
0 0 13 
-1 0 -1 

Patch 2, level 1
-1 1 -1 
-1 1 -1 
-1 1 -1 
-1 1 -1 
-1 1 -1 
-1 1 -1 
-1 1 -1 
-1 1 -1 
-1 1 -1 
-1 1 -1 
-1 1 -1 
-1 1 -1 
-1 1 -1 
-1 1 -1 
-1 1 -1 
-1 1 -1 
-1 1 -1 
-1 1 -1 
-1 1 -1 
-1 1 -1 
-1 1 -1 
-1 1 -1 
0 1 22 
-1 1 -1 
-1 1 -1 

Patch 2, level 2
-1 2 -1 
-1 2 -1 
-1 2 -1 
-1 2 -1 
-1 2 -1 
-1 2 -1 
-1 2 -1 
-1 2 -1 
-1 2 -1 
-1 2 -1 
-1 2 -1 
-1 2 -1 
-1 2 -1 
-1 2 -1 
-1 2 -1 
-1 2 -1 
-1 2 -1 
-1 2 -1 
-1 2 -1 
-1 2 -1 
-1 2 -1 
-1 2 -1 
-1 2 -1 
-1 2 -1 
-1 2 -1 
-1 2 -1 
-1 2 -1 
-1 2 -1 
-1 2 -1 
-1 2 -1 
-1 2 -1 
-1 2 -1 
-1 2 -1 
-1 2 -1 
-1 2 -1 
-1 2 -1 
-1 2 -1 
-1 2 -1 
-1 2 -1 
-1 2 -1 
-1 2 -1 
-1 2 -1 
-1 2 -1 
-1 2 -1 
-1 2 -1 
0 2 45 
-1 2 -1 
-1 2 -1 
-1 2 -1 

Patch 2, level 3
-1 3 -1 
-1 3 -1 
-1 3 -1 
-1 3 -1 
-1 3 -1 
-1 3 -1 
-1 3 -1 
-1 3 -1 
-1 3 -1 
-1 3 -1 
-1 3 -1 
-1 3 -1 
-1 3 -1 
-1 3 -1 
-1 3 -1 
-1 3 -1 
-1 3 -1 
-1 3 -1 
-1 3 -1 
-1 3 -1 
-1 3 -1 
-1 3 -1 
-1 3 -1 
-1 3 -1 
-1 3 -1 
-1 3 -1 
-1 3 -1 
-1 3 -1 
-1 3 -1 
-1 3 -1 
-1 3 -1 
-1 3 -1 
-1 3 -1 
-1 3 -1 
-1 3 -1 
-1 3 -1 
-1 3 -1 
-1 3 -1 
-1 3 -1 
-1 3 -1 
-1 3 -1 
-1 3 -1 
-1 3 -1 
-1 3 -1 
-1 3 -1 
-1 3 -1 
-1 3 -1 
-1 3 -1 
-1 3 -1 
-1 3 -1 
-1 3 -1 
-1 3 -1 
-1 3 -1 
-1 3 -1 
-1 3 -1 
-1 3 -1 
-1 3 -1 
-1 3 -1 
-1 3 -1 
-1 3 -1 
-1 3 -1 
-1 3 -1 
-1 3 -1 
-1 3 -1 
-1 3 -1 
-1 3 -1 
-1 3 -1 
-1 3 -1 
-1 3 -1 
-1 3 -1 
-1 3 -1 
-1 3 -1 
-1 3 -1 
-1 3 -1 
-1 3 -1 
-1 3 -1 
-1 3 -1 
-1 3 -1 
-1 3 -1 
-1 3 -1 
-1 3 -1 
-1 3 -1 
-1 3 -1 
-1 3 -1 
-1 3 -1 
-1 3 -1 
-1 3 -1 
-1 3 -1 
-1 3 -1 
-1 3 -1 
-1 3 -1 
-1 3 -1 
-1 3 -1 
-1 3 -1 
-1 3 -1 
-1 3 -1 
-1 3 -1 
-1 3 -1 
-1 3 -1 
-1 3 -1 
-1 3 -1 
-1 3 -1 
-1 3 -1 
-1 3 -1 
-1 3 -1 
-1 3 -1 
-1 3 -1 
-1 3 -1 
-1 3 -1 
-1 3 -1 
-1 3 -1 
-1 3 -1 
-1 3 -1 
-1 3 -1 
-1 3 -1 
0 3 115 
0 3 114 
-1 3 -1 
-1 3 -1 
-1 3 -1 
-1 3 -1 


Patch 3
Patch 3, level 0
-1 0 -1 
-1 0 -1 
-1 0 -1 
4 0 15 
-1 0 -1 
-1 0 -1 
-1 0 -1 
4 0 11 
-1 0 -1 
-1 0 -1 
-1 0 -1 
-1 0 -1 
-1 0 -1 
-1 0 -1 
-1 0 -1 
-1 0 -1 

Patch 3, level 1
-1 1 -1 
-1 1 -1 
-1 1 -1 
-1 1 -1 
4 1 24 
-1 1 -1 
-1 1 -1 
-1 1 -1 
-1 1 -1 
4 1 19 
-1 1 -1 
-1 1 -1 
-1 1 -1 
-1 1 -1 
-1 1 -1 
-1 1 -1 
-1 1 -1 
-1 1 -1 
-1 1 -1 
-1 1 -1 
-1 1 -1 
-1 1 -1 
-1 1 -1 
-1 1 -1 
-1 1 -1 

Patch 3, level 2
-1 2 -1 
-1 2 -1 
-1 2 -1 
-1 2 -1 
-1 2 -1 
-1 2 -1 
4 2 48 
-1 2 -1 
-1 2 -1 
-1 2 -1 
-1 2 -1 
-1 2 -1 
-1 2 -1 
4 2 41 
-1 2 -1 
-1 2 -1 
-1 2 -1 
-1 2 -1 
-1 2 -1 
-1 2 -1 
4 2 34 
-1 2 -1 
-1 2 -1 
-1 2 -1 
-1 2 -1 
-1 2 -1 
-1 2 -1 
-1 2 -1 
-1 2 -1 
-1 2 -1 
-1 2 -1 
-1 2 -1 
-1 2 -1 
-1 2 -1 
-1 2 -1 
-1 2 -1 
-1 2 -1 
-1 2 -1 
-1 2 -1 
-1 2 -1 
-1 2 -1 
-1 2 -1 
-1 2 -1 
-1 2 -1 
-1 2 -1 
-1 2 -1 
-1 2 -1 
-1 2 -1 
-1 2 -1 

Patch 3, level 3
-1 3 -1 
-1 3 -1 
-1 3 -1 
-1 3 -1 
-1 3 -1 
-1 3 -1 
-1 3 -1 
-1 3 -1 
-1 3 -1 
-1 3 -1 
4 3 120 
-1 3 -1 
-1 3 -1 
-1 3 -1 
-1 3 -1 
-1 3 -1 
-1 3 -1 
-1 3 -1 
-1 3 -1 
-1 3 -1 
-1 3 -1 
4 3 109 
-1 3 -1 
-1 3 -1 
-1 3 -1 
-1 3 -1 
-1 3 -1 
-1 3 -1 
-1 3 -1 
-1 3 -1 
-1 3 -1 
-1 3 -1 
4 3 98 
-1 3 -1 
-1 3 -1 
-1 3 -1 
-1 3 -1 
-1 3 -1 
-1 3 -1 
-1 3 -1 
-1 3 -1 
-1 3 -1 
-1 3 -1 
4 3 87 
-1 3 -1 
-1 3 -1 
-1 3 -1 
-1 3 -1 
-1 3 -1 
-1 3 -1 
-1 3 -1 
-1 3 -1 
-1 3 -1 
-1 3 -1 
-1 3 -1 
-1 3 -1 
-1 3 -1 
-1 3 -1 
-1 3 -1 
-1 3 -1 
-1 3 -1 
-1 3 -1 
-1 3 -1 
-1 3 -1 
-1 3 -1 
-1 3 -1 
-1 3 -1 
-1 3 -1 
-1 3 -1 
-1 3 -1 
-1 3 -1 
-1 3 -1 
-1 3 -1 
-1 3 -1 
-1 3 -1 
-1 3 -1 
-1 3 -1 
-1 3 -1 
-1 3 -1 
-1 3 -1 
-1 3 -1 
-1 3 -1 
-1 3 -1 
-1 3 -1 
-1 3 -1 
-1 3 -1 
-1 3 -1 
-1 3 -1 
-1 3 -1 
-1 3 -1 
-1 3 -1 
-1 3 -1 
-1 3 -1 
-1 3 -1 
-1 3 -1 
-1 3 -1 
-1 3 -1 
-1 3 -1 
-1 3 -1 
-1 3 -1 
-1 3 -1 
-1 3 -1 
-1 3 -1 
-1 3 -1 
-1 3 -1 
-1 3 -1 
-1 3 -1 
-1 3 -1 
-1 3 -1 
-1 3 -1 
-1 3 -1 
-1 3 -1 
-1 3 -1 
-1 3 -1 
-1 3 -1 
-1 3 -1 
-1 3 -1 
-1 3 -1 
-1 3 -1 
-1 3 -1 
-1 3 -1 


Patch 4
Patch 4, level 0
5 0 3 13 0 0 
13 0 4 
13 0 8 
13 0 12 
5 0 7 
-1 0 -1 
-1 0 -1 
-1 0 -1 
5 0 11 
-1 0 -1 
-1 0 -1 
3 0 7 
5 0 15 
-1 0 -1 
-1 0 -1 
3 0 3 

Patch 4, level 1
5 1 4 13 1 0 
13 1 5 
13 1 10 
13 1 15 
13 1 20 
5 1 9 
-1 1 -1 
-1 1 -1 
-1 1 -1 
-1 1 -1 
5 1 14 
-1 1 -1 
-1 1 -1 
-1 1 -1 
-1 1 -1 
5 1 19 
-1 1 -1 
-1 1 -1 
-1 1 -1 
3 1 9 
5 1 24 
-1 1 -1 
-1 1 -1 
-1 1 -1 
3 1 4 

Patch 4, level 2
5 2 6 13 2 0 
13 2 7 
13 2 14 
13 2 21 
13 2 28 
13 2 35 
13 2 42 
5 2 13 
-1 2 -1 
-1 2 -1 
-1 2 -1 
-1 2 -1 
-1 2 -1 
-1 2 -1 
5 2 20 
-1 2 -1 
-1 2 -1 
-1 2 -1 
-1 2 -1 
-1 2 -1 
-1 2 -1 
5 2 27 
-1 2 -1 
-1 2 -1 
-1 2 -1 
-1 2 -1 
-1 2 -1 
-1 2 -1 
5 2 34 
-1 2 -1 
-1 2 -1 
-1 2 -1 
-1 2 -1 
-1 2 -1 
3 2 20 
5 2 41 
-1 2 -1 
-1 2 -1 
-1 2 -1 
-1 2 -1 
-1 2 -1 
3 2 13 
5 2 48 
-1 2 -1 
-1 2 -1 
-1 2 -1 
-1 2 -1 
-1 2 -1 
3 2 6 

Patch 4, level 3
5 3 10 13 3 0 
13 3 11 
13 3 22 
13 3 33 
13 3 44 
13 3 55 
13 3 66 
13 3 77 
13 3 88 
13 3 99 
13 3 110 
5 3 21 
-1 3 -1 
-1 3 -1 
-1 3 -1 
-1 3 -1 
-1 3 -1 
-1 3 -1 
-1 3 -1 
-1 3 -1 
-1 3 -1 
-1 3 -1 
5 3 32 
-1 3 -1 
-1 3 -1 
-1 3 -1 
-1 3 -1 
-1 3 -1 
-1 3 -1 
-1 3 -1 
-1 3 -1 
-1 3 -1 
-1 3 -1 
5 3 43 
-1 3 -1 
-1 3 -1 
-1 3 -1 
-1 3 -1 
-1 3 -1 
-1 3 -1 
-1 3 -1 
-1 3 -1 
-1 3 -1 
-1 3 -1 
5 3 54 
-1 3 -1 
-1 3 -1 
-1 3 -1 
-1 3 -1 
-1 3 -1 
-1 3 -1 
-1 3 -1 
-1 3 -1 
-1 3 -1 
-1 3 -1 
5 3 65 
-1 3 -1 
-1 3 -1 
-1 3 -1 
-1 3 -1 
-1 3 -1 
-1 3 -1 
-1 3 -1 
-1 3 -1 
-1 3 -1 
-1 3 -1 
5 3 76 
-1 3 -1 
-1 3 -1 
-1 3 -1 
-1 3 -1 
-1 3 -1 
-1 3 -1 
-1 3 -1 
-1 3 -1 
-1 3 -1 
-1 3 -1 
5 3 87 
-1 3 -1 
-1 3 -1 
-1 3 -1 
-1 3 -1 
-1 3 -1 
-1 3 -1 
-1 3 -1 
-1 3 -1 
-1 3 -1 
3 3 43 
5 3 98 
-1 3 -1 
-1 3 -1 
-1 3 -1 
-1 3 -1 
-1 3 -1 
-1 3 -1 
-1 3 -1 
-1 3 -1 
-1 3 -1 
3 3 32 
5 3 109 
-1 3 -1 
-1 3 -1 
-1 3 -1 
-1 3 -1 
-1 3 -1 
-1 3 -1 
-1 3 -1 
-1 3 -1 
-1 3 -1 
3 3 21 
5 3 120 
-1 3 -1 
-1 3 -1 
-1 3 -1 
-1 3 -1 
-1 3 -1 
-1 3 -1 
-1 3 -1 
-1 3 -1 
-1 3 -1 
3 3 10 


Patch 5
Patch 5, level 0
-1 0 -1 
-1 0 -1 
-1 0 -1 
4 0 0 13 0 0 
-1 0 -1 
-1 0 -1 
-1 0 -1 
4 0 4 
-1 0 -1 
-1 0 -1 
-1 0 -1 
4 0 8 
-1 0 -1 
-1 0 -1 
-1 0 -1 
4 0 12 

Patch 5, level 1
-1 1 -1 
-1 1 -1 
-1 1 -1 
-1 1 -1 
4 1 0 13 1 0 
-1 1 -1 
-1 1 -1 
-1 1 -1 
-1 1 -1 
4 1 5 
-1 1 -1 
-1 1 -1 
-1 1 -1 
-1 1 -1 
4 1 10 
-1 1 -1 
-1 1 -1 
-1 1 -1 
-1 1 -1 
4 1 15 
-1 1 -1 
-1 1 -1 
-1 1 -1 
-1 1 -1 
4 1 20 

Patch 5, level 2
-1 2 -1 
-1 2 -1 
-1 2 -1 
-1 2 -1 
-1 2 -1 
-1 2 -1 
4 2 0 13 2 0 
-1 2 -1 
-1 2 -1 
-1 2 -1 
-1 2 -1 
-1 2 -1 
-1 2 -1 
4 2 7 
-1 2 -1 
-1 2 -1 
-1 2 -1 
-1 2 -1 
-1 2 -1 
-1 2 -1 
4 2 14 
-1 2 -1 
-1 2 -1 
-1 2 -1 
-1 2 -1 
-1 2 -1 
-1 2 -1 
4 2 21 
-1 2 -1 
-1 2 -1 
-1 2 -1 
-1 2 -1 
-1 2 -1 
-1 2 -1 
4 2 28 
-1 2 -1 
-1 2 -1 
-1 2 -1 
-1 2 -1 
-1 2 -1 
-1 2 -1 
4 2 35 
-1 2 -1 
-1 2 -1 
-1 2 -1 
-1 2 -1 
-1 2 -1 
-1 2 -1 
4 2 42 

Patch 5, level 3
-1 3 -1 
-1 3 -1 
-1 3 -1 
-1 3 -1 
-1 3 -1 
-1 3 -1 
-1 3 -1 
-1 3 -1 
-1 3 -1 
-1 3 -1 
4 3 0 13 3 0 
-1 3 -1 
-1 3 -1 
-1 3 -1 
-1 3 -1 
-1 3 -1 
-1 3 -1 
-1 3 -1 
-1 3 -1 
-1 3 -1 
-1 3 -1 
4 3 11 
-1 3 -1 
-1 3 -1 
-1 3 -1 
-1 3 -1 
-1 3 -1 
-1 3 -1 
-1 3 -1 
-1 3 -1 
-1 3 -1 
-1 3 -1 
4 3 22 
-1 3 -1 
-1 3 -1 
-1 3 -1 
-1 3 -1 
-1 3 -1 
-1 3 -1 
-1 3 -1 
-1 3 -1 
-1 3 -1 
-1 3 -1 
4 3 33 
-1 3 -1 
-1 3 -1 
-1 3 -1 
-1 3 -1 
-1 3 -1 
-1 3 -1 
-1 3 -1 
-1 3 -1 
-1 3 -1 
-1 3 -1 
4 3 44 
-1 3 -1 
-1 3 -1 
-1 3 -1 
-1 3 -1 
-1 3 -1 
-1 3 -1 
-1 3 -1 
-1 3 -1 
-1 3 -1 
-1 3 -1 
4 3 55 
-1 3 -1 
-1 3 -1 
-1 3 -1 
-1 3 -1 
-1 3 -1 
-1 3 -1 
-1 3 -1 
-1 3 -1 
-1 3 -1 
-1 3 -1 
4 3 66 
-1 3 -1 
-1 3 -1 
-1 3 -1 
-1 3 -1 
-1 3 -1 
-1 3 -1 
-1 3 -1 
-1 3 -1 
-1 3 -1 
-1 3 -1 
4 3 77 
-1 3 -1 
-1 3 -1 
-1 3 -1 
-1 3 -1 
-1 3 -1 
-1 3 -1 
-1 3 -1 
-1 3 -1 
-1 3 -1 
-1 3 -1 
4 3 88 
-1 3 -1 
-1 3 -1 
-1 3 -1 
-1 3 -1 
-1 3 -1 
-1 3 -1 
-1 3 -1 
-1 3 -1 
-1 3 -1 
-1 3 -1 
4 3 99 
-1 3 -1 
-1 3 -1 
-1 3 -1 
-1 3 -1 
-1 3 -1 
-1 3 -1 
-1 3 -1 
-1 3 -1 
-1 3 -1 
-1 3 -1 
4 3 110 


Patch 6
Patch 6, level 0
-1 0 -1 
-1 0 -1 
-1 0 -1 
-1 0 -1 
-1 0 -1 
-1 0 -1 
-1 0 -1 
-1 0 -1 
-1 0 -1 
-1 0 -1 
-1 0 -1 
-1 0 -1 
-1 0 -1 
-1 0 -1 
-1 0 -1 
-1 0 -1 

Patch 6, level 1
-1 1 -1 
-1 1 -1 
-1 1 -1 
-1 1 -1 
-1 1 -1 
-1 1 -1 
-1 1 -1 
-1 1 -1 
-1 1 -1 
-1 1 -1 
-1 1 -1 
-1 1 -1 
-1 1 -1 
-1 1 -1 
-1 1 -1 
-1 1 -1 
-1 1 -1 
-1 1 -1 
-1 1 -1 
-1 1 -1 
-1 1 -1 
-1 1 -1 
-1 1 -1 
-1 1 -1 
-1 1 -1 

Patch 6, level 2
-1 2 -1 
-1 2 -1 
-1 2 -1 
-1 2 -1 
-1 2 -1 
-1 2 -1 
-1 2 -1 
-1 2 -1 
-1 2 -1 
-1 2 -1 
-1 2 -1 
-1 2 -1 
-1 2 -1 
-1 2 -1 
-1 2 -1 
-1 2 -1 
-1 2 -1 
-1 2 -1 
-1 2 -1 
-1 2 -1 
-1 2 -1 
-1 2 -1 
-1 2 -1 
-1 2 -1 
-1 2 -1 
-1 2 -1 
-1 2 -1 
-1 2 -1 
-1 2 -1 
-1 2 -1 
-1 2 -1 
-1 2 -1 
-1 2 -1 
-1 2 -1 
-1 2 -1 
-1 2 -1 
-1 2 -1 
-1 2 -1 
-1 2 -1 
-1 2 -1 
-1 2 -1 
-1 2 -1 
-1 2 -1 
-1 2 -1 
-1 2 -1 
-1 2 -1 
-1 2 -1 
-1 2 -1 
-1 2 -1 

Patch 6, level 3
-1 3 -1 
-1 3 -1 
-1 3 -1 
-1 3 -1 
-1 3 -1 
-1 3 -1 
-1 3 -1 
-1 3 -1 
-1 3 -1 
-1 3 -1 
-1 3 -1 
-1 3 -1 
-1 3 -1 
-1 3 -1 
-1 3 -1 
-1 3 -1 
-1 3 -1 
-1 3 -1 
-1 3 -1 
-1 3 -1 
-1 3 -1 
-1 3 -1 
-1 3 -1 
-1 3 -1 
-1 3 -1 
-1 3 -1 
-1 3 -1 
-1 3 -1 
-1 3 -1 
-1 3 -1 
-1 3 -1 
-1 3 -1 
-1 3 -1 
-1 3 -1 
-1 3 -1 
-1 3 -1 
-1 3 -1 
-1 3 -1 
-1 3 -1 
-1 3 -1 
-1 3 -1 
-1 3 -1 
-1 3 -1 
-1 3 -1 
-1 3 -1 
-1 3 -1 
-1 3 -1 
-1 3 -1 
-1 3 -1 
-1 3 -1 
-1 3 -1 
-1 3 -1 
-1 3 -1 
-1 3 -1 
-1 3 -1 
-1 3 -1 
-1 3 -1 
-1 3 -1 
-1 3 -1 
-1 3 -1 
-1 3 -1 
-1 3 -1 
-1 3 -1 
-1 3 -1 
-1 3 -1 
-1 3 -1 
-1 3 -1 
-1 3 -1 
-1 3 -1 
-1 3 -1 
-1 3 -1 
-1 3 -1 
-1 3 -1 
-1 3 -1 
-1 3 -1 
-1 3 -1 
-1 3 -1 
-1 3 -1 
-1 3 -1 
-1 3 -1 
-1 3 -1 
-1 3 -1 
-1 3 -1 
-1 3 -1 
-1 3 -1 
-1 3 -1 
-1 3 -1 
-1 3 -1 
-1 3 -1 
-1 3 -1 
-1 3 -1 
-1 3 -1 
-1 3 -1 
-1 3 -1 
-1 3 -1 
-1 3 -1 
-1 3 -1 
-1 3 -1 
-1 3 -1 
-1 3 -1 
-1 3 -1 
-1 3 -1 
-1 3 -1 
-1 3 -1 
-1 3 -1 
-1 3 -1 
-1 3 -1 
-1 3 -1 
-1 3 -1 
-1 3 -1 
-1 3 -1 
-1 3 -1 
-1 3 -1 
-1 3 -1 
-1 3 -1 
-1 3 -1 
-1 3 -1 
-1 3 -1 
-1 3 -1 
-1 3 -1 
-1 3 -1 


Patch 7
Patch 7, level 0
-1 0 -1 
0 0 1 
-1 0 -1 
-1 0 -1 
-1 0 -1 
-1 0 -1 
-1 0 -1 
-1 0 -1 
-1 0 -1 
-1 0 -1 
-1 0 -1 
-1 0 -1 
-1 0 -1 
-1 0 -1 
-1 0 -1 
-1 0 -1 

Patch 7, level 1
-1 1 -1 
-1 1 -1 
0 1 2 
-1 1 -1 
-1 1 -1 
-1 1 -1 
-1 1 -1 
-1 1 -1 
-1 1 -1 
-1 1 -1 
-1 1 -1 
-1 1 -1 
-1 1 -1 
-1 1 -1 
-1 1 -1 
-1 1 -1 
-1 1 -1 
-1 1 -1 
-1 1 -1 
-1 1 -1 
-1 1 -1 
-1 1 -1 
-1 1 -1 
-1 1 -1 
-1 1 -1 

Patch 7, level 2
-1 2 -1 
-1 2 -1 
-1 2 -1 
0 2 3 
-1 2 -1 
-1 2 -1 
-1 2 -1 
-1 2 -1 
-1 2 -1 
-1 2 -1 
-1 2 -1 
-1 2 -1 
-1 2 -1 
-1 2 -1 
-1 2 -1 
-1 2 -1 
-1 2 -1 
-1 2 -1 
-1 2 -1 
-1 2 -1 
-1 2 -1 
-1 2 -1 
-1 2 -1 
-1 2 -1 
-1 2 -1 
-1 2 -1 
-1 2 -1 
-1 2 -1 
-1 2 -1 
-1 2 -1 
-1 2 -1 
-1 2 -1 
-1 2 -1 
-1 2 -1 
-1 2 -1 
-1 2 -1 
-1 2 -1 
-1 2 -1 
-1 2 -1 
-1 2 -1 
-1 2 -1 
-1 2 -1 
-1 2 -1 
-1 2 -1 
-1 2 -1 
-1 2 -1 
-1 2 -1 
-1 2 -1 
-1 2 -1 

Patch 7, level 3
-1 3 -1 
-1 3 -1 
-1 3 -1 
-1 3 -1 
0 3 4 
0 3 5 
-1 3 -1 
-1 3 -1 
-1 3 -1 
-1 3 -1 
-1 3 -1 
-1 3 -1 
-1 3 -1 
-1 3 -1 
-1 3 -1 
-1 3 -1 
-1 3 -1 
-1 3 -1 
-1 3 -1 
-1 3 -1 
-1 3 -1 
-1 3 -1 
-1 3 -1 
-1 3 -1 
-1 3 -1 
-1 3 -1 
-1 3 -1 
-1 3 -1 
-1 3 -1 
-1 3 -1 
-1 3 -1 
-1 3 -1 
-1 3 -1 
-1 3 -1 
-1 3 -1 
-1 3 -1 
-1 3 -1 
-1 3 -1 
-1 3 -1 
-1 3 -1 
-1 3 -1 
-1 3 -1 
-1 3 -1 
-1 3 -1 
-1 3 -1 
-1 3 -1 
-1 3 -1 
-1 3 -1 
-1 3 -1 
-1 3 -1 
-1 3 -1 
-1 3 -1 
-1 3 -1 
-1 3 -1 
-1 3 -1 
-1 3 -1 
-1 3 -1 
-1 3 -1 
-1 3 -1 
-1 3 -1 
-1 3 -1 
-1 3 -1 
-1 3 -1 
-1 3 -1 
-1 3 -1 
-1 3 -1 
-1 3 -1 
-1 3 -1 
-1 3 -1 
-1 3 -1 
-1 3 -1 
-1 3 -1 
-1 3 -1 
-1 3 -1 
-1 3 -1 
-1 3 -1 
-1 3 -1 
-1 3 -1 
-1 3 -1 
-1 3 -1 
-1 3 -1 
-1 3 -1 
-1 3 -1 
-1 3 -1 
-1 3 -1 
-1 3 -1 
-1 3 -1 
-1 3 -1 
-1 3 -1 
-1 3 -1 
-1 3 -1 
-1 3 -1 
-1 3 -1 
-1 3 -1 
-1 3 -1 
-1 3 -1 
-1 3 -1 
-1 3 -1 
-1 3 -1 
-1 3 -1 
-1 3 -1 
-1 3 -1 
-1 3 -1 
-1 3 -1 
-1 3 -1 
-1 3 -1 
-1 3 -1 
-1 3 -1 
-1 3 -1 
-1 3 -1 
-1 3 -1 
-1 3 -1 
-1 3 -1 
-1 3 -1 
-1 3 -1 
-1 3 -1 
-1 3 -1 
-1 3 -1 
-1 3 -1 
-1 3 -1 
-1 3 -1 


Patch 8
Patch 8, level 0
-1 0 -1 
-1 0 -1 
-1 0 -1 
-1 0 -1 
-1 0 -1 
-1 0 -1 
-1 0 -1 
-1 0 -1 
-1 0 -1 
-1 0 -1 
-1 0 -1 
-1 0 -1 
-1 0 -1 
-1 0 -1 
-1 0 -1 
-1 0 -1 

Patch 8, level 1
-1 1 -1 
-1 1 -1 
-1 1 -1 
-1 1 -1 
-1 1 -1 
-1 1 -1 
-1 1 -1 
-1 1 -1 
-1 1 -1 
-1 1 -1 
-1 1 -1 
-1 1 -1 
-1 1 -1 
-1 1 -1 
-1 1 -1 
-1 1 -1 
-1 1 -1 
-1 1 -1 
-1 1 -1 
-1 1 -1 
-1 1 -1 
-1 1 -1 
-1 1 -1 
-1 1 -1 
-1 1 -1 

Patch 8, level 2
-1 2 -1 
-1 2 -1 
-1 2 -1 
-1 2 -1 
-1 2 -1 
-1 2 -1 
-1 2 -1 
-1 2 -1 
-1 2 -1 
-1 2 -1 
-1 2 -1 
-1 2 -1 
-1 2 -1 
-1 2 -1 
-1 2 -1 
-1 2 -1 
-1 2 -1 
-1 2 -1 
-1 2 -1 
-1 2 -1 
-1 2 -1 
-1 2 -1 
-1 2 -1 
-1 2 -1 
-1 2 -1 
-1 2 -1 
-1 2 -1 
-1 2 -1 
-1 2 -1 
-1 2 -1 
-1 2 -1 
-1 2 -1 
-1 2 -1 
-1 2 -1 
-1 2 -1 
-1 2 -1 
-1 2 -1 
-1 2 -1 
-1 2 -1 
-1 2 -1 
-1 2 -1 
-1 2 -1 
-1 2 -1 
-1 2 -1 
-1 2 -1 
-1 2 -1 
-1 2 -1 
-1 2 -1 
-1 2 -1 

Patch 8, level 3
-1 3 -1 
-1 3 -1 
-1 3 -1 
-1 3 -1 
-1 3 -1 
-1 3 -1 
-1 3 -1 
-1 3 -1 
-1 3 -1 
-1 3 -1 
-1 3 -1 
-1 3 -1 
-1 3 -1 
-1 3 -1 
-1 3 -1 
-1 3 -1 
-1 3 -1 
-1 3 -1 
-1 3 -1 
-1 3 -1 
-1 3 -1 
-1 3 -1 
-1 3 -1 
-1 3 -1 
-1 3 -1 
-1 3 -1 
-1 3 -1 
-1 3 -1 
-1 3 -1 
-1 3 -1 
-1 3 -1 
-1 3 -1 
-1 3 -1 
-1 3 -1 
-1 3 -1 
-1 3 -1 
-1 3 -1 
-1 3 -1 
-1 3 -1 
-1 3 -1 
-1 3 -1 
-1 3 -1 
-1 3 -1 
-1 3 -1 
-1 3 -1 
-1 3 -1 
-1 3 -1 
-1 3 -1 
-1 3 -1 
-1 3 -1 
-1 3 -1 
-1 3 -1 
-1 3 -1 
-1 3 -1 
-1 3 -1 
-1 3 -1 
-1 3 -1 
-1 3 -1 
-1 3 -1 
-1 3 -1 
-1 3 -1 
-1 3 -1 
-1 3 -1 
-1 3 -1 
-1 3 -1 
-1 3 -1 
-1 3 -1 
-1 3 -1 
-1 3 -1 
-1 3 -1 
-1 3 -1 
-1 3 -1 
-1 3 -1 
-1 3 -1 
-1 3 -1 
-1 3 -1 
-1 3 -1 
-1 3 -1 
-1 3 -1 
-1 3 -1 
-1 3 -1 
-1 3 -1 
-1 3 -1 
-1 3 -1 
-1 3 -1 
-1 3 -1 
-1 3 -1 
-1 3 -1 
-1 3 -1 
-1 3 -1 
-1 3 -1 
-1 3 -1 
-1 3 -1 
-1 3 -1 
-1 3 -1 
-1 3 -1 
-1 3 -1 
-1 3 -1 
-1 3 -1 
-1 3 -1 
-1 3 -1 
-1 3 -1 
-1 3 -1 
-1 3 -1 
-1 3 -1 
-1 3 -1 
-1 3 -1 
-1 3 -1 
-1 3 -1 
-1 3 -1 
-1 3 -1 
-1 3 -1 
-1 3 -1 
-1 3 -1 
-1 3 -1 
-1 3 -1 
-1 3 -1 
-1 3 -1 
-1 3 -1 
-1 3 -1 
-1 3 -1 


Patch 9
Patch 9, level 0
10 0 12 
10 0 13 
10 0 14 
10 0 15 
-1 0 -1 
-1 0 -1 
-1 0 -1 
-1 0 -1 
-1 0 -1 
-1 0 -1 
-1 0 -1 
-1 0 -1 
-1 0 -1 
-1 0 -1 
-1 0 -1 
-1 0 -1 

Patch 9, level 1
10 1 20 
10 1 21 
10 1 22 
10 1 23 
10 1 24 
-1 1 -1 
-1 1 -1 
-1 1 -1 
-1 1 -1 
-1 1 -1 
-1 1 -1 
-1 1 -1 
-1 1 -1 
-1 1 -1 
-1 1 -1 
-1 1 -1 
-1 1 -1 
-1 1 -1 
-1 1 -1 
-1 1 -1 
-1 1 -1 
-1 1 -1 
-1 1 -1 
-1 1 -1 
-1 1 -1 

Patch 9, level 2
10 2 42 
10 2 43 
10 2 44 
10 2 45 
10 2 46 
10 2 47 
10 2 48 
-1 2 -1 
-1 2 -1 
-1 2 -1 
-1 2 -1 
-1 2 -1 
-1 2 -1 
-1 2 -1 
-1 2 -1 
-1 2 -1 
-1 2 -1 
-1 2 -1 
-1 2 -1 
-1 2 -1 
-1 2 -1 
-1 2 -1 
-1 2 -1 
-1 2 -1 
-1 2 -1 
-1 2 -1 
-1 2 -1 
-1 2 -1 
-1 2 -1 
-1 2 -1 
-1 2 -1 
-1 2 -1 
-1 2 -1 
-1 2 -1 
-1 2 -1 
-1 2 -1 
-1 2 -1 
-1 2 -1 
-1 2 -1 
-1 2 -1 
-1 2 -1 
-1 2 -1 
-1 2 -1 
-1 2 -1 
-1 2 -1 
-1 2 -1 
-1 2 -1 
-1 2 -1 
-1 2 -1 

Patch 9, level 3
10 3 110 
10 3 111 
10 3 112 
10 3 113 
10 3 114 
10 3 115 
10 3 116 
10 3 117 
10 3 118 
10 3 119 
10 3 120 
-1 3 -1 
-1 3 -1 
-1 3 -1 
-1 3 -1 
-1 3 -1 
-1 3 -1 
-1 3 -1 
-1 3 -1 
-1 3 -1 
-1 3 -1 
-1 3 -1 
-1 3 -1 
-1 3 -1 
-1 3 -1 
-1 3 -1 
-1 3 -1 
-1 3 -1 
-1 3 -1 
-1 3 -1 
-1 3 -1 
-1 3 -1 
-1 3 -1 
-1 3 -1 
-1 3 -1 
-1 3 -1 
-1 3 -1 
-1 3 -1 
-1 3 -1 
-1 3 -1 
-1 3 -1 
-1 3 -1 
-1 3 -1 
-1 3 -1 
-1 3 -1 
-1 3 -1 
-1 3 -1 
-1 3 -1 
-1 3 -1 
-1 3 -1 
-1 3 -1 
-1 3 -1 
-1 3 -1 
-1 3 -1 
-1 3 -1 
-1 3 -1 
-1 3 -1 
-1 3 -1 
-1 3 -1 
-1 3 -1 
-1 3 -1 
-1 3 -1 
-1 3 -1 
-1 3 -1 
-1 3 -1 
-1 3 -1 
-1 3 -1 
-1 3 -1 
-1 3 -1 
-1 3 -1 
-1 3 -1 
-1 3 -1 
-1 3 -1 
-1 3 -1 
-1 3 -1 
-1 3 -1 
-1 3 -1 
-1 3 -1 
-1 3 -1 
-1 3 -1 
-1 3 -1 
-1 3 -1 
-1 3 -1 
-1 3 -1 
-1 3 -1 
-1 3 -1 
-1 3 -1 
-1 3 -1 
-1 3 -1 
-1 3 -1 
-1 3 -1 
-1 3 -1 
-1 3 -1 
-1 3 -1 
-1 3 -1 
-1 3 -1 
-1 3 -1 
-1 3 -1 
-1 3 -1 
-1 3 -1 
-1 3 -1 
-1 3 -1 
-1 3 -1 
-1 3 -1 
-1 3 -1 
-1 3 -1 
-1 3 -1 
-1 3 -1 
-1 3 -1 
-1 3 -1 
-1 3 -1 
-1 3 -1 
-1 3 -1 
-1 3 -1 
-1 3 -1 
-1 3 -1 
-1 3 -1 
-1 3 -1 
-1 3 -1 
-1 3 -1 
-1 3 -1 


Patch 10
Patch 10, level 0
12 0 3 
12 0 7 
12 0 11 
12 0 15 
-1 0 -1 
-1 0 -1 
-1 0 -1 
-1 0 -1 
-1 0 -1 
-1 0 -1 
-1 0 -1 
-1 0 -1 
9 0 0 
9 0 1 
9 0 2 
9 0 3 

Patch 10, level 1
12 1 4 
12 1 9 
12 1 14 
12 1 19 
12 1 24 
-1 1 -1 
-1 1 -1 
-1 1 -1 
-1 1 -1 
-1 1 -1 
-1 1 -1 
-1 1 -1 
-1 1 -1 
-1 1 -1 
-1 1 -1 
-1 1 -1 
-1 1 -1 
-1 1 -1 
-1 1 -1 
-1 1 -1 
9 1 0 
9 1 1 
9 1 2 
9 1 3 
9 1 4 

Patch 10, level 2
12 2 6 
12 2 13 
12 2 20 
12 2 27 
12 2 34 
12 2 41 
12 2 48 
-1 2 -1 
-1 2 -1 
-1 2 -1 
-1 2 -1 
-1 2 -1 
-1 2 -1 
-1 2 -1 
-1 2 -1 
-1 2 -1 
-1 2 -1 
-1 2 -1 
-1 2 -1 
-1 2 -1 
-1 2 -1 
-1 2 -1 
-1 2 -1 
-1 2 -1 
-1 2 -1 
-1 2 -1 
-1 2 -1 
-1 2 -1 
-1 2 -1 
-1 2 -1 
-1 2 -1 
-1 2 -1 
-1 2 -1 
-1 2 -1 
-1 2 -1 
-1 2 -1 
-1 2 -1 
-1 2 -1 
-1 2 -1 
-1 2 -1 
-1 2 -1 
-1 2 -1 
9 2 0 
9 2 1 
9 2 2 
9 2 3 
9 2 4 
9 2 5 
9 2 6 

Patch 10, level 3
12 3 10 
12 3 21 
12 3 32 
12 3 43 
12 3 54 
12 3 65 
12 3 76 
12 3 87 
12 3 98 
12 3 109 
12 3 120 
-1 3 -1 
-1 3 -1 
-1 3 -1 
-1 3 -1 
-1 3 -1 
-1 3 -1 
-1 3 -1 
-1 3 -1 
-1 3 -1 
-1 3 -1 
-1 3 -1 
-1 3 -1 
-1 3 -1 
-1 3 -1 
-1 3 -1 
-1 3 -1 
-1 3 -1 
-1 3 -1 
-1 3 -1 
-1 3 -1 
-1 3 -1 
-1 3 -1 
-1 3 -1 
-1 3 -1 
-1 3 -1 
-1 3 -1 
-1 3 -1 
-1 3 -1 
-1 3 -1 
-1 3 -1 
-1 3 -1 
-1 3 -1 
-1 3 -1 
-1 3 -1 
-1 3 -1 
-1 3 -1 
-1 3 -1 
-1 3 -1 
-1 3 -1 
-1 3 -1 
-1 3 -1 
-1 3 -1 
-1 3 -1 
-1 3 -1 
-1 3 -1 
-1 3 -1 
-1 3 -1 
-1 3 -1 
-1 3 -1 
-1 3 -1 
-1 3 -1 
-1 3 -1 
-1 3 -1 
-1 3 -1 
-1 3 -1 
-1 3 -1 
-1 3 -1 
-1 3 -1 
-1 3 -1 
-1 3 -1 
-1 3 -1 
-1 3 -1 
-1 3 -1 
-1 3 -1 
-1 3 -1 
-1 3 -1 
-1 3 -1 
-1 3 -1 
-1 3 -1 
-1 3 -1 
-1 3 -1 
-1 3 -1 
-1 3 -1 
-1 3 -1 
-1 3 -1 
-1 3 -1 
-1 3 -1 
-1 3 -1 
-1 3 -1 
-1 3 -1 
-1 3 -1 
-1 3 -1 
-1 3 -1 
-1 3 -1 
-1 3 -1 
-1 3 -1 
-1 3 -1 
-1 3 -1 
-1 3 -1 
-1 3 -1 
-1 3 -1 
-1 3 -1 
-1 3 -1 
-1 3 -1 
-1 3 -1 
-1 3 -1 
-1 3 -1 
-1 3 -1 
-1 3 -1 
9 3 0 
9 3 1 
9 3 2 
9 3 3 
9 3 4 
9 3 5 
9 3 6 
9 3 7 
9 3 8 
9 3 9 
9 3 10 


Patch 11
Patch 11, level 0
-1 0 -1 
-1 0 -1 
-1 0 -1 
-1 0 -1 
-1 0 -1 
-1 0 -1 
-1 0 -1 
-1 0 -1 
-1 0 -1 
-1 0 -1 
-1 0 -1 
-1 0 -1 
-1 0 -1 
-1 0 -1 
-1 0 -1 
-1 0 -1 

Patch 11, level 1
-1 1 -1 
-1 1 -1 
-1 1 -1 
-1 1 -1 
-1 1 -1 
-1 1 -1 
-1 1 -1 
-1 1 -1 
-1 1 -1 
-1 1 -1 
-1 1 -1 
-1 1 -1 
-1 1 -1 
-1 1 -1 
-1 1 -1 
-1 1 -1 
-1 1 -1 
-1 1 -1 
-1 1 -1 
-1 1 -1 
-1 1 -1 
-1 1 -1 
-1 1 -1 
-1 1 -1 
-1 1 -1 

Patch 11, level 2
-1 2 -1 
-1 2 -1 
-1 2 -1 
-1 2 -1 
-1 2 -1 
-1 2 -1 
-1 2 -1 
-1 2 -1 
-1 2 -1 
-1 2 -1 
-1 2 -1 
-1 2 -1 
-1 2 -1 
-1 2 -1 
-1 2 -1 
-1 2 -1 
-1 2 -1 
-1 2 -1 
-1 2 -1 
-1 2 -1 
-1 2 -1 
-1 2 -1 
-1 2 -1 
-1 2 -1 
-1 2 -1 
-1 2 -1 
-1 2 -1 
-1 2 -1 
-1 2 -1 
-1 2 -1 
-1 2 -1 
-1 2 -1 
-1 2 -1 
-1 2 -1 
-1 2 -1 
-1 2 -1 
-1 2 -1 
-1 2 -1 
-1 2 -1 
-1 2 -1 
-1 2 -1 
-1 2 -1 
-1 2 -1 
-1 2 -1 
-1 2 -1 
-1 2 -1 
-1 2 -1 
-1 2 -1 
-1 2 -1 

Patch 11, level 3
-1 3 -1 
-1 3 -1 
-1 3 -1 
-1 3 -1 
-1 3 -1 
-1 3 -1 
-1 3 -1 
-1 3 -1 
-1 3 -1 
-1 3 -1 
-1 3 -1 
-1 3 -1 
-1 3 -1 
-1 3 -1 
-1 3 -1 
-1 3 -1 
-1 3 -1 
-1 3 -1 
-1 3 -1 
-1 3 -1 
-1 3 -1 
-1 3 -1 
-1 3 -1 
-1 3 -1 
-1 3 -1 
-1 3 -1 
-1 3 -1 
-1 3 -1 
-1 3 -1 
-1 3 -1 
-1 3 -1 
-1 3 -1 
-1 3 -1 
-1 3 -1 
-1 3 -1 
-1 3 -1 
-1 3 -1 
-1 3 -1 
-1 3 -1 
-1 3 -1 
-1 3 -1 
-1 3 -1 
-1 3 -1 
-1 3 -1 
-1 3 -1 
-1 3 -1 
-1 3 -1 
-1 3 -1 
-1 3 -1 
-1 3 -1 
-1 3 -1 
-1 3 -1 
-1 3 -1 
-1 3 -1 
-1 3 -1 
-1 3 -1 
-1 3 -1 
-1 3 -1 
-1 3 -1 
-1 3 -1 
-1 3 -1 
-1 3 -1 
-1 3 -1 
-1 3 -1 
-1 3 -1 
-1 3 -1 
-1 3 -1 
-1 3 -1 
-1 3 -1 
-1 3 -1 
-1 3 -1 
-1 3 -1 
-1 3 -1 
-1 3 -1 
-1 3 -1 
-1 3 -1 
-1 3 -1 
-1 3 -1 
-1 3 -1 
-1 3 -1 
-1 3 -1 
-1 3 -1 
-1 3 -1 
-1 3 -1 
-1 3 -1 
-1 3 -1 
-1 3 -1 
-1 3 -1 
-1 3 -1 
-1 3 -1 
-1 3 -1 
-1 3 -1 
-1 3 -1 
-1 3 -1 
-1 3 -1 
-1 3 -1 
-1 3 -1 
-1 3 -1 
-1 3 -1 
-1 3 -1 
-1 3 -1 
-1 3 -1 
-1 3 -1 
-1 3 -1 
-1 3 -1 
-1 3 -1 
-1 3 -1 
-1 3 -1 
-1 3 -1 
-1 3 -1 
-1 3 -1 
-1 3 -1 
-1 3 -1 
-1 3 -1 
-1 3 -1 
-1 3 -1 
-1 3 -1 
-1 3 -1 
-1 3 -1 
-1 3 -1 
-1 3 -1 


Patch 12
Patch 12, level 0
-1 0 -1 
-1 0 -1 
-1 0 -1 
10 0 0 
-1 0 -1 
-1 0 -1 
-1 0 -1 
10 0 1 
-1 0 -1 
-1 0 -1 
-1 0 -1 
10 0 2 
-1 0 -1 
-1 0 -1 
-1 0 -1 
10 0 3 

Patch 12, level 1
-1 1 -1 
-1 1 -1 
-1 1 -1 
-1 1 -1 
10 1 0 
-1 1 -1 
-1 1 -1 
-1 1 -1 
-1 1 -1 
10 1 1 
-1 1 -1 
-1 1 -1 
-1 1 -1 
-1 1 -1 
10 1 2 
-1 1 -1 
-1 1 -1 
-1 1 -1 
-1 1 -1 
10 1 3 
-1 1 -1 
-1 1 -1 
-1 1 -1 
-1 1 -1 
10 1 4 

Patch 12, level 2
-1 2 -1 
-1 2 -1 
-1 2 -1 
-1 2 -1 
-1 2 -1 
-1 2 -1 
10 2 0 
-1 2 -1 
-1 2 -1 
-1 2 -1 
-1 2 -1 
-1 2 -1 
-1 2 -1 
10 2 1 
-1 2 -1 
-1 2 -1 
-1 2 -1 
-1 2 -1 
-1 2 -1 
-1 2 -1 
10 2 2 
-1 2 -1 
-1 2 -1 
-1 2 -1 
-1 2 -1 
-1 2 -1 
-1 2 -1 
10 2 3 
-1 2 -1 
-1 2 -1 
-1 2 -1 
-1 2 -1 
-1 2 -1 
-1 2 -1 
10 2 4 
-1 2 -1 
-1 2 -1 
-1 2 -1 
-1 2 -1 
-1 2 -1 
-1 2 -1 
10 2 5 
-1 2 -1 
-1 2 -1 
-1 2 -1 
-1 2 -1 
-1 2 -1 
-1 2 -1 
10 2 6 

Patch 12, level 3
-1 3 -1 
-1 3 -1 
-1 3 -1 
-1 3 -1 
-1 3 -1 
-1 3 -1 
-1 3 -1 
-1 3 -1 
-1 3 -1 
-1 3 -1 
10 3 0 
-1 3 -1 
-1 3 -1 
-1 3 -1 
-1 3 -1 
-1 3 -1 
-1 3 -1 
-1 3 -1 
-1 3 -1 
-1 3 -1 
-1 3 -1 
10 3 1 
-1 3 -1 
-1 3 -1 
-1 3 -1 
-1 3 -1 
-1 3 -1 
-1 3 -1 
-1 3 -1 
-1 3 -1 
-1 3 -1 
-1 3 -1 
10 3 2 
-1 3 -1 
-1 3 -1 
-1 3 -1 
-1 3 -1 
-1 3 -1 
-1 3 -1 
-1 3 -1 
-1 3 -1 
-1 3 -1 
-1 3 -1 
10 3 3 
-1 3 -1 
-1 3 -1 
-1 3 -1 
-1 3 -1 
-1 3 -1 
-1 3 -1 
-1 3 -1 
-1 3 -1 
-1 3 -1 
-1 3 -1 
10 3 4 
-1 3 -1 
-1 3 -1 
-1 3 -1 
-1 3 -1 
-1 3 -1 
-1 3 -1 
-1 3 -1 
-1 3 -1 
-1 3 -1 
-1 3 -1 
10 3 5 
-1 3 -1 
-1 3 -1 
-1 3 -1 
-1 3 -1 
-1 3 -1 
-1 3 -1 
-1 3 -1 
-1 3 -1 
-1 3 -1 
-1 3 -1 
10 3 6 
-1 3 -1 
-1 3 -1 
-1 3 -1 
-1 3 -1 
-1 3 -1 
-1 3 -1 
-1 3 -1 
-1 3 -1 
-1 3 -1 
-1 3 -1 
10 3 7 
-1 3 -1 
-1 3 -1 
-1 3 -1 
-1 3 -1 
-1 3 -1 
-1 3 -1 
-1 3 -1 
-1 3 -1 
-1 3 -1 
-1 3 -1 
10 3 8 
-1 3 -1 
-1 3 -1 
-1 3 -1 
-1 3 -1 
-1 3 -1 
-1 3 -1 
-1 3 -1 
-1 3 -1 
-1 3 -1 
-1 3 -1 
10 3 9 
-1 3 -1 
-1 3 -1 
-1 3 -1 
-1 3 -1 
-1 3 -1 
-1 3 -1 
-1 3 -1 
-1 3 -1 
-1 3 -1 
-1 3 -1 
10 3 10 


Patch 13
Patch 13, level 0
4 0 0 5 0 3 
-1 0 -1 
-1 0 -1 
-1 0 -1 
4 0 1 
-1 0 -1 
-1 0 -1 
-1 0 -1 
4 0 2 
-1 0 -1 
-1 0 -1 
-1 0 -1 
4 0 3 
-1 0 -1 
-1 0 -1 
-1 0 -1 

Patch 13, level 1
4 1 0 5 1 4 
-1 1 -1 
-1 1 -1 
-1 1 -1 
-1 1 -1 
4 1 1 
-1 1 -1 
-1 1 -1 
-1 1 -1 
-1 1 -1 
4 1 2 
-1 1 -1 
-1 1 -1 
-1 1 -1 
-1 1 -1 
4 1 3 
-1 1 -1 
-1 1 -1 
-1 1 -1 
-1 1 -1 
4 1 4 
-1 1 -1 
-1 1 -1 
-1 1 -1 
-1 1 -1 

Patch 13, level 2
4 2 0 5 2 6 
-1 2 -1 
-1 2 -1 
-1 2 -1 
-1 2 -1 
-1 2 -1 
-1 2 -1 
4 2 1 
-1 2 -1 
-1 2 -1 
-1 2 -1 
-1 2 -1 
-1 2 -1 
-1 2 -1 
4 2 2 
-1 2 -1 
-1 2 -1 
-1 2 -1 
-1 2 -1 
-1 2 -1 
-1 2 -1 
4 2 3 
-1 2 -1 
-1 2 -1 
-1 2 -1 
-1 2 -1 
-1 2 -1 
-1 2 -1 
4 2 4 
-1 2 -1 
-1 2 -1 
-1 2 -1 
-1 2 -1 
-1 2 -1 
-1 2 -1 
4 2 5 
-1 2 -1 
-1 2 -1 
-1 2 -1 
-1 2 -1 
-1 2 -1 
-1 2 -1 
4 2 6 
-1 2 -1 
-1 2 -1 
-1 2 -1 
-1 2 -1 
-1 2 -1 
-1 2 -1 

Patch 13, level 3
4 3 0 5 3 10 
-1 3 -1 
-1 3 -1 
-1 3 -1 
-1 3 -1 
-1 3 -1 
-1 3 -1 
-1 3 -1 
-1 3 -1 
-1 3 -1 
-1 3 -1 
4 3 1 
-1 3 -1 
-1 3 -1 
-1 3 -1 
-1 3 -1 
-1 3 -1 
-1 3 -1 
-1 3 -1 
-1 3 -1 
-1 3 -1 
-1 3 -1 
4 3 2 
-1 3 -1 
-1 3 -1 
-1 3 -1 
-1 3 -1 
-1 3 -1 
-1 3 -1 
-1 3 -1 
-1 3 -1 
-1 3 -1 
-1 3 -1 
4 3 3 
-1 3 -1 
-1 3 -1 
-1 3 -1 
-1 3 -1 
-1 3 -1 
-1 3 -1 
-1 3 -1 
-1 3 -1 
-1 3 -1 
-1 3 -1 
4 3 4 
-1 3 -1 
-1 3 -1 
-1 3 -1 
-1 3 -1 
-1 3 -1 
-1 3 -1 
-1 3 -1 
-1 3 -1 
-1 3 -1 
-1 3 -1 
4 3 5 
-1 3 -1 
-1 3 -1 
-1 3 -1 
-1 3 -1 
-1 3 -1 
-1 3 -1 
-1 3 -1 
-1 3 -1 
-1 3 -1 
-1 3 -1 
4 3 6 
-1 3 -1 
-1 3 -1 
-1 3 -1 
-1 3 -1 
-1 3 -1 
-1 3 -1 
-1 3 -1 
-1 3 -1 
-1 3 -1 
-1 3 -1 
4 3 7 
-1 3 -1 
-1 3 -1 
-1 3 -1 
-1 3 -1 
-1 3 -1 
-1 3 -1 
-1 3 -1 
-1 3 -1 
-1 3 -1 
-1 3 -1 
4 3 8 
-1 3 -1 
-1 3 -1 
-1 3 -1 
-1 3 -1 
-1 3 -1 
-1 3 -1 
-1 3 -1 
-1 3 -1 
-1 3 -1 
-1 3 -1 
4 3 9 
-1 3 -1 
-1 3 -1 
-1 3 -1 
-1 3 -1 
-1 3 -1 
-1 3 -1 
-1 3 -1 
-1 3 -1 
-1 3 -1 
-1 3 -1 
4 3 10 
-1 3 -1 
-1 3 -1 
-1 3 -1 
-1 3 -1 
-1 3 -1 
-1 3 -1 
-1 3 -1 
-1 3 -1 
-1 3 -1 
-1 3 -1 


Patch 14
Patch 14, level 0
-1 0 -1 
-1 0 -1 
-1 0 -1 
-1 0 -1 
-1 0 -1 
-1 0 -1 
-1 0 -1 
-1 0 -1 
-1 0 -1 
-1 0 -1 
-1 0 -1 
-1 0 -1 
-1 0 -1 
-1 0 -1 
-1 0 -1 
-1 0 -1 

Patch 14, level 1
-1 1 -1 
-1 1 -1 
-1 1 -1 
-1 1 -1 
-1 1 -1 
-1 1 -1 
-1 1 -1 
-1 1 -1 
-1 1 -1 
-1 1 -1 
-1 1 -1 
-1 1 -1 
-1 1 -1 
-1 1 -1 
-1 1 -1 
-1 1 -1 
-1 1 -1 
-1 1 -1 
-1 1 -1 
-1 1 -1 
-1 1 -1 
-1 1 -1 
-1 1 -1 
-1 1 -1 
-1 1 -1 

Patch 14, level 2
-1 2 -1 
-1 2 -1 
-1 2 -1 
-1 2 -1 
-1 2 -1 
-1 2 -1 
-1 2 -1 
-1 2 -1 
-1 2 -1 
-1 2 -1 
-1 2 -1 
-1 2 -1 
-1 2 -1 
-1 2 -1 
-1 2 -1 
-1 2 -1 
-1 2 -1 
-1 2 -1 
-1 2 -1 
-1 2 -1 
-1 2 -1 
-1 2 -1 
-1 2 -1 
-1 2 -1 
-1 2 -1 
-1 2 -1 
-1 2 -1 
-1 2 -1 
-1 2 -1 
-1 2 -1 
-1 2 -1 
-1 2 -1 
-1 2 -1 
-1 2 -1 
-1 2 -1 
-1 2 -1 
-1 2 -1 
-1 2 -1 
-1 2 -1 
-1 2 -1 
-1 2 -1 
-1 2 -1 
-1 2 -1 
-1 2 -1 
-1 2 -1 
-1 2 -1 
-1 2 -1 
-1 2 -1 
-1 2 -1 

Patch 14, level 3
-1 3 -1 
-1 3 -1 
-1 3 -1 
-1 3 -1 
-1 3 -1 
-1 3 -1 
-1 3 -1 
-1 3 -1 
-1 3 -1 
-1 3 -1 
-1 3 -1 
-1 3 -1 
-1 3 -1 
-1 3 -1 
-1 3 -1 
-1 3 -1 
-1 3 -1 
-1 3 -1 
-1 3 -1 
-1 3 -1 
-1 3 -1 
-1 3 -1 
-1 3 -1 
-1 3 -1 
-1 3 -1 
-1 3 -1 
-1 3 -1 
-1 3 -1 
-1 3 -1 
-1 3 -1 
-1 3 -1 
-1 3 -1 
-1 3 -1 
-1 3 -1 
-1 3 -1 
-1 3 -1 
-1 3 -1 
-1 3 -1 
-1 3 -1 
-1 3 -1 
-1 3 -1 
-1 3 -1 
-1 3 -1 
-1 3 -1 
-1 3 -1 
-1 3 -1 
-1 3 -1 
-1 3 -1 
-1 3 -1 
-1 3 -1 
-1 3 -1 
-1 3 -1 
-1 3 -1 
-1 3 -1 
-1 3 -1 
-1 3 -1 
-1 3 -1 
-1 3 -1 
-1 3 -1 
-1 3 -1 
-1 3 -1 
-1 3 -1 
-1 3 -1 
-1 3 -1 
-1 3 -1 
-1 3 -1 
-1 3 -1 
-1 3 -1 
-1 3 -1 
-1 3 -1 
-1 3 -1 
-1 3 -1 
-1 3 -1 
-1 3 -1 
-1 3 -1 
-1 3 -1 
-1 3 -1 
-1 3 -1 
-1 3 -1 
-1 3 -1 
-1 3 -1 
-1 3 -1 
-1 3 -1 
-1 3 -1 
-1 3 -1 
-1 3 -1 
-1 3 -1 
-1 3 -1 
-1 3 -1 
-1 3 -1 
-1 3 -1 
-1 3 -1 
-1 3 -1 
-1 3 -1 
-1 3 -1 
-1 3 -1 
-1 3 -1 
-1 3 -1 
-1 3 -1 
-1 3 -1 
-1 3 -1 
-1 3 -1 
-1 3 -1 
-1 3 -1 
-1 3 -1 
-1 3 -1 
-1 3 -1 
-1 3 -1 
-1 3 -1 
-1 3 -1 
-1 3 -1 
-1 3 -1 
-1 3 -1 
-1 3 -1 
-1 3 -1 
-1 3 -1 
-1 3 -1 
-1 3 -1 
-1 3 -1 
-1 3 -1 
-1 3 -1 


Patch 15
Patch 15, level 0
-1 0 -1 
-1 0 -1 
-1 0 -1 
-1 0 -1 
-1 0 -1 
-1 0 -1 
-1 0 -1 
-1 0 -1 
-1 0 -1 
-1 0 -1 
-1 0 -1 
-1 0 -1 
-1 0 -1 
-1 0 -1 
-1 0 -1 
-1 0 -1 

Patch 15, level 1
-1 1 -1 
-1 1 -1 
-1 1 -1 
-1 1 -1 
-1 1 -1 
-1 1 -1 
-1 1 -1 
-1 1 -1 
-1 1 -1 
-1 1 -1 
-1 1 -1 
-1 1 -1 
-1 1 -1 
-1 1 -1 
-1 1 -1 
-1 1 -1 
-1 1 -1 
-1 1 -1 
-1 1 -1 
-1 1 -1 
-1 1 -1 
-1 1 -1 
-1 1 -1 
-1 1 -1 
-1 1 -1 

Patch 15, level 2
-1 2 -1 
-1 2 -1 
-1 2 -1 
-1 2 -1 
-1 2 -1 
-1 2 -1 
-1 2 -1 
-1 2 -1 
-1 2 -1 
-1 2 -1 
-1 2 -1 
-1 2 -1 
-1 2 -1 
-1 2 -1 
-1 2 -1 
-1 2 -1 
-1 2 -1 
-1 2 -1 
-1 2 -1 
-1 2 -1 
-1 2 -1 
-1 2 -1 
-1 2 -1 
-1 2 -1 
-1 2 -1 
-1 2 -1 
-1 2 -1 
-1 2 -1 
-1 2 -1 
-1 2 -1 
-1 2 -1 
-1 2 -1 
-1 2 -1 
-1 2 -1 
-1 2 -1 
-1 2 -1 
-1 2 -1 
-1 2 -1 
-1 2 -1 
-1 2 -1 
-1 2 -1 
-1 2 -1 
-1 2 -1 
-1 2 -1 
-1 2 -1 
-1 2 -1 
-1 2 -1 
-1 2 -1 
-1 2 -1 

Patch 15, level 3
-1 3 -1 
-1 3 -1 
-1 3 -1 
-1 3 -1 
-1 3 -1 
-1 3 -1 
-1 3 -1 
-1 3 -1 
-1 3 -1 
-1 3 -1 
-1 3 -1 
-1 3 -1 
-1 3 -1 
-1 3 -1 
-1 3 -1 
-1 3 -1 
-1 3 -1 
-1 3 -1 
-1 3 -1 
-1 3 -1 
-1 3 -1 
-1 3 -1 
-1 3 -1 
-1 3 -1 
-1 3 -1 
-1 3 -1 
-1 3 -1 
-1 3 -1 
-1 3 -1 
-1 3 -1 
-1 3 -1 
-1 3 -1 
-1 3 -1 
-1 3 -1 
-1 3 -1 
-1 3 -1 
-1 3 -1 
-1 3 -1 
-1 3 -1 
-1 3 -1 
-1 3 -1 
-1 3 -1 
-1 3 -1 
-1 3 -1 
-1 3 -1 
-1 3 -1 
-1 3 -1 
-1 3 -1 
-1 3 -1 
-1 3 -1 
-1 3 -1 
-1 3 -1 
-1 3 -1 
-1 3 -1 
-1 3 -1 
-1 3 -1 
-1 3 -1 
-1 3 -1 
-1 3 -1 
-1 3 -1 
-1 3 -1 
-1 3 -1 
-1 3 -1 
-1 3 -1 
-1 3 -1 
-1 3 -1 
-1 3 -1 
-1 3 -1 
-1 3 -1 
-1 3 -1 
-1 3 -1 
-1 3 -1 
-1 3 -1 
-1 3 -1 
-1 3 -1 
-1 3 -1 
-1 3 -1 
-1 3 -1 
-1 3 -1 
-1 3 -1 
-1 3 -1 
-1 3 -1 
-1 3 -1 
-1 3 -1 
-1 3 -1 
-1 3 -1 
-1 3 -1 
-1 3 -1 
-1 3 -1 
-1 3 -1 
-1 3 -1 
-1 3 -1 
-1 3 -1 
-1 3 -1 
-1 3 -1 
-1 3 -1 
-1 3 -1 
-1 3 -1 
-1 3 -1 
-1 3 -1 
-1 3 -1 
-1 3 -1 
-1 3 -1 
-1 3 -1 
-1 3 -1 
-1 3 -1 
-1 3 -1 
-1 3 -1 
-1 3 -1 
-1 3 -1 
-1 3 -1 
-1 3 -1 
-1 3 -1 
-1 3 -1 
-1 3 -1 
-1 3 -1 
-1 3 -1 
-1 3 -1 
-1 3 -1 
-1 3 -1 
-1 3 -1 


interface between 0:south(3) and 7:south(3) [ 0~(+0) ]
[topology-preflight] interface=0 patches=(0,7) mirrored=(1,0) rawSides=(3,3) canonicalSides=(3,3) orientation=same
interface between 0:north(4) and 2:north(4) [ 0~(-0) ]
[topology-preflight] interface=1 patches=(0,2) mirrored=(1,1) rawSides=(4,4) canonicalSides=(4,4) orientation=reversed
interface between 3:east (2) and 4:east (2) [ 1~(-1) ]
[topology-preflight] interface=2 patches=(3,4) mirrored=(0,0) rawSides=(2,2) canonicalSides=(2,2) orientation=reversed
interface between 4:west (1) and 5:east (2) [ 1~(+1) ]
[topology-preflight] interface=3 patches=(4,5) mirrored=(0,0) rawSides=(1,2) canonicalSides=(1,2) orientation=same
interface between 4:south(3) and 13:west (1) [ 0~(+1) ]
[topology-preflight] interface=4 patches=(4,13) mirrored=(0,0) rawSides=(3,1) canonicalSides=(3,1) orientation=same
interface between 8:south(3) and 9:north(4) [ 0~(-0) ]
[topology-preflight] interface=5 patches=(8,9) mirrored=(1,0) rawSides=(3,4) canonicalSides=(3,4) orientation=reversed
interface between 9:south(3) and 10:north(4) [ 0~(+0) ]
[topology-preflight] interface=6 patches=(9,10) mirrored=(0,0) rawSides=(3,4) canonicalSides=(3,4) orientation=same
interface between 10:south(3) and 12:east (2) [ 0~(+1) ]
[topology-preflight] interface=7 patches=(10,12) mirrored=(0,1) rawSides=(3,2) canonicalSides=(3,2) orientation=same
[geo-coarsen] preflight mirrored patch=0, hierarchy-safe sibling fallback cells=4 level=2
[geo-coarsen] preflight mirrored patch=2, hierarchy-safe sibling fallback cells=4 level=2
[geo-coarsen] preflight mirrored patch=8, hierarchy-safe sibling fallback cells=4 level=2
[geo-coarsen] preflight mirrored patch=11, hierarchy-safe sibling fallback cells=4 level=2
[geo-coarsen] preflight mirrored patch=12, hierarchy-safe sibling fallback cells=4 level=2
[geo-coarsen] preflight mirrored patch=14, hierarchy-safe sibling fallback cells=4 level=2
[geo-coarsen] preflight mirrored patch=15, hierarchy-safe sibling fallback cells=4 level=2
[coarsen-group] size=7 patches: 0 2 8 11 12 14 15 delta=0
[geo-coarsen] preflight mirrored patch=0, hierarchy-safe sibling fallback cells=4 level=2
CREATE C BOX:
ourBOX is 
3 0 0 8 8 
CREATE C BOX:
ourBOX is 
3 6 4 8 6 
CREATE C BOX:
ourBOX is 
3 4 6 6 8 
CREATE C BOX:
ourBOX is 
3 6 6 8 8 

=== Box Consistency Check ===
Patch 0 has 9 boxes

Box domains:
Box 0: u=[0.5, 0.75] x v=[0.5, 0.75] (area=0.0625)
Box 1: u=[0, 0.5] x v=[0, 0.5] (area=0.25)
Box 2: u=[0, 0.5] x v=[0.5, 0.75] (area=0.125)
Box 3: u=[0, 0.5] x v=[0.75, 1] (area=0.125)
Box 4: u=[0.5, 0.75] x v=[0, 0.5] (area=0.125)
Box 5: u=[0.5, 0.75] x v=[0.75, 1] (area=0.0625)
Box 6: u=[0.75, 1] x v=[0, 0.5] (area=0.125)
Box 7: u=[0.75, 1] x v=[0.5, 0.75] (area=0.0625)
Box 8: u=[0.75, 1] x v=[0.75, 1] (area=0.0625)

Checking for overlaps:
  No overlaps detected (boundaries may touch)

Total area covered: 1 (target: 1.0)

SUCCESS: Boxes are consistent (no overlaps, full coverage)
Truncated basis of dimension 2,
levels=1, size=16, tree_nodes=1).
Domain: [0 0]..[1 1].
Size per level: 16 

0; 2; 2; 2; 3; 3; 
1; 3; 0; 0; 4; 4; 
2; 3; 0; 4; 4; 6; 
3; 3; 0; 6; 4; 8; 
4; 3; 4; 0; 6; 4; 
5; 2; 2; 3; 3; 4; 
6; 3; 6; 0; 8; 4; 
7; 2; 3; 2; 4; 3; 
8; 2; 3; 3; 4; 4; 
2 2 2 4 4
3 4 0 8 4
3 0 0 4 8
Truncated basis of dimension 2,
levels=4, size=97, tree_nodes=5).
Domain: [0 0]..[1 1].
Size per level: 0 0 25 72 

[primary coarsen] patch=0 cells=4 THBsize=97
CREATE C BOX:
ourBOX is 
3 0 0 8 8 
CREATE C BOX:
ourBOX is 
3 6 4 8 6 
CREATE C BOX:
ourBOX is 
3 4 6 6 8 
CREATE C BOX:
ourBOX is 
3 6 6 8 8 
[co-patch coarsen] patch=2 RTH=1
[co-patch coarsen] patch=2 THBsize=97
CREATE C BOX:
ourBOX is 
3 0 0 8 8 
CREATE C BOX:
ourBOX is 
3 6 4 8 6 
CREATE C BOX:
ourBOX is 
3 4 6 6 8 
CREATE C BOX:
ourBOX is 
3 6 6 8 8 
[co-patch coarsen] patch=8 RTH=1
[co-patch coarsen] patch=8 THBsize=97
CREATE C BOX:
ourBOX is 
3 0 0 8 8 
CREATE C BOX:
ourBOX is 
3 6 4 8 6 
CREATE C BOX:
ourBOX is 
3 4 6 6 8 
CREATE C BOX:
ourBOX is 
3 6 6 8 8 
[co-patch coarsen] patch=11 RTH=1
[co-patch coarsen] patch=11 THBsize=97
CREATE C BOX:
ourBOX is 
3 0 0 8 8 
CREATE C BOX:
ourBOX is 
3 6 4 8 6 
CREATE C BOX:
ourBOX is 
3 4 6 6 8 
CREATE C BOX:
ourBOX is 
3 6 6 8 8 
[co-patch coarsen] patch=12 RTH=1
[co-patch coarsen] patch=12 THBsize=97
CREATE C BOX:
ourBOX is 
3 0 0 8 8 
CREATE C BOX:
ourBOX is 
3 6 4 8 6 
CREATE C BOX:
ourBOX is 
3 4 6 6 8 
CREATE C BOX:
ourBOX is 
3 6 6 8 8 
[co-patch coarsen] patch=14 RTH=1
[co-patch coarsen] patch=14 THBsize=97
CREATE C BOX:
ourBOX is 
3 0 0 8 8 
CREATE C BOX:
ourBOX is 
3 6 4 8 6 
CREATE C BOX:
ourBOX is 
3 4 6 6 8 
CREATE C BOX:
ourBOX is 
3 6 6 8 8 
[co-patch coarsen] patch=15 RTH=1
[co-patch coarsen] patch=15 THBsize=97
1 1 1 1 1 1 1 1 1 1 1 1 1 1 1 1 1 1 1 1 1 1 1 1 1 1 1 1 1 1 1 1 1 1 1 1 1 1 1 1 1 1 1 1 1 1 1 1 1 1 1 1 1 1 1 1 1 1 1 1 1 1 1 1 1 1 1 1 1 1 1 1 1 1 1 1 1 1 1 1 1 1 1 1 1 1 1 1 1 1 1 1 1 1 1 1 1
creating the index mapping
thbToBellsMapping[patch].size(): 97
thbToBellsMapping[patch].size(): 121
thbToBellsMapping[patch].size(): 97
thbToBellsMapping[patch].size(): 121
thbToBellsMapping[patch].size(): 121
thbToBellsMapping[patch].size(): 121
thbToBellsMapping[patch].size(): 121
thbToBellsMapping[patch].size(): 121
thbToBellsMapping[patch].size(): 97
thbToBellsMapping[patch].size(): 121
thbToBellsMapping[patch].size(): 121
thbToBellsMapping[patch].size(): 97
thbToBellsMapping[patch].size(): 97
thbToBellsMapping[patch].size(): 121
thbToBellsMapping[patch].size(): 97
thbToBellsMapping[patch].size(): 97
[mapMp] mpbes.size()=1724 mapped=1550 notInFine=174
[mpbes-init] vectSol assigned from mp coefficients patch=0 levNow=2 attempt=0 rows=1724 cols=2 nonZeroRows=1550
[fitting-mode] attempt context: mode=globalFitting patch=0 levNow=2 attempt=0
[local-region] attempt context: patch=0 levNow=2 attempt=0 lambda=0 basisSelected=0/0 uvBefore=1936 uvAfter=1936
[assemble] custom-point layout per patch:
  patch=0 uv.cols=121
  patch=1 uv.cols=121
  patch=2 uv.cols=121
  patch=3 uv.cols=121
  patch=4 uv.cols=121
  patch=5 uv.cols=121
  patch=6 uv.cols=121
  patch=7 uv.cols=121
  patch=8 uv.cols=121
  patch=9 uv.cols=121
  patch=10 uv.cols=121
  patch=11 uv.cols=121
  patch=12 uv.cols=121
  patch=13 uv.cols=121
  patch=14 uv.cols=121
  patch=15 uv.cols=121
[assemble] resize A_mat(1936,1724), b_vec(1936,2)
[assemble] after resize: A_mat.rows=1936 cols=1724 b_vec.rows=1936 cols=2
[assemble] mode=global A cols=1724
[fit-solve] matA sparse rows=1936 cols=1724 nonZeros=22660
[fit-solve] matA nonFiniteEntries=0
[fit-solve] column mapping source=identity/global
[fit-solve] dynamic column reduction: selected=1724 / 1724
[fit-solve] matA rows=1936 cols=1724
[fit-solve] informative column reduction: selected=1724 / 1724
[fit-solve] matA_solve rows=1936 cols=1724
[fit-solve] dropped active/global columns by informative reduction begin
[fit-solve] dropped active/global columns by informative reduction end
[fit-solve] vectB(before At*b) rows=1936 cols=2
[fit-solve] vectB(before At*b) nonFiniteEntries=0
[fit-solve] sparse AtA: 1724x1724 nnz=62608
fit took: 0.48313
[fit-solve] vectSol(after solve) rows=1724 cols=2
[fit-solve] vectSol merge: seededFromOriginal=1 overwrittenRows=1724 basisMaskApplied=0
[fit-solve] vectSol(after solve) nonFiniteEntries=0
Solve finished. vectSol.rows()=1724, cols=2
matCbefore
2.27374e-13
matCafter
0.0649124
Total irregular points: 0
jack took: 0.232936 (pts/patch=21^2=441)
Irregular points: 0 / 7056 (0%)
minusnumber: 0
[assemble] custom-point layout per patch:
  patch=0 uv.cols=20
  patch=1 uv.cols=0
  patch=2 uv.cols=10
  patch=3 uv.cols=10
  patch=4 uv.cols=30
  patch=5 uv.cols=10
  patch=6 uv.cols=0
  patch=7 uv.cols=10
  patch=8 uv.cols=10
  patch=9 uv.cols=20
  patch=10 uv.cols=20
  patch=11 uv.cols=0
  patch=12 uv.cols=10
  patch=13 uv.cols=10
  patch=14 uv.cols=0
  patch=15 uv.cols=0
[assemble] resize A_mat(160,1724), b_vec(160,2)
[assemble] after resize: A_mat.rows=160 cols=1724 b_vec.rows=160 cols=2
Global fitting error stats: max=0.0659003, rms=0.00647642, samples=1936, maxAtPatch=14, maxAtLocalPoint=115
Global fitting max sample: uv=(0.5,1), xFit=(-41.6757,0.0909362), target=(-41.7406,0.0795681)
globalError: 0.0659003
featureError: 1.88137e-05
assemblyBoundaryError: 1.88137e-05
minusnumber: 0
Success! iteration = 1, coarselevel = 2
TOTALSIZE: 97
ACCEPTEDSIZE: 97
2	2	4	4	
4	0	8	4	
0	0	4	8	
nonCheckedCells.size() has become: 12
[geo-coarsen] preflight mirrored patch=0, hierarchy-safe sibling fallback cells=4 level=2
[geo-coarsen] useGeo=1 cells=16 firstIndex=13 firstBox=[2,0,3,1]
[geo-coarsen] preflight mirrored patch=2, hierarchy-safe sibling fallback cells=4 level=2
[geo-coarsen] useGeo=1 cells=17 firstIndex=14 firstBox=[1,0,2,1]
[geo-coarsen] useGeo=1 cells=23 firstIndex=1 firstBox=[2,3,3,4]
[geo-coarsen] useGeo=1 cells=19 firstIndex=3 firstBox=[0,3,1,4]
[geo-coarsen] useGeo=1 cells=18 firstIndex=1 firstBox=[2,3,3,4]
[geo-coarsen] useGeo=1 cells=16 firstIndex=0 firstBox=[3,3,4,4]
[geo-coarsen] preflight mirrored patch=8, hierarchy-safe sibling fallback cells=4 level=2
[geo-coarsen] useGeo=1 cells=14 firstIndex=3 firstBox=[0,3,1,4]
[geo-coarsen] useGeo=1 cells=12 firstIndex=12 firstBox=[3,0,4,1]
[geo-coarsen] preflight mirrored patch=11, hierarchy-safe sibling fallback cells=4 level=2
[geo-coarsen] preflight mirrored patch=12, hierarchy-safe sibling fallback cells=4 level=2
[geo-coarsen] useGeo=1 cells=18 firstIndex=0 firstBox=[3,3,4,4]
[geo-coarsen] preflight mirrored patch=14, hierarchy-safe sibling fallback cells=4 level=2
[geo-coarsen] preflight mirrored patch=15, hierarchy-safe sibling fallback cells=4 level=2
[coarsen-group] size=7 patches: 0 2 8 11 12 14 15 delta=0
[geo-coarsen] preflight mirrored patch=0, hierarchy-safe sibling fallback cells=4 level=2
CREATE C BOX:
ourBOX is 
3 0 0 4 8 
CREATE C BOX:
ourBOX is 
3 2 4 4 6 
CREATE C BOX:
ourBOX is 
3 0 6 2 8 
CREATE C BOX:
ourBOX is 
3 2 6 4 8 

=== Box Consistency Check ===
Patch 0 has 8 boxes

Box domains:
Box 0: u=[0.5, 1] x v=[0.5, 1] (area=0.25)
Box 1: u=[0.5, 1] x v=[0, 0.5] (area=0.25)
Box 2: u=[0, 0.25] x v=[0.5, 0.75] (area=0.0625)
Box 3: u=[0, 0.25] x v=[0, 0.5] (area=0.125)
Box 4: u=[0, 0.25] x v=[0.75, 1] (area=0.0625)
Box 5: u=[0.25, 0.5] x v=[0, 0.5] (area=0.125)
Box 6: u=[0.25, 0.5] x v=[0.5, 0.75] (area=0.0625)
Box 7: u=[0.25, 0.5] x v=[0.75, 1] (area=0.0625)

Checking for overlaps:
  No overlaps detected (boundaries may touch)

Total area covered: 1 (target: 1.0)

SUCCESS: Boxes are consistent (no overlaps, full coverage)
Truncated basis of dimension 2,
levels=1, size=16, tree_nodes=1).
Domain: [0 0]..[1 1].
Size per level: 16 

0; 2; 2; 2; 4; 4; 
1; 3; 4; 0; 8; 4; 
2; 2; 0; 2; 1; 3; 
3; 3; 0; 0; 2; 4; 
4; 2; 0; 3; 1; 4; 
5; 3; 2; 0; 4; 4; 
6; 2; 1; 2; 2; 3; 
7; 2; 1; 3; 2; 4; 
2 0 2 4 4
3 0 0 8 4
Truncated basis of dimension 2,
levels=4, size=79, tree_nodes=3).
Domain: [0 0]..[1 1].
Size per level: 0 0 35 44 

[primary coarsen] patch=0 cells=4 THBsize=79
CREATE C BOX:
ourBOX is 
3 0 0 4 8 
CREATE C BOX:
ourBOX is 
3 2 4 4 6 
CREATE C BOX:
ourBOX is 
3 0 6 2 8 
CREATE C BOX:
ourBOX is 
3 2 6 4 8 
[co-patch coarsen] patch=2 RTH=1
[co-patch coarsen] patch=2 THBsize=79
CREATE C BOX:
ourBOX is 
3 0 0 4 8 
CREATE C BOX:
ourBOX is 
3 2 4 4 6 
CREATE C BOX:
ourBOX is 
3 0 6 2 8 
CREATE C BOX:
ourBOX is 
3 2 6 4 8 
[co-patch coarsen] patch=8 RTH=1
[co-patch coarsen] patch=8 THBsize=79
CREATE C BOX:
ourBOX is 
3 0 0 4 8 
CREATE C BOX:
ourBOX is 
3 2 4 4 6 
CREATE C BOX:
ourBOX is 
3 0 6 2 8 
CREATE C BOX:
ourBOX is 
3 2 6 4 8 
[co-patch coarsen] patch=11 RTH=1
[co-patch coarsen] patch=11 THBsize=79
CREATE C BOX:
ourBOX is 
3 0 0 4 8 
CREATE C BOX:
ourBOX is 
3 2 4 4 6 
CREATE C BOX:
ourBOX is 
3 0 6 2 8 
CREATE C BOX:
ourBOX is 
3 2 6 4 8 
[co-patch coarsen] patch=12 RTH=1
[co-patch coarsen] patch=12 THBsize=79
CREATE C BOX:
ourBOX is 
3 0 0 4 8 
CREATE C BOX:
ourBOX is 
3 2 4 4 6 
CREATE C BOX:
ourBOX is 
3 0 6 2 8 
CREATE C BOX:
ourBOX is 
3 2 6 4 8 
[co-patch coarsen] patch=14 RTH=1
[co-patch coarsen] patch=14 THBsize=79
CREATE C BOX:
ourBOX is 
3 0 0 4 8 
CREATE C BOX:
ourBOX is 
3 2 4 4 6 
CREATE C BOX:
ourBOX is 
3 0 6 2 8 
CREATE C BOX:
ourBOX is 
3 2 6 4 8 
[co-patch coarsen] patch=15 RTH=1
[co-patch coarsen] patch=15 THBsize=79
1 1 1 1 1 1 1 1 1 1 1 1 1 1 1 1 1 1 1 1 1 0 0 1 1 1 0 0 1 1 1 1 1 1 1 0 0 0 0 0 0 0 0 0 0 0 0 0 0 0 0 0 0 0 0 0 0 0 0 0 0 0 0 0 0 0 0 0 0 0 0 0 0 0 0 0 0 0 0
creating the index mapping
thbToBellsMapping[patch].size(): 79
thbToBellsMapping[patch].size(): 121
thbToBellsMapping[patch].size(): 79
thbToBellsMapping[patch].size(): 121
thbToBellsMapping[patch].size(): 121
thbToBellsMapping[patch].size(): 121
thbToBellsMapping[patch].size(): 121
thbToBellsMapping[patch].size(): 121
thbToBellsMapping[patch].size(): 79
thbToBellsMapping[patch].size(): 121
thbToBellsMapping[patch].size(): 121
thbToBellsMapping[patch].size(): 79
thbToBellsMapping[patch].size(): 79
thbToBellsMapping[patch].size(): 121
thbToBellsMapping[patch].size(): 79
thbToBellsMapping[patch].size(): 79
[mapPrev] newSize=1598 carried=1528 new(zero)=70
[mpbes-init] vectSol assigned from prevSol patch=0 levNow=2 attempt=1 rows=1598 cols=2 nonZeroRows=1528
[fitting-mode] attempt context: mode=globalFitting patch=0 levNow=2 attempt=1
[local-region] attempt context: patch=0 levNow=2 attempt=1 lambda=0 basisSelected=0/0 uvBefore=1936 uvAfter=1936
[assemble] custom-point layout per patch:
  patch=0 uv.cols=121
  patch=1 uv.cols=121
  patch=2 uv.cols=121
  patch=3 uv.cols=121
  patch=4 uv.cols=121
  patch=5 uv.cols=121
  patch=6 uv.cols=121
  patch=7 uv.cols=121
  patch=8 uv.cols=121
  patch=9 uv.cols=121
  patch=10 uv.cols=121
  patch=11 uv.cols=121
  patch=12 uv.cols=121
  patch=13 uv.cols=121
  patch=14 uv.cols=121
  patch=15 uv.cols=121
[assemble] resize A_mat(1936,1598), b_vec(1936,2)
[assemble] after resize: A_mat.rows=1936 cols=1598 b_vec.rows=1936 cols=2
[assemble] mode=global A cols=1598
[fit-solve] matA sparse rows=1936 cols=1598 nonZeros=22422
[fit-solve] matA nonFiniteEntries=0
[fit-solve] column mapping source=identity/global
[fit-solve] dynamic column reduction: selected=1598 / 1598
[fit-solve] matA rows=1936 cols=1598
[fit-solve] informative column reduction: selected=1598 / 1598
[fit-solve] matA_solve rows=1936 cols=1598
[fit-solve] dropped active/global columns by informative reduction begin
[fit-solve] dropped active/global columns by informative reduction end
[fit-solve] vectB(before At*b) rows=1936 cols=2
[fit-solve] vectB(before At*b) nonFiniteEntries=0
[fit-solve] sparse AtA: 1598x1598 nnz=56966
fit took: 0.445981
[fit-solve] vectSol(after solve) rows=1598 cols=2
[fit-solve] vectSol merge: seededFromOriginal=1 overwrittenRows=1598 basisMaskApplied=0
[fit-solve] vectSol(after solve) nonFiniteEntries=0
Solve finished. vectSol.rows()=1598, cols=2
matCbefore
1.13687e-13
matCafter
0.0753358
Total irregular points: 0
jack took: 0.281511 (pts/patch=20^2=400)
Irregular points: 0 / 6400 (0%)
minusnumber: 0
[assemble] custom-point layout per patch:
  patch=0 uv.cols=20
  patch=1 uv.cols=0
  patch=2 uv.cols=10
  patch=3 uv.cols=10
  patch=4 uv.cols=30
  patch=5 uv.cols=10
  patch=6 uv.cols=0
  patch=7 uv.cols=10
  patch=8 uv.cols=10
  patch=9 uv.cols=20
  patch=10 uv.cols=20
  patch=11 uv.cols=0
  patch=12 uv.cols=10
  patch=13 uv.cols=10
  patch=14 uv.cols=0
  patch=15 uv.cols=0
[assemble] resize A_mat(160,1598), b_vec(160,2)
[assemble] after resize: A_mat.rows=160 cols=1598 b_vec.rows=160 cols=2
Global fitting error stats: max=0.0753439, rms=0.00825791, samples=1936, maxAtPatch=14, maxAtLocalPoint=115
Global fitting max sample: uv=(0.5,1), xFit=(-41.6653,0.0784606), target=(-41.7406,0.0795681)
globalError: 0.0753439
featureError: 1.88393e-05
assemblyBoundaryError: 1.88393e-05
minusnumber: 0
Success! iteration = 1, coarselevel = 2
TOTALSIZE: 79
ACCEPTEDSIZE: 79
0	2	4	4	
0	0	8	4	
nonCheckedCells.size() has become: 8
[geo-coarsen] preflight mirrored patch=0, hierarchy-safe sibling fallback cells=4 level=2
[geo-coarsen] useGeo=1 cells=16 firstIndex=13 firstBox=[2,0,3,1]
[geo-coarsen] preflight mirrored patch=2, hierarchy-safe sibling fallback cells=4 level=2
[geo-coarsen] useGeo=1 cells=17 firstIndex=14 firstBox=[1,0,2,1]
[geo-coarsen] useGeo=1 cells=23 firstIndex=1 firstBox=[2,3,3,4]
[geo-coarsen] useGeo=1 cells=19 firstIndex=3 firstBox=[0,3,1,4]
[geo-coarsen] useGeo=1 cells=18 firstIndex=1 firstBox=[2,3,3,4]
[geo-coarsen] useGeo=1 cells=16 firstIndex=0 firstBox=[3,3,4,4]
[geo-coarsen] preflight mirrored patch=8, hierarchy-safe sibling fallback cells=4 level=2
[geo-coarsen] useGeo=1 cells=14 firstIndex=3 firstBox=[0,3,1,4]
[geo-coarsen] useGeo=1 cells=12 firstIndex=12 firstBox=[3,0,4,1]
[geo-coarsen] preflight mirrored patch=11, hierarchy-safe sibling fallback cells=4 level=2
[geo-coarsen] preflight mirrored patch=12, hierarchy-safe sibling fallback cells=4 level=2
[geo-coarsen] useGeo=1 cells=18 firstIndex=0 firstBox=[3,3,4,4]
[geo-coarsen] preflight mirrored patch=14, hierarchy-safe sibling fallback cells=4 level=2
[geo-coarsen] preflight mirrored patch=15, hierarchy-safe sibling fallback cells=4 level=2
[coarsen-group] size=7 patches: 0 2 8 11 12 14 15 delta=0
[geo-coarsen] preflight mirrored patch=0, hierarchy-safe sibling fallback cells=4 level=2
CREATE C BOX:
ourBOX is 
3 0 0 8 4 
CREATE C BOX:
ourBOX is 
3 6 0 8 2 
CREATE C BOX:
ourBOX is 
3 4 2 6 4 
CREATE C BOX:
ourBOX is 
3 6 2 8 4 

=== Box Consistency Check ===
Patch 0 has 7 boxes

Box domains:
Box 0: u=[0, 1] x v=[0.5, 1] (area=0.5)
Box 1: u=[0.5, 0.75] x v=[0, 0.25] (area=0.0625)
Box 2: u=[0, 0.5] x v=[0, 0.25] (area=0.125)
Box 3: u=[0, 0.5] x v=[0.25, 0.5] (area=0.125)
Box 4: u=[0.5, 0.75] x v=[0.25, 0.5] (area=0.0625)
Box 5: u=[0.75, 1] x v=[0, 0.25] (area=0.0625)
Box 6: u=[0.75, 1] x v=[0.25, 0.5] (area=0.0625)

Checking for overlaps:
  No overlaps detected (boundaries may touch)

Total area covered: 1 (target: 1.0)

SUCCESS: Boxes are consistent (no overlaps, full coverage)
Truncated basis of dimension 2,
levels=1, size=16, tree_nodes=1).
Domain: [0 0]..[1 1].
Size per level: 16 

0; 2; 0; 2; 4; 4; 
1; 2; 2; 0; 3; 1; 
2; 3; 0; 0; 4; 2; 
3; 3; 0; 2; 4; 4; 
4; 2; 2; 1; 3; 2; 
5; 2; 3; 0; 4; 1; 
6; 2; 3; 1; 4; 2; 
2 0 2 4 4
2 2 0 4 2
3 0 0 4 4
Truncated basis of dimension 2,
levels=4, size=61, tree_nodes=5).
Domain: [0 0]..[1 1].
Size per level: 0 0 45 16 

[primary coarsen] patch=0 cells=4 THBsize=61
CREATE C BOX:
ourBOX is 
3 0 0 8 4 
CREATE C BOX:
ourBOX is 
3 6 0 8 2 
CREATE C BOX:
ourBOX is 
3 4 2 6 4 
CREATE C BOX:
ourBOX is 
3 6 2 8 4 
[co-patch coarsen] patch=2 RTH=1
[co-patch coarsen] patch=2 THBsize=61
CREATE C BOX:
ourBOX is 
3 0 0 8 4 
CREATE C BOX:
ourBOX is 
3 6 0 8 2 
CREATE C BOX:
ourBOX is 
3 4 2 6 4 
CREATE C BOX:
ourBOX is 
3 6 2 8 4 
[co-patch coarsen] patch=8 RTH=1
[co-patch coarsen] patch=8 THBsize=61
CREATE C BOX:
ourBOX is 
3 0 0 8 4 
CREATE C BOX:
ourBOX is 
3 6 0 8 2 
CREATE C BOX:
ourBOX is 
3 4 2 6 4 
CREATE C BOX:
ourBOX is 
3 6 2 8 4 
[co-patch coarsen] patch=11 RTH=1
[co-patch coarsen] patch=11 THBsize=61
CREATE C BOX:
ourBOX is 
3 0 0 8 4 
CREATE C BOX:
ourBOX is 
3 6 0 8 2 
CREATE C BOX:
ourBOX is 
3 4 2 6 4 
CREATE C BOX:
ourBOX is 
3 6 2 8 4 
[co-patch coarsen] patch=12 RTH=1
[co-patch coarsen] patch=12 THBsize=61
CREATE C BOX:
ourBOX is 
3 0 0 8 4 
CREATE C BOX:
ourBOX is 
3 6 0 8 2 
CREATE C BOX:
ourBOX is 
3 4 2 6 4 
CREATE C BOX:
ourBOX is 
3 6 2 8 4 
[co-patch coarsen] patch=14 RTH=1
[co-patch coarsen] patch=14 THBsize=61
CREATE C BOX:
ourBOX is 
3 0 0 8 4 
CREATE C BOX:
ourBOX is 
3 6 0 8 2 
CREATE C BOX:
ourBOX is 
3 4 2 6 4 
CREATE C BOX:
ourBOX is 
3 6 2 8 4 
[co-patch coarsen] patch=15 RTH=1
[co-patch coarsen] patch=15 THBsize=61
1 1 1 0 0 1 1 1 0 0 1 1 1 1 1 1 1 1 1 1 1 1 1 1 1 1 1 1 1 1 1 0 1 1 1 1 1 1 1 1 1 1 1 1 1 0 0 0 0 0 0 0 0 0 0 0 0 0 0 0 0
creating the index mapping
thbToBellsMapping[patch].size(): 61
thbToBellsMapping[patch].size(): 121
thbToBellsMapping[patch].size(): 61
thbToBellsMapping[patch].size(): 121
thbToBellsMapping[patch].size(): 121
thbToBellsMapping[patch].size(): 121
thbToBellsMapping[patch].size(): 121
thbToBellsMapping[patch].size(): 121
thbToBellsMapping[patch].size(): 61
thbToBellsMapping[patch].size(): 121
thbToBellsMapping[patch].size(): 121
thbToBellsMapping[patch].size(): 61
thbToBellsMapping[patch].size(): 61
thbToBellsMapping[patch].size(): 121
thbToBellsMapping[patch].size(): 61
thbToBellsMapping[patch].size(): 61
[mapPrev] newSize=1478 carried=1408 new(zero)=70
[mpbes-init] vectSol assigned from prevSol patch=0 levNow=2 attempt=2 rows=1478 cols=2 nonZeroRows=1408
[fitting-mode] attempt context: mode=globalFitting patch=0 levNow=2 attempt=2
[local-region] attempt context: patch=0 levNow=2 attempt=2 lambda=0 basisSelected=0/0 uvBefore=1936 uvAfter=1936
[assemble] custom-point layout per patch:
  patch=0 uv.cols=121
  patch=1 uv.cols=121
  patch=2 uv.cols=121
  patch=3 uv.cols=121
  patch=4 uv.cols=121
  patch=5 uv.cols=121
  patch=6 uv.cols=121
  patch=7 uv.cols=121
  patch=8 uv.cols=121
  patch=9 uv.cols=121
  patch=10 uv.cols=121
  patch=11 uv.cols=121
  patch=12 uv.cols=121
  patch=13 uv.cols=121
  patch=14 uv.cols=121
  patch=15 uv.cols=121
[assemble] resize A_mat(1936,1478), b_vec(1936,2)
[assemble] after resize: A_mat.rows=1936 cols=1478 b_vec.rows=1936 cols=2
[assemble] mode=global A cols=1478
[fit-solve] matA sparse rows=1936 cols=1478 nonZeros=22184
[fit-solve] matA nonFiniteEntries=0
[fit-solve] column mapping source=identity/global
[fit-solve] dynamic column reduction: selected=1478 / 1478
[fit-solve] matA rows=1936 cols=1478
[fit-solve] informative column reduction: selected=1478 / 1478
[fit-solve] matA_solve rows=1936 cols=1478
[fit-solve] dropped active/global columns by informative reduction begin
[fit-solve] dropped active/global columns by informative reduction end
[fit-solve] vectB(before At*b) rows=1936 cols=2
[fit-solve] vectB(before At*b) nonFiniteEntries=0
[fit-solve] sparse AtA: 1478x1478 nnz=51302
fit took: 0.391286
[fit-solve] vectSol(after solve) rows=1478 cols=2
[fit-solve] vectSol merge: seededFromOriginal=1 overwrittenRows=1478 basisMaskApplied=0
[fit-solve] vectSol(after solve) nonFiniteEntries=0
Solve finished. vectSol.rows()=1478, cols=2
matCbefore
1.42109e-13
matCafter
0.075234
Total irregular points: 0
jack took: 0.302727 (pts/patch=20^2=400)
Irregular points: 0 / 6400 (0%)
minusnumber: 0
[assemble] custom-point layout per patch:
  patch=0 uv.cols=20
  patch=1 uv.cols=0
  patch=2 uv.cols=10
  patch=3 uv.cols=10
  patch=4 uv.cols=30
  patch=5 uv.cols=10
  patch=6 uv.cols=0
  patch=7 uv.cols=10
  patch=8 uv.cols=10
  patch=9 uv.cols=20
  patch=10 uv.cols=20
  patch=11 uv.cols=0
  patch=12 uv.cols=10
  patch=13 uv.cols=10
  patch=14 uv.cols=0
  patch=15 uv.cols=0
[assemble] resize A_mat(160,1478), b_vec(160,2)
[assemble] after resize: A_mat.rows=160 cols=1478 b_vec.rows=160 cols=2
Global fitting error stats: max=0.0752416, rms=0.00940009, samples=1936, maxAtPatch=14, maxAtLocalPoint=115
Global fitting max sample: uv=(0.5,1), xFit=(-41.6654,0.0785013), target=(-41.7406,0.0795681)
globalError: 0.0752416
featureError: 3.37731e-05
assemblyBoundaryError: 3.37731e-05
minusnumber: 0
Success! iteration = 1, coarselevel = 2
TOTALSIZE: 61
ACCEPTEDSIZE: 61
0	2	4	4	
2	0	4	2	
0	0	4	4	
nonCheckedCells.size() has become: 4
[geo-coarsen] preflight mirrored patch=0, hierarchy-safe sibling fallback cells=4 level=2
[geo-coarsen] useGeo=1 cells=16 firstIndex=13 firstBox=[2,0,3,1]
[geo-coarsen] preflight mirrored patch=2, hierarchy-safe sibling fallback cells=4 level=2
[geo-coarsen] useGeo=1 cells=17 firstIndex=14 firstBox=[1,0,2,1]
[geo-coarsen] useGeo=1 cells=23 firstIndex=1 firstBox=[2,3,3,4]
[geo-coarsen] useGeo=1 cells=19 firstIndex=3 firstBox=[0,3,1,4]
[geo-coarsen] useGeo=1 cells=18 firstIndex=1 firstBox=[2,3,3,4]
[geo-coarsen] useGeo=1 cells=16 firstIndex=0 firstBox=[3,3,4,4]
[geo-coarsen] preflight mirrored patch=8, hierarchy-safe sibling fallback cells=4 level=2
[geo-coarsen] useGeo=1 cells=14 firstIndex=3 firstBox=[0,3,1,4]
[geo-coarsen] useGeo=1 cells=12 firstIndex=12 firstBox=[3,0,4,1]
[geo-coarsen] preflight mirrored patch=11, hierarchy-safe sibling fallback cells=4 level=2
[geo-coarsen] preflight mirrored patch=12, hierarchy-safe sibling fallback cells=4 level=2
[geo-coarsen] useGeo=1 cells=18 firstIndex=0 firstBox=[3,3,4,4]
[geo-coarsen] preflight mirrored patch=14, hierarchy-safe sibling fallback cells=4 level=2
[geo-coarsen] preflight mirrored patch=15, hierarchy-safe sibling fallback cells=4 level=2
[coarsen-group] size=7 patches: 0 2 8 11 12 14 15 delta=0
[geo-coarsen] preflight mirrored patch=0, hierarchy-safe sibling fallback cells=4 level=2
CREATE C BOX:
ourBOX is 
3 0 0 4 4 
CREATE C BOX:
ourBOX is 
3 2 0 4 2 
CREATE C BOX:
ourBOX is 
3 0 2 2 4 
CREATE C BOX:
ourBOX is 
3 2 2 4 4 

=== Box Consistency Check ===
Patch 0 has 6 boxes

Box domains:
Box 0: u=[0, 1] x v=[0.5, 1] (area=0.5)
Box 1: u=[0.5, 1] x v=[0, 0.5] (area=0.25)
Box 2: u=[0, 0.25] x v=[0, 0.25] (area=0.0625)
Box 3: u=[0, 0.25] x v=[0.25, 0.5] (area=0.0625)
Box 4: u=[0.25, 0.5] x v=[0, 0.25] (area=0.0625)
Box 5: u=[0.25, 0.5] x v=[0.25, 0.5] (area=0.0625)

Checking for overlaps:
  No overlaps detected (boundaries may touch)

Total area covered: 1 (target: 1.0)

SUCCESS: Boxes are consistent (no overlaps, full coverage)
Truncated basis of dimension 2,
levels=1, size=16, tree_nodes=1).
Domain: [0 0]..[1 1].
Size per level: 16 

0; 2; 0; 2; 4; 4; 
1; 2; 2; 0; 4; 2; 
2; 2; 0; 0; 1; 1; 
3; 2; 0; 1; 1; 2; 
4; 2; 1; 0; 2; 1; 
5; 2; 1; 1; 2; 2; 
2 0 0 4 4
Truncated basis of dimension 2,
levels=3, size=49, tree_nodes=1).
Domain: [0 0]..[1 1].
Size per level: 0 0 49 

[primary coarsen] patch=0 cells=4 THBsize=49
CREATE C BOX:
ourBOX is 
3 0 0 4 4 
CREATE C BOX:
ourBOX is 
3 2 0 4 2 
CREATE C BOX:
ourBOX is 
3 0 2 2 4 
CREATE C BOX:
ourBOX is 
3 2 2 4 4 
[co-patch coarsen] patch=2 RTH=1
[co-patch coarsen] patch=2 THBsize=49
CREATE C BOX:
ourBOX is 
3 0 0 4 4 
CREATE C BOX:
ourBOX is 
3 2 0 4 2 
CREATE C BOX:
ourBOX is 
3 0 2 2 4 
CREATE C BOX:
ourBOX is 
3 2 2 4 4 
[co-patch coarsen] patch=8 RTH=1
[co-patch coarsen] patch=8 THBsize=49
CREATE C BOX:
ourBOX is 
3 0 0 4 4 
CREATE C BOX:
ourBOX is 
3 2 0 4 2 
CREATE C BOX:
ourBOX is 
3 0 2 2 4 
CREATE C BOX:
ourBOX is 
3 2 2 4 4 
[co-patch coarsen] patch=11 RTH=1
[co-patch coarsen] patch=11 THBsize=49
CREATE C BOX:
ourBOX is 
3 0 0 4 4 
CREATE C BOX:
ourBOX is 
3 2 0 4 2 
CREATE C BOX:
ourBOX is 
3 0 2 2 4 
CREATE C BOX:
ourBOX is 
3 2 2 4 4 
[co-patch coarsen] patch=12 RTH=1
[co-patch coarsen] patch=12 THBsize=49
CREATE C BOX:
ourBOX is 
3 0 0 4 4 
CREATE C BOX:
ourBOX is 
3 2 0 4 2 
CREATE C BOX:
ourBOX is 
3 0 2 2 4 
CREATE C BOX:
ourBOX is 
3 2 2 4 4 
[co-patch coarsen] patch=14 RTH=1
[co-patch coarsen] patch=14 THBsize=49
CREATE C BOX:
ourBOX is 
3 0 0 4 4 
CREATE C BOX:
ourBOX is 
3 2 0 4 2 
CREATE C BOX:
ourBOX is 
3 0 2 2 4 
CREATE C BOX:
ourBOX is 
3 2 2 4 4 
[co-patch coarsen] patch=15 RTH=1
[co-patch coarsen] patch=15 THBsize=49
0 0 1 1 1 0 0 0 0 1 1 1 0 0 1 1 1 1 1 1 1 1 1 1 1 1 1 1 1 1 1 1 1 1 1 1 1 1 1 1 1 1 1 1 1 1 1 1 1
creating the index mapping
thbToBellsMapping[patch].size(): 49
thbToBellsMapping[patch].size(): 121
thbToBellsMapping[patch].size(): 49
thbToBellsMapping[patch].size(): 121
thbToBellsMapping[patch].size(): 121
thbToBellsMapping[patch].size(): 121
thbToBellsMapping[patch].size(): 121
thbToBellsMapping[patch].size(): 121
thbToBellsMapping[patch].size(): 49
thbToBellsMapping[patch].size(): 121
thbToBellsMapping[patch].size(): 121
thbToBellsMapping[patch].size(): 49
thbToBellsMapping[patch].size(): 49
thbToBellsMapping[patch].size(): 121
thbToBellsMapping[patch].size(): 49
thbToBellsMapping[patch].size(): 49
[mapPrev] newSize=1394 carried=1366 new(zero)=28
[mpbes-init] vectSol assigned from prevSol patch=0 levNow=2 attempt=3 rows=1394 cols=2 nonZeroRows=1366
[fitting-mode] attempt context: mode=globalFitting patch=0 levNow=2 attempt=3
[local-region] attempt context: patch=0 levNow=2 attempt=3 lambda=0 basisSelected=0/0 uvBefore=1936 uvAfter=1936
[assemble] custom-point layout per patch:
  patch=0 uv.cols=121
  patch=1 uv.cols=121
  patch=2 uv.cols=121
  patch=3 uv.cols=121
  patch=4 uv.cols=121
  patch=5 uv.cols=121
  patch=6 uv.cols=121
  patch=7 uv.cols=121
  patch=8 uv.cols=121
  patch=9 uv.cols=121
  patch=10 uv.cols=121
  patch=11 uv.cols=121
  patch=12 uv.cols=121
  patch=13 uv.cols=121
  patch=14 uv.cols=121
  patch=15 uv.cols=121
[assemble] resize A_mat(1936,1394), b_vec(1936,2)
[assemble] after resize: A_mat.rows=1936 cols=1394 b_vec.rows=1936 cols=2
[assemble] mode=global A cols=1394
[fit-solve] matA sparse rows=1936 cols=1394 nonZeros=21904
[fit-solve] matA nonFiniteEntries=0
[fit-solve] column mapping source=identity/global
[fit-solve] dynamic column reduction: selected=1394 / 1394
[fit-solve] matA rows=1936 cols=1394
[fit-solve] informative column reduction: selected=1394 / 1394
[fit-solve] matA_solve rows=1936 cols=1394
[fit-solve] dropped active/global columns by informative reduction begin
[fit-solve] dropped active/global columns by informative reduction end
[fit-solve] vectB(before At*b) rows=1936 cols=2
[fit-solve] vectB(before At*b) nonFiniteEntries=0
[fit-solve] sparse AtA: 1394x1394 nnz=47396
fit took: 0.311194
[fit-solve] vectSol(after solve) rows=1394 cols=2
[fit-solve] vectSol merge: seededFromOriginal=1 overwrittenRows=1394 basisMaskApplied=0
[fit-solve] vectSol(after solve) nonFiniteEntries=0
Solve finished. vectSol.rows()=1394, cols=2
matCbefore
8.52651e-14
matCafter
0.0753358
Total irregular points: 0
jack took: 0.022173 (pts/patch=20^2=400)
Irregular points: 0 / 6400 (0%)
minusnumber: 0
[assemble] custom-point layout per patch:
  patch=0 uv.cols=20
  patch=1 uv.cols=0
  patch=2 uv.cols=10
  patch=3 uv.cols=10
  patch=4 uv.cols=30
  patch=5 uv.cols=10
  patch=6 uv.cols=0
  patch=7 uv.cols=10
  patch=8 uv.cols=10
  patch=9 uv.cols=20
  patch=10 uv.cols=20
  patch=11 uv.cols=0
  patch=12 uv.cols=10
  patch=13 uv.cols=10
  patch=14 uv.cols=0
  patch=15 uv.cols=0
[assemble] resize A_mat(160,1394), b_vec(160,2)
[assemble] after resize: A_mat.rows=160 cols=1394 b_vec.rows=160 cols=2
Global fitting error stats: max=0.0753439, rms=0.0102231, samples=1936, maxAtPatch=14, maxAtLocalPoint=115
Global fitting max sample: uv=(0.5,1), xFit=(-41.6653,0.0784606), target=(-41.7406,0.0795681)
globalError: 0.0753439
featureError: 3.38158e-05
assemblyBoundaryError: 3.38158e-05
minusnumber: 0
Success! iteration = 1, coarselevel = 2
TOTALSIZE: 49
ACCEPTEDSIZE: 49
0	0	4	4	
nonCheckedCells.size() has become: 0
[geo-coarsen] useGeo=1 cells=16 firstIndex=13 firstBox=[2,0,3,1]
[geo-coarsen] useGeo=1 cells=17 firstIndex=14 firstBox=[1,0,2,1]
[geo-coarsen] useGeo=1 cells=23 firstIndex=1 firstBox=[2,3,3,4]
[geo-coarsen] useGeo=1 cells=19 firstIndex=3 firstBox=[0,3,1,4]
[geo-coarsen] useGeo=1 cells=18 firstIndex=1 firstBox=[2,3,3,4]
[geo-coarsen] useGeo=1 cells=16 firstIndex=0 firstBox=[3,3,4,4]
[geo-coarsen] useGeo=1 cells=14 firstIndex=3 firstBox=[0,3,1,4]
[geo-coarsen] useGeo=1 cells=12 firstIndex=12 firstBox=[3,0,4,1]
[geo-coarsen] useGeo=1 cells=18 firstIndex=0 firstBox=[3,3,4,4]
[coarsen-group] size=9 patches: 1 3 4 5 6 7 9 10 13 delta=0.2
[geo-coarsen] useGeo=1 cells=16 firstIndex=13 firstBox=[2,0,3,1]
CREATE C BOX:
ourBOX is 
3 0 0 8 8 
CREATE C BOX:
ourBOX is 
3 0 0 4 2 
CREATE C BOX:
ourBOX is 
3 6 0 8 2 
CREATE C BOX:
ourBOX is 
3 0 2 4 8 
CREATE C BOX:
ourBOX is 
3 4 2 6 8 

=== Box Consistency Check ===
Patch 1 has 11 boxes

Box domains:
Box 0: u=[0.5, 0.75] x v=[0, 0.25] (area=0.0625)
Box 1: u=[0.25, 0.5] x v=[0, 0.25] (area=0.0625)
Box 2: u=[0.25, 0.5] x v=[0.25, 0.5] (area=0.0625)
Box 3: u=[0.5, 0.75] x v=[0.25, 0.5] (area=0.0625)
Box 4: u=[0.75, 1] x v=[0, 0.25] (area=0.0625)
Box 5: u=[0.75, 1] x v=[0.25, 1] (area=0.1875)
Box 6: u=[0, 0.25] x v=[0, 0.25] (area=0.0625)
Box 7: u=[0, 0.25] x v=[0.25, 0.5] (area=0.0625)
Box 8: u=[0, 0.25] x v=[0.5, 1] (area=0.125)
Box 9: u=[0.25, 0.5] x v=[0.5, 1] (area=0.125)
Box 10: u=[0.5, 0.75] x v=[0.5, 1] (area=0.125)

Checking for overlaps:
  No overlaps detected (boundaries may touch)

Total area covered: 1 (target: 1.0)

SUCCESS: Boxes are consistent (no overlaps, full coverage)
Truncated basis of dimension 2,
levels=1, size=16, tree_nodes=1).
Domain: [0 0]..[1 1].
Size per level: 16 

0; 2; 2; 0; 3; 1; 
1; 2; 1; 0; 2; 1; 
2; 2; 1; 1; 2; 2; 
3; 2; 2; 1; 3; 2; 
4; 2; 3; 0; 4; 1; 
5; 3; 6; 2; 8; 8; 
6; 3; 0; 0; 2; 2; 
7; 3; 0; 2; 2; 4; 
8; 3; 0; 4; 2; 8; 
9; 3; 2; 4; 4; 8; 
10; 3; 4; 4; 6; 8; 
3 0 4 8 8
3 6 2 8 4
2 3 0 4 1
2 1 0 3 2
3 0 0 2 4
Truncated basis of dimension 2,
levels=4, size=91, tree_nodes=11).
Domain: [0 0]..[1 1].
Size per level: 0 0 29 62 

[primary coarsen] patch=1 cells=16 THBsize=91
CREATE C BOX:
ourBOX is 
3 0 0 8 8 
CREATE C BOX:
ourBOX is 
3 4 0 8 2 
CREATE C BOX:
ourBOX is 
3 0 0 2 2 
CREATE C BOX:
ourBOX is 
3 6 0 8 2 
CREATE C BOX:
ourBOX is 
3 2 2 4 8 
CREATE C BOX:
ourBOX is 
3 4 2 8 8 
[co-patch coarsen] patch=3 RTH=1
[co-patch coarsen] patch=3 THBsize=85
CREATE C BOX:
ourBOX is 
3 0 0 8 8 
CREATE C BOX:
ourBOX is 
3 6 6 8 8 
CREATE C BOX:
ourBOX is 
3 0 6 4 8 
CREATE C BOX:
ourBOX is 
3 0 6 2 8 
CREATE C BOX:
ourBOX is 
3 4 0 6 6 
CREATE C BOX:
ourBOX is 
3 6 0 8 6 
CREATE C BOX:
ourBOX is 
3 0 0 4 6 
[co-patch coarsen] patch=4 RTH=1
[co-patch coarsen] patch=4 THBsize=82
CREATE C BOX:
ourBOX is 
3 0 0 8 8 
CREATE C BOX:
ourBOX is 
3 2 6 8 8 
CREATE C BOX:
ourBOX is 
3 4 6 8 8 
CREATE C BOX:
ourBOX is 
3 6 6 8 8 
CREATE C BOX:
ourBOX is 
3 0 0 2 6 
CREATE C BOX:
ourBOX is 
3 2 0 8 6 
[co-patch coarsen] patch=5 RTH=1
[co-patch coarsen] patch=5 THBsize=85
CREATE C BOX:
ourBOX is 
3 0 0 8 8 
CREATE C BOX:
ourBOX is 
3 0 6 4 8 
CREATE C BOX:
ourBOX is 
3 6 6 8 8 
CREATE C BOX:
ourBOX is 
3 0 6 2 8 
CREATE C BOX:
ourBOX is 
3 4 0 6 6 
[co-patch coarsen] patch=6 RTH=1
[co-patch coarsen] patch=6 THBsize=88
CREATE C BOX:
ourBOX is 
3 0 0 8 8 
CREATE C BOX:
ourBOX is 
3 0 6 6 8 
CREATE C BOX:
ourBOX is 
3 0 6 4 8 
CREATE C BOX:
ourBOX is 
3 6 0 8 6 
CREATE C BOX:
ourBOX is 
3 0 0 6 6 
[co-patch coarsen] patch=7 RTH=1
[co-patch coarsen] patch=7 THBsize=91
CREATE C BOX:
ourBOX is 
3 0 0 8 8 
CREATE C BOX:
ourBOX is 
3 2 6 8 8 
CREATE C BOX:
ourBOX is 
3 0 0 2 6 
CREATE C BOX:
ourBOX is 
3 4 6 8 8 
[co-patch coarsen] patch=9 RTH=1
[co-patch coarsen] patch=9 THBsize=94
CREATE C BOX:
ourBOX is 
3 0 0 8 8 
CREATE C BOX:
ourBOX is 
3 0 0 6 2 
CREATE C BOX:
ourBOX is 
3 6 2 8 8 
[co-patch coarsen] patch=10 RTH=1
[co-patch coarsen] patch=10 THBsize=100
CREATE C BOX:
ourBOX is 
3 0 0 8 8 
CREATE C BOX:
ourBOX is 
3 0 6 6 8 
CREATE C BOX:
ourBOX is 
3 0 6 4 8 
CREATE C BOX:
ourBOX is 
3 6 0 8 6 
CREATE C BOX:
ourBOX is 
3 0 0 6 6 
[co-patch coarsen] patch=13 RTH=1
[co-patch coarsen] patch=13 THBsize=91
0 1 1 1 0 0 0 1 1 1 0 0 1 1 1 1 1 1 1 1 1 1 1 1 1 1 1 1 1 0 0 0 0 0 0 0 0 0 0 1 1 1 1 1 1 1 1 1 1 1 1 1 1 1 1 1 1 1 1 1 1 1 1 1 1 1 1 1 1 1 1 1 1 1 1 1 1 1 1 1 1 1 1 1 1 1 1 1 1 1 1
creating the index mapping
thbToBellsMapping[patch].size(): 49
thbToBellsMapping[patch].size(): 91
thbToBellsMapping[patch].size(): 49
thbToBellsMapping[patch].size(): 85
thbToBellsMapping[patch].size(): 82
thbToBellsMapping[patch].size(): 85
thbToBellsMapping[patch].size(): 88
thbToBellsMapping[patch].size(): 91
thbToBellsMapping[patch].size(): 49
thbToBellsMapping[patch].size(): 94
thbToBellsMapping[patch].size(): 100
thbToBellsMapping[patch].size(): 49
thbToBellsMapping[patch].size(): 49
thbToBellsMapping[patch].size(): 91
thbToBellsMapping[patch].size(): 49
thbToBellsMapping[patch].size(): 49
[mapPrev] newSize=1109 carried=850 new(zero)=259
[mpbes-init] vectSol assigned from prevSol patch=1 levNow=2 attempt=4 rows=1109 cols=2 nonZeroRows=850
[fitting-mode] attempt context: mode=globalFitting patch=1 levNow=2 attempt=4
[local-region] attempt context: patch=1 levNow=2 attempt=4 lambda=0 basisSelected=0/0 uvBefore=1936 uvAfter=1936
[assemble] custom-point layout per patch:
  patch=0 uv.cols=121
  patch=1 uv.cols=121
  patch=2 uv.cols=121
  patch=3 uv.cols=121
  patch=4 uv.cols=121
  patch=5 uv.cols=121
  patch=6 uv.cols=121
  patch=7 uv.cols=121
  patch=8 uv.cols=121
  patch=9 uv.cols=121
  patch=10 uv.cols=121
  patch=11 uv.cols=121
  patch=12 uv.cols=121
  patch=13 uv.cols=121
  patch=14 uv.cols=121
  patch=15 uv.cols=121
[assemble] resize A_mat(1936,1109), b_vec(1936,2)
[assemble] after resize: A_mat.rows=1936 cols=1109 b_vec.rows=1936 cols=2
[assemble] mode=global A cols=1109
[fit-solve] matA sparse rows=1936 cols=1109 nonZeros=22893
[fit-solve] matA nonFiniteEntries=0
[fit-solve] column mapping source=identity/global
[fit-solve] dynamic column reduction: selected=1109 / 1109
[fit-solve] matA rows=1936 cols=1109
[fit-solve] informative column reduction: selected=1109 / 1109
[fit-solve] matA_solve rows=1936 cols=1109
[fit-solve] dropped active/global columns by informative reduction begin
[fit-solve] dropped active/global columns by informative reduction end
[fit-solve] vectB(before At*b) rows=1936 cols=2
[fit-solve] vectB(before At*b) nonFiniteEntries=0
[fit-solve] sparse AtA: 1109x1109 nnz=38395
fit took: 0.323514
[fit-solve] vectSol(after solve) rows=1109 cols=2
[fit-solve] vectSol merge: seededFromOriginal=1 overwrittenRows=1109 basisMaskApplied=0
[fit-solve] vectSol(after solve) nonFiniteEntries=0
Solve finished. vectSol.rows()=1109, cols=2
matCbefore
1.98952e-13
matCafter
0.0753358
Total irregular points: 0
jack took: 0.362796 (pts/patch=20^2=400)
Irregular points: 0 / 6400 (0%)
minusnumber: 0
[assemble] custom-point layout per patch:
  patch=0 uv.cols=20
  patch=1 uv.cols=0
  patch=2 uv.cols=10
  patch=3 uv.cols=10
  patch=4 uv.cols=30
  patch=5 uv.cols=10
  patch=6 uv.cols=0
  patch=7 uv.cols=10
  patch=8 uv.cols=10
  patch=9 uv.cols=20
  patch=10 uv.cols=20
  patch=11 uv.cols=0
  patch=12 uv.cols=10
  patch=13 uv.cols=10
  patch=14 uv.cols=0
  patch=15 uv.cols=0
[assemble] resize A_mat(160,1109), b_vec(160,2)
[assemble] after resize: A_mat.rows=160 cols=1109 b_vec.rows=160 cols=2
Global fitting error stats: max=0.0753439, rms=0.0102261, samples=1936, maxAtPatch=14, maxAtLocalPoint=115
Global fitting max sample: uv=(0.5,1), xFit=(-41.6653,0.0784606), target=(-41.7406,0.0795681)
globalError: 0.0753439
featureError: 0.000138324
assemblyBoundaryError: 0.000138324
minusnumber: 0
Success! iteration = 1, coarselevel = 2
TOTALSIZE: 91
ACCEPTEDSIZE: 91
0	4	8	8	
6	2	8	4	
3	0	4	1	
1	0	3	2	
0	0	2	4	
nonCheckedCells.size() has become: 11
[geo-coarsen] useGeo=1 cells=14 firstIndex=15 firstBox=[0,0,1,1]
[geo-coarsen] useGeo=1 cells=8 firstIndex=11 firstBox=[0,1,1,2]
[geo-coarsen] useGeo=1 cells=8 firstIndex=7 firstBox=[0,2,1,3]
[geo-coarsen] useGeo=1 cells=8 firstIndex=5 firstBox=[2,2,3,3]
[geo-coarsen] useGeo=1 cells=12 firstIndex=6 firstBox=[1,2,2,3]
[geo-coarsen] useGeo=1 cells=15 firstIndex=3 firstBox=[0,3,1,4]
[geo-coarsen] useGeo=1 cells=14 firstIndex=6 firstBox=[1,2,2,3]
[geo-coarsen] useGeo=1 cells=11 firstIndex=14 firstBox=[1,0,2,1]
[geo-coarsen] useGeo=1 cells=12 firstIndex=6 firstBox=[1,2,2,3]
[coarsen-group] size=9 patches: 1 3 4 5 6 7 9 10 13 delta=0.2
[geo-coarsen] useGeo=1 cells=14 firstIndex=15 firstBox=[0,0,1,1]
CREATE C BOX:
ourBOX is 
3 0 0 2 4 
CREATE C BOX:
ourBOX is 
3 6 2 8 4 
CREATE C BOX:
ourBOX is 
3 0 2 2 4 
CREATE C BOX:
ourBOX is 
3 0 4 8 8 
CREATE C BOX:
ourBOX is 
3 4 4 8 6 

=== Box Consistency Check ===
Patch 1 has 12 boxes

Box domains:
Box 0: u=[0.25, 0.5] x v=[0.5, 0.75] (area=0.0625)
Box 1: u=[0.75, 1] x v=[0.25, 0.5] (area=0.0625)
Box 2: u=[0.75, 1] x v=[0, 0.25] (area=0.0625)
Box 3: u=[0.25, 0.75] x v=[0, 0.5] (area=0.25)
Box 4: u=[0, 0.25] x v=[0, 0.25] (area=0.0625)
Box 5: u=[0, 0.25] x v=[0.25, 0.5] (area=0.0625)
Box 6: u=[0, 0.25] x v=[0.5, 0.75] (area=0.0625)
Box 7: u=[0, 0.25] x v=[0.75, 1] (area=0.0625)
Box 8: u=[0.25, 0.5] x v=[0.75, 1] (area=0.0625)
Box 9: u=[0.5, 0.75] x v=[0.5, 0.75] (area=0.0625)
Box 10: u=[0.5, 1] x v=[0.75, 1] (area=0.125)
Box 11: u=[0.75, 1] x v=[0.5, 0.75] (area=0.0625)

Checking for overlaps:
  No overlaps detected (boundaries may touch)

Total area covered: 1 (target: 1.0)

SUCCESS: Boxes are consistent (no overlaps, full coverage)
Truncated basis of dimension 2,
levels=1, size=16, tree_nodes=1).
Domain: [0 0]..[1 1].
Size per level: 16 

0; 2; 1; 2; 2; 3; 
1; 2; 3; 1; 4; 2; 
2; 2; 3; 0; 4; 1; 
3; 2; 1; 0; 3; 2; 
4; 2; 0; 0; 1; 1; 
5; 2; 0; 1; 1; 2; 
6; 3; 0; 4; 2; 6; 
7; 3; 0; 6; 2; 8; 
8; 3; 2; 6; 4; 8; 
9; 2; 2; 2; 3; 3; 
10; 3; 4; 6; 8; 8; 
11; 3; 6; 4; 8; 6; 
3 2 6 8 8
3 6 4 8 6
2 3 0 4 2
2 1 0 3 3
3 0 4 2 8
2 0 0 1 2
Truncated basis of dimension 2,
levels=4, size=70, tree_nodes=9).
Domain: [0 0]..[1 1].
Size per level: 0 0 40 30 

[primary coarsen] patch=1 cells=14 THBsize=70
CREATE C BOX:
ourBOX is 
3 0 2 2 4 
CREATE C BOX:
ourBOX is 
3 6 2 8 4 
[co-patch coarsen] patch=3 RTH=1
[co-patch coarsen] patch=3 THBsize=79
CREATE C BOX:
ourBOX is 
3 0 4 2 6 
CREATE C BOX:
ourBOX is 
3 0 0 8 4 
[co-patch coarsen] patch=4 RTH=1
[co-patch coarsen] patch=4 THBsize=73
CREATE C BOX:
ourBOX is 
3 4 0 8 6 
CREATE C BOX:
ourBOX is 
3 6 4 8 6 
[co-patch coarsen] patch=5 RTH=1
[co-patch coarsen] patch=5 THBsize=79
CREATE C BOX:
ourBOX is 
3 0 0 4 6 
CREATE C BOX:
ourBOX is 
3 6 4 8 6 
CREATE C BOX:
ourBOX is 
3 0 4 2 6 
[co-patch coarsen] patch=6 RTH=1
[co-patch coarsen] patch=6 THBsize=79
CREATE C BOX:
ourBOX is 
3 0 4 2 8 
CREATE C BOX:
ourBOX is 
3 2 4 4 6 
CREATE C BOX:
ourBOX is 
3 0 4 2 6 
CREATE C BOX:
ourBOX is 
3 0 0 8 4 
CREATE C BOX:
ourBOX is 
3 0 2 6 4 
[co-patch coarsen] patch=7 RTH=1
[co-patch coarsen] patch=7 THBsize=70
CREATE C BOX:
ourBOX is 
3 2 4 4 6 
CREATE C BOX:
ourBOX is 
3 0 0 4 4 
CREATE C BOX:
ourBOX is 
3 4 0 8 6 
CREATE C BOX:
ourBOX is 
3 6 6 8 8 
CREATE C BOX:
ourBOX is 
3 2 2 4 4 
[co-patch coarsen] patch=9 RTH=1
[co-patch coarsen] patch=9 THBsize=73
CREATE C BOX:
ourBOX is 
3 0 0 4 8 
CREATE C BOX:
ourBOX is 
3 4 2 6 4 
CREATE C BOX:
ourBOX is 
3 4 4 8 8 
[co-patch coarsen] patch=10 RTH=1
[co-patch coarsen] patch=10 THBsize=85
CREATE C BOX:
ourBOX is 
3 2 4 4 6 
CREATE C BOX:
ourBOX is 
3 0 4 2 8 
CREATE C BOX:
ourBOX is 
3 0 0 8 4 
CREATE C BOX:
ourBOX is 
3 0 2 6 4 
[co-patch coarsen] patch=13 RTH=1
[co-patch coarsen] patch=13 THBsize=73
0 0 1 1 1 0 0 0 0 1 1 1 0 0 1 1 1 1 1 1 1 1 1 1 1 1 1 1 1 1 1 1 1 1 1 0 1 1 1 0 0 0 0 0 0 0 1 1 1 1 1 1 1 1 1 1 1 1 1 1 1 1 1 1 1 1 1 1 1 1
creating the index mapping
thbToBellsMapping[patch].size(): 49
thbToBellsMapping[patch].size(): 70
thbToBellsMapping[patch].size(): 49
thbToBellsMapping[patch].size(): 79
thbToBellsMapping[patch].size(): 73
thbToBellsMapping[patch].size(): 79
thbToBellsMapping[patch].size(): 79
thbToBellsMapping[patch].size(): 70
thbToBellsMapping[patch].size(): 49
thbToBellsMapping[patch].size(): 73
thbToBellsMapping[patch].size(): 85
thbToBellsMapping[patch].size(): 49
thbToBellsMapping[patch].size(): 49
thbToBellsMapping[patch].size(): 73
thbToBellsMapping[patch].size(): 49
thbToBellsMapping[patch].size(): 49
[mapPrev] newSize=988 carried=926 new(zero)=62
[mpbes-init] vectSol assigned from prevSol patch=1 levNow=2 attempt=5 rows=988 cols=2 nonZeroRows=926
[fitting-mode] attempt context: mode=globalFitting patch=1 levNow=2 attempt=5
[local-region] attempt context: patch=1 levNow=2 attempt=5 lambda=0 basisSelected=0/0 uvBefore=1936 uvAfter=1936
[assemble] custom-point layout per patch:
  patch=0 uv.cols=121
  patch=1 uv.cols=121
  patch=2 uv.cols=121
  patch=3 uv.cols=121
  patch=4 uv.cols=121
  patch=5 uv.cols=121
  patch=6 uv.cols=121
  patch=7 uv.cols=121
  patch=8 uv.cols=121
  patch=9 uv.cols=121
  patch=10 uv.cols=121
  patch=11 uv.cols=121
  patch=12 uv.cols=121
  patch=13 uv.cols=121
  patch=14 uv.cols=121
  patch=15 uv.cols=121
[assemble] resize A_mat(1936,988), b_vec(1936,2)
[assemble] after resize: A_mat.rows=1936 cols=988 b_vec.rows=1936 cols=2
[assemble] mode=global A cols=988
[fit-solve] matA sparse rows=1936 cols=988 nonZeros=22571
[fit-solve] matA nonFiniteEntries=0
[fit-solve] column mapping source=identity/global
[fit-solve] dynamic column reduction: selected=988 / 988
[fit-solve] matA rows=1936 cols=988
[fit-solve] informative column reduction: selected=988 / 988
[fit-solve] matA_solve rows=1936 cols=988
[fit-solve] dropped active/global columns by informative reduction begin
[fit-solve] dropped active/global columns by informative reduction end
[fit-solve] vectB(before At*b) rows=1936 cols=2
[fit-solve] vectB(before At*b) nonFiniteEntries=0
[fit-solve] sparse AtA: 988x988 nnz=32588
fit took: 0.305148
[fit-solve] vectSol(after solve) rows=988 cols=2
[fit-solve] vectSol merge: seededFromOriginal=1 overwrittenRows=988 basisMaskApplied=0
[fit-solve] vectSol(after solve) nonFiniteEntries=0
Solve finished. vectSol.rows()=988, cols=2
matCbefore
1.7053e-13
matCafter
0.0753358
Total irregular points: 0
jack took: 0.410223 (pts/patch=20^2=400)
Irregular points: 0 / 6400 (0%)
minusnumber: 0
[assemble] custom-point layout per patch:
  patch=0 uv.cols=20
  patch=1 uv.cols=0
  patch=2 uv.cols=10
  patch=3 uv.cols=10
  patch=4 uv.cols=30
  patch=5 uv.cols=10
  patch=6 uv.cols=0
  patch=7 uv.cols=10
  patch=8 uv.cols=10
  patch=9 uv.cols=20
  patch=10 uv.cols=20
  patch=11 uv.cols=0
  patch=12 uv.cols=10
  patch=13 uv.cols=10
  patch=14 uv.cols=0
  patch=15 uv.cols=0
[assemble] resize A_mat(160,988), b_vec(160,2)
[assemble] after resize: A_mat.rows=160 cols=988 b_vec.rows=160 cols=2
Global fitting error stats: max=0.0753439, rms=0.0102323, samples=1936, maxAtPatch=14, maxAtLocalPoint=115
Global fitting max sample: uv=(0.5,1), xFit=(-41.6653,0.0784606), target=(-41.7406,0.0795681)
globalError: 0.0753439
featureError: 0.000173276
assemblyBoundaryError: 0.000173276
minusnumber: 0
Success! iteration = 1, coarselevel = 2
TOTALSIZE: 70
ACCEPTEDSIZE: 70
2	6	8	8	
6	4	8	6	
3	0	4	2	
1	0	3	3	
0	4	2	8	
0	0	1	2	
nonCheckedCells.size() has become: 6
[geo-coarsen] useGeo=1 cells=4 firstIndex=4 firstBox=[3,2,4,3]
[geo-coarsen] useGeo=1 cells=8 firstIndex=6 firstBox=[1,2,2,3]
[geo-coarsen] useGeo=1 cells=8 firstIndex=8 firstBox=[3,1,4,2]
[geo-coarsen] useGeo=1 cells=8 firstIndex=11 firstBox=[0,1,1,2]
[geo-coarsen] useGeo=1 cells=4 firstIndex=9 firstBox=[2,1,3,2]
[geo-coarsen] useGeo=1 cells=4 firstIndex=10 firstBox=[1,1,2,2]
[geo-coarsen] useGeo=1 cells=8 firstIndex=4 firstBox=[3,2,4,3]
[geo-coarsen] useGeo=1 cells=13 firstIndex=10 firstBox=[1,1,2,2]
[geo-coarsen] useGeo=1 cells=8 firstIndex=7 firstBox=[0,2,1,3]
[coarsen-group] size=9 patches: 1 3 4 5 6 7 9 10 13 delta=0.2
[geo-coarsen] useGeo=1 cells=4 firstIndex=4 firstBox=[3,2,4,3]
CREATE C BOX:
ourBOX is 
3 6 4 8 6 

=== Box Consistency Check ===
Patch 1 has 6 boxes

Box domains:
Box 0: u=[0.25, 1] x v=[0.75, 1] (area=0.1875)
Box 1: u=[0.75, 1] x v=[0.5, 0.75] (area=0.0625)
Box 2: u=[0.75, 1] x v=[0, 0.5] (area=0.125)
Box 3: u=[0.25, 0.75] x v=[0, 0.75] (area=0.375)
Box 4: u=[0, 0.25] x v=[0.5, 1] (area=0.125)
Box 5: u=[0, 0.25] x v=[0, 0.5] (area=0.125)

Checking for overlaps:
  No overlaps detected (boundaries may touch)

Total area covered: 1 (target: 1.0)

SUCCESS: Boxes are consistent (no overlaps, full coverage)
Truncated basis of dimension 2,
levels=1, size=16, tree_nodes=1).
Domain: [0 0]..[1 1].
Size per level: 16 

0; 3; 2; 6; 8; 8; 
1; 2; 3; 2; 4; 3; 
2; 2; 3; 0; 4; 2; 
3; 2; 1; 0; 3; 3; 
4; 3; 0; 4; 2; 8; 
5; 2; 0; 0; 1; 2; 
3 2 6 8 8
2 1 2 4 3
3 0 4 2 8
2 0 0 4 2
Truncated basis of dimension 2,
levels=4, size=67, tree_nodes=7).
Domain: [0 0]..[1 1].
Size per level: 0 0 41 26 

[primary coarsen] patch=1 cells=4 THBsize=67
CREATE C BOX:
ourBOX is 
3 0 4 8 8 
CREATE C BOX:
ourBOX is 
3 4 4 8 6 
[co-patch coarsen] patch=3 RTH=1
[co-patch coarsen] patch=3 THBsize=70
CREATE C BOX:
ourBOX is 
3 6 0 8 4 
CREATE C BOX:
ourBOX is 
3 0 0 4 4 
[co-patch coarsen] patch=4 RTH=1
[co-patch coarsen] patch=4 THBsize=67
CREATE C BOX:
ourBOX is 
3 0 0 8 4 
CREATE C BOX:
ourBOX is 
3 2 2 8 4 
[co-patch coarsen] patch=5 RTH=1
[co-patch coarsen] patch=5 THBsize=70
CREATE C BOX:
ourBOX is 
3 0 0 8 4 
[co-patch coarsen] patch=6 RTH=1
[co-patch coarsen] patch=6 THBsize=73
CREATE C BOX:
ourBOX is 
3 0 0 4 4 
[co-patch coarsen] patch=7 RTH=1
[co-patch coarsen] patch=7 THBsize=67
CREATE C BOX:
ourBOX is 
3 6 4 8 6 
CREATE C BOX:
ourBOX is 
3 4 0 8 4 
[co-patch coarsen] patch=9 RTH=1
[co-patch coarsen] patch=9 THBsize=67
CREATE C BOX:
ourBOX is 
3 2 2 4 4 
CREATE C BOX:
ourBOX is 
3 0 0 2 4 
CREATE C BOX:
ourBOX is 
3 0 4 6 8 
CREATE C BOX:
ourBOX is 
3 6 6 8 8 
[co-patch coarsen] patch=10 RTH=1
[co-patch coarsen] patch=10 THBsize=67
CREATE C BOX:
ourBOX is 
3 0 4 2 6 
CREATE C BOX:
ourBOX is 
3 0 0 4 4 
[co-patch coarsen] patch=13 RTH=1
[co-patch coarsen] patch=13 THBsize=67
0 0 1 1 1 0 0 0 0 1 1 1 0 0 1 1 1 1 1 1 1 1 1 1 1 1 1 1 1 1 1 1 1 1 1 1 1 1 1 1 1 1 1 1 1 1 1 1 1 1 1 1 1 1 1 1 1 1 1 1 1 1 1 1 1 1 1
creating the index mapping
thbToBellsMapping[patch].size(): 49
thbToBellsMapping[patch].size(): 67
thbToBellsMapping[patch].size(): 49
thbToBellsMapping[patch].size(): 70
thbToBellsMapping[patch].size(): 67
thbToBellsMapping[patch].size(): 70
thbToBellsMapping[patch].size(): 73
thbToBellsMapping[patch].size(): 67
thbToBellsMapping[patch].size(): 49
thbToBellsMapping[patch].size(): 67
thbToBellsMapping[patch].size(): 67
thbToBellsMapping[patch].size(): 49
thbToBellsMapping[patch].size(): 49
thbToBellsMapping[patch].size(): 67
thbToBellsMapping[patch].size(): 49
thbToBellsMapping[patch].size(): 49
[mapPrev] newSize=928 carried=897 new(zero)=31
[mpbes-init] vectSol assigned from prevSol patch=1 levNow=2 attempt=6 rows=928 cols=2 nonZeroRows=897
[fitting-mode] attempt context: mode=globalFitting patch=1 levNow=2 attempt=6
[local-region] attempt context: patch=1 levNow=2 attempt=6 lambda=0 basisSelected=0/0 uvBefore=1936 uvAfter=1936
[assemble] custom-point layout per patch:
  patch=0 uv.cols=121
  patch=1 uv.cols=121
  patch=2 uv.cols=121
  patch=3 uv.cols=121
  patch=4 uv.cols=121
  patch=5 uv.cols=121
  patch=6 uv.cols=121
  patch=7 uv.cols=121
  patch=8 uv.cols=121
  patch=9 uv.cols=121
  patch=10 uv.cols=121
  patch=11 uv.cols=121
  patch=12 uv.cols=121
  patch=13 uv.cols=121
  patch=14 uv.cols=121
  patch=15 uv.cols=121
[assemble] resize A_mat(1936,928), b_vec(1936,2)
[assemble] after resize: A_mat.rows=1936 cols=928 b_vec.rows=1936 cols=2
[assemble] mode=global A cols=928
[fit-solve] matA sparse rows=1936 cols=928 nonZeros=22392
[fit-solve] matA nonFiniteEntries=0
[fit-solve] column mapping source=identity/global
[fit-solve] dynamic column reduction: selected=928 / 928
[fit-solve] matA rows=1936 cols=928
[fit-solve] informative column reduction: selected=928 / 928
[fit-solve] matA_solve rows=1936 cols=928
[fit-solve] dropped active/global columns by informative reduction begin
[fit-solve] dropped active/global columns by informative reduction end
[fit-solve] vectB(before At*b) rows=1936 cols=2
[fit-solve] vectB(before At*b) nonFiniteEntries=0
[fit-solve] sparse AtA: 928x928 nnz=29398
fit took: 0.31018
[fit-solve] vectSol(after solve) rows=928 cols=2
[fit-solve] vectSol merge: seededFromOriginal=1 overwrittenRows=928 basisMaskApplied=0
[fit-solve] vectSol(after solve) nonFiniteEntries=0
Solve finished. vectSol.rows()=928, cols=2
matCbefore
1.13687e-13
matCafter
0.0753358
Total irregular points: 0
jack took: 0.441261 (pts/patch=20^2=400)
Irregular points: 0 / 6400 (0%)
minusnumber: 0
[assemble] custom-point layout per patch:
  patch=0 uv.cols=20
  patch=1 uv.cols=0
  patch=2 uv.cols=10
  patch=3 uv.cols=10
  patch=4 uv.cols=30
  patch=5 uv.cols=10
  patch=6 uv.cols=0
  patch=7 uv.cols=10
  patch=8 uv.cols=10
  patch=9 uv.cols=20
  patch=10 uv.cols=20
  patch=11 uv.cols=0
  patch=12 uv.cols=10
  patch=13 uv.cols=10
  patch=14 uv.cols=0
  patch=15 uv.cols=0
[assemble] resize A_mat(160,928), b_vec(160,2)
[assemble] after resize: A_mat.rows=160 cols=928 b_vec.rows=160 cols=2
Global fitting error stats: max=0.0753439, rms=0.0102347, samples=1936, maxAtPatch=14, maxAtLocalPoint=115
Global fitting max sample: uv=(0.5,1), xFit=(-41.6653,0.0784606), target=(-41.7406,0.0795681)
globalError: 0.0753439
featureError: 0.000238292
assemblyBoundaryError: 0.000238292
minusnumber: 0
Success! iteration = 1, coarselevel = 2
TOTALSIZE: 67
ACCEPTEDSIZE: 67
2	6	8	8	
1	2	4	3	
0	4	2	8	
0	0	4	2	
nonCheckedCells.size() has become: 5
[geo-coarsen] useGeo=1 cells=4 firstIndex=7 firstBox=[0,2,1,3]
[geo-coarsen] useGeo=1 cells=8 firstIndex=7 firstBox=[0,2,1,3]
[geo-coarsen] useGeo=1 cells=4 firstIndex=11 firstBox=[0,1,1,2]
[geo-coarsen] useGeo=1 cells=8 firstIndex=9 firstBox=[2,1,3,2]
[geo-coarsen] useGeo=1 cells=12 firstIndex=10 firstBox=[1,1,2,2]
[geo-coarsen] useGeo=1 cells=4 firstIndex=11 firstBox=[0,1,1,2]
[geo-coarsen] useGeo=1 cells=4 firstIndex=15 firstBox=[0,0,1,1]
[geo-coarsen] useGeo=1 cells=8 firstIndex=11 firstBox=[0,1,1,2]
[geo-coarsen] useGeo=1 cells=4 firstIndex=12 firstBox=[3,0,4,1]
[coarsen-group] size=9 patches: 1 3 4 5 6 7 9 10 13 delta=0.2
[geo-coarsen] useGeo=1 cells=4 firstIndex=7 firstBox=[0,2,1,3]
CREATE C BOX:
ourBOX is 
3 0 4 2 8 

=== Box Consistency Check ===
Patch 1 has 5 boxes

Box domains:
Box 0: u=[0.25, 1] x v=[0.75, 1] (area=0.1875)
Box 1: u=[0.25, 1] x v=[0.5, 0.75] (area=0.1875)
Box 2: u=[0, 0.25] x v=[0.5, 0.75] (area=0.0625)
Box 3: u=[0, 1] x v=[0, 0.5] (area=0.5)
Box 4: u=[0, 0.25] x v=[0.75, 1] (area=0.0625)

Checking for overlaps:
  No overlaps detected (boundaries may touch)

Total area covered: 1 (target: 1.0)

SUCCESS: Boxes are consistent (no overlaps, full coverage)
Truncated basis of dimension 2,
levels=1, size=16, tree_nodes=1).
Domain: [0 0]..[1 1].
Size per level: 16 

0; 3; 2; 6; 8; 8; 
1; 2; 1; 2; 4; 3; 
2; 2; 0; 2; 1; 3; 
3; 2; 0; 0; 4; 2; 
4; 3; 0; 6; 2; 8; 
3 0 6 8 8
2 0 0 4 3
Truncated basis of dimension 2,
levels=4, size=64, tree_nodes=5).
Domain: [0 0]..[1 1].
Size per level: 0 0 42 22 

[primary coarsen] patch=1 cells=4 THBsize=64
CREATE C BOX:
ourBOX is 
3 0 4 2 8 
CREATE C BOX:
ourBOX is 
3 6 4 8 6 
[co-patch coarsen] patch=3 RTH=1
[co-patch coarsen] patch=3 THBsize=64
CREATE C BOX:
ourBOX is 
3 0 0 2 4 
[co-patch coarsen] patch=4 RTH=1
[co-patch coarsen] patch=4 THBsize=64
CREATE C BOX:
ourBOX is 
3 4 0 8 4 
CREATE C BOX:
ourBOX is 
3 6 2 8 4 
[co-patch coarsen] patch=5 RTH=1
[co-patch coarsen] patch=5 THBsize=64
CREATE C BOX:
ourBOX is 
3 0 0 4 4 
CREATE C BOX:
ourBOX is 
3 6 0 8 4 
CREATE C BOX:
ourBOX is 
3 0 2 2 4 
[co-patch coarsen] patch=6 RTH=1
[co-patch coarsen] patch=6 THBsize=64
CREATE C BOX:
ourBOX is 
3 0 2 2 4 
[co-patch coarsen] patch=7 RTH=1
[co-patch coarsen] patch=7 THBsize=64
CREATE C BOX:
ourBOX is 
3 0 0 6 2 
[co-patch coarsen] patch=9 RTH=1
[co-patch coarsen] patch=9 THBsize=61
CREATE C BOX:
ourBOX is 
3 0 2 2 4 
CREATE C BOX:
ourBOX is 
3 0 4 4 8 
[co-patch coarsen] patch=10 RTH=1
[co-patch coarsen] patch=10 THBsize=61
CREATE C BOX:
ourBOX is 
3 0 0 8 2 
[co-patch coarsen] patch=13 RTH=1
[co-patch coarsen] patch=13 THBsize=61
0 0 1 1 1 0 0 0 0 1 1 1 0 0 1 1 1 1 1 1 1 1 1 1 1 1 1 1 1 1 1 1 1 1 1 1 1 1 1 1 1 1 1 1 1 1 1 1 1 1 1 1 1 1 1 1 1 1 1 1 1 1 1 1
creating the index mapping
thbToBellsMapping[patch].size(): 49
thbToBellsMapping[patch].size(): 64
thbToBellsMapping[patch].size(): 49
thbToBellsMapping[patch].size(): 64
thbToBellsMapping[patch].size(): 64
thbToBellsMapping[patch].size(): 64
thbToBellsMapping[patch].size(): 64
thbToBellsMapping[patch].size(): 64
thbToBellsMapping[patch].size(): 49
thbToBellsMapping[patch].size(): 61
thbToBellsMapping[patch].size(): 61
thbToBellsMapping[patch].size(): 49
thbToBellsMapping[patch].size(): 49
thbToBellsMapping[patch].size(): 61
thbToBellsMapping[patch].size(): 49
thbToBellsMapping[patch].size(): 49
[mapPrev] newSize=885 carried=867 new(zero)=18
[mpbes-init] vectSol assigned from prevSol patch=1 levNow=2 attempt=7 rows=885 cols=2 nonZeroRows=867
[fitting-mode] attempt context: mode=globalFitting patch=1 levNow=2 attempt=7
[local-region] attempt context: patch=1 levNow=2 attempt=7 lambda=0 basisSelected=0/0 uvBefore=1936 uvAfter=1936
[assemble] custom-point layout per patch:
  patch=0 uv.cols=121
  patch=1 uv.cols=121
  patch=2 uv.cols=121
  patch=3 uv.cols=121
  patch=4 uv.cols=121
  patch=5 uv.cols=121
  patch=6 uv.cols=121
  patch=7 uv.cols=121
  patch=8 uv.cols=121
  patch=9 uv.cols=121
  patch=10 uv.cols=121
  patch=11 uv.cols=121
  patch=12 uv.cols=121
  patch=13 uv.cols=121
  patch=14 uv.cols=121
  patch=15 uv.cols=121
[assemble] resize A_mat(1936,885), b_vec(1936,2)
[assemble] after resize: A_mat.rows=1936 cols=885 b_vec.rows=1936 cols=2
[assemble] mode=global A cols=885
[fit-solve] matA sparse rows=1936 cols=885 nonZeros=22246
[fit-solve] matA nonFiniteEntries=0
[fit-solve] column mapping source=identity/global
[fit-solve] dynamic column reduction: selected=885 / 885
[fit-solve] matA rows=1936 cols=885
[fit-solve] informative column reduction: selected=885 / 885
[fit-solve] matA_solve rows=1936 cols=885
[fit-solve] dropped active/global columns by informative reduction begin
[fit-solve] dropped active/global columns by informative reduction end
[fit-solve] vectB(before At*b) rows=1936 cols=2
[fit-solve] vectB(before At*b) nonFiniteEntries=0
[fit-solve] sparse AtA: 885x885 nnz=27173
fit took: 0.252421
[fit-solve] vectSol(after solve) rows=885 cols=2
[fit-solve] vectSol merge: seededFromOriginal=1 overwrittenRows=885 basisMaskApplied=0
[fit-solve] vectSol(after solve) nonFiniteEntries=0
Solve finished. vectSol.rows()=885, cols=2
matCbefore
1.42109e-13
matCafter
0.0753358
Total irregular points: 0
jack took: 0.379656 (pts/patch=20^2=400)
Irregular points: 0 / 6400 (0%)
minusnumber: 0
[assemble] custom-point layout per patch:
  patch=0 uv.cols=20
  patch=1 uv.cols=0
  patch=2 uv.cols=10
  patch=3 uv.cols=10
  patch=4 uv.cols=30
  patch=5 uv.cols=10
  patch=6 uv.cols=0
  patch=7 uv.cols=10
  patch=8 uv.cols=10
  patch=9 uv.cols=20
  patch=10 uv.cols=20
  patch=11 uv.cols=0
  patch=12 uv.cols=10
  patch=13 uv.cols=10
  patch=14 uv.cols=0
  patch=15 uv.cols=0
[assemble] resize A_mat(160,885), b_vec(160,2)
[assemble] after resize: A_mat.rows=160 cols=885 b_vec.rows=160 cols=2
Global fitting error stats: max=0.0753439, rms=0.010246, samples=1936, maxAtPatch=14, maxAtLocalPoint=115
Global fitting max sample: uv=(0.5,1), xFit=(-41.6653,0.0784606), target=(-41.7406,0.0795681)
globalError: 0.0753439
featureError: 0.000246358
assemblyBoundaryError: 0.000246358
minusnumber: 0
Success! iteration = 1, coarselevel = 2
TOTALSIZE: 64
ACCEPTEDSIZE: 64
0	6	8	8	
0	0	4	3	
nonCheckedCells.size() has become: 4
[geo-coarsen] useGeo=1 cells=8 firstIndex=1 firstBox=[2,3,3,4]
[geo-coarsen] useGeo=1 cells=8 firstIndex=2 firstBox=[1,3,2,4]
[geo-coarsen] useGeo=1 cells=4 firstIndex=13 firstBox=[2,0,3,1]
[geo-coarsen] useGeo=1 cells=4 firstIndex=15 firstBox=[0,0,1,1]
[geo-coarsen] useGeo=1 cells=16 firstIndex=13 firstBox=[2,0,3,1]
[geo-coarsen] useGeo=1 cells=8 firstIndex=12 firstBox=[3,0,4,1]
[geo-coarsen] useGeo=1 cells=8 firstIndex=8 firstBox=[3,1,4,2]
[geo-coarsen] useGeo=1 cells=12 firstIndex=1 firstBox=[2,3,3,4]
[geo-coarsen] useGeo=1 cells=8 firstIndex=13 firstBox=[2,0,3,1]
[coarsen-group] size=8 patches: 1 3 4 5 7 9 10 13 delta=0.2
[geo-coarsen] useGeo=1 cells=8 firstIndex=1 firstBox=[2,3,3,4]
CREATE C BOX:
ourBOX is 
3 0 6 8 8 
CREATE C BOX:
ourBOX is 
3 0 6 4 8 

=== Box Consistency Check ===
Patch 1 has 5 boxes

Box domains:
Box 0: u=[0.5, 0.75] x v=[0.75, 1] (area=0.0625)
Box 1: u=[0, 1] x v=[0, 0.75] (area=0.75)
Box 2: u=[0.25, 0.5] x v=[0.75, 1] (area=0.0625)
Box 3: u=[0.75, 1] x v=[0.75, 1] (area=0.0625)
Box 4: u=[0, 0.25] x v=[0.75, 1] (area=0.0625)

Checking for overlaps:
  No overlaps detected (boundaries may touch)

Total area covered: 1 (target: 1.0)

SUCCESS: Boxes are consistent (no overlaps, full coverage)
Truncated basis of dimension 2,
levels=1, size=16, tree_nodes=1).
Domain: [0 0]..[1 1].
Size per level: 16 

0; 2; 2; 3; 3; 4; 
1; 2; 0; 0; 4; 3; 
2; 2; 1; 3; 2; 4; 
3; 3; 6; 6; 8; 8; 
4; 3; 0; 6; 2; 8; 
3 6 6 8 8
2 3 0 4 3
2 1 0 3 4
3 0 6 2 8
2 0 0 1 3
Truncated basis of dimension 2,
levels=4, size=55, tree_nodes=13).
Domain: [0 0]..[1 1].
Size per level: 0 0 47 8 

[primary coarsen] patch=1 cells=8 THBsize=55
CREATE C BOX:
ourBOX is 
3 0 6 8 8 
CREATE C BOX:
ourBOX is 
3 4 6 8 8 
[co-patch coarsen] patch=3 RTH=1
[co-patch coarsen] patch=3 THBsize=55
CREATE C BOX:
ourBOX is 
3 0 0 8 2 
[co-patch coarsen] patch=4 RTH=1
[co-patch coarsen] patch=4 THBsize=58
CREATE C BOX:
ourBOX is 
3 0 0 8 2 
[co-patch coarsen] patch=5 RTH=1
[co-patch coarsen] patch=5 THBsize=58
CREATE C BOX:
ourBOX is 
3 0 0 8 2 
CREATE C BOX:
ourBOX is 
3 0 0 6 2 
[co-patch coarsen] patch=7 RTH=1
[co-patch coarsen] patch=7 THBsize=55
CREATE C BOX:
ourBOX is 
3 6 0 8 4 
CREATE C BOX:
ourBOX is 
3 2 0 6 2 
[co-patch coarsen] patch=9 RTH=1
[co-patch coarsen] patch=9 THBsize=55
CREATE C BOX:
ourBOX is 
3 2 6 6 8 
CREATE C BOX:
ourBOX is 
3 0 4 2 8 
CREATE C BOX:
ourBOX is 
3 2 6 4 8 
[co-patch coarsen] patch=10 RTH=1
[co-patch coarsen] patch=10 THBsize=52
CREATE C BOX:
ourBOX is 
3 0 0 6 2 
CREATE C BOX:
ourBOX is 
3 0 2 2 4 
[co-patch coarsen] patch=13 RTH=1
[co-patch coarsen] patch=13 THBsize=55
0 0 1 1 1 0 0 0 0 1 1 1 0 0 1 1 1 1 1 1 1 1 1 1 1 1 1 1 1 1 1 1 1 1 1 1 1 1 1 1 1 1 1 1 1 1 1 1 1 1 1 1 1 1 1
creating the index mapping
thbToBellsMapping[patch].size(): 49
thbToBellsMapping[patch].size(): 55
thbToBellsMapping[patch].size(): 49
thbToBellsMapping[patch].size(): 55
thbToBellsMapping[patch].size(): 58
thbToBellsMapping[patch].size(): 58
thbToBellsMapping[patch].size(): 64
thbToBellsMapping[patch].size(): 55
thbToBellsMapping[patch].size(): 49
thbToBellsMapping[patch].size(): 55
thbToBellsMapping[patch].size(): 52
thbToBellsMapping[patch].size(): 49
thbToBellsMapping[patch].size(): 49
thbToBellsMapping[patch].size(): 55
thbToBellsMapping[patch].size(): 49
thbToBellsMapping[patch].size(): 49
[mapPrev] newSize=820 carried=798 new(zero)=22
[mpbes-init] vectSol assigned from prevSol patch=1 levNow=2 attempt=8 rows=820 cols=2 nonZeroRows=798
[fitting-mode] attempt context: mode=globalFitting patch=1 levNow=2 attempt=8
[local-region] attempt context: patch=1 levNow=2 attempt=8 lambda=0 basisSelected=0/0 uvBefore=1936 uvAfter=1936
[assemble] custom-point layout per patch:
  patch=0 uv.cols=121
  patch=1 uv.cols=121
  patch=2 uv.cols=121
  patch=3 uv.cols=121
  patch=4 uv.cols=121
  patch=5 uv.cols=121
  patch=6 uv.cols=121
  patch=7 uv.cols=121
  patch=8 uv.cols=121
  patch=9 uv.cols=121
  patch=10 uv.cols=121
  patch=11 uv.cols=121
  patch=12 uv.cols=121
  patch=13 uv.cols=121
  patch=14 uv.cols=121
  patch=15 uv.cols=121
[assemble] resize A_mat(1936,820), b_vec(1936,2)
[assemble] after resize: A_mat.rows=1936 cols=820 b_vec.rows=1936 cols=2
[assemble] mode=global A cols=820
[fit-solve] matA sparse rows=1936 cols=820 nonZeros=22081
[fit-solve] matA nonFiniteEntries=0
[fit-solve] column mapping source=identity/global
[fit-solve] dynamic column reduction: selected=820 / 820
[fit-solve] matA rows=1936 cols=820
[fit-solve] informative column reduction: selected=820 / 820
[fit-solve] matA_solve rows=1936 cols=820
[fit-solve] dropped active/global columns by informative reduction begin
[fit-solve] dropped active/global columns by informative reduction end
[fit-solve] vectB(before At*b) rows=1936 cols=2
[fit-solve] vectB(before At*b) nonFiniteEntries=0
[fit-solve] sparse AtA: 820x820 nnz=24396
fit took: 0.256792
[fit-solve] vectSol(after solve) rows=820 cols=2
[fit-solve] vectSol merge: seededFromOriginal=1 overwrittenRows=820 basisMaskApplied=0
[fit-solve] vectSol(after solve) nonFiniteEntries=0
Solve finished. vectSol.rows()=820, cols=2
matCbefore
1.42109e-13
matCafter
0.0753358
Total irregular points: 0
jack took: 0.367852 (pts/patch=20^2=400)
Irregular points: 0 / 6400 (0%)
minusnumber: 0
[assemble] custom-point layout per patch:
  patch=0 uv.cols=20
  patch=1 uv.cols=0
  patch=2 uv.cols=10
  patch=3 uv.cols=10
  patch=4 uv.cols=30
  patch=5 uv.cols=10
  patch=6 uv.cols=0
  patch=7 uv.cols=10
  patch=8 uv.cols=10
  patch=9 uv.cols=20
  patch=10 uv.cols=20
  patch=11 uv.cols=0
  patch=12 uv.cols=10
  patch=13 uv.cols=10
  patch=14 uv.cols=0
  patch=15 uv.cols=0
[assemble] resize A_mat(160,820), b_vec(160,2)
[assemble] after resize: A_mat.rows=160 cols=820 b_vec.rows=160 cols=2
Global fitting error stats: max=0.0753439, rms=0.010248, samples=1936, maxAtPatch=14, maxAtLocalPoint=115
Global fitting max sample: uv=(0.5,1), xFit=(-41.6653,0.0784606), target=(-41.7406,0.0795681)
globalError: 0.0753439
featureError: 0.000330025
assemblyBoundaryError: 0.000330025
minusnumber: 0
Success! iteration = 1, coarselevel = 2
TOTALSIZE: 55
ACCEPTEDSIZE: 55
6	6	8	8	
3	0	4	3	
1	0	3	4	
0	6	2	8	
0	0	1	3	
nonCheckedCells.size() has become: 2
[geo-coarsen] useGeo=1 cells=8 firstIndex=0 firstBox=[3,3,4,4]
[geo-coarsen] useGeo=1 cells=8 firstIndex=3 firstBox=[0,3,1,4]
[geo-coarsen] useGeo=1 cells=4 firstIndex=12 firstBox=[3,0,4,1]
[geo-coarsen] useGeo=1 cells=8 firstIndex=14 firstBox=[1,0,2,1]
[geo-coarsen] useGeo=1 cells=16 firstIndex=13 firstBox=[2,0,3,1]
[geo-coarsen] useGeo=1 cells=8 firstIndex=14 firstBox=[1,0,2,1]
[geo-coarsen] useGeo=1 cells=8 firstIndex=13 firstBox=[2,0,3,1]
[geo-coarsen] useGeo=1 cells=4 firstIndex=3 firstBox=[0,3,1,4]
[geo-coarsen] useGeo=1 cells=8 firstIndex=14 firstBox=[1,0,2,1]
[coarsen-group] size=8 patches: 1 3 4 5 7 9 10 13 delta=0.2
[geo-coarsen] useGeo=1 cells=8 firstIndex=0 firstBox=[3,3,4,4]
CREATE C BOX:
ourBOX is 
3 6 6 8 8 
CREATE C BOX:
ourBOX is 
3 0 6 2 8 

=== Box Consistency Check ===
Patch 1 has 5 boxes

Box domains:
Box 0: u=[0.75, 1] x v=[0.75, 1] (area=0.0625)
Box 1: u=[0.75, 1] x v=[0, 0.75] (area=0.1875)
Box 2: u=[0.25, 0.75] x v=[0, 1] (area=0.5)
Box 3: u=[0, 0.25] x v=[0.75, 1] (area=0.0625)
Box 4: u=[0, 0.25] x v=[0, 0.75] (area=0.1875)

Checking for overlaps:
  No overlaps detected (boundaries may touch)

Total area covered: 1 (target: 1.0)

SUCCESS: Boxes are consistent (no overlaps, full coverage)
Truncated basis of dimension 2,
levels=1, size=16, tree_nodes=1).
Domain: [0 0]..[1 1].
Size per level: 16 

0; 2; 3; 3; 4; 4; 
1; 2; 3; 0; 4; 3; 
2; 2; 1; 0; 3; 4; 
3; 2; 0; 3; 1; 4; 
4; 2; 0; 0; 1; 3; 
2 0 0 4 4
Truncated basis of dimension 2,
levels=3, size=49, tree_nodes=1).
Domain: [0 0]..[1 1].
Size per level: 0 0 49 

[primary coarsen] patch=1 cells=8 THBsize=49
CREATE C BOX:
ourBOX is 
3 0 6 2 8 
CREATE C BOX:
ourBOX is 
3 6 6 8 8 
[co-patch coarsen] patch=3 RTH=1
[co-patch coarsen] patch=3 THBsize=49
CREATE C BOX:
ourBOX is 
3 6 0 8 2 
[co-patch coarsen] patch=4 RTH=1
[co-patch coarsen] patch=4 THBsize=55
CREATE C BOX:
ourBOX is 
3 2 0 8 2 
CREATE C BOX:
ourBOX is 
3 4 0 8 2 
[co-patch coarsen] patch=5 RTH=1
[co-patch coarsen] patch=5 THBsize=52
CREATE C BOX:
ourBOX is 
3 0 0 4 2 
CREATE C BOX:
ourBOX is 
3 0 0 2 2 
[co-patch coarsen] patch=7 RTH=1
[co-patch coarsen] patch=7 THBsize=49
CREATE C BOX:
ourBOX is 
3 4 0 8 2 
CREATE C BOX:
ourBOX is 
3 6 0 8 2 
[co-patch coarsen] patch=9 RTH=1
[co-patch coarsen] patch=9 THBsize=49
CREATE C BOX:
ourBOX is 
3 0 6 2 8 
[co-patch coarsen] patch=10 RTH=1
[co-patch coarsen] patch=10 THBsize=49
CREATE C BOX:
ourBOX is 
3 0 0 4 2 
CREATE C BOX:
ourBOX is 
3 0 0 2 2 
[co-patch coarsen] patch=13 RTH=1
[co-patch coarsen] patch=13 THBsize=49
0 0 1 1 1 0 0 0 0 1 1 1 0 0 1 1 1 1 1 1 1 1 1 1 1 1 1 1 1 1 1 1 1 1 1 1 1 1 1 1 1 1 1 1 1 1 1 1 1
creating the index mapping
thbToBellsMapping[patch].size(): 49
thbToBellsMapping[patch].size(): 49
thbToBellsMapping[patch].size(): 49
thbToBellsMapping[patch].size(): 49
thbToBellsMapping[patch].size(): 55
thbToBellsMapping[patch].size(): 52
thbToBellsMapping[patch].size(): 64
thbToBellsMapping[patch].size(): 49
thbToBellsMapping[patch].size(): 49
thbToBellsMapping[patch].size(): 49
thbToBellsMapping[patch].size(): 49
thbToBellsMapping[patch].size(): 49
thbToBellsMapping[patch].size(): 49
thbToBellsMapping[patch].size(): 49
thbToBellsMapping[patch].size(): 49
thbToBellsMapping[patch].size(): 49
[mapPrev] newSize=776 carried=766 new(zero)=10
[mpbes-init] vectSol assigned from prevSol patch=1 levNow=2 attempt=9 rows=776 cols=2 nonZeroRows=766
[fitting-mode] attempt context: mode=globalFitting patch=1 levNow=2 attempt=9
[local-region] attempt context: patch=1 levNow=2 attempt=9 lambda=0 basisSelected=0/0 uvBefore=1936 uvAfter=1936
[assemble] custom-point layout per patch:
  patch=0 uv.cols=121
  patch=1 uv.cols=121
  patch=2 uv.cols=121
  patch=3 uv.cols=121
  patch=4 uv.cols=121
  patch=5 uv.cols=121
  patch=6 uv.cols=121
  patch=7 uv.cols=121
  patch=8 uv.cols=121
  patch=9 uv.cols=121
  patch=10 uv.cols=121
  patch=11 uv.cols=121
  patch=12 uv.cols=121
  patch=13 uv.cols=121
  patch=14 uv.cols=121
  patch=15 uv.cols=121
[assemble] resize A_mat(1936,776), b_vec(1936,2)
[assemble] after resize: A_mat.rows=1936 cols=776 b_vec.rows=1936 cols=2
[assemble] mode=global A cols=776
[fit-solve] matA sparse rows=1936 cols=776 nonZeros=21965
[fit-solve] matA nonFiniteEntries=0
[fit-solve] column mapping source=identity/global
[fit-solve] dynamic column reduction: selected=776 / 776
[fit-solve] matA rows=1936 cols=776
[fit-solve] informative column reduction: selected=776 / 776
[fit-solve] matA_solve rows=1936 cols=776
[fit-solve] dropped active/global columns by informative reduction begin
[fit-solve] dropped active/global columns by informative reduction end
[fit-solve] vectB(before At*b) rows=1936 cols=2
[fit-solve] vectB(before At*b) nonFiniteEntries=0
[fit-solve] sparse AtA: 776x776 nnz=22736
fit took: 0.241689
[fit-solve] vectSol(after solve) rows=776 cols=2
[fit-solve] vectSol merge: seededFromOriginal=1 overwrittenRows=776 basisMaskApplied=0
[fit-solve] vectSol(after solve) nonFiniteEntries=0
Solve finished. vectSol.rows()=776, cols=2
matCbefore
1.7053e-13
matCafter
0.0753358
Total irregular points: 0
jack took: 0.121486 (pts/patch=20^2=400)
Irregular points: 0 / 6400 (0%)
minusnumber: 0
[assemble] custom-point layout per patch:
  patch=0 uv.cols=20
  patch=1 uv.cols=0
  patch=2 uv.cols=10
  patch=3 uv.cols=10
  patch=4 uv.cols=30
  patch=5 uv.cols=10
  patch=6 uv.cols=0
  patch=7 uv.cols=10
  patch=8 uv.cols=10
  patch=9 uv.cols=20
  patch=10 uv.cols=20
  patch=11 uv.cols=0
  patch=12 uv.cols=10
  patch=13 uv.cols=10
  patch=14 uv.cols=0
  patch=15 uv.cols=0
[assemble] resize A_mat(160,776), b_vec(160,2)
[assemble] after resize: A_mat.rows=160 cols=776 b_vec.rows=160 cols=2
Global fitting error stats: max=0.0753439, rms=0.0102506, samples=1936, maxAtPatch=14, maxAtLocalPoint=115
Global fitting max sample: uv=(0.5,1), xFit=(-41.6653,0.0784606), target=(-41.7406,0.0795681)
globalError: 0.0753439
featureError: 0.000320117
assemblyBoundaryError: 0.000320117
minusnumber: 0
Success! iteration = 1, coarselevel = 2
TOTALSIZE: 49
ACCEPTEDSIZE: 49
0	0	4	4	
nonCheckedCells.size() has become: 0
[geo-coarsen] useGeo=1 cells=4 firstIndex=14 firstBox=[1,0,2,1]
[geo-coarsen] useGeo=1 cells=4 firstIndex=12 firstBox=[3,0,4,1]
[geo-coarsen] useGeo=1 cells=16 firstIndex=13 firstBox=[2,0,3,1]
[coarsen-group] size=2 patches: 4 5 delta=0.2
[geo-coarsen] useGeo=1 cells=4 firstIndex=14 firstBox=[1,0,2,1]
CREATE C BOX:
ourBOX is 
3 0 0 4 2 

=== Box Consistency Check ===
Patch 4 has 4 boxes

Box domains:
Box 0: u=[0.5, 1] x v=[0, 1] (area=0.5)
Box 1: u=[0, 0.5] x v=[0.25, 1] (area=0.375)
Box 2: u=[0.25, 0.5] x v=[0, 0.25] (area=0.0625)
Box 3: u=[0, 0.25] x v=[0, 0.25] (area=0.0625)

Checking for overlaps:
  No overlaps detected (boundaries may touch)

Total area covered: 1 (target: 1.0)

SUCCESS: Boxes are consistent (no overlaps, full coverage)
Truncated basis of dimension 2,
levels=1, size=16, tree_nodes=1).
Domain: [0 0]..[1 1].
Size per level: 16 

0; 2; 2; 0; 4; 4; 
1; 2; 0; 1; 2; 4; 
2; 2; 1; 0; 2; 1; 
3; 3; 0; 0; 2; 2; 
2 1 0 4 4
2 0 1 1 4
3 0 0 2 2
Truncated basis of dimension 2,
levels=4, size=52, tree_nodes=5).
Domain: [0 0]..[1 1].
Size per level: 0 0 48 4 

[primary coarsen] patch=4 cells=4 THBsize=52
CREATE C BOX:
ourBOX is 
3 6 0 8 2 
[co-patch coarsen] patch=5 RTH=1
[co-patch coarsen] patch=5 THBsize=49
0 1 1 1 0 0 0 0 1 1 1 0 0 1 1 1 1 1 1 1 1 1 1 1 1 1 1 1 1 1 1 1 1 1 1 1 1 1 1 1 1 1 1 1 1 1 1 1 0 0 0 0
creating the index mapping
thbToBellsMapping[patch].size(): 49
thbToBellsMapping[patch].size(): 49
thbToBellsMapping[patch].size(): 49
thbToBellsMapping[patch].size(): 49
thbToBellsMapping[patch].size(): 52
thbToBellsMapping[patch].size(): 49
thbToBellsMapping[patch].size(): 64
thbToBellsMapping[patch].size(): 49
thbToBellsMapping[patch].size(): 49
thbToBellsMapping[patch].size(): 49
thbToBellsMapping[patch].size(): 49
thbToBellsMapping[patch].size(): 49
thbToBellsMapping[patch].size(): 49
thbToBellsMapping[patch].size(): 49
thbToBellsMapping[patch].size(): 49
thbToBellsMapping[patch].size(): 49
[mapPrev] newSize=770 carried=770 new(zero)=0
[mpbes-init] vectSol assigned from prevSol patch=4 levNow=2 attempt=10 rows=770 cols=2 nonZeroRows=770
[fitting-mode] attempt context: mode=globalFitting patch=4 levNow=2 attempt=10
[local-region] attempt context: patch=4 levNow=2 attempt=10 lambda=0 basisSelected=0/0 uvBefore=1936 uvAfter=1936
[assemble] custom-point layout per patch:
  patch=0 uv.cols=121
  patch=1 uv.cols=121
  patch=2 uv.cols=121
  patch=3 uv.cols=121
  patch=4 uv.cols=121
  patch=5 uv.cols=121
  patch=6 uv.cols=121
  patch=7 uv.cols=121
  patch=8 uv.cols=121
  patch=9 uv.cols=121
  patch=10 uv.cols=121
  patch=11 uv.cols=121
  patch=12 uv.cols=121
  patch=13 uv.cols=121
  patch=14 uv.cols=121
  patch=15 uv.cols=121
[assemble] resize A_mat(1936,770), b_vec(1936,2)
[assemble] after resize: A_mat.rows=1936 cols=770 b_vec.rows=1936 cols=2
[assemble] mode=global A cols=770
[fit-solve] matA sparse rows=1936 cols=770 nonZeros=21948
[fit-solve] matA nonFiniteEntries=0
[fit-solve] column mapping source=identity/global
[fit-solve] dynamic column reduction: selected=770 / 770
[fit-solve] matA rows=1936 cols=770
[fit-solve] informative column reduction: selected=770 / 770
[fit-solve] matA_solve rows=1936 cols=770
[fit-solve] dropped active/global columns by informative reduction begin
[fit-solve] dropped active/global columns by informative reduction end
[fit-solve] vectB(before At*b) rows=1936 cols=2
[fit-solve] vectB(before At*b) nonFiniteEntries=0
[fit-solve] sparse AtA: 770x770 nnz=22500
fit took: 0.222513
[fit-solve] vectSol(after solve) rows=770 cols=2
[fit-solve] vectSol merge: seededFromOriginal=1 overwrittenRows=770 basisMaskApplied=0
[fit-solve] vectSol(after solve) nonFiniteEntries=0
Solve finished. vectSol.rows()=770, cols=2
matCbefore
1.42109e-13
matCafter
0.0753358
Total irregular points: 0
jack took: 0.0882758 (pts/patch=20^2=400)
Irregular points: 0 / 6400 (0%)
minusnumber: 0
[assemble] custom-point layout per patch:
  patch=0 uv.cols=20
  patch=1 uv.cols=0
  patch=2 uv.cols=10
  patch=3 uv.cols=10
  patch=4 uv.cols=30
  patch=5 uv.cols=10
  patch=6 uv.cols=0
  patch=7 uv.cols=10
  patch=8 uv.cols=10
  patch=9 uv.cols=20
  patch=10 uv.cols=20
  patch=11 uv.cols=0
  patch=12 uv.cols=10
  patch=13 uv.cols=10
  patch=14 uv.cols=0
  patch=15 uv.cols=0
[assemble] resize A_mat(160,770), b_vec(160,2)
[assemble] after resize: A_mat.rows=160 cols=770 b_vec.rows=160 cols=2
Global fitting error stats: max=0.0753439, rms=0.0102506, samples=1936, maxAtPatch=14, maxAtLocalPoint=115
Global fitting max sample: uv=(0.5,1), xFit=(-41.6653,0.0784606), target=(-41.7406,0.0795681)
globalError: 0.0753439
featureError: 0.000320117
assemblyBoundaryError: 0.000320117
minusnumber: 0
Success! iteration = 1, coarselevel = 2
TOTALSIZE: 52
ACCEPTEDSIZE: 52
1	0	4	4	
0	1	1	4	
0	0	2	2	
nonCheckedCells.size() has become: 1
[geo-coarsen] useGeo=1 cells=4 firstIndex=15 firstBox=[0,0,1,1]
[geo-coarsen] useGeo=1 cells=16 firstIndex=13 firstBox=[2,0,3,1]
[geo-coarsen] useGeo=1 cells=4 firstIndex=15 firstBox=[0,0,1,1]
CREATE C BOX:
ourBOX is 
3 0 0 2 2 

=== Box Consistency Check ===
Patch 4 has 3 boxes

Box domains:
Box 0: u=[0.25, 1] x v=[0, 1] (area=0.75)
Box 1: u=[0, 0.25] x v=[0.25, 1] (area=0.1875)
Box 2: u=[0, 0.25] x v=[0, 0.25] (area=0.0625)

Checking for overlaps:
  No overlaps detected (boundaries may touch)

Total area covered: 1 (target: 1.0)

SUCCESS: Boxes are consistent (no overlaps, full coverage)
Truncated basis of dimension 2,
levels=1, size=16, tree_nodes=1).
Domain: [0 0]..[1 1].
Size per level: 16 

0; 2; 1; 0; 4; 4; 
1; 2; 0; 1; 1; 4; 
2; 2; 0; 0; 1; 1; 
2 0 0 4 4
Truncated basis of dimension 2,
levels=3, size=49, tree_nodes=1).
Domain: [0 0]..[1 1].
Size per level: 0 0 49 

[primary coarsen] patch=4 cells=4 THBsize=49
0 0 1 1 1 0 0 0 0 1 1 1 0 0 1 1 1 1 1 1 1 1 1 1 1 1 1 1 1 1 1 1 1 1 1 1 1 1 1 1 1 1 1 1 1 1 1 1 1
creating the index mapping
thbToBellsMapping[patch].size(): 49
thbToBellsMapping[patch].size(): 49
thbToBellsMapping[patch].size(): 49
thbToBellsMapping[patch].size(): 49
thbToBellsMapping[patch].size(): 49
thbToBellsMapping[patch].size(): 49
thbToBellsMapping[patch].size(): 64
thbToBellsMapping[patch].size(): 49
thbToBellsMapping[patch].size(): 49
thbToBellsMapping[patch].size(): 49
thbToBellsMapping[patch].size(): 49
thbToBellsMapping[patch].size(): 49
thbToBellsMapping[patch].size(): 49
thbToBellsMapping[patch].size(): 49
thbToBellsMapping[patch].size(): 49
thbToBellsMapping[patch].size(): 49
[mapPrev] newSize=766 carried=766 new(zero)=0
[mpbes-init] vectSol assigned from prevSol patch=4 levNow=2 attempt=11 rows=766 cols=2 nonZeroRows=766
[fitting-mode] attempt context: mode=globalFitting patch=4 levNow=2 attempt=11
[local-region] attempt context: patch=4 levNow=2 attempt=11 lambda=0 basisSelected=0/0 uvBefore=1936 uvAfter=1936
[assemble] custom-point layout per patch:
  patch=0 uv.cols=121
  patch=1 uv.cols=121
  patch=2 uv.cols=121
  patch=3 uv.cols=121
  patch=4 uv.cols=121
  patch=5 uv.cols=121
  patch=6 uv.cols=121
  patch=7 uv.cols=121
  patch=8 uv.cols=121
  patch=9 uv.cols=121
  patch=10 uv.cols=121
  patch=11 uv.cols=121
  patch=12 uv.cols=121
  patch=13 uv.cols=121
  patch=14 uv.cols=121
  patch=15 uv.cols=121
[assemble] resize A_mat(1936,766), b_vec(1936,2)
[assemble] after resize: A_mat.rows=1936 cols=766 b_vec.rows=1936 cols=2
[assemble] mode=global A cols=766
[fit-solve] matA sparse rows=1936 cols=766 nonZeros=21941
[fit-solve] matA nonFiniteEntries=0
[fit-solve] column mapping source=identity/global
[fit-solve] dynamic column reduction: selected=766 / 766
[fit-solve] matA rows=1936 cols=766
[fit-solve] informative column reduction: selected=766 / 766
[fit-solve] matA_solve rows=1936 cols=766
[fit-solve] dropped active/global columns by informative reduction begin
[fit-solve] dropped active/global columns by informative reduction end
[fit-solve] vectB(before At*b) rows=1936 cols=2
[fit-solve] vectB(before At*b) nonFiniteEntries=0
[fit-solve] sparse AtA: 766x766 nnz=22382
fit took: 0.215438
[fit-solve] vectSol(after solve) rows=766 cols=2
[fit-solve] vectSol merge: seededFromOriginal=1 overwrittenRows=766 basisMaskApplied=0
[fit-solve] vectSol(after solve) nonFiniteEntries=0
Solve finished. vectSol.rows()=766, cols=2
matCbefore
1.42109e-13
matCafter
0.0753358
Total irregular points: 0
jack took: 0.0592773 (pts/patch=20^2=400)
Irregular points: 0 / 6400 (0%)
minusnumber: 0
[assemble] custom-point layout per patch:
  patch=0 uv.cols=20
  patch=1 uv.cols=0
  patch=2 uv.cols=10
  patch=3 uv.cols=10
  patch=4 uv.cols=30
  patch=5 uv.cols=10
  patch=6 uv.cols=0
  patch=7 uv.cols=10
  patch=8 uv.cols=10
  patch=9 uv.cols=20
  patch=10 uv.cols=20
  patch=11 uv.cols=0
  patch=12 uv.cols=10
  patch=13 uv.cols=10
  patch=14 uv.cols=0
  patch=15 uv.cols=0
[assemble] resize A_mat(160,766), b_vec(160,2)
[assemble] after resize: A_mat.rows=160 cols=766 b_vec.rows=160 cols=2
Global fitting error stats: max=0.0753439, rms=0.0102506, samples=1936, maxAtPatch=14, maxAtLocalPoint=115
Global fitting max sample: uv=(0.5,1), xFit=(-41.6653,0.0784606), target=(-41.7406,0.0795681)
globalError: 0.0753439
featureError: 0.000320117
assemblyBoundaryError: 0.000320117
minusnumber: 0
Success! iteration = 1, coarselevel = 2
TOTALSIZE: 49
ACCEPTEDSIZE: 49
0	0	4	4	
nonCheckedCells.size() has become: 0
[geo-coarsen] useGeo=1 cells=16 firstIndex=13 firstBox=[2,0,3,1]
[geo-coarsen] useGeo=1 cells=16 firstIndex=13 firstBox=[2,0,3,1]
CREATE C BOX:
ourBOX is 
3 0 0 8 2 
CREATE C BOX:
ourBOX is 
3 0 0 4 2 
CREATE C BOX:
ourBOX is 
3 6 0 8 2 
CREATE C BOX:
ourBOX is 
3 0 0 2 2 

=== Box Consistency Check ===
Patch 6 has 5 boxes

Box domains:
Box 0: u=[0, 1] x v=[0.25, 1] (area=0.75)
Box 1: u=[0.5, 0.75] x v=[0, 0.25] (area=0.0625)
Box 2: u=[0.25, 0.5] x v=[0, 0.25] (area=0.0625)
Box 3: u=[0.75, 1] x v=[0, 0.25] (area=0.0625)
Box 4: u=[0, 0.25] x v=[0, 0.25] (area=0.0625)

Checking for overlaps:
  No overlaps detected (boundaries may touch)

Total area covered: 1 (target: 1.0)

SUCCESS: Boxes are consistent (no overlaps, full coverage)
Truncated basis of dimension 2,
levels=1, size=16, tree_nodes=1).
Domain: [0 0]..[1 1].
Size per level: 16 

0; 2; 0; 1; 4; 4; 
1; 2; 2; 0; 3; 1; 
2; 2; 1; 0; 2; 1; 
3; 2; 3; 0; 4; 1; 
4; 2; 0; 0; 1; 1; 
2 0 0 4 4
Truncated basis of dimension 2,
levels=3, size=49, tree_nodes=1).
Domain: [0 0]..[1 1].
Size per level: 0 0 49 

[primary coarsen] patch=6 cells=16 THBsize=49
0 0 1 1 1 0 0 0 0 1 1 1 0 0 1 1 1 1 1 1 1 1 1 1 1 1 1 1 1 1 1 1 1 1 1 1 1 1 1 1 1 1 1 1 1 1 1 1 1
creating the index mapping
thbToBellsMapping[patch].size(): 49
thbToBellsMapping[patch].size(): 49
thbToBellsMapping[patch].size(): 49
thbToBellsMapping[patch].size(): 49
thbToBellsMapping[patch].size(): 49
thbToBellsMapping[patch].size(): 49
thbToBellsMapping[patch].size(): 49
thbToBellsMapping[patch].size(): 49
thbToBellsMapping[patch].size(): 49
thbToBellsMapping[patch].size(): 49
thbToBellsMapping[patch].size(): 49
thbToBellsMapping[patch].size(): 49
thbToBellsMapping[patch].size(): 49
thbToBellsMapping[patch].size(): 49
thbToBellsMapping[patch].size(): 49
thbToBellsMapping[patch].size(): 49
[mapPrev] newSize=751 carried=744 new(zero)=7
[mpbes-init] vectSol assigned from prevSol patch=6 levNow=2 attempt=12 rows=751 cols=2 nonZeroRows=744
[fitting-mode] attempt context: mode=globalFitting patch=6 levNow=2 attempt=12
[local-region] attempt context: patch=6 levNow=2 attempt=12 lambda=0 basisSelected=0/0 uvBefore=1936 uvAfter=1936
[assemble] custom-point layout per patch:
  patch=0 uv.cols=121
  patch=1 uv.cols=121
  patch=2 uv.cols=121
  patch=3 uv.cols=121
  patch=4 uv.cols=121
  patch=5 uv.cols=121
  patch=6 uv.cols=121
  patch=7 uv.cols=121
  patch=8 uv.cols=121
  patch=9 uv.cols=121
  patch=10 uv.cols=121
  patch=11 uv.cols=121
  patch=12 uv.cols=121
  patch=13 uv.cols=121
  patch=14 uv.cols=121
  patch=15 uv.cols=121
[assemble] resize A_mat(1936,751), b_vec(1936,2)
[assemble] after resize: A_mat.rows=1936 cols=751 b_vec.rows=1936 cols=2
[assemble] mode=global A cols=751
[fit-solve] matA sparse rows=1936 cols=751 nonZeros=21904
[fit-solve] matA nonFiniteEntries=0
[fit-solve] column mapping source=identity/global
[fit-solve] dynamic column reduction: selected=751 / 751
[fit-solve] matA rows=1936 cols=751
[fit-solve] informative column reduction: selected=751 / 751
[fit-solve] matA_solve rows=1936 cols=751
[fit-solve] dropped active/global columns by informative reduction begin
[fit-solve] dropped active/global columns by informative reduction end
[fit-solve] vectB(before At*b) rows=1936 cols=2
[fit-solve] vectB(before At*b) nonFiniteEntries=0
[fit-solve] sparse AtA: 751x751 nnz=21745
fit took: 0.222869
[fit-solve] vectSol(after solve) rows=751 cols=2
[fit-solve] vectSol merge: seededFromOriginal=1 overwrittenRows=751 basisMaskApplied=0
[fit-solve] vectSol(after solve) nonFiniteEntries=0
Solve finished. vectSol.rows()=751, cols=2
matCbefore
1.42109e-13
matCafter
0.0753358
Total irregular points: 0
jack took: 0.024877 (pts/patch=20^2=400)
Irregular points: 0 / 6400 (0%)
minusnumber: 0
[assemble] custom-point layout per patch:
  patch=0 uv.cols=20
  patch=1 uv.cols=0
  patch=2 uv.cols=10
  patch=3 uv.cols=10
  patch=4 uv.cols=30
  patch=5 uv.cols=10
  patch=6 uv.cols=0
  patch=7 uv.cols=10
  patch=8 uv.cols=10
  patch=9 uv.cols=20
  patch=10 uv.cols=20
  patch=11 uv.cols=0
  patch=12 uv.cols=10
  patch=13 uv.cols=10
  patch=14 uv.cols=0
  patch=15 uv.cols=0
[assemble] resize A_mat(160,751), b_vec(160,2)
[assemble] after resize: A_mat.rows=160 cols=751 b_vec.rows=160 cols=2
Global fitting error stats: max=0.0753439, rms=0.0102678, samples=1936, maxAtPatch=14, maxAtLocalPoint=115
Global fitting max sample: uv=(0.5,1), xFit=(-41.6653,0.0784606), target=(-41.7406,0.0795681)
globalError: 0.0753439
featureError: 0.000320117
assemblyBoundaryError: 0.000320117
minusnumber: 0
Success! iteration = 1, coarselevel = 2
TOTALSIZE: 49
ACCEPTEDSIZE: 49
0	0	4	4	
nonCheckedCells.size() has become: 0
Saving after-iter1 mesh: tv_approximation_fine_L3_output_mesh_after_iter1_lev2
interface between 0:south(3) and 7:south(3) [ 0~(+0) ]
[topology-preflight] interface=0 patches=(0,7) mirrored=(1,0) rawSides=(3,3) canonicalSides=(3,3) orientation=same
interface between 0:north(4) and 2:north(4) [ 0~(-0) ]
[topology-preflight] interface=1 patches=(0,2) mirrored=(1,1) rawSides=(4,4) canonicalSides=(4,4) orientation=reversed
interface between 3:east (2) and 4:east (2) [ 1~(-1) ]
[topology-preflight] interface=2 patches=(3,4) mirrored=(0,0) rawSides=(2,2) canonicalSides=(2,2) orientation=reversed
interface between 4:west (1) and 5:east (2) [ 1~(+1) ]
[topology-preflight] interface=3 patches=(4,5) mirrored=(0,0) rawSides=(1,2) canonicalSides=(1,2) orientation=same
interface between 4:south(3) and 13:west (1) [ 0~(+1) ]
[topology-preflight] interface=4 patches=(4,13) mirrored=(0,0) rawSides=(3,1) canonicalSides=(3,1) orientation=same
interface between 8:south(3) and 9:north(4) [ 0~(-0) ]
[topology-preflight] interface=5 patches=(8,9) mirrored=(1,0) rawSides=(3,4) canonicalSides=(3,4) orientation=reversed
interface between 9:south(3) and 10:north(4) [ 0~(+0) ]
[topology-preflight] interface=6 patches=(9,10) mirrored=(0,0) rawSides=(3,4) canonicalSides=(3,4) orientation=same
interface between 10:south(3) and 12:east (2) [ 0~(+1) ]
[topology-preflight] interface=7 patches=(10,12) mirrored=(0,1) rawSides=(3,2) canonicalSides=(3,2) orientation=same
[geo-coarsen] preflight mirrored patch=0, hierarchy-safe sibling fallback cells=4 level=1
[geo-coarsen] useGeo=1 cells=4 firstIndex=2 firstBox=[1,0,2,1]
[geo-coarsen] preflight mirrored patch=2, hierarchy-safe sibling fallback cells=4 level=1
[geo-coarsen] useGeo=1 cells=5 firstIndex=3 firstBox=[0,0,1,1]
[geo-coarsen] useGeo=1 cells=6 firstIndex=0 firstBox=[1,1,2,2]
[geo-coarsen] useGeo=1 cells=5 firstIndex=1 firstBox=[0,1,1,2]
[geo-coarsen] useGeo=1 cells=5 firstIndex=0 firstBox=[1,1,2,2]
[geo-coarsen] useGeo=1 cells=5 firstIndex=0 firstBox=[1,1,2,2]
[geo-coarsen] preflight mirrored patch=8, hierarchy-safe sibling fallback cells=4 level=1
[geo-coarsen] useGeo=1 cells=3 firstIndex=1 firstBox=[0,1,1,2]
[geo-coarsen] useGeo=1 cells=3 firstIndex=2 firstBox=[1,0,2,1]
[geo-coarsen] preflight mirrored patch=11, hierarchy-safe sibling fallback cells=4 level=1
[geo-coarsen] preflight mirrored patch=12, hierarchy-safe sibling fallback cells=4 level=1
[geo-coarsen] useGeo=1 cells=4 firstIndex=0 firstBox=[1,1,2,2]
[geo-coarsen] preflight mirrored patch=14, hierarchy-safe sibling fallback cells=4 level=1
[geo-coarsen] preflight mirrored patch=15, hierarchy-safe sibling fallback cells=4 level=1
[coarsen-group] size=7 patches: 0 2 8 11 12 14 15 delta=0
[geo-coarsen] preflight mirrored patch=0, hierarchy-safe sibling fallback cells=4 level=1
CREATE C BOX:
ourBOX is 
2 0 0 4 4 
CREATE C BOX:
ourBOX is 
2 2 0 4 2 
CREATE C BOX:
ourBOX is 
2 0 2 2 4 
CREATE C BOX:
ourBOX is 
2 2 2 4 4 

=== Box Consistency Check ===
Patch 0 has 4 boxes

Box domains:
Box 0: u=[0, 0.5] x v=[0, 0.5] (area=0.25)
Box 1: u=[0, 0.5] x v=[0.5, 1] (area=0.25)
Box 2: u=[0.5, 1] x v=[0, 0.5] (area=0.25)
Box 3: u=[0.5, 1] x v=[0.5, 1] (area=0.25)

Checking for overlaps:
  No overlaps detected (boundaries may touch)

Total area covered: 1 (target: 1.0)

SUCCESS: Boxes are consistent (no overlaps, full coverage)
Truncated basis of dimension 2,
levels=1, size=16, tree_nodes=1).
Domain: [0 0]..[1 1].
Size per level: 16 

0; 1; 0; 0; 1; 1; 
1; 1; 0; 1; 1; 2; 
2; 1; 1; 0; 2; 1; 
3; 1; 1; 1; 2; 2; 
1 0 0 2 2
Truncated basis of dimension 2,
levels=2, size=25, tree_nodes=1).
Domain: [0 0]..[1 1].
Size per level: 0 25 

[primary coarsen] patch=0 cells=4 THBsize=25
CREATE C BOX:
ourBOX is 
2 0 0 4 4 
CREATE C BOX:
ourBOX is 
2 2 0 4 2 
CREATE C BOX:
ourBOX is 
2 0 2 2 4 
CREATE C BOX:
ourBOX is 
2 2 2 4 4 
[co-patch coarsen] patch=2 RTH=1
[co-patch coarsen] patch=2 THBsize=25
CREATE C BOX:
ourBOX is 
2 0 0 4 4 
CREATE C BOX:
ourBOX is 
2 2 0 4 2 
CREATE C BOX:
ourBOX is 
2 0 2 2 4 
CREATE C BOX:
ourBOX is 
2 2 2 4 4 
[co-patch coarsen] patch=8 RTH=1
[co-patch coarsen] patch=8 THBsize=25
CREATE C BOX:
ourBOX is 
2 0 0 4 4 
CREATE C BOX:
ourBOX is 
2 2 0 4 2 
CREATE C BOX:
ourBOX is 
2 0 2 2 4 
CREATE C BOX:
ourBOX is 
2 2 2 4 4 
[co-patch coarsen] patch=11 RTH=1
[co-patch coarsen] patch=11 THBsize=25
CREATE C BOX:
ourBOX is 
2 0 0 4 4 
CREATE C BOX:
ourBOX is 
2 2 0 4 2 
CREATE C BOX:
ourBOX is 
2 0 2 2 4 
CREATE C BOX:
ourBOX is 
2 2 2 4 4 
[co-patch coarsen] patch=12 RTH=1
[co-patch coarsen] patch=12 THBsize=25
CREATE C BOX:
ourBOX is 
2 0 0 4 4 
CREATE C BOX:
ourBOX is 
2 2 0 4 2 
CREATE C BOX:
ourBOX is 
2 0 2 2 4 
CREATE C BOX:
ourBOX is 
2 2 2 4 4 
[co-patch coarsen] patch=14 RTH=1
[co-patch coarsen] patch=14 THBsize=25
CREATE C BOX:
ourBOX is 
2 0 0 4 4 
CREATE C BOX:
ourBOX is 
2 2 0 4 2 
CREATE C BOX:
ourBOX is 
2 0 2 2 4 
CREATE C BOX:
ourBOX is 
2 2 2 4 4 
[co-patch coarsen] patch=15 RTH=1
[co-patch coarsen] patch=15 THBsize=25
0 1 1 1 0 1 1 1 1 1 1 1 1 1 1 1 1 1 1 1 1 1 1 1 1
creating the index mapping
thbToBellsMapping[patch].size(): 25
thbToBellsMapping[patch].size(): 49
thbToBellsMapping[patch].size(): 25
thbToBellsMapping[patch].size(): 49
thbToBellsMapping[patch].size(): 49
thbToBellsMapping[patch].size(): 49
thbToBellsMapping[patch].size(): 49
thbToBellsMapping[patch].size(): 49
thbToBellsMapping[patch].size(): 25
thbToBellsMapping[patch].size(): 49
thbToBellsMapping[patch].size(): 49
thbToBellsMapping[patch].size(): 25
thbToBellsMapping[patch].size(): 25
thbToBellsMapping[patch].size(): 49
thbToBellsMapping[patch].size(): 25
thbToBellsMapping[patch].size(): 25
[mapPrev] newSize=591 carried=417 new(zero)=174
[mpbes-init] vectSol assigned from prevSol patch=0 levNow=1 attempt=0 rows=591 cols=2 nonZeroRows=417
[fitting-mode] attempt context: mode=globalFitting patch=0 levNow=1 attempt=0
[local-region] attempt context: patch=0 levNow=1 attempt=0 lambda=0 basisSelected=0/0 uvBefore=1936 uvAfter=1936
[assemble] custom-point layout per patch:
  patch=0 uv.cols=121
  patch=1 uv.cols=121
  patch=2 uv.cols=121
  patch=3 uv.cols=121
  patch=4 uv.cols=121
  patch=5 uv.cols=121
  patch=6 uv.cols=121
  patch=7 uv.cols=121
  patch=8 uv.cols=121
  patch=9 uv.cols=121
  patch=10 uv.cols=121
  patch=11 uv.cols=121
  patch=12 uv.cols=121
  patch=13 uv.cols=121
  patch=14 uv.cols=121
  patch=15 uv.cols=121
[assemble] resize A_mat(1936,591), b_vec(1936,2)
[assemble] after resize: A_mat.rows=1936 cols=591 b_vec.rows=1936 cols=2
[assemble] mode=global A cols=591
[fit-solve] matA sparse rows=1936 cols=591 nonZeros=21904
[fit-solve] matA nonFiniteEntries=0
[fit-solve] column mapping source=identity/global
[fit-solve] dynamic column reduction: selected=591 / 591
[fit-solve] matA rows=1936 cols=591
[fit-solve] informative column reduction: selected=591 / 591
[fit-solve] matA_solve rows=1936 cols=591
[fit-solve] dropped active/global columns by informative reduction begin
[fit-solve] dropped active/global columns by informative reduction end
[fit-solve] vectB(before At*b) rows=1936 cols=2
[fit-solve] vectB(before At*b) nonFiniteEntries=0
[fit-solve] sparse AtA: 591x591 nnz=15903
fit took: 0.159308
[fit-solve] vectSol(after solve) rows=591 cols=2
[fit-solve] vectSol merge: seededFromOriginal=1 overwrittenRows=591 basisMaskApplied=0
[fit-solve] vectSol(after solve) nonFiniteEntries=0
Solve finished. vectSol.rows()=591, cols=2
matCbefore
1.42109e-13
matCafter
0.341912
Total irregular points: 0
jack took: 0.023784 (pts/patch=20^2=400)
Irregular points: 0 / 6400 (0%)
minusnumber: 0
[assemble] custom-point layout per patch:
  patch=0 uv.cols=20
  patch=1 uv.cols=0
  patch=2 uv.cols=10
  patch=3 uv.cols=10
  patch=4 uv.cols=30
  patch=5 uv.cols=10
  patch=6 uv.cols=0
  patch=7 uv.cols=10
  patch=8 uv.cols=10
  patch=9 uv.cols=20
  patch=10 uv.cols=20
  patch=11 uv.cols=0
  patch=12 uv.cols=10
  patch=13 uv.cols=10
  patch=14 uv.cols=0
  patch=15 uv.cols=0
[assemble] resize A_mat(160,591), b_vec(160,2)
[assemble] after resize: A_mat.rows=160 cols=591 b_vec.rows=160 cols=2
Global fitting error stats: max=0.376457, rms=0.062354, samples=1936, maxAtPatch=11, maxAtLocalPoint=1
Global fitting max sample: uv=(0.1,0), xFit=(-24.9729,-17.2255), target=(-25.1305,-17.5675)
globalError: 0.376457
featureError: 0.00942463
assemblyBoundaryError: 0.00942463
minusnumber: 0
Feature conditions are violated
FIT regular but error/feature tolerance not met (globalError=0.376457, featureError=0.00942463). Withdrawing candidate.
Escape time: 2026-07-25 10:35:11 (+13.4585s, 13.4347s without jacobian checks)
nonCheckedCells.size() has become: 0
[geo-coarsen] useGeo=1 cells=4 firstIndex=2 firstBox=[1,0,2,1]
[geo-coarsen] preflight mirrored patch=2, hierarchy-safe sibling fallback cells=4 level=1
[geo-coarsen] useGeo=1 cells=5 firstIndex=3 firstBox=[0,0,1,1]
[geo-coarsen] useGeo=1 cells=6 firstIndex=0 firstBox=[1,1,2,2]
[geo-coarsen] useGeo=1 cells=5 firstIndex=1 firstBox=[0,1,1,2]
[geo-coarsen] useGeo=1 cells=5 firstIndex=0 firstBox=[1,1,2,2]
[geo-coarsen] useGeo=1 cells=5 firstIndex=0 firstBox=[1,1,2,2]
[geo-coarsen] preflight mirrored patch=8, hierarchy-safe sibling fallback cells=4 level=1
[geo-coarsen] useGeo=1 cells=3 firstIndex=1 firstBox=[0,1,1,2]
[geo-coarsen] useGeo=1 cells=3 firstIndex=2 firstBox=[1,0,2,1]
[geo-coarsen] preflight mirrored patch=11, hierarchy-safe sibling fallback cells=4 level=1
[geo-coarsen] preflight mirrored patch=12, hierarchy-safe sibling fallback cells=4 level=1
[geo-coarsen] useGeo=1 cells=4 firstIndex=0 firstBox=[1,1,2,2]
[geo-coarsen] preflight mirrored patch=14, hierarchy-safe sibling fallback cells=4 level=1
[geo-coarsen] preflight mirrored patch=15, hierarchy-safe sibling fallback cells=4 level=1
[coarsen-group] size=6 patches: 2 8 11 12 14 15 delta=0
[geo-coarsen] preflight mirrored patch=2, hierarchy-safe sibling fallback cells=4 level=1

=== Box Consistency Check ===
Patch 2 has 1 boxes

Box domains:
Box 0: u=[0, 1] x v=[0, 1] (area=1)

Checking for overlaps:
  No overlaps detected (boundaries may touch)

Total area covered: 1 (target: 1.0)

SUCCESS: Boxes are consistent (no overlaps, full coverage)

*** EMERGENCY: No spline created ***
Configuration: Patch 2, Level 1, Attempt 0
createSpline condition: 0

boxMat(patch) contents (lastNonZeroRow=1):
Box 0: 1 0 0 2 2
nonCheckedCells.size() has become: 0
FINISHED
[geo-coarsen] useGeo=1 cells=4 firstIndex=2 firstBox=[1,0,2,1]
[geo-coarsen] useGeo=1 cells=5 firstIndex=3 firstBox=[0,0,1,1]
[geo-coarsen] useGeo=1 cells=6 firstIndex=0 firstBox=[1,1,2,2]
[geo-coarsen] useGeo=1 cells=5 firstIndex=1 firstBox=[0,1,1,2]
[geo-coarsen] useGeo=1 cells=5 firstIndex=0 firstBox=[1,1,2,2]
[geo-coarsen] useGeo=1 cells=5 firstIndex=0 firstBox=[1,1,2,2]
[geo-coarsen] preflight mirrored patch=8, hierarchy-safe sibling fallback cells=4 level=1
[geo-coarsen] useGeo=1 cells=3 firstIndex=1 firstBox=[0,1,1,2]
[geo-coarsen] useGeo=1 cells=3 firstIndex=2 firstBox=[1,0,2,1]
[geo-coarsen] preflight mirrored patch=11, hierarchy-safe sibling fallback cells=4 level=1
[geo-coarsen] preflight mirrored patch=12, hierarchy-safe sibling fallback cells=4 level=1
[geo-coarsen] useGeo=1 cells=4 firstIndex=0 firstBox=[1,1,2,2]
[geo-coarsen] preflight mirrored patch=14, hierarchy-safe sibling fallback cells=4 level=1
[geo-coarsen] preflight mirrored patch=15, hierarchy-safe sibling fallback cells=4 level=1
[coarsen-group] size=5 patches: 8 11 12 14 15 delta=0
[geo-coarsen] preflight mirrored patch=8, hierarchy-safe sibling fallback cells=4 level=1

=== Box Consistency Check ===
Patch 8 has 1 boxes

Box domains:
Box 0: u=[0, 1] x v=[0, 1] (area=1)

Checking for overlaps:
  No overlaps detected (boundaries may touch)

Total area covered: 1 (target: 1.0)

SUCCESS: Boxes are consistent (no overlaps, full coverage)

*** EMERGENCY: No spline created ***
Configuration: Patch 8, Level 1, Attempt 1
createSpline condition: 0

boxMat(patch) contents (lastNonZeroRow=1):
Box 0: 1 0 0 2 2
nonCheckedCells.size() has become: 0
FINISHED
[geo-coarsen] useGeo=1 cells=4 firstIndex=2 firstBox=[1,0,2,1]
[geo-coarsen] useGeo=1 cells=5 firstIndex=3 firstBox=[0,0,1,1]
[geo-coarsen] useGeo=1 cells=6 firstIndex=0 firstBox=[1,1,2,2]
[geo-coarsen] useGeo=1 cells=5 firstIndex=1 firstBox=[0,1,1,2]
[geo-coarsen] useGeo=1 cells=5 firstIndex=0 firstBox=[1,1,2,2]
[geo-coarsen] useGeo=1 cells=5 firstIndex=0 firstBox=[1,1,2,2]
[geo-coarsen] useGeo=1 cells=3 firstIndex=1 firstBox=[0,1,1,2]
[geo-coarsen] useGeo=1 cells=3 firstIndex=2 firstBox=[1,0,2,1]
[geo-coarsen] preflight mirrored patch=11, hierarchy-safe sibling fallback cells=4 level=1
[geo-coarsen] preflight mirrored patch=12, hierarchy-safe sibling fallback cells=4 level=1
[geo-coarsen] useGeo=1 cells=4 firstIndex=0 firstBox=[1,1,2,2]
[geo-coarsen] preflight mirrored patch=14, hierarchy-safe sibling fallback cells=4 level=1
[geo-coarsen] preflight mirrored patch=15, hierarchy-safe sibling fallback cells=4 level=1
[coarsen-group] size=4 patches: 11 12 14 15 delta=0
[geo-coarsen] preflight mirrored patch=11, hierarchy-safe sibling fallback cells=4 level=1

=== Box Consistency Check ===
Patch 11 has 1 boxes

Box domains:
Box 0: u=[0, 1] x v=[0, 1] (area=1)

Checking for overlaps:
  No overlaps detected (boundaries may touch)

Total area covered: 1 (target: 1.0)

SUCCESS: Boxes are consistent (no overlaps, full coverage)

*** EMERGENCY: No spline created ***
Configuration: Patch 11, Level 1, Attempt 2
createSpline condition: 0

boxMat(patch) contents (lastNonZeroRow=1):
Box 0: 1 0 0 2 2
nonCheckedCells.size() has become: 0
FINISHED
[geo-coarsen] useGeo=1 cells=4 firstIndex=2 firstBox=[1,0,2,1]
[geo-coarsen] useGeo=1 cells=5 firstIndex=3 firstBox=[0,0,1,1]
[geo-coarsen] useGeo=1 cells=6 firstIndex=0 firstBox=[1,1,2,2]
[geo-coarsen] useGeo=1 cells=5 firstIndex=1 firstBox=[0,1,1,2]
[geo-coarsen] useGeo=1 cells=5 firstIndex=0 firstBox=[1,1,2,2]
[geo-coarsen] useGeo=1 cells=5 firstIndex=0 firstBox=[1,1,2,2]
[geo-coarsen] useGeo=1 cells=3 firstIndex=1 firstBox=[0,1,1,2]
[geo-coarsen] useGeo=1 cells=3 firstIndex=2 firstBox=[1,0,2,1]
[geo-coarsen] preflight mirrored patch=12, hierarchy-safe sibling fallback cells=4 level=1
[geo-coarsen] useGeo=1 cells=4 firstIndex=0 firstBox=[1,1,2,2]
[geo-coarsen] preflight mirrored patch=14, hierarchy-safe sibling fallback cells=4 level=1
[geo-coarsen] preflight mirrored patch=15, hierarchy-safe sibling fallback cells=4 level=1
[coarsen-group] size=3 patches: 12 14 15 delta=0
[geo-coarsen] preflight mirrored patch=12, hierarchy-safe sibling fallback cells=4 level=1

=== Box Consistency Check ===
Patch 12 has 1 boxes

Box domains:
Box 0: u=[0, 1] x v=[0, 1] (area=1)

Checking for overlaps:
  No overlaps detected (boundaries may touch)

Total area covered: 1 (target: 1.0)

SUCCESS: Boxes are consistent (no overlaps, full coverage)

*** EMERGENCY: No spline created ***
Configuration: Patch 12, Level 1, Attempt 3
createSpline condition: 0

boxMat(patch) contents (lastNonZeroRow=1):
Box 0: 1 0 0 2 2
nonCheckedCells.size() has become: 0
FINISHED
[geo-coarsen] useGeo=1 cells=4 firstIndex=2 firstBox=[1,0,2,1]
[geo-coarsen] useGeo=1 cells=5 firstIndex=3 firstBox=[0,0,1,1]
[geo-coarsen] useGeo=1 cells=6 firstIndex=0 firstBox=[1,1,2,2]
[geo-coarsen] useGeo=1 cells=5 firstIndex=1 firstBox=[0,1,1,2]
[geo-coarsen] useGeo=1 cells=5 firstIndex=0 firstBox=[1,1,2,2]
[geo-coarsen] useGeo=1 cells=5 firstIndex=0 firstBox=[1,1,2,2]
[geo-coarsen] useGeo=1 cells=3 firstIndex=1 firstBox=[0,1,1,2]
[geo-coarsen] useGeo=1 cells=3 firstIndex=2 firstBox=[1,0,2,1]
[geo-coarsen] useGeo=1 cells=4 firstIndex=0 firstBox=[1,1,2,2]
[geo-coarsen] preflight mirrored patch=14, hierarchy-safe sibling fallback cells=4 level=1
[geo-coarsen] preflight mirrored patch=15, hierarchy-safe sibling fallback cells=4 level=1
[coarsen-group] size=2 patches: 14 15 delta=0
[geo-coarsen] preflight mirrored patch=14, hierarchy-safe sibling fallback cells=4 level=1

=== Box Consistency Check ===
Patch 14 has 1 boxes

Box domains:
Box 0: u=[0, 1] x v=[0, 1] (area=1)

Checking for overlaps:
  No overlaps detected (boundaries may touch)

Total area covered: 1 (target: 1.0)

SUCCESS: Boxes are consistent (no overlaps, full coverage)

*** EMERGENCY: No spline created ***
Configuration: Patch 14, Level 1, Attempt 4
createSpline condition: 0

boxMat(patch) contents (lastNonZeroRow=1):
Box 0: 1 0 0 2 2
nonCheckedCells.size() has become: 0
FINISHED
[geo-coarsen] useGeo=1 cells=4 firstIndex=2 firstBox=[1,0,2,1]
[geo-coarsen] useGeo=1 cells=5 firstIndex=3 firstBox=[0,0,1,1]
[geo-coarsen] useGeo=1 cells=6 firstIndex=0 firstBox=[1,1,2,2]
[geo-coarsen] useGeo=1 cells=5 firstIndex=1 firstBox=[0,1,1,2]
[geo-coarsen] useGeo=1 cells=5 firstIndex=0 firstBox=[1,1,2,2]
[geo-coarsen] useGeo=1 cells=5 firstIndex=0 firstBox=[1,1,2,2]
[geo-coarsen] useGeo=1 cells=3 firstIndex=1 firstBox=[0,1,1,2]
[geo-coarsen] useGeo=1 cells=3 firstIndex=2 firstBox=[1,0,2,1]
[geo-coarsen] useGeo=1 cells=4 firstIndex=0 firstBox=[1,1,2,2]
[geo-coarsen] preflight mirrored patch=15, hierarchy-safe sibling fallback cells=4 level=1
[geo-coarsen] preflight mirrored patch=15, hierarchy-safe sibling fallback cells=4 level=1

=== Box Consistency Check ===
Patch 15 has 1 boxes

Box domains:
Box 0: u=[0, 1] x v=[0, 1] (area=1)

Checking for overlaps:
  No overlaps detected (boundaries may touch)

Total area covered: 1 (target: 1.0)

SUCCESS: Boxes are consistent (no overlaps, full coverage)

*** EMERGENCY: No spline created ***
Configuration: Patch 15, Level 1, Attempt 5
createSpline condition: 0

boxMat(patch) contents (lastNonZeroRow=1):
Box 0: 1 0 0 2 2
nonCheckedCells.size() has become: 0
FINISHED
[geo-coarsen] useGeo=1 cells=4 firstIndex=2 firstBox=[1,0,2,1]
[geo-coarsen] useGeo=1 cells=5 firstIndex=3 firstBox=[0,0,1,1]
[geo-coarsen] useGeo=1 cells=6 firstIndex=0 firstBox=[1,1,2,2]
[geo-coarsen] useGeo=1 cells=5 firstIndex=1 firstBox=[0,1,1,2]
[geo-coarsen] useGeo=1 cells=5 firstIndex=0 firstBox=[1,1,2,2]
[geo-coarsen] useGeo=1 cells=5 firstIndex=0 firstBox=[1,1,2,2]
[geo-coarsen] useGeo=1 cells=3 firstIndex=1 firstBox=[0,1,1,2]
[geo-coarsen] useGeo=1 cells=3 firstIndex=2 firstBox=[1,0,2,1]
[geo-coarsen] useGeo=1 cells=4 firstIndex=0 firstBox=[1,1,2,2]
[coarsen-group] size=9 patches: 1 3 4 5 6 7 9 10 13 delta=0.2
[geo-coarsen] useGeo=1 cells=4 firstIndex=2 firstBox=[1,0,2,1]
CREATE C BOX:
ourBOX is 
2 0 0 4 4 
CREATE C BOX:
ourBOX is 
2 0 0 2 2 

=== Box Consistency Check ===
Patch 1 has 4 boxes

Box domains:
Box 0: u=[0.5, 1] x v=[0, 0.5] (area=0.25)
Box 1: u=[0, 0.5] x v=[0, 0.5] (area=0.25)
Box 2: u=[0, 0.5] x v=[0.5, 1] (area=0.25)
Box 3: u=[0.5, 1] x v=[0.5, 1] (area=0.25)

Checking for overlaps:
  No overlaps detected (boundaries may touch)

Total area covered: 1 (target: 1.0)

SUCCESS: Boxes are consistent (no overlaps, full coverage)
Truncated basis of dimension 2,
levels=1, size=16, tree_nodes=1).
Domain: [0 0]..[1 1].
Size per level: 16 

0; 1; 1; 0; 2; 1; 
1; 1; 0; 0; 1; 1; 
2; 2; 0; 2; 2; 4; 
3; 2; 2; 2; 4; 4; 
2 0 2 4 4
1 0 0 2 1
Truncated basis of dimension 2,
levels=3, size=34, tree_nodes=3).
Domain: [0 0]..[1 1].
Size per level: 0 20 14 

[primary coarsen] patch=1 cells=4 THBsize=34
CREATE C BOX:
ourBOX is 
2 0 0 4 4 
CREATE C BOX:
ourBOX is 
2 2 0 4 2 
[co-patch coarsen] patch=3 RTH=1
[co-patch coarsen] patch=3 THBsize=34
CREATE C BOX:
ourBOX is 
2 0 0 4 4 
CREATE C BOX:
ourBOX is 
2 0 2 2 4 
[co-patch coarsen] patch=4 RTH=1
[co-patch coarsen] patch=4 THBsize=34
CREATE C BOX:
ourBOX is 
2 0 0 4 4 
CREATE C BOX:
ourBOX is 
2 2 2 4 4 
[co-patch coarsen] patch=5 RTH=1
[co-patch coarsen] patch=5 THBsize=34
CREATE C BOX:
ourBOX is 
2 0 0 4 4 
CREATE C BOX:
ourBOX is 
2 0 2 2 4 
[co-patch coarsen] patch=6 RTH=1
[co-patch coarsen] patch=6 THBsize=34
CREATE C BOX:
ourBOX is 
2 0 0 4 4 
CREATE C BOX:
ourBOX is 
2 0 2 2 4 
[co-patch coarsen] patch=7 RTH=1
[co-patch coarsen] patch=7 THBsize=34
CREATE C BOX:
ourBOX is 
2 0 0 4 4 
[co-patch coarsen] patch=9 RTH=1
[co-patch coarsen] patch=9 THBsize=40
CREATE C BOX:
ourBOX is 
2 0 0 4 4 
[co-patch coarsen] patch=10 RTH=1
[co-patch coarsen] patch=10 THBsize=40
CREATE C BOX:
ourBOX is 
2 0 0 4 4 
[co-patch coarsen] patch=13 RTH=1
[co-patch coarsen] patch=13 THBsize=40
0 1 1 1 0 1 1 1 1 1 1 1 1 1 1 1 1 1 1 1 1 1 1 1 1 1 1 1 1 1 1 1 1 1
creating the index mapping
thbToBellsMapping[patch].size(): 25
thbToBellsMapping[patch].size(): 34
thbToBellsMapping[patch].size(): 25
thbToBellsMapping[patch].size(): 34
thbToBellsMapping[patch].size(): 34
thbToBellsMapping[patch].size(): 34
thbToBellsMapping[patch].size(): 34
thbToBellsMapping[patch].size(): 34
thbToBellsMapping[patch].size(): 25
thbToBellsMapping[patch].size(): 40
thbToBellsMapping[patch].size(): 40
thbToBellsMapping[patch].size(): 25
thbToBellsMapping[patch].size(): 25
thbToBellsMapping[patch].size(): 40
thbToBellsMapping[patch].size(): 25
thbToBellsMapping[patch].size(): 25
[mapPrev] newSize=472 carried=140 new(zero)=332
[mpbes-init] vectSol assigned from prevSol patch=1 levNow=1 attempt=6 rows=472 cols=2 nonZeroRows=140
[fitting-mode] attempt context: mode=globalFitting patch=1 levNow=1 attempt=6
[local-region] attempt context: patch=1 levNow=1 attempt=6 lambda=0 basisSelected=0/0 uvBefore=1936 uvAfter=1936
[assemble] custom-point layout per patch:
  patch=0 uv.cols=121
  patch=1 uv.cols=121
  patch=2 uv.cols=121
  patch=3 uv.cols=121
  patch=4 uv.cols=121
  patch=5 uv.cols=121
  patch=6 uv.cols=121
  patch=7 uv.cols=121
  patch=8 uv.cols=121
  patch=9 uv.cols=121
  patch=10 uv.cols=121
  patch=11 uv.cols=121
  patch=12 uv.cols=121
  patch=13 uv.cols=121
  patch=14 uv.cols=121
  patch=15 uv.cols=121
[assemble] resize A_mat(1936,472), b_vec(1936,2)
[assemble] after resize: A_mat.rows=1936 cols=472 b_vec.rows=1936 cols=2
[assemble] mode=global A cols=472
[fit-solve] matA sparse rows=1936 cols=472 nonZeros=22720
[fit-solve] matA nonFiniteEntries=0
[fit-solve] column mapping source=identity/global
[fit-solve] dynamic column reduction: selected=472 / 472
[fit-solve] matA rows=1936 cols=472
[fit-solve] informative column reduction: selected=472 / 472
[fit-solve] matA_solve rows=1936 cols=472
[fit-solve] dropped active/global columns by informative reduction begin
[fit-solve] dropped active/global columns by informative reduction end
[fit-solve] vectB(before At*b) rows=1936 cols=2
[fit-solve] vectB(before At*b) nonFiniteEntries=0
[fit-solve] sparse AtA: 472x472 nnz=12318
fit took: 0.159388
[fit-solve] vectSol(after solve) rows=472 cols=2
[fit-solve] vectSol merge: seededFromOriginal=1 overwrittenRows=472 basisMaskApplied=0
[fit-solve] vectSol(after solve) nonFiniteEntries=0
Solve finished. vectSol.rows()=472, cols=2
matCbefore
1.42109e-13
matCafter
0.341912
Total irregular points: 0
jack took: 0.174802 (pts/patch=20^2=400)
Irregular points: 0 / 6400 (0%)
minusnumber: 0
[assemble] custom-point layout per patch:
  patch=0 uv.cols=20
  patch=1 uv.cols=0
  patch=2 uv.cols=10
  patch=3 uv.cols=10
  patch=4 uv.cols=30
  patch=5 uv.cols=10
  patch=6 uv.cols=0
  patch=7 uv.cols=10
  patch=8 uv.cols=10
  patch=9 uv.cols=20
  patch=10 uv.cols=20
  patch=11 uv.cols=0
  patch=12 uv.cols=10
  patch=13 uv.cols=10
  patch=14 uv.cols=0
  patch=15 uv.cols=0
[assemble] resize A_mat(160,472), b_vec(160,2)
[assemble] after resize: A_mat.rows=160 cols=472 b_vec.rows=160 cols=2
Global fitting error stats: max=0.376457, rms=0.0623857, samples=1936, maxAtPatch=11, maxAtLocalPoint=1
Global fitting max sample: uv=(0.1,0), xFit=(-24.9729,-17.2255), target=(-25.1305,-17.5675)
globalError: 0.376457
featureError: 0.00942463
assemblyBoundaryError: 0.00942463
minusnumber: 0
Feature conditions are violated
FIT regular but error/feature tolerance not met (globalError=0.376457, featureError=0.00942463). Withdrawing candidate.
Escape time: 2026-07-25 10:35:12 (+14.0981s, 13.9233s without jacobian checks)
nonCheckedCells.size() has become: 2
[geo-coarsen] useGeo=1 cells=2 firstIndex=0 firstBox=[1,1,2,2]
[geo-coarsen] useGeo=1 cells=5 firstIndex=3 firstBox=[0,0,1,1]
[geo-coarsen] useGeo=1 cells=6 firstIndex=0 firstBox=[1,1,2,2]
[geo-coarsen] useGeo=1 cells=5 firstIndex=1 firstBox=[0,1,1,2]
[geo-coarsen] useGeo=1 cells=5 firstIndex=0 firstBox=[1,1,2,2]
[geo-coarsen] useGeo=1 cells=5 firstIndex=0 firstBox=[1,1,2,2]
[geo-coarsen] useGeo=1 cells=3 firstIndex=1 firstBox=[0,1,1,2]
[geo-coarsen] useGeo=1 cells=3 firstIndex=2 firstBox=[1,0,2,1]
[geo-coarsen] useGeo=1 cells=4 firstIndex=0 firstBox=[1,1,2,2]
[coarsen-group] size=8 patches: 3 4 5 6 7 9 10 13 delta=0.2
[geo-coarsen] useGeo=1 cells=5 firstIndex=3 firstBox=[0,0,1,1]

=== Box Consistency Check ===
Patch 3 has 2 boxes

Box domains:
Box 0: u=[0, 1] x v=[0.5, 1] (area=0.5)
Box 1: u=[0, 1] x v=[0, 0.5] (area=0.5)

Checking for overlaps:
  No overlaps detected (boundaries may touch)

Total area covered: 1 (target: 1.0)

SUCCESS: Boxes are consistent (no overlaps, full coverage)

*** EMERGENCY: No spline created ***
Configuration: Patch 3, Level 1, Attempt 6
createSpline condition: 0

boxMat(patch) contents (lastNonZeroRow=2):
Box 0: 2 0 2 4 4
Box 1: 1 0 0 2 1
nonCheckedCells.size() has become: 2
FINISHED
[geo-coarsen] useGeo=1 cells=2 firstIndex=0 firstBox=[1,1,2,2]
[geo-coarsen] useGeo=1 cells=2 firstIndex=1 firstBox=[0,1,1,2]
[geo-coarsen] useGeo=1 cells=6 firstIndex=0 firstBox=[1,1,2,2]
[geo-coarsen] useGeo=1 cells=5 firstIndex=1 firstBox=[0,1,1,2]
[geo-coarsen] useGeo=1 cells=5 firstIndex=0 firstBox=[1,1,2,2]
[geo-coarsen] useGeo=1 cells=5 firstIndex=0 firstBox=[1,1,2,2]
[geo-coarsen] useGeo=1 cells=3 firstIndex=1 firstBox=[0,1,1,2]
[geo-coarsen] useGeo=1 cells=3 firstIndex=2 firstBox=[1,0,2,1]
[geo-coarsen] useGeo=1 cells=4 firstIndex=0 firstBox=[1,1,2,2]
[coarsen-group] size=7 patches: 4 5 6 7 9 10 13 delta=0.2
[geo-coarsen] useGeo=1 cells=6 firstIndex=0 firstBox=[1,1,2,2]

=== Box Consistency Check ===
Patch 4 has 2 boxes

Box domains:
Box 0: u=[0, 1] x v=[0.5, 1] (area=0.5)
Box 1: u=[0, 1] x v=[0, 0.5] (area=0.5)

Checking for overlaps:
  No overlaps detected (boundaries may touch)

Total area covered: 1 (target: 1.0)

SUCCESS: Boxes are consistent (no overlaps, full coverage)

*** EMERGENCY: No spline created ***
Configuration: Patch 4, Level 1, Attempt 7
createSpline condition: 0

boxMat(patch) contents (lastNonZeroRow=2):
Box 0: 1 0 1 2 2
Box 1: 2 0 0 4 2
nonCheckedCells.size() has become: 2
FINISHED
[geo-coarsen] useGeo=1 cells=2 firstIndex=0 firstBox=[1,1,2,2]
[geo-coarsen] useGeo=1 cells=2 firstIndex=1 firstBox=[0,1,1,2]
[geo-coarsen] useGeo=1 cells=2 firstIndex=2 firstBox=[1,0,2,1]
[geo-coarsen] useGeo=1 cells=5 firstIndex=1 firstBox=[0,1,1,2]
[geo-coarsen] useGeo=1 cells=5 firstIndex=0 firstBox=[1,1,2,2]
[geo-coarsen] useGeo=1 cells=5 firstIndex=0 firstBox=[1,1,2,2]
[geo-coarsen] useGeo=1 cells=3 firstIndex=1 firstBox=[0,1,1,2]
[geo-coarsen] useGeo=1 cells=3 firstIndex=2 firstBox=[1,0,2,1]
[geo-coarsen] useGeo=1 cells=4 firstIndex=0 firstBox=[1,1,2,2]
[coarsen-group] size=6 patches: 5 6 7 9 10 13 delta=0.2
[geo-coarsen] useGeo=1 cells=5 firstIndex=1 firstBox=[0,1,1,2]

=== Box Consistency Check ===
Patch 5 has 2 boxes

Box domains:
Box 0: u=[0, 1] x v=[0.5, 1] (area=0.5)
Box 1: u=[0, 1] x v=[0, 0.5] (area=0.5)

Checking for overlaps:
  No overlaps detected (boundaries may touch)

Total area covered: 1 (target: 1.0)

SUCCESS: Boxes are consistent (no overlaps, full coverage)

*** EMERGENCY: No spline created ***
Configuration: Patch 5, Level 1, Attempt 8
createSpline condition: 0

boxMat(patch) contents (lastNonZeroRow=2):
Box 0: 1 0 1 2 2
Box 1: 2 0 0 4 2
nonCheckedCells.size() has become: 2
FINISHED
[geo-coarsen] useGeo=1 cells=2 firstIndex=0 firstBox=[1,1,2,2]
[geo-coarsen] useGeo=1 cells=2 firstIndex=1 firstBox=[0,1,1,2]
[geo-coarsen] useGeo=1 cells=2 firstIndex=2 firstBox=[1,0,2,1]
[geo-coarsen] useGeo=1 cells=4 firstIndex=3 firstBox=[0,0,1,1]
[geo-coarsen] useGeo=1 cells=5 firstIndex=0 firstBox=[1,1,2,2]
[geo-coarsen] useGeo=1 cells=5 firstIndex=0 firstBox=[1,1,2,2]
[geo-coarsen] useGeo=1 cells=3 firstIndex=1 firstBox=[0,1,1,2]
[geo-coarsen] useGeo=1 cells=3 firstIndex=2 firstBox=[1,0,2,1]
[geo-coarsen] useGeo=1 cells=4 firstIndex=0 firstBox=[1,1,2,2]
[coarsen-group] size=5 patches: 6 7 9 10 13 delta=0.2
[geo-coarsen] useGeo=1 cells=5 firstIndex=0 firstBox=[1,1,2,2]

=== Box Consistency Check ===
Patch 6 has 2 boxes

Box domains:
Box 0: u=[0, 1] x v=[0.5, 1] (area=0.5)
Box 1: u=[0, 1] x v=[0, 0.5] (area=0.5)

Checking for overlaps:
  No overlaps detected (boundaries may touch)

Total area covered: 1 (target: 1.0)

SUCCESS: Boxes are consistent (no overlaps, full coverage)

*** EMERGENCY: No spline created ***
Configuration: Patch 6, Level 1, Attempt 9
createSpline condition: 0

boxMat(patch) contents (lastNonZeroRow=2):
Box 0: 1 0 1 2 2
Box 1: 2 0 0 4 2
nonCheckedCells.size() has become: 2
FINISHED
[geo-coarsen] useGeo=1 cells=2 firstIndex=0 firstBox=[1,1,2,2]
[geo-coarsen] useGeo=1 cells=2 firstIndex=1 firstBox=[0,1,1,2]
[geo-coarsen] useGeo=1 cells=2 firstIndex=2 firstBox=[1,0,2,1]
[geo-coarsen] useGeo=1 cells=4 firstIndex=3 firstBox=[0,0,1,1]
[geo-coarsen] useGeo=1 cells=4 firstIndex=2 firstBox=[1,0,2,1]
[geo-coarsen] useGeo=1 cells=5 firstIndex=0 firstBox=[1,1,2,2]
[geo-coarsen] useGeo=1 cells=3 firstIndex=1 firstBox=[0,1,1,2]
[geo-coarsen] useGeo=1 cells=3 firstIndex=2 firstBox=[1,0,2,1]
[geo-coarsen] useGeo=1 cells=4 firstIndex=0 firstBox=[1,1,2,2]
[coarsen-group] size=4 patches: 7 9 10 13 delta=0.2
[geo-coarsen] useGeo=1 cells=5 firstIndex=0 firstBox=[1,1,2,2]

=== Box Consistency Check ===
Patch 7 has 2 boxes

Box domains:
Box 0: u=[0, 1] x v=[0.5, 1] (area=0.5)
Box 1: u=[0, 1] x v=[0, 0.5] (area=0.5)

Checking for overlaps:
  No overlaps detected (boundaries may touch)

Total area covered: 1 (target: 1.0)

SUCCESS: Boxes are consistent (no overlaps, full coverage)

*** EMERGENCY: No spline created ***
Configuration: Patch 7, Level 1, Attempt 10
createSpline condition: 0

boxMat(patch) contents (lastNonZeroRow=2):
Box 0: 1 0 1 2 2
Box 1: 2 0 0 4 2
nonCheckedCells.size() has become: 2
FINISHED
[geo-coarsen] useGeo=1 cells=2 firstIndex=0 firstBox=[1,1,2,2]
[geo-coarsen] useGeo=1 cells=2 firstIndex=1 firstBox=[0,1,1,2]
[geo-coarsen] useGeo=1 cells=2 firstIndex=2 firstBox=[1,0,2,1]
[geo-coarsen] useGeo=1 cells=4 firstIndex=3 firstBox=[0,0,1,1]
[geo-coarsen] useGeo=1 cells=4 firstIndex=2 firstBox=[1,0,2,1]
[geo-coarsen] useGeo=1 cells=2 firstIndex=2 firstBox=[1,0,2,1]
[geo-coarsen] useGeo=1 cells=3 firstIndex=1 firstBox=[0,1,1,2]
[geo-coarsen] useGeo=1 cells=3 firstIndex=2 firstBox=[1,0,2,1]
[geo-coarsen] useGeo=1 cells=4 firstIndex=0 firstBox=[1,1,2,2]
[coarsen-group] size=3 patches: 9 10 13 delta=0.2
[geo-coarsen] useGeo=1 cells=3 firstIndex=1 firstBox=[0,1,1,2]

=== Box Consistency Check ===
Patch 9 has 3 boxes

Box domains:
Box 0: u=[0.5, 1] x v=[0, 1] (area=0.5)
Box 1: u=[0, 0.5] x v=[0.5, 1] (area=0.25)
Box 2: u=[0, 0.5] x v=[0, 0.5] (area=0.25)

Checking for overlaps:
  No overlaps detected (boundaries may touch)

Total area covered: 1 (target: 1.0)

SUCCESS: Boxes are consistent (no overlaps, full coverage)

*** EMERGENCY: No spline created ***
Configuration: Patch 9, Level 1, Attempt 11
createSpline condition: 0

boxMat(patch) contents (lastNonZeroRow=3):
Box 0: 2 2 0 4 4
Box 1: 1 0 1 1 2
Box 2: 2 0 0 2 2
nonCheckedCells.size() has become: 3
FINISHED
[geo-coarsen] useGeo=1 cells=2 firstIndex=0 firstBox=[1,1,2,2]
[geo-coarsen] useGeo=1 cells=2 firstIndex=1 firstBox=[0,1,1,2]
[geo-coarsen] useGeo=1 cells=2 firstIndex=2 firstBox=[1,0,2,1]
[geo-coarsen] useGeo=1 cells=4 firstIndex=3 firstBox=[0,0,1,1]
[geo-coarsen] useGeo=1 cells=4 firstIndex=2 firstBox=[1,0,2,1]
[geo-coarsen] useGeo=1 cells=2 firstIndex=2 firstBox=[1,0,2,1]
[geo-coarsen] useGeo=1 cells=3 firstIndex=0 firstBox=[1,1,2,2]
[geo-coarsen] useGeo=1 cells=3 firstIndex=2 firstBox=[1,0,2,1]
[geo-coarsen] useGeo=1 cells=4 firstIndex=0 firstBox=[1,1,2,2]
[coarsen-group] size=2 patches: 10 13 delta=0.2
[geo-coarsen] useGeo=1 cells=3 firstIndex=2 firstBox=[1,0,2,1]

=== Box Consistency Check ===
Patch 10 has 3 boxes

Box domains:
Box 0: u=[0.5, 1] x v=[0.5, 1] (area=0.25)
Box 1: u=[0.5, 1] x v=[0, 0.5] (area=0.25)
Box 2: u=[0, 0.5] x v=[0, 1] (area=0.5)

Checking for overlaps:
  No overlaps detected (boundaries may touch)

Total area covered: 1 (target: 1.0)

SUCCESS: Boxes are consistent (no overlaps, full coverage)

*** EMERGENCY: No spline created ***
Configuration: Patch 10, Level 1, Attempt 12
createSpline condition: 0

boxMat(patch) contents (lastNonZeroRow=3):
Box 0: 2 2 2 4 4
Box 1: 1 1 0 2 1
Box 2: 2 0 0 2 4
nonCheckedCells.size() has become: 3
FINISHED
[geo-coarsen] useGeo=1 cells=2 firstIndex=0 firstBox=[1,1,2,2]
[geo-coarsen] useGeo=1 cells=2 firstIndex=1 firstBox=[0,1,1,2]
[geo-coarsen] useGeo=1 cells=2 firstIndex=2 firstBox=[1,0,2,1]
[geo-coarsen] useGeo=1 cells=4 firstIndex=3 firstBox=[0,0,1,1]
[geo-coarsen] useGeo=1 cells=4 firstIndex=2 firstBox=[1,0,2,1]
[geo-coarsen] useGeo=1 cells=2 firstIndex=2 firstBox=[1,0,2,1]
[geo-coarsen] useGeo=1 cells=3 firstIndex=0 firstBox=[1,1,2,2]
[geo-coarsen] useGeo=1 cells=2 firstIndex=3 firstBox=[0,0,1,1]
[geo-coarsen] useGeo=1 cells=4 firstIndex=0 firstBox=[1,1,2,2]
[geo-coarsen] useGeo=1 cells=4 firstIndex=0 firstBox=[1,1,2,2]

=== Box Consistency Check ===
Patch 13 has 3 boxes

Box domains:
Box 0: u=[0.5, 1] x v=[0.5, 1] (area=0.25)
Box 1: u=[0.5, 1] x v=[0, 0.5] (area=0.25)
Box 2: u=[0, 0.5] x v=[0, 1] (area=0.5)

Checking for overlaps:
  No overlaps detected (boundaries may touch)

Total area covered: 1 (target: 1.0)

SUCCESS: Boxes are consistent (no overlaps, full coverage)

*** EMERGENCY: No spline created ***
Configuration: Patch 13, Level 1, Attempt 13
createSpline condition: 0

boxMat(patch) contents (lastNonZeroRow=3):
Box 0: 1 1 1 2 2
Box 1: 2 2 0 4 2
Box 2: 2 0 0 2 4
nonCheckedCells.size() has become: 3
FINISHED
[geo-coarsen] useGeo=1 cells=2 firstIndex=0 firstBox=[1,1,2,2]
[geo-coarsen] useGeo=1 cells=2 firstIndex=1 firstBox=[0,1,1,2]
[geo-coarsen] useGeo=1 cells=2 firstIndex=2 firstBox=[1,0,2,1]
[geo-coarsen] useGeo=1 cells=4 firstIndex=3 firstBox=[0,0,1,1]
[geo-coarsen] useGeo=1 cells=4 firstIndex=2 firstBox=[1,0,2,1]
[geo-coarsen] useGeo=1 cells=2 firstIndex=2 firstBox=[1,0,2,1]
[geo-coarsen] useGeo=1 cells=3 firstIndex=0 firstBox=[1,1,2,2]
[geo-coarsen] useGeo=1 cells=2 firstIndex=3 firstBox=[0,0,1,1]
[geo-coarsen] useGeo=1 cells=5 firstIndex=1 firstBox=[0,1,1,2]
[coarsen-group] size=4 patches: 4 9 10 13 delta=0.4
[geo-coarsen] useGeo=1 cells=2 firstIndex=2 firstBox=[1,0,2,1]
CREATE C BOX:
ourBOX is 
2 0 0 4 2 

=== Box Consistency Check ===
Patch 4 has 3 boxes

Box domains:
Box 0: u=[0, 1] x v=[0.5, 1] (area=0.5)
Box 1: u=[0.5, 1] x v=[0, 0.5] (area=0.25)
Box 2: u=[0, 0.5] x v=[0, 0.5] (area=0.25)

Checking for overlaps:
  No overlaps detected (boundaries may touch)

Total area covered: 1 (target: 1.0)

SUCCESS: Boxes are consistent (no overlaps, full coverage)
Truncated basis of dimension 2,
levels=1, size=16, tree_nodes=1).
Domain: [0 0]..[1 1].
Size per level: 16 

0; 1; 0; 1; 2; 2; 
1; 1; 1; 0; 2; 1; 
2; 2; 0; 0; 2; 2; 
1 1 0 2 2
1 0 1 1 2
2 0 0 2 2
Truncated basis of dimension 2,
levels=3, size=28, tree_nodes=5).
Domain: [0 0]..[1 1].
Size per level: 0 24 4 

[primary coarsen] patch=4 cells=2 THBsize=28
CREATE C BOX:
ourBOX is 
2 2 0 4 4 
[co-patch coarsen] patch=9 RTH=1
[co-patch coarsen] patch=9 THBsize=34
CREATE C BOX:
ourBOX is 
2 0 0 2 4 
[co-patch coarsen] patch=10 RTH=1
[co-patch coarsen] patch=10 THBsize=34
CREATE C BOX:
ourBOX is 
2 0 0 2 4 
CREATE C BOX:
ourBOX is 
2 2 0 4 2 
[co-patch coarsen] patch=13 RTH=1
[co-patch coarsen] patch=13 THBsize=28
1 1 1 0 1 1 1 1 1 1 1 1 1 1 1 1 1 1 1 1 1 1 1 1 0 0 0 0
creating the index mapping
thbToBellsMapping[patch].size(): 25
thbToBellsMapping[patch].size(): 34
thbToBellsMapping[patch].size(): 25
thbToBellsMapping[patch].size(): 34
thbToBellsMapping[patch].size(): 28
thbToBellsMapping[patch].size(): 34
thbToBellsMapping[patch].size(): 34
thbToBellsMapping[patch].size(): 34
thbToBellsMapping[patch].size(): 25
thbToBellsMapping[patch].size(): 34
thbToBellsMapping[patch].size(): 34
thbToBellsMapping[patch].size(): 25
thbToBellsMapping[patch].size(): 25
thbToBellsMapping[patch].size(): 28
thbToBellsMapping[patch].size(): 25
thbToBellsMapping[patch].size(): 25
[mapPrev] newSize=442 carried=95 new(zero)=347
[mpbes-init] vectSol assigned from prevSol patch=4 levNow=1 attempt=14 rows=442 cols=2 nonZeroRows=95
[fitting-mode] attempt context: mode=globalFitting patch=4 levNow=1 attempt=14
[local-region] attempt context: patch=4 levNow=1 attempt=14 lambda=0 basisSelected=0/0 uvBefore=1936 uvAfter=1936
[assemble] custom-point layout per patch:
  patch=0 uv.cols=121
  patch=1 uv.cols=121
  patch=2 uv.cols=121
  patch=3 uv.cols=121
  patch=4 uv.cols=121
  patch=5 uv.cols=121
  patch=6 uv.cols=121
  patch=7 uv.cols=121
  patch=8 uv.cols=121
  patch=9 uv.cols=121
  patch=10 uv.cols=121
  patch=11 uv.cols=121
  patch=12 uv.cols=121
  patch=13 uv.cols=121
  patch=14 uv.cols=121
  patch=15 uv.cols=121
[assemble] resize A_mat(1936,442), b_vec(1936,2)
[assemble] after resize: A_mat.rows=1936 cols=442 b_vec.rows=1936 cols=2
[assemble] mode=global A cols=442
[fit-solve] matA sparse rows=1936 cols=442 nonZeros=22470
[fit-solve] matA nonFiniteEntries=0
[fit-solve] column mapping source=identity/global
[fit-solve] dynamic column reduction: selected=442 / 442
[fit-solve] matA rows=1936 cols=442
[fit-solve] informative column reduction: selected=442 / 442
[fit-solve] matA_solve rows=1936 cols=442
[fit-solve] dropped active/global columns by informative reduction begin
[fit-solve] dropped active/global columns by informative reduction end
[fit-solve] vectB(before At*b) rows=1936 cols=2
[fit-solve] vectB(before At*b) nonFiniteEntries=0
[fit-solve] sparse AtA: 442x442 nnz=11058
fit took: 0.147949
[fit-solve] vectSol(after solve) rows=442 cols=2
[fit-solve] vectSol merge: seededFromOriginal=1 overwrittenRows=442 basisMaskApplied=0
[fit-solve] vectSol(after solve) nonFiniteEntries=0
Solve finished. vectSol.rows()=442, cols=2
matCbefore
1.13687e-13
matCafter
0.341912
Total irregular points: 0
jack took: 0.172841 (pts/patch=20^2=400)
Irregular points: 0 / 6400 (0%)
minusnumber: 0
[assemble] custom-point layout per patch:
  patch=0 uv.cols=20
  patch=1 uv.cols=0
  patch=2 uv.cols=10
  patch=3 uv.cols=10
  patch=4 uv.cols=30
  patch=5 uv.cols=10
  patch=6 uv.cols=0
  patch=7 uv.cols=10
  patch=8 uv.cols=10
  patch=9 uv.cols=20
  patch=10 uv.cols=20
  patch=11 uv.cols=0
  patch=12 uv.cols=10
  patch=13 uv.cols=10
  patch=14 uv.cols=0
  patch=15 uv.cols=0
[assemble] resize A_mat(160,442), b_vec(160,2)
[assemble] after resize: A_mat.rows=160 cols=442 b_vec.rows=160 cols=2
Global fitting error stats: max=0.376457, rms=0.0623857, samples=1936, maxAtPatch=11, maxAtLocalPoint=1
Global fitting max sample: uv=(0.1,0), xFit=(-24.9729,-17.2255), target=(-25.1305,-17.5675)
globalError: 0.376457
featureError: 0.00942463
assemblyBoundaryError: 0.00942463
minusnumber: 0
Feature conditions are violated
FIT regular but error/feature tolerance not met (globalError=0.376457, featureError=0.00942463). Withdrawing candidate.
Escape time: 2026-07-25 10:35:12 (+14.8542s, 14.6813s without jacobian checks)
nonCheckedCells.size() has become: 1
[geo-coarsen] useGeo=1 cells=2 firstIndex=0 firstBox=[1,1,2,2]
[geo-coarsen] useGeo=1 cells=2 firstIndex=1 firstBox=[0,1,1,2]
[geo-coarsen] useGeo=1 cells=2 firstIndex=3 firstBox=[0,0,1,1]
[geo-coarsen] useGeo=1 cells=4 firstIndex=3 firstBox=[0,0,1,1]
[geo-coarsen] useGeo=1 cells=4 firstIndex=2 firstBox=[1,0,2,1]
[geo-coarsen] useGeo=1 cells=2 firstIndex=2 firstBox=[1,0,2,1]
[geo-coarsen] useGeo=1 cells=3 firstIndex=0 firstBox=[1,1,2,2]
[geo-coarsen] useGeo=1 cells=2 firstIndex=3 firstBox=[0,0,1,1]
[geo-coarsen] useGeo=1 cells=5 firstIndex=1 firstBox=[0,1,1,2]
[coarsen-group] size=3 patches: 9 10 13 delta=0.4
[geo-coarsen] useGeo=1 cells=3 firstIndex=0 firstBox=[1,1,2,2]

=== Box Consistency Check ===
Patch 9 has 2 boxes

Box domains:
Box 0: u=[0, 1] x v=[0.5, 1] (area=0.5)
Box 1: u=[0, 1] x v=[0, 0.5] (area=0.5)

Checking for overlaps:
  No overlaps detected (boundaries may touch)

Total area covered: 1 (target: 1.0)

SUCCESS: Boxes are consistent (no overlaps, full coverage)

*** EMERGENCY: No spline created ***
Configuration: Patch 9, Level 1, Attempt 14
createSpline condition: 0

boxMat(patch) contents (lastNonZeroRow=2):
Box 0: 1 0 1 2 2
Box 1: 2 0 0 4 2
nonCheckedCells.size() has become: 2
FINISHED
[geo-coarsen] useGeo=1 cells=2 firstIndex=0 firstBox=[1,1,2,2]
[geo-coarsen] useGeo=1 cells=2 firstIndex=1 firstBox=[0,1,1,2]
[geo-coarsen] useGeo=1 cells=2 firstIndex=3 firstBox=[0,0,1,1]
[geo-coarsen] useGeo=1 cells=4 firstIndex=3 firstBox=[0,0,1,1]
[geo-coarsen] useGeo=1 cells=4 firstIndex=2 firstBox=[1,0,2,1]
[geo-coarsen] useGeo=1 cells=2 firstIndex=2 firstBox=[1,0,2,1]
[geo-coarsen] useGeo=1 cells=2 firstIndex=3 firstBox=[0,0,1,1]
[geo-coarsen] useGeo=1 cells=2 firstIndex=3 firstBox=[0,0,1,1]
[geo-coarsen] useGeo=1 cells=5 firstIndex=1 firstBox=[0,1,1,2]
[coarsen-group] size=2 patches: 10 13 delta=0.4
[geo-coarsen] useGeo=1 cells=2 firstIndex=3 firstBox=[0,0,1,1]

=== Box Consistency Check ===
Patch 10 has 2 boxes

Box domains:
Box 0: u=[0, 1] x v=[0.5, 1] (area=0.5)
Box 1: u=[0, 1] x v=[0, 0.5] (area=0.5)

Checking for overlaps:
  No overlaps detected (boundaries may touch)

Total area covered: 1 (target: 1.0)

SUCCESS: Boxes are consistent (no overlaps, full coverage)

*** EMERGENCY: No spline created ***
Configuration: Patch 10, Level 1, Attempt 15
createSpline condition: 0

boxMat(patch) contents (lastNonZeroRow=2):
Box 0: 2 0 2 4 4
Box 1: 1 0 0 2 1
nonCheckedCells.size() has become: 2
FINISHED
[geo-coarsen] useGeo=1 cells=2 firstIndex=0 firstBox=[1,1,2,2]
[geo-coarsen] useGeo=1 cells=2 firstIndex=1 firstBox=[0,1,1,2]
[geo-coarsen] useGeo=1 cells=2 firstIndex=3 firstBox=[0,0,1,1]
[geo-coarsen] useGeo=1 cells=4 firstIndex=3 firstBox=[0,0,1,1]
[geo-coarsen] useGeo=1 cells=4 firstIndex=2 firstBox=[1,0,2,1]
[geo-coarsen] useGeo=1 cells=2 firstIndex=2 firstBox=[1,0,2,1]
[geo-coarsen] useGeo=1 cells=2 firstIndex=3 firstBox=[0,0,1,1]
[geo-coarsen] useGeo=1 cells=3 firstIndex=0 firstBox=[1,1,2,2]
[geo-coarsen] useGeo=1 cells=5 firstIndex=1 firstBox=[0,1,1,2]
[geo-coarsen] useGeo=1 cells=5 firstIndex=1 firstBox=[0,1,1,2]

=== Box Consistency Check ===
Patch 13 has 3 boxes

Box domains:
Box 0: u=[0.5, 1] x v=[0, 1] (area=0.5)
Box 1: u=[0, 0.5] x v=[0.5, 1] (area=0.25)
Box 2: u=[0, 0.5] x v=[0, 0.5] (area=0.25)

Checking for overlaps:
  No overlaps detected (boundaries may touch)

Total area covered: 1 (target: 1.0)

SUCCESS: Boxes are consistent (no overlaps, full coverage)

*** EMERGENCY: No spline created ***
Configuration: Patch 13, Level 1, Attempt 16
createSpline condition: 0

boxMat(patch) contents (lastNonZeroRow=3):
Box 0: 1 1 0 2 2
Box 1: 1 0 1 1 2
Box 2: 2 0 0 2 2
nonCheckedCells.size() has become: 1
FINISHED
[geo-coarsen] useGeo=1 cells=2 firstIndex=0 firstBox=[1,1,2,2]
[geo-coarsen] useGeo=1 cells=2 firstIndex=1 firstBox=[0,1,1,2]
[geo-coarsen] useGeo=1 cells=2 firstIndex=3 firstBox=[0,0,1,1]
[geo-coarsen] useGeo=1 cells=4 firstIndex=3 firstBox=[0,0,1,1]
[geo-coarsen] useGeo=1 cells=4 firstIndex=2 firstBox=[1,0,2,1]
[geo-coarsen] useGeo=1 cells=2 firstIndex=2 firstBox=[1,0,2,1]
[geo-coarsen] useGeo=1 cells=2 firstIndex=3 firstBox=[0,0,1,1]
[geo-coarsen] useGeo=1 cells=3 firstIndex=0 firstBox=[1,1,2,2]
[geo-coarsen] useGeo=1 cells=2 firstIndex=3 firstBox=[0,0,1,1]
[coarsen-group] size=8 patches: 1 3 4 5 6 7 9 10 delta=0.6
[geo-coarsen] useGeo=1 cells=2 firstIndex=0 firstBox=[1,1,2,2]
CREATE C BOX:
ourBOX is 
2 0 2 4 4 

=== Box Consistency Check ===
Patch 1 has 3 boxes

Box domains:
Box 0: u=[0.5, 1] x v=[0.5, 1] (area=0.25)
Box 1: u=[0, 1] x v=[0, 0.5] (area=0.5)
Box 2: u=[0, 0.5] x v=[0.5, 1] (area=0.25)

Checking for overlaps:
  No overlaps detected (boundaries may touch)

Total area covered: 1 (target: 1.0)

SUCCESS: Boxes are consistent (no overlaps, full coverage)
Truncated basis of dimension 2,
levels=1, size=16, tree_nodes=1).
Domain: [0 0]..[1 1].
Size per level: 16 

0; 1; 1; 1; 2; 2; 
1; 1; 0; 0; 2; 1; 
2; 2; 0; 2; 2; 4; 
1 1 0 2 2
2 0 2 2 4
1 0 0 1 1
Truncated basis of dimension 2,
levels=3, size=28, tree_nodes=5).
Domain: [0 0]..[1 1].
Size per level: 0 24 4 

[primary coarsen] patch=1 cells=2 THBsize=28
CREATE C BOX:
ourBOX is 
2 0 2 4 4 
[co-patch coarsen] patch=3 RTH=1
[co-patch coarsen] patch=3 THBsize=28
CREATE C BOX:
ourBOX is 
2 0 0 2 2 
[co-patch coarsen] patch=4 RTH=1
[co-patch coarsen] patch=4 THBsize=25
CREATE C BOX:
ourBOX is 
2 0 0 4 2 
CREATE C BOX:
ourBOX is 
2 2 0 4 2 
[co-patch coarsen] patch=5 RTH=1
[co-patch coarsen] patch=5 THBsize=25
CREATE C BOX:
ourBOX is 
2 0 0 4 2 
CREATE C BOX:
ourBOX is 
2 0 0 2 2 
[co-patch coarsen] patch=6 RTH=1
[co-patch coarsen] patch=6 THBsize=25
CREATE C BOX:
ourBOX is 
2 0 0 4 2 
[co-patch coarsen] patch=7 RTH=1
[co-patch coarsen] patch=7 THBsize=28
CREATE C BOX:
ourBOX is 
2 0 0 4 2 
[co-patch coarsen] patch=9 RTH=1
[co-patch coarsen] patch=9 THBsize=28
CREATE C BOX:
ourBOX is 
2 0 2 4 4 
[co-patch coarsen] patch=10 RTH=1
[co-patch coarsen] patch=10 THBsize=28
0 1 1 1 0 1 1 1 1 1 1 1 1 1 1 1 1 1 1 1 1 1 1 1 1 1 1 1
creating the index mapping
thbToBellsMapping[patch].size(): 25
thbToBellsMapping[patch].size(): 28
thbToBellsMapping[patch].size(): 25
thbToBellsMapping[patch].size(): 28
thbToBellsMapping[patch].size(): 25
thbToBellsMapping[patch].size(): 25
thbToBellsMapping[patch].size(): 25
thbToBellsMapping[patch].size(): 28
thbToBellsMapping[patch].size(): 25
thbToBellsMapping[patch].size(): 28
thbToBellsMapping[patch].size(): 28
thbToBellsMapping[patch].size(): 25
thbToBellsMapping[patch].size(): 25
thbToBellsMapping[patch].size(): 28
thbToBellsMapping[patch].size(): 25
thbToBellsMapping[patch].size(): 25
[mapPrev] newSize=397 carried=24 new(zero)=373
[mpbes-init] vectSol assigned from prevSol patch=1 levNow=1 attempt=17 rows=397 cols=2 nonZeroRows=24
[fitting-mode] attempt context: mode=globalFitting patch=1 levNow=1 attempt=17
[local-region] attempt context: patch=1 levNow=1 attempt=17 lambda=0 basisSelected=0/0 uvBefore=1936 uvAfter=1936
[assemble] custom-point layout per patch:
  patch=0 uv.cols=121
  patch=1 uv.cols=121
  patch=2 uv.cols=121
  patch=3 uv.cols=121
  patch=4 uv.cols=121
  patch=5 uv.cols=121
  patch=6 uv.cols=121
  patch=7 uv.cols=121
  patch=8 uv.cols=121
  patch=9 uv.cols=121
  patch=10 uv.cols=121
  patch=11 uv.cols=121
  patch=12 uv.cols=121
  patch=13 uv.cols=121
  patch=14 uv.cols=121
  patch=15 uv.cols=121
[assemble] resize A_mat(1936,397), b_vec(1936,2)
[assemble] after resize: A_mat.rows=1936 cols=397 b_vec.rows=1936 cols=2
[assemble] mode=global A cols=397
[fit-solve] matA sparse rows=1936 cols=397 nonZeros=22048
[fit-solve] matA nonFiniteEntries=0
[fit-solve] column mapping source=identity/global
[fit-solve] dynamic column reduction: selected=397 / 397
[fit-solve] matA rows=1936 cols=397
[fit-solve] informative column reduction: selected=397 / 397
[fit-solve] matA_solve rows=1936 cols=397
[fit-solve] dropped active/global columns by informative reduction begin
[fit-solve] dropped active/global columns by informative reduction end
[fit-solve] vectB(before At*b) rows=1936 cols=2
[fit-solve] vectB(before At*b) nonFiniteEntries=0
[fit-solve] sparse AtA: 397x397 nnz=9017
fit took: 0.141492
[fit-solve] vectSol(after solve) rows=397 cols=2
[fit-solve] vectSol merge: seededFromOriginal=1 overwrittenRows=397 basisMaskApplied=0
[fit-solve] vectSol(after solve) nonFiniteEntries=0
Solve finished. vectSol.rows()=397, cols=2
matCbefore
1.7053e-13
matCafter
0.341912
Total irregular points: 0
jack took: 0.114457 (pts/patch=20^2=400)
Irregular points: 0 / 6400 (0%)
minusnumber: 0
[assemble] custom-point layout per patch:
  patch=0 uv.cols=20
  patch=1 uv.cols=0
  patch=2 uv.cols=10
  patch=3 uv.cols=10
  patch=4 uv.cols=30
  patch=5 uv.cols=10
  patch=6 uv.cols=0
  patch=7 uv.cols=10
  patch=8 uv.cols=10
  patch=9 uv.cols=20
  patch=10 uv.cols=20
  patch=11 uv.cols=0
  patch=12 uv.cols=10
  patch=13 uv.cols=10
  patch=14 uv.cols=0
  patch=15 uv.cols=0
[assemble] resize A_mat(160,397), b_vec(160,2)
[assemble] after resize: A_mat.rows=160 cols=397 b_vec.rows=160 cols=2
Global fitting error stats: max=0.376457, rms=0.0624525, samples=1936, maxAtPatch=11, maxAtLocalPoint=1
Global fitting max sample: uv=(0.1,0), xFit=(-24.9729,-17.2255), target=(-25.1305,-17.5675)
globalError: 0.376457
featureError: 0.00942463
assemblyBoundaryError: 0.00942463
minusnumber: 0
Feature conditions are violated
FIT regular but error/feature tolerance not met (globalError=0.376457, featureError=0.00942463). Withdrawing candidate.
Escape time: 2026-07-25 10:35:13 (+15.3878s, 15.2733s without jacobian checks)
nonCheckedCells.size() has become: 1
[geo-coarsen] useGeo=1 cells=3 firstIndex=1 firstBox=[0,1,1,2]
[geo-coarsen] useGeo=1 cells=2 firstIndex=1 firstBox=[0,1,1,2]
[geo-coarsen] useGeo=1 cells=2 firstIndex=3 firstBox=[0,0,1,1]
[geo-coarsen] useGeo=1 cells=4 firstIndex=3 firstBox=[0,0,1,1]
[geo-coarsen] useGeo=1 cells=4 firstIndex=2 firstBox=[1,0,2,1]
[geo-coarsen] useGeo=1 cells=2 firstIndex=2 firstBox=[1,0,2,1]
[geo-coarsen] useGeo=1 cells=2 firstIndex=3 firstBox=[0,0,1,1]
[geo-coarsen] useGeo=1 cells=3 firstIndex=0 firstBox=[1,1,2,2]
[geo-coarsen] useGeo=1 cells=2 firstIndex=3 firstBox=[0,0,1,1]
[coarsen-group] size=7 patches: 3 4 5 6 7 9 10 delta=0.6
[geo-coarsen] useGeo=1 cells=2 firstIndex=1 firstBox=[0,1,1,2]

=== Box Consistency Check ===
Patch 3 has 3 boxes

Box domains:
Box 0: u=[0.5, 1] x v=[0.5, 1] (area=0.25)
Box 1: u=[0.5, 1] x v=[0, 0.5] (area=0.25)
Box 2: u=[0, 0.5] x v=[0, 1] (area=0.5)

Checking for overlaps:
  No overlaps detected (boundaries may touch)

Total area covered: 1 (target: 1.0)

SUCCESS: Boxes are consistent (no overlaps, full coverage)

*** EMERGENCY: No spline created ***
Configuration: Patch 3, Level 1, Attempt 17
createSpline condition: 0

boxMat(patch) contents (lastNonZeroRow=3):
Box 0: 2 2 2 4 4
Box 1: 1 1 0 2 1
Box 2: 1 0 0 1 2
nonCheckedCells.size() has become: 1
FINISHED
[geo-coarsen] useGeo=1 cells=3 firstIndex=1 firstBox=[0,1,1,2]
[geo-coarsen] useGeo=1 cells=3 firstIndex=0 firstBox=[1,1,2,2]
[geo-coarsen] useGeo=1 cells=2 firstIndex=3 firstBox=[0,0,1,1]
[geo-coarsen] useGeo=1 cells=4 firstIndex=3 firstBox=[0,0,1,1]
[geo-coarsen] useGeo=1 cells=4 firstIndex=2 firstBox=[1,0,2,1]
[geo-coarsen] useGeo=1 cells=2 firstIndex=2 firstBox=[1,0,2,1]
[geo-coarsen] useGeo=1 cells=2 firstIndex=3 firstBox=[0,0,1,1]
[geo-coarsen] useGeo=1 cells=3 firstIndex=0 firstBox=[1,1,2,2]
[geo-coarsen] useGeo=1 cells=2 firstIndex=3 firstBox=[0,0,1,1]
[coarsen-group] size=6 patches: 4 5 6 7 9 10 delta=0.6
[geo-coarsen] useGeo=1 cells=2 firstIndex=3 firstBox=[0,0,1,1]

=== Box Consistency Check ===
Patch 4 has 1 boxes

Box domains:
Box 0: u=[0, 1] x v=[0, 1] (area=1)

Checking for overlaps:
  No overlaps detected (boundaries may touch)

Total area covered: 1 (target: 1.0)

SUCCESS: Boxes are consistent (no overlaps, full coverage)

*** EMERGENCY: No spline created ***
Configuration: Patch 4, Level 1, Attempt 18
createSpline condition: 0

boxMat(patch) contents (lastNonZeroRow=1):
Box 0: 1 0 0 2 2
nonCheckedCells.size() has become: 0
FINISHED
[geo-coarsen] useGeo=1 cells=3 firstIndex=1 firstBox=[0,1,1,2]
[geo-coarsen] useGeo=1 cells=3 firstIndex=0 firstBox=[1,1,2,2]
[geo-coarsen] useGeo=1 cells=4 firstIndex=3 firstBox=[0,0,1,1]
[geo-coarsen] useGeo=1 cells=4 firstIndex=2 firstBox=[1,0,2,1]
[geo-coarsen] useGeo=1 cells=2 firstIndex=2 firstBox=[1,0,2,1]
[geo-coarsen] useGeo=1 cells=2 firstIndex=3 firstBox=[0,0,1,1]
[geo-coarsen] useGeo=1 cells=3 firstIndex=0 firstBox=[1,1,2,2]
[geo-coarsen] useGeo=1 cells=2 firstIndex=3 firstBox=[0,0,1,1]
[coarsen-group] size=5 patches: 5 6 7 9 10 delta=0.6
[geo-coarsen] useGeo=1 cells=4 firstIndex=3 firstBox=[0,0,1,1]

=== Box Consistency Check ===
Patch 5 has 1 boxes

Box domains:
Box 0: u=[0, 1] x v=[0, 1] (area=1)

Checking for overlaps:
  No overlaps detected (boundaries may touch)

Total area covered: 1 (target: 1.0)

SUCCESS: Boxes are consistent (no overlaps, full coverage)

*** EMERGENCY: No spline created ***
Configuration: Patch 5, Level 1, Attempt 19
createSpline condition: 0

boxMat(patch) contents (lastNonZeroRow=1):
Box 0: 1 0 0 2 2
nonCheckedCells.size() has become: 0
FINISHED
[geo-coarsen] useGeo=1 cells=3 firstIndex=1 firstBox=[0,1,1,2]
[geo-coarsen] useGeo=1 cells=3 firstIndex=0 firstBox=[1,1,2,2]
[geo-coarsen] useGeo=1 cells=4 firstIndex=2 firstBox=[1,0,2,1]
[geo-coarsen] useGeo=1 cells=2 firstIndex=2 firstBox=[1,0,2,1]
[geo-coarsen] useGeo=1 cells=2 firstIndex=3 firstBox=[0,0,1,1]
[geo-coarsen] useGeo=1 cells=3 firstIndex=0 firstBox=[1,1,2,2]
[geo-coarsen] useGeo=1 cells=2 firstIndex=3 firstBox=[0,0,1,1]
[coarsen-group] size=4 patches: 6 7 9 10 delta=0.6
[geo-coarsen] useGeo=1 cells=4 firstIndex=2 firstBox=[1,0,2,1]

=== Box Consistency Check ===
Patch 6 has 1 boxes

Box domains:
Box 0: u=[0, 1] x v=[0, 1] (area=1)

Checking for overlaps:
  No overlaps detected (boundaries may touch)

Total area covered: 1 (target: 1.0)

SUCCESS: Boxes are consistent (no overlaps, full coverage)

*** EMERGENCY: No spline created ***
Configuration: Patch 6, Level 1, Attempt 20
createSpline condition: 0

boxMat(patch) contents (lastNonZeroRow=1):
Box 0: 1 0 0 2 2
nonCheckedCells.size() has become: 0
FINISHED
[geo-coarsen] useGeo=1 cells=3 firstIndex=1 firstBox=[0,1,1,2]
[geo-coarsen] useGeo=1 cells=3 firstIndex=0 firstBox=[1,1,2,2]
[geo-coarsen] useGeo=1 cells=2 firstIndex=2 firstBox=[1,0,2,1]
[geo-coarsen] useGeo=1 cells=2 firstIndex=3 firstBox=[0,0,1,1]
[geo-coarsen] useGeo=1 cells=3 firstIndex=0 firstBox=[1,1,2,2]
[geo-coarsen] useGeo=1 cells=2 firstIndex=3 firstBox=[0,0,1,1]
[coarsen-group] size=3 patches: 7 9 10 delta=0.6
[geo-coarsen] useGeo=1 cells=2 firstIndex=2 firstBox=[1,0,2,1]

=== Box Consistency Check ===
Patch 7 has 3 boxes

Box domains:
Box 0: u=[0.5, 1] x v=[0, 1] (area=0.5)
Box 1: u=[0, 0.5] x v=[0.5, 1] (area=0.25)
Box 2: u=[0, 0.5] x v=[0, 0.5] (area=0.25)

Checking for overlaps:
  No overlaps detected (boundaries may touch)

Total area covered: 1 (target: 1.0)

SUCCESS: Boxes are consistent (no overlaps, full coverage)

*** EMERGENCY: No spline created ***
Configuration: Patch 7, Level 1, Attempt 21
createSpline condition: 0

boxMat(patch) contents (lastNonZeroRow=3):
Box 0: 1 1 0 2 2
Box 1: 1 0 1 1 2
Box 2: 2 0 0 2 2
nonCheckedCells.size() has become: 1
FINISHED
[geo-coarsen] useGeo=1 cells=3 firstIndex=1 firstBox=[0,1,1,2]
[geo-coarsen] useGeo=1 cells=3 firstIndex=0 firstBox=[1,1,2,2]
[geo-coarsen] useGeo=1 cells=2 firstIndex=3 firstBox=[0,0,1,1]
[geo-coarsen] useGeo=1 cells=2 firstIndex=3 firstBox=[0,0,1,1]
[geo-coarsen] useGeo=1 cells=3 firstIndex=0 firstBox=[1,1,2,2]
[geo-coarsen] useGeo=1 cells=2 firstIndex=3 firstBox=[0,0,1,1]
[coarsen-group] size=2 patches: 9 10 delta=0.6
[geo-coarsen] useGeo=1 cells=2 firstIndex=3 firstBox=[0,0,1,1]

=== Box Consistency Check ===
Patch 9 has 3 boxes

Box domains:
Box 0: u=[0.5, 1] x v=[0.5, 1] (area=0.25)
Box 1: u=[0.5, 1] x v=[0, 0.5] (area=0.25)
Box 2: u=[0, 0.5] x v=[0, 1] (area=0.5)

Checking for overlaps:
  No overlaps detected (boundaries may touch)

Total area covered: 1 (target: 1.0)

SUCCESS: Boxes are consistent (no overlaps, full coverage)

*** EMERGENCY: No spline created ***
Configuration: Patch 9, Level 1, Attempt 22
createSpline condition: 0

boxMat(patch) contents (lastNonZeroRow=3):
Box 0: 1 1 1 2 2
Box 1: 2 2 0 4 2
Box 2: 1 0 0 1 2
nonCheckedCells.size() has become: 1
FINISHED
[geo-coarsen] useGeo=1 cells=3 firstIndex=1 firstBox=[0,1,1,2]
[geo-coarsen] useGeo=1 cells=3 firstIndex=0 firstBox=[1,1,2,2]
[geo-coarsen] useGeo=1 cells=2 firstIndex=3 firstBox=[0,0,1,1]
[geo-coarsen] useGeo=1 cells=2 firstIndex=2 firstBox=[1,0,2,1]
[geo-coarsen] useGeo=1 cells=3 firstIndex=0 firstBox=[1,1,2,2]
[geo-coarsen] useGeo=1 cells=2 firstIndex=3 firstBox=[0,0,1,1]
[geo-coarsen] useGeo=1 cells=3 firstIndex=0 firstBox=[1,1,2,2]

=== Box Consistency Check ===
Patch 10 has 3 boxes

Box domains:
Box 0: u=[0.5, 1] x v=[0, 1] (area=0.5)
Box 1: u=[0, 0.5] x v=[0.5, 1] (area=0.25)
Box 2: u=[0, 0.5] x v=[0, 0.5] (area=0.25)

Checking for overlaps:
  No overlaps detected (boundaries may touch)

Total area covered: 1 (target: 1.0)

SUCCESS: Boxes are consistent (no overlaps, full coverage)

*** EMERGENCY: No spline created ***
Configuration: Patch 10, Level 1, Attempt 23
createSpline condition: 0

boxMat(patch) contents (lastNonZeroRow=3):
Box 0: 1 1 0 2 2
Box 1: 2 0 2 2 4
Box 2: 1 0 0 1 1
nonCheckedCells.size() has become: 1
FINISHED
[geo-coarsen] useGeo=1 cells=3 firstIndex=1 firstBox=[0,1,1,2]
[geo-coarsen] useGeo=1 cells=3 firstIndex=0 firstBox=[1,1,2,2]
[geo-coarsen] useGeo=1 cells=2 firstIndex=3 firstBox=[0,0,1,1]
[geo-coarsen] useGeo=1 cells=2 firstIndex=2 firstBox=[1,0,2,1]
[geo-coarsen] useGeo=1 cells=2 firstIndex=1 firstBox=[0,1,1,2]
[geo-coarsen] useGeo=1 cells=2 firstIndex=3 firstBox=[0,0,1,1]
[coarsen-group] size=6 patches: 1 3 7 9 10 13 delta=0.8
[geo-coarsen] useGeo=1 cells=3 firstIndex=1 firstBox=[0,1,1,2]
CREATE C BOX:
ourBOX is 
2 0 2 2 4 

=== Box Consistency Check ===
Patch 1 has 3 boxes

Box domains:
Box 0: u=[0.5, 1] x v=[0, 1] (area=0.5)
Box 1: u=[0, 0.5] x v=[0.5, 1] (area=0.25)
Box 2: u=[0, 0.5] x v=[0, 0.5] (area=0.25)

Checking for overlaps:
  No overlaps detected (boundaries may touch)

Total area covered: 1 (target: 1.0)

SUCCESS: Boxes are consistent (no overlaps, full coverage)
Truncated basis of dimension 2,
levels=1, size=16, tree_nodes=1).
Domain: [0 0]..[1 1].
Size per level: 16 

0; 1; 1; 0; 2; 2; 
1; 1; 0; 1; 1; 2; 
2; 1; 0; 0; 1; 1; 
1 0 0 2 2
Truncated basis of dimension 2,
levels=2, size=25, tree_nodes=1).
Domain: [0 0]..[1 1].
Size per level: 0 25 

[primary coarsen] patch=1 cells=3 THBsize=25
CREATE C BOX:
ourBOX is 
2 2 2 4 4 
[co-patch coarsen] patch=3 RTH=1
[co-patch coarsen] patch=3 THBsize=25
CREATE C BOX:
ourBOX is 
2 0 0 2 2 
[co-patch coarsen] patch=7 RTH=1
[co-patch coarsen] patch=7 THBsize=25
CREATE C BOX:
ourBOX is 
2 2 0 4 2 
[co-patch coarsen] patch=9 RTH=1
[co-patch coarsen] patch=9 THBsize=25
CREATE C BOX:
ourBOX is 
2 0 2 2 4 
[co-patch coarsen] patch=10 RTH=1
[co-patch coarsen] patch=10 THBsize=25
CREATE C BOX:
ourBOX is 
2 0 0 2 2 
[co-patch coarsen] patch=13 RTH=1
[co-patch coarsen] patch=13 THBsize=25
0 1 1 1 0 1 1 1 1 1 1 1 1 1 1 1 1 1 1 1 1 1 1 1 1
creating the index mapping
thbToBellsMapping[patch].size(): 25
thbToBellsMapping[patch].size(): 25
thbToBellsMapping[patch].size(): 25
thbToBellsMapping[patch].size(): 25
thbToBellsMapping[patch].size(): 25
thbToBellsMapping[patch].size(): 25
thbToBellsMapping[patch].size(): 25
thbToBellsMapping[patch].size(): 25
thbToBellsMapping[patch].size(): 25
thbToBellsMapping[patch].size(): 25
thbToBellsMapping[patch].size(): 25
thbToBellsMapping[patch].size(): 25
thbToBellsMapping[patch].size(): 25
thbToBellsMapping[patch].size(): 25
thbToBellsMapping[patch].size(): 25
thbToBellsMapping[patch].size(): 25
[mapPrev] newSize=376 carried=0 new(zero)=376
[mpbes-init] vectSol assigned from prevSol patch=1 levNow=1 attempt=24 rows=376 cols=2 nonZeroRows=0
[fitting-mode] attempt context: mode=globalFitting patch=1 levNow=1 attempt=24
[local-region] attempt context: patch=1 levNow=1 attempt=24 lambda=0 basisSelected=0/0 uvBefore=1936 uvAfter=1936
[assemble] custom-point layout per patch:
  patch=0 uv.cols=121
  patch=1 uv.cols=121
  patch=2 uv.cols=121
  patch=3 uv.cols=121
  patch=4 uv.cols=121
  patch=5 uv.cols=121
  patch=6 uv.cols=121
  patch=7 uv.cols=121
  patch=8 uv.cols=121
  patch=9 uv.cols=121
  patch=10 uv.cols=121
  patch=11 uv.cols=121
  patch=12 uv.cols=121
  patch=13 uv.cols=121
  patch=14 uv.cols=121
  patch=15 uv.cols=121
[assemble] resize A_mat(1936,376), b_vec(1936,2)
[assemble] after resize: A_mat.rows=1936 cols=376 b_vec.rows=1936 cols=2
[assemble] mode=global A cols=376
[fit-solve] matA sparse rows=1936 cols=376 nonZeros=21904
[fit-solve] matA nonFiniteEntries=0
[fit-solve] column mapping source=identity/global
[fit-solve] dynamic column reduction: selected=376 / 376
[fit-solve] matA rows=1936 cols=376
[fit-solve] informative column reduction: selected=376 / 376
[fit-solve] matA_solve rows=1936 cols=376
[fit-solve] dropped active/global columns by informative reduction begin
[fit-solve] dropped active/global columns by informative reduction end
[fit-solve] vectB(before At*b) rows=1936 cols=2
[fit-solve] vectB(before At*b) nonFiniteEntries=0
[fit-solve] sparse AtA: 376x376 nnz=8366
fit took: 0.102184
[fit-solve] vectSol(after solve) rows=376 cols=2
[fit-solve] vectSol merge: seededFromOriginal=1 overwrittenRows=376 basisMaskApplied=0
[fit-solve] vectSol(after solve) nonFiniteEntries=0
Solve finished. vectSol.rows()=376, cols=2
matCbefore
1.7053e-13
matCafter
0.341912
Total irregular points: 0
jack took: 0.0171078 (pts/patch=20^2=400)
Irregular points: 0 / 6400 (0%)
minusnumber: 0
[assemble] custom-point layout per patch:
  patch=0 uv.cols=20
  patch=1 uv.cols=0
  patch=2 uv.cols=10
  patch=3 uv.cols=10
  patch=4 uv.cols=30
  patch=5 uv.cols=10
  patch=6 uv.cols=0
  patch=7 uv.cols=10
  patch=8 uv.cols=10
  patch=9 uv.cols=20
  patch=10 uv.cols=20
  patch=11 uv.cols=0
  patch=12 uv.cols=10
  patch=13 uv.cols=10
  patch=14 uv.cols=0
  patch=15 uv.cols=0
[assemble] resize A_mat(160,376), b_vec(160,2)
[assemble] after resize: A_mat.rows=160 cols=376 b_vec.rows=160 cols=2
Global fitting error stats: max=0.376457, rms=0.0624547, samples=1936, maxAtPatch=11, maxAtLocalPoint=1
Global fitting max sample: uv=(0.1,0), xFit=(-24.9729,-17.2255), target=(-25.1305,-17.5675)
globalError: 0.376457
featureError: 0.00942463
assemblyBoundaryError: 0.00942463
minusnumber: 0
Feature conditions are violated
FIT regular but error/feature tolerance not met (globalError=0.376457, featureError=0.00942463). Withdrawing candidate.
Escape time: 2026-07-25 10:35:14 (+15.9422s, 15.9251s without jacobian checks)
nonCheckedCells.size() has become: 0
[geo-coarsen] useGeo=1 cells=3 firstIndex=0 firstBox=[1,1,2,2]
[geo-coarsen] useGeo=1 cells=2 firstIndex=3 firstBox=[0,0,1,1]
[geo-coarsen] useGeo=1 cells=2 firstIndex=2 firstBox=[1,0,2,1]
[geo-coarsen] useGeo=1 cells=2 firstIndex=1 firstBox=[0,1,1,2]
[geo-coarsen] useGeo=1 cells=2 firstIndex=3 firstBox=[0,0,1,1]
[coarsen-group] size=5 patches: 3 7 9 10 13 delta=0.8
[geo-coarsen] useGeo=1 cells=3 firstIndex=0 firstBox=[1,1,2,2]

=== Box Consistency Check ===
Patch 3 has 1 boxes

Box domains:
Box 0: u=[0, 1] x v=[0, 1] (area=1)

Checking for overlaps:
  No overlaps detected (boundaries may touch)

Total area covered: 1 (target: 1.0)

SUCCESS: Boxes are consistent (no overlaps, full coverage)

*** EMERGENCY: No spline created ***
Configuration: Patch 3, Level 1, Attempt 24
createSpline condition: 0

boxMat(patch) contents (lastNonZeroRow=1):
Box 0: 1 0 0 2 2
nonCheckedCells.size() has become: 0
FINISHED
[geo-coarsen] useGeo=1 cells=2 firstIndex=3 firstBox=[0,0,1,1]
[geo-coarsen] useGeo=1 cells=2 firstIndex=2 firstBox=[1,0,2,1]
[geo-coarsen] useGeo=1 cells=2 firstIndex=1 firstBox=[0,1,1,2]
[geo-coarsen] useGeo=1 cells=2 firstIndex=3 firstBox=[0,0,1,1]
[coarsen-group] size=4 patches: 7 9 10 13 delta=0.8
[geo-coarsen] useGeo=1 cells=2 firstIndex=3 firstBox=[0,0,1,1]

=== Box Consistency Check ===
Patch 7 has 1 boxes

Box domains:
Box 0: u=[0, 1] x v=[0, 1] (area=1)

Checking for overlaps:
  No overlaps detected (boundaries may touch)

Total area covered: 1 (target: 1.0)

SUCCESS: Boxes are consistent (no overlaps, full coverage)

*** EMERGENCY: No spline created ***
Configuration: Patch 7, Level 1, Attempt 25
createSpline condition: 0

boxMat(patch) contents (lastNonZeroRow=1):
Box 0: 1 0 0 2 2
nonCheckedCells.size() has become: 0
FINISHED
[geo-coarsen] useGeo=1 cells=2 firstIndex=2 firstBox=[1,0,2,1]
[geo-coarsen] useGeo=1 cells=2 firstIndex=1 firstBox=[0,1,1,2]
[geo-coarsen] useGeo=1 cells=2 firstIndex=3 firstBox=[0,0,1,1]
[coarsen-group] size=3 patches: 9 10 13 delta=0.8
[geo-coarsen] useGeo=1 cells=2 firstIndex=2 firstBox=[1,0,2,1]

=== Box Consistency Check ===
Patch 9 has 1 boxes

Box domains:
Box 0: u=[0, 1] x v=[0, 1] (area=1)

Checking for overlaps:
  No overlaps detected (boundaries may touch)

Total area covered: 1 (target: 1.0)

SUCCESS: Boxes are consistent (no overlaps, full coverage)

*** EMERGENCY: No spline created ***
Configuration: Patch 9, Level 1, Attempt 26
createSpline condition: 0

boxMat(patch) contents (lastNonZeroRow=1):
Box 0: 1 0 0 2 2
nonCheckedCells.size() has become: 0
FINISHED
[geo-coarsen] useGeo=1 cells=2 firstIndex=1 firstBox=[0,1,1,2]
[geo-coarsen] useGeo=1 cells=2 firstIndex=3 firstBox=[0,0,1,1]
[coarsen-group] size=2 patches: 10 13 delta=0.8
[geo-coarsen] useGeo=1 cells=2 firstIndex=1 firstBox=[0,1,1,2]

=== Box Consistency Check ===
Patch 10 has 1 boxes

Box domains:
Box 0: u=[0, 1] x v=[0, 1] (area=1)

Checking for overlaps:
  No overlaps detected (boundaries may touch)

Total area covered: 1 (target: 1.0)

SUCCESS: Boxes are consistent (no overlaps, full coverage)

*** EMERGENCY: No spline created ***
Configuration: Patch 10, Level 1, Attempt 27
createSpline condition: 0

boxMat(patch) contents (lastNonZeroRow=1):
Box 0: 1 0 0 2 2
nonCheckedCells.size() has become: 0
FINISHED
[geo-coarsen] useGeo=1 cells=2 firstIndex=3 firstBox=[0,0,1,1]
[geo-coarsen] useGeo=1 cells=2 firstIndex=3 firstBox=[0,0,1,1]

=== Box Consistency Check ===
Patch 13 has 1 boxes

Box domains:
Box 0: u=[0, 1] x v=[0, 1] (area=1)

Checking for overlaps:
  No overlaps detected (boundaries may touch)

Total area covered: 1 (target: 1.0)

SUCCESS: Boxes are consistent (no overlaps, full coverage)

*** EMERGENCY: No spline created ***
Configuration: Patch 13, Level 1, Attempt 28
createSpline condition: 0

boxMat(patch) contents (lastNonZeroRow=1):
Box 0: 1 0 0 2 2
nonCheckedCells.size() has become: 0
FINISHED
Saving after-iter1 mesh: tv_approximation_fine_L3_output_mesh_after_iter1_lev1
interface between 0:south(3) and 7:south(3) [ 0~(+0) ]
[topology-preflight] interface=0 patches=(0,7) mirrored=(1,0) rawSides=(3,3) canonicalSides=(3,3) orientation=same
interface between 0:north(4) and 2:north(4) [ 0~(-0) ]
[topology-preflight] interface=1 patches=(0,2) mirrored=(1,1) rawSides=(4,4) canonicalSides=(4,4) orientation=reversed
interface between 3:east (2) and 4:east (2) [ 1~(-1) ]
[topology-preflight] interface=2 patches=(3,4) mirrored=(0,0) rawSides=(2,2) canonicalSides=(2,2) orientation=reversed
interface between 4:west (1) and 5:east (2) [ 1~(+1) ]
[topology-preflight] interface=3 patches=(4,5) mirrored=(0,0) rawSides=(1,2) canonicalSides=(1,2) orientation=same
interface between 4:south(3) and 13:west (1) [ 0~(+1) ]
[topology-preflight] interface=4 patches=(4,13) mirrored=(0,0) rawSides=(3,1) canonicalSides=(3,1) orientation=same
interface between 8:south(3) and 9:north(4) [ 0~(-0) ]
[topology-preflight] interface=5 patches=(8,9) mirrored=(1,0) rawSides=(3,4) canonicalSides=(3,4) orientation=reversed
interface between 9:south(3) and 10:north(4) [ 0~(+0) ]
[topology-preflight] interface=6 patches=(9,10) mirrored=(0,0) rawSides=(3,4) canonicalSides=(3,4) orientation=same
interface between 10:south(3) and 12:east (2) [ 0~(+1) ]
[topology-preflight] interface=7 patches=(10,12) mirrored=(0,1) rawSides=(3,2) canonicalSides=(3,2) orientation=same
[geo-coarsen] preflight mirrored patch=0, no hierarchy-safe sibling group found; fallback to pickCell at level=0
CREATE C BOX:
ourBOX is 
1 0 0 2 2 

=== Box Consistency Check ===
Patch 0 has 1 boxes

Box domains:
Box 0: u=[0, 1] x v=[0, 1] (area=1)

Checking for overlaps:
  No overlaps detected (boundaries may touch)

Total area covered: 1 (target: 1.0)

SUCCESS: Boxes are consistent (no overlaps, full coverage)
Truncated basis of dimension 2,
levels=1, size=16, tree_nodes=1).
Domain: [0 0]..[1 1].
Size per level: 16 

0; 0; 0; 0; 1; 1; 
0 0 0 1 1
Truncated basis of dimension 2,
levels=1, size=16, tree_nodes=1).
Domain: [0 0]..[1 1].
Size per level: 16 

[primary coarsen] patch=0 cells=1 THBsize=16
1 1 1 1 1 1 1 1 1 1 1 1 1 1 1 1
creating the index mapping
thbToBellsMapping[patch].size(): 16
thbToBellsMapping[patch].size(): 25
thbToBellsMapping[patch].size(): 25
thbToBellsMapping[patch].size(): 25
thbToBellsMapping[patch].size(): 25
thbToBellsMapping[patch].size(): 25
thbToBellsMapping[patch].size(): 25
thbToBellsMapping[patch].size(): 25
thbToBellsMapping[patch].size(): 25
thbToBellsMapping[patch].size(): 25
thbToBellsMapping[patch].size(): 25
thbToBellsMapping[patch].size(): 25
thbToBellsMapping[patch].size(): 25
thbToBellsMapping[patch].size(): 25
thbToBellsMapping[patch].size(): 25
thbToBellsMapping[patch].size(): 25
[mapPrev] newSize=369 carried=0 new(zero)=369
[mpbes-init] vectSol assigned from prevSol patch=0 levNow=0 attempt=0 rows=369 cols=2 nonZeroRows=0
[fitting-mode] attempt context: mode=globalFitting patch=0 levNow=0 attempt=0
[local-region] attempt context: patch=0 levNow=0 attempt=0 lambda=0 basisSelected=0/0 uvBefore=1936 uvAfter=1936
[assemble] custom-point layout per patch:
  patch=0 uv.cols=121
  patch=1 uv.cols=121
  patch=2 uv.cols=121
  patch=3 uv.cols=121
  patch=4 uv.cols=121
  patch=5 uv.cols=121
  patch=6 uv.cols=121
  patch=7 uv.cols=121
  patch=8 uv.cols=121
  patch=9 uv.cols=121
  patch=10 uv.cols=121
  patch=11 uv.cols=121
  patch=12 uv.cols=121
  patch=13 uv.cols=121
  patch=14 uv.cols=121
  patch=15 uv.cols=121
[assemble] resize A_mat(1936,369), b_vec(1936,2)
[assemble] after resize: A_mat.rows=1936 cols=369 b_vec.rows=1936 cols=2
[assemble] mode=global A cols=369
[fit-solve] matA sparse rows=1936 cols=369 nonZeros=21979
[fit-solve] matA nonFiniteEntries=0
[fit-solve] column mapping source=identity/global
[fit-solve] dynamic column reduction: selected=369 / 369
[fit-solve] matA rows=1936 cols=369
[fit-solve] informative column reduction: selected=369 / 369
[fit-solve] matA_solve rows=1936 cols=369
[fit-solve] dropped active/global columns by informative reduction begin
[fit-solve] dropped active/global columns by informative reduction end
[fit-solve] vectB(before At*b) rows=1936 cols=2
[fit-solve] vectB(before At*b) nonFiniteEntries=0
[fit-solve] sparse AtA: 369x369 nnz=8095
fit took: 0.101156
[fit-solve] vectSol(after solve) rows=369 cols=2
[fit-solve] vectSol merge: seededFromOriginal=1 overwrittenRows=369 basisMaskApplied=0
[fit-solve] vectSol(after solve) nonFiniteEntries=0
Solve finished. vectSol.rows()=369, cols=2
matCbefore
1.7053e-13
matCafter
0.341912
Total irregular points: 0
jack took: 0.0274857 (pts/patch=20^2=400)
Irregular points: 0 / 6400 (0%)
minusnumber: 0
[assemble] custom-point layout per patch:
  patch=0 uv.cols=20
  patch=1 uv.cols=0
  patch=2 uv.cols=10
  patch=3 uv.cols=10
  patch=4 uv.cols=30
  patch=5 uv.cols=10
  patch=6 uv.cols=0
  patch=7 uv.cols=10
  patch=8 uv.cols=10
  patch=9 uv.cols=20
  patch=10 uv.cols=20
  patch=11 uv.cols=0
  patch=12 uv.cols=10
  patch=13 uv.cols=10
  patch=14 uv.cols=0
  patch=15 uv.cols=0
[assemble] resize A_mat(160,369), b_vec(160,2)
[assemble] after resize: A_mat.rows=160 cols=369 b_vec.rows=160 cols=2
Global fitting error stats: max=0.376457, rms=0.0624765, samples=1936, maxAtPatch=11, maxAtLocalPoint=1
Global fitting max sample: uv=(0.1,0), xFit=(-24.9729,-17.2255), target=(-25.1305,-17.5675)
globalError: 0.376457
featureError: 0.0142282
assemblyBoundaryError: 0.0142282
minusnumber: 0
Feature conditions are violated
FIT regular but error/feature tolerance not met (globalError=0.376457, featureError=0.0142282). Withdrawing candidate.
Escape time: 2026-07-25 10:35:15 (+17.1553s, 17.1278s without jacobian checks)
nonCheckedCells.size() has become: 0
[geo-coarsen] useGeo=0 fallback pickCell index=0
CREATE C BOX:
ourBOX is 
1 0 0 2 2 

=== Box Consistency Check ===
Patch 1 has 1 boxes

Box domains:
Box 0: u=[0, 1] x v=[0, 1] (area=1)

Checking for overlaps:
  No overlaps detected (boundaries may touch)

Total area covered: 1 (target: 1.0)

SUCCESS: Boxes are consistent (no overlaps, full coverage)
Truncated basis of dimension 2,
levels=1, size=16, tree_nodes=1).
Domain: [0 0]..[1 1].
Size per level: 16 

0; 0; 0; 0; 1; 1; 
0 0 0 1 1
Truncated basis of dimension 2,
levels=1, size=16, tree_nodes=1).
Domain: [0 0]..[1 1].
Size per level: 16 

[primary coarsen] patch=1 cells=1 THBsize=16
1 1 1 1 1 1 1 1 1 1 1 1 1 1 1 1
creating the index mapping
thbToBellsMapping[patch].size(): 16
thbToBellsMapping[patch].size(): 16
thbToBellsMapping[patch].size(): 25
thbToBellsMapping[patch].size(): 25
thbToBellsMapping[patch].size(): 25
thbToBellsMapping[patch].size(): 25
thbToBellsMapping[patch].size(): 25
thbToBellsMapping[patch].size(): 25
thbToBellsMapping[patch].size(): 25
thbToBellsMapping[patch].size(): 25
thbToBellsMapping[patch].size(): 25
thbToBellsMapping[patch].size(): 25
thbToBellsMapping[patch].size(): 25
thbToBellsMapping[patch].size(): 25
thbToBellsMapping[patch].size(): 25
thbToBellsMapping[patch].size(): 25
[mapPrev] newSize=360 carried=0 new(zero)=360
[mpbes-init] vectSol assigned from prevSol patch=1 levNow=0 attempt=0 rows=360 cols=2 nonZeroRows=0
[fitting-mode] attempt context: mode=globalFitting patch=1 levNow=0 attempt=0
[local-region] attempt context: patch=1 levNow=0 attempt=0 lambda=0 basisSelected=0/0 uvBefore=1936 uvAfter=1936
[assemble] custom-point layout per patch:
  patch=0 uv.cols=121
  patch=1 uv.cols=121
  patch=2 uv.cols=121
  patch=3 uv.cols=121
  patch=4 uv.cols=121
  patch=5 uv.cols=121
  patch=6 uv.cols=121
  patch=7 uv.cols=121
  patch=8 uv.cols=121
  patch=9 uv.cols=121
  patch=10 uv.cols=121
  patch=11 uv.cols=121
  patch=12 uv.cols=121
  patch=13 uv.cols=121
  patch=14 uv.cols=121
  patch=15 uv.cols=121
[assemble] resize A_mat(1936,360), b_vec(1936,2)
[assemble] after resize: A_mat.rows=1936 cols=360 b_vec.rows=1936 cols=2
[assemble] mode=global A cols=360
[fit-solve] matA sparse rows=1936 cols=360 nonZeros=22054
[fit-solve] matA nonFiniteEntries=0
[fit-solve] column mapping source=identity/global
[fit-solve] dynamic column reduction: selected=360 / 360
[fit-solve] matA rows=1936 cols=360
[fit-solve] informative column reduction: selected=360 / 360
[fit-solve] matA_solve rows=1936 cols=360
[fit-solve] dropped active/global columns by informative reduction begin
[fit-solve] dropped active/global columns by informative reduction end
[fit-solve] vectB(before At*b) rows=1936 cols=2
[fit-solve] vectB(before At*b) nonFiniteEntries=0
[fit-solve] sparse AtA: 360x360 nnz=7822
fit took: 0.131387
[fit-solve] vectSol(after solve) rows=360 cols=2
[fit-solve] vectSol merge: seededFromOriginal=1 overwrittenRows=360 basisMaskApplied=0
[fit-solve] vectSol(after solve) nonFiniteEntries=0
Solve finished. vectSol.rows()=360, cols=2
matCbefore
1.7053e-13
matCafter
0.341912
Total irregular points: 0
jack took: 0.026113 (pts/patch=20^2=400)
Irregular points: 0 / 6400 (0%)
minusnumber: 0
[assemble] custom-point layout per patch:
  patch=0 uv.cols=20
  patch=1 uv.cols=0
  patch=2 uv.cols=10
  patch=3 uv.cols=10
  patch=4 uv.cols=30
  patch=5 uv.cols=10
  patch=6 uv.cols=0
  patch=7 uv.cols=10
  patch=8 uv.cols=10
  patch=9 uv.cols=20
  patch=10 uv.cols=20
  patch=11 uv.cols=0
  patch=12 uv.cols=10
  patch=13 uv.cols=10
  patch=14 uv.cols=0
  patch=15 uv.cols=0
[assemble] resize A_mat(160,360), b_vec(160,2)
[assemble] after resize: A_mat.rows=160 cols=360 b_vec.rows=160 cols=2
Global fitting error stats: max=0.376457, rms=0.0625437, samples=1936, maxAtPatch=11, maxAtLocalPoint=1
Global fitting max sample: uv=(0.1,0), xFit=(-24.9729,-17.2255), target=(-25.1305,-17.5675)
globalError: 0.376457
featureError: 0.0142282
assemblyBoundaryError: 0.0142282
minusnumber: 0
Feature conditions are violated
FIT regular but error/feature tolerance not met (globalError=0.376457, featureError=0.0142282). Withdrawing candidate.
Escape time: 2026-07-25 10:35:15 (+17.4403s, 17.4141s without jacobian checks)
nonCheckedCells.size() has become: 0
[geo-coarsen] preflight mirrored patch=2, no hierarchy-safe sibling group found; fallback to pickCell at level=0
CREATE C BOX:
ourBOX is 
1 0 0 2 2 

=== Box Consistency Check ===
Patch 2 has 1 boxes

Box domains:
Box 0: u=[0, 1] x v=[0, 1] (area=1)

Checking for overlaps:
  No overlaps detected (boundaries may touch)

Total area covered: 1 (target: 1.0)

SUCCESS: Boxes are consistent (no overlaps, full coverage)
Truncated basis of dimension 2,
levels=1, size=16, tree_nodes=1).
Domain: [0 0]..[1 1].
Size per level: 16 

0; 0; 0; 0; 1; 1; 
0 0 0 1 1
Truncated basis of dimension 2,
levels=1, size=16, tree_nodes=1).
Domain: [0 0]..[1 1].
Size per level: 16 

[primary coarsen] patch=2 cells=1 THBsize=16
1 1 1 1 1 1 1 1 1 1 1 1 1 1 1 1
creating the index mapping
thbToBellsMapping[patch].size(): 16
thbToBellsMapping[patch].size(): 16
thbToBellsMapping[patch].size(): 16
thbToBellsMapping[patch].size(): 25
thbToBellsMapping[patch].size(): 25
thbToBellsMapping[patch].size(): 25
thbToBellsMapping[patch].size(): 25
thbToBellsMapping[patch].size(): 25
thbToBellsMapping[patch].size(): 25
thbToBellsMapping[patch].size(): 25
thbToBellsMapping[patch].size(): 25
thbToBellsMapping[patch].size(): 25
thbToBellsMapping[patch].size(): 25
thbToBellsMapping[patch].size(): 25
thbToBellsMapping[patch].size(): 25
thbToBellsMapping[patch].size(): 25
[mapPrev] newSize=350 carried=0 new(zero)=350
[mpbes-init] vectSol assigned from prevSol patch=2 levNow=0 attempt=0 rows=350 cols=2 nonZeroRows=0
[fitting-mode] attempt context: mode=globalFitting patch=2 levNow=0 attempt=0
[local-region] attempt context: patch=2 levNow=0 attempt=0 lambda=0 basisSelected=0/0 uvBefore=1936 uvAfter=1936
[assemble] custom-point layout per patch:
  patch=0 uv.cols=121
  patch=1 uv.cols=121
  patch=2 uv.cols=121
  patch=3 uv.cols=121
  patch=4 uv.cols=121
  patch=5 uv.cols=121
  patch=6 uv.cols=121
  patch=7 uv.cols=121
  patch=8 uv.cols=121
  patch=9 uv.cols=121
  patch=10 uv.cols=121
  patch=11 uv.cols=121
  patch=12 uv.cols=121
  patch=13 uv.cols=121
  patch=14 uv.cols=121
  patch=15 uv.cols=121
[assemble] resize A_mat(1936,350), b_vec(1936,2)
[assemble] after resize: A_mat.rows=1936 cols=350 b_vec.rows=1936 cols=2
[assemble] mode=global A cols=350
[fit-solve] matA sparse rows=1936 cols=350 nonZeros=22129
[fit-solve] matA nonFiniteEntries=0
[fit-solve] column mapping source=identity/global
[fit-solve] dynamic column reduction: selected=350 / 350
[fit-solve] matA rows=1936 cols=350
[fit-solve] informative column reduction: selected=350 / 350
[fit-solve] matA_solve rows=1936 cols=350
[fit-solve] dropped active/global columns by informative reduction begin
[fit-solve] dropped active/global columns by informative reduction end
[fit-solve] vectB(before At*b) rows=1936 cols=2
[fit-solve] vectB(before At*b) nonFiniteEntries=0
[fit-solve] sparse AtA: 350x350 nnz=7548
fit took: 0.124328
[fit-solve] vectSol(after solve) rows=350 cols=2
[fit-solve] vectSol merge: seededFromOriginal=1 overwrittenRows=350 basisMaskApplied=0
[fit-solve] vectSol(after solve) nonFiniteEntries=0
Solve finished. vectSol.rows()=350, cols=2
matCbefore
1.7053e-13
matCafter
0.341912
Total irregular points: 0
jack took: 0.0195199 (pts/patch=20^2=400)
Irregular points: 0 / 6400 (0%)
minusnumber: 0
[assemble] custom-point layout per patch:
  patch=0 uv.cols=20
  patch=1 uv.cols=0
  patch=2 uv.cols=10
  patch=3 uv.cols=10
  patch=4 uv.cols=30
  patch=5 uv.cols=10
  patch=6 uv.cols=0
  patch=7 uv.cols=10
  patch=8 uv.cols=10
  patch=9 uv.cols=20
  patch=10 uv.cols=20
  patch=11 uv.cols=0
  patch=12 uv.cols=10
  patch=13 uv.cols=10
  patch=14 uv.cols=0
  patch=15 uv.cols=0
[assemble] resize A_mat(160,350), b_vec(160,2)
[assemble] after resize: A_mat.rows=160 cols=350 b_vec.rows=160 cols=2
Global fitting error stats: max=0.376457, rms=0.0625437, samples=1936, maxAtPatch=11, maxAtLocalPoint=1
Global fitting max sample: uv=(0.1,0), xFit=(-24.9729,-17.2255), target=(-25.1305,-17.5675)
globalError: 0.376457
featureError: 0.0143362
assemblyBoundaryError: 0.0143362
minusnumber: 0
Feature conditions are violated
FIT regular but error/feature tolerance not met (globalError=0.376457, featureError=0.0143362). Withdrawing candidate.
Escape time: 2026-07-25 10:35:15 (+17.6887s, 17.6692s without jacobian checks)
nonCheckedCells.size() has become: 0
[geo-coarsen] useGeo=0 fallback pickCell index=0
CREATE C BOX:
ourBOX is 
1 0 0 2 2 

=== Box Consistency Check ===
Patch 3 has 1 boxes

Box domains:
Box 0: u=[0, 1] x v=[0, 1] (area=1)

Checking for overlaps:
  No overlaps detected (boundaries may touch)

Total area covered: 1 (target: 1.0)

SUCCESS: Boxes are consistent (no overlaps, full coverage)
Truncated basis of dimension 2,
levels=1, size=16, tree_nodes=1).
Domain: [0 0]..[1 1].
Size per level: 16 

0; 0; 0; 0; 1; 1; 
0 0 0 1 1
Truncated basis of dimension 2,
levels=1, size=16, tree_nodes=1).
Domain: [0 0]..[1 1].
Size per level: 16 

[primary coarsen] patch=3 cells=1 THBsize=16
1 1 1 1 1 1 1 1 1 1 1 1 1 1 1 1
creating the index mapping
thbToBellsMapping[patch].size(): 16
thbToBellsMapping[patch].size(): 16
thbToBellsMapping[patch].size(): 16
thbToBellsMapping[patch].size(): 16
thbToBellsMapping[patch].size(): 25
thbToBellsMapping[patch].size(): 25
thbToBellsMapping[patch].size(): 25
thbToBellsMapping[patch].size(): 25
thbToBellsMapping[patch].size(): 25
thbToBellsMapping[patch].size(): 25
thbToBellsMapping[patch].size(): 25
thbToBellsMapping[patch].size(): 25
thbToBellsMapping[patch].size(): 25
thbToBellsMapping[patch].size(): 25
thbToBellsMapping[patch].size(): 25
thbToBellsMapping[patch].size(): 25
[mapPrev] newSize=343 carried=0 new(zero)=343
[mpbes-init] vectSol assigned from prevSol patch=3 levNow=0 attempt=0 rows=343 cols=2 nonZeroRows=0
[fitting-mode] attempt context: mode=globalFitting patch=3 levNow=0 attempt=0
[local-region] attempt context: patch=3 levNow=0 attempt=0 lambda=0 basisSelected=0/0 uvBefore=1936 uvAfter=1936
[assemble] custom-point layout per patch:
  patch=0 uv.cols=121
  patch=1 uv.cols=121
  patch=2 uv.cols=121
  patch=3 uv.cols=121
  patch=4 uv.cols=121
  patch=5 uv.cols=121
  patch=6 uv.cols=121
  patch=7 uv.cols=121
  patch=8 uv.cols=121
  patch=9 uv.cols=121
  patch=10 uv.cols=121
  patch=11 uv.cols=121
  patch=12 uv.cols=121
  patch=13 uv.cols=121
  patch=14 uv.cols=121
  patch=15 uv.cols=121
[assemble] resize A_mat(1936,343), b_vec(1936,2)
[assemble] after resize: A_mat.rows=1936 cols=343 b_vec.rows=1936 cols=2
[assemble] mode=global A cols=343
[fit-solve] matA sparse rows=1936 cols=343 nonZeros=22204
[fit-solve] matA nonFiniteEntries=0
[fit-solve] column mapping source=identity/global
[fit-solve] dynamic column reduction: selected=343 / 343
[fit-solve] matA rows=1936 cols=343
[fit-solve] informative column reduction: selected=343 / 343
[fit-solve] matA_solve rows=1936 cols=343
[fit-solve] dropped active/global columns by informative reduction begin
[fit-solve] dropped active/global columns by informative reduction end
[fit-solve] vectB(before At*b) rows=1936 cols=2
[fit-solve] vectB(before At*b) nonFiniteEntries=0
[fit-solve] sparse AtA: 343x343 nnz=7279
fit took: 0.119856
[fit-solve] vectSol(after solve) rows=343 cols=2
[fit-solve] vectSol merge: seededFromOriginal=1 overwrittenRows=343 basisMaskApplied=0
[fit-solve] vectSol(after solve) nonFiniteEntries=0
Solve finished. vectSol.rows()=343, cols=2
matCbefore
1.7053e-13
matCafter
0.341912
Total irregular points: 0
jack took: 0.018932 (pts/patch=20^2=400)
Irregular points: 0 / 6400 (0%)
minusnumber: 0
[assemble] custom-point layout per patch:
  patch=0 uv.cols=20
  patch=1 uv.cols=0
  patch=2 uv.cols=10
  patch=3 uv.cols=10
  patch=4 uv.cols=30
  patch=5 uv.cols=10
  patch=6 uv.cols=0
  patch=7 uv.cols=10
  patch=8 uv.cols=10
  patch=9 uv.cols=20
  patch=10 uv.cols=20
  patch=11 uv.cols=0
  patch=12 uv.cols=10
  patch=13 uv.cols=10
  patch=14 uv.cols=0
  patch=15 uv.cols=0
[assemble] resize A_mat(160,343), b_vec(160,2)
[assemble] after resize: A_mat.rows=160 cols=343 b_vec.rows=160 cols=2
Global fitting error stats: max=0.376457, rms=0.0626135, samples=1936, maxAtPatch=11, maxAtLocalPoint=1
Global fitting max sample: uv=(0.1,0), xFit=(-24.9729,-17.2255), target=(-25.1305,-17.5675)
globalError: 0.376457
featureError: 0.0222617
assemblyBoundaryError: 0.0222617
minusnumber: 0
Feature conditions are violated
FIT regular but error/feature tolerance not met (globalError=0.376457, featureError=0.0222617). Withdrawing candidate.
Escape time: 2026-07-25 10:35:16 (+17.9556s, 17.9366s without jacobian checks)
nonCheckedCells.size() has become: 0
[geo-coarsen] useGeo=0 fallback pickCell index=0
CREATE C BOX:
ourBOX is 
1 0 0 2 2 

=== Box Consistency Check ===
Patch 4 has 1 boxes

Box domains:
Box 0: u=[0, 1] x v=[0, 1] (area=1)

Checking for overlaps:
  No overlaps detected (boundaries may touch)

Total area covered: 1 (target: 1.0)

SUCCESS: Boxes are consistent (no overlaps, full coverage)
Truncated basis of dimension 2,
levels=1, size=16, tree_nodes=1).
Domain: [0 0]..[1 1].
Size per level: 16 

0; 0; 0; 0; 1; 1; 
0 0 0 1 1
Truncated basis of dimension 2,
levels=1, size=16, tree_nodes=1).
Domain: [0 0]..[1 1].
Size per level: 16 

[primary coarsen] patch=4 cells=1 THBsize=16
1 1 1 1 1 1 1 1 1 1 1 1 1 1 1 1
creating the index mapping
thbToBellsMapping[patch].size(): 16
thbToBellsMapping[patch].size(): 16
thbToBellsMapping[patch].size(): 16
thbToBellsMapping[patch].size(): 16
thbToBellsMapping[patch].size(): 16
thbToBellsMapping[patch].size(): 25
thbToBellsMapping[patch].size(): 25
thbToBellsMapping[patch].size(): 25
thbToBellsMapping[patch].size(): 25
thbToBellsMapping[patch].size(): 25
thbToBellsMapping[patch].size(): 25
thbToBellsMapping[patch].size(): 25
thbToBellsMapping[patch].size(): 25
thbToBellsMapping[patch].size(): 25
thbToBellsMapping[patch].size(): 25
thbToBellsMapping[patch].size(): 25
[mapPrev] newSize=341 carried=0 new(zero)=341
[mpbes-init] vectSol assigned from prevSol patch=4 levNow=0 attempt=0 rows=341 cols=2 nonZeroRows=0
[fitting-mode] attempt context: mode=globalFitting patch=4 levNow=0 attempt=0
[local-region] attempt context: patch=4 levNow=0 attempt=0 lambda=0 basisSelected=0/0 uvBefore=1936 uvAfter=1936
[assemble] custom-point layout per patch:
  patch=0 uv.cols=121
  patch=1 uv.cols=121
  patch=2 uv.cols=121
  patch=3 uv.cols=121
  patch=4 uv.cols=121
  patch=5 uv.cols=121
  patch=6 uv.cols=121
  patch=7 uv.cols=121
  patch=8 uv.cols=121
  patch=9 uv.cols=121
  patch=10 uv.cols=121
  patch=11 uv.cols=121
  patch=12 uv.cols=121
  patch=13 uv.cols=121
  patch=14 uv.cols=121
  patch=15 uv.cols=121
[assemble] resize A_mat(1936,341), b_vec(1936,2)
[assemble] after resize: A_mat.rows=1936 cols=341 b_vec.rows=1936 cols=2
[assemble] mode=global A cols=341
[fit-solve] matA sparse rows=1936 cols=341 nonZeros=22279
[fit-solve] matA nonFiniteEntries=0
[fit-solve] column mapping source=identity/global
[fit-solve] dynamic column reduction: selected=341 / 341
[fit-solve] matA rows=1936 cols=341
[fit-solve] informative column reduction: selected=341 / 341
[fit-solve] matA_solve rows=1936 cols=341
[fit-solve] dropped active/global columns by informative reduction begin
[fit-solve] dropped active/global columns by informative reduction end
[fit-solve] vectB(before At*b) rows=1936 cols=2
[fit-solve] vectB(before At*b) nonFiniteEntries=0
[fit-solve] sparse AtA: 341x341 nnz=7047
fit took: 0.0924353
[fit-solve] vectSol(after solve) rows=341 cols=2
[fit-solve] vectSol merge: seededFromOriginal=1 overwrittenRows=341 basisMaskApplied=0
[fit-solve] vectSol(after solve) nonFiniteEntries=0
Solve finished. vectSol.rows()=341, cols=2
matCbefore
1.7053e-13
matCafter
0.341912
Total irregular points: 0
jack took: 0.0183333 (pts/patch=20^2=400)
Irregular points: 0 / 6400 (0%)
minusnumber: 0
[assemble] custom-point layout per patch:
  patch=0 uv.cols=20
  patch=1 uv.cols=0
  patch=2 uv.cols=10
  patch=3 uv.cols=10
  patch=4 uv.cols=30
  patch=5 uv.cols=10
  patch=6 uv.cols=0
  patch=7 uv.cols=10
  patch=8 uv.cols=10
  patch=9 uv.cols=20
  patch=10 uv.cols=20
  patch=11 uv.cols=0
  patch=12 uv.cols=10
  patch=13 uv.cols=10
  patch=14 uv.cols=0
  patch=15 uv.cols=0
[assemble] resize A_mat(160,341), b_vec(160,2)
[assemble] after resize: A_mat.rows=160 cols=341 b_vec.rows=160 cols=2
Global fitting error stats: max=0.376457, rms=0.0626136, samples=1936, maxAtPatch=11, maxAtLocalPoint=1
Global fitting max sample: uv=(0.1,0), xFit=(-24.9729,-17.2255), target=(-25.1305,-17.5675)
globalError: 0.376457
featureError: 0.021812
assemblyBoundaryError: 0.021812
minusnumber: 0
Feature conditions are violated
FIT regular but error/feature tolerance not met (globalError=0.376457, featureError=0.021812). Withdrawing candidate.
Escape time: 2026-07-25 10:35:16 (+18.1849s, 18.1666s without jacobian checks)
nonCheckedCells.size() has become: 0
[geo-coarsen] useGeo=0 fallback pickCell index=0
CREATE C BOX:
ourBOX is 
1 0 0 2 2 

=== Box Consistency Check ===
Patch 5 has 1 boxes

Box domains:
Box 0: u=[0, 1] x v=[0, 1] (area=1)

Checking for overlaps:
  No overlaps detected (boundaries may touch)

Total area covered: 1 (target: 1.0)

SUCCESS: Boxes are consistent (no overlaps, full coverage)
Truncated basis of dimension 2,
levels=1, size=16, tree_nodes=1).
Domain: [0 0]..[1 1].
Size per level: 16 

0; 0; 0; 0; 1; 1; 
0 0 0 1 1
Truncated basis of dimension 2,
levels=1, size=16, tree_nodes=1).
Domain: [0 0]..[1 1].
Size per level: 16 

[primary coarsen] patch=5 cells=1 THBsize=16
1 1 1 1 1 1 1 1 1 1 1 1 1 1 1 1
creating the index mapping
thbToBellsMapping[patch].size(): 16
thbToBellsMapping[patch].size(): 16
thbToBellsMapping[patch].size(): 16
thbToBellsMapping[patch].size(): 16
thbToBellsMapping[patch].size(): 16
thbToBellsMapping[patch].size(): 16
thbToBellsMapping[patch].size(): 25
thbToBellsMapping[patch].size(): 25
thbToBellsMapping[patch].size(): 25
thbToBellsMapping[patch].size(): 25
thbToBellsMapping[patch].size(): 25
thbToBellsMapping[patch].size(): 25
thbToBellsMapping[patch].size(): 25
thbToBellsMapping[patch].size(): 25
thbToBellsMapping[patch].size(): 25
thbToBellsMapping[patch].size(): 25
[mapPrev] newSize=329 carried=0 new(zero)=329
[mpbes-init] vectSol assigned from prevSol patch=5 levNow=0 attempt=0 rows=329 cols=2 nonZeroRows=0
[fitting-mode] attempt context: mode=globalFitting patch=5 levNow=0 attempt=0
[local-region] attempt context: patch=5 levNow=0 attempt=0 lambda=0 basisSelected=0/0 uvBefore=1936 uvAfter=1936
[assemble] custom-point layout per patch:
  patch=0 uv.cols=121
  patch=1 uv.cols=121
  patch=2 uv.cols=121
  patch=3 uv.cols=121
  patch=4 uv.cols=121
  patch=5 uv.cols=121
  patch=6 uv.cols=121
  patch=7 uv.cols=121
  patch=8 uv.cols=121
  patch=9 uv.cols=121
  patch=10 uv.cols=121
  patch=11 uv.cols=121
  patch=12 uv.cols=121
  patch=13 uv.cols=121
  patch=14 uv.cols=121
  patch=15 uv.cols=121
[assemble] resize A_mat(1936,329), b_vec(1936,2)
[assemble] after resize: A_mat.rows=1936 cols=329 b_vec.rows=1936 cols=2
[assemble] mode=global A cols=329
[fit-solve] matA sparse rows=1936 cols=329 nonZeros=22354
[fit-solve] matA nonFiniteEntries=0
[fit-solve] column mapping source=identity/global
[fit-solve] dynamic column reduction: selected=329 / 329
[fit-solve] matA rows=1936 cols=329
[fit-solve] informative column reduction: selected=329 / 329
[fit-solve] matA_solve rows=1936 cols=329
[fit-solve] dropped active/global columns by informative reduction begin
[fit-solve] dropped active/global columns by informative reduction end
[fit-solve] vectB(before At*b) rows=1936 cols=2
[fit-solve] vectB(before At*b) nonFiniteEntries=0
[fit-solve] sparse AtA: 329x329 nnz=6759
fit took: 0.0966085
[fit-solve] vectSol(after solve) rows=329 cols=2
[fit-solve] vectSol merge: seededFromOriginal=1 overwrittenRows=329 basisMaskApplied=0
[fit-solve] vectSol(after solve) nonFiniteEntries=0
Solve finished. vectSol.rows()=329, cols=2
matCbefore
1.7053e-13
matCafter
0.341912
Total irregular points: 0
jack took: 0.024346 (pts/patch=20^2=400)
Irregular points: 0 / 6400 (0%)
minusnumber: 0
[assemble] custom-point layout per patch:
  patch=0 uv.cols=20
  patch=1 uv.cols=0
  patch=2 uv.cols=10
  patch=3 uv.cols=10
  patch=4 uv.cols=30
  patch=5 uv.cols=10
  patch=6 uv.cols=0
  patch=7 uv.cols=10
  patch=8 uv.cols=10
  patch=9 uv.cols=20
  patch=10 uv.cols=20
  patch=11 uv.cols=0
  patch=12 uv.cols=10
  patch=13 uv.cols=10
  patch=14 uv.cols=0
  patch=15 uv.cols=0
[assemble] resize A_mat(160,329), b_vec(160,2)
[assemble] after resize: A_mat.rows=160 cols=329 b_vec.rows=160 cols=2
Global fitting error stats: max=0.376457, rms=0.0626156, samples=1936, maxAtPatch=11, maxAtLocalPoint=1
Global fitting max sample: uv=(0.1,0), xFit=(-24.9729,-17.2255), target=(-25.1305,-17.5675)
globalError: 0.376457
featureError: 0.0218042
assemblyBoundaryError: 0.0218042
minusnumber: 0
Feature conditions are violated
FIT regular but error/feature tolerance not met (globalError=0.376457, featureError=0.0218042). Withdrawing candidate.
Escape time: 2026-07-25 10:35:16 (+18.4147s, 18.3903s without jacobian checks)
nonCheckedCells.size() has become: 0
[geo-coarsen] useGeo=0 fallback pickCell index=0
CREATE C BOX:
ourBOX is 
1 0 0 2 2 

=== Box Consistency Check ===
Patch 6 has 1 boxes

Box domains:
Box 0: u=[0, 1] x v=[0, 1] (area=1)

Checking for overlaps:
  No overlaps detected (boundaries may touch)

Total area covered: 1 (target: 1.0)

SUCCESS: Boxes are consistent (no overlaps, full coverage)
Truncated basis of dimension 2,
levels=1, size=16, tree_nodes=1).
Domain: [0 0]..[1 1].
Size per level: 16 

0; 0; 0; 0; 1; 1; 
0 0 0 1 1
Truncated basis of dimension 2,
levels=1, size=16, tree_nodes=1).
Domain: [0 0]..[1 1].
Size per level: 16 

[primary coarsen] patch=6 cells=1 THBsize=16
1 1 1 1 1 1 1 1 1 1 1 1 1 1 1 1
creating the index mapping
thbToBellsMapping[patch].size(): 16
thbToBellsMapping[patch].size(): 16
thbToBellsMapping[patch].size(): 16
thbToBellsMapping[patch].size(): 16
thbToBellsMapping[patch].size(): 16
thbToBellsMapping[patch].size(): 16
thbToBellsMapping[patch].size(): 16
thbToBellsMapping[patch].size(): 25
thbToBellsMapping[patch].size(): 25
thbToBellsMapping[patch].size(): 25
thbToBellsMapping[patch].size(): 25
thbToBellsMapping[patch].size(): 25
thbToBellsMapping[patch].size(): 25
thbToBellsMapping[patch].size(): 25
thbToBellsMapping[patch].size(): 25
thbToBellsMapping[patch].size(): 25
[mapPrev] newSize=320 carried=0 new(zero)=320
[mpbes-init] vectSol assigned from prevSol patch=6 levNow=0 attempt=0 rows=320 cols=2 nonZeroRows=0
[fitting-mode] attempt context: mode=globalFitting patch=6 levNow=0 attempt=0
[local-region] attempt context: patch=6 levNow=0 attempt=0 lambda=0 basisSelected=0/0 uvBefore=1936 uvAfter=1936
[assemble] custom-point layout per patch:
  patch=0 uv.cols=121
  patch=1 uv.cols=121
  patch=2 uv.cols=121
  patch=3 uv.cols=121
  patch=4 uv.cols=121
  patch=5 uv.cols=121
  patch=6 uv.cols=121
  patch=7 uv.cols=121
  patch=8 uv.cols=121
  patch=9 uv.cols=121
  patch=10 uv.cols=121
  patch=11 uv.cols=121
  patch=12 uv.cols=121
  patch=13 uv.cols=121
  patch=14 uv.cols=121
  patch=15 uv.cols=121
[assemble] resize A_mat(1936,320), b_vec(1936,2)
[assemble] after resize: A_mat.rows=1936 cols=320 b_vec.rows=1936 cols=2
[assemble] mode=global A cols=320
[fit-solve] matA sparse rows=1936 cols=320 nonZeros=22429
[fit-solve] matA nonFiniteEntries=0
[fit-solve] column mapping source=identity/global
[fit-solve] dynamic column reduction: selected=320 / 320
[fit-solve] matA rows=1936 cols=320
[fit-solve] informative column reduction: selected=320 / 320
[fit-solve] matA_solve rows=1936 cols=320
[fit-solve] dropped active/global columns by informative reduction begin
[fit-solve] dropped active/global columns by informative reduction end
[fit-solve] vectB(before At*b) rows=1936 cols=2
[fit-solve] vectB(before At*b) nonFiniteEntries=0
[fit-solve] sparse AtA: 320x320 nnz=6486
fit took: 0.0833427
[fit-solve] vectSol(after solve) rows=320 cols=2
[fit-solve] vectSol merge: seededFromOriginal=1 overwrittenRows=320 basisMaskApplied=0
[fit-solve] vectSol(after solve) nonFiniteEntries=0
Solve finished. vectSol.rows()=320, cols=2
matCbefore
1.13687e-13
matCafter
0.341912
Total irregular points: 0
jack took: 0.0235949 (pts/patch=20^2=400)
Irregular points: 0 / 6400 (0%)
minusnumber: 0
[assemble] custom-point layout per patch:
  patch=0 uv.cols=20
  patch=1 uv.cols=0
  patch=2 uv.cols=10
  patch=3 uv.cols=10
  patch=4 uv.cols=30
  patch=5 uv.cols=10
  patch=6 uv.cols=0
  patch=7 uv.cols=10
  patch=8 uv.cols=10
  patch=9 uv.cols=20
  patch=10 uv.cols=20
  patch=11 uv.cols=0
  patch=12 uv.cols=10
  patch=13 uv.cols=10
  patch=14 uv.cols=0
  patch=15 uv.cols=0
[assemble] resize A_mat(160,320), b_vec(160,2)
[assemble] after resize: A_mat.rows=160 cols=320 b_vec.rows=160 cols=2
Global fitting error stats: max=0.376457, rms=0.0629701, samples=1936, maxAtPatch=11, maxAtLocalPoint=1
Global fitting max sample: uv=(0.1,0), xFit=(-24.9729,-17.2255), target=(-25.1305,-17.5675)
globalError: 0.376457
featureError: 0.0218042
assemblyBoundaryError: 0.0218042
minusnumber: 0
Feature conditions are violated
FIT regular but error/feature tolerance not met (globalError=0.376457, featureError=0.0218042). Withdrawing candidate.
Escape time: 2026-07-25 10:35:16 (+18.6229s, 18.5993s without jacobian checks)
nonCheckedCells.size() has become: 0
[geo-coarsen] useGeo=0 fallback pickCell index=0
CREATE C BOX:
ourBOX is 
1 0 0 2 2 

=== Box Consistency Check ===
Patch 7 has 1 boxes

Box domains:
Box 0: u=[0, 1] x v=[0, 1] (area=1)

Checking for overlaps:
  No overlaps detected (boundaries may touch)

Total area covered: 1 (target: 1.0)

SUCCESS: Boxes are consistent (no overlaps, full coverage)
Truncated basis of dimension 2,
levels=1, size=16, tree_nodes=1).
Domain: [0 0]..[1 1].
Size per level: 16 

0; 0; 0; 0; 1; 1; 
0 0 0 1 1
Truncated basis of dimension 2,
levels=1, size=16, tree_nodes=1).
Domain: [0 0]..[1 1].
Size per level: 16 

[primary coarsen] patch=7 cells=1 THBsize=16
1 1 1 1 1 1 1 1 1 1 1 1 1 1 1 1
creating the index mapping
thbToBellsMapping[patch].size(): 16
thbToBellsMapping[patch].size(): 16
thbToBellsMapping[patch].size(): 16
thbToBellsMapping[patch].size(): 16
thbToBellsMapping[patch].size(): 16
thbToBellsMapping[patch].size(): 16
thbToBellsMapping[patch].size(): 16
thbToBellsMapping[patch].size(): 16
thbToBellsMapping[patch].size(): 25
thbToBellsMapping[patch].size(): 25
thbToBellsMapping[patch].size(): 25
thbToBellsMapping[patch].size(): 25
thbToBellsMapping[patch].size(): 25
thbToBellsMapping[patch].size(): 25
thbToBellsMapping[patch].size(): 25
thbToBellsMapping[patch].size(): 25
[mapPrev] newSize=310 carried=0 new(zero)=310
[mpbes-init] vectSol assigned from prevSol patch=7 levNow=0 attempt=0 rows=310 cols=2 nonZeroRows=0
[fitting-mode] attempt context: mode=globalFitting patch=7 levNow=0 attempt=0
[local-region] attempt context: patch=7 levNow=0 attempt=0 lambda=0 basisSelected=0/0 uvBefore=1936 uvAfter=1936
[assemble] custom-point layout per patch:
  patch=0 uv.cols=121
  patch=1 uv.cols=121
  patch=2 uv.cols=121
  patch=3 uv.cols=121
  patch=4 uv.cols=121
  patch=5 uv.cols=121
  patch=6 uv.cols=121
  patch=7 uv.cols=121
  patch=8 uv.cols=121
  patch=9 uv.cols=121
  patch=10 uv.cols=121
  patch=11 uv.cols=121
  patch=12 uv.cols=121
  patch=13 uv.cols=121
  patch=14 uv.cols=121
  patch=15 uv.cols=121
[assemble] resize A_mat(1936,310), b_vec(1936,2)
[assemble] after resize: A_mat.rows=1936 cols=310 b_vec.rows=1936 cols=2
[assemble] mode=global A cols=310
[fit-solve] matA sparse rows=1936 cols=310 nonZeros=22504
[fit-solve] matA nonFiniteEntries=0
[fit-solve] column mapping source=identity/global
[fit-solve] dynamic column reduction: selected=310 / 310
[fit-solve] matA rows=1936 cols=310
[fit-solve] informative column reduction: selected=310 / 310
[fit-solve] matA_solve rows=1936 cols=310
[fit-solve] dropped active/global columns by informative reduction begin
[fit-solve] dropped active/global columns by informative reduction end
[fit-solve] vectB(before At*b) rows=1936 cols=2
[fit-solve] vectB(before At*b) nonFiniteEntries=0
[fit-solve] sparse AtA: 310x310 nnz=6212
fit took: 0.091054
[fit-solve] vectSol(after solve) rows=310 cols=2
[fit-solve] vectSol merge: seededFromOriginal=1 overwrittenRows=310 basisMaskApplied=0
[fit-solve] vectSol(after solve) nonFiniteEntries=0
Solve finished. vectSol.rows()=310, cols=2
matCbefore
1.13687e-13
matCafter
0.341912
Total irregular points: 0
jack took: 0.0253113 (pts/patch=20^2=400)
Irregular points: 0 / 6400 (0%)
minusnumber: 0
[assemble] custom-point layout per patch:
  patch=0 uv.cols=20
  patch=1 uv.cols=0
  patch=2 uv.cols=10
  patch=3 uv.cols=10
  patch=4 uv.cols=30
  patch=5 uv.cols=10
  patch=6 uv.cols=0
  patch=7 uv.cols=10
  patch=8 uv.cols=10
  patch=9 uv.cols=20
  patch=10 uv.cols=20
  patch=11 uv.cols=0
  patch=12 uv.cols=10
  patch=13 uv.cols=10
  patch=14 uv.cols=0
  patch=15 uv.cols=0
[assemble] resize A_mat(160,310), b_vec(160,2)
[assemble] after resize: A_mat.rows=160 cols=310 b_vec.rows=160 cols=2
Global fitting error stats: max=0.376457, rms=0.0629701, samples=1936, maxAtPatch=11, maxAtLocalPoint=1
Global fitting max sample: uv=(0.1,0), xFit=(-24.9729,-17.2255), target=(-25.1305,-17.5675)
globalError: 0.376457
featureError: 0.0218042
assemblyBoundaryError: 0.0218042
minusnumber: 0
Feature conditions are violated
FIT regular but error/feature tolerance not met (globalError=0.376457, featureError=0.0218042). Withdrawing candidate.
Escape time: 2026-07-25 10:35:16 (+18.8356s, 18.8103s without jacobian checks)
nonCheckedCells.size() has become: 0
[geo-coarsen] preflight mirrored patch=8, no hierarchy-safe sibling group found; fallback to pickCell at level=0
CREATE C BOX:
ourBOX is 
1 0 0 2 2 

=== Box Consistency Check ===
Patch 8 has 1 boxes

Box domains:
Box 0: u=[0, 1] x v=[0, 1] (area=1)

Checking for overlaps:
  No overlaps detected (boundaries may touch)

Total area covered: 1 (target: 1.0)

SUCCESS: Boxes are consistent (no overlaps, full coverage)
Truncated basis of dimension 2,
levels=1, size=16, tree_nodes=1).
Domain: [0 0]..[1 1].
Size per level: 16 

0; 0; 0; 0; 1; 1; 
0 0 0 1 1
Truncated basis of dimension 2,
levels=1, size=16, tree_nodes=1).
Domain: [0 0]..[1 1].
Size per level: 16 

[primary coarsen] patch=8 cells=1 THBsize=16
1 1 1 1 1 1 1 1 1 1 1 1 1 1 1 1
creating the index mapping
thbToBellsMapping[patch].size(): 16
thbToBellsMapping[patch].size(): 16
thbToBellsMapping[patch].size(): 16
thbToBellsMapping[patch].size(): 16
thbToBellsMapping[patch].size(): 16
thbToBellsMapping[patch].size(): 16
thbToBellsMapping[patch].size(): 16
thbToBellsMapping[patch].size(): 16
thbToBellsMapping[patch].size(): 16
thbToBellsMapping[patch].size(): 25
thbToBellsMapping[patch].size(): 25
thbToBellsMapping[patch].size(): 25
thbToBellsMapping[patch].size(): 25
thbToBellsMapping[patch].size(): 25
thbToBellsMapping[patch].size(): 25
thbToBellsMapping[patch].size(): 25
[mapPrev] newSize=301 carried=0 new(zero)=301
[mpbes-init] vectSol assigned from prevSol patch=8 levNow=0 attempt=0 rows=301 cols=2 nonZeroRows=0
[fitting-mode] attempt context: mode=globalFitting patch=8 levNow=0 attempt=0
[local-region] attempt context: patch=8 levNow=0 attempt=0 lambda=0 basisSelected=0/0 uvBefore=1936 uvAfter=1936
[assemble] custom-point layout per patch:
  patch=0 uv.cols=121
  patch=1 uv.cols=121
  patch=2 uv.cols=121
  patch=3 uv.cols=121
  patch=4 uv.cols=121
  patch=5 uv.cols=121
  patch=6 uv.cols=121
  patch=7 uv.cols=121
  patch=8 uv.cols=121
  patch=9 uv.cols=121
  patch=10 uv.cols=121
  patch=11 uv.cols=121
  patch=12 uv.cols=121
  patch=13 uv.cols=121
  patch=14 uv.cols=121
  patch=15 uv.cols=121
[assemble] resize A_mat(1936,301), b_vec(1936,2)
[assemble] after resize: A_mat.rows=1936 cols=301 b_vec.rows=1936 cols=2
[assemble] mode=global A cols=301
[fit-solve] matA sparse rows=1936 cols=301 nonZeros=22579
[fit-solve] matA nonFiniteEntries=0
[fit-solve] column mapping source=identity/global
[fit-solve] dynamic column reduction: selected=301 / 301
[fit-solve] matA rows=1936 cols=301
[fit-solve] informative column reduction: selected=301 / 301
[fit-solve] matA_solve rows=1936 cols=301
[fit-solve] dropped active/global columns by informative reduction begin
[fit-solve] dropped active/global columns by informative reduction end
[fit-solve] vectB(before At*b) rows=1936 cols=2
[fit-solve] vectB(before At*b) nonFiniteEntries=0
[fit-solve] sparse AtA: 301x301 nnz=5939
fit took: 0.0911832
[fit-solve] vectSol(after solve) rows=301 cols=2
[fit-solve] vectSol merge: seededFromOriginal=1 overwrittenRows=301 basisMaskApplied=0
[fit-solve] vectSol(after solve) nonFiniteEntries=0
Solve finished. vectSol.rows()=301, cols=2
matCbefore
1.13687e-13
matCafter
0.341912
Total irregular points: 0
jack took: 0.0229189 (pts/patch=20^2=400)
Irregular points: 0 / 6400 (0%)
minusnumber: 0
[assemble] custom-point layout per patch:
  patch=0 uv.cols=20
  patch=1 uv.cols=0
  patch=2 uv.cols=10
  patch=3 uv.cols=10
  patch=4 uv.cols=30
  patch=5 uv.cols=10
  patch=6 uv.cols=0
  patch=7 uv.cols=10
  patch=8 uv.cols=10
  patch=9 uv.cols=20
  patch=10 uv.cols=20
  patch=11 uv.cols=0
  patch=12 uv.cols=10
  patch=13 uv.cols=10
  patch=14 uv.cols=0
  patch=15 uv.cols=0
[assemble] resize A_mat(160,301), b_vec(160,2)
[assemble] after resize: A_mat.rows=160 cols=301 b_vec.rows=160 cols=2
Global fitting error stats: max=0.376457, rms=0.0635913, samples=1936, maxAtPatch=11, maxAtLocalPoint=1
Global fitting max sample: uv=(0.1,0), xFit=(-24.9729,-17.2255), target=(-25.1305,-17.5675)
globalError: 0.376457
featureError: 0.0485709
assemblyBoundaryError: 0.0485709
minusnumber: 0
Feature conditions are violated
FIT regular but error/feature tolerance not met (globalError=0.376457, featureError=0.0485709). Withdrawing candidate.
Escape time: 2026-07-25 10:35:17 (+19.0248s, 19.0019s without jacobian checks)
nonCheckedCells.size() has become: 0
[geo-coarsen] useGeo=0 fallback pickCell index=0
CREATE C BOX:
ourBOX is 
1 0 0 2 2 

=== Box Consistency Check ===
Patch 9 has 1 boxes

Box domains:
Box 0: u=[0, 1] x v=[0, 1] (area=1)

Checking for overlaps:
  No overlaps detected (boundaries may touch)

Total area covered: 1 (target: 1.0)

SUCCESS: Boxes are consistent (no overlaps, full coverage)
Truncated basis of dimension 2,
levels=1, size=16, tree_nodes=1).
Domain: [0 0]..[1 1].
Size per level: 16 

0; 0; 0; 0; 1; 1; 
0 0 0 1 1
Truncated basis of dimension 2,
levels=1, size=16, tree_nodes=1).
Domain: [0 0]..[1 1].
Size per level: 16 

[primary coarsen] patch=9 cells=1 THBsize=16
1 1 1 1 1 1 1 1 1 1 1 1 1 1 1 1
creating the index mapping
thbToBellsMapping[patch].size(): 16
thbToBellsMapping[patch].size(): 16
thbToBellsMapping[patch].size(): 16
thbToBellsMapping[patch].size(): 16
thbToBellsMapping[patch].size(): 16
thbToBellsMapping[patch].size(): 16
thbToBellsMapping[patch].size(): 16
thbToBellsMapping[patch].size(): 16
thbToBellsMapping[patch].size(): 16
thbToBellsMapping[patch].size(): 16
thbToBellsMapping[patch].size(): 25
thbToBellsMapping[patch].size(): 25
thbToBellsMapping[patch].size(): 25
thbToBellsMapping[patch].size(): 25
thbToBellsMapping[patch].size(): 25
thbToBellsMapping[patch].size(): 25
[mapPrev] newSize=297 carried=0 new(zero)=297
[mpbes-init] vectSol assigned from prevSol patch=9 levNow=0 attempt=0 rows=297 cols=2 nonZeroRows=0
[fitting-mode] attempt context: mode=globalFitting patch=9 levNow=0 attempt=0
[local-region] attempt context: patch=9 levNow=0 attempt=0 lambda=0 basisSelected=0/0 uvBefore=1936 uvAfter=1936
[assemble] custom-point layout per patch:
  patch=0 uv.cols=121
  patch=1 uv.cols=121
  patch=2 uv.cols=121
  patch=3 uv.cols=121
  patch=4 uv.cols=121
  patch=5 uv.cols=121
  patch=6 uv.cols=121
  patch=7 uv.cols=121
  patch=8 uv.cols=121
  patch=9 uv.cols=121
  patch=10 uv.cols=121
  patch=11 uv.cols=121
  patch=12 uv.cols=121
  patch=13 uv.cols=121
  patch=14 uv.cols=121
  patch=15 uv.cols=121
[assemble] resize A_mat(1936,297), b_vec(1936,2)
[assemble] after resize: A_mat.rows=1936 cols=297 b_vec.rows=1936 cols=2
[assemble] mode=global A cols=297
[fit-solve] matA sparse rows=1936 cols=297 nonZeros=22654
[fit-solve] matA nonFiniteEntries=0
[fit-solve] column mapping source=identity/global
[fit-solve] dynamic column reduction: selected=297 / 297
[fit-solve] matA rows=1936 cols=297
[fit-solve] informative column reduction: selected=297 / 297
[fit-solve] matA_solve rows=1936 cols=297
[fit-solve] dropped active/global columns by informative reduction begin
[fit-solve] dropped active/global columns by informative reduction end
[fit-solve] vectB(before At*b) rows=1936 cols=2
[fit-solve] vectB(before At*b) nonFiniteEntries=0
[fit-solve] sparse AtA: 297x297 nnz=5689
fit took: 0.0948454
[fit-solve] vectSol(after solve) rows=297 cols=2
[fit-solve] vectSol merge: seededFromOriginal=1 overwrittenRows=297 basisMaskApplied=0
[fit-solve] vectSol(after solve) nonFiniteEntries=0
Solve finished. vectSol.rows()=297, cols=2
matCbefore
1.13687e-13
matCafter
0.341912
Total irregular points: 0
jack took: 0.0222786 (pts/patch=20^2=400)
Irregular points: 0 / 6400 (0%)
minusnumber: 0
[assemble] custom-point layout per patch:
  patch=0 uv.cols=20
  patch=1 uv.cols=0
  patch=2 uv.cols=10
  patch=3 uv.cols=10
  patch=4 uv.cols=30
  patch=5 uv.cols=10
  patch=6 uv.cols=0
  patch=7 uv.cols=10
  patch=8 uv.cols=10
  patch=9 uv.cols=20
  patch=10 uv.cols=20
  patch=11 uv.cols=0
  patch=12 uv.cols=10
  patch=13 uv.cols=10
  patch=14 uv.cols=0
  patch=15 uv.cols=0
[assemble] resize A_mat(160,297), b_vec(160,2)
[assemble] after resize: A_mat.rows=160 cols=297 b_vec.rows=160 cols=2
Global fitting error stats: max=0.376457, rms=0.0635918, samples=1936, maxAtPatch=11, maxAtLocalPoint=1
Global fitting max sample: uv=(0.1,0), xFit=(-24.9729,-17.2255), target=(-25.1305,-17.5675)
globalError: 0.376457
featureError: 0.0485709
assemblyBoundaryError: 0.0485709
minusnumber: 0
Feature conditions are violated
FIT regular but error/feature tolerance not met (globalError=0.376457, featureError=0.0485709). Withdrawing candidate.
Escape time: 2026-07-25 10:35:17 (+19.2251s, 19.2028s without jacobian checks)
nonCheckedCells.size() has become: 0
[geo-coarsen] useGeo=0 fallback pickCell index=0
CREATE C BOX:
ourBOX is 
1 0 0 2 2 

=== Box Consistency Check ===
Patch 10 has 1 boxes

Box domains:
Box 0: u=[0, 1] x v=[0, 1] (area=1)

Checking for overlaps:
  No overlaps detected (boundaries may touch)

Total area covered: 1 (target: 1.0)

SUCCESS: Boxes are consistent (no overlaps, full coverage)
Truncated basis of dimension 2,
levels=1, size=16, tree_nodes=1).
Domain: [0 0]..[1 1].
Size per level: 16 

0; 0; 0; 0; 1; 1; 
0 0 0 1 1
Truncated basis of dimension 2,
levels=1, size=16, tree_nodes=1).
Domain: [0 0]..[1 1].
Size per level: 16 

[primary coarsen] patch=10 cells=1 THBsize=16
1 1 1 1 1 1 1 1 1 1 1 1 1 1 1 1
creating the index mapping
thbToBellsMapping[patch].size(): 16
thbToBellsMapping[patch].size(): 16
thbToBellsMapping[patch].size(): 16
thbToBellsMapping[patch].size(): 16
thbToBellsMapping[patch].size(): 16
thbToBellsMapping[patch].size(): 16
thbToBellsMapping[patch].size(): 16
thbToBellsMapping[patch].size(): 16
thbToBellsMapping[patch].size(): 16
thbToBellsMapping[patch].size(): 16
thbToBellsMapping[patch].size(): 16
thbToBellsMapping[patch].size(): 25
thbToBellsMapping[patch].size(): 25
thbToBellsMapping[patch].size(): 25
thbToBellsMapping[patch].size(): 25
thbToBellsMapping[patch].size(): 25
[mapPrev] newSize=289 carried=0 new(zero)=289
[mpbes-init] vectSol assigned from prevSol patch=10 levNow=0 attempt=0 rows=289 cols=2 nonZeroRows=0
[fitting-mode] attempt context: mode=globalFitting patch=10 levNow=0 attempt=0
[local-region] attempt context: patch=10 levNow=0 attempt=0 lambda=0 basisSelected=0/0 uvBefore=1936 uvAfter=1936
[assemble] custom-point layout per patch:
  patch=0 uv.cols=121
  patch=1 uv.cols=121
  patch=2 uv.cols=121
  patch=3 uv.cols=121
  patch=4 uv.cols=121
  patch=5 uv.cols=121
  patch=6 uv.cols=121
  patch=7 uv.cols=121
  patch=8 uv.cols=121
  patch=9 uv.cols=121
  patch=10 uv.cols=121
  patch=11 uv.cols=121
  patch=12 uv.cols=121
  patch=13 uv.cols=121
  patch=14 uv.cols=121
  patch=15 uv.cols=121
[assemble] resize A_mat(1936,289), b_vec(1936,2)
[assemble] after resize: A_mat.rows=1936 cols=289 b_vec.rows=1936 cols=2
[assemble] mode=global A cols=289
[fit-solve] matA sparse rows=1936 cols=289 nonZeros=22729
[fit-solve] matA nonFiniteEntries=0
[fit-solve] column mapping source=identity/global
[fit-solve] dynamic column reduction: selected=289 / 289
[fit-solve] matA rows=1936 cols=289
[fit-solve] informative column reduction: selected=289 / 289
[fit-solve] matA_solve rows=1936 cols=289
[fit-solve] dropped active/global columns by informative reduction begin
[fit-solve] dropped active/global columns by informative reduction end
[fit-solve] vectB(before At*b) rows=1936 cols=2
[fit-solve] vectB(before At*b) nonFiniteEntries=0
[fit-solve] sparse AtA: 289x289 nnz=5423
fit took: 0.0884097
[fit-solve] vectSol(after solve) rows=289 cols=2
[fit-solve] vectSol merge: seededFromOriginal=1 overwrittenRows=289 basisMaskApplied=0
[fit-solve] vectSol(after solve) nonFiniteEntries=0
Solve finished. vectSol.rows()=289, cols=2
matCbefore
1.13687e-13
matCafter
0.341912
Total irregular points: 0
jack took: 0.0184346 (pts/patch=20^2=400)
Irregular points: 0 / 6400 (0%)
minusnumber: 0
[assemble] custom-point layout per patch:
  patch=0 uv.cols=20
  patch=1 uv.cols=0
  patch=2 uv.cols=10
  patch=3 uv.cols=10
  patch=4 uv.cols=30
  patch=5 uv.cols=10
  patch=6 uv.cols=0
  patch=7 uv.cols=10
  patch=8 uv.cols=10
  patch=9 uv.cols=20
  patch=10 uv.cols=20
  patch=11 uv.cols=0
  patch=12 uv.cols=10
  patch=13 uv.cols=10
  patch=14 uv.cols=0
  patch=15 uv.cols=0
[assemble] resize A_mat(160,289), b_vec(160,2)
[assemble] after resize: A_mat.rows=160 cols=289 b_vec.rows=160 cols=2
Global fitting error stats: max=0.376457, rms=0.0635919, samples=1936, maxAtPatch=11, maxAtLocalPoint=1
Global fitting max sample: uv=(0.1,0), xFit=(-24.9729,-17.2255), target=(-25.1305,-17.5675)
globalError: 0.376457
featureError: 0.0485709
assemblyBoundaryError: 0.0485709
minusnumber: 0
Feature conditions are violated
FIT regular but error/feature tolerance not met (globalError=0.376457, featureError=0.0485709). Withdrawing candidate.
Escape time: 2026-07-25 10:35:17 (+19.4126s, 19.3941s without jacobian checks)
nonCheckedCells.size() has become: 0
[geo-coarsen] preflight mirrored patch=11, no hierarchy-safe sibling group found; fallback to pickCell at level=0
CREATE C BOX:
ourBOX is 
1 0 0 2 2 

=== Box Consistency Check ===
Patch 11 has 1 boxes

Box domains:
Box 0: u=[0, 1] x v=[0, 1] (area=1)

Checking for overlaps:
  No overlaps detected (boundaries may touch)

Total area covered: 1 (target: 1.0)

SUCCESS: Boxes are consistent (no overlaps, full coverage)
Truncated basis of dimension 2,
levels=1, size=16, tree_nodes=1).
Domain: [0 0]..[1 1].
Size per level: 16 

0; 0; 0; 0; 1; 1; 
0 0 0 1 1
Truncated basis of dimension 2,
levels=1, size=16, tree_nodes=1).
Domain: [0 0]..[1 1].
Size per level: 16 

[primary coarsen] patch=11 cells=1 THBsize=16
1 1 1 1 1 1 1 1 1 1 1 1 1 1 1 1
creating the index mapping
thbToBellsMapping[patch].size(): 16
thbToBellsMapping[patch].size(): 16
thbToBellsMapping[patch].size(): 16
thbToBellsMapping[patch].size(): 16
thbToBellsMapping[patch].size(): 16
thbToBellsMapping[patch].size(): 16
thbToBellsMapping[patch].size(): 16
thbToBellsMapping[patch].size(): 16
thbToBellsMapping[patch].size(): 16
thbToBellsMapping[patch].size(): 16
thbToBellsMapping[patch].size(): 16
thbToBellsMapping[patch].size(): 16
thbToBellsMapping[patch].size(): 25
thbToBellsMapping[patch].size(): 25
thbToBellsMapping[patch].size(): 25
thbToBellsMapping[patch].size(): 25
[mapPrev] newSize=280 carried=0 new(zero)=280
[mpbes-init] vectSol assigned from prevSol patch=11 levNow=0 attempt=0 rows=280 cols=2 nonZeroRows=0
[fitting-mode] attempt context: mode=globalFitting patch=11 levNow=0 attempt=0
[local-region] attempt context: patch=11 levNow=0 attempt=0 lambda=0 basisSelected=0/0 uvBefore=1936 uvAfter=1936
[assemble] custom-point layout per patch:
  patch=0 uv.cols=121
  patch=1 uv.cols=121
  patch=2 uv.cols=121
  patch=3 uv.cols=121
  patch=4 uv.cols=121
  patch=5 uv.cols=121
  patch=6 uv.cols=121
  patch=7 uv.cols=121
  patch=8 uv.cols=121
  patch=9 uv.cols=121
  patch=10 uv.cols=121
  patch=11 uv.cols=121
  patch=12 uv.cols=121
  patch=13 uv.cols=121
  patch=14 uv.cols=121
  patch=15 uv.cols=121
[assemble] resize A_mat(1936,280), b_vec(1936,2)
[assemble] after resize: A_mat.rows=1936 cols=280 b_vec.rows=1936 cols=2
[assemble] mode=global A cols=280
[fit-solve] matA sparse rows=1936 cols=280 nonZeros=22804
[fit-solve] matA nonFiniteEntries=0
[fit-solve] column mapping source=identity/global
[fit-solve] dynamic column reduction: selected=280 / 280
[fit-solve] matA rows=1936 cols=280
[fit-solve] informative column reduction: selected=280 / 280
[fit-solve] matA_solve rows=1936 cols=280
[fit-solve] dropped active/global columns by informative reduction begin
[fit-solve] dropped active/global columns by informative reduction end
[fit-solve] vectB(before At*b) rows=1936 cols=2
[fit-solve] vectB(before At*b) nonFiniteEntries=0
[fit-solve] sparse AtA: 280x280 nnz=5150
fit took: 0.0919341
[fit-solve] vectSol(after solve) rows=280 cols=2
[fit-solve] vectSol merge: seededFromOriginal=1 overwrittenRows=280 basisMaskApplied=0
[fit-solve] vectSol(after solve) nonFiniteEntries=0
Solve finished. vectSol.rows()=280, cols=2
matCbefore
1.13687e-13
matCafter
0.620112
Total irregular points: 0
jack took: 0.0227051 (pts/patch=20^2=400)
Irregular points: 0 / 6400 (0%)
minusnumber: 0
[assemble] custom-point layout per patch:
  patch=0 uv.cols=20
  patch=1 uv.cols=0
  patch=2 uv.cols=10
  patch=3 uv.cols=10
  patch=4 uv.cols=30
  patch=5 uv.cols=10
  patch=6 uv.cols=0
  patch=7 uv.cols=10
  patch=8 uv.cols=10
  patch=9 uv.cols=20
  patch=10 uv.cols=20
  patch=11 uv.cols=0
  patch=12 uv.cols=10
  patch=13 uv.cols=10
  patch=14 uv.cols=0
  patch=15 uv.cols=0
[assemble] resize A_mat(160,280), b_vec(160,2)
[assemble] after resize: A_mat.rows=160 cols=280 b_vec.rows=160 cols=2
Global fitting error stats: max=0.66685, rms=0.0930545, samples=1936, maxAtPatch=11, maxAtLocalPoint=1
Global fitting max sample: uv=(0.1,0), xFit=(-24.8852,-16.9473), target=(-25.1305,-17.5675)
globalError: 0.66685
featureError: 0.0485709
assemblyBoundaryError: 0.0485709
minusnumber: 0
Feature conditions are violated
FIT regular but error/feature tolerance not met (globalError=0.66685, featureError=0.0485709). Withdrawing candidate.
Escape time: 2026-07-25 10:35:17 (+19.5928s, 19.5701s without jacobian checks)
nonCheckedCells.size() has become: 0
[geo-coarsen] preflight mirrored patch=12, no hierarchy-safe sibling group found; fallback to pickCell at level=0
CREATE C BOX:
ourBOX is 
1 0 0 2 2 

=== Box Consistency Check ===
Patch 12 has 1 boxes

Box domains:
Box 0: u=[0, 1] x v=[0, 1] (area=1)

Checking for overlaps:
  No overlaps detected (boundaries may touch)

Total area covered: 1 (target: 1.0)

SUCCESS: Boxes are consistent (no overlaps, full coverage)
Truncated basis of dimension 2,
levels=1, size=16, tree_nodes=1).
Domain: [0 0]..[1 1].
Size per level: 16 

0; 0; 0; 0; 1; 1; 
0 0 0 1 1
Truncated basis of dimension 2,
levels=1, size=16, tree_nodes=1).
Domain: [0 0]..[1 1].
Size per level: 16 

[primary coarsen] patch=12 cells=1 THBsize=16
1 1 1 1 1 1 1 1 1 1 1 1 1 1 1 1
creating the index mapping
thbToBellsMapping[patch].size(): 16
thbToBellsMapping[patch].size(): 16
thbToBellsMapping[patch].size(): 16
thbToBellsMapping[patch].size(): 16
thbToBellsMapping[patch].size(): 16
thbToBellsMapping[patch].size(): 16
thbToBellsMapping[patch].size(): 16
thbToBellsMapping[patch].size(): 16
thbToBellsMapping[patch].size(): 16
thbToBellsMapping[patch].size(): 16
thbToBellsMapping[patch].size(): 16
thbToBellsMapping[patch].size(): 16
thbToBellsMapping[patch].size(): 16
thbToBellsMapping[patch].size(): 25
thbToBellsMapping[patch].size(): 25
thbToBellsMapping[patch].size(): 25
[mapPrev] newSize=267 carried=0 new(zero)=267
[mpbes-init] vectSol assigned from prevSol patch=12 levNow=0 attempt=0 rows=267 cols=2 nonZeroRows=0
[fitting-mode] attempt context: mode=globalFitting patch=12 levNow=0 attempt=0
[local-region] attempt context: patch=12 levNow=0 attempt=0 lambda=0 basisSelected=0/0 uvBefore=1936 uvAfter=1936
[assemble] custom-point layout per patch:
  patch=0 uv.cols=121
  patch=1 uv.cols=121
  patch=2 uv.cols=121
  patch=3 uv.cols=121
  patch=4 uv.cols=121
  patch=5 uv.cols=121
  patch=6 uv.cols=121
  patch=7 uv.cols=121
  patch=8 uv.cols=121
  patch=9 uv.cols=121
  patch=10 uv.cols=121
  patch=11 uv.cols=121
  patch=12 uv.cols=121
  patch=13 uv.cols=121
  patch=14 uv.cols=121
  patch=15 uv.cols=121
[assemble] resize A_mat(1936,267), b_vec(1936,2)
[assemble] after resize: A_mat.rows=1936 cols=267 b_vec.rows=1936 cols=2
[assemble] mode=global A cols=267
[fit-solve] matA sparse rows=1936 cols=267 nonZeros=22879
[fit-solve] matA nonFiniteEntries=0
[fit-solve] column mapping source=identity/global
[fit-solve] dynamic column reduction: selected=267 / 267
[fit-solve] matA rows=1936 cols=267
[fit-solve] informative column reduction: selected=267 / 267
[fit-solve] matA_solve rows=1936 cols=267
[fit-solve] dropped active/global columns by informative reduction begin
[fit-solve] dropped active/global columns by informative reduction end
[fit-solve] vectB(before At*b) rows=1936 cols=2
[fit-solve] vectB(before At*b) nonFiniteEntries=0
[fit-solve] sparse AtA: 267x267 nnz=4861
fit took: 0.0849111
[fit-solve] vectSol(after solve) rows=267 cols=2
[fit-solve] vectSol merge: seededFromOriginal=1 overwrittenRows=267 basisMaskApplied=0
[fit-solve] vectSol(after solve) nonFiniteEntries=0
Solve finished. vectSol.rows()=267, cols=2
matCbefore
2.27374e-13
matCafter
0.620112
Total irregular points: 0
jack took: 0.0168029 (pts/patch=20^2=400)
Irregular points: 0 / 6400 (0%)
minusnumber: 0
[assemble] custom-point layout per patch:
  patch=0 uv.cols=20
  patch=1 uv.cols=0
  patch=2 uv.cols=10
  patch=3 uv.cols=10
  patch=4 uv.cols=30
  patch=5 uv.cols=10
  patch=6 uv.cols=0
  patch=7 uv.cols=10
  patch=8 uv.cols=10
  patch=9 uv.cols=20
  patch=10 uv.cols=20
  patch=11 uv.cols=0
  patch=12 uv.cols=10
  patch=13 uv.cols=10
  patch=14 uv.cols=0
  patch=15 uv.cols=0
[assemble] resize A_mat(160,267), b_vec(160,2)
[assemble] after resize: A_mat.rows=160 cols=267 b_vec.rows=160 cols=2
Global fitting error stats: max=0.66685, rms=0.0930553, samples=1936, maxAtPatch=11, maxAtLocalPoint=1
Global fitting max sample: uv=(0.1,0), xFit=(-24.8852,-16.9473), target=(-25.1305,-17.5675)
globalError: 0.66685
featureError: 0.0485709
assemblyBoundaryError: 0.0485709
minusnumber: 0
Feature conditions are violated
FIT regular but error/feature tolerance not met (globalError=0.66685, featureError=0.0485709). Withdrawing candidate.
Escape time: 2026-07-25 10:35:17 (+19.752s, 19.7352s without jacobian checks)
nonCheckedCells.size() has become: 0
[geo-coarsen] useGeo=0 fallback pickCell index=0
CREATE C BOX:
ourBOX is 
1 0 0 2 2 

=== Box Consistency Check ===
Patch 13 has 1 boxes

Box domains:
Box 0: u=[0, 1] x v=[0, 1] (area=1)

Checking for overlaps:
  No overlaps detected (boundaries may touch)

Total area covered: 1 (target: 1.0)

SUCCESS: Boxes are consistent (no overlaps, full coverage)
Truncated basis of dimension 2,
levels=1, size=16, tree_nodes=1).
Domain: [0 0]..[1 1].
Size per level: 16 

0; 0; 0; 0; 1; 1; 
0 0 0 1 1
Truncated basis of dimension 2,
levels=1, size=16, tree_nodes=1).
Domain: [0 0]..[1 1].
Size per level: 16 

[primary coarsen] patch=13 cells=1 THBsize=16
1 1 1 1 1 1 1 1 1 1 1 1 1 1 1 1
creating the index mapping
thbToBellsMapping[patch].size(): 16
thbToBellsMapping[patch].size(): 16
thbToBellsMapping[patch].size(): 16
thbToBellsMapping[patch].size(): 16
thbToBellsMapping[patch].size(): 16
thbToBellsMapping[patch].size(): 16
thbToBellsMapping[patch].size(): 16
thbToBellsMapping[patch].size(): 16
thbToBellsMapping[patch].size(): 16
thbToBellsMapping[patch].size(): 16
thbToBellsMapping[patch].size(): 16
thbToBellsMapping[patch].size(): 16
thbToBellsMapping[patch].size(): 16
thbToBellsMapping[patch].size(): 16
thbToBellsMapping[patch].size(): 25
thbToBellsMapping[patch].size(): 25
[mapPrev] newSize=254 carried=0 new(zero)=254
[mpbes-init] vectSol assigned from prevSol patch=13 levNow=0 attempt=0 rows=254 cols=2 nonZeroRows=0
[fitting-mode] attempt context: mode=globalFitting patch=13 levNow=0 attempt=0
[local-region] attempt context: patch=13 levNow=0 attempt=0 lambda=0 basisSelected=0/0 uvBefore=1936 uvAfter=1936
[assemble] custom-point layout per patch:
  patch=0 uv.cols=121
  patch=1 uv.cols=121
  patch=2 uv.cols=121
  patch=3 uv.cols=121
  patch=4 uv.cols=121
  patch=5 uv.cols=121
  patch=6 uv.cols=121
  patch=7 uv.cols=121
  patch=8 uv.cols=121
  patch=9 uv.cols=121
  patch=10 uv.cols=121
  patch=11 uv.cols=121
  patch=12 uv.cols=121
  patch=13 uv.cols=121
  patch=14 uv.cols=121
  patch=15 uv.cols=121
[assemble] resize A_mat(1936,254), b_vec(1936,2)
[assemble] after resize: A_mat.rows=1936 cols=254 b_vec.rows=1936 cols=2
[assemble] mode=global A cols=254
[fit-solve] matA sparse rows=1936 cols=254 nonZeros=22954
[fit-solve] matA nonFiniteEntries=0
[fit-solve] column mapping source=identity/global
[fit-solve] dynamic column reduction: selected=254 / 254
[fit-solve] matA rows=1936 cols=254
[fit-solve] informative column reduction: selected=254 / 254
[fit-solve] matA_solve rows=1936 cols=254
[fit-solve] dropped active/global columns by informative reduction begin
[fit-solve] dropped active/global columns by informative reduction end
[fit-solve] vectB(before At*b) rows=1936 cols=2
[fit-solve] vectB(before At*b) nonFiniteEntries=0
[fit-solve] sparse AtA: 254x254 nnz=4572
fit took: 0.0842282
[fit-solve] vectSol(after solve) rows=254 cols=2
[fit-solve] vectSol merge: seededFromOriginal=1 overwrittenRows=254 basisMaskApplied=0
[fit-solve] vectSol(after solve) nonFiniteEntries=0
Solve finished. vectSol.rows()=254, cols=2
matCbefore
3.41061e-13
matCafter
0.620112
Total irregular points: 0
jack took: 0.0178125 (pts/patch=20^2=400)
Irregular points: 0 / 6400 (0%)
minusnumber: 0
[assemble] custom-point layout per patch:
  patch=0 uv.cols=20
  patch=1 uv.cols=0
  patch=2 uv.cols=10
  patch=3 uv.cols=10
  patch=4 uv.cols=30
  patch=5 uv.cols=10
  patch=6 uv.cols=0
  patch=7 uv.cols=10
  patch=8 uv.cols=10
  patch=9 uv.cols=20
  patch=10 uv.cols=20
  patch=11 uv.cols=0
  patch=12 uv.cols=10
  patch=13 uv.cols=10
  patch=14 uv.cols=0
  patch=15 uv.cols=0
[assemble] resize A_mat(160,254), b_vec(160,2)
[assemble] after resize: A_mat.rows=160 cols=254 b_vec.rows=160 cols=2
Global fitting error stats: max=0.66685, rms=0.0930561, samples=1936, maxAtPatch=11, maxAtLocalPoint=1
Global fitting max sample: uv=(0.1,0), xFit=(-24.8852,-16.9473), target=(-25.1305,-17.5675)
globalError: 0.66685
featureError: 0.0485709
assemblyBoundaryError: 0.0485709
minusnumber: 0
Feature conditions are violated
FIT regular but error/feature tolerance not met (globalError=0.66685, featureError=0.0485709). Withdrawing candidate.
Escape time: 2026-07-25 10:35:18 (+19.9279s, 19.9101s without jacobian checks)
nonCheckedCells.size() has become: 0
[geo-coarsen] preflight mirrored patch=14, no hierarchy-safe sibling group found; fallback to pickCell at level=0
CREATE C BOX:
ourBOX is 
1 0 0 2 2 

=== Box Consistency Check ===
Patch 14 has 1 boxes

Box domains:
Box 0: u=[0, 1] x v=[0, 1] (area=1)

Checking for overlaps:
  No overlaps detected (boundaries may touch)

Total area covered: 1 (target: 1.0)

SUCCESS: Boxes are consistent (no overlaps, full coverage)
Truncated basis of dimension 2,
levels=1, size=16, tree_nodes=1).
Domain: [0 0]..[1 1].
Size per level: 16 

0; 0; 0; 0; 1; 1; 
0 0 0 1 1
Truncated basis of dimension 2,
levels=1, size=16, tree_nodes=1).
Domain: [0 0]..[1 1].
Size per level: 16 

[primary coarsen] patch=14 cells=1 THBsize=16
1 1 1 1 1 1 1 1 1 1 1 1 1 1 1 1
creating the index mapping
thbToBellsMapping[patch].size(): 16
thbToBellsMapping[patch].size(): 16
thbToBellsMapping[patch].size(): 16
thbToBellsMapping[patch].size(): 16
thbToBellsMapping[patch].size(): 16
thbToBellsMapping[patch].size(): 16
thbToBellsMapping[patch].size(): 16
thbToBellsMapping[patch].size(): 16
thbToBellsMapping[patch].size(): 16
thbToBellsMapping[patch].size(): 16
thbToBellsMapping[patch].size(): 16
thbToBellsMapping[patch].size(): 16
thbToBellsMapping[patch].size(): 16
thbToBellsMapping[patch].size(): 16
thbToBellsMapping[patch].size(): 16
thbToBellsMapping[patch].size(): 25
[mapPrev] newSize=245 carried=0 new(zero)=245
[mpbes-init] vectSol assigned from prevSol patch=14 levNow=0 attempt=0 rows=245 cols=2 nonZeroRows=0
[fitting-mode] attempt context: mode=globalFitting patch=14 levNow=0 attempt=0
[local-region] attempt context: patch=14 levNow=0 attempt=0 lambda=0 basisSelected=0/0 uvBefore=1936 uvAfter=1936
[assemble] custom-point layout per patch:
  patch=0 uv.cols=121
  patch=1 uv.cols=121
  patch=2 uv.cols=121
  patch=3 uv.cols=121
  patch=4 uv.cols=121
  patch=5 uv.cols=121
  patch=6 uv.cols=121
  patch=7 uv.cols=121
  patch=8 uv.cols=121
  patch=9 uv.cols=121
  patch=10 uv.cols=121
  patch=11 uv.cols=121
  patch=12 uv.cols=121
  patch=13 uv.cols=121
  patch=14 uv.cols=121
  patch=15 uv.cols=121
[assemble] resize A_mat(1936,245), b_vec(1936,2)
[assemble] after resize: A_mat.rows=1936 cols=245 b_vec.rows=1936 cols=2
[assemble] mode=global A cols=245
[fit-solve] matA sparse rows=1936 cols=245 nonZeros=23029
[fit-solve] matA nonFiniteEntries=0
[fit-solve] column mapping source=identity/global
[fit-solve] dynamic column reduction: selected=245 / 245
[fit-solve] matA rows=1936 cols=245
[fit-solve] informative column reduction: selected=245 / 245
[fit-solve] matA_solve rows=1936 cols=245
[fit-solve] dropped active/global columns by informative reduction begin
[fit-solve] dropped active/global columns by informative reduction end
[fit-solve] vectB(before At*b) rows=1936 cols=2
[fit-solve] vectB(before At*b) nonFiniteEntries=0
[fit-solve] sparse AtA: 245x245 nnz=4299
fit took: 0.0811635
[fit-solve] vectSol(after solve) rows=245 cols=2
[fit-solve] vectSol merge: seededFromOriginal=1 overwrittenRows=245 basisMaskApplied=0
[fit-solve] vectSol(after solve) nonFiniteEntries=0
Solve finished. vectSol.rows()=245, cols=2
matCbefore
3.41061e-13
matCafter
0.682024
Total irregular points: 0
jack took: 0.0177049 (pts/patch=20^2=400)
Irregular points: 0 / 6400 (0%)
minusnumber: 0
[assemble] custom-point layout per patch:
  patch=0 uv.cols=20
  patch=1 uv.cols=0
  patch=2 uv.cols=10
  patch=3 uv.cols=10
  patch=4 uv.cols=30
  patch=5 uv.cols=10
  patch=6 uv.cols=0
  patch=7 uv.cols=10
  patch=8 uv.cols=10
  patch=9 uv.cols=20
  patch=10 uv.cols=20
  patch=11 uv.cols=0
  patch=12 uv.cols=10
  patch=13 uv.cols=10
  patch=14 uv.cols=0
  patch=15 uv.cols=0
[assemble] resize A_mat(160,245), b_vec(160,2)
[assemble] after resize: A_mat.rows=160 cols=245 b_vec.rows=160 cols=2
Global fitting error stats: max=0.701062, rms=0.139164, samples=1936, maxAtPatch=14, maxAtLocalPoint=115
Global fitting max sample: uv=(0.5,1), xFit=(-42.4416,0.0858528), target=(-41.7406,0.0795681)
globalError: 0.701062
featureError: 0.0485709
assemblyBoundaryError: 0.0485709
minusnumber: 0
Feature conditions are violated
FIT regular but error/feature tolerance not met (globalError=0.701062, featureError=0.0485709). Withdrawing candidate.
Escape time: 2026-07-25 10:35:18 (+20.0739s, 20.0562s without jacobian checks)
nonCheckedCells.size() has become: 0
[geo-coarsen] preflight mirrored patch=15, no hierarchy-safe sibling group found; fallback to pickCell at level=0
CREATE C BOX:
ourBOX is 
1 0 0 2 2 

=== Box Consistency Check ===
Patch 15 has 1 boxes

Box domains:
Box 0: u=[0, 1] x v=[0, 1] (area=1)

Checking for overlaps:
  No overlaps detected (boundaries may touch)

Total area covered: 1 (target: 1.0)

SUCCESS: Boxes are consistent (no overlaps, full coverage)
Truncated basis of dimension 2,
levels=1, size=16, tree_nodes=1).
Domain: [0 0]..[1 1].
Size per level: 16 

0; 0; 0; 0; 1; 1; 
0 0 0 1 1
Truncated basis of dimension 2,
levels=1, size=16, tree_nodes=1).
Domain: [0 0]..[1 1].
Size per level: 16 

[primary coarsen] patch=15 cells=1 THBsize=16
1 1 1 1 1 1 1 1 1 1 1 1 1 1 1 1
creating the index mapping
thbToBellsMapping[patch].size(): 16
thbToBellsMapping[patch].size(): 16
thbToBellsMapping[patch].size(): 16
thbToBellsMapping[patch].size(): 16
thbToBellsMapping[patch].size(): 16
thbToBellsMapping[patch].size(): 16
thbToBellsMapping[patch].size(): 16
thbToBellsMapping[patch].size(): 16
thbToBellsMapping[patch].size(): 16
thbToBellsMapping[patch].size(): 16
thbToBellsMapping[patch].size(): 16
thbToBellsMapping[patch].size(): 16
thbToBellsMapping[patch].size(): 16
thbToBellsMapping[patch].size(): 16
thbToBellsMapping[patch].size(): 16
thbToBellsMapping[patch].size(): 16
[mapPrev] newSize=236 carried=0 new(zero)=236
[mpbes-init] vectSol assigned from prevSol patch=15 levNow=0 attempt=0 rows=236 cols=2 nonZeroRows=0
[fitting-mode] attempt context: mode=globalFitting patch=15 levNow=0 attempt=0
[local-region] attempt context: patch=15 levNow=0 attempt=0 lambda=0 basisSelected=0/0 uvBefore=1936 uvAfter=1936
[assemble] custom-point layout per patch:
  patch=0 uv.cols=121
  patch=1 uv.cols=121
  patch=2 uv.cols=121
  patch=3 uv.cols=121
  patch=4 uv.cols=121
  patch=5 uv.cols=121
  patch=6 uv.cols=121
  patch=7 uv.cols=121
  patch=8 uv.cols=121
  patch=9 uv.cols=121
  patch=10 uv.cols=121
  patch=11 uv.cols=121
  patch=12 uv.cols=121
  patch=13 uv.cols=121
  patch=14 uv.cols=121
  patch=15 uv.cols=121
[assemble] resize A_mat(1936,236), b_vec(1936,2)
[assemble] after resize: A_mat.rows=1936 cols=236 b_vec.rows=1936 cols=2
[assemble] mode=global A cols=236
[fit-solve] matA sparse rows=1936 cols=236 nonZeros=23104
[fit-solve] matA nonFiniteEntries=0
[fit-solve] column mapping source=identity/global
[fit-solve] dynamic column reduction: selected=236 / 236
[fit-solve] matA rows=1936 cols=236
[fit-solve] informative column reduction: selected=236 / 236
[fit-solve] matA_solve rows=1936 cols=236
[fit-solve] dropped active/global columns by informative reduction begin
[fit-solve] dropped active/global columns by informative reduction end
[fit-solve] vectB(before At*b) rows=1936 cols=2
[fit-solve] vectB(before At*b) nonFiniteEntries=0
[fit-solve] sparse AtA: 236x236 nnz=4026
fit took: 0.0905405
[fit-solve] vectSol(after solve) rows=236 cols=2
[fit-solve] vectSol merge: seededFromOriginal=1 overwrittenRows=236 basisMaskApplied=0
[fit-solve] vectSol(after solve) nonFiniteEntries=0
Solve finished. vectSol.rows()=236, cols=2
matCbefore
3.41061e-13
matCafter
0.682024
Total irregular points: 0
jack took: 0.0164915 (pts/patch=20^2=400)
Irregular points: 0 / 6400 (0%)
minusnumber: 0
[assemble] custom-point layout per patch:
  patch=0 uv.cols=20
  patch=1 uv.cols=0
  patch=2 uv.cols=10
  patch=3 uv.cols=10
  patch=4 uv.cols=30
  patch=5 uv.cols=10
  patch=6 uv.cols=0
  patch=7 uv.cols=10
  patch=8 uv.cols=10
  patch=9 uv.cols=20
  patch=10 uv.cols=20
  patch=11 uv.cols=0
  patch=12 uv.cols=10
  patch=13 uv.cols=10
  patch=14 uv.cols=0
  patch=15 uv.cols=0
[assemble] resize A_mat(160,236), b_vec(160,2)
[assemble] after resize: A_mat.rows=160 cols=236 b_vec.rows=160 cols=2
Global fitting error stats: max=0.701062, rms=0.151398, samples=1936, maxAtPatch=14, maxAtLocalPoint=115
Global fitting max sample: uv=(0.5,1), xFit=(-42.4416,0.0858528), target=(-41.7406,0.0795681)
globalError: 0.701062
featureError: 0.0485709
assemblyBoundaryError: 0.0485709
minusnumber: 0
Feature conditions are violated
FIT regular but error/feature tolerance not met (globalError=0.701062, featureError=0.0485709). Withdrawing candidate.
Escape time: 2026-07-25 10:35:18 (+20.2292s, 20.2127s without jacobian checks)
nonCheckedCells.size() has become: 0
Saving after-iter1 mesh: tv_approximation_fine_L3_output_mesh_after_iter1_lev0
[timing] Phase breakdown (wall=21.0566 s):
  Preflight total                 : 1.76983 s (8.40511%)
    mesh write (generateOriginalGeometryMesh) : 1.05699 s (5.01977%)
    Jacobian check (computeMirroredCheckFromMp): 0.712837 s (3.38534%)
  One-time init (before loop)     : 0.570612 s (2.7099%)
  Grenda preflight (all patches)  : 1.67139 s (7.93758%)
  Cell selection (winning patch)  : 0.179284 s (0.851438%)
  THB rebuild + outfile<<THB      : 0.185861 s (0.882672%)
  MPBES build total               : 0.958007 s (4.54967%)
    orient                        : 0 s (0%)
    createIndexMapping            : 0.0222464 s (0.10565%)
    MPBES constructor             : 0.935735 s (4.4439%)
  MPBES extract + vectSol init    : 0.0089982 s (0.0427334%)
  Local setup (region + AU select) : 0.0015639 s (0.00742712%)
  Assembly  assemble()            : 6.167 s (29.2877%)
  Pre-solve (col map + defect corr): 0.0043429 s (0.0206249%)
  AtA formation + LDLT solve      : 0.0685137 s (0.325379%)
  Post-solve (scatter/merge/resid) : 0.0070917 s (0.0336792%)
  LO  nonLinearOptimization       : 0 s (0%)
  NLO nonLinearOptimization       : 0 s (0%)
  MPBES copy on accept            : 0.0090798 s (0.0431209%)
  checkJacobianDeterminant        : 3.93683 s (18.6964%)
  Post-jack (log+flush+A-alloc)   : 0.0497785 s (0.236403%)
  testBoundaryAssembly            : 0.562634 s (2.67201%)
  target geometry construction    : 0.607511 s (2.88513%)
  globalFittingError              : 1.45643 s (6.91673%)
  Post-accept (log+flush)         : 0.0520026 s (0.246966%)
  GAP A (Grenda?cell-sel)         : 0.0649802 s (0.308598%)
  Bookkeeping (accept/reject path): 0.135278 s (0.642449%)
  Other (unaccounted)             : 2.58959 s (12.2982%)
FINISHED took: 21.1209
accepted mpbes.size(): 751
Successful attempts: 13 / 13

Visualization written to: tv_approximation_fine_L3_output_mesh_final.txt
Python script execution skipped (final visualization path).
