$MeshFormat
4.1 0 8
$EndMeshFormat
$Entities
8 12 6 1
1 -0.2355732204961195 -0.6507706642412737 0.1176997385695145 0 
2 -0.2355732204961195 -0.2629229680442041 -0.5819960271420022 0 
3 -0.4694705842743089 0.01835172423584737 0.4886003350320787 0 
4 -0.4694705842743089 0.406199420432917 -0.2110954306794379 0 
5 0.5294705842743089 -0.446199420432917 0.2310954306794379 0 
6 0.5294705842743089 -0.05835172423584738 -0.4686003350320787 0 
7 0.2955732204961196 0.2229229680442041 0.6019960271420022 0 
8 0.2955732204961196 0.6107706642412737 -0.09769973856951449 0 
1 -0.2355733204961195 -0.6507707642412738 -0.5819961271420021 -0.2355731204961195 -0.2629228680442041 0.1176998385695146 0 2 2 -1 
2 -0.469470684274309 -0.6507707642412737 0.1176996385695145 -0.2355731204961195 0.01835182423584752 0.4886004350320787 0 2 1 -3 
3 -0.4694706842743089 0.0183516242358473 -0.2110955306794379 -0.4694704842743089 0.406199520432917 0.4886004350320788 0 2 4 -3 
4 -0.469470684274309 -0.2629230680442041 -0.5819961271420021 -0.2355731204961195 0.4061995204329172 -0.2110953306794379 0 2 2 -4 
5 0.529470484274309 -0.4461995204329171 -0.4686004350320787 0.5294706842743089 -0.05835162423584739 0.231095530679438 0 2 6 -5 
6 0.2955731204961194 -0.4461995204329171 0.2310953306794379 0.5294706842743089 0.2229230680442042 0.6019961271420021 0 2 5 -7 
7 0.2955731204961196 0.222922868044204 -0.09769983856951447 0.2955733204961196 0.6107707642412736 0.6019961271420021 0 2 8 -7 
8 0.2955731204961194 -0.05835182423584739 -0.4686004350320787 0.5294706842743089 0.6107707642412739 -0.09769963856951447 0 2 6 -8 
9 -0.2355733204961195 -0.2629230680442041 -0.5819961271420021 0.5294706842743089 -0.05835162423584733 -0.4686002350320788 0 2 2 -6 
10 -0.2355733204961195 -0.6507707642412737 0.1176996385695145 0.5294706842743089 -0.446199320432917 0.2310955306794379 0 2 1 -5 
11 -0.4694706842743089 0.406199320432917 -0.2110955306794379 0.2955733204961196 0.6107707642412737 -0.09769963856951448 0 2 4 -8 
12 -0.4694706842743089 0.01835162423584738 0.4886002350320787 0.2955733204961196 0.2229230680442041 0.601996127142002 0 2 3 -7 
1 -0.469470684274309 -0.6507707642412739 -0.5819961271420021 -0.2355731204961195 0.4061995204329172 0.4886004350320788 0 4 -1 4 3 -2 
2 0.2955731204961194 -0.4461995204329172 -0.4686004350320787 0.5294706842743089 0.6107707642412739 0.601996127142002 0 4 -5 8 7 -6 
3 -0.2355733204961195 -0.6507707642412738 -0.5819961271420021 0.5294706842743089 -0.05835162423584733 0.231095530679438 0 4 -9 1 10 -5 
4 -0.4694706842743089 0.0183516242358473 -0.2110955306794379 0.2955733204961196 0.6107707642412737 0.6019961271420021 0 4 -11 3 12 -7 
5 -0.469470684274309 -0.2629230680442041 -0.5819961271420021 0.5294706842743089 0.6107707642412739 -0.09769963856951447 0 4 -4 9 8 -11 
6 -0.469470684274309 -0.6507707642412737 0.1176996385695145 0.5294706842743089 0.2229230680442042 0.6019961271420021 0 4 -2 10 6 -12 
1 -0.469470684274309 -0.6507707642412739 -0.5819961271420021 0.5294706842743089 0.6107707642412739 0.6019961271420021 0 6 -1 2 -3 4 -5 6 
$EndEntities
$Nodes
27 713 1 713
0 1 0 1
1
-0.2355732204961195 -0.6507706642412737 0.1176997385695145
0 2 0 1
2
-0.2355732204961195 -0.2629229680442041 -0.5819960271420022
0 3 0 1
3
-0.4694705842743089 0.01835172423584737 0.4886003350320787
0 4 0 1
4
-0.4694705842743089 0.406199420432917 -0.2110954306794379
0 5 0 1
5
0.5294705842743089 -0.446199420432917 0.2310954306794379
0 6 0 1
6
0.5294705842743089 -0.05835172423584738 -0.4686003350320787
0 7 0 1
7
0.2955732204961196 0.2229229680442041 0.6019960271420022
0 8 0 1
8
0.2955732204961196 0.6107706642412737 -0.09769973856951449
1 1 0 7
9
10
11
12
13
14
15
-0.2355732204961195 -0.3114039300688378 -0.4945340564280625
-0.2355732204961195 -0.3598848920934716 -0.4070720857141228
-0.2355732204961195 -0.4083658541181054 -0.319610115000183
-0.2355732204961195 -0.4568468161427392 -0.2321481442862433
-0.2355732204961195 -0.505327778167373 -0.1446861735723037
-0.2355732204961195 -0.5538087401920065 -0.05722420285836427
-0.2355732204961195 -0.6022897022166402 0.03023776785557519
1 2 0 7
16
17
18
19
20
21
22
-0.2648103909683933 -0.5671303656816336 0.164062313127335
-0.294047561440667 -0.4834900671219933 0.2104248876851556
-0.3232847319129407 -0.399849768562353 0.2567874622429762
-0.3525219023852144 -0.3162094700027127 0.3031500368007969
-0.3817590728574881 -0.2325691714430724 0.3495126113586174
-0.4109962433297618 -0.1489288728834325 0.3958751859164379
-0.4402334138020354 -0.06528857432379243 0.4422377604742583
1 3 0 7
23
24
25
26
27
28
29
-0.4694705842743089 0.3577184584082833 -0.1236334599654982
-0.4694705842743089 0.3092374963836495 -0.03617148925155853
-0.4694705842743089 0.2607565343590157 0.05129048146238124
-0.4694705842743089 0.2122755723343819 0.138752452176321
-0.4694705842743089 0.1637946103097481 0.2262144228902606
-0.4694705842743089 0.1153136482851145 0.3136763936042
-0.4694705842743089 0.06683268626048089 0.4011383643181395
1 4 0 7
30
31
32
33
34
35
36
-0.2648103909683933 -0.1792826694845638 -0.5356334525841816
-0.294047561440667 -0.09564237092492359 -0.489270878026361
-0.3232847319129407 -0.01200207236528333 -0.4429083034685404
-0.3525219023852144 0.071638226194357 -0.3965457289107198
-0.3817590728574881 0.1552785247539972 -0.3501831543528992
-0.4109962433297618 0.2389188233136372 -0.3038205797950788
-0.4402334138020354 0.3225591218732772 -0.2574580052372583
1 5 0 7
37
38
39
40
41
42
43
0.5294705842743089 -0.1068326862604811 -0.3811383643181391
0.5294705842743089 -0.1553136482851149 -0.2936763936041994
0.5294705842743089 -0.2037946103097487 -0.2062144228902596
0.5294705842743089 -0.2522755723343825 -0.1187524521763199
0.5294705842743089 -0.3007565343590163 -0.03129048146238023
0.5294705842743089 -0.3492374963836499 0.05617148925155918
0.5294705842743089 -0.3977184584082835 0.1436334599654986
1 6 0 7
44
45
46
47
48
49
50
0.5002334138020352 -0.3625591218732768 0.2774580052372584
0.4709962433297615 -0.2789188233136366 0.3238205797950791
0.4417590728574878 -0.1952785247539963 0.3701831543528996
0.412521902385214 -0.111638226194356 0.4165457289107203
0.3832847319129403 -0.02799792763471576 0.4629083034685408
0.3540475614406667 0.05564237092492419 0.5092708780263613
0.324810390968393 0.1392826694845642 0.5556334525841817
1 7 0 7
51
52
53
54
55
56
57
0.2955732204961196 0.56228970221664 -0.01023776785557483
0.2955732204961196 0.5138087401920062 0.07722420285836486
0.2955732204961196 0.4653277781673724 0.1646861735723046
0.2955732204961196 0.4168468161427386 0.2521481442862444
0.2955732204961196 0.3683658541181048 0.339610115000184
0.2955732204961196 0.3198848920934712 0.4270720857141234
0.2955732204961196 0.2714039300688376 0.5145340564280628
1 8 0 7
58
59
60
61
62
63
64
0.5002334138020352 0.02528857432379285 -0.4222377604742582
0.4709962433297615 0.1089288728834331 -0.3758751859164375
0.4417590728574878 0.1925691714430733 -0.329512611358617
0.412521902385214 0.2762094700027137 -0.2831500368007963
0.3832847319129403 0.3598497685623539 -0.2367874622429758
0.3540475614406667 0.4434900671219938 -0.1904248876851553
0.324810390968393 0.527130365681634 -0.1440623131273349
1 9 0 7
65
66
67
68
69
70
71
-0.1399427448998158 -0.2373515625681594 -0.5678215656282617
-0.04431226930351206 -0.2117801570921148 -0.5536471041145212
0.05131820629279146 -0.1862087516160702 -0.5394726426007809
0.1469486818890949 -0.1606373461400256 -0.5252981810870404
0.2425791574853986 -0.135065940663981 -0.5111237195732999
0.338209633081702 -0.1094945351879364 -0.4969492580595596
0.4338401086780055 -0.08392312971189189 -0.4827747965458192
1 10 0 7
72
73
74
75
76
77
78
-0.1399427448998158 -0.6251992587652291 0.1318742000832549
-0.04431226930351206 -0.5996278532891844 0.1460486615969954
0.05131820629279146 -0.5740564478131398 0.1602231231107358
0.1469486818890949 -0.5484850423370953 0.1743975846244762
0.2425791574853986 -0.5229136368610506 0.1885720461382167
0.338209633081702 -0.4973422313850061 0.2027465076519571
0.4338401086780055 -0.4717708259089616 0.2169209691656974
1 11 0 7
79
80
81
82
83
84
85
-0.3738401086780052 0.4317708259089617 -0.1969209691656974
-0.2782096330817014 0.4573422313850063 -0.182746507651957
-0.1825791574853979 0.4829136368610509 -0.1685720461382166
-0.08694868188909444 0.5084850423370955 -0.1543975846244761
0.008681793707209284 0.5340564478131401 -0.1402231231107357
0.1043122693035127 0.5596278532891846 -0.1260486615969953
0.1999427448998161 0.5851992587652292 -0.1118742000832549
1 12 0 7
86
87
88
89
90
91
92
-0.3738401086780052 0.04392312971189201 0.5027747965458191
-0.2782096330817014 0.06949453518793665 0.5169492580595596
-0.1825791574853979 0.09506594066398123 0.5311237195733001
-0.08694868188909444 0.1206373461400258 0.5452981810870404
0.008681793707209284 0.1462087516160704 0.5594726426007809
0.1043122693035127 0.171780157092115 0.5736471041145212
0.1999427448998161 0.1973515625681596 0.5878215656282617
2 1 0 66
93
94
95
96
97
98
99
100
101
102
103
104
105
106
107
108
109
110
111
112
113
114
115
116
117
118
119
120
121
122
123
124
125
126
127
128
129
130
131
132
133
134
135
136
137
138
139
140
141
142
143
144
145
146
147
148
149
150
151
152
153
154
155
156
157
158
-0.259244786365984 -0.3648878519547935 -0.2383421614683103
-0.4441504519105438 0.1640814300139358 0.05487029946742839
-0.3358011180821826 -0.3204399526255992 0.1979723432928098
-0.334798422664799 -0.01704277066769572 -0.356135521204461
-0.4441504519105438 0.06711950596466826 0.2297942408953076
-0.3989132708446008 0.1608991352894654 -0.2445892170097101
-0.2600139012545211 -0.4595289602699165 -0.0624161147828709
-0.3989132708446007 -0.1400419641140236 0.2983228978380681
-0.2602405131751334 -0.2669524080177928 -0.408304534764197
-0.2792908265097403 -0.478865241834903 0.1025225972960264
-0.4447133656418558 0.2624482789963491 -0.1187903980129594
-0.4447133656418559 0.02045433235156174 0.3177782382208423
-0.4164101566912881 -0.04401243840314339 0.2431268380869583
-0.4184269590708635 0.01651589030710005 0.1475375513841826
-0.3935101871830133 -0.07774974070085799 0.1494919061914624
-0.3934429604370275 -0.02967035756574465 0.06230084601048391
-0.3681788503615837 -0.1260108128362246 0.06565490523806317
-0.3681769829519731 -0.07754100578074394 -0.021799540183294
-0.3428658764013262 -0.174162194441583 -0.01825609442572818
-0.3428670694685776 -0.125674105631101 -0.1057228729654839
-0.3681874006768848 -0.02899781348837938 -0.1093034922748336
-0.3181635667424282 -0.222346001954397 -0.09798864303945642
-0.3155592611749244 -0.1828273289507439 -0.186852617875403
-0.3176514118578098 -0.2708194635855031 -0.01399554560521743
-0.2950236456074664 -0.3125219191736219 -0.09142449385470747
-0.3679859176713551 -0.1733631962675167 0.1497792122459995
-0.2942601163083368 -0.3613549178110662 -0.00847871580013837
-0.3198485609466215 -0.3193805128916074 0.08843435573955039
-0.4440832251645579 0.1151988890997817 0.1426031807143293
-0.367599620035363 -0.223431402163558 0.2374984223598231
-0.3079903705187081 -0.4008113116584736 0.1553360565381011
-0.4442442708657625 0.2127965461940939 -0.03238113058859604
-0.4188459560393151 0.115926313386077 -0.02897676313181141
-0.2605097851634428 -0.3131005431774477 -0.3232344047089047
-0.2843921841662171 -0.2205905211973835 -0.3290001339787474
-0.2829523898237152 -0.1720416237499656 -0.4262984869666354
-0.3115336175874154 -0.1183405410828645 -0.3303495690153245
-0.2852027854137064 -0.2678732249938717 -0.238231015705516
-0.3428699224554826 -0.2226189873663849 0.06918957148761629
-0.3436144641636245 -0.07868980704686585 -0.1854423627580351
-0.3681114330085958 0.01701398541214177 -0.1928235039146601
-0.2595527675226399 -0.4124804330514099 -0.1504050238105221
-0.3674743085953427 0.06548469397948314 -0.2845654478240998
-0.393498967805832 0.01913610126551796 -0.02537047300955597
-0.4187414200713566 0.06686471108444464 0.05882744023917619
-0.4164257931838246 0.1650171432041611 -0.1338670150742609
-0.3935101871830134 0.06769314537304388 -0.1128940059503568
-0.4258772099754782 -0.06602825639461868 0.3467155504614003
-0.4258790714626849 0.241164367668264 -0.2074620545672338
-0.2573082847482224 -0.5141820084830597 0.01792668074256076
-0.2955624198529728 -0.3993920403694808 0.06892828765914061
-0.3411285991761367 -0.04283107955968585 -0.2669045410800822
-0.346821027838201 -0.2518468102629333 0.1485747810251599
-0.3093233446859074 -0.08301387575814659 -0.4089925517362645
-0.3901328578632656 -0.1276349305947332 0.2167014300248343
-0.3897125055207359 0.09723502254572186 -0.1918106845239076
-0.3226956321452223 -0.1235614201380933 -0.2456243768184695
-0.2974442540779038 -0.2667112991623872 -0.1577379830299215
-0.4480674900190523 -0.007386696468189735 0.3906339685933495
-0.2569763147513765 -0.5540511887335379 0.08761289242283465
-0.4480674900190522 0.3094799449251815 -0.1810085845327574
-0.2569763147513764 -0.2371845473401666 -0.4840296607032722
-0.2769324569891111 -0.387118143062898 -0.07890470139509864
-0.2772616014701177 -0.338448997936958 -0.164485532790591
-0.3032382739622153 -0.1862042463519386 -0.2638861857314952
-0.2764222249814575 -0.4365482176513538 0.006827144522163375
2 2 0 67
159
160
161
162
163
164
165
166
167
168
169
170
171
172
173
174
175
176
177
178
179
180
181
182
183
184
185
186
187
188
189
190
191
192
193
194
195
196
197
198
199
200
201
202
203
204
205
206
207
208
209
210
211
212
213
214
215
216
217
218
219
220
221
222
223
224
225
0.5047653784014312 -0.1555935022660713 -0.1264935454478973
0.3208933528598847 0.3686526738222921 0.1682659915773518
0.4280963112582214 -0.1127868377774954 0.3135424145544933
0.4313090081277812 0.175945053640933 -0.2290187255250543
0.3686661466768035 0.05580796635834546 0.4103453022441291
0.3661305339258278 0.3654703790978215 -0.1311935248997868
0.5050299035159074 -0.2549577164615598 0.05097957732705288
0.3199086021965701 0.2773361599386631 0.3396491354871793
0.504803291595295 -0.06238116420943615 -0.2949088426542736
0.4857529782606881 -0.2742939980265461 0.2159182894059505
0.3203304391285727 0.4670195228047057 -0.005394705903035979
0.3207292277493323 0.3211126134919316 0.2551378293716163
0.3461861310385579 0.2721343864262575 0.1717474540957868
0.3462089261928015 0.3204846676600194 0.08436744628735732
0.3715282987180919 0.2238139193413017 0.0879445321955547
0.3713532442120298 0.1763365153998248 0.1747770719441967
0.396822801243729 0.1272857465537232 0.09143219482502124
0.3968477053550515 0.1756239374907472 0.004059770042700805
0.4221677167643491 0.0789495265573157 0.007639153140421684
0.4221676966052709 0.03046868010129079 0.09510105136980712
0.4458433896414316 -0.01303298241324664 0.01384793759455777
0.4469195722281629 0.03336533432094548 -0.07711749498738912
0.4472178795542184 -0.06544798536592854 0.09913387020632586
0.4209460056648979 -0.01138980188758963 0.1788581027440753
0.4728141470424762 -0.1144360281989225 0.01482095817975865
0.4441385924754877 -0.1115381323491022 0.2030576434915295
0.3720205936015955 0.2694726374788706 0.002252670978968696
0.3971361749258047 0.2213806394242675 -0.08043371561626206
0.348702564791045 0.3691542733850219 -0.02025861418280434
0.4565886331270102 -0.1953021273207121 0.2701755209566987
0.3980626210885556 -0.02879627162468272 0.3646469486405923
0.3838671787992585 0.05036667195338336 0.3176052440340202
0.3539407810289597 0.1350932154966587 0.3666581728846145
0.3212136206607572 0.4174079426719029 0.07814841570158976
0.5041504519105436 -0.1071195059646683 -0.2097942408953068
0.4795540526517911 -0.01106120594125756 -0.217144106007722
0.4819346195249389 0.03323791597950086 -0.3131227468765546
0.4573443081311942 0.07677179516138012 -0.2257571213154281
0.4768616896987774 -0.04966287162453691 -0.1293403616675251
0.3395128354883282 0.1383322551040755 0.4581554405244972
0.5029477997314795 -0.1997310717756427 -0.03460465090083209
0.3977505574873894 0.2683719364598448 -0.1693532986058967
0.3968657648217064 0.08173529718235349 0.1733175194965017
0.4200270147499033 0.131934776488824 -0.07350614873801498
0.472814147042476 -0.1629169902235555 0.1022829288936984
0.3449656673968065 0.2306501374850599 0.2548210909963319
0.5077355200222059 -0.3096107646747027 0.1313223728524844
0.3223266696037747 0.2226175843250853 0.4220501456969349
0.3391747991654152 0.4456839312828713 -0.0940410399833182
0.3703497809392089 0.1316232747256402 0.2622119333143755
0.412521902385214 -0.03213616629164111 0.2731202162037732
0.4695831861389265 -0.1952056443525824 0.182331443875993
0.4167827039103139 0.1808153885312878 -0.1398007985186765
0.4563776580936247 0.1182729356062917 -0.2941054875844407
0.3763480849463325 0.2987699731691652 -0.07979729646515626
0.4836216457053489 -0.1102586802507991 -0.06562985077883832
0.458967125603899 0.03306295123422676 -0.1578529005239291
0.3169763147513762 0.5140511887335383 -0.06761289242283391
0.5080674900190519 -0.3494799449251812 0.2010085845327581
0.508067490019052 -0.03261330353180995 -0.3706339685933489
0.3169763147513763 0.1971845473401668 0.5040296607032722
0.3994207908147926 0.03487214734679796 0.2406229514894603
0.4884727242858994 -0.1859212597808109 0.03814040866180896
0.4645579914963341 -0.04704881123278838 -0.05104720665765156
0.4886215797889704 -0.2319769738429955 0.1202228366320878
0.3411327487948305 0.2041426540736088 0.3285013104727636
0.4385582887918757 0.1053158832295995 -0.1505088649347487
2 3 0 67
226
227
228
229
230
231
232
233
234
235
236
237
238
239
240
241
242
243
244
245
246
247
248
249
250
251
252
253
254
255
256
257
258
259
260
261
262
263
264
265
266
267
268
269
270
271
272
273
274
275
276
277
278
279
280
281
282
283
284
285
286
287
288
289
290
291
292
0.09225746076841493 -0.5195058326305753 0.08762832417064081
-0.1581470172870535 -0.4119027171217905 -0.2644029267832081
0.4466521630319222 -0.2501805780747927 -0.1747588812891538
0.09913344409094324 -0.2154087935912893 -0.4566411233405884
0.2986880108895411 -0.4644569388445606 0.11849674091811
-0.155631355839967 -0.5080713894764574 -0.08932362267156158
0.2896128057221835 -0.1642462113658548 -0.4288207547060475
0.4466521630319222 -0.3471425021240601 0.0001650601387253037
-0.08389229174846544 -0.2688043056124813 -0.4757327738969846
0.4378649424859 -0.1597432764171027 -0.3434534900603931
-0.09257937439260991 -0.5656941978682217 0.05439252103856351
0.448493370883965 -0.3949256969666782 0.0875293281770253
0.3559177457764969 -0.4031785459250935 0.04403781371248305
0.3625144091206961 -0.3466558538704685 -0.05377183364533311
0.2810153205471492 -0.391433475629514 -0.02438582737300332
0.2807954317690093 -0.3432205712725467 -0.1115028755321466
0.1981602511750727 -0.3893831576478685 -0.08033476939337114
0.1981541431534579 -0.3409096416695588 -0.167787158925233
0.1153652440155436 -0.387259620210703 -0.1363779263708362
0.1146614021005215 -0.3395846086104142 -0.2228297808755684
0.1973625163570707 -0.2960004451607067 -0.2493047098316639
0.03444967240810334 -0.3865164868040517 -0.1887455587576493
0.02525354664643339 -0.3478677735561934 -0.2642689446992216
0.0328727870768695 -0.4338601427176574 -0.1043297581339507
-0.04113602481970727 -0.4306171041606157 -0.1568517974349647
0.1975291967800475 -0.43635235120202 0.004001943231889404
-0.04362009849916831 -0.4779183768161627 -0.07308454942147624
0.04007575114662107 -0.4867662200998875 -0.004342334215099664
0.115378478062376 -0.4357244491349681 -0.04893671488473128
0.1962656741458481 -0.4856533188270343 0.09214644046396459
0.447957349616257 -0.2044784812368863 -0.2563845696326715
0.367393159498516 -0.2505895675827285 -0.224003363826893
0.1946336547603523 -0.1898340929030205 -0.4425547542256713
0.1489267324676861 -0.241235061414349 -0.3786486553524639
0.05776193822061357 -0.2639769212619345 -0.3951116039763798
0.2417658409806391 -0.215778741769492 -0.3660268656364537
0.3359132174511013 -0.1893640713066903 -0.3543089665184174
-0.1541047532029372 -0.362737097202438 -0.3505509201355198
-0.0711442453106052 -0.365884774013661 -0.2925557987338564
-0.08012118723276968 -0.3175196937038491 -0.3854697531325564
-0.157139656314362 -0.4601069895882873 -0.1768048551884401
0.01074676125940571 -0.2376348305080663 -0.4722827083220961
0.001292217808967655 -0.5446418061029161 0.07561031190627698
0.4464322742537824 -0.2989295977670928 -0.08695198802041826
0.3641337930368459 -0.2973412866913127 -0.1417164518524711
0.2815421420349613 -0.2952640057588714 -0.1975479194100387
-0.1580882212597134 -0.3166529304441835 -0.4362010126735676
-0.1644810286742077 -0.5573507249434076 -0.006002129531008205
0.382484154134122 -0.1365555072760971 -0.4202095701045997
0.3868830818004186 -0.443997185670393 0.1372039517959273
0.2855989825501575 -0.2449362891674142 -0.2857831984649369
0.1090605266413444 -0.2947246176885063 -0.3072913713293393
-0.03935873022979408 -0.5185400703968587 0.002886230096641129
0.1283013121806615 -0.4728004343788971 0.02609953175333268
0.2699685740981699 -0.43461084215989 0.04654190366630295
-0.03097334745740915 -0.3904186387272757 -0.2229629603550722
0.004213686494846658 -0.3116006390164421 -0.3429647456457792
0.459464217385839 -0.4294284610604776 0.1566923983887454
-0.1655668536076495 -0.596560568810015 0.06404955827479741
-0.1655668536076496 -0.2796939274166436 -0.5075929948513094
0.4594642173858391 -0.1125618196671062 -0.4149501547373614
0.1947639196872466 -0.2578040020740553 -0.3198516444810564
-0.1002964948162093 -0.4692667777067475 -0.1244337209485285
-0.09895505724733214 -0.4212650404460768 -0.2101852098358967
-0.1019621472127809 -0.517679751097105 -0.03814479882505961
-0.01692119397825129 -0.2797714947653481 -0.4137141218969121
0.3784453210831192 -0.2097783897259185 -0.2906589626078439
2 4 0 67
293
294
295
296
297
298
299
300
301
302
303
304
305
306
307
308
309
310
311
312
313
314
315
316
317
318
319
320
321
322
323
324
325
326
327
328
329
330
331
332
333
334
335
336
337
338
339
340
341
342
343
344
345
346
347
348
349
350
351
352
353
354
355
356
357
358
359
-0.392044381065243 0.2572196713553305 0.1064976696793561
0.2127547992537328 0.4189418104023284 0.1961417151734104
-0.1378902779327134 0.150421573442391 0.459441219312178
-0.134763919687246 0.4537135948858318 -0.08574052687802414
0.05571544194399403 0.2005424366993102 0.4911124430000622
0.05091814039273146 0.5049975307794557 -0.06116436074376203
-0.3895287196181563 0.1610509990006637 0.2815769737910027
0.212754799253733 0.321979886353061 0.3710656566012896
-0.3177896555266547 0.4003180828646398 -0.1048321774344203
0.2145960071057755 0.5161906381552304 0.02186128840578802
-0.3264767381707993 0.1034281906088992 0.4252931175011279
0.2105572391813134 0.367943585020444 0.286759123687959
0.1273725579268566 0.3696190353871586 0.2312786008752267
0.130081237933517 0.4201979253386238 0.1417400159964039
0.04728696001149224 0.3736721443530307 0.1734630125868143
0.04602710366612439 0.3255981181188121 0.2593963609923306
-0.035854106116811 0.3280064609156182 0.2034156605197615
-0.03640564846906763 0.3730614608312352 0.1217864753759872
-0.1193697675844832 0.3288920260139057 0.1491514056839521
-0.1186863063011562 0.2815911937678318 0.2349153703290558
-0.1994956901109743 0.2824530136145042 0.182400586093963
-0.2086741179063736 0.3211215079356997 0.1068526748443436
-0.2010582742478867 0.2351915019999379 0.2666772130996769
-0.1146379851122822 0.2374741928878228 0.3170574993675538
-0.2713980688047303 0.2388349549288923 0.2157465631577924
-0.1904707108211165 0.1834338236819194 0.3667272665815522
-0.03913344409094266 0.1754087935912893 0.4766411233405889
0.008681793707208951 0.230180241042553 0.4079840655941367
0.1130928896907556 0.2632324353641421 0.4142000623136354
0.2127547992537325 0.4674227724269621 0.1086797444594708
0.1384915684014834 0.47196293182976 0.05365719550619885
0.2127547992537328 0.2734989243284274 0.4585276273152288
0.1245598326808517 0.3219837147608131 0.3154412331034321
-0.04006325927638071 0.4793085211854655 -0.07219485817982019
-0.08510388968692717 0.4278906979979996 -0.00783817562601849
-0.1761576352869799 0.4051460290377245 -0.02422602696983528
-0.3880021169811265 0.3063852912746832 0.02034967632704451
-0.3050459377708831 0.3032185991798558 0.07837637245456536
-0.3140192724579738 0.3515995255593379 -0.01456389421568244
-0.231369716616214 0.124579359397242 0.4471117964594702
-0.2231543041403509 0.4314876516061444 -0.1013846151022017
-0.3910370200925514 0.2090153988888337 0.1940957412741242
0.002116157286815412 0.4534891587449487 0.0009836917169800952
-0.03754462845689904 0.2820009223691354 0.2853457717314086
-0.2785353306276487 0.190403250934546 0.298618769411688
-0.3919856709244521 0.3524690807455645 -0.06529978972834735
-0.3983783924523971 0.1117716635337135 0.364898466931556
0.1451206488735308 0.5261687037318387 -0.03995217435951892
0.1506233483404493 0.2242285138420672 0.5082324602148742
0.04542361300989062 0.4257266419103575 0.07837914908169563
-0.12484674841523 0.374354277943683 0.0636814380513272
-0.08694868188909421 0.2001394060427413 0.4018726683800923
-0.2725424014453497 0.1506574524005245 0.3741013495182687
0.03581555830515448 0.2791181852926907 0.3368087739209689
-0.2641601729164843 0.2787086818068432 0.148376818172712
-0.2296949226019277 0.3574887123764857 0.02798835977066022
-0.3994642173858388 0.07256181966710612 0.4349501547373617
-0.3994642173858389 0.3894284610604775 -0.1366923983887451
0.2255668536076496 0.2396939274166435 0.5275929948513096
0.2255668536076497 0.5565605688100149 -0.04404955827479709
-0.04409687680392832 0.241127176832121 0.3549519812408311
-0.0392974015992622 0.4112106347065276 0.05113994629077673
-0.3345639818769683 0.1997117943004513 0.2464929201197412
-0.3326112034509581 0.2478677811527557 0.1608486814230096
-0.3358595109909702 0.1514426373800162 0.3327557976375047
-0.2508224228703764 0.3893472660751914 -0.04280941842317479
0.07552845999593649 0.4763844858718381 0.00597470040797704
2 5 0 67
360
361
362
363
364
365
366
367
368
369
370
371
372
373
374
375
376
377
378
379
380
381
382
383
384
385
386
387
388
389
390
391
392
393
394
395
396
397
398
399
400
401
402
403
404
405
406
407
408
409
410
411
412
413
414
415
416
417
418
419
420
421
422
423
424
425
426
-0.1153441366637221 0.418635044512585 -0.204202251691614
0.073813311727178 -0.1009884255452846 -0.492234244491988
0.3443220663789641 0.2122438339701664 -0.3186067678355707
-0.2560311459044484 0.04837879570124631 -0.4094386417646876
0.09099580971031193 0.4740933719437196 -0.1734611988181047
-0.3163630827031387 0.2182669676907704 -0.3152680902961296
0.2644306346169295 -0.05044928310871699 -0.4642199403867378
0.2858477254344169 0.3795244310894469 -0.2258816187199296
-0.1118989470378936 -0.1422436794705798 -0.5151024051627615
-0.2982290618970596 0.3636260993067917 -0.2346942079300546
0.3914914287755975 0.04981623259686369 -0.4086418574825547
0.2585756515022052 0.4633026502601519 -0.1794425935190139
0.1759516210067398 0.410079060162187 -0.2089449112611279
0.2155713731033081 0.3173721228145077 -0.2603332057654112
0.1202108829496436 0.3352334575839932 -0.2504325062316574
0.1491019673677739 0.2518953803172876 -0.2966275567912625
0.05195336593436969 0.2713181917669354 -0.2858613166000622
0.08118092290513887 0.1876862882432099 -0.332219237713488
-0.01620961831611528 0.2073203747633817 -0.32133588583835
0.01195117019678144 0.1245576149639902 -0.3672120327183641
0.1076001163604538 0.1096311959678143 -0.375485881873721
-0.07918274711343473 0.1449307377719835 -0.3559190263395345
-0.05515145459683365 0.05969625092671238 -0.4031652738938003
-0.1127616207576445 0.2272455776343449 -0.3102911655349424
-0.1818256315476302 0.1630112120134458 -0.3458968558129333
0.02309859852512572 0.3518904969820879 -0.241199358522888
-0.2066358078713474 0.2471932944766499 -0.299233965533436
-0.1396047719249219 0.3239784069848544 -0.256671282653319
-0.04542595953512979 0.2909424840785399 -0.2749833937433849
0.3729781148294941 0.1343488012139183 -0.361784689555569
0.2775975970894654 0.1551919327717055 -0.3502311530724668
0.2467271872900655 0.2334233771446977 -0.3068667553482933
0.1693365159396723 -0.07551763148849361 -0.4781155527986194
0.100002095480888 -0.02014715831327094 -0.4474231983343707
0.009823572408144965 -0.04734592656633763 -0.4624997217654118
-0.2068274009333199 0.39569446352493 -0.2169184233786564
-0.007692857583017243 0.4360247329013333 -0.1945629900157877
0.3147124977508181 0.296437167263981 -0.2719376411188296
0.1932219311981015 0.003588674794993696 -0.4342662111986873
0.2881170134705479 0.02662450142617284 -0.421497243989328
-0.2258477254344171 -0.0316767348923763 -0.4538141469915866
-0.1494282838027285 0.02850562692949982 -0.4204545190959151
-0.1361289949356884 -0.05650889789153868 -0.4675788397091729
-0.01372401903465645 -0.1270526405181582 -0.5066818747704627
-0.2798396585678558 0.1350860028296147 -0.3613760520272429
0.1786540944655356 0.1696996391797008 -0.3421894000946956
-0.2025604616988591 -0.1139266062964438 -0.4994059951916875
-0.3535043128370348 0.2968357158086339 -0.2717167220530851
0.1773072437138426 0.5030651828396735 -0.1574018618014995
0.3590249902922273 -0.03054475969081322 -0.4531866828913401
0.2124034146246035 0.08583324953768162 -0.3886772989859316
0.03356025334428966 0.03718314821689167 -0.4156444905021398
-0.2256879989572559 0.3208891013208227 -0.2583837127455961
-0.05699382543633305 0.3642942330918801 -0.2343238553253988
0.08490675960015057 0.4016739221499283 -0.2136039553400326
-0.1960692846388666 0.09312070674279943 -0.3846377954950601
-0.05973548264624387 -0.008703116867222527 -0.4410796625756254
0.4380611231305823 -0.01584234415937025 -0.4450370008840415
-0.378061123130582 0.3636900403564405 -0.2346587648274749
-0.1869699478629065 -0.1829744519089077 -0.5376798409979896
0.2469699478629064 0.5308221481059781 -0.1420159247135268
0.1284555025256825 0.04184030417103135 -0.413062986802733
-0.248907811222155 0.1953900920289733 -0.3279489495444233
-0.1288753867786223 0.09504411231731391 -0.383571634375492
-0.2771429521596309 0.273953242310887 -0.2844006842325144
-0.0614120162919973 -0.07443141777176021 -0.4775134547036219
0.3114793478803334 0.09283756443519453 -0.3847947438390147
2 6 0 66
427
428
429
430
431
432
433
434
435
436
437
438
439
440
441
442
443
444
445
446
447
448
449
450
451
452
453
454
455
456
457
458
459
460
461
462
463
464
465
466
467
468
469
470
471
472
473
474
475
476
477
478
479
480
481
482
483
484
485
486
487
488
489
490
491
492
0.06596169442236302 -0.4878836994531015 0.2079894575152668
-0.1153441366637227 0.030787348315514 0.4954935140199019
0.3443220663789641 -0.1756038622269033 0.3810889978759459
-0.2550848959066908 -0.3358841325298056 0.2922441932777506
0.09099580971031132 0.08624567574664943 0.5262345668934116
-0.3163630827031389 -0.1695807285062994 0.384427675415387
0.2724828482905811 -0.4329437617522305 0.2384431622691109
0.2858477254344164 -0.008323265107623157 0.4738141469915868
-0.1208270506663494 -0.5317247835782111 0.1836879477592163
0.4045137264875355 -0.3420377090715989 0.2888332101018272
-0.2982290618970601 -0.02422159689027836 0.4650015577814618
0.3738454567119085 -0.2591030357407793 0.3348046502083791
0.2761699336828262 -0.23954597741849 0.3456453046562137
0.2468930104521258 -0.1559252795596506 0.3919970143681656
0.1786944995378238 -0.2198902622355047 0.3565406454949201
0.1494480534219168 -0.1362545371727181 0.4029006849220379
0.08124976335627279 -0.20021941095579 0.3674443764090472
0.05201130460016065 -0.1165797476040464 0.4138065988653811
-0.01618848846329421 -0.1805453624629973 0.3783498795673229
0.01304868916611246 -0.2641856574937046 0.3319873069656218
-0.08438852367639627 -0.2445110967175067 0.3428930940872259
-0.05515141980521546 -0.3281514281158264 0.2965305013266281
-0.113625728542668 -0.1608708151163493 0.389255659244806
0.04299697841783165 -0.3451311317971079 0.2871184978851078
0.2054823204371262 -0.3015325918895188 0.3112855631860093
0.1194574827255875 -0.05546855713315468 0.4476810848884507
-0.1818256315476292 -0.2248364841836283 0.3537989098985808
0.02298268826541391 -0.03644129283064801 0.4582280697157142
-0.01526956986004946 -0.4211639053868103 0.2449728432772768
-0.1233512906030807 -0.3921170813029082 0.26107376078294
-0.206688292552168 -0.1406707219678499 0.4004527537172082
-0.1397357137057576 -0.06391000589808171 0.4430019134306767
-0.2843220663789646 -0.2522438339701655 0.3386067678355711
0.1665640031113011 -0.4500302718223235 0.2289719550795194
-0.007709416191548552 0.04810788047345338 0.5050944417710264
0.2175236478161048 -0.07276396753682346 0.4380940823531067
0.1755455155244275 0.02173603460400331 0.490476288902073
0.2582677102346008 0.07639316968714516 0.5207732336051352
-0.2068429892405625 0.007841920103351718 0.4827746554724406
0.3150655140632943 -0.09204208804334546 0.4274080456613443
0.1101991348792304 -0.283076637449362 0.3215158657853882
-0.2287969927549847 -0.4200856094047251 0.2455705525002917
-0.02461987011979413 -0.513594583977532 0.1937376815025181
-0.1525884610753551 -0.3084767827432685 0.3074363353407603
-0.04542595953513062 -0.0969052121185332 0.4247123719681298
0.1372492530294907 -0.3617092708310922 0.2779290853623279
0.3016856280882705 -0.3380136092935062 0.2910638050327731
-0.2093551082895699 -0.5033871285553297 0.1993957664353455
-0.3535043128370353 -0.09101198038843594 0.4279790436584314
0.3625257372183533 -0.4147123306125455 0.2485490095707761
0.177222238148376 0.1152702111977167 0.54232312960815
-0.2257278019110363 -0.06697097170780841 0.4413051923761578
-0.08894929745867844 -0.4611340303369799 0.2228170412296996
-0.05704650756614915 -0.02367225641165915 0.4653060621810898
0.07844060530941774 -0.4137873882568235 0.2490617134906248
0.08025441600683833 0.01283594817206068 0.4855428904341352
0.2183411910820989 -0.3763722930196891 0.2698012394415358
-0.378061123130582 -0.02415765584062912 0.4650370008840418
-0.1869699478629065 -0.5708221481059773 0.162015924713527
0.4380611231305823 -0.4036900403564399 0.2546587648274751
0.2469699478629065 0.1429744519089083 0.5576798409979898
-0.1892180932548841 -0.3640006069163582 0.2766589770303446
-0.21845526372716 -0.280360308356717 0.3230215515881657
-0.2476924341994362 -0.196720009797076 0.3693841261459867
-0.1606787060441185 -0.447069797439438 0.2306129728265469
-0.2771429521596332 -0.1138944538861834 0.4152950814790018
3 1 0 221
493
494
495
496
497
498
499
500
501
502
503
504
505
506
507
508
509
510
511
512
513
514
515
516
517
518
519
520
521
522
523
524
525
526
527
528
529
530
531
532
533
534
535
536
537
538
539
540
541
542
543
544
545
546
547
548
549
550
551
552
553
554
555
556
557
558
559
560
561
562
563
564
565
566
567
568
569
570
571
572
573
574
575
576
577
578
579
580
581
582
583
584
585
586
587
588
589
590
591
592
593
594
595
596
597
598
599
600
601
602
603
604
605
606
607
608
609
610
611
612
613
614
615
616
617
618
619
620
621
622
623
624
625
626
627
628
629
630
631
632
633
634
635
636
637
638
639
640
641
642
643
644
645
646
647
648
649
650
651
652
653
654
655
656
657
658
659
660
661
662
663
664
665
666
667
668
669
670
671
672
673
674
675
676
677
678
679
680
681
682
683
684
685
686
687
688
689
690
691
692
693
694
695
696
697
698
699
700
701
702
703
704
705
706
707
708
709
710
711
712
713
0.02999492844149722 -0.02001505854102725 0.01000749218310654
-0.07583848524851455 -0.09560373277339829 -0.2054456455863394
0.2201013238893795 -0.04318648996607781 -0.1519443603371567
-0.1785410480985711 0.06881518178811488 0.07922052409633837
0.0686434222666949 0.2145614926534908 -0.04476530505261567
-0.003812955949476546 0.04056191410943388 0.2361647170534611
0.2165483526384383 -0.1735732131830346 0.09113229598226288
-0.06832039106718238 -0.2540102445517073 0.05074788964117707
0.1693673193493269 0.1095388329921441 0.1198590331230684
-0.1689362175511024 0.09159403045460415 -0.1388136207780183
-0.1943896836804802 0.009381209260141479 0.2644444172993768
0.08591081989719661 -0.1919445955879617 -0.08480338569149236
0.04850242250408751 0.06190046741760311 -0.1766276026252864
0.03944605067005387 -0.143826636009321 0.1761298359537655
-0.1607972907072608 -0.09726040452548106 -0.02679774656714777
0.2008717361736045 -0.04410257383745042 0.2375992059063727
0.226558790420621 0.1488539428252847 -0.1341196613581293
-0.1788556533571972 -0.1586457023241671 0.1743533489880026
-0.115437018927415 -0.2576161056807434 -0.1272780730369037
0.09468622086637084 -0.09529865877720421 -0.2780771225847753
-0.02695857588825032 0.1706478438946619 0.1070724994882841
0.09707330996811717 -0.3101619239080244 0.1009352629949763
0.261712366566053 -0.0120754631125807 0.02188598333791264
0.1485942545321679 0.1203849501603848 0.3029005109224726
-0.1099042968992131 0.2293398243840702 -0.04054444256258351
0.3167652106459006 -0.1528328717866863 -0.06078013836985209
-0.1300765474335299 -0.4034174664276166 0.07543013074062144
-0.258342174972148 0.2325199518185294 -0.1192387765610834
-0.1054455547233214 -0.1615648849125564 -0.3493888677932377
0.1819045685188421 0.2732213542823902 0.06998460651714578
-0.0777116833787429 -0.0459782321013396 0.1245793538636162
0.3329673059761464 -0.2755050543881293 0.143137746760134
0.2126378204942031 0.3056358084467206 -0.08787017528476293
0.3285913509169889 -0.04319287192340622 -0.2769686371691514
0.1449825385945194 0.07443513048289208 -0.0275374530929162
-0.1895495354674191 -0.003579683556076504 -0.2615437242022995
-0.04848781514171356 0.1794677439002541 -0.1709374628715723
-0.07147112094959605 0.08505093043166687 -0.02478515065009845
0.2141119094196537 0.257309990653749 0.2070753056441172
-0.1213185107404613 0.1174497702904786 0.2025479146417728
-0.2538602019889586 -0.03884332918330544 0.1410562542113397
0.07785426303021323 0.3571194580345599 -0.07604617655999088
0.1424792365164967 -0.04629381171978217 0.1019905889717792
-0.09017383087822842 0.06269917102366074 0.3520646655813151
-0.294999659022712 0.157191733154091 0.04814611893771571
-0.07877775053533917 -0.08321233166375029 0.2679833005728987
-0.2480327292886895 0.01930946732634628 -0.0394312932087119
0.1786985272595143 0.06354284037834632 -0.2422413309641329
0.02031573550408415 -0.2077018384544265 -0.2166608648484162
0.253357766974535 0.1607322662340276 0.01387636075144172
0.2029239941535049 -0.2548051426935163 -0.0276970554717782
-0.2696648010749771 0.09382205953654738 0.1822731275052596
0.05022983232860122 0.1876172309255694 0.2252842364003503
0.3015196865008444 -0.1474119377752338 0.2083971798850517
0.1610249615676725 -0.2021821644309116 0.2176657346755033
0.1502191991518149 -0.07736439119686925 -0.03487381474546453
0.03386496295345529 -0.06693218929375996 -0.1224128679777055
0.31659979314015 0.0867737756282061 -0.2233034561643669
0.10098619804315 0.1919252214171044 -0.1793382406130505
0.2109741444597541 -0.1836195290369652 -0.1488664448373958
-0.05328838647686776 0.0282737610785148 -0.2667186589914635
-0.02877625737619136 -0.1422331309871848 -0.02280598130343091
0.07205658928547568 -0.06493710273201031 0.2860943388058541
-0.2648793735224362 -0.1075724933420629 0.267341548168633
0.2482654866920557 0.03214392687619354 0.3442233896390176
0.03538597073196954 -0.3130124536709426 -0.02799745848381842
-0.1925306745381586 -0.298650987004974 0.1497188372175032
-0.206537497677643 -0.2062963446689671 0.04657403548991408
-0.1703329006757824 -0.1903669122019895 -0.2327144562233554
-0.05333364990656811 0.3359124430344472 -0.1019839479667368
0.08500632124807303 -0.1821999811067318 0.05227885693559674
0.3109501598620418 0.04906497397746475 -0.09110668897662762
0.04478855146475841 0.05682283526064807 0.3624024353811086
0.2158154746138413 -0.08673578194732305 -0.3367188250284618
-0.06396802875334731 -0.2375049959753168 0.1899201315313868
-0.1466928463193373 -0.3652347284133088 -0.05262410373319516
0.2204426002436057 -0.3491779254773371 0.1379984939951227
-0.1999798092260128 -0.08479215034643842 -0.15484935979315
-0.3124059493457871 0.002312210342568233 0.3272664280699895
0.2741186081200022 0.02920265256895084 0.1503277091991927
0.04621884665123446 0.0600796856957687 0.1146975623122924
0.003560642973875768 -0.4107789781581619 0.1069106918822871
0.04678374043833149 0.2785756077211575 0.07235110676458804
0.3742068916969871 -0.1230239691958565 -0.1787400010662822
-0.2672177730398094 0.1394455327460506 -0.2109529475760677
-0.1556270947580998 0.200193982848416 0.08673984681659597
-0.09870866633506993 -0.01375686594795561 -0.1060295442542966
0.2164208749765938 0.1386714456308567 0.4134315990142934
0.3697354283435236 -0.2397664598664693 0.02221491896844092
0.02039550271106137 -0.1415422191082767 -0.373886488704758
0.330951861231296 -0.1152304185697269 0.06414125727342092
-0.1944488950496752 0.1376950444358894 -0.02470263318588285
0.2187682774250722 0.4283490146960569 -0.06655250062833391
0.2501207806204999 0.121781343367279 0.2304249979969203
0.2978664891530404 -0.07403178992025404 0.3069949013297511
0.116909422341838 0.04227002553980266 0.2135586021988426
0.06793912445844388 0.0250093854491206 -0.2936449156182026
-0.1733965938344591 0.3213842850678615 -0.1247072310659177
-0.1656762288705967 0.2009043633159717 -0.1896359630923112
-0.04255214204381459 0.1466755612536433 0.2848692275557098
-0.2038541456722034 -0.1988158452336468 -0.07259753128315168
0.05641709577132498 -0.2601289832773876 0.2027528054775549
-0.3054053554957289 0.1351003315011344 -0.06873097430969848
0.03883031086180569 0.1129857520978383 0.008775672833306505
-0.2627945955082931 -0.08383828472538643 0.03187148803907947
0.2619455652196084 0.1832888787736492 0.1298636149925054
-0.2982959331326543 0.0403391005673744 0.06542777203803607
-0.1084279244609494 -0.1444838552850105 0.06763287370440112
-0.003061742044006333 -0.2890861173247261 -0.1358962100241887
-0.07534189030345817 -0.2485348675067878 -0.274180805155535
-0.1415062091500949 0.1045208757493231 -0.2523204741773476
0.3507986414182636 -0.04560132487865737 -0.04120043435626369
-0.2572633523804209 0.01703757918582613 -0.1558847356555927
0.2658493230993568 -0.1369791670217489 -0.2423698964468137
-0.1978225618770539 -0.08474809037620373 -0.349734981914238
0.3573371289656998 -0.01218072746758666 -0.172968388192365
-0.04174906293832496 0.3066253480204114 0.007075070547285706
0.2989458813848043 0.2004976812698681 -0.2086375148582428
-0.06469220925267886 0.06118981145427849 0.08685096042131012
0.1343813223501845 -0.1981629445997772 -0.2396740750276821
-0.1613306143702911 -0.3047846425909918 -0.2219237518122995
-0.2131378615331075 0.01901395710873209 0.3729686627757737
0.03504781804338484 0.2816071683247036 -0.1511994546320671
0.2263326596996584 0.2118853347977244 0.3251612852843684
0.2745976914894253 -0.3026733243759794 0.04811060900085615
-0.08379022004712477 -0.02346553452159458 0.01311259948335114
0.1232650454901434 0.003196904202375825 -0.1137835817199036
-0.237508386024059 0.2449660086062063 -0.00441861331620589
0.1127044418872808 0.2075525633729807 0.1321786431364174
0.1285182968442074 -0.1081814498024159 -0.1702118336437866
-0.1950895470088158 -0.3185583819320981 0.03837140078552898
0.1558242947726224 0.3672482304519565 0.008402818804851143
0.142171744694234 0.171811773814645 0.02932859412350141
-0.1016385114399878 -0.1473039291952524 -0.1086613120507815
-0.05264295551550818 -0.06044705253711249 -0.3391479824113924
-0.04169052648167135 -0.3921340406013904 0.003114446560083708
-0.07713992307836351 -0.3496742375271752 0.1635285534910906
-0.2512312161691737 -0.2147871193481902 0.2385441426747614
0.1406232683338595 -0.001984500371822635 0.3503149268216975
0.004263066744039718 -0.1053612774419618 0.07733122772854144
-0.1692563145410006 -0.252624772933555 -0.3459156411193152
0.2855711673128196 0.2221262091245817 -0.07378541704669742
0.2454810427586497 -0.0782112852450681 0.1412287726559688
0.2620850361058835 -0.2513803425550034 0.227547126565256
-0.01562837211884966 -0.1745125979648606 0.2675026619354257
0.1386307158432834 -0.3401221869502158 0.002459771034435718
0.04788372077874326 -0.03375697463830418 0.1729109233314833
0.01842715090629007 0.1321915539359248 -0.09757245262032194
-0.06048360302301407 0.07037863038949543 -0.1654786412822613
-0.1484280925370896 0.02009583069125822 0.1689897103150278
0.1033056331852714 0.1448161561076491 0.4042384881663259
-0.001138432652175184 0.1235426652364694 -0.2523743288735062
0.1269452883385742 -0.1227095461044586 -0.3891426191441971
-0.02539871783065921 -0.02533201949672997 0.3441923990224744
0.2119127771276537 -0.138842689660477 0.2902441264831297
-0.1306206957608098 -0.1787591037070746 0.2696876095511829
-0.3438697978956992 0.2955683051677118 -0.145451906523491
0.2636160554641671 0.03874168513582449 -0.304367695340125
-0.1736329681808169 -0.03791762172980344 0.06988080177500033
-0.3376885706191835 0.2360417590026151 -0.045248601857073
0.1919771830733899 0.1709290190464442 -0.2345399241500015
-0.0007408287211868453 0.02707211368610662 -0.08215217644687768
0.3775065283971598 0.04777450114374376 -0.3007944404229265
0.3059154709737505 0.07861605592850278 0.05992321668385085
0.01605707890591962 -0.04333855024403384 -0.2259689944311155
0.1137617819883645 -0.4177210730271519 0.1327918728908123
-0.2607820827045532 0.08678297004118894 0.2910907680534417
0.1325893199596526 -0.2870301257120078 -0.1020833573145841
-0.2684781387596971 -0.1514644060450699 0.1153180632677922
0.2664478729077218 0.2935669304195554 0.0053752273234208
-0.1667514564604706 -0.1897343828398541 -0.4326537208985319
0.2415283521121837 -0.1155350070234789 0.005106850888698101
-0.3204676403588921 0.003085219424372128 0.2177042230828404
-0.240441090096956 0.1806019505396288 0.1387328322873826
0.172905830910415 0.2095991988177531 -0.06523186715149704
-0.222467415180278 -0.1047079187139837 -0.2525575400719599
0.2322996252886235 0.361247748710099 0.1069936711686672
-0.1636946048796707 -0.06821572058465902 0.3329438236118518
0.01075385382631319 -0.2245923855595889 0.1143488894547819
0.4101225656572245 -0.1979577498889558 -0.08842098869733521
-0.04441039738369502 -0.2424047251357559 -0.05109971176787033
0.3947504302842508 -0.05359756578001953 -0.3574804173789895
0.1799930681994974 -0.04129080375129312 -0.2490298204567141
-0.04946198593030372 0.2101405048572182 0.2016218991106675
-0.02140324767494471 0.1986323698005639 0.006297651811058499
0.1309622431514048 0.1068933430095048 -0.1260954347795597
0.3034331567490426 -0.2566477830732872 -0.05708190387540386
0.3243865322782099 -0.0437604817535133 0.2087757813742684
-0.06415770393722521 -0.1340639945785681 0.178348855190172
0.3747288571577647 -0.1784420448372013 0.1386632123681196
0.1390064511194589 0.2871872772329623 -0.1596158659260737
0.1357783987292853 -0.1065373858290306 0.1862431843562288
-0.1752499050326063 -0.4548315816613174 -0.001770925243113827
-0.02823589222501012 -0.1448832342389848 -0.2827844191770197
0.3645485735944906 -0.2282761359809883 0.2315732802953745
0.2942556687717297 0.2910071631973744 -0.1537954674943536
0.3114744854129734 -0.2080921243341351 -0.1480629845376564
0.2177495531858193 0.01398750087003513 -0.06693446288297084
-0.002244350744975851 -0.1625382384486564 -0.1276490217060521
-0.05059009455816883 0.2698996172878843 0.101987040056097
-0.2587161135366673 -0.07806162699298323 -0.07071460520891033
-0.2049432385175517 -0.4012667837685753 0.146727902855592
0.4067283170521466 -0.3414631560767008 0.1767623922814236
0.3262572087837155 0.1378482262281621 -0.1352125061061238
-0.1004548047832407 0.03592419270989373 0.2532596203879384
0.1773995022484337 -0.2571707804114471 0.133735259102022
-0.1614859440016261 0.1051163671501533 0.2944251093922533
-0.1408406964944423 -0.2656588627820932 -0.02926685826791584
0.05915572993808179 -0.04971530723433905 -0.3603953473607742
-0.1718951830346501 -0.4960566411346565 0.09265821270645246
-0.08052875464930906 -0.3427739320328424 -0.1555527147633848
-0.09210745381802107 0.2744943982332922 -0.1774822097096132
0.08496616148600976 -0.1644621627234491 0.2728080905745038
-0.3460725595679396 0.1403862241228188 0.1342792376573352
0.09978280844319062 0.1252028219630993 -0.2551144544080253
-0.1603280070298587 -0.06860797780134764 0.2126970289890633
0.05267307050062855 0.1470804084522865 0.3173306777497885
0.2418027268480379 0.05420485885563879 -0.1644965815114022
0.1254793298308593 0.2211046527328285 0.2891828843859306
0.4185756058516234 -0.2991969137773838 0.08657822682421108
0.1237678438712496 0.3091677909931315 0.1475171723227843
$EndNodes
$Elements
27 3811 1 3811
0 1 15 1
1 1 
0 2 15 1
2 2 
0 3 15 1
3 3 
0 4 15 1
4 4 
0 5 15 1
5 5 
0 6 15 1
6 6 
0 7 15 1
7 7 
0 8 15 1
8 8 
1 1 1 8
9 2 9 
10 9 10 
11 10 11 
12 11 12 
13 12 13 
14 13 14 
15 14 15 
16 15 1 
1 2 1 8
17 1 16 
18 16 17 
19 17 18 
20 18 19 
21 19 20 
22 20 21 
23 21 22 
24 22 3 
1 3 1 8
25 4 23 
26 23 24 
27 24 25 
28 25 26 
29 26 27 
30 27 28 
31 28 29 
32 29 3 
1 4 1 8
33 2 30 
34 30 31 
35 31 32 
36 32 33 
37 33 34 
38 34 35 
39 35 36 
40 36 4 
1 5 1 8
41 6 37 
42 37 38 
43 38 39 
44 39 40 
45 40 41 
46 41 42 
47 42 43 
48 43 5 
1 6 1 8
49 5 44 
50 44 45 
51 45 46 
52 46 47 
53 47 48 
54 48 49 
55 49 50 
56 50 7 
1 7 1 8
57 8 51 
58 51 52 
59 52 53 
60 53 54 
61 54 55 
62 55 56 
63 56 57 
64 57 7 
1 8 1 8
65 6 58 
66 58 59 
67 59 60 
68 60 61 
69 61 62 
70 62 63 
71 63 64 
72 64 8 
1 9 1 8
73 2 65 
74 65 66 
75 66 67 
76 67 68 
77 68 69 
78 69 70 
79 70 71 
80 71 6 
1 10 1 8
81 1 72 
82 72 73 
83 73 74 
84 74 75 
85 75 76 
86 76 77 
87 77 78 
88 78 5 
1 11 1 8
89 4 79 
90 79 80 
91 80 81 
92 81 82 
93 82 83 
94 83 84 
95 84 85 
96 85 8 
1 12 1 8
97 3 86 
98 86 87 
99 87 88 
100 88 89 
101 89 90 
102 90 91 
103 91 92 
104 92 7 
2 1 2 162
105 15 1 152 
106 1 16 152 
107 2 9 154 
108 30 2 154 
109 22 3 151 
110 3 29 151 
111 23 4 153 
112 4 36 153 
113 9 10 101 
114 9 101 154 
115 10 11 126 
116 101 10 126 
117 11 12 93 
118 11 93 126 
119 12 13 134 
120 93 12 134 
121 13 14 99 
122 13 99 134 
123 14 15 142 
124 99 14 142 
125 142 15 152 
126 16 17 102 
127 16 102 152 
128 17 18 123 
129 102 17 123 
130 18 19 95 
131 18 95 123 
132 19 20 122 
133 95 19 122 
134 20 21 100 
135 20 100 122 
136 21 22 140 
137 100 21 140 
138 140 22 151 
139 24 23 103 
140 103 23 153 
141 25 24 124 
142 24 103 124 
143 26 25 94 
144 94 25 124 
145 27 26 121 
146 26 94 121 
147 28 27 97 
148 97 27 121 
149 29 28 104 
150 28 97 104 
151 29 104 151 
152 31 30 128 
153 128 30 154 
154 32 31 146 
155 31 128 146 
156 33 32 96 
157 96 32 146 
158 34 33 135 
159 33 96 135 
160 35 34 98 
161 98 34 135 
162 36 35 141 
163 35 98 141 
164 36 141 153 
165 126 93 130 
166 130 93 156 
167 93 134 156 
168 121 94 137 
169 94 124 125 
170 94 125 137 
171 95 120 123 
172 120 95 145 
173 95 122 145 
174 96 129 144 
175 129 96 146 
176 135 96 144 
177 104 97 105 
178 105 97 106 
179 106 97 121 
180 98 135 148 
181 98 138 141 
182 138 98 148 
183 134 99 155 
184 99 142 158 
185 155 99 158 
186 105 100 140 
187 100 105 147 
188 122 100 147 
189 101 126 127 
190 101 127 128 
191 101 128 154 
192 102 123 143 
193 102 142 152 
194 142 102 158 
195 102 143 158 
196 124 103 138 
197 138 103 141 
198 141 103 153 
199 104 105 140 
200 104 140 151 
201 105 106 107 
202 105 107 147 
203 107 106 108 
204 108 106 137 
205 106 121 137 
206 107 108 109 
207 107 109 118 
208 107 118 147 
209 109 108 110 
210 110 108 136 
211 136 108 137 
212 109 110 111 
213 109 111 131 
214 118 109 131 
215 111 110 112 
216 112 110 113 
217 113 110 136 
218 111 112 114 
219 111 114 116 
220 111 116 131 
221 112 113 132 
222 114 112 115 
223 115 112 132 
224 132 113 133 
225 133 113 139 
226 113 136 139 
227 114 115 150 
228 116 114 117 
229 117 114 150 
230 115 130 150 
231 130 115 157 
232 115 132 149 
233 115 149 157 
234 116 117 119 
235 116 119 120 
236 116 120 131 
237 119 117 155 
238 117 150 156 
239 155 117 156 
240 122 118 145 
241 118 122 147 
242 118 131 145 
243 120 119 143 
244 143 119 158 
245 119 155 158 
246 123 120 143 
247 131 120 145 
248 125 124 138 
249 125 136 137 
250 136 125 139 
251 125 138 139 
252 127 126 130 
253 128 127 129 
254 129 127 157 
255 127 130 157 
256 128 129 146 
257 144 129 149 
258 149 129 157 
259 150 130 156 
260 132 133 144 
261 132 144 149 
262 133 135 144 
263 135 133 148 
264 133 139 148 
265 134 155 156 
266 139 138 148 
2 2 2 164
267 43 217 5 
268 5 217 44 
269 6 218 37 
270 58 218 6 
271 50 219 7 
272 7 219 57 
273 51 216 8 
274 8 216 64 
275 37 167 38 
276 37 218 167 
277 38 193 39 
278 167 193 38 
279 39 159 40 
280 39 193 159 
281 40 199 41 
282 159 199 40 
283 41 165 42 
284 41 199 165 
285 42 205 43 
286 165 205 42 
287 205 217 43 
288 44 168 45 
289 44 217 168 
290 45 188 46 
291 168 188 45 
292 46 161 47 
293 46 188 161 
294 47 189 48 
295 161 189 47 
296 48 163 49 
297 48 189 163 
298 49 198 50 
299 163 198 49 
300 198 219 50 
301 52 169 51 
302 169 216 51 
303 53 192 52 
304 52 192 169 
305 54 160 53 
306 160 192 53 
307 55 170 54 
308 54 170 160 
309 56 166 55 
310 166 170 55 
311 57 206 56 
312 56 206 166 
313 57 219 206 
314 59 195 58 
315 195 218 58 
316 60 212 59 
317 59 212 195 
318 61 162 60 
319 162 212 60 
320 62 200 61 
321 61 200 162 
322 63 164 62 
323 164 200 62 
324 64 207 63 
325 63 207 164 
326 64 216 207 
327 193 197 159 
328 197 214 159 
329 159 214 199 
330 170 171 160 
331 171 172 160 
332 172 192 160 
333 161 188 184 
334 184 209 161 
335 161 209 189 
336 196 212 162 
337 162 225 196 
338 200 211 162 
339 211 225 162 
340 189 190 163 
341 190 191 163 
342 191 198 163 
343 164 207 187 
344 187 213 164 
345 164 213 200 
346 199 221 165 
347 165 223 205 
348 221 223 165 
349 166 204 170 
350 166 224 204 
351 206 224 166 
352 167 194 193 
353 167 195 194 
354 167 218 195 
355 168 210 188 
356 168 217 205 
357 205 223 168 
358 168 223 210 
359 169 192 187 
360 187 207 169 
361 207 216 169 
362 170 204 171 
363 171 173 172 
364 171 174 173 
365 171 204 174 
366 173 185 172 
367 185 187 172 
368 187 192 172 
369 174 175 173 
370 175 176 173 
371 176 185 173 
372 174 201 175 
373 174 208 201 
374 204 208 174 
375 175 177 176 
376 175 178 177 
377 175 201 178 
378 177 202 176 
379 176 186 185 
380 176 202 186 
381 178 179 177 
382 179 180 177 
383 180 202 177 
384 178 181 179 
385 178 182 181 
386 178 201 182 
387 179 222 180 
388 181 183 179 
389 183 222 179 
390 197 215 180 
391 180 222 197 
392 180 225 202 
393 215 225 180 
394 182 184 181 
395 181 203 183 
396 184 203 181 
397 182 209 184 
398 201 220 182 
399 182 220 209 
400 199 214 183 
401 183 221 199 
402 203 221 183 
403 214 222 183 
404 188 210 184 
405 184 210 203 
406 186 213 185 
407 185 213 187 
408 186 211 200 
409 200 213 186 
410 202 211 186 
411 189 209 190 
412 190 208 191 
413 190 220 208 
414 209 220 190 
415 191 206 198 
416 191 224 206 
417 208 224 191 
418 194 197 193 
419 195 196 194 
420 196 215 194 
421 194 215 197 
422 195 212 196 
423 196 225 215 
424 197 222 214 
425 206 219 198 
426 208 220 201 
427 202 225 211 
428 210 223 203 
429 203 223 221 
430 204 224 208 
2 3 2 164
431 1 15 284 
432 72 1 284 
433 9 2 285 
434 2 65 285 
435 43 5 283 
436 5 78 283 
437 6 37 286 
438 71 6 286 
439 10 9 272 
440 272 9 285 
441 11 10 263 
442 263 10 272 
443 12 11 227 
444 227 11 263 
445 13 12 266 
446 12 227 266 
447 14 13 231 
448 231 13 266 
449 15 14 273 
450 14 231 273 
451 15 273 284 
452 37 38 235 
453 37 235 286 
454 38 39 256 
455 235 38 256 
456 39 40 228 
457 39 228 256 
458 40 41 269 
459 228 40 269 
460 41 42 233 
461 41 233 269 
462 42 43 237 
463 233 42 237 
464 237 43 283 
465 65 66 234 
466 65 234 285 
467 66 67 267 
468 234 66 267 
469 67 68 229 
470 67 229 267 
471 68 69 258 
472 229 68 258 
473 69 70 232 
474 69 232 258 
475 70 71 274 
476 232 70 274 
477 274 71 286 
478 73 72 236 
479 236 72 284 
480 74 73 268 
481 73 236 268 
482 75 74 226 
483 226 74 268 
484 76 75 255 
485 75 226 255 
486 77 76 230 
487 230 76 255 
488 78 77 275 
489 77 230 275 
490 78 275 283 
491 253 226 268 
492 226 253 279 
493 255 226 279 
494 227 263 264 
495 227 264 289 
496 266 227 289 
497 256 228 257 
498 257 228 270 
499 228 269 270 
500 229 258 259 
501 229 259 260 
502 229 260 267 
503 230 238 275 
504 238 230 280 
505 230 255 280 
506 231 266 288 
507 273 231 290 
508 231 288 290 
509 258 232 261 
510 261 232 262 
511 262 232 274 
512 233 237 238 
513 233 238 239 
514 233 239 269 
515 234 265 272 
516 265 234 291 
517 234 267 291 
518 234 272 285 
519 235 256 292 
520 235 262 274 
521 262 235 292 
522 235 274 286 
523 268 236 278 
524 273 236 284 
525 236 273 290 
526 278 236 290 
527 238 237 275 
528 275 237 283 
529 239 238 240 
530 240 238 280 
531 239 240 241 
532 239 241 270 
533 269 239 270 
534 241 240 242 
535 242 240 251 
536 251 240 280 
537 241 242 243 
538 241 243 271 
539 270 241 271 
540 243 242 244 
541 244 242 254 
542 242 251 254 
543 243 244 245 
544 243 245 246 
545 243 246 271 
546 245 244 247 
547 247 244 249 
548 249 244 254 
549 246 245 277 
550 245 247 248 
551 245 248 277 
552 271 246 276 
553 276 246 287 
554 246 277 287 
555 248 247 281 
556 247 249 250 
557 247 250 281 
558 264 248 281 
559 248 264 282 
560 277 248 282 
561 250 249 252 
562 252 249 253 
563 253 249 254 
564 250 252 288 
565 281 250 289 
566 250 288 289 
567 254 251 279 
568 251 255 279 
569 255 251 280 
570 252 253 278 
571 252 278 290 
572 288 252 290 
573 253 254 279 
574 253 268 278 
575 256 257 292 
576 257 270 271 
577 257 271 276 
578 257 276 292 
579 259 258 261 
580 260 259 277 
581 259 261 287 
582 277 259 287 
583 267 260 291 
584 260 277 282 
585 260 282 291 
586 261 262 276 
587 261 276 287 
588 276 262 292 
589 264 263 265 
590 265 263 272 
591 264 265 282 
592 264 281 289 
593 282 265 291 
594 288 266 289 
2 4 2 164
595 3 349 29 
596 86 349 3 
597 23 350 4 
598 4 350 79 
599 57 351 7 
600 7 351 92 
601 8 352 51 
602 85 352 8 
603 24 338 23 
604 338 350 23 
605 25 329 24 
606 329 338 24 
607 26 293 25 
608 293 329 25 
609 27 334 26 
610 26 334 293 
611 28 299 27 
612 299 334 27 
613 29 339 28 
614 28 339 299 
615 29 349 339 
616 51 302 52 
617 51 352 302 
618 52 322 53 
619 302 322 52 
620 53 294 54 
621 53 322 294 
622 54 304 55 
623 294 304 54 
624 55 300 56 
625 55 304 300 
626 56 324 57 
627 300 324 56 
628 324 351 57 
629 79 301 80 
630 79 350 301 
631 80 333 81 
632 301 333 80 
633 81 296 82 
634 81 333 296 
635 82 326 83 
636 296 326 82 
637 83 298 84 
638 83 326 298 
639 84 340 85 
640 298 340 84 
641 340 352 85 
642 87 303 86 
643 303 349 86 
644 88 332 87 
645 87 332 303 
646 89 295 88 
647 295 332 88 
648 90 319 89 
649 89 319 295 
650 91 297 90 
651 297 319 90 
652 92 341 91 
653 91 341 297 
654 92 351 341 
655 293 330 329 
656 293 356 330 
657 334 356 293 
658 294 305 304 
659 294 306 305 
660 294 322 306 
661 318 332 295 
662 295 344 318 
663 319 344 295 
664 296 327 326 
665 296 328 327 
666 296 333 328 
667 297 320 319 
668 297 321 320 
669 297 341 321 
670 326 335 298 
671 335 359 298 
672 298 359 340 
673 299 355 334 
674 339 357 299 
675 299 357 355 
676 304 325 300 
677 321 324 300 
678 300 325 321 
679 301 338 331 
680 331 358 301 
681 301 358 333 
682 301 350 338 
683 302 323 322 
684 302 340 323 
685 302 352 340 
686 332 345 303 
687 339 349 303 
688 303 357 339 
689 345 357 303 
690 305 325 304 
691 306 307 305 
692 307 308 305 
693 308 325 305 
694 306 342 307 
695 322 323 306 
696 323 342 306 
697 307 309 308 
698 307 310 309 
699 307 342 310 
700 309 336 308 
701 308 346 325 
702 336 346 308 
703 310 311 309 
704 311 312 309 
705 312 336 309 
706 310 343 311 
707 342 354 310 
708 310 354 343 
709 311 313 312 
710 311 314 313 
711 311 343 314 
712 313 315 312 
713 315 316 312 
714 316 336 312 
715 314 347 313 
716 313 317 315 
717 313 347 317 
718 330 347 314 
719 314 348 330 
720 343 348 314 
721 315 318 316 
722 317 337 315 
723 315 337 318 
724 318 344 316 
725 316 353 336 
726 344 353 316 
727 317 355 337 
728 347 356 317 
729 317 356 355 
730 318 345 332 
731 337 345 318 
732 320 344 319 
733 321 346 320 
734 320 353 344 
735 346 353 320 
736 321 341 324 
737 325 346 321 
738 340 359 323 
739 323 359 342 
740 341 351 324 
741 327 335 326 
742 328 343 327 
743 327 354 335 
744 343 354 327 
745 333 358 328 
746 328 348 343 
747 328 358 348 
748 330 331 329 
749 331 338 329 
750 330 348 331 
751 330 356 347 
752 348 358 331 
753 355 356 334 
754 335 354 342 
755 342 359 335 
756 336 353 346 
757 337 357 345 
758 355 357 337 
2 5 2 164
759 2 30 419 
760 65 2 419 
761 36 4 418 
762 4 79 418 
763 58 6 417 
764 6 71 417 
765 8 64 420 
766 85 8 420 
767 30 31 406 
768 30 406 419 
769 31 32 400 
770 31 400 406 
771 32 33 363 
772 32 363 400 
773 33 34 404 
774 363 33 404 
775 34 35 365 
776 34 365 404 
777 35 36 407 
778 365 35 407 
779 407 36 418 
780 59 58 370 
781 370 58 417 
782 60 59 389 
783 59 370 389 
784 61 60 362 
785 362 60 389 
786 62 61 397 
787 61 362 397 
788 63 62 367 
789 367 62 397 
790 64 63 371 
791 63 367 371 
792 64 371 420 
793 66 65 368 
794 368 65 419 
795 67 66 403 
796 66 368 403 
797 68 67 361 
798 361 67 403 
799 69 68 392 
800 68 361 392 
801 70 69 366 
802 366 69 392 
803 71 70 409 
804 70 366 409 
805 71 409 417 
806 79 80 369 
807 79 369 418 
808 80 81 395 
809 369 80 395 
810 81 82 360 
811 81 360 395 
812 82 83 396 
813 360 82 396 
814 83 84 364 
815 83 364 396 
816 84 85 408 
817 364 84 408 
818 408 85 420 
819 360 387 395 
820 387 360 413 
821 360 396 413 
822 392 361 393 
823 393 361 394 
824 394 361 403 
825 362 389 390 
826 362 390 391 
827 362 391 397 
828 400 363 401 
829 401 363 415 
830 363 404 415 
831 372 364 408 
832 364 372 414 
833 396 364 414 
834 404 365 422 
835 365 407 424 
836 422 365 424 
837 366 392 398 
838 366 398 399 
839 366 399 409 
840 371 367 372 
841 372 367 373 
842 373 367 397 
843 402 368 406 
844 368 402 425 
845 403 368 425 
846 406 368 419 
847 369 395 412 
848 369 407 418 
849 407 369 424 
850 369 412 424 
851 389 370 426 
852 399 370 409 
853 370 399 426 
854 409 370 417 
855 371 372 408 
856 371 408 420 
857 372 373 374 
858 372 374 414 
859 374 373 375 
860 375 373 391 
861 391 373 397 
862 374 375 376 
863 374 376 385 
864 374 385 414 
865 376 375 377 
866 377 375 405 
867 375 391 405 
868 376 377 378 
869 376 378 388 
870 385 376 388 
871 378 377 379 
872 379 377 380 
873 380 377 405 
874 378 379 381 
875 378 381 383 
876 378 383 388 
877 379 380 411 
878 381 379 382 
879 382 379 411 
880 380 405 410 
881 380 410 421 
882 411 380 421 
883 381 382 423 
884 383 381 384 
885 384 381 423 
886 401 382 416 
887 382 401 423 
888 382 411 416 
889 383 384 386 
890 383 386 387 
891 383 387 388 
892 386 384 422 
893 404 384 415 
894 384 404 422 
895 415 384 423 
896 385 388 413 
897 396 385 413 
898 385 396 414 
899 387 386 412 
900 412 386 424 
901 386 422 424 
902 388 387 413 
903 395 387 412 
904 390 389 426 
905 391 390 405 
906 405 390 410 
907 410 390 426 
908 392 393 398 
909 393 394 411 
910 398 393 421 
911 393 411 421 
912 394 403 425 
913 411 394 416 
914 416 394 425 
915 399 398 410 
916 410 398 421 
917 399 410 426 
918 400 401 402 
919 400 402 406 
920 402 401 416 
921 401 415 423 
922 402 416 425 
2 6 2 162
923 1 485 16 
924 72 485 1 
925 22 484 3 
926 3 484 86 
927 44 486 5 
928 5 486 78 
929 7 487 50 
930 92 487 7 
931 16 474 17 
932 16 485 474 
933 17 468 18 
934 17 474 468 
935 18 430 19 
936 18 468 430 
937 19 459 20 
938 430 459 19 
939 20 432 21 
940 20 459 432 
941 21 475 22 
942 432 475 21 
943 475 484 22 
944 45 436 44 
945 436 486 44 
946 46 438 45 
947 45 438 436 
948 47 429 46 
949 429 438 46 
950 48 466 47 
951 47 466 429 
952 49 434 48 
953 434 466 48 
954 50 464 49 
955 49 464 434 
956 50 487 464 
957 73 435 72 
958 435 485 72 
959 74 469 73 
960 73 469 435 
961 75 427 74 
962 427 469 74 
963 76 460 75 
964 75 460 427 
965 77 433 76 
966 433 460 76 
967 78 476 77 
968 77 476 433 
969 78 486 476 
970 86 437 87 
971 86 484 437 
972 87 465 88 
973 437 465 87 
974 88 428 89 
975 88 465 428 
976 89 461 90 
977 428 461 89 
978 90 431 91 
979 90 461 431 
980 91 477 92 
981 431 477 91 
982 477 487 92 
983 455 469 427 
984 427 481 455 
985 460 481 427 
986 428 465 458 
987 458 480 428 
988 428 480 461 
989 429 439 438 
990 429 440 439 
991 429 466 440 
992 430 489 459 
993 468 488 430 
994 488 489 430 
995 461 482 431 
996 463 477 431 
997 431 482 463 
998 459 490 432 
999 432 492 475 
1000 490 492 432 
1001 433 483 460 
1002 433 476 473 
1003 473 483 433 
1004 434 463 462 
1005 462 466 434 
1006 434 464 463 
1007 469 479 435 
1008 474 485 435 
1009 435 491 474 
1010 479 491 435 
1011 438 473 436 
1012 473 476 436 
1013 476 486 436 
1014 437 478 465 
1015 437 484 475 
1016 475 492 437 
1017 437 492 478 
1018 439 473 438 
1019 440 441 439 
1020 441 451 439 
1021 451 473 439 
1022 440 442 441 
1023 440 462 442 
1024 440 466 462 
1025 442 443 441 
1026 443 467 441 
1027 441 467 451 
1028 442 444 443 
1029 442 452 444 
1030 442 462 452 
1031 444 445 443 
1032 445 446 443 
1033 446 467 443 
1034 444 471 445 
1035 452 454 444 
1036 454 471 444 
1037 445 447 446 
1038 445 449 447 
1039 445 471 449 
1040 447 448 446 
1041 448 450 446 
1042 450 467 446 
1043 447 470 448 
1044 449 453 447 
1045 453 470 447 
1046 448 455 450 
1047 448 456 455 
1048 448 470 456 
1049 449 457 453 
1050 449 458 457 
1051 449 471 458 
1052 455 481 450 
1053 450 472 467 
1054 450 481 472 
1055 467 472 451 
1056 472 483 451 
1057 451 483 473 
1058 452 482 454 
1059 462 463 452 
1060 463 482 452 
1061 457 490 453 
1062 453 489 470 
1063 453 490 489 
1064 461 480 454 
1065 454 482 461 
1066 454 480 471 
1067 456 479 455 
1068 455 479 469 
1069 470 488 456 
1070 456 491 479 
1071 488 491 456 
1072 458 478 457 
1073 478 492 457 
1074 457 492 490 
1075 465 478 458 
1076 471 480 458 
1077 489 490 459 
1078 472 481 460 
1079 460 483 472 
1080 464 477 463 
1081 464 487 477 
1082 474 491 468 
1083 468 491 488 
1084 470 489 488 
3 1 4 2727
1085 516 531 501 621 
1086 404 528 415 603 
1087 404 577 528 603 
1088 117 511 150 593 
1089 407 577 424 649 
1090 516 501 545 621 
1091 529 615 517 677 
1092 178 572 515 583 
1093 501 527 515 535 
1094 135 528 404 577 
1095 469 519 268 702 
1096 469 268 519 574 
1097 514 500 558 574 
1098 150 117 156 511 
1099 572 583 178 680 
1100 421 566 398 650 
1101 309 545 575 713 
1102 494 602 541 626 
1103 421 566 650 675 
1104 511 541 602 626 
1105 156 511 117 568 
1106 421 650 540 675 
1107 501 516 545 588 
1108 479 469 519 574 
1109 268 278 519 574 
1110 510 559 500 567 
1111 511 561 150 593 
1112 500 559 510 600 
1113 407 98 577 649 
1114 561 602 494 626 
1115 511 602 561 626 
1116 502 529 517 530 
1117 496 539 530 618 
1118 150 561 511 613 
1119 572 586 557 680 
1120 508 572 557 680 
1121 557 572 508 586 
1122 117 568 511 700 
1123 500 574 514 671 
1124 167 526 235 576 
1125 517 615 562 677 
1126 235 526 167 674 
1127 500 560 559 600 
1128 421 566 675 701 
1129 559 560 510 600 
1130 499 664 581 679 
1131 500 510 567 600 
1132 366 566 232 674 
1133 309 575 545 676 
1134 527 535 501 573 
1135 539 579 530 618 
1136 421 540 589 675 
1137 421 675 589 701 
1138 558 574 500 628 
1139 495 518 576 608 
1140 495 604 518 608 
1141 581 617 499 679 
1142 134 613 568 703 
1143 493 554 548 563 
1144 501 531 516 586 
1145 160 170 294 531 
1146 530 539 502 579 
1147 309 308 545 713 
1148 160 531 294 669 
1149 117 511 593 700 
1150 403 521 267 582 
1151 455 481 574 594 
1152 548 563 543 664 
1153 517 578 343 620 
1154 493 535 527 573 
1155 236 469 268 702 
1156 404 135 363 528 
1157 541 626 511 691 
1158 504 543 548 563 
1159 515 572 178 656 
1160 504 548 543 552 
1161 515 527 501 656 
1162 135 528 577 605 
1163 322 624 585 669 
1164 495 576 518 689 
1165 541 494 626 691 
1166 344 565 536 709 
1167 624 662 585 669 
1168 134 568 266 703 
1169 543 552 548 664 
1170 511 568 156 613 
1171 412 520 590 649 
1172 178 583 515 604 
1173 548 554 504 563 
1174 499 543 664 679 
1175 134 266 613 703 
1176 344 319 536 565 
1177 344 319 565 709 
1178 344 536 592 709 
1179 543 499 617 679 
1180 502 539 530 584 
1181 496 530 539 584 
1182 167 194 526 576 
1183 575 676 309 692 
1184 294 170 304 531 
1185 435 469 236 702 
1186 524 569 230 695 
1187 433 569 524 695 
1188 495 606 576 689 
1189 171 598 531 669 
1190 528 494 607 627 
1191 328 590 517 620 
1192 156 568 134 613 
1193 518 604 576 608 
1194 500 629 574 671 
1195 253 574 279 638 
1196 299 659 571 665 
1197 493 549 548 554 
1198 504 548 549 554 
1199 455 594 574 629 
1200 279 638 574 658 
1201 504 543 563 638 
1202 504 563 558 638 
1203 495 518 552 689 
1204 156 150 511 613 
1205 407 98 424 577 
1206 415 404 363 528 
1207 557 586 508 588 
1208 516 586 557 588 
1209 514 629 594 671 
1210 529 562 517 615 
1211 514 472 569 698 
1212 424 577 520 649 
1213 574 594 514 629 
1214 176 564 542 696 
1215 513 532 498 676 
1216 513 498 545 676 
1217 495 552 606 689 
1218 407 141 98 649 
1219 521 607 494 627 
1220 527 542 501 656 
1221 513 498 532 611 
1222 501 535 515 572 
1223 545 621 575 713 
1224 513 545 498 573 
1225 176 542 564 656 
1226 514 594 472 698 
1227 483 636 569 698 
1228 574 629 514 671 
1229 494 607 521 668 
1230 522 497 624 667 
1231 494 528 607 668 
1232 514 569 472 658 
1233 421 410 540 650 
1234 532 578 313 676 
1235 512 612 582 645 
1236 167 235 193 576 
1237 312 532 313 676 
1238 470 567 559 648 
1239 653 683 509 688 
1240 522 497 575 624 
1241 232 566 262 674 
1242 366 399 566 674 
1243 260 277 259 612 
1244 495 552 518 664 
1245 541 582 512 612 
1246 328 517 562 609 
1247 314 343 578 620 
1248 472 481 594 658 
1249 98 424 365 407 
1250 559 560 145 661 
1251 520 577 138 649 
1252 534 624 497 667 
1253 291 582 521 602 
1254 517 328 562 590 
1255 401 423 528 553 
1256 230 569 433 695 
1257 160 171 531 669 
1258 461 536 319 565 
1259 291 267 521 582 
1260 495 548 552 664 
1261 499 524 581 682 
1262 610 653 509 688 
1263 493 548 535 563 
1264 365 424 98 577 
1265 518 604 495 664 
1266 515 535 527 548 
1267 363 135 96 528 
1268 493 527 535 548 
1269 358 590 520 649 
1270 499 583 581 664 
1271 513 573 498 611 
1272 505 619 657 675 
1273 403 425 521 582 
1274 401 553 528 627 
1275 501 545 573 588 
1276 412 590 369 649 
1277 518 581 664 679 
1278 502 517 529 591 
1279 557 191 586 616 
1280 534 575 342 609 
1281 220 586 572 680 
1282 232 274 409 674 
1283 493 563 535 632 
1284 483 569 472 698 
1285 502 579 528 641 
1286 470 559 630 648 
1287 500 514 558 671 
1288 472 594 514 658 
1289 502 528 579 605 
1290 322 302 585 624 
1291 531 598 522 669 
1292 534 575 497 624 
1293 262 566 526 674 
1294 526 566 399 674 
1295 499 543 563 664 
1296 495 664 604 690 
1297 499 581 583 682 
1298 501 573 545 621 
1299 514 574 558 638 
1300 570 579 528 605 
1301 493 554 563 632 
1302 192 585 662 669 
1303 513 578 530 611 
1304 167 193 194 576 
1305 335 534 342 609 
1306 192 322 585 669 
1307 287 612 566 645 
1308 530 578 513 677 
1309 245 612 541 660 
1310 455 450 481 594 
1311 543 638 504 660 
1312 496 539 618 651 
1313 502 530 517 584 
1314 409 366 232 674 
1315 504 638 558 660 
1316 176 564 177 656 
1317 547 636 451 698 
1318 529 530 502 641 
1319 178 179 583 604 
1320 299 544 659 665 
1321 254 253 279 638 
1322 313 578 532 666 
1323 131 145 560 661 
1324 524 499 581 617 
1325 505 657 589 675 
1326 421 398 410 650 
1327 517 584 520 591 
1328 525 624 534 667 
1329 178 604 515 656 
1330 160 171 170 531 
1331 354 335 342 609 
1332 328 517 348 620 
1333 557 580 191 616 
1334 147 533 556 661 
1335 294 669 531 713 
1336 514 574 638 658 
1337 176 202 564 696 
1338 344 320 319 709 
1339 543 563 514 698 
1340 245 541 601 660 
1341 115 150 561 593 
1342 322 302 192 585 
1343 364 340 534 585 
1344 299 357 571 659 
1345 512 582 541 686 
1346 299 571 97 665 
1347 517 578 530 677 
1348 517 502 584 591 
1349 342 575 534 624 
1350 496 530 578 611 
1351 472 547 451 698 
1352 299 357 339 571 
1353 292 235 526 576 
1354 532 544 315 666 
1355 628 673 601 703 
1356 384 404 415 603 
1357 513 596 575 621 
1358 261 287 566 645 
1359 562 609 517 677 
1360 559 567 470 629 
1361 291 267 234 521 
1362 532 592 498 676 
1363 376 551 529 644 
1364 568 673 628 703 
1365 500 563 558 673 
1366 516 588 557 631 
1367 557 588 508 631 
1368 501 586 516 588 
1369 622 657 619 675 
1370 340 298 364 534 
1371 507 554 600 700 
1372 501 535 572 588 
1373 530 578 517 584 
1374 138 577 98 649 
1375 547 472 594 698 
1376 517 562 529 704 
1377 579 618 554 654 
1378 575 621 596 625 
1379 549 579 554 654 
1380 494 528 570 579 
1381 287 606 566 612 
1382 135 144 528 605 
1383 507 626 554 700 
1384 261 566 287 606 
1385 235 256 193 576 
1386 525 509 683 688 
1387 498 592 545 676 
1388 299 339 97 571 
1389 545 575 513 676 
1390 259 612 287 645 
1391 506 547 594 698 
1392 543 514 563 638 
1393 282 582 291 602 
1394 433 476 275 695 
1395 340 359 298 534 
1396 492 432 475 571 
1397 492 556 432 571 
1398 176 542 634 696 
1399 518 581 183 583 
1400 348 517 343 620 
1401 401 528 607 627 
1402 214 604 576 672 
1403 509 564 542 690 
1404 507 579 539 618 
1405 572 635 583 680 
1406 496 578 530 584 
1407 302 169 192 585 
1408 494 521 561 668 
1409 376 529 551 615 
1410 328 343 517 609 
1411 541 612 504 660 
1412 508 572 535 588 
1413 309 575 307 713 
1414 497 609 534 615 
1415 500 558 563 671 
1416 575 596 513 677 
1417 145 630 559 661 
1418 516 557 586 616 
1419 424 412 520 591 
1420 432 556 100 571 
1421 601 628 558 673 
1422 432 100 475 571 
1423 500 628 574 629 
1424 398 566 421 701 
1425 461 565 319 643 
1426 120 145 559 560 
1427 479 574 519 629 
1428 509 542 527 690 
1429 278 519 574 628 
1430 372 534 525 585 
1431 513 575 545 621 
1432 493 554 618 654 
1433 358 301 590 649 
1434 261 259 287 645 
1435 115 561 570 593 
1436 241 552 543 679 
1437 315 544 532 699 
1438 147 107 533 661 
1439 294 531 305 713 
1440 183 581 518 672 
1441 568 613 511 703 
1442 505 540 619 675 
1443 534 609 562 615 
1444 176 202 177 564 
1445 516 580 557 616 
1446 521 602 582 686 
1447 504 558 563 673 
1448 309 307 308 713 
1449 299 97 544 665 
1450 493 549 554 654 
1451 339 104 97 571 
1452 409 399 366 674 
1453 232 262 274 674 
1454 513 676 575 692 
1455 562 615 529 704 
1456 423 528 553 603 
1457 587 631 508 647 
1458 429 546 161 687 
1459 275 230 433 695 
1460 120 131 145 560 
1461 515 501 572 656 
1462 482 631 565 643 
1463 508 586 572 588 
1464 505 589 540 675 
1465 424 520 412 649 
1466 147 556 533 665 
1467 358 520 331 649 
1468 559 623 500 629 
1469 499 684 563 698 
1470 519 500 623 629 
1471 373 683 653 688 
1472 498 573 545 588 
1473 328 343 348 517 
1474 335 562 534 609 
1475 539 579 570 605 
1476 581 583 518 664 
1477 161 546 429 587 
1478 412 590 520 591 
1479 190 587 557 680 
1480 573 596 513 621 
1481 358 520 590 620 
1482 500 554 563 673 
1483 500 628 623 700 
1484 299 544 97 706 
1485 372 525 534 683 
1486 577 595 148 605 
1487 519 623 500 628 
1488 238 230 524 569 
1489 473 524 433 569 
1490 519 623 559 629 
1491 559 567 510 648 
1492 575 625 596 677 
1493 495 526 675 710 
1494 179 604 178 656 
1495 543 514 638 698 
1496 450 594 455 629 
1497 564 656 542 690 
1498 527 493 573 596 
1499 401 382 423 553 
1500 650 675 526 710 
1501 497 575 534 609 
1502 623 628 568 700 
1503 559 510 630 648 
1504 444 454 631 646 
1505 147 533 107 665 
1506 313 532 315 666 
1507 555 637 445 646 
1508 376 529 378 644 
1509 502 528 603 641 
1510 570 579 539 693 
1511 519 628 500 629 
1512 117 623 568 700 
1513 462 631 587 647 
1514 444 631 555 646 
1515 172 598 171 669 
1516 172 522 598 669 
1517 499 563 543 698 
1518 282 582 602 686 
1519 373 653 610 688 
1520 326 534 335 562 
1521 576 604 518 672 
1522 515 583 572 635 
1523 520 584 502 591 
1524 528 553 494 627 
1525 504 563 554 673 
1526 249 628 601 703 
1527 507 539 579 693 
1528 294 304 305 531 
1529 398 645 566 701 
1530 545 573 513 621 
1531 197 214 222 604 
1532 596 621 573 625 
1533 543 518 552 664 
1534 520 577 424 591 
1535 519 568 623 628 
1536 572 598 201 656 
1537 622 657 541 691 
1538 141 138 98 649 
1539 580 631 463 643 
1540 190 208 220 586 
1541 508 587 557 631 
1542 565 631 454 646 
1543 319 428 295 536 
1544 139 148 595 605 
1545 312 315 313 532 
1546 183 518 583 604 
1547 282 602 541 686 
1548 523 498 573 611 
1549 515 548 527 690 
1550 201 598 174 656 
1551 532 611 498 697 
1552 241 271 243 552 
1553 498 538 523 639 
1554 502 579 539 605 
1555 238 569 524 617 
1556 541 602 494 686 
1557 525 585 164 688 
1558 388 529 376 615 
1559 532 642 611 697 
1560 495 576 606 608 
1561 326 396 298 534 
1562 504 601 541 660 
1563 382 553 401 627 
1564 367 164 585 688 
1565 558 601 249 628 
1566 250 568 628 703 
1567 442 555 631 647 
1568 538 555 506 639 
1569 326 396 534 562 
1570 358 331 520 620 
1571 179 177 604 656 
1572 319 461 428 536 
1573 524 569 473 636 
1574 558 563 514 638 
1575 482 463 631 643 
1576 293 537 94 652 
1577 292 576 526 606 
1578 281 248 602 703 
1579 444 555 445 646 
1580 517 520 590 591 
1581 314 348 343 620 
1582 192 585 187 662 
1583 163 557 434 580 
1584 177 564 604 656 
1585 524 546 499 636 
1586 369 590 301 649 
1587 523 573 498 639 
1588 364 534 372 585 
1589 251 569 638 658 
1590 167 526 194 674 
1591 528 603 577 605 
1592 156 117 155 568 
1593 138 577 520 595 
1594 549 657 622 691 
1595 507 579 570 693 
1596 502 520 577 595 
1597 163 434 198 580 
1598 507 618 539 651 
1599 493 523 573 611 
1600 556 571 492 670 
1601 557 587 462 631 
1602 378 376 388 529 
1603 501 572 586 588 
1604 512 541 622 657 
1605 566 612 512 645 
1606 371 367 164 585 
1607 466 163 189 557 
1608 577 603 502 605 
1609 172 598 522 662 
1610 260 282 277 541 
1611 499 546 524 682 
1612 516 631 580 643 
1613 545 308 711 713 
1614 536 565 480 646 
1615 554 579 549 626 
1616 496 578 532 611 
1617 317 315 544 666 
1618 115 593 570 693 
1619 292 256 235 576 
1620 553 603 528 641 
1621 278 519 685 702 
1622 509 667 525 683 
1623 501 573 621 625 
1624 500 563 554 671 
1625 502 584 520 595 
1626 117 116 623 700 
1627 96 135 144 528 
1628 197 576 214 604 
1629 514 563 558 671 
1630 117 593 116 700 
1631 526 495 608 710 
1632 461 480 536 565 
1633 207 371 164 585 
1634 183 581 221 583 
1635 566 512 675 701 
1636 626 673 554 700 
1637 111 560 593 597 
1638 500 567 559 629 
1639 281 601 248 703 
1640 398 393 645 701 
1641 179 178 177 656 
1642 304 531 170 616 
1643 528 502 603 605 
1644 600 651 560 661 
1645 224 586 191 616 
1646 566 612 606 675 
1647 130 561 150 613 
1648 508 557 587 680 
1649 571 614 492 670 
1650 532 578 513 611 
1651 522 624 525 667 
1652 542 564 509 696 
1653 347 620 578 666 
1654 194 526 576 608 
1655 127 607 633 663 
1656 398 421 393 701 
1657 181 680 583 682 
1658 99 231 266 568 
1659 190 557 208 586 
1660 529 640 530 641 
1661 266 134 99 568 
1662 250 628 249 703 
1663 355 544 299 706 
1664 434 464 198 580 
1665 495 564 604 608 
1666 251 569 617 638 
1667 475 100 140 571 
1668 429 439 546 687 
1669 97 544 665 706 
1670 495 606 526 608 
1671 507 600 560 700 
1672 497 534 667 683 
1673 536 614 318 699 
1674 560 651 597 661 
1675 523 538 498 697 
1676 422 591 577 603 
1677 498 565 555 588 
1678 208 557 191 586 
1679 328 562 327 609 
1680 147 556 118 661 
1681 496 544 532 666 
1682 535 563 506 632 
1683 488 470 559 630 
1684 399 566 526 650 
1685 136 539 595 599 
1686 380 421 540 589 
1687 534 525 667 683 
1688 600 554 673 700 
1689 506 555 538 637 
1690 510 651 600 661 
1691 499 535 563 684 
1692 556 630 118 661 
1693 498 588 545 709 
1694 512 612 566 675 
1695 210 695 524 712 
1696 311 676 578 692 
1697 173 542 598 662 
1698 579 641 654 657 
1699 262 526 566 606 
1700 498 555 538 639 
1701 335 327 562 609 
1702 143 623 519 685 
1703 135 577 133 605 
1704 488 489 470 630 
1705 497 522 625 667 
1706 459 122 432 556 
1707 506 563 535 684 
1708 543 638 617 698 
1709 497 625 575 677 
1710 507 593 626 700 
1711 502 595 577 605 
1712 541 601 511 602 
1713 504 548 552 622 
1714 342 575 624 713 
1715 579 654 549 657 
1716 497 522 575 625 
1717 363 528 96 607 
1718 95 430 468 559 
1719 555 588 565 631 
1720 210 687 524 695 
1721 559 560 500 623 
1722 482 565 461 643 
1723 548 495 552 622 
1724 523 639 538 681 
1725 111 597 593 693 
1726 372 367 371 585 
1727 495 548 664 690 
1728 220 201 572 586 
1729 135 133 144 605 
1730 466 557 189 587 
1731 139 595 539 605 
1732 390 650 550 653 
1733 95 559 468 694 
1734 402 425 521 663 
1735 252 250 568 628 
1736 143 685 519 694 
1737 509 525 634 688 
1738 134 156 155 568 
1739 494 641 579 657 
1740 425 521 582 627 
1741 463 580 557 631 
1742 143 685 694 702 
1743 559 630 510 661 
1744 500 600 673 700 
1745 515 656 564 690 
1746 524 636 499 698 
1747 498 565 588 709 
1748 499 547 546 635 
1749 538 639 506 681 
1750 538 445 637 646 
1751 278 519 628 685 
1752 504 612 552 660 
1753 282 260 291 582 
1754 478 492 614 670 
1755 472 467 547 594 
1756 428 295 536 614 
1757 499 547 684 698 
1758 262 292 526 606 
1759 526 655 194 674 
1760 552 612 246 660 
1761 164 525 187 585 
1762 459 122 556 630 
1763 384 591 422 603 
1764 450 448 594 629 
1765 355 299 544 659 
1766 617 638 569 698 
1767 503 544 532 642 
1768 311 578 343 692 
1769 364 408 340 585 
1770 479 629 519 694 
1771 520 584 517 620 
1772 555 631 565 646 
1773 567 594 448 629 
1774 570 593 561 626 
1775 488 559 430 630 
1776 545 711 621 713 
1777 412 395 369 590 
1778 546 635 547 684 
1779 147 118 107 661 
1780 456 559 470 629 
1781 493 527 548 619 
1782 557 580 516 631 
1783 546 547 647 684 
1784 169 187 192 585 
1785 423 415 528 603 
1786 517 590 520 620 
1787 444 454 452 631 
1788 535 572 508 635 
1789 507 560 593 700 
1790 594 629 567 671 
1791 125 595 537 599 
1792 280 251 569 617 
1793 462 442 631 647 
1794 246 552 606 612 
1795 425 402 521 627 
1796 139 539 113 605 
1797 508 631 555 647 
1798 326 298 335 534 
1799 369 395 301 590 
1800 494 553 641 657 
1801 514 563 671 698 
1802 514 671 594 698 
1803 531 669 522 713 
1804 136 595 125 599 
1805 401 528 363 607 
1806 442 555 647 705 
1807 509 527 542 667 
1808 415 363 401 528 
1809 554 579 507 618 
1810 292 235 262 526 
1811 392 258 232 566 
1812 232 366 392 566 
1813 210 524 682 712 
1814 445 637 555 705 
1815 298 396 364 534 
1816 500 600 554 673 
1817 515 604 564 656 
1818 347 314 578 620 
1819 546 647 635 684 
1820 495 604 564 690 
1821 144 607 528 668 
1822 502 539 595 605 
1823 507 579 554 626 
1824 526 550 650 710 
1825 444 445 555 705 
1826 512 657 622 675 
1827 628 673 568 700 
1828 531 621 711 713 
1829 601 602 248 703 
1830 402 607 521 627 
1831 415 401 423 528 
1832 262 526 235 674 
1833 546 547 499 636 
1834 497 596 625 677 
1835 488 430 489 630 
1836 147 118 556 630 
1837 304 170 166 616 
1838 501 573 535 588 
1839 134 266 227 613 
1840 376 551 644 707 
1841 163 466 434 557 
1842 191 557 163 580 
1843 291 521 265 602 
1844 227 93 134 613 
1845 515 604 664 690 
1846 461 319 297 643 
1847 390 540 650 653 
1848 501 542 527 625 
1849 526 608 550 710 
1850 519 574 628 629 
1851 396 534 562 615 
1852 490 556 457 648 
1853 430 488 468 559 
1854 335 359 342 534 
1855 529 603 383 644 
1856 539 584 537 599 
1857 143 519 623 694 
1858 516 588 565 709 
1859 380 421 410 540 
1860 203 221 581 583 
1861 347 330 620 666 
1862 496 532 578 666 
1863 532 544 503 699 
1864 360 326 296 562 
1865 532 544 496 642 
1866 117 119 568 623 
1867 499 617 524 698 
1868 243 552 246 660 
1869 110 597 539 599 
1870 527 654 640 678 
1871 143 158 623 685 
1872 612 622 606 675 
1873 190 191 208 557 
1874 316 532 312 676 
1875 178 179 181 583 
1876 305 711 308 713 
1877 537 584 539 595 
1878 405 540 390 653 
1879 457 648 556 670 
1880 518 664 543 679 
1881 542 509 634 696 
1882 405 390 540 650 
1883 537 544 496 666 
1884 589 675 512 701 
1885 488 470 456 559 
1886 493 527 619 654 
1887 278 628 290 685 
1888 97 571 104 665 
1889 500 673 628 700 
1890 533 544 503 642 
1891 358 331 301 649 
1892 515 572 535 635 
1893 136 110 539 599 
1894 175 201 174 656 
1895 265 633 521 663 
1896 541 511 601 691 
1897 538 637 555 646 
1898 106 533 108 599 
1899 493 535 573 639 
1900 503 571 556 670 
1901 172 173 598 662 
1902 521 633 607 663 
1903 136 539 139 595 
1904 245 246 612 660 
1905 143 158 685 702 
1906 550 610 390 653 
1907 266 289 613 703 
1908 342 534 359 624 
1909 521 627 494 686 
1910 565 588 516 631 
1911 448 470 567 629 
1912 493 632 535 639 
1913 510 560 559 661 
1914 514 638 569 658 
1915 172 662 522 669 
1916 523 651 510 708 
1917 537 595 539 599 
1918 541 504 612 622 
1919 336 353 592 709 
1920 353 320 592 709 
1921 330 537 293 652 
1922 317 315 337 544 
1923 210 682 524 687 
1924 191 163 198 580 
1925 162 389 212 655 
1926 221 581 183 672 
1927 379 553 382 589 
1928 527 619 654 678 
1929 520 502 577 591 
1930 109 108 533 597 
1931 517 591 590 704 
1932 517 529 591 704 
1933 494 549 579 626 
1934 494 602 561 686 
1935 511 561 593 626 
1936 220 208 201 586 
1937 278 685 236 702 
1938 494 541 657 691 
1939 414 534 396 615 
1940 502 539 584 595 
1941 550 650 540 653 
1942 510 523 600 651 
1943 106 533 599 665 
1944 305 531 711 713 
1945 583 680 546 682 
1946 155 117 119 568 
1947 252 250 288 568 
1948 526 606 495 675 
1949 311 314 343 578 
1950 108 106 107 533 
1951 210 223 695 712 
1952 568 511 673 703 
1953 526 606 576 608 
1954 197 576 604 608 
1955 95 430 559 630 
1956 175 174 598 656 
1957 496 584 539 599 
1958 369 424 412 649 
1959 354 342 575 609 
1960 499 547 635 684 
1961 494 579 549 657 
1962 301 395 333 590 
1963 453 490 457 648 
1964 204 586 531 598 
1965 248 601 541 602 
1966 546 587 161 680 
1967 496 544 537 599 
1968 373 525 683 688 
1969 482 461 431 643 
1970 136 113 139 539 
1971 326 335 327 562 
1972 538 555 498 646 
1973 512 589 657 675 
1974 376 644 377 707 
1975 373 372 525 688 
1976 440 587 429 647 
1977 496 537 584 599 
1978 265 291 234 521 
1979 494 657 541 686 
1980 100 432 122 556 
1981 493 596 527 654 
1982 471 445 538 646 
1983 511 602 601 703 
1984 246 552 276 606 
1985 619 622 549 657 
1986 401 607 402 627 
1987 203 183 221 583 
1988 527 596 640 654 
1989 173 542 176 656 
1990 96 528 144 607 
1991 499 583 546 682 
1992 170 531 204 616 
1993 537 578 496 584 
1994 496 544 533 642 
1995 479 491 629 694 
1996 545 588 516 709 
1997 95 468 123 694 
1998 543 552 518 679 
1999 173 176 175 656 
2000 500 554 632 671 
2001 288 568 250 703 
2002 138 148 577 595 
2003 503 556 533 708 
2004 521 494 561 686 
2005 497 527 640 678 
2006 108 107 109 533 
2007 322 323 302 624 
2008 342 624 306 713 
2009 539 605 570 693 
2010 635 647 508 684 
2011 173 598 542 656 
2012 527 596 497 640 
2013 483 473 569 636 
2014 424 386 412 591 
2015 246 606 276 612 
2016 509 653 551 683 
2017 280 569 238 617 
2018 490 459 432 556 
2019 510 556 533 661 
2020 533 556 503 665 
2021 144 528 605 668 
2022 500 554 600 632 
2023 127 128 607 663 
2024 344 353 320 592 
2025 522 598 542 662 
2026 107 533 106 665 
2027 245 541 248 601 
2028 493 548 549 619 
2029 514 569 638 698 
2030 470 447 567 648 
2031 120 560 559 623 
2032 499 543 617 698 
2033 503 614 571 670 
2034 509 634 525 667 
2035 507 593 560 597 
2036 331 649 520 652 
2037 472 467 451 547 
2038 332 428 465 614 
2039 372 534 414 683 
2040 525 662 522 667 
2041 278 290 236 685 
2042 145 95 559 630 
2043 458 536 646 670 
2044 510 600 560 661 
2045 512 541 657 686 
2046 362 389 162 550 
2047 567 600 510 681 
2048 373 525 372 683 
2049 181 184 680 682 
2050 428 332 295 614 
2051 399 655 526 674 
2052 442 555 444 631 
2053 115 570 561 668 
2054 185 542 173 662 
2055 210 682 223 712 
2056 384 386 422 591 
2057 510 533 651 661 
2058 480 565 454 646 
2059 204 531 171 598 
2060 500 632 600 671 
2061 344 592 320 709 
2062 137 125 537 599 
2063 105 100 556 571 
2064 411 589 627 701 
2065 537 496 578 666 
2066 517 578 677 692 
2067 199 269 165 581 
2068 364 372 408 585 
2069 494 570 528 668 
2070 138 520 649 652 
2071 513 578 532 676 
2072 388 529 615 704 
2073 446 594 567 637 
2074 210 168 687 695 
2075 506 535 632 639 
2076 334 299 121 706 
2077 461 297 431 643 
2078 249 254 558 628 
2079 207 164 187 585 
2080 130 115 150 561 
2081 94 537 125 652 
2082 336 592 545 709 
2083 402 368 425 663 
2084 535 548 515 664 
2085 164 187 525 688 
2086 547 499 636 698 
2087 386 424 577 591 
2088 308 309 545 676 
2089 505 654 641 657 
2090 251 638 279 658 
2091 386 577 422 591 
2092 162 550 389 655 
2093 399 650 526 655 
2094 551 640 529 644 
2095 335 354 327 609 
2096 130 561 613 633 
2097 143 694 102 702 
2098 402 521 607 663 
2099 244 245 601 660 
2100 428 461 480 536 
2101 293 94 124 652 
2102 331 520 620 652 
2103 281 602 264 703 
2104 634 662 213 688 
2105 504 549 548 622 
2106 496 533 544 599 
2107 504 552 612 622 
2108 500 600 567 671 
2109 244 601 558 660 
2110 365 135 404 577 
2111 240 617 543 638 
2112 329 330 293 652 
2113 316 315 312 532 
2114 204 531 586 616 
2115 525 585 534 624 
2116 505 640 551 644 
2117 583 635 546 680 
2118 108 533 597 599 
2119 265 521 234 663 
2120 523 697 642 708 
2121 554 626 549 691 
2122 434 557 463 580 
2123 560 597 111 661 
2124 276 606 287 612 
2125 541 504 622 691 
2126 493 523 611 618 
2127 293 124 329 652 
2128 460 472 569 658 
2129 509 551 667 683 
2130 356 330 347 666 
2131 412 387 590 591 
2132 345 614 659 699 
2133 471 646 538 670 
2134 522 598 621 625 
2135 546 508 635 647 
2136 529 591 383 603 
2137 105 571 556 665 
2138 224 208 191 586 
2139 497 667 527 678 
2140 511 568 673 700 
2141 503 544 533 665 
2142 378 529 383 644 
2143 563 632 554 671 
2144 458 536 480 646 
2145 336 346 353 709 
2146 372 364 414 534 
2147 385 414 396 615 
2148 255 569 251 658 
2149 176 634 186 696 
2150 138 595 520 652 
2151 175 598 173 656 
2152 593 597 507 693 
2153 526 608 194 655 
2154 222 214 183 604 
2155 187 585 525 662 
2156 360 396 326 562 
2157 533 510 651 708 
2158 537 620 330 666 
2159 515 635 535 664 
2160 499 546 583 635 
2161 238 280 230 569 
2162 530 493 596 611 
2163 567 671 600 681 
2164 490 459 556 630 
2165 525 624 522 662 
2166 195 194 655 674 
2167 483 473 433 569 
2168 345 318 614 699 
2169 533 556 510 708 
2170 111 593 114 693 
2171 525 662 634 688 
2172 316 592 532 676 
2173 538 506 637 681 
2174 444 555 442 705 
2175 240 543 242 638 
2176 501 621 598 625 
2177 542 522 662 667 
2178 501 531 586 598 
2179 247 244 245 601 
2180 536 646 670 697 
2181 295 344 319 536 
2182 171 204 170 531 
2183 523 538 697 708 
2184 522 624 575 713 
2185 501 598 572 656 
2186 266 568 288 703 
2187 143 102 158 702 
2188 240 251 617 638 
2189 203 583 581 682 
2190 513 530 596 611 
2191 308 545 336 676 
2192 97 665 106 706 
2193 276 606 552 689 
2194 186 634 610 696 
2195 137 136 125 599 
2196 519 694 685 702 
2197 513 596 530 677 
2198 115 149 570 668 
2199 183 583 179 604 
2200 500 567 629 671 
2201 566 645 512 701 
2202 448 567 446 594 
2203 462 587 440 647 
2204 489 470 630 648 
2205 266 231 288 568 
2206 155 99 134 568 
2207 245 243 246 660 
2208 529 551 615 640 
2209 399 398 566 650 
2210 132 605 570 668 
2211 444 442 443 705 
2212 497 615 534 683 
2213 115 114 150 593 
2214 258 566 392 645 
2215 148 139 133 605 
2216 477 580 463 643 
2217 383 603 381 644 
2218 468 559 488 694 
2219 549 626 494 691 
2220 108 597 110 599 
2221 308 336 309 676 
2222 328 327 343 609 
2223 458 614 536 670 
2224 500 558 628 673 
2225 461 454 480 565 
2226 276 552 271 689 
2227 303 345 614 659 
2228 532 592 316 699 
2229 472 481 450 594 
2230 210 223 168 695 
2231 411 379 382 589 
2232 130 613 126 633 
2233 362 390 389 550 
2234 504 554 549 691 
2235 109 533 107 661 
2236 428 536 458 614 
2237 444 443 445 705 
2238 176 186 202 696 
2239 174 586 204 598 
2240 433 230 255 569 
2241 249 558 244 601 
2242 144 605 132 668 
2243 512 622 612 675 
2244 185 176 173 542 
2245 524 687 473 695 
2246 131 560 111 661 
2247 262 566 261 606 
2248 358 301 333 590 
2249 497 625 527 667 
2250 491 479 435 702 
2251 508 647 555 684 
2252 504 552 543 660 
2253 606 612 552 622 
2254 184 546 161 680 
2255 195 167 194 674 
2256 148 133 577 605 
2257 120 143 623 694 
2258 495 619 540 675 
2259 390 550 362 610 
2260 361 267 229 582 
2261 231 568 99 685 
2262 499 535 635 664 
2263 189 557 190 587 
2264 501 586 572 598 
2265 349 104 339 571 
2266 538 670 646 697 
2267 276 246 271 552 
2268 503 536 670 697 
2269 555 684 647 705 
2270 439 440 429 647 
2271 433 255 460 569 
2272 277 541 245 612 
2273 376 378 377 644 
2274 242 543 241 660 
2275 544 659 503 699 
2276 497 615 551 640 
2277 344 592 536 699 
2278 136 108 110 599 
2279 573 596 493 611 
2280 516 643 616 711 
2281 263 613 602 633 
2282 512 541 612 622 
2283 149 132 570 668 
2284 539 496 599 651 
2285 267 361 403 582 
2286 296 360 562 590 
2287 303 484 349 571 
2288 296 562 328 590 
2289 111 114 112 693 
2290 556 571 503 665 
2291 365 98 135 577 
2292 111 560 116 593 
2293 494 570 561 626 
2294 238 524 695 712 
2295 495 606 552 622 
2296 510 630 556 661 
2297 535 639 506 684 
2298 156 134 93 613 
2299 362 550 162 610 
2300 522 598 531 621 
2301 441 636 547 647 
2302 449 471 445 538 
2303 177 564 180 604 
2304 555 565 498 646 
2305 336 545 346 709 
2306 396 562 385 615 
2307 439 636 546 687 
2308 315 532 316 699 
2309 269 233 165 581 
2310 471 444 445 646 
2311 115 149 132 570 
2312 452 442 444 631 
2313 496 530 611 618 
2314 254 244 558 638 
2315 585 624 525 662 
2316 225 550 608 696 
2317 225 608 564 696 
2318 434 463 464 580 
2319 109 597 533 661 
2320 244 558 638 660 
2321 147 122 118 630 
2322 516 565 631 643 
2323 184 161 546 687 
2324 529 502 591 603 
2325 98 138 148 577 
2326 606 622 495 675 
2327 180 225 215 608 
2328 144 129 607 668 
2329 94 537 293 706 
2330 321 616 580 643 
2331 555 588 508 684 
2332 531 598 501 621 
2333 470 447 448 567 
2334 257 576 292 606 
2335 555 508 588 631 
2336 69 232 392 258 
2337 69 392 232 366 
2338 332 345 318 614 
2339 535 508 588 684 
2340 522 542 598 625 
2341 136 110 113 539 
2342 349 484 151 571 
2343 530 579 502 641 
2344 388 383 378 529 
2345 439 546 636 647 
2346 170 204 166 616 
2347 556 670 648 708 
2348 505 619 549 657 
2349 252 628 568 685 
2350 176 542 185 634 
2351 376 551 375 683 
2352 503 536 614 670 
2353 542 625 522 667 
2354 493 619 549 654 
2355 265 602 521 633 
2356 505 549 654 657 
2357 157 561 127 668 
2358 323 359 340 624 
2359 373 367 372 688 
2360 172 173 171 598 
2361 181 184 182 680 
2362 130 127 561 633 
2363 501 542 598 656 
2364 529 502 603 641 
2365 466 163 48 189 
2366 402 607 406 663 
2367 657 686 627 701 
2368 505 619 540 678 
2369 209 161 587 680 
2370 524 617 569 698 
2371 523 510 600 681 
2372 512 686 657 701 
2373 241 242 240 543 
2374 466 189 429 587 
2375 509 527 678 690 
2376 624 669 306 713 
2377 189 163 190 557 
2378 466 462 557 587 
2379 246 276 287 612 
2380 550 650 390 655 
2381 495 540 619 710 
2382 263 126 93 613 
2383 289 227 266 613 
2384 330 620 537 652 
2385 471 538 449 670 
2386 578 584 537 620 
2387 498 545 592 709 
2388 555 639 588 684 
2389 540 675 650 710 
2390 121 299 97 706 
2391 119 568 623 685 
2392 426 390 650 655 
2393 249 253 254 628 
2394 536 498 565 646 
2395 580 616 516 643 
2396 147 556 122 630 
2397 204 586 224 616 
2398 347 330 314 620 
2399 151 104 349 571 
2400 389 550 390 655 
2401 242 241 243 660 
2402 477 341 580 643 
2403 450 455 448 629 
2404 619 505 654 678 
2405 303 437 484 571 
2406 497 596 527 625 
2407 256 228 159 576 
2408 264 281 248 602 
2409 252 249 250 628 
2410 321 616 643 711 
2411 413 385 562 615 
2412 539 599 597 651 
2413 423 553 381 603 
2414 199 269 581 672 
2415 414 534 615 683 
2416 405 540 410 650 
2417 303 614 571 659 
2418 241 543 240 679 
2419 128 400 146 607 
2420 323 340 585 624 
2421 264 602 263 613 
2422 118 630 145 661 
2423 493 611 530 618 
2424 185 634 542 662 
2425 544 599 533 665 
2426 310 575 309 692 
2427 524 569 636 698 
2428 299 121 27 334 
2429 376 615 551 683 
2430 429 161 438 687 
2431 257 576 606 689 
2432 513 677 578 692 
2433 113 539 110 693 
2434 376 375 374 683 
2435 375 653 373 683 
2436 448 456 470 629 
2437 379 553 589 644 
2438 425 582 394 627 
2439 640 654 505 678 
2440 600 671 632 681 
2441 323 585 302 624 
2442 276 261 287 606 
2443 344 316 592 699 
2444 494 561 570 668 
2445 303 437 571 614 
2446 517 677 609 692 
2447 296 327 328 562 
2448 197 604 180 608 
2449 511 613 602 703 
2450 105 556 147 665 
2451 263 93 227 613 
2452 472 483 460 569 
2453 391 390 610 653 
2454 280 240 251 617 
2455 238 581 617 712 
2456 304 166 300 616 
2457 482 431 463 643 
2458 458 428 480 536 
2459 451 547 441 636 
2460 406 607 128 663 
2461 332 465 303 614 
2462 564 608 550 696 
2463 137 537 94 706 
2464 406 400 128 607 
2465 164 213 187 688 
2466 378 383 381 644 
2467 543 617 240 679 
2468 190 209 587 680 
2469 70 409 232 274 
2470 517 584 578 620 
2471 521 561 602 686 
2472 268 469 427 574 
2473 556 648 510 708 
2474 570 605 528 668 
2475 222 180 197 604 
2476 578 676 513 692 
2477 335 298 359 534 
2478 360 326 82 296 
2479 159 193 256 576 
2480 266 99 13 231 
2481 449 538 445 637 
2482 383 591 529 704 
2483 134 99 13 266 
2484 277 248 245 541 
2485 201 208 174 586 
2486 561 602 511 613 
2487 391 610 373 653 
2488 303 465 437 614 
2489 388 383 529 704 
2490 117 116 119 623 
2491 446 567 448 637 
2492 246 243 271 552 
2493 509 527 667 678 
2494 500 560 600 700 
2495 504 601 558 673 
2496 522 669 624 713 
2497 497 667 551 683 
2498 414 364 396 534 
2499 535 588 573 639 
2500 429 466 47 189 
2501 249 244 247 601 
2502 516 586 531 616 
2503 523 510 681 708 
2504 448 567 447 637 
2505 120 623 559 694 
2506 180 564 225 608 
2507 509 634 610 688 
2508 456 559 629 694 
2509 493 523 618 632 
2510 354 575 310 609 
2511 558 601 504 660 
2512 462 440 442 647 
2513 356 537 330 666 
2514 524 636 473 687 
2515 477 463 431 643 
2516 105 100 147 556 
2517 290 628 252 685 
2518 527 625 542 667 
2519 578 620 537 666 
2520 581 672 269 679 
2521 422 365 404 577 
2522 496 611 532 642 
2523 201 178 572 656 
2524 537 595 125 652 
2525 221 199 581 672 
2526 11 93 263 126 
2527 279 574 226 658 
2528 186 610 200 696 
2529 413 615 562 704 
2530 238 617 524 712 
2531 535 588 639 684 
2532 401 402 416 627 
2533 479 455 574 629 
2534 507 539 597 651 
2535 550 653 540 710 
2536 509 653 550 710 
2537 409 70 232 366 
2538 497 551 615 683 
2539 219 487 351 580 
2540 321 324 580 616 
2541 442 647 441 705 
2542 501 598 542 625 
2543 116 560 120 623 
2544 436 473 687 695 
2545 538 637 449 648 
2546 553 627 589 657 
2547 504 541 601 691 
2548 129 127 607 668 
2549 119 623 158 685 
2550 632 639 523 681 
2551 263 126 613 633 
2552 396 413 385 562 
2553 351 487 477 580 
2554 457 556 492 670 
2555 110 539 597 693 
2556 96 144 129 607 
2557 255 280 251 569 
2558 305 325 308 711 
2559 413 385 615 704 
2560 267 66 368 403 
2561 526 650 566 675 
2562 196 608 550 655 
2563 278 574 253 628 
2564 334 355 299 706 
2565 540 678 619 710 
2566 366 399 398 566 
2567 232 261 262 566 
2568 282 248 541 602 
2569 310 354 342 575 
2570 245 248 247 601 
2571 462 463 557 631 
2572 556 630 510 648 
2573 526 566 606 675 
2574 105 140 100 571 
2575 517 590 562 704 
2576 426 389 390 655 
2577 381 603 553 644 
2578 268 427 226 574 
2579 196 194 608 655 
2580 602 613 264 703 
2581 589 657 627 701 
2582 255 433 76 230 
2583 497 575 609 677 
2584 382 381 423 553 
2585 221 183 199 672 
2586 20 432 459 122 
2587 509 610 550 653 
2588 494 579 570 626 
2589 570 579 507 626 
2590 219 351 324 580 
2591 497 551 667 678 
2592 488 559 456 694 
2593 324 206 580 616 
2594 248 277 282 541 
2595 380 410 405 540 
2596 11 93 227 263 
2597 160 170 54 294 
2598 413 388 385 704 
2599 481 427 574 658 
2600 94 125 124 652 
2601 375 551 653 683 
2602 405 410 390 650 
2603 196 225 550 608 
2604 134 227 266 12 
2605 229 260 259 645 
2606 199 165 221 581 
2607 133 135 148 577 
2608 379 381 382 553 
2609 189 161 429 587 
2610 380 589 540 707 
2611 518 679 552 689 
2612 134 227 12 93 
2613 309 310 307 575 
2614 184 161 209 680 
2615 180 604 564 608 
2616 294 170 54 304 
2617 506 639 632 681 
2618 196 215 225 608 
2619 549 619 548 622 
2620 219 198 464 580 
2621 458 646 471 670 
2622 446 448 447 637 
2623 179 183 181 583 
2624 520 595 584 620 
2625 433 255 76 460 
2626 493 530 596 654 
2627 184 546 680 682 
2628 293 330 356 537 
2629 229 582 260 645 
2630 500 623 560 700 
2631 307 575 342 713 
2632 137 106 599 706 
2633 379 381 553 644 
2634 159 214 576 672 
2635 562 590 360 704 
2636 570 605 132 693 
2637 137 599 537 706 
2638 116 131 120 560 
2639 114 117 150 593 
2640 228 672 576 689 
2641 163 466 48 434 
2642 120 145 95 559 
2643 111 597 109 661 
2644 522 621 575 625 
2645 94 137 125 537 
2646 355 317 337 544 
2647 497 640 551 678 
2648 494 657 549 691 
2649 537 599 544 706 
2650 186 200 211 696 
2651 255 460 569 658 
2652 507 600 554 618 
2653 188 438 161 687 
2654 554 618 600 632 
2655 199 41 165 269 
2656 509 690 678 710 
2657 355 317 544 666 
2658 477 341 351 580 
2659 127 633 101 663 
2660 156 130 150 613 
2661 564 690 509 710 
2662 376 374 615 683 
2663 355 357 299 659 
2664 380 540 405 707 
2665 387 590 591 704 
2666 496 611 642 651 
2667 529 641 603 644 
2668 296 333 360 590 
2669 174 204 171 598 
2670 327 296 326 562 
2671 355 666 544 706 
2672 447 637 567 648 
2673 399 370 655 674 
2674 398 392 566 645 
2675 258 261 566 645 
2676 238 581 239 617 
2677 219 324 206 580 
2678 388 615 385 704 
2679 446 467 594 705 
2680 263 602 265 633 
2681 268 236 73 469 
2682 495 622 619 675 
2683 34 404 365 135 
2684 198 163 49 434 
2685 344 536 318 699 
2686 366 398 392 566 
2687 232 258 261 566 
2688 159 576 228 672 
2689 464 487 219 580 
2690 477 431 341 643 
2691 499 635 535 684 
2692 244 249 254 558 
2693 190 220 209 680 
2694 507 593 570 626 
2695 228 576 257 689 
2696 104 571 105 665 
2697 130 126 127 633 
2698 523 642 611 651 
2699 533 599 496 651 
2700 113 605 539 693 
2701 495 548 619 622 
2702 302 192 52 322 
2703 332 465 87 303 
2704 383 591 384 603 
2705 547 594 467 705 
2706 467 441 547 705 
2707 513 596 573 611 
2708 542 662 634 667 
2709 47 429 189 161 
2710 238 239 581 712 
2711 564 608 495 710 
2712 361 267 67 229 
2713 194 576 197 608 
2714 347 578 313 666 
2715 115 561 157 668 
2716 448 446 450 594 
2717 429 438 439 687 
2718 295 319 89 428 
2719 425 416 402 627 
2720 465 87 303 437 
2721 479 455 469 574 
2722 422 386 424 577 
2723 236 73 469 435 
2724 597 651 533 661 
2725 413 562 360 704 
2726 516 616 531 711 
2727 494 627 553 657 
2728 434 49 198 464 
2729 442 441 443 705 
2730 200 610 211 696 
2731 121 299 27 97 
2732 498 588 555 639 
2733 203 682 581 712 
2734 180 177 202 564 
2735 522 621 531 713 
2736 396 326 82 360 
2737 400 401 363 607 
2738 439 636 441 647 
2739 321 643 709 711 
2740 503 614 536 699 
2741 267 361 67 403 
2742 52 192 302 169 
2743 505 540 589 707 
2744 365 422 424 577 
2745 493 618 554 632 
2746 268 253 278 574 
2747 547 636 546 647 
2748 583 635 515 664 
2749 267 66 234 368 
2750 89 319 461 428 
2751 279 253 226 574 
2752 503 533 642 708 
2753 546 508 587 680 
2754 131 111 109 661 
2755 545 592 336 676 
2756 103 338 24 652 
2757 204 208 224 586 
2758 157 115 130 561 
2759 320 297 319 643 
2760 536 592 498 697 
2761 496 618 611 651 
2762 504 601 673 691 
2763 508 546 587 647 
2764 399 426 650 655 
2765 167 235 38 193 
2766 293 537 356 706 
2767 505 644 551 707 
2768 402 400 406 607 
2769 570 593 507 693 
2770 396 83 326 298 
2771 116 111 131 560 
2772 263 264 265 602 
2773 111 116 114 593 
2774 446 594 637 705 
2775 166 55 170 304 
2776 357 303 571 659 
2777 533 597 599 651 
2778 172 171 160 669 
2779 19 459 430 630 
2780 538 646 498 697 
2781 130 127 157 561 
2782 462 434 466 557 
2783 239 581 269 679 
2784 601 511 673 691 
2785 506 555 637 705 
2786 355 317 666 706 
2787 357 303 339 571 
2788 512 582 686 701 
2789 113 132 605 693 
2790 349 339 303 571 
2791 432 20 100 122 
2792 540 509 653 678 
2793 229 361 582 645 
2794 94 124 25 293 
2795 548 619 527 690 
2796 584 595 537 620 
2797 321 580 341 643 
2798 430 468 18 95 
2799 193 235 38 256 
2800 532 498 592 697 
2801 455 481 427 574 
2802 293 124 25 329 
2803 332 303 345 614 
2804 357 345 303 659 
2805 467 441 451 547 
2806 338 329 24 652 
2807 97 106 121 706 
2808 475 484 437 571 
2809 577 591 502 603 
2810 505 641 553 657 
2811 193 197 194 576 
2812 135 365 34 98 
2813 270 269 672 679 
2814 447 449 637 648 
2815 539 507 597 693 
2816 197 159 214 576 
2817 509 542 634 667 
2818 240 242 251 638 
2819 475 437 492 571 
2820 504 673 554 691 
2821 382 401 416 627 
2822 203 223 682 712 
2823 460 481 472 658 
2824 540 505 678 707 
2825 523 642 651 708 
2826 395 360 333 590 
2827 344 318 316 699 
2828 447 449 445 637 
2829 184 188 161 687 
2830 471 458 480 646 
2831 407 424 369 649 
2832 379 644 589 707 
2833 600 618 523 632 
2834 41 165 269 233 
2835 533 651 642 708 
2836 398 393 392 645 
2837 162 610 550 696 
2838 530 493 618 654 
2839 549 622 504 691 
2840 19 430 95 630 
2841 129 127 128 607 
2842 344 295 318 536 
2843 220 572 201 680 
2844 291 265 282 602 
2845 319 90 461 297 
2846 258 259 261 645 
2847 432 492 490 556 
2848 503 697 538 708 
2849 100 122 147 556 
2850 403 394 425 582 
2851 544 503 659 665 
2852 99 568 155 685 
2853 231 288 568 685 
2854 496 642 533 651 
2855 347 314 313 578 
2856 601 673 511 703 
2857 233 581 239 712 
2858 255 251 279 658 
2859 536 498 646 697 
2860 180 202 225 564 
2861 505 589 553 644 
2862 427 469 268 74 
2863 540 678 653 707 
2864 388 376 385 615 
2865 503 670 538 697 
2866 276 257 606 689 
2867 441 647 547 705 
2868 175 174 173 598 
2869 431 297 341 643 
2870 174 208 204 586 
2871 321 709 346 711 
2872 519 629 559 694 
2873 191 190 163 557 
2874 127 101 128 663 
2875 308 346 336 545 
2876 478 457 492 670 
2877 544 666 537 706 
2878 627 686 582 701 
2879 321 643 320 709 
2880 567 594 506 637 
2881 489 630 453 648 
2882 553 589 505 657 
2883 568 628 519 685 
2884 281 247 248 601 
2885 503 642 532 697 
2886 414 615 374 683 
2887 46 438 429 161 
2888 383 386 384 591 
2889 515 664 548 690 
2890 375 653 551 707 
2891 509 678 540 710 
2892 103 138 649 652 
2893 546 635 508 680 
2894 482 463 452 631 
2895 503 670 556 708 
2896 611 618 523 651 
2897 116 117 114 593 
2898 257 292 276 606 
2899 133 139 113 605 
2900 461 482 454 565 
2901 521 602 561 633 
2902 97 104 105 665 
2903 434 462 463 557 
2904 356 666 317 706 
2905 177 180 179 604 
2906 530 641 640 654 
2907 537 620 595 652 
2908 129 157 127 668 
2909 97 299 28 339 
2910 123 143 120 694 
2911 373 610 397 688 
2912 206 300 166 616 
2913 428 458 465 614 
2914 321 324 341 580 
2915 602 613 561 633 
2916 509 667 551 678 
2917 123 18 468 95 
2918 225 162 550 696 
2919 88 428 465 332 
2920 524 617 581 712 
2921 603 641 553 644 
2922 149 144 132 668 
2923 183 179 222 604 
2924 74 268 427 226 
2925 355 356 317 706 
2926 427 226 574 658 
2927 678 690 619 710 
2928 582 645 361 701 
2929 291 260 267 582 
2930 439 451 441 636 
2931 196 194 215 608 
2932 311 313 314 578 
2933 242 244 638 660 
2934 503 536 697 699 
2935 546 682 184 687 
2936 202 225 564 696 
2937 308 346 545 711 
2938 337 355 544 659 
2939 436 687 168 695 
2940 256 257 228 576 
2941 80 333 301 395 
2942 511 673 626 700 
2943 394 582 361 701 
2944 492 457 490 556 
2945 530 579 641 654 
2946 262 261 276 606 
2947 242 638 543 660 
2948 221 581 165 712 
2949 389 60 162 212 
2950 331 338 649 652 
2951 412 386 387 591 
2952 394 627 582 701 
2953 550 608 526 655 
2954 626 673 511 691 
2955 396 83 298 364 
2956 494 627 657 686 
2957 515 564 604 690 
2958 520 595 620 652 
2959 515 604 583 664 
2960 583 604 518 664 
2961 238 695 237 712 
2962 339 28 97 104 
2963 523 681 538 708 
2964 537 666 356 706 
2965 508 535 635 684 
2966 489 453 470 648 
2967 266 288 289 703 
2968 511 626 593 700 
2969 256 228 39 159 
2970 506 594 547 705 
2971 431 461 90 297 
2972 571 659 503 665 
2973 457 449 648 670 
2974 538 670 503 708 
2975 522 662 624 669 
2976 311 309 676 692 
2977 505 551 640 678 
2978 506 594 567 671 
2979 168 436 45 687 
2980 416 627 394 701 
2981 158 99 155 685 
2982 231 290 288 685 
2983 138 139 148 595 
2984 546 636 524 687 
2985 307 342 306 713 
2986 466 440 462 587 
2987 118 122 145 630 
2988 397 362 61 610 
2989 371 207 164 63 
2990 293 26 94 706 
2991 256 39 193 159 
2992 61 362 162 610 
2993 88 295 428 332 
2994 390 362 391 610 
2995 302 352 169 585 
2996 294 306 669 713 
2997 311 309 312 676 
2998 223 205 695 712 
2999 324 300 206 616 
3000 301 369 80 395 
3001 236 685 273 702 
3002 653 678 551 707 
3003 438 46 188 161 
3004 503 697 532 699 
3005 360 413 396 562 
3006 596 640 530 677 
3007 472 450 467 594 
3008 414 385 374 615 
3009 338 103 649 652 
3010 203 181 183 583 
3011 499 635 583 664 
3012 506 632 671 681 
3013 506 639 555 684 
3014 109 107 118 661 
3015 457 449 453 648 
3016 142 685 158 702 
3017 321 320 346 709 
3018 581 682 524 712 
3019 254 242 244 638 
3020 84 340 298 364 
3021 540 653 405 707 
3022 380 379 589 707 
3023 549 619 505 654 
3024 538 648 449 670 
3025 206 56 166 300 
3026 358 348 331 620 
3027 432 21 475 100 
3028 310 342 307 575 
3029 162 211 610 696 
3030 77 275 433 476 
3031 530 618 579 654 
3032 399 410 398 650 
3033 376 374 385 615 
3034 474 694 491 702 
3035 197 180 215 608 
3036 176 177 175 656 
3037 519 623 568 685 
3038 238 233 239 712 
3039 341 324 351 580 
3040 443 637 445 705 
3041 196 225 162 550 
3042 399 370 426 655 
3043 119 143 158 623 
3044 456 629 491 694 
3045 110 597 111 693 
3046 223 221 165 712 
3047 81 333 360 296 
3048 331 620 330 652 
3049 559 623 519 694 
3050 459 19 122 630 
3051 524 682 546 687 
3052 340 302 323 585 
3053 225 211 162 696 
3054 352 216 169 585 
3055 573 588 498 639 
3056 510 648 567 681 
3057 507 600 618 651 
3058 98 365 35 407 
3059 201 175 178 656 
3060 360 590 387 704 
3061 103 24 124 652 
3062 306 342 323 624 
3063 346 709 545 711 
3064 239 617 581 679 
3065 313 315 317 666 
3066 509 540 653 710 
3067 165 581 233 712 
3068 411 627 416 701 
3069 273 236 290 685 
3070 186 634 213 688 
3071 647 684 547 705 
3072 523 618 600 651 
3073 191 198 206 580 
3074 397 373 391 610 
3075 209 189 190 587 
3076 300 616 321 711 
3077 362 60 162 389 
3078 272 154 101 663 
3079 634 662 525 667 
3080 19 95 122 630 
3081 109 110 108 597 
3082 425 394 416 627 
3083 270 239 269 679 
3084 538 648 670 708 
3085 361 229 68 645 
3086 403 361 394 582 
3087 416 411 382 627 
3088 495 619 548 690 
3089 63 164 371 367 
3090 509 550 610 696 
3091 417 218 195 674 
3092 26 121 94 706 
3093 476 473 436 695 
3094 238 275 237 695 
3095 151 140 104 571 
3096 125 595 138 652 
3097 495 675 540 710 
3098 200 397 61 610 
3099 275 433 230 77 
3100 130 93 126 613 
3101 159 197 193 576 
3102 483 433 460 569 
3103 400 32 146 363 
3104 220 201 182 680 
3105 136 139 125 595 
3106 423 384 415 603 
3107 293 334 26 706 
3108 270 672 228 689 
3109 289 264 613 703 
3110 361 645 393 701 
3111 146 96 129 607 
3112 289 281 264 703 
3113 572 508 635 680 
3114 364 84 340 408 
3115 278 252 290 628 
3116 292 257 256 576 
3117 219 206 198 580 
3118 168 45 188 687 
3119 259 277 287 612 
3120 551 653 509 678 
3121 310 609 575 692 
3122 371 207 420 585 
3123 124 24 329 652 
3124 375 405 653 707 
3125 391 373 375 653 
3126 506 684 555 705 
3127 168 223 205 695 
3128 550 608 564 710 
3129 192 662 172 669 
3130 387 395 412 590 
3131 352 408 420 585 
3132 55 166 300 304 
3133 255 230 280 569 
3134 56 206 324 300 
3135 216 420 207 585 
3136 199 183 214 672 
3137 285 154 272 663 
3138 142 158 102 702 
3139 333 81 360 395 
3140 375 377 405 707 
3141 91 477 431 341 
3142 181 583 203 682 
3143 540 650 550 710 
3144 467 443 441 705 
3145 368 419 285 663 
3146 505 553 641 644 
3147 272 101 633 663 
3148 61 162 200 610 
3149 411 416 394 701 
3150 408 352 340 585 
3151 473 636 438 687 
3152 439 438 636 687 
3153 258 68 229 645 
3154 361 68 392 645 
3155 435 474 491 702 
3156 400 402 401 607 
3157 506 632 563 671 
3158 551 678 505 707 
3159 446 443 467 705 
3160 466 429 440 587 
3161 464 463 477 580 
3162 387 591 383 704 
3163 518 672 581 679 
3164 268 226 253 574 
3165 21 140 475 100 
3166 148 135 98 577 
3167 510 648 681 708 
3168 294 305 306 713 
3169 35 98 407 141 
3170 229 267 260 582 
3171 456 479 491 629 
3172 446 467 450 594 
3173 176 185 186 634 
3174 172 185 173 662 
3175 477 487 464 580 
3176 455 427 469 574 
3177 106 108 137 599 
3178 446 637 443 705 
3179 576 672 518 689 
3180 210 184 682 687 
3181 262 235 274 674 
3182 409 370 399 674 
3183 258 392 68 645 
3184 530 640 596 654 
3185 264 263 227 613 
3186 408 372 371 585 
3187 169 207 187 585 
3188 296 328 333 590 
3189 394 361 393 701 
3190 526 650 550 655 
3191 316 336 592 676 
3192 513 575 677 692 
3193 567 637 506 681 
3194 144 133 132 605 
3195 369 350 418 649 
3196 523 600 632 681 
3197 506 671 567 681 
3198 262 276 292 606 
3199 377 644 379 707 
3200 240 617 239 679 
3201 213 634 185 662 
3202 417 195 370 674 
3203 342 359 323 624 
3204 442 452 462 631 
3205 436 438 45 687 
3206 431 297 91 341 
3207 506 637 594 705 
3208 445 443 446 637 
3209 115 157 149 668 
3210 241 679 270 689 
3211 610 634 509 696 
3212 495 690 564 710 
3213 391 405 390 653 
3214 331 330 329 652 
3215 270 228 257 689 
3216 571 614 503 659 
3217 538 681 648 708 
3218 140 105 104 571 
3219 352 420 216 585 
3220 512 657 589 701 
3221 462 452 463 631 
3222 247 601 281 703 
3223 218 286 167 674 
3224 413 360 387 704 
3225 575 621 522 713 
3226 545 709 516 711 
3227 105 147 107 665 
3228 271 241 270 689 
3229 506 547 684 705 
3230 516 709 643 711 
3231 10 126 263 633 
3232 592 697 536 699 
3233 353 346 320 709 
3234 272 101 10 633 
3235 137 121 106 706 
3236 26 334 121 706 
3237 458 471 449 670 
3238 96 146 32 363 
3239 505 589 644 707 
3240 113 112 132 693 
3241 532 697 592 699 
3242 368 285 234 663 
3243 495 619 690 710 
3244 141 103 138 649 
3245 272 10 263 633 
3246 619 678 527 690 
3247 374 375 373 683 
3248 369 301 350 649 
3249 10 101 126 633 
3250 418 153 407 649 
3251 300 321 325 711 
3252 321 300 324 616 
3253 239 233 269 581 
3254 235 167 286 674 
3255 516 565 643 709 
3256 454 444 471 646 
3257 200 397 610 688 
3258 353 316 336 592 
3259 301 331 338 649 
3260 509 550 696 710 
3261 186 213 200 688 
3262 129 128 146 607 
3263 421 589 411 701 
3264 130 156 93 613 
3265 137 108 136 599 
3266 270 679 672 689 
3267 153 141 407 649 
3268 284 485 72 702 
3269 337 357 355 659 
3270 110 111 112 693 
3271 276 271 257 689 
3272 65 419 285 368 
3273 177 178 175 656 
3274 372 414 374 683 
3275 417 58 195 218 
3276 174 171 173 598 
3277 380 377 379 707 
3278 488 456 491 694 
3279 166 204 224 616 
3280 194 197 215 608 
3281 200 162 211 610 
3282 210 188 184 687 
3283 145 122 95 630 
3284 395 387 360 590 
3285 387 386 383 591 
3286 521 582 627 686 
3287 315 316 318 699 
3288 109 111 110 597 
3289 567 648 637 681 
3290 439 438 473 636 
3291 195 655 370 674 
3292 124 125 138 652 
3293 236 284 72 702 
3294 485 435 72 702 
3295 119 116 120 623 
3296 120 143 119 623 
3297 497 640 596 677 
3298 470 453 447 648 
3299 609 677 575 692 
3300 512 645 582 701 
3301 192 187 172 662 
3302 333 328 358 590 
3303 45 438 188 687 
3304 238 239 240 617 
3305 489 490 453 630 
3306 474 102 694 702 
3307 227 289 264 613 
3308 406 154 419 663 
3309 153 338 103 649 
3310 503 659 614 699 
3311 564 696 550 710 
3312 478 614 458 670 
3313 349 303 86 484 
3314 277 245 246 612 
3315 509 696 564 710 
3316 153 350 338 649 
3317 554 673 626 691 
3318 491 468 488 694 
3319 274 71 409 674 
3320 406 368 402 663 
3321 337 315 318 699 
3322 196 195 194 655 
3323 142 152 273 702 
3324 343 609 310 692 
3325 353 344 316 592 
3326 128 154 406 663 
3327 101 272 9 154 
3328 121 137 94 706 
3329 17 474 102 694 
3330 423 381 384 603 
3331 72 435 236 702 
3332 460 255 75 658 
3333 285 234 65 368 
3334 379 411 380 589 
3335 195 370 58 417 
3336 373 372 374 683 
3337 505 640 641 654 
3338 79 418 369 350 
3339 381 383 384 603 
3340 389 59 212 655 
3341 637 648 538 681 
3342 132 133 113 605 
3343 144 149 129 668 
3344 338 23 153 103 
3345 303 86 484 437 
3346 430 459 489 630 
3347 379 377 378 644 
3348 503 642 697 708 
3349 237 283 205 695 
3350 200 62 397 688 
3351 250 247 281 703 
3352 350 23 153 338 
3353 199 40 269 672 
3354 272 285 9 154 
3355 490 489 459 630 
3356 486 436 217 695 
3357 672 679 518 689 
3358 436 473 438 687 
3359 168 217 436 695 
3360 254 279 251 638 
3361 51 302 352 169 
3362 244 243 245 660 
3363 421 380 411 589 
3364 282 264 248 602 
3365 206 166 224 616 
3366 160 294 53 669 
3367 283 217 205 695 
3368 284 273 152 702 
3369 343 354 310 609 
3370 468 474 17 694 
3371 274 286 71 674 
3372 417 409 71 674 
3373 301 79 369 350 
3374 241 240 239 679 
3375 316 312 336 676 
3376 228 269 40 672 
3377 103 124 138 652 
3378 219 198 50 464 
3379 331 329 338 652 
3380 343 327 354 609 
3381 189 209 161 587 
3382 442 440 441 647 
3383 288 250 289 703 
3384 102 474 152 702 
3385 322 53 294 669 
3386 152 273 15 142 
3387 485 152 474 702 
3388 216 51 352 169 
3389 40 159 228 672 
3390 218 167 195 674 
3391 179 180 222 604 
3392 187 213 185 662 
3393 478 437 465 614 
3394 142 273 685 702 
3395 113 110 112 693 
3396 192 53 322 669 
3397 446 447 445 637 
3398 388 387 383 704 
3399 249 252 253 628 
3400 14 231 99 685 
3401 330 348 314 620 
3402 464 50 219 487 
3403 427 75 226 658 
3404 340 352 302 585 
3405 476 486 283 695 
3406 280 238 240 617 
3407 212 59 195 655 
3408 218 286 37 167 
3409 17 102 123 694 
3410 379 378 381 644 
3411 483 451 473 636 
3412 392 393 361 645 
3413 264 282 265 602 
3414 305 308 307 713 
3415 118 145 131 661 
3416 330 331 348 620 
3417 278 253 252 628 
3418 478 465 458 614 
3419 397 391 362 610 
3420 229 259 258 645 
3421 417 71 286 674 
3422 471 480 454 646 
3423 123 468 17 694 
3424 283 205 43 237 
3425 448 455 456 629 
3426 226 75 255 658 
3427 275 476 283 695 
3428 427 460 75 658 
3429 479 456 455 629 
3430 286 235 37 167 
3431 418 153 36 407 
3432 22 151 484 475 
3433 283 43 205 217 
3434 152 15 273 284 
3435 406 30 419 154 
3436 138 125 139 595 
3437 188 210 168 687 
3438 367 397 62 688 
3439 40 199 159 672 
3440 355 334 356 706 
3441 408 371 420 585 
3442 371 420 207 64 
3443 192 160 53 669 
3444 237 695 205 712 
3445 216 207 169 585 
3446 486 436 44 217 
3447 273 231 14 685 
3448 99 142 14 685 
3449 242 243 244 660 
3450 389 370 59 655 
3451 420 216 207 64 
3452 283 476 78 486 
3453 168 44 436 217 
3454 407 153 36 141 
3455 151 22 140 475 
3456 370 195 59 655 
3457 487 351 477 92 
3458 30 406 128 154 
3459 273 14 142 685 
3460 185 213 186 634 
3461 272 234 285 663 
3462 440 439 441 647 
3463 57 206 219 324 
3464 351 57 219 324 
3465 97 105 106 665 
3466 373 397 367 688 
3467 476 283 78 275 
3468 407 369 418 649 
3469 377 380 405 707 
3470 209 182 184 680 
3471 311 343 310 692 
3472 351 341 477 92 
3473 149 157 129 668 
3474 228 270 269 672 
3475 485 152 16 474 
3476 85 340 408 352 
3477 460 76 75 255 
3478 164 62 200 688 
3479 317 347 313 666 
3480 336 312 309 676 
3481 297 321 341 643 
3482 184 181 203 682 
3483 73 236 72 435 
3484 86 303 87 437 
3485 367 62 164 688 
3486 186 211 202 696 
3487 419 154 285 663 
3488 408 420 85 352 
3489 102 16 152 474 
3490 418 350 153 649 
3491 237 205 42 712 
3492 251 242 254 638 
3493 205 165 42 712 
3494 293 356 334 706 
3495 107 106 105 665 
3496 361 68 229 67 
3497 308 325 346 711 
3498 69 392 68 258 
3499 109 118 131 661 
3500 410 426 390 650 
3501 322 294 306 669 
3502 69 232 70 366 
3503 126 101 127 633 
3504 263 265 272 633 
3505 65 234 66 368 
3506 391 375 405 653 
3507 165 233 42 712 
3508 287 277 246 612 
3509 453 449 447 648 
3510 79 369 80 301 
3511 170 55 54 304 
3512 101 154 128 663 
3513 143 123 102 694 
3514 421 411 393 701 
3515 478 458 457 670 
3516 199 40 41 269 
3517 263 10 11 126 
3518 218 417 286 674 
3519 404 34 33 135 
3520 58 59 370 195 
3521 279 226 255 658 
3522 466 48 47 189 
3523 321 346 325 711 
3524 481 460 427 658 
3525 297 320 321 643 
3526 302 51 52 169 
3527 356 347 317 666 
3528 473 451 439 636 
3529 459 19 20 122 
3530 49 50 198 464 
3531 26 27 121 334 
3532 14 13 99 231 
3533 82 83 326 396 
3534 193 38 39 256 
3535 47 46 429 161 
3536 237 233 238 712 
3537 311 310 309 692 
3538 9 10 272 101 
3539 61 60 162 362 
3540 61 397 200 62 
3541 168 44 45 436 
3542 235 38 37 167 
3543 237 42 233 712 
3544 461 90 319 89 
3545 160 54 53 294 
3546 399 426 410 650 
3547 24 23 338 103 
3548 94 25 26 293 
3549 53 52 192 322 
3550 185 172 187 662 
3551 486 217 283 695 
3552 48 49 163 434 
3553 206 57 56 324 
3554 199 214 159 672 
3555 457 458 449 670 
3556 267 66 403 67 
3557 228 40 39 159 
3558 210 203 223 682 
3559 469 73 268 74 
3560 134 13 12 266 
3561 241 239 270 679 
3562 406 31 30 128 
3563 152 485 284 702 
3564 184 203 210 682 
3565 202 211 225 696 
3566 71 409 70 274 
3567 212 195 196 655 
3568 192 172 160 669 
3569 393 411 394 701 
3570 408 84 340 85 
3571 63 371 207 64 
3572 87 88 465 332 
3573 17 18 468 123 
3574 124 24 25 329 
3575 81 333 80 395 
3576 18 19 430 95 
3577 360 82 81 296 
3578 28 27 299 97 
3579 284 236 273 702 
3580 257 271 270 689 
3581 418 4 153 350 
3582 286 6 417 218 
3583 285 419 2 154 
3584 352 420 8 216 
3585 151 349 3 484 
3586 284 152 1 485 
3587 5 283 486 217 
3588 351 219 7 487 
3589 474 468 491 694 
3590 301 338 350 649 
3591 387 388 413 704 
3592 433 76 230 77 
3593 432 20 21 100 
3594 102 17 16 474 
3595 205 217 168 695 
3596 93 12 11 227 
3597 75 74 427 226 
3598 365 35 34 98 
3599 84 298 83 364 
3600 426 370 389 655 
3601 42 43 205 237 
3602 29 28 339 104 
3603 305 307 306 713 
3604 476 77 275 78 
3605 428 89 295 88 
3606 141 153 103 649 
3607 142 102 152 702 
3608 165 41 42 233 
3609 474 435 485 702 
3610 235 286 274 674 
3611 409 417 370 674 
3612 341 91 477 92 
3613 56 55 166 300 
3614 213 164 200 688 
3615 237 275 283 695 
3616 45 46 188 438 
3617 36 35 407 141 
3618 140 22 21 475 
3619 436 486 476 695 
3620 368 406 419 663 
3621 90 431 297 91 
3622 146 31 32 400 
3623 367 63 164 62 
3624 389 59 60 212 
3625 231 273 290 685 
3626 158 142 99 685 
3627 273 14 15 142 
3628 220 182 209 680 
3629 283 5 43 217 
3630 153 36 4 418 
3631 1 15 152 284 
3632 6 417 71 286 
3633 486 283 5 78 
3634 216 420 8 64 
3635 151 3 22 484 
3636 50 7 219 487 
3637 3 29 349 151 
3638 352 8 51 216 
3639 153 4 23 350 
3640 7 351 487 92 
3641 2 9 285 154 
3642 345 357 337 659 
3643 205 223 165 712 
3644 219 7 57 351 
3645 85 420 8 352 
3646 289 250 281 703 
3647 152 16 1 485 
3648 44 5 486 217 
3649 1 72 284 485 
3650 86 3 349 484 
3651 32 33 96 363 
3652 419 30 2 154 
3653 6 58 417 218 
3654 419 2 65 285 
3655 286 37 6 218 
3656 79 4 418 350 
3657 709 536 498 565 
3658 709 498 536 592 
3659 680 190 586 557 
3660 680 586 190 220 
3661 594 658 574 514 
3662 574 658 594 481 
3663 615 640 677 529 
3664 677 640 615 497 
3665 612 260 541 582 
3666 612 541 260 277 
3667 709 319 643 320 
3668 709 643 319 565 
3669 313 676 311 312 
3670 311 676 313 578 
3671 695 230 238 275 
3672 695 238 230 524 
3673 695 433 473 524 
3674 695 473 433 476 
3675 451 698 483 472 
3676 483 698 451 636 
3677 620 328 358 348 
3678 620 358 328 590 
3679 698 506 684 563 
3680 698 684 506 547 
3681 680 178 201 182 
3682 680 201 178 572 
3683 677 529 530 517 
3684 677 530 529 640 
3685 282 582 541 260 
3686 541 582 282 686 
3687 656 527 690 515 
3688 656 690 527 542 
3689 692 517 343 609 
3690 692 343 517 578 
3691 671 698 506 594 
3692 506 698 671 563 
3693 615 609 677 497 
3694 615 677 609 562 
3695 697 611 523 642 
3696 697 523 611 498 
3697 639 493 523 573 
3698 639 523 493 632 
3699 563 664 535 499 
3700 535 664 563 548 
3701 598 201 586 572 
3702 598 586 201 174 
3703 641 494 528 553 
3704 641 528 494 579 
3705 672 604 183 214 
3706 672 183 604 518 
3707 702 479 469 519 
3708 702 469 479 435 
3709 680 181 178 182 
3710 680 178 181 583 
3711 694 479 702 519 
3712 694 702 479 491 
3713 693 115 132 570 
3714 693 132 115 112 
3715 651 560 507 600 
3716 651 507 560 597 
3717 702 278 268 236 
3718 702 268 278 519 
3719 614 295 318 332 
3720 614 318 295 536 
3721 700 116 560 593 
3722 700 560 116 623 
3723 422 603 404 384 
3724 404 603 422 577 
3725 625 573 527 501 
3726 625 527 573 596 
3727 648 490 630 453 
3728 648 630 490 556 
3729 574 628 638 253 
3730 574 638 628 558 
3731 254 638 628 253 
3732 254 628 638 558 
3733 660 241 552 543 
3734 660 552 241 243 
3735 663 425 403 368 
3736 663 403 425 521 
3737 267 663 403 368 
3738 267 403 663 521 
3739 234 663 267 368 
3740 234 267 663 521 
3741 429 647 546 439 
3742 546 647 429 587 
3743 382 589 627 411 
3744 627 589 382 553 
3745 699 337 544 659 
3746 699 544 337 315 
3747 665 706 599 106 
3748 599 706 665 544 
3749 688 372 585 367 
3750 688 585 372 525 
3751 492 614 437 478 
3752 437 614 492 571 
3753 688 662 187 525 
3754 688 187 662 213 
3755 363 135 33 96 
3756 33 135 363 404 
3757 624 340 534 359 
3758 624 534 340 585 
3759 694 95 120 123 
3760 694 120 95 559 
3761 689 241 552 271 
3762 689 552 241 679 
3763 127 668 633 607 
3764 127 633 668 561 
3765 521 633 668 607 
3766 521 668 633 561 
3767 631 454 482 565 
3768 631 482 454 452 
3769 655 162 196 212 
3770 655 196 162 550 
3771 663 265 272 234 
3772 663 272 265 633 
3773 249 703 247 250 
3774 247 703 249 601 
3775 645 260 612 582 
3776 645 612 260 259 
3777 693 114 115 593 
3778 693 115 114 112 
3779 400 128 31 406 
3780 400 31 128 146 
3781 707 376 375 377 
3782 707 375 376 551 
3783 191 616 206 224 
3784 206 616 191 580 
3785 621 711 516 531 
3786 516 711 621 545 
3787 685 119 155 158 
3788 685 155 119 568 
3789 252 685 288 290 
3790 288 685 252 568 
3791 644 640 641 505 
3792 644 641 640 529 
3793 688 186 610 200 
3794 688 610 186 634 
3795 349 104 29 339 
3796 29 104 349 151 
3797 322 624 306 323 
3798 322 306 624 669 
3799 712 203 221 581 
3800 712 221 203 223 
3801 363 146 607 96 
3802 363 607 146 400 
3803 531 304 711 616 
3804 300 304 711 325 
3805 300 711 304 616 
3806 699 345 337 659 
3807 699 337 345 318 
3808 475 151 571 140 
3809 475 571 151 484 
3810 304 711 305 531 
3811 304 305 711 325 
$EndElements
