$MeshFormat
4.1 0 8
$EndMeshFormat
$Entities
2 3 1 1
1 0.03000000000000003 -0.02 0.5600000000000001 0 
2 0.03000000000000003 -0.02 -0.54 0 
1 0.02999989999999996 -0.02000010000000004 0.5599999000000001 0.03000010000000004 -0.01999989999999996 0.5600001 0 2 1 -1 
2 0.02999989999999991 -0.02000010000000014 -0.5400001 0.5800001 -0.0199999 0.5600001 0 2 2 -1 
3 0.02999989999999996 -0.02000010000000004 -0.5400001 0.03000010000000004 -0.01999989999999996 -0.5399999000000001 0 2 2 -2 
1 -0.5200001 -0.5700001 -0.5400001 0.5800001 0.5300001 0.5600001 0 4 -1 -2 3 2 
1 -0.5200001 -0.5700001 -0.5400001 0.5800001 0.5300001 0.5600001 0 1 1 
$EndEntities
$Nodes
7 1459 1 1459
0 1 0 1
1
0.03000000000000003 -0.02 0.5600000000000001
0 2 0 1
2
0.03000000000000003 -0.02 -0.54
1 1 0 0
1 2 0 21
3
4
5
6
7
8
9
10
11
12
13
14
15
16
17
18
19
20
21
22
23
0.1082731610503067 -0.02000000000000002 -0.5344017930345131
0.1849529062627862 -0.02000000000000004 -0.5177211354879736
0.2584782571510373 -0.02000000000000006 -0.4902975974449852
0.3273524496005784 -0.02000000000000007 -0.4526894430571498
0.3901734036699065 -0.02000000000000009 -0.4056622658948423
0.4456622658948418 -0.0200000000000001 -0.3501734036699071
0.4926894430571495 -0.02000000000000011 -0.287352449600579
0.5302975974449852 -0.02000000000000012 -0.2184782571510376
0.5577211354879735 -0.02000000000000013 -0.1449529062627868
0.574401793034513 -0.02000000000000013 -0.06827316105030741
0.5800000000000001 -0.02000000000000014 0.009999999999998888
0.5744017930345132 -0.02000000000000013 0.08827316105030568
0.5577211354879741 -0.02000000000000013 0.1649529062627847
0.5302975974449858 -0.02000000000000012 0.238478257151036
0.4926894430571509 -0.02000000000000011 0.3073524496005768
0.4456622658948436 -0.0200000000000001 0.3701734036699051
0.3901734036699086 -0.02000000000000009 0.4256622658948406
0.3273524496005803 -0.02000000000000007 0.4726894430571487
0.2584782571510389 -0.02000000000000006 0.5102975974449845
0.1849529062627873 -0.02000000000000004 0.5377211354879733
0.1082731610503074 -0.02000000000000002 0.554401793034513
1 3 0 0
2 1 0 731
24
25
26
27
28
29
30
31
32
33
34
35
36
37
38
39
40
41
42
43
44
45
46
47
48
49
50
51
52
53
54
55
56
57
58
59
60
61
62
63
64
65
66
67
68
69
70
71
72
73
74
75
76
77
78
79
80
81
82
83
84
85
86
87
88
89
90
91
92
93
94
95
96
97
98
99
100
101
102
103
104
105
106
107
108
109
110
111
112
113
114
115
116
117
118
119
120
121
122
123
124
125
126
127
128
129
130
131
132
133
134
135
136
137
138
139
140
141
142
143
144
145
146
147
148
149
150
151
152
153
154
155
156
157
158
159
160
161
162
163
164
165
166
167
168
169
170
171
172
173
174
175
176
177
178
179
180
181
182
183
184
185
186
187
188
189
190
191
192
193
194
195
196
197
198
199
200
201
202
203
204
205
206
207
208
209
210
211
212
213
214
215
216
217
218
219
220
221
222
223
224
225
226
227
228
229
230
231
232
233
234
235
236
237
238
239
240
241
242
243
244
245
246
247
248
249
250
251
252
253
254
255
256
257
258
259
260
261
262
263
264
265
266
267
268
269
270
271
272
273
274
275
276
277
278
279
280
281
282
283
284
285
286
287
288
289
290
291
292
293
294
295
296
297
298
299
300
301
302
303
304
305
306
307
308
309
310
311
312
313
314
315
316
317
318
319
320
321
322
323
324
325
326
327
328
329
330
331
332
333
334
335
336
337
338
339
340
341
342
343
344
345
346
347
348
349
350
351
352
353
354
355
356
357
358
359
360
361
362
363
364
365
366
367
368
369
370
371
372
373
374
375
376
377
378
379
380
381
382
383
384
385
386
387
388
389
390
391
392
393
394
395
396
397
398
399
400
401
402
403
404
405
406
407
408
409
410
411
412
413
414
415
416
417
418
419
420
421
422
423
424
425
426
427
428
429
430
431
432
433
434
435
436
437
438
439
440
441
442
443
444
445
446
447
448
449
450
451
452
453
454
455
456
457
458
459
460
461
462
463
464
465
466
467
468
469
470
471
472
473
474
475
476
477
478
479
480
481
482
483
484
485
486
487
488
489
490
491
492
493
494
495
496
497
498
499
500
501
502
503
504
505
506
507
508
509
510
511
512
513
514
515
516
517
518
519
520
521
522
523
524
525
526
527
528
529
530
531
532
533
534
535
536
537
538
539
540
541
542
543
544
545
546
547
548
549
550
551
552
553
554
555
556
557
558
559
560
561
562
563
564
565
566
567
568
569
570
571
572
573
574
575
576
577
578
579
580
581
582
583
584
585
586
587
588
589
590
591
592
593
594
595
596
597
598
599
600
601
602
603
604
605
606
607
608
609
610
611
612
613
614
615
616
617
618
619
620
621
622
623
624
625
626
627
628
629
630
631
632
633
634
635
636
637
638
639
640
641
642
643
644
645
646
647
648
649
650
651
652
653
654
655
656
657
658
659
660
661
662
663
664
665
666
667
668
669
670
671
672
673
674
675
676
677
678
679
680
681
682
683
684
685
686
687
688
689
690
691
692
693
694
695
696
697
698
699
700
701
702
703
704
705
706
707
708
709
710
711
712
713
714
715
716
717
718
719
720
721
722
723
724
725
726
727
728
729
730
731
732
733
734
735
736
737
738
739
740
741
742
743
744
745
746
747
748
749
750
751
752
753
754
0.5743779427923762 0.04792016258543159 -0.0292365507595785
0.04076087239631553 0.04447474657717015 -0.536101831785135
0.2086513667802226 0.05089827943241484 -0.505322348749869
0.3575455682552405 0.04750638263567762 0.4466426330762917
0.5090305305189248 0.04790173552899907 -0.25157045923213
0.5090305305187375 0.04790173552784477 0.2715704592327728
0.1460165215698183 0.04790173552898429 0.5433193424534608
0.3608501099795725 0.05263046005631228 -0.4233163059457991
0.5633193424534608 0.04790173552898602 0.1260165215698173
0.102873236212489 0.05063061441798439 -0.5305560172182499
0.2861526984414566 0.05434434660516325 -0.4709976228725165
0.4159335139063174 0.04790173552849596 0.3959335139063987
0.5744064972838649 0.04794475844047832 0.04879530275147068
0.5416495304343697 0.04554849286838097 0.200835408373218
0.5149234757387158 0.1160526365774597 0.230995255057218
0.3758771623531324 0.1137287378651559 0.416184210957956
0.5632386707136795 0.1147460246761661 0.01016996905092251
0.3159857002744683 0.1174212501923809 -0.4392522445509706
0.3797970247658273 0.1154794255302362 -0.392228003404751
0.5577536300287441 0.1139634664288996 -0.06765240275636382
0.3081267275262595 0.1165496292129621 0.464422405034497
0.4319485707068728 0.1166861941724814 0.3596487249073632
0.2379755669442978 0.1188913947713413 -0.4798523696101402
0.1687142888179311 0.1125516268321903 -0.5054497185001418
0.08377826903922317 0.1293534353178528 -0.516594197782221
0.2735747941829056 0.1828120151044128 -0.4394870478312392
0.541118081053044 0.1795224657484358 -0.02806695262715774
0.3882558913958815 0.1801787061561444 0.3761710008749934
0.5302408250815674 0.1770581701270869 -0.1058757718760776
0.5084964074920558 0.2405483696435599 -0.06520462148883716
0.4926201564418415 0.2357489241683368 -0.1419048341576539
0.4660615954113598 0.2965983484850127 -0.1000716618565471
0.4770328649423817 0.2987360019677351 -0.02269523988335886
0.4455883070720839 0.2888711374719031 -0.1754318728314312
0.5413306391337631 0.1785438317952226 0.05026567196915518
0.1321143194461338 0.1862635765055675 -0.489527779779248
0.4711924331230707 0.2205345078453939 -0.2135897750133466
0.4194258215474556 0.2719107915838114 -0.2461944950013601
0.3908324479860367 0.3357342457965093 -0.2038997214771279
0.4303063471607937 0.3512470330607071 -0.05656176730229109
0.4369860668637876 0.3497816837964172 0.0211286884865728
0.3569421575908787 0.3192863873492006 -0.2737138927676072
0.3278501725409991 0.3757669572729238 -0.2290685890037183
0.3860523682734135 0.3986106708765834 -0.01217695369410435
0.3890319386112039 0.3929075435200934 0.06570841553376811
0.2909188289192107 0.3558308785124566 -0.2952417328478902
0.4354753272153318 0.3409249686870988 0.09844730633454279
0.3841675243992019 0.3791982431890518 0.1430643727513697
0.4274423288691052 0.3223010294616108 0.1754376028979613
0.3720849712800701 0.3580246322509935 0.2163377082256532
0.4127566399450282 0.2952045409235388 0.2479988486509404
0.3541753375968945 0.3273681478790297 0.2870301794625129
0.07900228669474027 0.07097810443836813 0.5502052946903501
0.3570812015852469 -0.08790173553254187 0.4469293328230777
0.5114446889929364 -0.08908098923283755 0.2667855688451113
0.5744887268950325 -0.08752534153643607 -0.02837127225691805
0.4159335139371166 -0.08790173553851983 -0.3759335138738359
0.1687386951769592 -0.108166513277591 -0.5148602103389694
0.156666778956273 -0.09809678104150749 0.5394869402542404
0.2998148780729458 -0.09114359086488168 -0.4639604635930425
0.5415300419557723 -0.08791346858242999 -0.1803280771768294
0.5636421518456668 -0.08753046963876879 0.1247418382452264
0.3830009769852386 0.2517466438623848 -0.3125586331149691
0.4396608070419401 0.1812771988403388 0.3168639965860008
0.4640249071629035 0.2567206084421704 0.2037732820221304
0.3753192278814829 0.3964115307724289 -0.08927773111377531
0.3260763694942086 0.4403660748441457 -0.04386892016481608
0.3085847627342679 0.3861335588122224 0.2548388498151605
0.2583812284419554 0.4089703488659339 -0.2475392286413517
0.05454392230740938 0.1988494964115983 -0.4939866008121225
0.2857543494714292 0.3541058324746231 0.3216641442882312
0.2195373195492461 0.3843084810231152 -0.3111078583137889
0.3341008800135303 0.4277151765509531 0.107845671651562
0.1014464185652112 0.2531217375630501 -0.4620168701908282
0.003618525928504392 0.1471332857297653 -0.5133263633976294
0.2523769012938044 0.3269204260409996 -0.3542728809100355
0.1808029477012585 0.3503402523968133 -0.3676328487026468
0.02374208308154151 0.2652195155591759 -0.4602240598055683
0.1848619351781731 0.4331854699193178 -0.2604453935397651
0.2208823935181569 0.4532946973057507 -0.1950756966269707
0.2401430835758533 0.4077191068686076 0.2845837760042508
0.1464531373819959 0.4728105155723328 -0.2046542860863057
0.2142749757271369 0.3700184510817155 0.3512159743279653
0.108561335876763 0.4478784182432352 -0.2682407271545033
0.06877735946949981 0.4825331952207769 -0.2101288352164927
0.1666412706950239 0.4187139341825201 0.3122569223308949
0.1394637838910046 0.3779341365196865 0.3735465623666313
0.1062546687473857 0.5024301315173539 -0.144116784215694
0.02799046608543017 0.5069098036412588 -0.1476769501232706
0.0904963969034582 0.4232594712703863 0.3299394115935029
-0.009674922103154154 0.4817469448983597 -0.2117564065394077
-0.05024858647693181 0.5008616527897739 -0.1473636013236842
-0.08730052846558611 0.4704678316975384 -0.2095037404957131
0.06252390592255799 0.3772717904862076 0.3889687586430093
0.01315508626282704 0.4173926302231779 0.3430224255326322
-0.1268636674195886 0.4844092734261005 -0.1431831411266598
-0.1625131739216996 0.4489263452297362 -0.2034168705048308
-0.2002891412177899 0.4578888712850657 -0.1352209975831965
-0.2337758818309144 0.4175626875560083 -0.19362018225875
-0.01497238539827885 0.3680449480750678 0.3971674093012048
-0.06402499026817657 0.4039434168057038 0.347537080262561
-0.09144144694211391 0.3504421605806753 0.3979749742302033
-0.2690245522328594 0.4218423929812453 -0.1236398777556488
-0.1393918736905615 0.3822770989841238 0.3446334244520687
-0.1653206270992433 0.3248231424183425 0.3913749507798039
-0.212023581168957 0.3540114453415831 0.3325523599536256
-0.2351001987061174 0.2917114203490028 0.3775022109729197
-0.2793069617972717 0.3172331956329224 0.3151278013340448
-0.03457619465028583 0.448300577248535 0.2911129389287824
-0.2328302067661489 0.4574638640519041 -0.06381423261057723
-0.2986274909236252 0.4168281783487132 -0.05070514648518292
0.0650879883089501 0.5214390384492136 -0.08006997679372399
-0.1872146563856647 0.2615441974096365 0.4295839105068511
-0.1938412481720065 0.404223588729251 -0.2591271862567465
-0.2624351447119567 0.3681925554038499 -0.247464999691853
-0.2196850986021498 0.3504386245703917 -0.3108310723144364
-0.2856812754466617 0.3107873575707891 -0.2956551265784755
-0.2400392037647368 0.2894464368364713 -0.3558165266350315
-0.1833753255646357 0.4063254385497242 0.2842582558202597
0.1167398581973197 0.4586227844112739 0.2667029942215481
0.1065469490763329 0.3329950666472528 0.424771078439429
-0.04269868978613119 0.3127662181075961 0.4418350895767361
-0.08885754027667643 0.5090051085134395 -0.08233894241360072
-0.3318197235804572 0.3768046109540369 -0.1088805633977946
-0.3578175054556794 0.3672296083208786 -0.03637685739453553
-0.3871092931203672 0.323351889793 -0.09309858082535886
-0.4089868570595201 0.3099957708733227 -0.0198886355447362
-0.3210202412439909 0.4032591922688994 0.02168102721892641
-0.04509560510966214 0.4476942274745264 -0.2695044895528868
0.2517031109759859 0.3148799385971005 0.3857700857023773
-0.1637763856529371 0.3269034193223632 -0.3702745455927031
-0.1911115288888255 0.2624501800453 -0.4069311544905511
-0.255478568096775 0.2220816463459216 -0.3929869274056704
-0.2021842262915539 0.1912348903760958 -0.4416307187838216
0.1427826385070695 0.5115173432624387 -0.0752607193414563
0.100850905935764 0.5250419459125568 -0.01023428585186575
0.1776148166625029 0.5096091325309656 -0.004967719983143668
0.1345741671500229 0.5176323780801219 0.06015645127789725
0.05691768643069466 0.5275299174114191 0.0545693582707165
0.1746653462580551 0.2455069645172041 -0.4494322467838943
-0.1337231373566272 0.2279107156873373 -0.4528552812073069
-0.1459202454339379 0.1580973641286196 -0.4797278796810541
0.08996347793083545 0.5145665202225915 0.1246429970453837
0.01186637280007837 0.5189217103107979 0.1183261820625956
0.166578824193322 0.4996817910277362 0.1273757251571802
0.26047783499892 0.4345546024055569 0.216785108279433
-0.325320616146587 0.3248634816022757 -0.2294085186420205
-0.3397718888330056 0.2661151753884624 -0.2796668027946951
-0.4337500734592282 0.2623903860870169 -0.07770142081053234
-0.4511815685026931 0.2460749371181306 -0.002977903176977452
-0.4216835190597884 0.2906551860805396 0.05444495439339746
-0.459065266738481 0.2239497625803145 0.07167396701223828
-0.2993542104294796 0.2517836351527347 0.3566402454065876
-0.3393226745368491 0.2723909667340441 0.2939159816658439
-0.356769626235974 0.205855714430421 0.3292153700566581
-0.3128758599606782 0.1819086664311845 0.389695977166214
-0.3672103262827033 0.1342368638430143 0.3577570222529804
-0.3188827051619973 0.1080260262583242 0.4154506069046509
-0.4064457073865004 0.1557976256229043 0.2947987698871722
-0.3243756347713693 0.3334054823321633 0.2380843583807538
-0.4247838658144901 0.2655563482374658 0.1288663424864713
-0.4573563527139392 0.196071668978192 0.1452657359952812
-0.383015335317628 0.3291064056404305 0.1102150204973615
-0.2616610927903841 0.1544543763885513 0.4424343620842366
-0.2643913564150745 0.0790244544821843 0.4639029485282051
-0.2041719027354936 0.1240538749863734 0.4863528115490124
-0.2041984002116255 0.04738053150910726 0.5030628492513561
-0.1567055707769409 0.09798262647964993 0.5137073849863829
-0.1395338845981759 0.01374090352272665 0.5321300732600283
-0.1394810251894992 0.1666953823786214 0.4987954749168785
-0.0792456792186297 0.1380231959128682 0.5253581775091413
-0.02051661973500257 0.5263584114479335 0.04795467521452018
-0.06592091678766038 0.5121680447184276 0.1104805946597675
-0.408021288837328 0.2728841117882465 -0.1476586426026054
0.07013378949147925 0.3146180618852058 -0.4246493202585761
-0.00861421319639185 0.3240889209289676 -0.4173309689610178
0.03864820103850001 0.3694952481578259 -0.3782250124364366
-0.09716955535689975 0.5142463800099593 0.04014481110543869
-0.1388541167149636 0.4951257531443938 0.1029179515262283
-0.1084645112019596 0.4875703887981909 0.1703118197540525
-0.1820918281922498 0.4647460161398361 0.16012779972619
-0.2109936071420939 0.4698096762877176 0.07714582884709496
-0.2492340923930307 0.4337614864182898 0.1464874905949429
-0.03930687920787465 0.3726298277492501 -0.3688645864369738
0.2147844355377669 0.4918333346647572 -0.06988335188851014
-0.4161640542352611 0.2415284296284515 0.1971911248014473
0.5422907963075823 0.1104794591460773 -0.1417670937966809
-0.07164068721724581 0.2060775939227777 0.5009766717758529
-0.007637351045792343 0.1735001265209644 0.5234599603110516
0.04306797202431936 0.5022399796795638 0.182030903419881
0.3153961379330528 0.4333739000156977 -0.114503619374916
0.2618443679680027 0.4785707955926413 -0.003242009803578189
0.3924603560086657 0.2515189973170676 0.3220896095963555
0.341582963677124 0.2385686454459744 0.382234217044073
-0.07436358559421802 0.1900299544012936 -0.4874893569274713
-0.08376876541276666 0.1156671397284595 -0.5107217061102346
-0.002948176809482582 0.2467739546859614 0.4898396344052289
0.06370334826917387 0.202901032248201 0.5116764038084045
-0.08515150072960034 0.3210036992842785 -0.4058805224510499
-0.01684677204990505 0.1056949576610897 0.5433911862480305
-0.4415556851402898 0.1649875424072696 0.2242774952392122
-0.4077424650002368 0.08609414637288269 0.3256351793462286
-0.4788404283936445 0.1253514683634649 0.1598478197264044
-0.2000839819269737 -0.03072423168168159 0.5094460452496002
-0.4495837445668682 0.2090176968070385 -0.13159917547931
-0.1333752961200971 -0.06448159713225363 0.5332875883624936
-0.3220530038310632 0.03242531575145087 0.4292973512459698
-0.4824941777651702 0.1795625619626342 0.01494991108121654
-0.0711222643615599 -0.01996151992441493 0.5506239785374624
-0.06361068825200139 -0.09795668015209338 0.5463392537048271
-0.4181944428235127 0.2159445807386351 -0.2043639340985108
-0.4556307402751554 0.1499343603819191 -0.1843838914658121
-0.2667403421288986 0.1509191465270142 -0.4203856581064258
-0.1534158033588077 0.08033748473290142 -0.4987150796228847
-0.4210667922065863 0.1537643476613355 -0.2523827365706268
-0.3229623689095605 0.17626453989582 -0.3633601431771117
-0.3229358207363165 0.1042169617631906 -0.3931208911127091
-0.4542379442045229 0.08883861612840303 -0.226997403006513
-0.4839171765334567 0.0811655612036201 -0.1577935186180819
-0.2692964140134249 0.07397312046847815 -0.4417639972243489
-0.3232081762586393 0.02735311364522243 -0.4089291907377053
-0.477115094393561 0.01883710837929906 -0.1993465071381519
-0.5012997026392235 0.01005346130479425 -0.1289871052978438
-0.266231004771897 -0.003613655473977635 -0.4531184292650282
-0.3168206827811637 -0.05055970953315122 -0.4157716737271949
-0.4879621543189149 -0.054154309411886 -0.1717929862285829
-0.5077642525861176 -0.06155295244669409 -0.09762416449597713
-0.1381146713375158 -0.1430969171376797 0.5190035424948223
-0.2565541010717165 -0.08145397746166846 -0.455413961772873
-0.04969330754633385 -0.1760245893258786 0.531349502980502
-0.4544235250158852 -0.03926128137595416 -0.2497361188801827
-0.3039038692471392 -0.1279293527751108 -0.4135085133870807
-0.4869869560285225 -0.1299184814705879 -0.1421263117529726
-0.502876212196239 -0.1333024652715173 -0.06553471942613859
-0.2404634512398525 -0.157957172062078 -0.4486036853537727
-0.1937523368150206 -0.1116902571662733 -0.4839916887059946
-0.1731479370111704 -0.186739886729572 -0.4731446220972713
-0.5169145987514249 -0.06891220252045978 -0.02149631910502199
-0.5073857125353922 -0.1370511879779106 0.01395162697993799
-0.487812429750866 -0.2009615208298943 -0.03028914958690788
-0.4870085594369126 -0.2034289786847435 0.04944564928658586
-0.2861247477844115 -0.2038648055028016 -0.4008027228922164
-0.5007546020699418 -0.1384789081183571 0.09223320930536269
-0.4749362770535945 -0.2035840113363708 0.1276276621246163
-0.4833663865022515 -0.1372799733533914 0.1687462158914308
-0.4523391253341167 -0.2008460633261741 0.2027269300106884
-0.1278422949513706 -0.1417996060524895 -0.5025921047869767
-0.09890991383471839 -0.21087845826075 -0.4894473428572071
-0.149576307292821 -0.2578602210555401 -0.4522497864774887
-0.07524472930532135 -0.2807490401473008 -0.4626875130736066
-0.1244541742066683 -0.3251802608408753 -0.420707460422073
-0.05060948332787675 -0.3477944470952898 -0.4242267974815765
-0.09788843250932808 -0.3874703254381773 -0.37872883704797
-0.4388587938650338 -0.265285927661688 0.1600208155776091
-0.02046341627966484 -0.4044533613900274 -0.3800628879210304
-0.0672100724558084 -0.4402116047953825 -0.331280542967843
0.01025520879377827 -0.4525601523035144 -0.3291192384094173
-0.03672926020361704 -0.4859669706132352 -0.2744679035149702
-0.1138765931269415 -0.212932248732234 0.5045469374582234
0.04158560037258724 -0.4936858670387513 -0.2692623734622213
-0.004586430310067099 -0.5215358748497981 -0.2130819245861361
0.07343612223531654 -0.5243034689224884 -0.205154164537672
0.02732256948419442 -0.54714285717803 -0.1468860716954064
0.1046169278079371 -0.545141240635858 -0.1354613057412073
0.05957790749045892 -0.5621984933744492 -0.07744107256297425
0.1325517664022602 -0.5553855548831725 -0.06311253538356999
0.08887688547918331 -0.566670876275248 -0.003581803588760866
0.1603450764512608 -0.5543314848957321 0.009840959008356088
0.116863936436796 -0.5598801622472555 0.06902598545201545
0.1905833538320962 -0.5412704278580884 0.08064083459785323
0.08820184171693715 -0.4556805787294106 -0.3205979112740467
0.04177104483928393 -0.5681881568700059 0.05302542470281381
0.1820602729700139 -0.5323439597977307 -0.1199282118828165
0.1434357290116394 -0.5422190895971383 0.1400752007260956
-0.05067398695429573 -0.5393368509032864 -0.1521139818854495
-0.1467278681878654 -0.4204000608116697 -0.3230871536216667
0.2161916135106778 -0.5180091498710211 0.1507819935326719
0.25930304652131 -0.5128891649985926 0.09354869168955347
0.1654492917113665 -0.5144417538440234 0.209200505598092
0.2372081483487522 -0.4843991122786072 0.2195190868935886
0.1844696602850787 -0.4759818984078758 0.2759316310177526
0.1116072429792079 -0.5005567947947933 0.264765431073149
-0.4113959677189296 -0.2603681814319205 0.2333668217004958
-0.3934324794138271 -0.3223957275950717 0.1882182911760356
0.2547678681864922 -0.4413980372743488 0.2827693157454231
0.1999635224711334 -0.4280150076691465 0.3373165968079697
-0.3617502916612334 -0.3147229556026057 0.259339303809494
-0.3390699194563176 -0.3735319752213041 0.2132302562332454
-0.3669027159268694 -0.377870853304687 0.139987254932359
-0.3087950472700912 -0.4254400075558889 0.1627622866362554
-0.2773413004203088 -0.4172187507445859 0.2341842749009487
-0.332864519915261 -0.4258743121953882 0.08807293312402115
0.02581613652473799 -0.3559014176102472 -0.4254913695285439
-0.3752502829588515 -0.249937713638462 0.30223424852075
0.2683691428138789 -0.3896686394951646 0.3401897162662257
0.3208043980746053 -0.3990051159893317 0.2825581114448436
0.2114760479884588 -0.3723075151554096 0.3913736471906671
0.1412727044843184 -0.4067645961680519 0.3848753558020443
-0.2711676434360073 -0.4692933403184409 0.1096671705864054
-0.2918403841808962 -0.4653531953367591 0.03406862093331844
-0.198639007895028 -0.3011262360764531 -0.4037538440404678
-0.3211529258060125 -0.30151619283846 0.3261332881359003
0.1512877287036416 -0.3472765189843175 0.4350639563494175
-0.3311603796451834 -0.2342076717570454 0.365215784467657
-0.3501148675661118 -0.4175025735468081 0.01209558556535249
-0.3057230434413805 -0.4525464913688221 -0.04189962337992965
-0.3599549555158505 -0.400726186522456 -0.06404528050253477
0.07989476595253001 -0.3780810566897908 0.4244737255489968
0.33169878477348 -0.3434460181316387 0.3368952685815338
0.3813070832417713 -0.3494378002349837 0.2756201593262343
-0.2269566270678693 -0.504195827021676 0.05502991117800708
-0.2034289063707996 -0.503360883373134 0.1298882900673628
-0.3116299879537425 -0.4317320349206198 -0.1175369858152974
-0.3624904384584283 -0.3757045063150529 -0.138072819605339
-0.3813373069000526 -0.1803572501990871 0.338004835727767
0.2199423409333627 -0.3093431533952013 0.4374370675363513
0.3886583018719602 -0.2902917066749208 0.3275005760641711
0.4347470583307173 -0.2936371884843476 0.2625915830961369
0.4231442087862591 -0.3489269266786157 0.2093607484024547
-0.2009116452765279 -0.1090605236083682 0.5011700675023777
-0.269399742148086 -0.07705498229358099 0.4678258658017684
0.4722618560707514 -0.2894866968095279 0.1951522911215074
0.4566237523101729 -0.3423345993931897 0.1388121888596736
0.5013746155443416 -0.2799177639337752 0.1229102644230832
0.4810887651229822 -0.3296967829786547 0.06573893246641188
-0.0307359879206088 -0.2520099445667982 -0.4849570944975119
-0.3456321877814297 -0.171942520243149 -0.361905808027647
-0.3232841602856789 -0.2521011719393964 -0.3418797352443042
-0.3785384370556177 -0.2117458834264833 -0.3043721705831332
-0.3112578792599157 -0.4025681357332452 -0.1892101437292142
-0.2624395456426146 -0.4514096162418363 -0.1656839638624218
-0.2745806271667014 -0.2838393691687279 0.384325298145058
0.4322392368462509 -0.3883869617929686 0.08067278629212049
0.4520011699820508 -0.3727118611363374 0.006941316047480208
0.4966387509890148 -0.310507628401527 -0.008804093063284746
0.4630953908828005 -0.3500768084238154 -0.06731547669659742
0.4138925911769822 -0.4090658749204278 -0.05127171787884213
0.4208581749411581 -0.3826914868966321 -0.1248509266352195
0.46584619482769 -0.3201586942100543 -0.1398093880380617
0.4200304937873153 -0.3494156364256979 -0.1946009589280448
0.4600375529932931 -0.2849728043005988 -0.2076169019093353
0.4099219409716987 -0.3116857709069224 -0.2603307785264778
0.3647889204412164 -0.3724058208916887 -0.2473451304211136
0.3512436936307458 -0.3295580908078167 -0.3116772881598809
0.3031881484597381 -0.3887576162639785 -0.2931271284270817
0.2866022171292191 -0.3424400894926894 -0.3542632164415117
0.3356301506757732 -0.2774063078124905 -0.3679314801604196
0.2642045235733722 -0.2899102923212882 -0.4080869230636215
0.08903413824940608 -0.3150871614615279 0.4703678286563129
0.3682478636032454 -0.4376940877799083 -0.1067048919349598
0.01708397013356881 -0.3425505397392972 0.4553025100831766
0.007755440052228262 -0.4020627917854607 0.4050103830101555
-0.06322667524119331 -0.3578369852299604 0.4338808304632384
-0.0636560758975496 -0.4187316555216364 0.3770716637557951
-0.1567927672224996 -0.5333118203579674 0.07418284189836748
-0.1310325554220766 -0.527380768295479 0.1483230713154008
-0.1779676451768697 -0.5290463845950399 -0.001010762476153237
0.2165942109405737 -0.3493126286492187 -0.3890435979383788
0.192044000437464 -0.2937176190929147 -0.4386874267464259
0.2376273781170247 -0.231534456216915 -0.4532969303689203
-0.5038437065711634 -0.07096888982653571 0.1321190780517611
-0.4815378358338431 -0.06912931738948924 0.2059983486748573
-0.09018364623849792 0.03850921679394419 -0.5235096650736318
-0.3987476954287335 -0.3639057679721496 -0.01010563155028934
0.4490668429523127 -0.2445826437086907 -0.2664880056761903
0.4990622913071966 -0.2563009377195016 -0.1532251013371625
-0.1298215928553084 -0.377372351505472 0.3963186001691369
-0.1337083769767862 -0.428215120677516 0.3402423088549793
-0.07184226426664861 -0.4649057409133895 0.3168990630669147
-0.1819316585402843 -0.1838223557991193 0.4903615386860101
0.1635758704272319 -0.232859567073608 -0.4792323492419973
0.438083721659425 -0.2312919178819676 0.31219762003423
0.3890735026454822 -0.226230602873645 0.3719877872750376
0.5126392908592454 -0.2243725304840041 0.1767068795894446
-0.3571256707884006 -0.3460106983736531 -0.2052922190014164
-0.4029310112281216 -0.3209545708403211 -0.146515449101085
-0.3015840283023163 -0.3663574912562268 -0.2594225685155227
0.3571152281114169 -0.4600596316683029 -0.03293190088469514
-0.1060739306142244 -0.5528441266987942 0.01781166114181949
-0.2632968361881636 -0.3458876261788074 0.3420756254011359
-0.3735146207741209 0.05636593907382351 -0.3558472279119941
-0.1751793660706272 -0.4937970689738509 0.1995198279089648
0.3136233826846965 -0.4279163701393148 -0.2259279800423336
0.2491743458228231 -0.4402952355070399 -0.268952542815475
0.5348383568229029 -0.2163224656190186 0.1053714997974793
-0.1681503589007236 -0.2492918311914119 0.4689789662025958
-0.5039226489635189 0.07221118893818788 -0.08446534580672853
0.4347281309534896 -0.161334823447203 0.3545571181909365
-0.3374830099024968 -0.1625129230290574 0.3935965383090878
-0.3815532404104023 -0.1072943865094921 0.364264901439063
0.3065336639627002 -0.4855082094244876 -0.08659834187899808
0.02753888548077133 -0.2800643670845853 0.4946240479879402
0.09765614949327775 -0.2461128415747537 0.5067852939759123
-0.3978433731446509 -0.1377060701430393 -0.3149543492672301
-0.426216234918403 -0.1735871492341171 -0.256040851349964
-0.4993625264617766 -0.0005514761027693819 0.1579765876624538
-0.5145058976768346 -0.004847357165060087 0.08605080413947787
-0.4768653312368016 0.007405225819979613 0.2217462858894186
-0.4231974318864212 -0.12342754663714 0.3039639949520603
-0.2462782322628026 -0.1504107182899207 0.4673438344756032
-0.4171732592448725 -0.04804939920287725 0.3289816725466774
-0.1265967843675338 -0.5432700923066326 -0.05454345530846933
-0.1956101752199771 -0.5141677298661972 -0.07601339195788294
0.25555984753315 -0.4741842722603466 -0.2029305098198976
0.1903060622505634 -0.483117773019097 -0.239647540984386
-0.1573520207574673 0.001598951009440068 -0.5066553064020396
0.119305283515555 -0.2935895226660299 -0.4586932252802256
-0.4639510147633051 -0.2618770443179369 0.007191006173026394
-0.05806090771074482 -0.5610015043443209 -0.03541639385003557
-0.1012474023779592 -0.5138241001626069 0.2134990846849924
-0.05526387784816347 -0.5412800635161944 0.1632878550794088
-0.02859188516578291 -0.5214576687846013 0.2281907363061798
0.01960049071122056 -0.5433664604019769 0.1787584022585501
0.08688651871027944 -0.2292126430158051 -0.4954641371960689
-0.460769781876305 -0.2554015594604317 -0.06893748792988542
0.2074138869288344 -0.1685054962254036 -0.4889693681135641
0.2947420205991379 -0.5015021168129615 -0.01381961447469175
0.3435548271329709 -0.4710745127084789 0.03674237024687694
-0.09347713945038297 -0.03986708585639286 -0.5255919108171121
-0.4028013657835215 -0.2411616948179187 -0.2474305392162792
-0.4475691072392245 -0.2077390129786721 -0.1879439587775391
-0.1306251930788886 -0.525453216936597 -0.135659166676235
-0.2092940637666796 -0.3264831490649533 0.3989812725379693
0.1753264913618236 -0.444232355444267 -0.3084448453071127
-0.09709674108072086 -0.2874977888847391 0.4734558785347703
0.03436403592048937 -0.2093036950216239 0.5263768645491825
-0.3545464121827483 -0.2955493269948918 -0.2705291879110587
-0.2887771621999261 -0.3222691514921563 -0.3209297220196063
-0.2350754654487702 -0.3854684863315248 -0.3041142835269705
0.1130533696235037 -0.1804143790817514 0.5294895232610547
0.1682241481113053 -0.2117886407017426 0.5065996397266935
0.2915704592318389 -0.08790173552898845 0.4890305305190852
0.3182653777966528 -0.1549305508049154 0.4585496833386857
0.04044218394824475 -0.1466211186744847 0.5451243342439336
0.2525390400106163 -0.1712264963178836 0.489694613772732
0.283272016975648 -0.2176886003150863 0.4563994878161815
-0.000361536626498557 -0.05303802701454124 0.5581666405981527
-0.3684115737187406 -0.0265919440356666 0.3891104907553829
-0.3300162996787824 -0.08971553862205216 0.419912195037223
0.04079255947253167 -0.2901001748083109 -0.4689879082279133
0.03627116893377075 -0.1756657108592176 -0.5174740362358119
0.0578726562033744 0.1305127383254383 0.5382698464212647
0.1282277963997089 0.1596230627165272 0.5204770860232533
0.1330997089122804 0.2309990483745361 0.48840351977936
0.198088691666595 0.1875065658805078 0.4908193182998068
0.2066885115439014 0.2618997080309981 0.4479654375637862
0.265656694356953 0.1966887955539258 0.4572268868104227
-0.4653774454100067 0.08410245010375603 0.2250903681280287
0.4802804748974261 -0.1646949635541989 0.2907327224393292
0.4684854868832364 -0.08941582511961618 0.3346720206850816
0.5200817084896038 -0.1511640852605805 0.222405041704914
-0.02027028543827385 0.07361760845261728 -0.5296375096206406
0.3314329727485706 0.1795510577603719 -0.404508791567412
0.28787238818267 0.2484206814538655 -0.3949100754251602
0.3899095966754261 0.1819941173133523 -0.3535429256521599
0.4340419727174204 0.119797844302334 -0.3359864838559964
0.4401689083176427 0.1853878630541933 -0.2934424036939221
0.4880361681417756 0.1568871395617096 -0.237818095650167
0.4197843394425659 0.05130987300593906 -0.37142243082598
-0.1404079372132691 -0.4741762279275164 0.2692008659712603
-0.1898776524433384 -0.4300451114536883 0.3032862501532229
0.3805321790133194 -0.1542569471457869 0.411997840316671
0.1905103893716201 0.111908151867355 0.5192510720408056
0.2442843153857678 -0.5211286803759866 -0.06383954146847841
-0.06216030241346962 0.260078050540927 -0.4542873725013979
0.4691859902395358 0.05537635908360398 -0.3123880743275378
0.4658879614565404 0.05166401480698876 0.3376674442769761
0.0003587913852189026 0.4157774995553412 -0.3242444758453752
-0.00720053203394027 0.02512593620887215 0.5568818613719645
-0.1484748080745315 0.4526101783066572 0.2274542762138949
0.2732087587706934 -0.1620354572191851 -0.4624144669141238
-0.4624899159259878 -0.1193392667668584 -0.2137976603752516
0.4784105495163973 0.1149126298379644 0.2984901408932497
0.07803650045705519 0.2753305063407651 0.4714893136881359
0.2866601791866374 0.04367712124202626 0.4922559244324651
0.2203366698495917 -0.08550139963080867 0.5218413023164238
-0.477060965818407 -0.1989888506676611 -0.1055515827670662
0.362025344349993 -0.08862959509125211 -0.423069450997042
0.3861482829111158 -0.1538302636505992 -0.3871748495444733
0.4344690149274109 -0.1525586416689452 -0.3383288998669707
0.3929732439820108 -0.2162585538225434 -0.35363856259294
0.5087814628667388 -0.08755439694481053 -0.2521158413156455
0.5163467134525399 -0.1529848174697251 -0.2097314557282524
0.5433871899845906 -0.1503849328617766 -0.1380991642189654
0.2380235529942129 -0.09537512001115754 -0.4935323154306658
0.1374000701052831 -0.1872925030753153 -0.5028142386441468
0.06834292395292899 -0.08755439694913389 -0.5344871198068681
0.06893638469296873 -0.087901735528987 0.554401793034513
0.5745673928825664 -0.08676653831986408 0.04858217165825075
0.5630775554872995 -0.1553816156613615 0.009628547978052975
-0.4115363142161315 0.09108441744326788 -0.2985545906800342
-0.3773266585315272 0.1601569482769076 -0.3126894284557401
-0.4171915222398641 0.01025733316778705 -0.3087541940529829
-0.3707732645549947 -0.02041056513569082 -0.3666704419704334
-0.2184330352057018 0.4253103011883088 0.2161061927115734
-0.2531514881003415 0.3754381929609549 0.266814856140249
0.4670236699340771 -0.08732018762736866 -0.3170753800810552
0.5634670350547161 -0.08667558258682341 -0.1060486501284613
0.3002969421741527 -0.2227099341834489 -0.4239910663074121
-0.3630856914829815 -0.0967007815173057 -0.3669623711539134
-0.260895450953317 0.004364286206176449 0.4761396981295735
0.5635654472840044 0.04632409906253218 -0.1057973546682471
0.4176773926404355 -0.08869376155307619 0.3940408915196438
0.5141292365794651 0.2409807443115867 0.0128166269817998
0.5101479234517915 0.2369038146987196 0.08719068336385284
0.5309609124301391 0.1755170184982069 0.1253744325868363
0.5122063468788849 0.1690638327930346 -0.1750186643539727
0.415629999072216 0.3453287572747107 -0.1325636802403694
0.3320977044579195 0.4391143702037526 0.03123610212979618
0.2749526064098459 0.4677312389478036 0.0779445300775839
0.31668589939124 0.2961134632316057 -0.3369632162837382
-0.3668336579218493 0.06392190754380581 0.3814568095681834
0.1183500818542089 -0.4918555259896167 -0.2584150249695736
0.1274952371919621 -0.4086166178420572 -0.3667914583186349
-0.05973927544157026 0.03226207050306309 0.550106969432866
-0.2228925119359831 -0.2339434577378054 -0.4290598755271319
-0.3019612842066055 0.2467811545046293 -0.3380366667307892
-0.08118804958556407 -0.5086095315450218 -0.2167111451003513
-0.1628847487639127 -0.4874688230077499 -0.2062599667299323
-0.1186922566647198 -0.4695812595974575 -0.2697629421969907
-0.1931975885327589 -0.4443818202126503 -0.2594121510737015
-0.1773801297509497 -0.3640107789439313 -0.3656994353933327
-0.4812625642631212 0.1418963629725083 -0.1120662035101103
-0.470656855433389 0.1971052275375266 -0.05861510973123583
0.1278797982629378 -0.4577015114420678 0.3283346226431176
0.05543655938991215 -0.4785206940816401 0.3126743374409112
0.3254516696236777 0.4111558090620995 0.1812103362200649
0.04169784992474735 0.456062648600588 0.2851863276300826
-0.456870382352667 -0.2646593210775179 0.08482678262264108
-0.4167719426921219 -0.3232765000481518 0.1144901705503957
-0.3866832349625793 -0.3747289616088584 0.06515836742527016
0.283593692673004 -0.4844866343682362 0.1598078954185611
0.1818219906791834 0.4876254880538453 -0.1375345621347936
-0.375291668320394 0.3508103050806224 0.03717317125562495
-0.0492101072132574 -0.1675409743940017 -0.5138868387258195
0.180077142213177 0.3312351107675851 0.405740759019346
-0.2445820074586745 -0.4651570125576436 0.1801174751479648
-0.2028721858634589 0.1181226167227311 -0.4687407312949675
-0.2048418777182037 0.04183926312332029 -0.4834827231080669
0.4039419984642296 -0.3975882091081638 0.1517551626116939
0.366281462662986 -0.4011419513855732 0.2201085213960637
0.5198989884369563 -0.2667058666035952 0.05043756312905218
0.5372441806480482 -0.2302705456333508 -0.02145852567656716
-0.1499097124224144 0.3853342974655815 -0.315325379695725
-0.1627831885501171 0.4878098575387463 -0.07639323352513412
-0.1931852169182328 0.4824375486599217 -0.00564827932298431
-0.258895115794742 0.4480164793829966 0.009567454178354992
-0.3067621348696398 -0.3612431587161247 0.2795261975160936
0.337909061864991 -0.284538996322807 0.3810945015032465
0.2773351828221336 -0.3336009025016703 0.3881266736008975
-0.4219686498546948 -0.1935229493334638 0.270986830325096
-0.515933662918818 0.001005809942913761 -0.05336553985159887
-0.5136175967950231 0.06138764260806918 -0.008866904502461062
0.5041531708054459 -0.283412415333082 -0.08106409865327616
0.4766868013694801 -0.2340081409580813 0.2491054518114732
-0.2452838087346865 -0.4951595841289712 -0.02069518299192496
-0.08426482741374421 -0.5517421058702338 0.09181614792201113
0.02375470705554573 0.5293895757632125 -0.0151414072548702
-0.0122880242255596 0.5204386327500737 -0.08293980438073616
-0.2992042484802558 0.376961924938354 -0.1811695397593105
-0.4858375274344469 0.1541196315761132 0.08806407105778484
-0.5034851306695298 0.0714967970756225 0.1075804871857951
0.1274094289617024 0.4884212397020897 0.1957935579323063
-0.03405993599513558 0.5003429295739998 0.1762514969636262
-0.3798302829516663 0.305061214905371 0.1799245295417979
-0.3349340884863236 0.3618800211045044 0.1632669584153071
0.3996492008350823 -0.4270622511443372 0.02264088664965958
-0.5155987140821207 -0.07142519613955942 0.05666360888255603
0.1482352403411309 -0.3477756637512514 -0.4155391194636536
-0.4022216359885945 -0.3472723385388533 -0.08261357249697862
-0.283314246539826 -0.2090087554162402 0.4206213259089025
0.3711094683382921 -0.4088902408352215 -0.1768387304417668
0.03294451565638283 0.3260664777422816 0.4374685050510742
0.1592780287731179 -0.283352520780822 0.4752232163971653
-0.1219322418672169 0.4318830510286318 -0.2642595523847008
0.2391956614002578 -0.3977556205838853 -0.3306433125258625
0.03299321560148307 0.4530247348264275 -0.270604064301911
-0.004112288792162272 -0.4527874525339429 0.3476853160599974
-0.03912962394420011 0.002551581878799791 -0.5351720106976304
-0.02832426381375317 -0.08236922169583018 -0.5333308020309911
-0.4566194443394467 -0.1332057683250329 0.2399694988660609
0.1469420538102424 0.4028048883939347 -0.3217537978694966
0.1893703168822285 0.4499616756448006 0.247143681176601
-0.1167481228368857 0.2939099886249493 0.437112991473374
-0.2520217773972268 0.2254135030891888 0.4134054158972112
0.09155437652321906 -0.532705300243683 0.1993259988297241
0.0544802007097423 -0.4132832644970677 -0.3737043049533589
-0.2087037055157693 -0.03533232878833547 -0.4852630217035867
0.1396114273404936 0.3019923180764614 -0.4222109231568848
0.2135294488093006 0.2894682902759216 -0.4059883636995779
-0.2020074287735338 0.1906915228892152 0.4619752594739197
0.3041635202896567 -0.4460205384091264 0.2241047990960997
0.5580058852662059 0.1131178368461928 0.08739138606873953
0.1066395422881082 -0.1381186526244171 -0.5216712936204677
-0.04016750495796163 -0.2451148509144365 0.5068901540036244
0.0700802878599891 -0.4344429368080617 0.3693474956848447
-0.410208369321297 -0.06085331585304589 -0.3171812925020253
0.331883498892364 0.1790933643322266 0.4244009958667804
-0.1097590165866743 0.4320820947489438 0.2903376480070644
-0.03354207666535454 -0.5657055178848852 0.03584361126165354
0.2085561257639171 0.4974848621337978 0.06317073832987923
0.2067219318696468 0.1804705880780122 -0.4707087497767395
0.5579161220837554 -0.1557706917937572 -0.06328633770283659
0.4803920593334589 0.1775822549104762 0.2561874193249071
0.5417536437731714 0.04461603782838382 -0.1808742406409075
0.2122302931061943 0.04201773320638968 0.5252144418029949
0.4773779430001192 -0.165965407000503 -0.2746876816375443
0.4786158634658779 0.2950173935566622 0.05480902591590143
-0.2821778381816067 0.4272201680866923 0.08098674950136341
0.5427383430619752 -0.08735945262489712 0.1972487535235803
-0.2642374344412858 -0.277978942215581 -0.3764857016071099
0.3574644957515494 0.3870074714765053 -0.1620811499975673
-0.2569248598582219 -0.4774597878962716 -0.09442541478604718
0.3140634569576254 -0.4603003026065381 -0.1571633809955825
-0.3583184100827941 0.3291373496157474 -0.1626612970357351
0.2738587279619901 0.4532595847257663 0.1480517521147612
-0.197939513148556 -0.3873037193946937 0.3500464028105921
0.2352278746710231 -0.5302537211703329 0.01476019850879614
0.5315467340040859 -0.214217489222292 -0.1050236518722284
0.3780130576854485 -0.4376051142526449 0.09362344306748091
0.3458590893638049 -0.4439550438064442 0.1616415394848784
0.1467798949045745 -0.5185414932816561 -0.1907955069780521
-0.335329502513908 0.3827677648345376 0.09253776228570244
-0.4306660601378322 -0.3191629440643936 0.03807692888853472
0.3377213386884417 -0.2204843543773106 0.4194064012270769
-0.0542233180141323 0.5227252997732673 -0.01925203734285015
-0.497397708724244 0.1291788118408556 -0.03579671309349659
0.4717694571454385 0.2843595515619141 0.1312642161004437
-0.3919821918581179 0.2238234564675375 0.2649140086987011
0.4421776919116472 0.2353737469194253 0.2696031580599909
0.5078216272214515 0.1852508797948941 0.1890490684222238
0.5415085841365705 0.115243346681819 0.1602271797408919
-0.006729269162347028 -0.5598684721232043 0.1084530019560445
0.1896847221764475 -0.1525234175843809 0.5193508940751813
-0.07447704665422565 0.4718940130645931 0.2327663049781557
0.2090854457414104 0.4721866093032841 0.1778712147633915
0.01339381927659618 -0.5688860058047472 -0.02079589897198535
-0.2815946954475789 0.392254831572954 0.1982941836958482
-0.07934685532867447 0.4066870002542169 -0.3193652517248713
0.2500662216358788 0.4643366276339245 -0.129602611820501
-0.5197715565202324 -0.006412717344690651 0.01816219280374912
0.2442296087806718 0.1415179033748381 0.4901225277062897
0.2224882109592067 -0.2486776653002546 0.4716869220960766
0.3236240633689899 0.296614623430637 0.3506465758532725
0.5586901000479271 -0.1540413560225182 0.08084979172134125
0.544102451447242 -0.1548259205928506 0.1514943127911035
-0.1506096056847899 -0.316967738317314 0.4362514900068785
-0.2563969269414259 -0.4223732743176836 -0.2320176612426741
0.06978566659161917 -0.5562568055197786 0.1255237606191163
0.1393518522282711 0.2904825130556746 0.4506163654483107
0.4892787584052986 -0.2196485490145696 -0.2173839901005884
-0.4554668612333493 -0.05674283263645637 0.2658747562658133
0.04092635412341528 -0.5151411094541913 0.249198445885508
0.1071457492431823 0.3595167856220673 -0.3805323838106154
-0.2063185598821933 -0.4906311032184413 -0.148618734513295
-0.3756667544416614 0.2753606781952572 -0.2151589530016663
-0.1357780802649484 0.2273590653407574 0.472418772215635
0.2533399920944319 -0.5009281138210633 -0.1360390265229593
0.07442060313869306 0.4097818111555658 -0.3303151551380519
0.291554999316088 0.4239566976253417 -0.1823315703839652
-0.4042262431297985 0.01700454494010842 0.345526799870229
-0.08740352153304663 -0.09904017200266974 -0.5214781880203814
-0.2264203974732008 -0.2651393591008605 0.4303037882047997
0.1192339620635056 0.1039328487321814 0.5383729260849529
-0.5043367327094953 0.107701921805562 0.03600913771172659
-0.01235258783116226 -0.4920214867477892 0.2891092516424535
-0.1263161362410249 0.506547678262258 -0.01850978897331682
-0.1051827558494274 0.07649326760961922 0.5343230605523398
-0.01604432215978663 -0.5583950495700569 -0.09252166110291921
-0.02990460926274742 -0.301810734820974 0.4785020251063386
0.001225332827539179 0.4813589665595727 0.2343015942418408
-0.4415238961396447 -0.2619861694814827 -0.136996289575515
-0.3835483596775264 0.2135277911225881 -0.267385156382659
0.2816389619858648 0.2554228705673848 0.4141287853878985
0.2814149396413483 -0.2744832100916738 0.4277664705389534
-0.2143299041875169 -0.4542312332642354 0.2429079946621414
0.3441664288951993 0.231527214486713 -0.3648780005919162
-0.01168270126666529 0.216645665819777 -0.4847336467876714
-0.4352149162807692 -0.3096695899826216 -0.03654686143207499
0.3971926929494308 -0.2704360805194581 -0.3139618740200713
-0.4339655450926918 -0.1047587305259106 -0.2729344987209539
0.3195901551409273 -0.4792121690556003 0.09810065741357726
0.1022371162442274 -0.128114729451995 0.5444090234195527
0.5190844754133146 0.1036127008807843 -0.2091261647787424
-0.3153417880389011 -0.03072083519242035 0.4379300329807102
-0.4443145488642704 0.02895904985260348 0.2840961878122606
0.3346412190947478 -0.1546141825740331 -0.4276902437550908
-0.1487533524983976 -0.06610860881582226 -0.5080938478342057
0.0406393290280093 0.09881119845034508 -0.5269084687361771
-0.1043727657253752 0.3656254255187037 -0.3584250141139065
-0.4884043181604889 0.06151539815086478 0.1746578354554215
0.5460320942238441 -0.2077239456609908 0.04115442113766584
0.2754300234130497 0.4652645462850399 -0.07235547174441002
0.08760397485798753 -0.3739232967574199 -0.4070372670312806
0.4752318229437713 0.1126164169244244 -0.2844172376072664
-0.2269573637806598 -0.2099266029236062 0.4576614777940945
-0.3490844467106785 0.2143285129838472 -0.3123121627628064
-0.06809010551084584 0.2594243239841269 0.4734656172434853
-0.2504081612043243 -0.3973164642283153 0.2954882641235052
-0.1322807114414154 0.2805325367137526 -0.4210976282357224
0.2355356115299815 0.2319290747057297 -0.4336066429968237
-0.3715321165443023 0.2781922962424994 0.2388084654139319
-0.07747858125104286 -0.5490469062009137 -0.09515572077402487
0.2263101797490782 0.4817497635602076 0.1204965524084823
-0.01794407559574933 -0.3082276659944236 -0.4559680012304237
0.2068913220922631 -0.5055753310344295 -0.1782181129946199
-0.4474712154326451 0.03306181315838455 -0.2577791672584283
0.3501038197404435 -0.2097417045052279 -0.3950081852988017
-0.5146738806910883 0.04632759533672814 0.04782874290479779
-0.2358589477450284 -0.3340233685312513 -0.3549771827391299
0.1908441791220522 -0.5430290829145501 -0.04540513034113297
-0.2983069813745528 -0.1398571443789772 0.4346749238206161
-0.1553653467526236 0.4967642548616659 0.04308161302818932
0.068900590828179 0.4792773759514848 0.2373957912895892
0.5187433745598524 -0.1988905505583795 -0.1678428653187071
-0.4353049853884235 0.108013197365323 0.2738254951155895
-0.07163427986507476 -0.4972137711053453 0.2638454053626396
-0.2168532386121973 -0.4611849452843155 -0.2066086855164058
-0.2996517154074124 0.4015576464556946 0.1369602191384607
-0.02427618919136301 -0.1160943750641005 0.5488134801282383
0.1643472577266114 0.02840376750743954 -0.5211382961455757
0.4984579024282431 0.2332232395014025 0.1475688359656582
0.07618898156632295 -0.3301227016273378 -0.4418744160906071
-0.4055897540840532 -0.2824260298425367 -0.1995092957319036
-0.3624683416078622 0.1155247870298663 -0.3506960395347914
0.2518362844551522 0.08762011946536022 0.5016366267736716
0.02352386171720204 -0.2308962377577208 -0.4979181395978893
0.4336292271166501 -0.2071108717610889 -0.3133774399769117
0.2923398792980807 -0.5023166921272222 0.04237894725470341
0.1864390972083094 -0.39246981459291 -0.3632198361311633
-0.4312942878968928 -0.3007381934468348 -0.09437263383620312
3 1 0 705
755
756
757
758
759
760
761
762
763
764
765
766
767
768
769
770
771
772
773
774
775
776
777
778
779
780
781
782
783
784
785
786
787
788
789
790
791
792
793
794
795
796
797
798
799
800
801
802
803
804
805
806
807
808
809
810
811
812
813
814
815
816
817
818
819
820
821
822
823
824
825
826
827
828
829
830
831
832
833
834
835
836
837
838
839
840
841
842
843
844
845
846
847
848
849
850
851
852
853
854
855
856
857
858
859
860
861
862
863
864
865
866
867
868
869
870
871
872
873
874
875
876
877
878
879
880
881
882
883
884
885
886
887
888
889
890
891
892
893
894
895
896
897
898
899
900
901
902
903
904
905
906
907
908
909
910
911
912
913
914
915
916
917
918
919
920
921
922
923
924
925
926
927
928
929
930
931
932
933
934
935
936
937
938
939
940
941
942
943
944
945
946
947
948
949
950
951
952
953
954
955
956
957
958
959
960
961
962
963
964
965
966
967
968
969
970
971
972
973
974
975
976
977
978
979
980
981
982
983
984
985
986
987
988
989
990
991
992
993
994
995
996
997
998
999
1000
1001
1002
1003
1004
1005
1006
1007
1008
1009
1010
1011
1012
1013
1014
1015
1016
1017
1018
1019
1020
1021
1022
1023
1024
1025
1026
1027
1028
1029
1030
1031
1032
1033
1034
1035
1036
1037
1038
1039
1040
1041
1042
1043
1044
1045
1046
1047
1048
1049
1050
1051
1052
1053
1054
1055
1056
1057
1058
1059
1060
1061
1062
1063
1064
1065
1066
1067
1068
1069
1070
1071
1072
1073
1074
1075
1076
1077
1078
1079
1080
1081
1082
1083
1084
1085
1086
1087
1088
1089
1090
1091
1092
1093
1094
1095
1096
1097
1098
1099
1100
1101
1102
1103
1104
1105
1106
1107
1108
1109
1110
1111
1112
1113
1114
1115
1116
1117
1118
1119
1120
1121
1122
1123
1124
1125
1126
1127
1128
1129
1130
1131
1132
1133
1134
1135
1136
1137
1138
1139
1140
1141
1142
1143
1144
1145
1146
1147
1148
1149
1150
1151
1152
1153
1154
1155
1156
1157
1158
1159
1160
1161
1162
1163
1164
1165
1166
1167
1168
1169
1170
1171
1172
1173
1174
1175
1176
1177
1178
1179
1180
1181
1182
1183
1184
1185
1186
1187
1188
1189
1190
1191
1192
1193
1194
1195
1196
1197
1198
1199
1200
1201
1202
1203
1204
1205
1206
1207
1208
1209
1210
1211
1212
1213
1214
1215
1216
1217
1218
1219
1220
1221
1222
1223
1224
1225
1226
1227
1228
1229
1230
1231
1232
1233
1234
1235
1236
1237
1238
1239
1240
1241
1242
1243
1244
1245
1246
1247
1248
1249
1250
1251
1252
1253
1254
1255
1256
1257
1258
1259
1260
1261
1262
1263
1264
1265
1266
1267
1268
1269
1270
1271
1272
1273
1274
1275
1276
1277
1278
1279
1280
1281
1282
1283
1284
1285
1286
1287
1288
1289
1290
1291
1292
1293
1294
1295
1296
1297
1298
1299
1300
1301
1302
1303
1304
1305
1306
1307
1308
1309
1310
1311
1312
1313
1314
1315
1316
1317
1318
1319
1320
1321
1322
1323
1324
1325
1326
1327
1328
1329
1330
1331
1332
1333
1334
1335
1336
1337
1338
1339
1340
1341
1342
1343
1344
1345
1346
1347
1348
1349
1350
1351
1352
1353
1354
1355
1356
1357
1358
1359
1360
1361
1362
1363
1364
1365
1366
1367
1368
1369
1370
1371
1372
1373
1374
1375
1376
1377
1378
1379
1380
1381
1382
1383
1384
1385
1386
1387
1388
1389
1390
1391
1392
1393
1394
1395
1396
1397
1398
1399
1400
1401
1402
1403
1404
1405
1406
1407
1408
1409
1410
1411
1412
1413
1414
1415
1416
1417
1418
1419
1420
1421
1422
1423
1424
1425
1426
1427
1428
1429
1430
1431
1432
1433
1434
1435
1436
1437
1438
1439
1440
1441
1442
1443
1444
1445
1446
1447
1448
1449
1450
1451
1452
1453
1454
1455
1456
1457
1458
1459
0.02999999999999203 -0.02000000000000546 0.009999999999998982
-0.1968766989410087 -0.1715452970871125 -0.0287891120805293
-0.1500459070939892 0.1799116851023051 0.07004446475749754
0.2801422999827939 -0.09076013105363082 -0.08185799697503748
-0.002822242524695276 -0.2658479873823334 0.1375447410795858
0.1461881806380468 0.2244736350075278 0.06227754791062079
0.05481739803356758 -0.1867259471090143 -0.207755652913862
-0.02087572946007607 0.1793050788407755 -0.1733658929229319
0.06368534873801424 0.05878110220636988 0.2720886680776929
-0.1727237283975825 -0.04846463085329586 0.2074964008329634
0.2270520766629303 -0.1327744415201085 0.178176493961104
-0.1437372020380743 -0.03296365337497615 -0.2329253614501878
0.2076568117872171 0.1035992144732275 -0.2091830430567596
0.1968631440179688 -0.2929638696770614 0.01317586810860347
-0.2963474855951486 0.02211033536022555 0.01510564850776136
0.3204115609911869 0.06652435224219821 0.09060742596725108
-0.0221548362620424 -0.3382461491814636 -0.06879764666000374
0.0585869004731599 -0.1544278817228522 0.3136976584337766
-0.006404092055266396 0.2551386422098146 0.2072969719482218
0.03822543259941014 0.03672949150542604 -0.321907511203876
-0.2268682043906829 0.1406835563704629 -0.1455527297759984
-0.02147562961369778 0.3174561042104442 -0.01804933052411
-0.140334496686691 -0.2321593652610247 -0.211243312835825
0.2186764180615473 -0.08792306160603648 -0.2751733706122571
-0.1990529231927219 -0.2409298636167181 0.1625758419026534
0.1481336338128784 0.2780685503921149 -0.1307471748012627
-0.1355492971352946 0.1285807601628411 0.2866914094046555
0.3078939427299445 0.1871674657157416 -0.06315664975139576
0.2267842851076218 0.1667379416091838 0.2349268954736952
0.229275551176735 -0.2587179707385973 -0.172867955636717
0.2350571196171601 -0.002925775584412479 0.311656325229529
0.3831319352420617 -0.1371805614454277 0.05586453971702582
0.1674361574846022 -0.3059735362678941 0.1942115202545898
-0.2789248012886717 0.09628231026064052 0.1799771765555673
-0.0713446713029923 -0.03121451845654116 0.3617656368701075
0.188176998637419 0.05601885420391957 -0.03159000812254861
-0.1326639018469723 0.01373031942673195 -0.05940073423136363
0.08695636601649677 -0.01800964767161861 -0.1591520684235533
-0.3191384929417567 -0.1251270327598857 0.1079380521929096
-0.2996966469118915 -0.07104263513620362 -0.1433504381274816
0.06244925014648397 -0.1881508490731608 -0.03167546919277975
0.3915925489041414 0.0402406517316538 -0.09642263921988847
-0.1133719793789986 -0.1948551133421412 0.3100658440931029
-0.05590079192180598 -0.143367613315907 -0.3348791123494594
-0.1730788499770796 -0.3378935831788988 0.01944090788532046
-0.008969348544976455 -0.09293036909437948 0.1643321245876976
-0.1137618483912483 0.1210352171427287 -0.3088464199061405
-0.1847980123916126 0.2850544255456638 -0.06175756226880836
0.1603560431356216 0.02012035204690925 0.1347007377054404
-0.003495936755277179 0.1064389081185984 0.1213483590923472
0.07137137761791293 -0.3968875069537618 0.05979267594575727
0.1323239746383418 -0.3757408770577192 -0.1123024597267715
0.09464944407946639 0.1954279403222649 -0.2973293555955539
0.3084852013071018 0.2326888663010241 0.1001819262999856
-0.2988415406461575 0.1855063105010172 0.001319848432850074
0.3102675882220178 -0.2646564807767666 0.1270207028377739
0.3603060046400816 -0.04029906205131283 0.2103634014713183
-0.06419435711385088 -0.1247084433768347 -0.1138842022240385
0.09735286485195373 0.2079461685116974 0.3198812051572262
0.04549974686570069 0.1368171494029885 -0.03090760270049699
0.3378396382802836 -0.2482839035123789 -0.05303612247068083
0.2073745304919191 -0.18494372476259 0.3267238412913209
-0.01446664709933876 -0.3295132896190037 -0.2284230676785931
0.06845759176119941 0.3566549693139713 0.1085696919585024
0.09276124004119028 -0.1035238883956213 -0.3685871661895807
-0.1634706904069751 -0.3500603305668414 -0.12666961516339
0.03822933871981489 -0.3070725659910185 0.283327118162941
0.1743728598730755 -0.09958889689735122 0.03395201527688357
0.007597785519517727 0.3324905915550469 -0.1704106656837859
-0.1121186046974643 0.3290539514465267 0.1130141205289477
0.3367531165516551 -0.1562880745004183 -0.2072696974559982
0.3341173849867475 0.01450448009024624 -0.2413286116717583
-0.2698915894711997 -0.2450674166112699 -0.1370478339726348
-0.1239211399350158 -0.07505264786032648 0.06492402634056894
0.1637706499869107 -0.2260514703181621 -0.305815494490961
0.1896134130759392 0.3045786526634437 0.1835840239870876
-0.1489554878924402 0.2577353554767832 -0.2095114706889631
0.1047796765596748 -0.02857105226624868 0.396891978647079
-0.02225470114288126 0.110389373062513 0.3861332242028698
-0.2954011880149994 -0.2589266608023602 0.04824983436141452
-0.0695104378319332 -0.3967149982062753 0.109766640308098
-0.2476695013587679 0.0653932446695295 -0.2714998003139942
0.2410556349966403 0.3163032329743761 -0.01523175622031017
-0.2033672203821695 0.2407716353694506 0.2029216348338317
0.189897996899622 0.04384778149531015 -0.3505739664634861
-0.2544977269238789 -0.1546895575512025 0.268062751195214
0.438071658070024 -0.003070428969833224 0.039185861002306
-0.09910792969183822 -0.3224492477883082 0.2331524319090831
-0.09069216547038474 -0.007085383075131809 -0.3763363379398135
-0.2120563273763706 -0.003453041211851967 0.3397209825600213
0.1101893282380337 0.3777845852217157 -0.02892767779365565
-0.3508789263538293 -0.1505577899846149 -0.03220766703786083
-0.3461971196405835 0.06364834732464675 -0.1149047996059827
-0.06982786971035518 -0.2283411288669647 0.01388499613968881
-0.2427375391720891 -0.1385763826336105 -0.2615399627812509
0.4234181516081947 -0.100229821808735 -0.07699971875908669
0.3551647084706898 0.1026315450691733 0.2254047681357426
0.1651243587323854 0.09928167280237536 0.3804502237189104
0.2701795436706719 0.2336662791454284 -0.1952071799215407
-0.1100596997779606 0.1545999546099573 -0.06465223857894919
-0.3135966571316062 -0.03587363263188467 0.2180177139746511
-0.04237065262294379 0.0394909684134822 -0.1654927757725002
0.4143769498319736 0.1336134181064178 0.0108761212873018
0.1216164485558304 -0.2119477167766551 0.1001436151330763
-0.2375192029981723 0.2870369699614991 0.07248483748257657
0.1541673243168292 -0.1355218106044732 -0.1234361689045857
-0.02712753013658429 0.2618943037383706 -0.2853113134263009
-0.1836567049495457 0.04715542497419725 0.09197038538097813
0.1292453122768184 -0.05913878154881871 0.2432574475353435
-0.06175950913982488 0.03203573195142347 0.2216662225220619
0.03049957578177202 -0.2517906675343997 -0.3340568274053447
-0.05697868243662752 0.2307732348821233 0.3317934634484105
0.100580157318287 0.173108251484789 0.1811814595004398
0.321778325589168 -0.2027929516112557 0.2476351785961192
0.3636184556639725 0.1357382051756675 -0.1884248426620773
0.2633892924627086 -0.3557076213079214 -0.08578075533368734
-0.3737784578741995 0.02799814305428755 0.1206797979203674
0.0679817595396543 -0.3985978124622711 0.1922449926908205
-0.01167502418858899 -0.07315148742149682 -0.230277840105857
0.01379698709576499 0.2313038786199224 0.07756078523042256
0.2431700473839898 -0.3739119129012198 0.1041003306799787
0.008953886119069554 -0.1104309765939027 0.4243167512892732
-0.002957052023010505 0.1504299791303837 -0.3721120025257892
0.1205396914352223 -0.3385149678056402 -0.2426285927422281
0.09009876139985767 0.1128673728247588 -0.1518588190390444
0.2849506300318189 -0.0585164932122666 0.0885641039001181
0.2157644022077142 -0.01799454045591441 -0.1667709712419219
0.1873731195991767 0.3719794978371543 0.08057036858150733
-0.2124402419688192 -0.04231503760179737 -0.3411814929987345
-0.02847770261877059 -0.4453502396296211 0.002042543704858124
-0.09784050618169413 0.3658059933887969 -0.1075465104433716
-0.3935727818359938 -0.03185294119082278 -0.04605433086615367
0.2674190239479237 -0.1873274455705369 0.03460700559349133
0.1805721359984013 0.1817749430402635 -0.05319425153206693
-0.185804573130292 -0.1319036698664445 -0.1485841535880951
-0.3155205472573492 0.2032746231327305 0.1247716620160511
0.2177339629310999 0.1669208243388251 -0.3235700302663151
0.08041298142453721 0.3425720331838009 0.2336805951407867
0.2150292282073689 0.1320888483986342 0.1140370820822021
-0.09413727653073058 -0.179209019029444 0.1295260227633387
0.4023655081915389 0.160562245987894 0.1291258483347615
-0.1118199331920232 0.3910401399167544 0.008402741821182454
0.1798066236670341 -0.4175777069643026 -0.002485002535926007
0.1715394631827304 0.2840100524334817 -0.253585506283746
0.1154821561912487 -0.252749554156888 0.3634739929559906
-0.1852941326039062 -0.3628419627029198 0.1408921770195171
-0.2578791102047976 0.1071694209101417 0.302966889897798
-0.01396974224502081 -0.2372060544299344 0.3727721602310332
-0.2901940315317931 0.2406621211965448 -0.1091857529734976
-0.1105060364399656 0.3128747137546927 0.2449479920702964
0.3193788490012933 -0.09656975868181356 0.3154950427646428
0.02311687929743272 -0.4182908919680983 -0.1512330442464925
0.1156327199972338 -0.2533452676032643 -0.1227194299540137
-0.03651456606480574 -0.2412394049384619 -0.1446680993926364
0.2859698299088781 0.1099329626594451 0.329329199499004
-0.05326336912425116 0.07600576089260694 0.01221935754755575
-0.09209974543874011 0.1706768418918355 0.1788685295547456
-0.20920287236913 0.1032846434579129 -0.01398550875994783
-0.3839984552302966 0.1041245348739697 0.02759239605176275
-0.2525253247740546 0.18173084625091 -0.2530483356336444
0.30182616507455 0.01164824466911776 -0.01766118455561819
0.1290435682227659 -0.1926793731208164 0.2209706808800178
-0.2163573059658488 0.01863441076091159 -0.1487776730002585
0.2762176372583485 -0.1876429223691451 -0.3046008138215376
-0.008080122902870829 -0.1291662780468193 0.04811541021722911
-0.02299988556722509 0.3757787273317055 0.1833811389812342
-0.3186792503886077 -0.2318296361785416 0.1627801670914517
-0.1624601126542672 -0.2026045751620532 -0.3276606006222296
0.4301764786940179 0.04066199805180341 0.1524117772696263
0.2790753956938283 0.08120743579777501 -0.1140641483590929
0.3274055032193126 -0.3325857513262511 0.03058437205128137
-0.1648748383935836 -0.1092562250483404 0.3829051547419336
0.1057081687784105 0.105984568081539 0.06935749855420602
0.07942016036884203 0.2528415193111958 -0.03448151536523221
0.2625215690490506 0.02977334163072773 0.1985750511093379
0.01118519932587896 -0.05002274134680738 0.2755028416057954
-0.260909348100442 -0.3353326976495682 -0.06042577490981715
-0.02151180240223663 -0.1924478847756849 0.2316513244781018
-0.2294238211487025 -0.05689826823739659 -0.04650614772139575
0.08159388404292876 -0.3058548173948168 -0.01780653913252662
0.1373935089342613 -0.1439378812870108 0.4109011713270168
0.1062479008659057 -0.09771015426006215 0.1323270443894951
0.4197749069304825 -0.04004179525004039 -0.1794790207709094
0.241424301665051 -0.2901431873161342 0.2840061919790458
-0.3079569058570437 -0.03771675032836705 -0.2584881737308766
-0.1396302982476661 0.07592302064243107 0.3957695306306616
-0.2060470939818571 -0.2627073176614331 0.2792709493772346
-0.339253540829116 -0.2593931662197736 -0.05201077926685539
0.1030933919980418 -0.0887730052449127 -0.2521056900325103
-0.009653644871648675 0.1500985707688582 0.2603244133051683
0.04741639590163972 0.01030452147764375 0.1661386764203088
0.3141742816860022 0.2961668583407209 -0.1035501119765075
0.1113888031756241 0.1236463496440168 -0.3906128870091214
-0.2079859249266876 -0.1532774685697944 0.08598153195690479
0.3740027469584834 0.2531075368914952 0.006240595186731309
0.3310679640956494 -0.0869573036181598 -0.2986095603115561
0.3450369474908503 -0.2650508209562166 -0.1676448312012977
-0.1211270791273981 0.1218845258166907 -0.192049345938967
0.443737068840489 -0.07484552768741143 0.1350413702613927
-0.08098015935643493 -0.2878382145759197 -0.3170537717452631
-0.1403185811778351 -0.2423400995329879 -0.09779946682808656
0.01595324785712374 0.4184297683080366 0.02542204861048833
0.07748711254442414 -0.4523751645226209 -0.04464416461905031
0.3996221898247634 -0.1935900078992603 0.1587645075990854
0.1257685338139137 -0.0393271179835024 -0.0521573587575923
0.2190612910293254 -0.2129249552842379 -0.06722091577381487
-0.4027772025711786 -0.06430573213301963 0.06197183489835262
0.4045602834837277 -0.2485235818051235 0.04000323177645244
0.01692084682359368 0.4105576011078088 -0.08811598393049591
0.3169268764219206 0.1166912270014704 -0.2923263496865461
-0.05309171848982042 0.003204512853394306 0.1106471821249801
0.1301459378550947 0.0313622574282859 -0.2533565877627677
-0.06884082168386538 0.2549891833508958 -0.1017699276057863
0.3310863646838453 0.2173188497143817 0.2146444883518306
0.3480345231257366 0.01574444406155729 0.3094881114096427
0.1993164275353761 -0.1440372561344189 -0.3770720808102501
-0.1314824424146228 -0.4239901508805127 -0.04453214075152144
-0.3303199974668519 -0.1678338792152909 -0.194916418070217
0.4150488001242082 -0.1876694653164654 -0.1398289905838745
0.1073186627330379 0.381870251736561 -0.1498471279433292
-0.1076310647277425 -0.2901192651407014 0.1013026800017384
-0.2687303404323796 -0.02398362430083188 0.1147554772823084
0.2163076988695483 -0.3697346109030251 -0.1871940921365923
0.1975456188926217 0.2643828267632106 0.2940851414139271
0.4197015226530508 0.1645576001001073 -0.09627551470209225
-0.01390309565115174 -0.3254461337657551 0.04271597451789939
-0.1735765668968599 0.06396230173994738 0.2027797228366808
-0.08535272963542054 -0.1025477190712845 0.2526733654995565
-0.1670063219521138 0.2341428494495748 0.3090710102514819
-0.1246184709370247 -0.3401218102341386 -0.2298182574951719
-0.1305827706541 0.2318342269671449 -0.3173203089267676
0.1734571217568223 0.07000976380391483 0.2531821549566559
0.06746747280015095 0.2426589372949789 -0.1996572444562478
0.01826683777767382 -0.02644828817677771 -0.4213006724996098
0.1516090056890505 -0.4312653716613372 0.127682720587149
0.04641385858067189 -0.1094783989480401 -0.1093917820254855
0.1431967645296044 -0.3395858487931561 0.2968845008307029
0.2248839529180854 0.357063395926599 -0.1254150875493167
-0.03082355591541997 -0.4042091531175285 0.2316862161017182
-0.3274405927706033 0.1123386812762112 -0.2118642786191488
-0.0113566741532059 0.1188479964092869 -0.2660024738610784
0.03118022028405468 0.2962543394186777 0.3209102770255706
0.2292353130674053 -0.09024240882962678 0.3797181585851578
0.003757248683815332 0.01047542245370256 0.4412738943095296
0.03146137308597412 0.04011147838365167 -0.08297745110255141
-0.1806193673275203 0.05978097952086377 -0.3747147148378311
0.2629665377689415 0.1229338168797706 0.01482293001689294
-0.2454987701444025 -0.2499206077813224 -0.2466326252658682
-0.113097702593812 0.2704799399798737 0.02013117407316728
0.2528475847924887 -0.04587228129386368 -0.3730615451699544
0.07668194102529299 0.08943857029394858 0.4407372829014233
-0.3480402061443987 -0.1391483863886164 0.2121246794735346
-0.3702630559571464 0.161412657607204 -0.07596006512937542
-0.2722854237411173 0.1096783622338373 0.07320850707636119
-0.05943869677070729 0.0214173373415622 -0.2757824799005548
0.2806671827052535 0.3349230713208063 0.1196628031579293
-0.102075153556707 -0.1334782396865825 -0.2367777472310732
0.2815740671823749 -0.339547227204967 0.1979357431415813
-0.06370015728591955 -0.06270483159810833 -0.02466368348970193
0.2042476169541244 0.00675399978734198 0.4205938146046144
-0.1458006812212261 -0.1139212291997424 -0.3871544458104106
-0.08080088711589993 0.3380285583380999 -0.2314826382987326
0.07048643138936384 0.310633279237556 -0.2849478071278512
0.2303528411894392 -0.3033710752529114 -0.2709949969806865
-0.3802310424803788 -0.1963280999199259 0.05871999860820776
-0.2923652452862643 0.1879281030388926 0.2379419062218302
0.2314967385876848 -0.1546335347794437 -0.1936026464705057
0.132873587848045 -0.3174484013842134 0.09439190251100649
0.1065236550749557 -0.2061658145895327 -0.3933740525198689
-0.03843129587699521 -0.2180994012273264 -0.2486546830481153
0.1150892470481739 0.02135547678839611 -0.4252260575544484
-0.03249332323173608 0.2067699773976275 -0.01461815994454189
-0.2134770966291515 0.3214023853267081 -0.1561851221984561
-0.2925365414304782 0.2882467040152487 -0.01626263739959227
-0.08605089403005836 -0.4256608307006104 -0.1442978600650872
-0.3770295306640933 -0.01096943379253293 -0.1831027405433638
-0.3081540913343705 0.01677062255676645 0.3069817308132848
-0.03274818961511309 0.06521302483737458 -0.4257261112418555
-0.2800353476352698 -0.3221033662580066 0.1291563028626509
-0.1669037084023346 -0.1531938080744829 0.2103128075277723
0.1618080565451297 0.1969853060598318 -0.1958562490470198
-0.05539848590438881 -0.3245039338017734 0.3295435085620206
0.01472350755375623 -0.4555259001149103 0.1238663851163452
-0.1544243141805155 -0.430658866273482 0.06133318407961577
-0.3645617065581476 0.05430510673081911 0.2204729060055687
0.4728501775763341 0.06383553729739949 -0.03751434374016074
0.2307040790691417 0.02492975611337114 0.05816093964201768
0.4786797961709174 -0.09376860138798543 0.0102687340775244
0.317020387439683 -0.01522797090678861 -0.1431297943071169
0.04749405761447563 0.1853086538092842 0.4094540245471303
0.2142952099049713 -0.2292523201406163 0.1428887175064639
-0.1267829822483202 0.1768193622261598 0.383800425518634
0.1245370026041005 0.009414190479502395 0.03865043227864337
-0.0775885707317609 -0.161076659625538 0.4005964844198702
-0.2050332456718255 0.3345724723159307 0.158734154411487
0.2337603415421662 0.01292222507589605 -0.2630265738877826
0.3268020143225076 -0.1215262953383999 0.1576682633171742
-0.1739713981253861 -0.2391582335440566 0.04356664019548939
-0.2807000537739873 -0.07865558178428038 0.3311019710396985
-0.2676905629748187 -0.3663298330091118 0.03942828260499629
0.2409491403217325 0.222178733940107 0.02433230442468862
0.09531957090862991 0.2729530417184757 0.16050029728685
-0.3774256331201339 0.1259171998957248 0.1489933430328219
0.2183817132578811 -0.1075174170054372 0.2777667715227658
-0.05323127751447954 -0.09839423468944128 -0.4258700331864828
-0.05720426261516632 0.4123564844804777 0.0952820351148162
0.2211364549603403 0.1867312070794797 0.3615742325701876
-0.302537633845657 -0.07863956652727058 0.01976817750276647
-0.1967616367015581 0.1510081432857117 0.1556110313804535
-0.2089437499089538 0.3587224823102949 0.005160162297030681
-0.2507506024483708 -0.1061129773331229 0.1796796591759118
0.04867758582788878 -0.1760864463748305 0.1605294897409759
0.04179161512209141 -0.3189772260322862 -0.1449002985448146
0.441863689112415 -0.1950893784358221 -0.04025758867360081
0.1073036013647613 -0.3114666312712163 -0.3351185908263436
-0.1247002065436 0.02908088484285928 0.3006813001097675
-0.2427061629717215 -0.3291844310386799 -0.1848859470953807
-0.01362019187152946 -0.05188245750546163 -0.3289499368959212
0.2997780453125597 -0.1821205708364509 -0.1178605226206359
0.0384856451511929 -0.1565466065278795 -0.3024090735374533
-0.2715219628755159 -0.1541088743105338 -0.09400381666387601
0.3961756281276582 -0.1318323036365059 0.2411453164860463
-0.2195638826330825 0.191716302140898 -0.05873270932687301
-0.1032875404533292 -0.03643003044808422 -0.1411757430307852
0.1546266630494363 -0.1941354149307555 0.007206354804515872
0.03977059210954768 -0.2411707246259832 0.05026854814805379
-0.4266326413804823 0.01976496762277593 0.02591552048680811
0.347572897014954 -0.1505015853493839 -0.03630008543355276
0.4191665352853581 0.05535981251289097 -0.2087924819907658
-0.2062865993292136 0.1513786069065347 -0.3384965997391023
-0.2120785606990874 -0.1924833638826358 0.351289711097811
0.1509833950969907 -0.2101085276839833 -0.2089731736042625
-0.3921571016683073 -0.06156801214647768 0.1615001899279628
-0.1019463994586106 0.1015617210335755 0.10801517517295
0.4725020520267836 -0.01642962242347467 -0.09510757261415342
-0.02521390688583829 0.04249872797794563 0.3135455526967538
0.01715142242550979 -0.1632096314280932 -0.399191990868149
0.306470455207413 0.145740903595602 0.150333211913287
0.3643951061252252 0.232108825988239 -0.1616713976334288
0.2730234853997267 0.2949620626726788 0.2369444616928386
0.05536235430236659 0.1969283263899647 -0.1126279268114797
0.3691590294852392 -0.05953990630738906 -0.003870921989499856
0.1872148124170033 -0.4001254377160357 0.2136935010368738
0.03491394991832514 0.2436438585681526 -0.3624999831824943
0.2708078519837711 -0.4125140465145574 0.02241308544155705
0.07472777626672451 -0.2720777225825435 0.1984453170499442
0.04210164523263364 0.05364849054715543 -0.2146172012553633
-0.1194942378956245 -0.4139165244922993 0.1918979672824604
0.06010816514983007 -0.2024152787277417 0.4271732226408733
0.1705135465638504 0.06080687902843553 -0.128483361719694
0.2325483225964626 0.1653482458067561 -0.135157824205643
-0.2394991593544765 -0.3294159191901097 0.2171118418996695
0.1417005289892858 0.3922262891469949 0.1683919669903451
-0.07943797975740934 0.236747632123857 0.1075019078774228
0.3124959403679575 0.027523472357442 -0.3387281268743692
-0.01904495052895186 0.3235348251477134 0.0796577761060857
-0.1745955125046862 -0.291619754661222 -0.2951986425710049
-0.3756989360216132 -0.195133711376215 -0.1141811956459103
-0.02476414016835454 0.1189576293153637 -0.0965244318336846
0.2947127222560745 0.2100353237661604 -0.2851915945361593
0.1665546982841726 -0.06083109406224552 -0.4157556383996261
0.2279215183095764 0.2202119488850417 0.1535078095330013
-0.08685550894795697 -0.2199469158256217 -0.387082690779959
0.4673551168733797 0.08244700255067225 0.07353132737372377
0.07930818330368197 -0.1037785884679451 0.01372403854271207
0.148867105111051 -0.03939330160904763 -0.3220522048726332
-0.08010738203628352 -0.07521688461803316 0.4502659813468365
-0.1513702888579777 -0.01862015925295463 0.4157269230712759
0.2194351463976817 -0.03879922915913665 -0.02679946516821115
-0.1440209904893014 -0.09886189034604571 -0.06524777570189931
0.3393938962285595 0.09868726140711331 -0.03950393310242056
0.2973031183256183 0.2026308890622747 0.3040935867921819
0.1108801576554146 0.4245175264563132 0.05516877600641819
0.04778842150002097 -0.4014481980867745 -0.2426714347310408
0.2977811950513701 -0.02309228376278011 0.381439140602456
0.07594638831249018 0.1165204638971777 0.3482593449843406
-0.1079249410490418 -0.2292796692215339 0.2105843802177058
-0.3006827068948277 0.09972447243308968 -0.03963232439512721
-0.113526814202369 -0.3206005521873064 -0.05196072677084832
-0.07264567487710237 -0.3299059444303052 -0.1498875413739419
0.3709097355696101 -0.01918113684265032 0.106059141900632
-0.1924056897926492 -0.08596235228978855 0.2937957554625865
0.2900276846192997 -0.07343809719713587 -0.213634165627153
-0.02932952397043904 -0.1187750126939224 0.3290565893397361
-0.0963780448546467 0.1585381556671523 -0.3964698234231294
0.3231712405351909 0.3304379704603823 0.03325237017855311
-0.08001857775568105 0.1877682523696774 -0.2485699762642321
0.1452628415875331 -0.08798603019455431 0.3333539584005807
0.3142490389909425 -0.2608542050155154 -0.2574463617156739
0.4193123813734219 0.02593365123209174 0.2463863887762146
0.2124924900660615 0.4015175974645351 -0.04333378240822662
0.08812295175668031 -0.08831659938828751 0.4636551192809617
0.4691664532740923 -0.165729588368664 0.0670386454138398
0.1330670438178558 0.006750190726933461 0.3125627399369948
0.3561237395743361 -0.2818755536106486 0.2081976675181816
-0.4159775063855496 0.06891652492402234 -0.052901269302502
-0.1535509761803677 0.2162319829337657 -0.1234605288272197
-0.2062317324019315 -0.03168949609272179 0.04278171909288895
-0.02675885953597629 0.3554688756773829 0.2755468519600091
0.121865319370498 0.3144670213711307 0.04159109788487281
0.1423955420185149 0.1129861426268161 -0.3010842264394681
0.3552706358144244 -0.3386503963807512 -0.07342722682184517
-0.2943618917373353 -0.2394831179544575 0.2540279859315345
-0.2494909339907794 -0.2478980655730435 -0.03160341834496062
0.2283797239345989 -0.2105231144577986 0.2345658894066719
0.229733479924174 0.2555640330646594 -0.08747907488715481
-0.2762618830030846 -0.1698899073977309 0.02264012160219474
0.1845186958800235 -0.3031294118592671 -0.08040922071744863
-0.2309627738699246 -0.061017799099309 -0.2080681029101723
-0.103469558575576 -0.08871967901844807 0.1565912798361931
0.05878578932688777 0.3257633696328956 -0.09112436053925177
0.01981441712782576 -0.3451300643102955 -0.3163013739685371
0.2065021484880042 -0.4311546117795075 -0.09234309290868183
-0.2674088058419064 0.2572563098546091 -0.1989503125496084
-0.3943320613807048 -0.09690782606021665 -0.1224124099757395
-0.01652659969517165 -0.03897383061505585 -0.1032842439182544
-0.3063079996204762 -0.009885054546996321 -0.07249539902743184
0.01450927151422427 -0.3576996985789362 0.1264566932944464
-0.1883904405479507 0.3772377047745493 -0.08475251207161552
-0.02642161304184864 -0.1947905766477712 -0.06302521081375079
0.3034597319094821 -0.1864741392143949 0.3385527093902539
0.2456656835746535 0.3232266682712494 -0.2107838157414137
0.1960684976458426 -0.06584377147316496 0.1193430773553412
0.1363319439294073 -0.4190978820264012 -0.1960615955465668
-0.1557139154739915 0.05839653339499881 -0.2524025817367064
-0.2360323970869912 0.009025070067067473 0.2469283955008726
0.1082050491140316 0.07939818955452413 0.1859755867112139
-0.1566655284247828 0.08797178879845846 -0.1118733355892921
-0.03443262725060971 -0.4701430319174777 -0.08477039767907642
-0.1192157182068257 0.0129498741133702 0.03326692148956392
-0.3741785542449089 0.1919701013028612 0.05434239093363125
-0.1108665349920385 -0.07141729639952918 -0.311556528929207
0.3381645286822134 0.1532864490125022 0.06107314862415607
-0.2302064216957422 -0.1425434011502421 -0.3552783175867008
0.05604386993606175 -0.2713934950802356 -0.2466257212893389
0.164596437568515 0.2437653687005344 -0.3390234955913445
0.1171938695745346 -0.4735485528287429 0.03606840468855922
0.3308335454537348 -0.3533397829508911 0.1194781070931459
-0.115223771693159 -0.1477356206144431 0.008060095778308768
0.06999252432666662 -0.392937335292464 0.2835995141434414
-0.08733002675007207 -0.3770403584257992 0.02144059109969415
-0.04298676271776172 0.1942737420130891 0.4149616870335504
0.4073993933712322 -0.1064015422925425 -0.2459602172038388
-0.2834459552881685 0.2855212821215266 0.1529605651076152
-0.2414585159354928 0.1957178443521829 0.07173417533856151
-0.03769753060824364 0.411792406733378 -0.160831548236162
0.1200951785094631 0.2936704488420746 0.3430769645881828
0.05743420328965485 -0.115673528095243 0.2298562881006383
-0.3295796473252443 0.2706913412068392 0.0651110547437412
0.1291838121144426 0.363884276855966 -0.2372495159767548
0.3987367836275028 0.2445809016993061 0.09367424146501671
0.3534605904906801 -0.09950264563729277 -0.1367963157165417
0.3034517366505969 -0.3471314342818051 -0.1681717992745719
-0.214068191763452 0.1582368110025956 0.3646418154650931
-0.3436092160938541 0.1862500318736966 -0.1600889690260759
0.03628274517995329 -0.04943629359430848 0.09699395240627136
-0.1395770025102211 -0.280212745791134 0.3474030400960353
0.2121827156570866 0.2837252753459518 0.08613706123315004
-0.3993695989178414 -0.1544547429745372 0.138780299579645
0.1284989333018484 0.2387787068174148 0.2390989257921868
0.16458031260746 0.1485362555982763 0.3000540602442984
-0.2947970152527324 0.02800904353073512 -0.1956682845123356
-0.0487167474142466 0.1619992487588528 0.06389804383823985
0.0426221152793702 0.04004770518669007 0.07811092257713705
-0.2190238993891328 -0.4080967746716666 -0.02520060319905278
0.1605175746895947 -0.249032991457055 0.2847686798973698
0.01951773424095478 -0.040689547676903 0.3661008976778761
0.1249142021237977 0.110984969666128 -0.06751614461445819
0.2848901454221692 -0.10184230630022 0.00843388829767884
-0.0550205326013354 0.4368132643917291 -0.04267250518565815
0.1377473798482789 0.184285503451379 0.3979096470812091
-0.3362724982824936 0.04697310578148956 -0.2738703347701502
-0.1669469855868078 0.2570466037419644 0.1212640413705768
0.4548306996661162 0.09132362741249164 -0.1346169440244311
0.1560742169939294 0.3007344860410222 -0.0431777318420727
0.1664092126949484 0.3432367525309015 0.2621580291924046
0.2035339010485032 -0.125622256933257 -0.04794103964939163
-0.04876703753824389 0.2640738432721509 -0.1897927849524623
0.2718074966395404 -0.05989322542102837 0.2082693957655675
-0.2142120268140506 0.2612393681058875 -0.2716918606607008
0.2041268715837315 -0.2649265950536074 0.3613603046950083
0.1766756873725063 0.1457418685841903 0.02971928624651317
0.04491890144954937 -0.3099034282745955 0.3745128056426816
-0.06248211612783002 -0.407837286314412 -0.2313349008612957
-0.01224312438665491 -0.3188887808161676 0.209698576030861
-0.05465982166440889 0.2327120246761903 -0.3662261927599326
-0.09806755405713083 0.2237007138387248 0.2517055909422683
-0.3659350363175433 -0.09081722072787109 -0.218688728413128
0.4165986986902176 -0.2630508467200781 -0.09219086376795478
0.04388539793239873 -0.1989901196062203 -0.1191851562774341
0.05909279420849696 0.1564408127853358 -0.2243337486616676
0.02321008983700754 0.4308790135314337 0.1300343937469555
0.3455308403952989 0.2879786398141503 0.1607859711846564
0.2617898310304906 0.09888125326148611 -0.3671938308096474
-0.4269999970482005 -0.1077917194488162 -0.01243585267930286
-0.1738434574380552 -0.3475515740170337 0.2742560381615851
-0.1127167050627411 0.3810614921003946 0.186368021319458
-0.1921163422320562 -0.06963468607460319 0.1226883260872868
-0.2071019676744337 0.1612805928331071 0.2439487517382075
0.398704912515424 -0.2759988606558724 0.1246567713623245
-0.02561770576739519 -0.1518000007811996 -0.1899422917088802
0.3957307970877699 -0.05740889327381179 0.2905875514284386
0.0164433384375891 0.1867141681626767 0.1547950054034523
0.3946677031499464 0.2480328345821448 -0.07985107703289168
0.2094425331370934 -0.1551593037419007 0.09390690778082338
-0.1793382401846398 0.3849494524540484 0.08726620112761925
0.002337651572666972 0.3596380819392839 -0.2550986025426373
-0.3619773766478453 0.2367946938392314 -0.03172015264774666
-0.2280212692106232 0.03064479372894967 -0.0615348048266605
0.009505452062544474 0.08260686923145678 0.2058936513036803
0.1055904898914931 -0.01015228563349796 0.4796448844297099
0.2936135240353823 0.08278045980881767 -0.2016164140131551
-0.08504207149169914 0.03173902881628899 0.4559396687913323
0.05258007714465016 0.08156500480758308 -0.4411911678445425
0.4598079709370659 -0.1140707881693642 -0.1554016678902247
0.1721100741637946 -0.08901782062318349 -0.1966261695266101
-0.2325141463805295 0.07270400114862752 0.3810266898024759
-0.1319684538859459 0.005776626676152849 0.1506822104423266
-0.2811912075500892 0.01210129862219752 -0.3330628492423412
-0.1655600807676166 0.1666356278700629 -0.2538105594836447
0.3571439324927633 -0.1920538217123399 -0.2809711713201878
0.4910759846259913 -0.005711508213061881 0.1103009410264425
0.07819600129491296 0.1449372483302852 0.2614991014828206
-0.2298967066861757 -0.3987532917288954 -0.1083484606374539
0.2578382710096561 0.3891824516534803 0.03093782995186176
-0.04293512583718178 0.07931774030918355 -0.3396764397812653
-0.1938085312999545 0.2375859402044311 0.01131458546698334
0.1282386180689715 -0.463219434473645 -0.1152454081455422
0.03089162680177674 -0.3839962435516153 -0.01656483739635801
0.1446831253555219 -0.1407466651449842 -0.3088459751113096
-0.1846732696904961 -0.3860627849338035 -0.1974949212728431
0.3444656133542021 0.03566437015182911 0.1687586437097649
0.4462998349214791 -0.05268671471487989 0.2195068327816982
0.07398086879128771 0.1813588827175605 0.03863732825561648
0.00352045579060065 -0.2673477108326602 -0.02474544288083497
-0.1952903179711305 0.3031237498798316 0.2635579615640047
-0.2619559608282814 0.3313529521703406 -0.08499424724238686
-0.1443298082312554 0.36743444393517 -0.1805554343565504
-0.1094283644983067 0.2995361049129733 0.3304006774202883
0.2738871805433624 0.06057518566925179 0.4032540073574041
-0.1688015685292752 -0.01736659221977595 -0.411099117329318
-0.05977809046499501 -0.2549635988151314 0.2779542832472427
-0.1330132498938885 0.1064824289554789 0.02723739554376686
0.06707731903414446 0.05674089037365856 -0.005734715706034302
-0.3030396388941198 0.1259400323633614 -0.2915798366192537
0.4425743215276681 0.2080328361321567 -0.02104995508694908
0.226854650097827 -0.2250452394572901 -0.3648805228769606
-0.3280355739339175 -0.3212761069302923 0.003092145449950616
-0.07868913804863915 -0.470115890270927 0.06675366787549508
0.435645074628506 0.115758857707867 0.195621052866128
0.3772558980071814 0.05701093011464785 0.02613331011664434
0.2707685640847142 -0.2714729630945842 0.05113724586054021
0.09730568077097537 0.4398780761414939 -0.08639745371450254
0.05070146477708736 -0.02037370372676727 -0.2583042535000976
0.3250944183980731 -0.1845077763929293 0.09871838648144127
0.05399921339780091 0.03775349822072409 0.3755745541813246
0.05859920400835524 0.1204396426250318 -0.3197822424572263
0.03336203206731711 -0.4838717395136291 0.04589221500222441
0.2868030974773577 -0.124504307356479 -0.3624756514935834
0.001298306314751321 -0.1177604678877128 -0.03662508166219221
0.07685044072669478 -0.230444839481957 0.2779124383226104
-0.317345365743571 -0.1142028012155812 -0.2964091292895143
0.246652586012851 -0.1701456719195074 0.3979328022008154
0.1945947949463081 -0.02285837450999131 0.2008040630072483
0.4600820541629846 0.1721233018863156 0.06954808728237004
-0.4035888752346574 -0.214402607907759 -0.02465454511071354
0.1678917548259453 -0.06877848270968455 0.4388488500180663
0.4095520428082785 -0.02167794090873361 -0.2634180479838523
-0.2378983014123341 -0.1858444773280921 -0.1901638592259966
-0.05267059932212184 0.04348583067198141 -0.06705908880085466
0.1590588373073157 -0.307739392991178 -0.1726093595677894
-0.3343653192110804 0.1193791850197917 0.266888523550531
-0.349775976843577 -0.08486078775201331 0.2794292346578428
-0.1848628115605634 -0.2768307825728753 -0.1580672440211456
0.2251076706749841 0.3852355645809669 0.1582633687225771
0.2607812405949413 -0.2827191135411658 -0.04208096587044063
-0.2493826848991861 0.2418843427010528 0.2881771027127283
0.2866042309817359 0.3682837903938793 -0.06816035253252753
-0.1271528994171821 0.0383067131846426 -0.1746011556470544
0.1069222798431844 0.208356627154935 -0.3901692705396103
-0.2094830900938917 -0.3024044690577499 0.08697194841795589
-0.116752903347781 -0.1800985294101855 -0.1493958052807561
0.3864770336530561 0.06514458152821972 -0.2884478554822138
0.2244070805032848 -0.2215769943034062 -0.2479678475324567
0.2513407634945789 0.003845810079965983 -0.09287767512441016
-0.1433759759178988 0.3077278769377754 -0.2807491480481765
-0.3179730725705834 -0.309299224323107 -0.1150737691857419
0.5005610685512746 -0.01245767572858167 -0.01608402024803026
-0.05225317151074926 -0.4588268164916022 0.1728864116118419
0.3670574691995044 0.09803578700995035 0.3089004220969638
0.01599994466510329 0.1882781168496682 0.3311505666070213
0.3960964298878625 0.1730184978536828 0.2405119759942005
-0.4187630731486405 0.011060142779326 -0.113669759234507
0.0395774838799224 0.4065163918930257 -0.191889499059275
0.2849479943804523 -0.1938159321022994 0.1722993900560595
-0.02819822853137011 -0.2033382458276586 0.08282615809615039
0.4104313516849875 -0.3057892375526875 -0.0202768934723721
0.2738347590614553 0.09788348441633289 0.2468416549931474
0.06581941234389661 -0.1515863819127403 0.08175035631972227
0.1360607393865004 -0.1375707711967734 -0.4322916619362603
0.08754588077996692 -0.06908455298933508 -0.4462037335679721
-0.08678813256078577 0.1261526921255205 0.4377674671752357
0.1560538439284108 0.06561757040852023 0.4574677678486785
-0.1154202086336616 0.08110861417915868 -0.4235635712603985
-0.257424054435236 -0.2162116447839572 0.1086988097694867
-0.1442828079255387 -0.2123953754184617 0.3971265927151533
0.2364738859730073 0.0932279595889392 -0.287349475578814
-0.3599086879559567 -0.265257834222401 0.09947297532609629
-0.03071872005590313 -0.2789342023251346 -0.3808088242665462
-0.05883329841072413 -0.01949376382650107 -0.4524592533063644
0.3912664883501392 -0.2156722222985543 -0.2117194062969805
-0.147382016798117 0.003930756500792928 -0.3155763674461918
-0.1349175316896022 0.2967198262357685 -0.1368021584905827
0.1892114770846243 -0.06284829970116533 -0.1013441195318723
0.2290363517112251 0.1776057718474238 -0.2414954583798097
-0.06348523024450711 0.1479384981704737 0.3240530369765261
-0.2551189418935913 -0.1877853912166222 0.1922263207556488
0.2107527907576403 -0.4480502784066847 0.06987208119370784
0.04259258293899038 0.2923976376818776 0.02886131954482251
-0.1889399399402516 -0.0541325733080818 -0.1191540185069551
-0.2901949133593041 0.1591817134909723 -0.09593133869438006
-0.07607312540849212 0.2860547811549157 0.1742693357169698
0.3150600681011126 -0.2609228642392491 0.3057898892040896
0.07944123169101436 -0.02175330420003314 -0.3639371894934503
0.1940970238513375 0.1377685695538017 -0.3990909220258574
0.01192326984990187 0.1903926414324575 -0.3009525791900522
0.2136756553477283 0.009268521756188967 -0.4243822054797738
0.01103983810644101 0.2590233373812652 -0.08063241323131154
-0.2439038268736206 -0.2177916337646312 -0.3231151194617302
-0.3041860994458788 -0.1948533201500525 -0.2697299482933061
-0.1655388397038322 -0.1293451325291759 -0.2895456519765787
-0.1892895763010523 -0.2996331026871429 -0.06943728265404872
0.01652306331825129 0.1091861861900967 0.04129668810633519
-0.01724553834503067 -0.1843423565584422 0.4539133124596776
0.3693685685946553 -0.03820489330895164 -0.08360041245799377
0.2005741788781588 0.07930631257313542 0.1758005603600343
0.07520382707370127 -0.1026431751734812 0.3757507353267077
0.09292441009098205 -0.1205028289999164 -0.1766335815650251
-0.2214935332777725 -0.1086843275355037 0.01819944718114017
-0.03419338366201016 -0.05101362154649747 0.05145159865976322
0.1344333270944849 0.1752404937916891 -0.1211982393913466
-0.06774522980025548 -0.02655940439270862 0.2793379674059121
0.06791352402224232 0.4114839367110372 0.1940649888635692
-0.3354669492900108 -0.02129671401905628 0.07018140018175689
0.3008665595906403 0.262004021954399 -0.03005639703366297
0.2119376131649148 -0.2987556422273474 0.1004507721917891
-0.1177432290686807 0.325573097489123 -0.03962695261713418
0.1136195494912744 -0.3798140608795296 -0.03262364654643393
-0.2543643942494844 0.08680982615919641 -0.3523023650764889
-0.3203328868122631 -0.2519501580555711 -0.20558560180541
0.2175648152656991 -0.367436663534172 0.2812328904909145
-0.1030655403666462 -0.3958369705677259 0.2707570565338837
0.31988945839118 0.2984431654146996 -0.1855421189152956
0.01641025558586459 0.3112089585937384 0.1523123412010406
0.1224014752824347 -0.1351679591449422 -0.04817362402891041
-0.0763360433402873 0.1116031597833803 0.2330408330274714
0.1379247256818358 -0.1597808060749858 0.2951683219859085
-0.4074380501215517 0.1142362846096993 -0.1301226240061779
0.3579465715079896 0.3189433337698776 -0.03914489076315408
0.3149530568806215 -0.1221501368479514 0.2382707086441333
0.05052012973606109 0.2212035192256551 0.2546051610770416
-0.2131787673212536 -0.00817965629313205 -0.2673288732317314
0.231413090991668 0.1187230377708911 -0.05996208424480884
-0.2130825678179754 0.08178480303579388 -0.1998155909765543
-0.1113818534693117 -0.1726062421667486 -0.06918328518078361
-0.02211062808009552 0.3401692917135979 -0.09562556268297713
-0.2658870228646777 0.07507388738873974 -0.117941511575761
0.006440902499663143 0.250068748068216 0.3828801178828668
-0.006840449708432908 -0.3841219915173554 0.305822550570845
-0.237263487477605 0.02791662646583241 0.1682622323848154
0.1633021291159976 -0.2209759394898505 0.4220811466074269
0.2319050479164809 0.1272370701938537 0.413013990083945
0.2835860961690649 -0.2852201642442579 -0.1194239859746466
0.2541394667561244 -0.4119959469975698 0.1728078946387216
-0.08838383192493753 -0.3677189614528509 -0.2984326934779263
0.2031986288832668 -0.2287189169533763 0.06147651871214383
0.1696168398433489 0.4131974440602841 -0.1101461069916479
0.1220261181541081 -0.2619511067974142 0.03666750736023502
-0.206751924062977 0.204615870425316 -0.1905881906720147
0.3688095175554851 0.202545231452679 -0.2422662434501691
-0.2077438476108816 -0.200255234450857 -0.1117313252574055
0.09005537238938877 -0.47998321440313 0.1112616636087892
-0.3060281969777707 -0.08958145656616399 -0.06006968432691764
-0.2975756669796645 0.04976394838291433 0.1185496554780072
-0.08262745433619641 0.2960579882483861 -0.3291519420516886
0.1538931779323724 -0.1595223295799173 0.151977465010587
-0.145470364753654 -0.3001235466676588 0.1714596990725716
-0.125512143726409 0.2320785500984524 -0.04946470784038427
0.1283161942367523 0.1055119203538967 -0.2222477687448502
0.01006669748451721 0.1318694140989787 0.456764470451271
0.2144191489473966 0.07402824269296257 0.3222129720651773
0.185960864072054 -0.2963063904299953 -0.33733622376136
-0.4244795987427586 0.08642593945404399 0.09579557902468734
0.2500837729573288 0.2813323553776448 -0.2836046591142542
-0.1630206851971854 -0.4270607774438482 -0.1353997042697661
-0.2492318589862199 0.357107346474953 0.1006197772175232
-0.07536202524725144 -0.279275704852027 -0.2121074621090456
-0.1062238555081665 -0.09599266852950632 0.3298342729413616
0.1343140674875461 -0.2517566579582208 -0.04474413681027692
-0.07212600601014331 -0.3333244491446579 0.15857754760783
0.1906873817114267 -0.375514892253035 -0.2654203259717874
-0.1922857534330518 0.06704798544643346 0.2805847543218675
0.111238303372303 0.03347053895517335 -0.08213313399904909
0.1104507463110491 0.05350020149130786 -0.3520655447866816
0.3403154181815463 0.1326598694463492 -0.1119415705535437
$EndNodes
$Elements
5 8054 1 8054
0 1 15 1
1 1 
0 2 15 1
2 2 
1 2 1 22
3 2 3 
4 3 4 
5 4 5 
6 5 6 
7 6 7 
8 7 8 
9 8 9 
10 9 10 
11 10 11 
12 11 12 
13 12 13 
14 13 14 
15 14 15 
16 15 16 
17 16 17 
18 17 18 
19 18 19 
20 19 20 
21 20 21 
22 21 22 
23 22 23 
24 23 1 
2 1 2 1504
25 23 30 1 
26 1 511 23 
27 30 76 1 
28 76 492 1 
29 1 492 460 
30 460 511 1 
31 2 33 3 
32 3 510 2 
33 25 33 2 
34 2 602 25 
35 510 603 2 
36 2 603 602 
37 4 81 3 
38 3 744 4 
39 33 744 3 
40 81 510 3 
41 4 26 5 
42 5 508 4 
43 4 744 26 
44 4 508 81 
45 5 34 6 
46 6 83 5 
47 26 34 5 
48 83 508 5 
49 6 31 7 
50 7 501 6 
51 6 34 31 
52 6 501 83 
53 8 80 7 
54 7 482 8 
55 31 482 7 
56 80 501 7 
57 8 489 9 
58 9 520 8 
59 8 520 80 
60 482 489 8 
61 9 28 10 
62 10 505 9 
63 9 489 28 
64 505 520 9 
65 11 84 10 
66 10 628 11 
67 28 628 10 
68 84 505 10 
69 12 521 11 
70 11 525 12 
71 11 521 84 
72 11 628 525 
73 12 24 13 
74 13 79 12 
75 12 525 24 
76 79 521 12 
77 13 36 14 
78 14 512 13 
79 24 36 13 
80 13 512 79 
81 14 32 15 
82 15 85 14 
83 14 36 32 
84 85 512 14 
85 15 37 16 
86 16 633 15 
87 32 37 15 
88 15 633 85 
89 16 29 17 
90 17 78 16 
91 16 37 29 
92 78 633 16 
93 18 473 17 
94 17 490 18 
95 29 490 17 
96 17 473 78 
97 18 35 19 
98 19 526 18 
99 18 490 35 
100 18 526 473 
101 19 27 20 
102 20 77 19 
103 19 35 27 
104 77 526 19 
105 21 455 20 
106 20 498 21 
107 27 498 20 
108 20 455 77 
109 22 499 21 
110 21 629 22 
111 21 499 455 
112 498 629 21 
113 22 30 23 
114 23 82 22 
115 22 629 30 
116 82 499 22 
117 23 511 82 
118 24 40 36 
119 24 43 40 
120 24 525 43 
121 25 712 33 
122 25 602 475 
123 475 712 25 
124 26 46 34 
125 26 47 46 
126 26 744 47 
127 35 39 27 
128 39 44 27 
129 44 498 27 
130 489 718 28 
131 28 707 628 
132 28 718 707 
133 37 38 29 
134 38 496 29 
135 29 496 490 
136 30 687 76 
137 30 629 486 
138 486 687 30 
139 34 41 31 
140 41 42 31 
141 42 482 31 
142 36 616 32 
143 32 655 37 
144 616 655 32 
145 33 48 47 
146 47 744 33 
147 33 712 48 
148 34 46 41 
149 35 45 39 
150 35 490 45 
151 40 616 36 
152 37 655 38 
153 38 627 496 
154 38 654 627 
155 38 655 654 
156 39 621 44 
157 45 51 39 
158 51 621 39 
159 43 50 40 
160 50 58 40 
161 58 616 40 
162 41 476 42 
163 46 49 41 
164 49 476 41 
165 476 478 42 
166 478 479 42 
167 479 482 42 
168 43 52 50 
169 43 210 52 
170 43 525 210 
171 44 621 470 
172 470 665 44 
173 44 749 498 
174 665 749 44 
175 45 87 51 
176 45 496 87 
177 490 496 45 
178 47 625 46 
179 46 625 49 
180 48 59 47 
181 59 625 47 
182 48 93 59 
183 48 98 93 
184 48 712 98 
185 49 477 476 
186 49 724 477 
187 625 724 49 
188 52 53 50 
189 53 527 50 
190 50 527 58 
191 87 216 51 
192 216 217 51 
193 217 621 51 
194 52 54 53 
195 52 530 54 
196 210 530 52 
197 54 55 53 
198 55 56 53 
199 56 527 53 
200 54 57 55 
201 54 60 57 
202 54 530 60 
203 55 63 56 
204 57 531 55 
205 55 531 63 
206 63 64 56 
207 64 631 56 
208 56 631 527 
209 60 61 57 
210 61 62 57 
211 62 531 57 
212 527 528 58 
213 528 529 58 
214 529 616 58 
215 93 97 59 
216 97 163 59 
217 163 625 59 
218 60 480 61 
219 60 481 480 
220 60 530 481 
221 61 65 62 
222 61 86 65 
223 61 480 86 
224 65 66 62 
225 66 635 62 
226 62 635 531 
227 63 67 64 
228 63 89 67 
229 63 531 89 
230 67 68 64 
231 68 70 64 
232 70 631 64 
233 65 69 66 
234 65 534 69 
235 86 534 65 
236 69 92 66 
237 92 683 66 
238 66 683 635 
239 67 532 68 
240 89 90 67 
241 90 532 67 
242 68 71 70 
243 68 96 71 
244 68 532 96 
245 69 95 92 
246 69 99 95 
247 69 534 99 
248 71 72 70 
249 72 651 70 
250 70 651 631 
251 71 73 72 
252 71 550 73 
253 96 550 71 
254 73 74 72 
255 74 88 72 
256 88 651 72 
257 73 75 74 
258 73 91 75 
259 73 550 91 
260 75 216 74 
261 74 653 88 
262 216 653 74 
263 91 94 75 
264 94 667 75 
265 75 667 216 
266 76 465 223 
267 223 492 76 
268 76 687 465 
269 455 456 77 
270 456 485 77 
271 485 526 77 
272 78 473 472 
273 472 474 78 
274 474 633 78 
275 512 513 79 
276 513 626 79 
277 79 626 521 
278 80 502 501 
279 80 503 502 
280 80 520 503 
281 81 508 439 
282 439 509 81 
283 509 617 81 
284 81 617 510 
285 453 657 82 
286 82 706 453 
287 82 657 499 
288 511 706 82 
289 494 508 83 
290 83 710 494 
291 501 710 83 
292 84 506 505 
293 84 507 506 
294 84 521 507 
295 85 668 512 
296 633 669 85 
297 85 669 668 
298 86 480 478 
299 478 700 86 
300 86 700 534 
301 87 653 216 
302 496 627 87 
303 627 653 87 
304 88 653 627 
305 627 654 88 
306 88 745 651 
307 654 745 88 
308 89 214 90 
309 89 635 214 
310 531 635 89 
311 214 716 90 
312 215 532 90 
313 90 716 215 
314 91 104 94 
315 91 169 104 
316 91 550 169 
317 95 102 92 
318 102 103 92 
319 103 683 92 
320 93 101 97 
321 98 701 93 
322 93 701 101 
323 104 106 94 
324 106 153 94 
325 153 667 94 
326 99 100 95 
327 100 605 95 
328 95 605 102 
329 532 533 96 
330 533 639 96 
331 96 639 550 
332 101 198 97 
333 97 612 163 
334 198 612 97 
335 98 219 218 
336 218 701 98 
337 98 475 219 
338 98 712 475 
339 99 613 100 
340 99 534 477 
341 477 613 99 
342 100 677 605 
343 100 613 612 
344 612 677 100 
345 101 199 198 
346 101 488 199 
347 101 701 488 
348 102 105 103 
349 102 107 105 
350 102 605 107 
351 105 556 103 
352 556 663 103 
353 663 683 103 
354 104 109 106 
355 104 606 109 
356 169 606 104 
357 107 108 105 
358 108 111 105 
359 111 556 105 
360 109 110 106 
361 110 559 106 
362 106 559 153 
363 107 600 108 
364 107 682 600 
365 605 682 107 
366 108 112 111 
367 108 114 112 
368 108 600 114 
369 109 113 110 
370 109 143 113 
371 109 606 143 
372 113 117 110 
373 117 144 110 
374 144 559 110 
375 112 135 111 
376 135 158 111 
377 158 556 111 
378 114 115 112 
379 115 582 112 
380 112 582 135 
381 113 118 117 
382 113 551 118 
383 143 551 113 
384 114 116 115 
385 114 152 116 
386 114 600 152 
387 116 119 115 
388 119 146 115 
389 146 582 115 
390 116 120 119 
391 116 598 120 
392 152 598 116 
393 118 123 117 
394 123 596 117 
395 117 596 144 
396 118 124 123 
397 118 132 124 
398 118 551 132 
399 120 121 119 
400 121 568 119 
401 119 568 146 
402 120 122 121 
403 120 137 122 
404 120 598 137 
405 122 126 121 
406 126 133 121 
407 133 568 121 
408 122 583 126 
409 137 138 122 
410 138 583 122 
411 124 125 123 
412 125 145 123 
413 145 596 123 
414 124 127 125 
415 124 622 127 
416 132 622 124 
417 127 128 125 
418 128 607 125 
419 125 607 145 
420 126 134 133 
421 126 147 134 
422 126 583 147 
423 127 129 128 
424 127 142 129 
425 127 622 142 
426 129 130 128 
427 130 136 128 
428 136 607 128 
429 129 131 130 
430 129 519 131 
431 142 519 129 
432 131 176 130 
433 130 608 136 
434 176 608 130 
435 131 177 176 
436 131 183 177 
437 131 519 183 
438 551 694 132 
439 132 658 622 
440 132 694 658 
441 134 570 133 
442 133 569 568 
443 133 570 569 
444 147 148 134 
445 148 151 134 
446 151 570 134 
447 135 159 158 
448 135 581 159 
449 135 582 581 
450 136 680 607 
451 608 614 136 
452 614 680 136 
453 137 139 138 
454 137 567 139 
455 137 598 567 
456 139 140 138 
457 140 170 138 
458 170 583 138 
459 139 141 140 
460 139 154 141 
461 139 567 154 
462 141 540 140 
463 140 171 170 
464 140 540 171 
465 154 155 141 
466 155 156 141 
467 156 540 141 
468 493 518 142 
469 142 622 493 
470 518 519 142 
471 143 737 551 
472 143 606 586 
473 586 737 143 
474 144 596 497 
475 497 673 144 
476 144 673 559 
477 220 596 145 
478 145 721 220 
479 607 721 145 
480 568 690 146 
481 146 649 582 
482 146 690 649 
483 147 149 148 
484 147 638 149 
485 583 638 147 
486 149 150 148 
487 150 557 148 
488 148 557 151 
489 149 172 150 
490 149 197 172 
491 149 638 197 
492 172 173 150 
493 173 174 150 
494 174 557 150 
495 557 646 151 
496 151 632 570 
497 151 646 632 
498 152 600 491 
499 491 662 152 
500 152 662 598 
501 153 559 469 
502 469 697 153 
503 153 697 667 
504 154 723 155 
505 154 713 222 
506 222 723 154 
507 567 713 154 
508 155 157 156 
509 155 164 157 
510 155 723 164 
511 157 236 156 
512 236 239 156 
513 239 540 156 
514 164 165 157 
515 165 561 157 
516 157 561 236 
517 159 160 158 
518 160 208 158 
519 208 556 158 
520 159 161 160 
521 159 162 161 
522 159 581 162 
523 161 624 160 
524 160 215 208 
525 160 624 215 
526 162 166 161 
527 166 168 161 
528 168 624 161 
529 162 167 166 
530 162 195 167 
531 162 581 195 
532 612 613 163 
533 613 724 163 
534 163 724 625 
535 164 218 165 
536 164 488 218 
537 164 723 488 
538 218 219 165 
539 219 237 165 
540 237 561 165 
541 167 213 166 
542 166 586 168 
543 213 586 166 
544 195 196 167 
545 196 587 167 
546 167 587 213 
547 586 659 168 
548 168 727 624 
549 659 727 168 
550 550 639 169 
551 169 659 606 
552 639 659 169 
553 171 679 170 
554 170 638 583 
555 170 679 638 
556 540 720 171 
557 171 696 679 
558 171 720 696 
559 172 547 173 
560 197 228 172 
561 228 547 172 
562 173 175 174 
563 173 231 175 
564 173 547 231 
565 175 184 174 
566 184 186 174 
567 186 557 174 
568 175 185 184 
569 175 584 185 
570 231 584 175 
571 177 178 176 
572 178 179 176 
573 179 608 176 
574 177 652 178 
575 183 725 177 
576 177 725 652 
577 178 180 179 
578 178 182 180 
579 178 652 182 
580 180 181 179 
581 181 187 179 
582 187 608 179 
583 180 535 181 
584 182 225 180 
585 225 535 180 
586 181 188 187 
587 181 230 188 
588 181 535 230 
589 182 652 224 
590 224 739 182 
591 182 739 225 
592 519 661 183 
593 183 589 588 
594 588 725 183 
595 183 661 589 
596 185 209 184 
597 184 588 186 
598 209 588 184 
599 185 224 209 
600 185 226 224 
601 185 584 226 
602 186 646 557 
603 588 589 186 
604 589 646 186 
605 188 189 187 
606 189 614 187 
607 187 614 608 
608 188 190 189 
609 188 524 190 
610 230 524 188 
611 190 191 189 
612 191 193 189 
613 193 614 189 
614 190 192 191 
615 190 227 192 
616 190 524 227 
617 192 691 191 
618 191 194 193 
619 191 691 194 
620 227 229 192 
621 229 232 192 
622 232 538 192 
623 538 691 192 
624 194 211 193 
625 211 680 193 
626 193 680 614 
627 194 212 211 
628 194 223 212 
629 194 691 223 
630 195 201 196 
631 195 649 201 
632 581 649 195 
633 201 202 196 
634 202 203 196 
635 203 587 196 
636 197 234 228 
637 197 679 234 
638 638 679 197 
639 199 200 198 
640 200 677 198 
641 198 677 612 
642 199 207 200 
643 199 222 207 
644 199 488 222 
645 207 491 200 
646 491 682 200 
647 200 682 677 
648 201 736 202 
649 649 690 201 
650 690 736 201 
651 202 204 203 
652 202 205 204 
653 202 736 205 
654 204 493 203 
655 493 658 203 
656 203 658 587 
657 205 206 204 
658 206 518 204 
659 204 518 493 
660 205 632 206 
661 569 570 205 
662 205 736 569 
663 570 632 205 
664 206 661 518 
665 632 742 206 
666 206 742 661 
667 222 713 207 
668 207 662 491 
669 207 713 662 
670 215 716 208 
671 208 663 556 
672 208 716 663 
673 224 652 209 
674 209 725 588 
675 652 725 209 
676 525 628 210 
677 210 707 530 
678 628 707 210 
679 212 220 211 
680 220 721 211 
681 211 721 680 
682 212 221 220 
683 212 465 221 
684 223 465 212 
685 213 737 586 
686 587 694 213 
687 694 737 213 
688 635 683 214 
689 214 683 663 
690 663 716 214 
691 215 533 532 
692 215 624 533 
693 216 667 217 
694 217 697 621 
695 667 697 217 
696 488 701 218 
697 219 386 237 
698 219 475 386 
699 221 497 220 
700 497 596 220 
701 465 466 221 
702 466 467 221 
703 467 497 221 
704 488 723 222 
705 223 538 492 
706 223 691 538 
707 226 471 224 
708 471 739 224 
709 225 684 535 
710 225 709 684 
711 225 739 709 
712 226 714 471 
713 584 585 226 
714 585 714 226 
715 227 343 229 
716 227 344 343 
717 227 524 344 
718 234 235 228 
719 235 546 228 
720 546 547 228 
721 229 233 232 
722 229 251 233 
723 229 343 251 
724 230 535 461 
725 461 708 230 
726 230 708 524 
727 547 650 231 
728 231 688 584 
729 650 688 231 
730 233 460 232 
731 460 492 232 
732 492 538 232 
733 251 282 233 
734 233 282 253 
735 253 743 233 
736 233 743 460 
737 234 238 235 
738 234 696 238 
739 679 696 234 
740 238 241 235 
741 241 242 235 
742 242 546 235 
743 236 240 239 
744 236 243 240 
745 236 561 243 
746 386 429 237 
747 429 562 237 
748 237 562 561 
749 238 514 241 
750 238 515 514 
751 238 696 515 
752 240 748 239 
753 515 720 239 
754 239 748 515 
755 239 720 540 
756 243 244 240 
757 244 404 240 
758 404 748 240 
759 241 245 242 
760 241 730 245 
761 514 730 241 
762 245 246 242 
763 246 410 242 
764 410 546 242 
765 243 247 244 
766 243 562 247 
767 561 562 243 
768 247 248 244 
769 248 517 244 
770 244 517 404 
771 245 249 246 
772 245 254 249 
773 245 730 254 
774 249 250 246 
775 250 575 246 
776 246 575 410 
777 247 252 248 
778 247 611 252 
779 562 611 247 
780 252 255 248 
781 255 523 248 
782 248 523 517 
783 249 256 250 
784 254 495 249 
785 249 495 256 
786 256 257 250 
787 257 261 250 
788 261 575 250 
789 251 393 282 
790 343 393 251 
791 252 258 255 
792 252 259 258 
793 252 611 259 
794 282 618 253 
795 449 457 253 
796 253 618 449 
797 457 743 253 
798 254 704 495 
799 516 620 254 
800 254 730 516 
801 620 704 254 
802 258 265 255 
803 265 350 255 
804 350 523 255 
805 256 500 257 
806 256 495 444 
807 444 500 256 
808 257 262 261 
809 257 263 262 
810 257 500 263 
811 259 260 258 
812 260 539 258 
813 258 539 265 
814 259 270 260 
815 259 711 270 
816 611 711 259 
817 270 271 260 
818 271 272 260 
819 272 539 260 
820 262 591 261 
821 261 664 575 
822 591 664 261 
823 263 264 262 
824 264 266 262 
825 266 591 262 
826 263 431 264 
827 263 438 431 
828 263 500 438 
829 264 267 266 
830 264 552 267 
831 431 552 264 
832 265 351 350 
833 265 634 351 
834 539 634 265 
835 267 268 266 
836 268 384 266 
837 384 591 266 
838 267 269 268 
839 267 277 269 
840 267 552 277 
841 269 604 268 
842 268 385 384 
843 268 604 385 
844 277 306 269 
845 306 574 269 
846 574 604 269 
847 270 558 271 
848 270 685 558 
849 270 711 685 
850 271 273 272 
851 271 349 273 
852 271 558 349 
853 273 274 272 
854 274 324 272 
855 324 539 272 
856 273 275 274 
857 273 728 275 
858 349 728 273 
859 275 276 274 
860 276 545 274 
861 274 545 324 
862 275 278 276 
863 275 316 278 
864 275 728 316 
865 278 279 276 
866 279 299 276 
867 299 545 276 
868 277 307 306 
869 277 553 307 
870 552 553 277 
871 278 280 279 
872 278 610 280 
873 316 610 278 
874 280 281 279 
875 281 543 279 
876 279 543 299 
877 280 283 281 
878 280 294 283 
879 280 610 294 
880 283 284 281 
881 284 541 281 
882 541 543 281 
883 393 409 282 
884 409 448 282 
885 448 618 282 
886 283 285 284 
887 283 536 285 
888 294 536 283 
889 285 286 284 
890 286 298 284 
891 298 541 284 
892 285 287 286 
893 285 645 287 
894 536 645 285 
895 287 288 286 
896 288 692 286 
897 286 692 298 
898 287 289 288 
899 287 296 289 
900 287 645 296 
901 289 290 288 
902 290 660 288 
903 660 692 288 
904 289 291 290 
905 289 734 291 
906 296 734 289 
907 291 292 290 
908 292 295 290 
909 295 660 290 
910 291 293 292 
911 291 641 293 
912 291 734 641 
913 293 297 292 
914 292 672 295 
915 297 672 292 
916 293 300 297 
917 293 301 300 
918 293 641 301 
919 447 536 294 
920 294 537 447 
921 294 610 537 
922 295 656 623 
923 623 660 295 
924 295 672 656 
925 296 681 487 
926 487 734 296 
927 645 729 296 
928 296 729 681 
929 300 302 297 
930 302 609 297 
931 609 672 297 
932 445 541 298 
933 298 726 445 
934 692 726 298 
935 299 544 452 
936 452 545 299 
937 543 544 299 
938 301 555 300 
939 300 303 302 
940 300 555 303 
941 301 705 555 
942 641 752 301 
943 301 752 705 
944 303 304 302 
945 304 305 302 
946 305 609 302 
947 303 308 304 
948 303 615 308 
949 555 615 303 
950 304 548 305 
951 308 309 304 
952 309 548 304 
953 548 549 305 
954 549 676 305 
955 305 676 609 
956 307 310 306 
957 310 317 306 
958 317 574 306 
959 307 311 310 
960 307 312 311 
961 307 553 312 
962 308 318 309 
963 308 319 318 
964 308 615 319 
965 318 320 309 
966 320 321 309 
967 321 548 309 
968 311 571 310 
969 310 325 317 
970 310 571 325 
971 312 313 311 
972 313 314 311 
973 314 571 311 
974 312 315 313 
975 312 554 315 
976 553 554 312 
977 313 560 314 
978 315 322 313 
979 322 560 313 
980 560 699 314 
981 314 722 571 
982 699 722 314 
983 315 323 322 
984 315 328 323 
985 315 554 328 
986 316 728 463 
987 463 746 316 
988 316 717 610 
989 316 746 717 
990 325 327 317 
991 327 338 317 
992 338 574 317 
993 319 332 318 
994 318 573 320 
995 332 573 318 
996 319 333 332 
997 319 564 333 
998 319 615 564 
999 320 326 321 
1000 320 339 326 
1001 320 573 339 
1002 326 331 321 
1003 331 619 321 
1004 321 619 548 
1005 323 334 322 
1006 334 335 322 
1007 335 560 322 
1008 328 329 323 
1009 329 579 323 
1010 323 579 334 
1011 324 634 539 
1012 545 733 324 
1013 324 733 634 
1014 325 355 327 
1015 325 403 355 
1016 325 571 403 
1017 326 372 331 
1018 339 597 326 
1019 326 597 372 
1020 327 412 338 
1021 355 594 327 
1022 327 594 412 
1023 328 330 329 
1024 328 387 330 
1025 328 554 387 
1026 330 336 329 
1027 336 636 329 
1028 329 636 579 
1029 330 337 336 
1030 330 593 337 
1031 387 593 330 
1032 372 374 331 
1033 374 375 331 
1034 375 619 331 
1035 333 340 332 
1036 340 572 332 
1037 572 573 332 
1038 333 341 340 
1039 333 342 341 
1040 333 564 342 
1041 334 378 335 
1042 334 380 378 
1043 334 579 380 
1044 378 379 335 
1045 379 405 335 
1046 405 560 335 
1047 337 353 336 
1048 353 354 336 
1049 354 636 336 
1050 337 398 353 
1051 337 399 398 
1052 337 593 399 
1053 412 413 338 
1054 413 422 338 
1055 422 574 338 
1056 573 698 339 
1057 339 666 597 
1058 339 698 666 
1059 341 395 340 
1060 395 396 340 
1061 396 572 340 
1062 342 345 341 
1063 345 578 341 
1064 341 578 395 
1065 342 346 345 
1066 342 563 346 
1067 342 564 563 
1068 344 423 343 
1069 343 423 393 
1070 344 735 423 
1071 344 708 462 
1072 462 735 344 
1073 524 708 344 
1074 346 347 345 
1075 347 397 345 
1076 397 578 345 
1077 346 348 347 
1078 346 356 348 
1079 346 563 356 
1080 348 565 347 
1081 347 408 397 
1082 347 565 408 
1083 356 357 348 
1084 357 358 348 
1085 358 565 348 
1086 463 728 349 
1087 349 750 463 
1088 558 750 349 
1089 351 352 350 
1090 352 417 350 
1091 417 523 350 
1092 351 450 352 
1093 351 451 450 
1094 351 634 451 
1095 352 418 417 
1096 352 443 418 
1097 352 450 443 
1098 353 671 354 
1099 398 400 353 
1100 400 671 353 
1101 354 678 636 
1102 671 741 354 
1103 354 741 678 
1104 403 446 355 
1105 446 686 355 
1106 355 686 594 
1107 356 590 357 
1108 563 643 356 
1109 356 643 590 
1110 357 359 358 
1111 357 360 359 
1112 357 590 360 
1113 359 577 358 
1114 358 566 565 
1115 358 577 566 
1116 360 361 359 
1117 361 362 359 
1118 362 577 359 
1119 360 373 361 
1120 360 401 373 
1121 360 590 401 
1122 361 363 362 
1123 361 595 363 
1124 373 595 361 
1125 363 364 362 
1126 364 389 362 
1127 389 577 362 
1128 363 365 364 
1129 363 366 365 
1130 363 595 366 
1131 365 388 364 
1132 388 674 364 
1133 364 674 389 
1134 366 367 365 
1135 367 703 365 
1136 365 703 388 
1137 366 368 367 
1138 366 406 368 
1139 366 595 406 
1140 368 369 367 
1141 369 370 367 
1142 370 703 367 
1143 368 599 369 
1144 406 407 368 
1145 407 599 368 
1146 369 371 370 
1147 369 381 371 
1148 369 599 381 
1149 371 522 370 
1150 504 703 370 
1151 370 731 504 
1152 522 731 370 
1153 381 382 371 
1154 382 383 371 
1155 383 522 371 
1156 372 415 374 
1157 372 416 415 
1158 372 597 416 
1159 401 414 373 
1160 414 637 373 
1161 373 637 595 
1162 374 376 375 
1163 374 693 376 
1164 415 693 374 
1165 376 377 375 
1166 377 601 375 
1167 601 619 375 
1168 376 390 377 
1169 376 670 390 
1170 448 670 376 
1171 376 693 448 
1172 390 391 377 
1173 391 392 377 
1174 392 601 377 
1175 378 580 379 
1176 380 402 378 
1177 402 580 378 
1178 379 433 405 
1179 379 434 433 
1180 379 580 434 
1181 380 425 402 
1182 380 426 425 
1183 380 579 426 
1184 381 592 382 
1185 381 753 592 
1186 599 753 381 
1187 382 394 383 
1188 382 430 394 
1189 382 592 430 
1190 394 439 383 
1191 439 494 383 
1192 494 522 383 
1193 385 419 384 
1194 419 420 384 
1195 420 591 384 
1196 385 421 419 
1197 385 675 421 
1198 604 675 385 
1199 386 442 429 
1200 386 602 442 
1201 475 602 386 
1202 554 647 387 
1203 387 702 593 
1204 647 702 387 
1205 630 674 388 
1206 388 751 630 
1207 703 751 388 
1208 389 642 577 
1209 389 738 642 
1210 674 738 389 
1211 390 640 391 
1212 446 640 390 
1213 390 670 446 
1214 391 483 392 
1215 391 484 483 
1216 391 640 484 
1217 483 740 392 
1218 392 689 601 
1219 392 740 689 
1220 393 719 409 
1221 423 719 393 
1222 430 437 394 
1223 437 509 394 
1224 394 509 439 
1225 395 411 396 
1226 395 472 411 
1227 395 578 472 
1228 411 485 396 
1229 485 648 396 
1230 396 648 572 
1231 408 669 397 
1232 474 578 397 
1233 397 669 474 
1234 399 747 398 
1235 398 450 400 
1236 398 747 450 
1237 593 754 399 
1238 695 747 399 
1239 399 754 695 
1240 450 451 400 
1241 451 452 400 
1242 452 671 400 
1243 401 440 414 
1244 401 441 440 
1245 401 590 441 
1246 425 432 402 
1247 432 623 402 
1248 402 623 580 
1249 403 640 446 
1250 571 722 403 
1251 403 722 640 
1252 404 516 514 
1253 514 748 404 
1254 404 517 516 
1255 433 483 405 
1256 483 699 405 
1257 405 699 560 
1258 406 427 407 
1259 406 637 427 
1260 595 637 406 
1261 427 428 407 
1262 428 447 407 
1263 447 599 407 
1264 565 715 408 
1265 668 669 408 
1266 408 715 668 
1267 409 670 448 
1268 409 686 670 
1269 409 719 686 
1270 410 650 546 
1271 575 576 410 
1272 576 650 410 
1273 472 473 411 
1274 473 526 411 
1275 411 526 485 
1276 412 462 413 
1277 412 735 462 
1278 594 735 412 
1279 413 424 422 
1280 413 461 424 
1281 413 462 461 
1282 440 487 414 
1283 487 681 414 
1284 414 681 637 
1285 416 449 415 
1286 449 618 415 
1287 618 693 415 
1288 416 453 449 
1289 416 454 453 
1290 416 597 454 
1291 418 704 417 
1292 417 620 523 
1293 417 704 620 
1294 443 444 418 
1295 444 495 418 
1296 495 704 418 
1297 419 585 420 
1298 421 714 419 
1299 419 714 585 
1300 585 732 420 
1301 420 664 591 
1302 420 732 664 
1303 421 709 471 
1304 471 714 421 
1305 675 709 421 
1306 424 675 422 
1307 422 604 574 
1308 422 675 604 
1309 594 719 423 
1310 423 735 594 
1311 461 684 424 
1312 424 709 675 
1313 684 709 424 
1314 426 445 425 
1315 425 726 432 
1316 445 726 425 
1317 426 678 445 
1318 579 636 426 
1319 636 678 426 
1320 427 729 428 
1321 637 681 427 
1322 681 729 427 
1323 428 536 447 
1324 428 645 536 
1325 428 729 645 
1326 442 711 429 
1327 429 611 562 
1328 429 711 611 
1329 430 463 437 
1330 430 746 463 
1331 592 746 430 
1332 438 702 431 
1333 431 647 552 
1334 431 702 647 
1335 432 660 623 
1336 432 692 660 
1337 432 726 692 
1338 434 435 433 
1339 435 740 433 
1340 433 740 483 
1341 434 436 435 
1342 434 656 436 
1343 580 656 434 
1344 436 676 435 
1345 676 689 435 
1346 689 740 435 
1347 436 672 609 
1348 609 676 436 
1349 656 672 436 
1350 463 750 437 
1351 464 509 437 
1352 437 750 464 
1353 500 695 438 
1354 695 754 438 
1355 438 754 702 
1356 439 508 494 
1357 441 752 440 
1358 440 641 487 
1359 440 752 641 
1360 590 643 441 
1361 643 705 441 
1362 705 752 441 
1363 602 603 442 
1364 603 685 442 
1365 685 711 442 
1366 443 747 444 
1367 450 747 443 
1368 444 695 500 
1369 444 747 695 
1370 445 542 541 
1371 445 678 542 
1372 670 686 446 
1373 537 753 447 
1374 447 753 599 
1375 448 693 618 
1376 453 457 449 
1377 451 733 452 
1378 634 733 451 
1379 544 671 452 
1380 452 733 545 
1381 454 657 453 
1382 453 706 457 
1383 458 657 454 
1384 454 666 458 
1385 597 666 454 
1386 455 458 456 
1387 455 499 458 
1388 458 459 456 
1389 459 648 456 
1390 456 648 485 
1391 457 511 460 
1392 460 743 457 
1393 457 706 511 
1394 458 666 459 
1395 499 657 458 
1396 459 698 648 
1397 666 698 459 
1398 462 708 461 
1399 535 684 461 
1400 464 617 509 
1401 464 603 510 
1402 510 617 464 
1403 558 603 464 
1404 464 750 558 
1405 465 687 466 
1406 466 468 467 
1407 466 486 468 
1408 466 687 486 
1409 468 469 467 
1410 469 673 467 
1411 467 673 497 
1412 468 470 469 
1413 468 665 470 
1414 486 665 468 
1415 470 697 469 
1416 559 673 469 
1417 621 697 470 
1418 709 739 471 
1419 472 578 474 
1420 474 669 633 
1421 477 700 476 
1422 476 700 478 
1423 534 700 477 
1424 477 724 613 
1425 478 480 479 
1426 480 718 479 
1427 479 489 482 
1428 479 718 489 
1429 481 718 480 
1430 530 707 481 
1431 707 718 481 
1432 484 699 483 
1433 640 722 484 
1434 484 722 699 
1435 629 749 486 
1436 486 749 665 
1437 641 734 487 
1438 600 682 491 
1439 622 658 493 
1440 494 710 522 
1441 498 749 629 
1442 502 710 501 
1443 503 504 502 
1444 504 731 502 
1445 502 731 710 
1446 503 751 504 
1447 520 630 503 
1448 630 751 503 
1449 504 751 703 
1450 506 630 505 
1451 505 630 520 
1452 507 738 506 
1453 506 674 630 
1454 506 738 674 
1455 521 626 507 
1456 626 642 507 
1457 642 738 507 
1458 512 668 513 
1459 566 626 513 
1460 513 715 566 
1461 668 715 513 
1462 515 748 514 
1463 516 730 514 
1464 696 720 515 
1465 517 620 516 
1466 523 620 517 
1467 518 661 519 
1468 710 731 522 
1469 527 631 528 
1470 528 745 529 
1471 631 651 528 
1472 651 745 528 
1473 529 655 616 
1474 654 655 529 
1475 529 745 654 
1476 624 727 533 
1477 533 727 639 
1478 537 717 592 
1479 592 753 537 
1480 610 717 537 
1481 542 543 541 
1482 542 544 543 
1483 542 741 544 
1484 678 741 542 
1485 544 741 671 
1486 546 650 547 
1487 548 619 549 
1488 549 619 601 
1489 601 689 549 
1490 549 689 676 
1491 551 737 694 
1492 552 647 553 
1493 553 647 554 
1494 555 644 615 
1495 555 705 644 
1496 558 685 603 
1497 564 644 563 
1498 563 644 643 
1499 615 644 564 
1500 566 715 565 
1501 577 642 566 
1502 566 642 626 
1503 598 662 567 
1504 662 713 567 
1505 569 690 568 
1506 569 736 690 
1507 572 698 573 
1508 648 698 572 
1509 575 664 576 
1510 576 688 650 
1511 664 732 576 
1512 576 732 688 
1513 623 656 580 
1514 582 649 581 
1515 584 688 585 
1516 688 732 585 
1517 606 659 586 
1518 658 694 587 
1519 589 742 646 
1520 661 742 589 
1521 717 746 592 
1522 702 754 593 
1523 686 719 594 
1524 677 682 605 
1525 680 721 607 
1526 646 742 632 
1527 639 727 659 
1528 644 705 643 
3 1 4 6526
1529 760 893 867 927 
1530 77 905 456 997 
1531 874 1056 867 1288 
1532 322 900 1038 1054 
1533 760 867 1056 1288 
1534 311 921 310 1106 
1535 456 997 905 1317 
1536 735 1053 926 1085 
1537 311 1033 921 1106 
1538 344 844 926 1053 
1539 768 897 875 1022 
1540 322 1033 900 1054 
1541 829 761 1074 1189 
1542 806 1067 906 1283 
1543 868 411 1076 1175 
1544 103 1176 992 1204 
1545 908 1174 1133 1289 
1546 207 861 1017 1261 
1547 856 873 792 1170 
1548 872 991 787 1100 
1549 867 893 760 1116 
1550 200 861 207 1098 
1551 940 1090 833 1267 
1552 789 1090 940 1267 
1553 344 926 844 1122 
1554 1056 1154 882 1212 
1555 207 861 200 1017 
1556 855 1039 675 1327 
1557 207 1017 200 1261 
1558 830 1056 882 1212 
1559 327 840 412 1085 
1560 762 1101 879 1113 
1561 568 896 1173 1224 
1562 805 884 835 980 
1563 991 1100 872 1194 
1564 759 1022 858 1100 
1565 669 958 953 1147 
1566 771 908 1133 1289 
1567 103 1204 992 1431 
1568 411 868 395 1175 
1569 887 962 815 1082 
1570 835 884 805 1037 
1571 874 867 1257 1288 
1572 395 868 411 1076 
1573 1031 1039 855 1327 
1574 159 1127 956 1307 
1575 979 1040 50 1300 
1576 313 900 322 1033 
1577 848 975 1133 1195 
1578 856 1009 873 1078 
1579 897 875 1022 1372 
1580 873 1009 766 1078 
1581 974 987 823 1204 
1582 799 848 975 1133 
1583 401 870 1099 1156 
1584 760 1056 867 1116 
1585 412 327 338 840 
1586 420 871 961 1081 
1587 860 960 907 1086 
1588 850 507 1068 1269 
1589 800 864 1164 1396 
1590 867 1056 874 1257 
1591 929 1041 880 1177 
1592 934 980 805 1022 
1593 784 907 960 1086 
1594 980 1022 934 1080 
1595 784 825 951 1143 
1596 784 960 860 1086 
1597 825 1143 784 1338 
1598 412 840 338 1053 
1599 906 957 286 1282 
1600 992 1176 780 1204 
1601 770 880 929 1041 
1602 799 1133 975 1195 
1603 762 856 1101 1113 
1604 50 979 52 1040 
1605 955 1133 908 1174 
1606 818 1056 882 1107 
1607 882 1056 830 1107 
1608 761 829 1074 1284 
1609 1022 1080 980 1172 
1610 675 1039 855 1087 
1611 913 1007 231 1185 
1612 759 858 1022 1080 
1613 286 957 906 1183 
1614 787 989 872 1022 
1615 897 1022 989 1372 
1616 962 1082 887 1309 
1617 568 1173 885 1224 
1618 921 310 1106 1157 
1619 780 987 974 1204 
1620 338 1006 840 1157 
1621 902 1036 448 1211 
1622 818 882 1056 1154 
1623 841 796 1089 1389 
1624 885 1173 896 1224 
1625 151 1203 1028 1450 
1626 676 993 872 1343 
1627 760 1056 874 1288 
1628 762 952 854 1151 
1629 547 231 1007 1262 
1630 864 930 800 945 
1631 305 302 872 1097 
1632 961 1019 266 1249 
1633 805 989 897 1022 
1634 758 1021 881 1137 
1635 938 1149 1012 1159 
1636 179 901 178 1331 
1637 758 881 1021 1368 
1638 151 646 1203 1450 
1639 773 904 866 1153 
1640 1012 1159 1149 1349 
1641 1302 1320 647 1362 
1642 761 1086 829 1284 
1643 863 763 986 1181 
1644 412 840 1053 1085 
1645 870 768 897 1099 
1646 796 1083 1043 1266 
1647 530 979 869 1228 
1648 231 1185 1007 1262 
1649 734 957 897 1282 
1650 805 1022 980 1172 
1651 200 1017 861 1098 
1652 676 872 1037 1343 
1653 356 962 925 1254 
1654 159 956 581 1307 
1655 755 959 990 1170 
1656 882 1127 624 1145 
1657 803 936 863 945 
1658 772 932 902 1138 
1659 456 905 1175 1317 
1660 805 980 835 1172 
1661 854 1281 1077 1297 
1662 547 231 650 1007 
1663 863 945 763 1181 
1664 786 1082 962 1309 
1665 797 941 840 1034 
1666 829 1074 865 1189 
1667 797 840 941 1085 
1668 887 815 962 1306 
1669 784 951 825 1073 
1670 231 913 650 1007 
1671 828 1124 1152 1184 
1672 800 1164 982 1396 
1673 547 173 231 1262 
1674 302 989 872 1097 
1675 708 844 344 1053 
1676 773 866 904 1241 
1677 890 1020 209 1057 
1678 241 1030 994 1412 
1679 895 923 770 1118 
1680 825 784 1021 1338 
1681 1141 1151 762 1232 
1682 43 50 52 1040 
1683 859 1003 1064 1260 
1684 757 854 1026 1217 
1685 989 1022 875 1372 
1686 791 1152 1124 1184 
1687 759 1080 1022 1172 
1688 841 796 1040 1089 
1689 401 1099 925 1156 
1690 872 1100 1022 1172 
1691 863 930 763 945 
1692 757 1026 854 1442 
1693 401 870 414 1099 
1694 762 1141 952 1151 
1695 974 992 780 1204 
1696 725 1020 890 1198 
1697 840 1065 855 1136 
1698 93 947 877 1268 
1699 783 893 867 1116 
1700 925 962 356 1351 
1701 840 855 1053 1136 
1702 787 1022 872 1100 
1703 901 1020 178 1331 
1704 307 310 311 921 
1705 266 1019 961 1213 
1706 848 1052 955 1133 
1707 856 766 1009 1078 
1708 877 947 93 1334 
1709 803 1041 929 1177 
1710 902 932 772 1315 
1711 803 945 863 1181 
1712 867 893 783 1390 
1713 1077 1281 912 1297 
1714 897 957 734 1191 
1715 806 906 957 1283 
1716 530 869 481 1228 
1717 780 974 987 1165 
1718 708 1031 844 1053 
1719 805 835 1037 1172 
1720 173 1185 231 1262 
1721 840 338 1053 1327 
1722 823 987 974 1165 
1723 1017 1098 677 1190 
1724 138 137 1027 1340 
1725 307 921 311 1033 
1726 785 969 905 1233 
1727 1019 1320 1302 1362 
1728 806 1067 1283 1402 
1729 902 1138 932 1296 
1730 793 1019 961 1062 
1731 884 971 402 1303 
1732 865 1023 463 1091 
1733 869 1105 853 1266 
1734 796 869 1083 1266 
1735 305 1097 872 1194 
1736 887 1082 960 1231 
1737 248 1188 883 1316 
1738 956 1127 845 1307 
1739 840 797 1034 1136 
1740 1045 1159 1012 1349 
1741 803 927 893 1041 
1742 787 875 989 1022 
1743 992 1204 974 1431 
1744 930 1142 863 1148 
1745 609 872 302 989 
1746 864 965 800 1164 
1747 870 768 1099 1330 
1748 798 865 1024 1117 
1749 867 783 986 1390 
1750 854 1077 912 1297 
1751 1038 1102 379 1303 
1752 821 1100 991 1194 
1753 419 420 871 961 
1754 770 929 880 1286 
1755 956 963 581 1307 
1756 797 840 1085 1136 
1757 895 1118 770 1305 
1758 863 986 763 1148 
1759 835 900 975 1038 
1760 785 929 969 1233 
1761 765 863 916 1058 
1762 758 1021 1073 1231 
1763 123 1293 996 1422 
1764 806 1283 957 1402 
1765 773 866 996 1153 
1766 138 1027 1234 1340 
1767 840 1006 338 1327 
1768 757 854 1217 1297 
1769 338 840 327 1157 
1770 784 825 1021 1073 
1771 7 1109 950 1322 
1772 755 999 959 1170 
1773 402 884 425 971 
1774 865 1091 463 1363 
1775 759 1022 1100 1172 
1776 803 1181 863 1318 
1777 103 102 1176 1204 
1778 902 1296 932 1315 
1779 887 1223 1082 1231 
1780 799 975 900 1038 
1781 783 867 986 1215 
1782 757 1281 854 1297 
1783 335 1038 900 1102 
1784 961 1019 846 1062 
1785 952 995 856 1009 
1786 761 829 1086 1189 
1787 768 1022 875 1400 
1788 50 857 40 1319 
1789 857 50 1040 1300 
1790 856 952 762 995 
1791 905 1076 411 1175 
1792 50 40 857 1040 
1793 953 1042 85 1147 
1794 456 77 485 905 
1795 882 1145 624 1279 
1796 524 344 708 844 
1797 848 1133 955 1174 
1798 955 1052 848 1419 
1799 626 850 507 1068 
1800 85 1042 953 1276 
1801 835 1038 975 1195 
1802 456 905 485 1175 
1803 335 379 1038 1102 
1804 954 1024 865 1117 
1805 893 1041 927 1236 
1806 907 1244 1067 1289 
1807 867 927 893 1181 
1808 762 856 995 1101 
1809 321 326 991 1237 
1810 960 1082 1073 1231 
1811 769 886 1081 1150 
1812 864 945 800 965 
1813 777 922 1011 1024 
1814 869 1266 853 1369 
1815 77 905 997 1129 
1816 448 902 1211 1360 
1817 1019 647 1320 1362 
1818 863 1181 986 1318 
1819 772 863 930 1142 
1820 956 1060 201 1224 
1821 313 1033 322 1054 
1822 975 1038 799 1195 
1823 907 1067 934 1289 
1824 419 961 871 1087 
1825 675 421 1039 1087 
1826 758 1073 1082 1231 
1827 770 1041 929 1390 
1828 768 897 1022 1402 
1829 784 860 960 1021 
1830 772 930 863 1202 
1831 838 1290 1198 1331 
1832 414 1099 870 1167 
1833 412 1053 735 1085 
1834 787 1012 1045 1159 
1835 898 780 1176 1204 
1836 322 1038 334 1054 
1837 792 959 999 1170 
1838 777 1323 1011 1385 
1839 798 1011 922 1024 
1840 421 871 714 1039 
1841 524 344 844 1122 
1842 869 1114 964 1369 
1843 778 1050 966 1270 
1844 853 898 780 1176 
1845 209 890 725 1020 
1846 1133 1174 848 1289 
1847 255 1188 248 1316 
1848 758 860 1021 1231 
1849 879 1101 999 1113 
1850 883 1273 248 1316 
1851 810 1045 1012 1349 
1852 305 302 609 872 
1853 912 1184 1152 1263 
1854 787 989 875 1097 
1855 1027 137 1292 1340 
1856 780 898 853 1035 
1857 778 966 1120 1270 
1858 792 990 959 1170 
1859 322 334 323 1054 
1860 899 991 326 1237 
1861 855 1136 1065 1180 
1862 869 853 1114 1369 
1863 1028 1064 151 1450 
1864 853 1266 1105 1369 
1865 179 1208 901 1331 
1866 765 916 863 1440 
1867 882 1154 1145 1229 
1868 999 1101 856 1113 
1869 230 844 708 1031 
1870 497 1201 673 1225 
1871 800 930 864 1396 
1872 344 926 735 1053 
1873 333 319 332 1012 
1874 769 912 862 1152 
1875 841 1089 1096 1389 
1876 411 395 396 1175 
1877 828 1013 1124 1184 
1878 762 854 967 1151 
1879 994 1030 847 1412 
1880 872 989 787 1097 
1881 1011 1323 889 1385 
1882 401 925 590 1156 
1883 701 877 93 1098 
1884 118 892 113 996 
1885 787 991 872 1097 
1886 356 962 348 1351 
1887 756 1052 955 1419 
1888 862 1008 757 1297 
1889 368 1143 1018 1207 
1890 831 1151 1141 1232 
1891 845 1145 882 1154 
1892 652 209 1020 1057 
1893 882 1145 837 1229 
1894 529 1118 895 1319 
1895 650 1007 913 1150 
1896 612 677 1098 1190 
1897 828 894 919 1164 
1898 201 195 956 1224 
1899 857 1040 979 1300 
1900 845 1145 1154 1229 
1901 801 995 952 1009 
1902 778 966 1050 1120 
1903 867 986 1181 1390 
1904 869 964 1266 1369 
1905 7 1004 950 1109 
1906 760 874 1056 1373 
1907 241 994 1030 1226 
1908 755 990 959 1314 
1909 771 906 1067 1283 
1910 319 938 332 1012 
1911 878 1018 829 1086 
1912 50 40 58 1319 
1913 948 793 1252 1393 
1914 976 1252 793 1393 
1915 780 898 987 1204 
1916 425 402 432 884 
1917 270 1059 1015 1117 
1918 286 288 957 1183 
1919 955 1133 1052 1386 
1920 807 1190 1035 1369 
1921 853 869 1114 1434 
1922 925 1099 768 1330 
1923 757 1008 862 1063 
1924 270 271 1059 1117 
1925 777 954 922 1024 
1926 868 1149 1159 1349 
1927 936 1047 822 1119 
1928 784 860 1021 1086 
1929 771 884 971 1183 
1930 772 1142 930 1391 
1931 304 1097 305 1194 
1932 771 971 1029 1183 
1933 841 1096 1089 1342 
1934 199 200 207 1098 
1935 1028 1203 859 1450 
1936 769 1081 913 1150 
1937 757 912 1281 1297 
1938 892 996 118 1153 
1939 123 1153 996 1293 
1940 928 888 1222 1395 
1941 769 1150 1132 1171 
1942 894 932 800 1164 
1943 894 982 932 1164 
1944 873 990 792 1170 
1945 266 1019 264 1249 
1946 814 928 1222 1395 
1947 764 1164 864 1396 
1948 841 1089 1040 1342 
1949 760 927 867 1288 
1950 936 803 1047 1210 
1951 642 1068 507 1269 
1952 760 1056 1154 1373 
1953 985 1084 157 1139 
1954 201 956 195 1060 
1955 380 402 971 1303 
1956 799 975 848 1052 
1957 322 900 335 1038 
1958 821 872 1100 1194 
1959 40 857 1118 1319 
1960 870 897 768 1162 
1961 886 1150 769 1171 
1962 348 962 356 1254 
1963 1035 1190 898 1369 
1964 521 507 850 1269 
1965 317 574 338 1157 
1966 934 1283 1067 1402 
1967 872 989 805 1022 
1968 714 1039 871 1057 
1969 848 980 975 1195 
1970 873 798 1074 1255 
1971 762 854 952 1113 
1972 574 1006 338 1157 
1973 734 957 289 1191 
1974 347 958 1147 1254 
1975 660 884 957 1183 
1976 873 1078 1011 1255 
1977 113 996 892 1201 
1978 754 1112 942 1341 
1979 804 927 867 1181 
1980 811 969 929 1233 
1981 776 956 845 963 
1982 875 1099 768 1306 
1983 770 893 1041 1390 
1984 868 958 578 1149 
1985 834 1302 1019 1320 
1986 877 93 1098 1334 
1987 1031 1180 1039 1326 
1988 887 1306 962 1309 
1989 1039 1180 788 1326 
1990 628 937 10 1089 
1991 807 898 1035 1190 
1992 497 1044 1201 1225 
1993 834 942 1302 1320 
1994 734 897 1167 1282 
1995 932 982 800 1164 
1996 366 1143 368 1207 
1997 529 895 1118 1304 
1998 871 1039 421 1087 
1999 870 977 637 1167 
2000 578 958 868 1076 
2001 838 1020 890 1063 
2002 805 1022 897 1402 
2003 918 1021 825 1137 
2004 52 1040 979 1228 
2005 474 953 669 958 
2006 783 978 1116 1214 
2007 808 893 1055 1187 
2008 927 1257 867 1288 
2009 1053 1136 855 1180 
2010 696 914 1168 1209 
2011 835 1102 1038 1303 
2012 1018 1086 878 1325 
2013 734 289 957 1282 
2014 905 969 811 1233 
2015 757 1003 1026 1442 
2016 776 874 1003 1026 
2017 776 1003 874 1110 
2018 830 1116 978 1214 
2019 10 937 628 1083 
2020 796 869 1266 1459 
2021 843 1072 988 1280 
2022 770 1118 923 1305 
2023 512 1042 85 1276 
2024 772 902 876 1138 
2025 800 919 894 1164 
2026 774 988 1072 1280 
2027 889 1163 1011 1385 
2028 834 1019 1302 1362 
2029 286 957 288 1282 
2030 1011 1078 889 1336 
2031 933 1124 791 1152 
2032 801 877 1240 1380 
2033 373 870 401 1156 
2034 841 953 786 1042 
2035 829 1023 865 1074 
2036 501 950 7 1004 
2037 755 1170 990 1314 
2038 474 953 958 1076 
2039 797 1138 902 1296 
2040 801 1240 1141 1380 
2041 882 837 1154 1229 
2042 932 982 894 1131 
2043 689 676 993 1194 
2044 969 1294 39 1344 
2045 875 897 768 1099 
2046 360 401 590 1156 
2047 327 840 1085 1157 
2048 755 959 1119 1314 
2049 432 425 884 1183 
2050 40 857 1040 1118 
2051 772 876 902 1103 
2052 791 1124 1013 1184 
2053 1043 1083 826 1266 
2054 760 1056 1116 1212 
2055 757 854 1281 1442 
2056 521 1042 79 1342 
2057 60 869 530 979 
2058 313 322 315 1054 
2059 867 1116 1056 1214 
2060 762 879 1101 1245 
2061 287 286 288 1282 
2062 787 938 1012 1159 
2063 919 1080 848 1174 
2064 1004 1050 950 1109 
2065 838 1063 890 1199 
2066 766 1011 889 1163 
2067 88 895 968 1205 
2068 1011 1078 812 1255 
2069 991 1194 321 1237 
2070 916 1058 863 1411 
2071 609 872 989 1436 
2072 1047 1119 936 1210 
2073 940 1090 1070 1370 
2074 795 1080 919 1174 
2075 869 853 1105 1459 
2076 764 864 1164 1272 
2077 1060 1251 202 1260 
2078 863 945 936 1202 
2079 88 1205 968 1247 
2080 972 1163 849 1242 
2081 425 971 884 1183 
2082 676 872 609 1037 
2083 812 1078 1011 1336 
2084 746 1023 865 1069 
2085 39 35 969 1344 
2086 155 985 157 1139 
2087 521 850 626 1042 
2088 800 932 894 1066 
2089 321 331 326 1237 
2090 783 978 1094 1116 
2091 761 1067 908 1189 
2092 379 1303 1102 1343 
2093 862 1152 912 1184 
2094 766 1011 1163 1385 
2095 183 1020 725 1198 
2096 878 1069 294 1128 
2097 871 1081 420 1447 
2098 814 1095 928 1395 
2099 828 1164 919 1394 
2100 896 201 1060 1224 
2101 1024 1074 798 1255 
2102 848 799 1052 1133 
2103 768 1099 925 1306 
2104 524 708 230 844 
2105 762 967 1113 1382 
2106 857 949 782 1187 
2107 780 1160 853 1176 
2108 497 1201 1044 1422 
2109 872 993 676 1194 
2110 815 960 887 1082 
2111 845 776 963 1165 
2112 757 1008 912 1297 
2113 347 1147 962 1254 
2114 373 414 401 870 
2115 930 945 864 1264 
2116 758 1073 1021 1206 
2117 448 1048 902 1360 
2118 1012 1149 810 1349 
2119 70 71 1140 1247 
2120 804 867 927 1257 
2121 934 1080 1022 1432 
2122 551 892 118 1153 
2123 890 1198 838 1199 
2124 793 1062 976 1393 
2125 770 880 915 1135 
2126 157 985 155 1084 
2127 1049 1251 518 1290 
2128 135 581 963 1307 
2129 771 1029 971 1133 
2130 92 103 102 1176 
2131 1001 1055 893 1187 
2132 841 786 953 1135 
2133 380 971 1038 1303 
2134 967 1026 1113 1382 
2135 830 1094 978 1116 
2136 637 977 870 1207 
2137 881 1270 1021 1368 
2138 619 321 1194 1237 
2139 758 1021 1137 1206 
2140 803 863 936 1318 
2141 763 945 930 1264 
2142 766 889 1011 1078 
2143 151 646 557 1203 
2144 463 865 746 1023 
2145 70 1140 1205 1247 
2146 823 987 861 1261 
2147 313 315 1033 1054 
2148 52 43 1040 1228 
2149 464 1059 1091 1355 
2150 896 1064 1003 1260 
2151 778 950 1004 1050 
2152 954 1117 865 1363 
2153 770 929 1092 1390 
2154 872 1022 805 1172 
2155 873 1011 798 1255 
2156 284 1029 906 1238 
2157 160 624 1127 1145 
2158 919 1164 800 1394 
2159 355 327 1085 1157 
2160 758 1082 1223 1231 
2161 794 1163 972 1242 
2162 356 925 1192 1254 
2163 778 1021 918 1137 
2164 104 1094 1230 1329 
2165 261 1081 961 1249 
2166 911 1227 838 1376 
2167 795 1289 907 1453 
2168 118 551 113 892 
2169 907 1289 934 1453 
2170 735 926 423 1085 
2171 660 957 884 1312 
2172 873 812 1078 1255 
2173 927 1041 803 1047 
2174 1018 1143 370 1301 
2175 833 1090 940 1370 
2176 761 908 1067 1244 
2177 990 1119 959 1314 
2178 902 1048 448 1388 
2179 911 838 1241 1376 
2180 119 568 885 1224 
2181 875 1022 787 1400 
2182 795 1244 907 1289 
2183 867 986 1215 1277 
2184 769 862 912 1008 
2185 801 1009 952 1179 
2186 1033 1302 554 1362 
2187 769 912 1152 1263 
2188 929 1177 880 1233 
2189 854 1297 791 1324 
2190 294 1128 1069 1166 
2191 843 988 1032 1280 
2192 1015 1059 711 1295 
2193 506 674 1269 1365 
2194 796 1043 924 1266 
2195 198 612 677 1098 
2196 796 1266 924 1459 
2197 880 1233 1135 1286 
2198 822 1047 936 1177 
2199 782 949 857 1300 
2200 142 518 1251 1290 
2201 816 1175 1159 1414 
2202 830 1116 1056 1212 
2203 807 891 1190 1369 
2204 930 945 863 1202 
2205 825 950 918 1137 
2206 878 1067 1128 1178 
2207 987 1017 861 1261 
2208 1135 1233 811 1286 
2209 848 1133 980 1195 
2210 856 1113 952 1182 
2211 788 1180 901 1326 
2212 982 1138 932 1202 
2213 898 1017 100 1190 
2214 696 914 171 1168 
2215 758 1021 860 1368 
2216 399 1112 754 1341 
2217 326 991 899 1235 
2218 766 1011 873 1078 
2219 8 7 950 1322 
2220 922 1015 539 1188 
2221 285 906 286 1282 
2222 676 435 993 1343 
2223 894 1066 932 1350 
2224 762 861 987 1380 
2225 397 408 347 1147 
2226 642 973 1068 1269 
2227 913 1057 1008 1185 
2228 906 1128 1067 1178 
2229 796 841 1040 1305 
2230 241 1030 730 1226 
2231 982 1034 894 1131 
2232 864 804 1088 1410 
2233 711 1295 1059 1364 
2234 770 1092 893 1390 
2235 561 1139 1084 1358 
2236 799 1158 1054 1335 
2237 864 804 965 1088 
2238 668 85 1042 1147 
2239 1027 1151 903 1433 
2240 183 1198 1290 1331 
2241 812 889 1078 1336 
2242 699 1102 900 1250 
2243 880 929 1233 1286 
2244 787 916 858 1100 
2245 500 1112 1169 1249 
2246 873 1009 856 1308 
2247 578 868 395 1076 
2248 1009 1101 856 1308 
2249 895 770 1187 1305 
2250 896 1003 824 1260 
2251 368 1018 977 1207 
2252 763 930 864 1264 
2253 269 306 921 1006 
2254 834 1054 1158 1335 
2255 903 1027 802 1151 
2256 771 971 884 1195 
2257 782 853 946 1093 
2258 395 868 578 1149 
2259 638 1168 583 1291 
2260 857 1118 895 1305 
2261 858 916 787 1045 
2262 530 60 481 869 
2263 901 1180 1031 1326 
2264 363 1156 361 1243 
2265 776 956 896 1110 
2266 1047 1210 803 1218 
2267 414 440 1099 1167 
2268 355 1085 941 1157 
2269 1067 1244 908 1289 
2270 853 782 946 1160 
2271 619 331 321 1237 
2272 796 1040 979 1125 
2273 792 881 966 1104 
2274 699 900 1106 1250 
2275 47 1379 1025 1381 
2276 8 1109 7 1322 
2277 868 1159 1175 1414 
2278 696 994 914 1209 
2279 363 951 1156 1243 
2280 183 1020 1198 1331 
2281 869 1093 853 1459 
2282 845 1154 956 1373 
2283 803 1177 929 1318 
2284 779 948 894 1052 
2285 925 1099 870 1156 
2286 785 1142 1014 1148 
2287 815 1073 960 1082 
2288 873 792 990 1392 
2289 783 1116 867 1214 
2290 852 1130 986 1148 
2291 260 539 922 1015 
2292 714 1057 871 1447 
2293 260 1015 922 1117 
2294 203 202 1060 1251 
2295 948 1034 894 1164 
2296 818 956 1154 1373 
2297 113 1201 892 1230 
2298 850 1089 1096 1342 
2299 936 945 803 1210 
2300 675 1087 855 1327 
2301 201 736 896 1060 
2302 437 1091 1023 1354 
2303 875 925 1099 1306 
2304 19 1129 969 1256 
2305 306 921 1006 1157 
2306 845 956 776 1373 
2307 838 1049 904 1227 
2308 151 557 1028 1203 
2309 760 1055 888 1229 
2310 966 1050 881 1270 
2311 756 955 1052 1386 
2312 828 919 894 1193 
2313 945 803 1210 1218 
2314 759 894 932 1350 
2315 782 857 979 1300 
2316 860 959 792 990 
2317 157 1084 561 1139 
2318 907 1067 761 1189 
2319 789 844 1070 1452 
2320 881 792 966 1270 
2321 759 932 1066 1350 
2322 791 1184 912 1263 
2323 930 1138 982 1202 
2324 294 878 537 1069 
2325 322 560 335 900 
2326 859 1064 1028 1450 
2327 986 1130 852 1215 
2328 816 1159 1058 1414 
2329 979 1040 857 1125 
2330 521 507 626 850 
2331 762 1151 967 1232 
2332 929 969 811 1286 
2333 988 819 1072 1091 
2334 845 1127 956 1154 
2335 956 1127 818 1154 
2336 904 1227 1049 1376 
2337 436 435 676 1343 
2338 729 1167 977 1178 
2339 804 1257 927 1288 
2340 755 1013 910 1324 
2341 800 936 945 1202 
2342 755 910 1013 1394 
2343 774 1032 988 1280 
2344 936 1047 803 1177 
2345 769 913 871 1438 
2346 529 1118 655 1304 
2347 844 789 1122 1452 
2348 762 1113 1095 1382 
2349 166 1127 1107 1246 
2350 588 725 890 1198 
2351 789 1070 940 1090 
2352 469 559 978 1201 
2353 913 1132 769 1150 
2354 561 1084 1000 1358 
2355 638 903 1168 1291 
2356 996 1293 866 1422 
2357 846 1019 961 1249 
2358 136 607 1046 1293 
2359 548 304 305 1194 
2360 1011 1024 798 1255 
2361 689 549 676 1194 
2362 878 806 1067 1178 
2363 694 920 551 1153 
2364 770 923 895 1286 
2365 845 160 1127 1145 
2366 341 395 578 1149 
2367 694 551 920 1397 
2368 771 1067 934 1283 
2369 797 932 1138 1296 
2370 918 950 778 1137 
2371 835 1102 1303 1343 
2372 260 539 1015 1188 
2373 701 93 101 1098 
2374 1008 1057 913 1438 
2375 926 1048 393 1360 
2376 761 1067 907 1244 
2377 890 1020 788 1063 
2378 904 838 1227 1376 
2379 782 1055 1187 1399 
2380 436 676 609 1037 
2381 806 934 907 1067 
2382 430 382 1023 1446 
2383 894 800 1066 1350 
2384 313 314 900 1106 
2385 660 957 288 1183 
2386 911 981 781 1253 
2387 786 850 1042 1068 
2388 760 888 928 1229 
2389 972 1163 794 1323 
2390 399 695 754 1112 
2391 524 844 230 1271 
2392 891 1114 964 1248 
2393 27 39 35 969 
2394 757 1026 1003 1217 
2395 269 1006 921 1213 
2396 857 895 1187 1305 
2397 320 991 326 1235 
2398 894 1052 948 1193 
2399 832 1221 1148 1391 
2400 764 982 1164 1396 
2401 880 1096 915 1135 
2402 436 676 1037 1343 
2403 306 1006 574 1157 
2404 1033 1054 554 1302 
2405 768 1022 934 1402 
2406 590 925 401 1099 
2407 891 476 1114 1248 
2408 27 39 969 1294 
2409 298 906 284 1029 
2410 864 1088 981 1410 
2411 526 1129 19 1256 
2412 816 1058 1175 1414 
2413 841 1096 786 1135 
2414 906 1128 284 1238 
2415 760 1212 1055 1229 
2416 785 969 929 1352 
2417 964 1114 476 1248 
2418 16 923 1276 1287 
2419 779 894 975 1052 
2420 605 100 898 1017 
2421 918 1143 1018 1301 
2422 785 997 1014 1142 
2423 763 930 863 1148 
2424 943 1120 966 1270 
2425 780 1035 853 1160 
2426 918 370 1143 1301 
2427 988 1091 1059 1355 
2428 1086 1270 1021 1284 
2429 948 1034 1164 1252 
2430 1072 1308 819 1378 
2431 314 560 313 900 
2432 826 950 1050 1109 
2433 1112 1249 500 1320 
2434 1025 1379 839 1381 
2435 168 882 727 1107 
2436 838 1199 1198 1227 
2437 842 941 1211 1296 
2438 842 1131 941 1296 
2439 637 977 427 1167 
2440 854 1077 1281 1442 
2441 831 952 1141 1151 
2442 792 879 1104 1443 
2443 906 1067 806 1178 
2444 939 849 1163 1242 
2445 964 1114 869 1434 
2446 160 1145 845 1307 
2447 813 1201 1044 1225 
2448 241 1347 1030 1412 
2449 583 1168 1027 1291 
2450 912 1008 757 1199 
2451 612 1190 1098 1334 
2452 956 1060 896 1110 
2453 872 1097 991 1194 
2454 990 1170 873 1255 
2455 762 987 861 1232 
2456 861 987 823 1232 
2457 792 1104 966 1443 
2458 605 1017 898 1204 
2459 448 902 376 1036 
2460 878 1086 829 1189 
2461 781 981 911 1410 
2462 197 1209 903 1262 
2463 981 1088 864 1272 
2464 427 977 729 1167 
2465 762 952 856 1113 
2466 430 1023 1069 1446 
2467 832 1148 1142 1391 
2468 313 560 322 900 
2469 849 1163 972 1323 
2470 669 397 958 1147 
2471 833 1090 944 1130 
2472 865 954 817 1024 
2473 812 873 1078 1170 
2474 867 1181 986 1277 
2475 850 1068 786 1082 
2476 764 864 981 1070 
2477 526 905 1129 1256 
2478 807 1035 1155 1369 
2479 397 347 958 1147 
2480 702 1302 942 1320 
2481 806 934 1067 1402 
2482 871 913 1057 1438 
2483 952 1009 856 1333 
2484 862 912 1008 1297 
2485 668 85 512 1042 
2486 778 1284 918 1338 
2487 791 854 1182 1297 
2488 1069 1128 878 1166 
2489 652 224 209 1057 
2490 1021 1073 825 1206 
2491 159 581 135 1307 
2492 369 1018 370 1301 
2493 16 923 37 1276 
2494 551 1153 920 1397 
2495 642 626 507 1068 
2496 183 1198 1049 1290 
2497 760 928 888 1288 
2498 88 968 895 1346 
2499 848 1080 919 1350 
2500 1086 1284 1021 1338 
2501 524 1122 844 1271 
2502 702 647 1302 1320 
2503 197 1007 1209 1262 
2504 782 1187 949 1399 
2505 845 1127 882 1145 
2506 911 1063 981 1253 
2507 860 792 959 1368 
2508 807 1155 891 1369 
2509 867 1181 893 1390 
2510 763 864 930 1090 
2511 854 910 1297 1324 
2512 764 1065 1136 1180 
2513 866 1153 904 1293 
2514 166 1246 1107 1397 
2515 313 900 1033 1106 
2516 965 1164 864 1272 
2517 500 1169 257 1249 
2518 136 1046 983 1293 
2519 829 1086 1018 1338 
2520 764 1070 1136 1396 
2521 1010 1094 550 1329 
2522 824 1003 896 1110 
2523 674 973 1269 1365 
2524 260 922 272 1117 
2525 906 771 1183 1283 
2526 793 855 976 1087 
2527 1113 1182 856 1324 
2528 847 1132 1150 1171 
2529 1021 825 1137 1206 
2530 183 177 725 1020 
2531 789 1070 844 1122 
2532 876 998 460 1146 
2533 791 1152 1184 1263 
2534 880 822 1041 1123 
2535 896 1003 776 1110 
2536 829 1023 1074 1284 
2537 1008 1057 890 1185 
2538 581 963 956 1224 
2539 869 1083 481 1228 
2540 925 962 815 1306 
2541 885 1200 119 1224 
2542 419 384 961 1087 
2543 626 1042 850 1068 
2544 893 1181 927 1390 
2545 119 146 568 1224 
2546 769 871 913 1398 
2547 780 992 1160 1176 
2548 800 982 932 1202 
2549 705 643 1099 1192 
2550 261 961 591 1249 
2551 762 967 854 1113 
2552 91 104 169 1329 
2553 760 893 927 1236 
2554 778 1021 1284 1338 
2555 1094 1116 1010 1247 
2556 902 821 1296 1315 
2557 261 886 1081 1249 
2558 568 896 569 1173 
2559 838 1198 1020 1331 
2560 762 987 1232 1382 
2561 460 998 876 1121 
2562 869 718 1083 1337 
2563 363 1156 951 1207 
2564 1029 1133 771 1134 
2565 294 1069 537 1166 
2566 91 1094 104 1329 
2567 790 927 1222 1298 
2568 780 987 1095 1165 
2569 988 1072 1059 1091 
2570 873 856 1078 1170 
2571 285 1178 906 1282 
2572 1044 1201 813 1422 
2573 770 1135 915 1305 
2574 36 841 1118 1342 
2575 878 1128 294 1178 
2576 894 948 779 1034 
2577 767 966 881 1104 
2578 849 889 1323 1385 
2579 421 419 714 871 
2580 828 1152 1124 1393 
2581 888 1222 1236 1288 
2582 261 575 664 1081 
2583 830 1230 1094 1329 
2584 894 1034 982 1164 
2585 870 1099 925 1330 
2586 242 1347 241 1412 
2587 792 860 990 1392 
2588 801 877 1139 1240 
2589 1055 1212 837 1229 
2590 36 1276 841 1342 
2591 790 1222 927 1236 
2592 550 1094 1010 1247 
2593 523 248 1273 1316 
2594 763 986 1130 1148 
2595 607 866 1046 1293 
2596 1056 1116 830 1214 
2597 831 1234 1027 1340 
2598 970 1023 394 1301 
2599 287 285 286 1282 
2600 925 1099 643 1192 
2601 786 841 1042 1096 
2602 36 1118 841 1276 
2603 853 1105 782 1160 
2604 800 945 930 1202 
2605 448 1036 376 1211 
2606 176 179 178 1331 
2607 864 1264 804 1410 
2608 779 921 1106 1157 
2609 245 1030 241 1347 
2610 887 880 1259 1309 
2611 854 1026 910 1113 
2612 814 910 1026 1113 
2613 204 202 1251 1260 
2614 848 1052 894 1193 
2615 117 996 113 1201 
2616 419 384 420 961 
2617 1003 1108 874 1110 
2618 1177 1233 929 1318 
2619 929 1041 803 1390 
2620 941 1131 797 1296 
2621 1010 1140 71 1247 
2622 770 915 880 1041 
2623 799 1038 900 1054 
2624 1052 1193 848 1419 
2625 899 902 772 1315 
2626 762 1101 995 1245 
2627 261 886 575 1081 
2628 826 881 1043 1266 
2629 883 1273 1000 1295 
2630 766 856 1009 1333 
2631 756 1193 1052 1419 
2632 869 979 60 1093 
2633 937 1197 1137 1322 
2634 568 690 896 1224 
2635 894 948 828 1193 
2636 393 926 251 1048 
2637 178 1020 901 1326 
2638 260 539 272 922 
2639 727 1107 882 1329 
2640 822 1259 936 1353 
2641 846 1249 1112 1320 
2642 762 1095 987 1382 
2643 865 798 1091 1117 
2644 285 1128 906 1178 
2645 190 1122 524 1271 
2646 869 1337 964 1434 
2647 844 1136 1070 1452 
2648 100 1017 677 1190 
2649 850 1096 1042 1342 
2650 761 943 1086 1284 
2651 936 1353 1259 1440 
2652 189 1046 940 1208 
2653 230 844 1031 1271 
2654 683 635 992 1407 
2655 266 961 384 1213 
2656 209 588 725 890 
2657 826 1050 881 1266 
2658 759 894 975 1131 
2659 931 1054 799 1158 
2660 772 902 899 1103 
2661 119 885 568 1173 
2662 881 1137 1021 1270 
2663 146 119 1200 1224 
2664 980 1133 848 1289 
2665 846 1169 1112 1249 
2666 363 361 362 1243 
2667 766 1078 856 1333 
2668 910 1184 1013 1394 
2669 304 1097 991 1405 
2670 941 797 1211 1296 
2671 786 958 953 1051 
2672 91 550 1094 1329 
2673 946 992 635 1407 
2674 760 1154 1212 1229 
2675 201 649 195 1224 
2676 609 1037 872 1436 
2677 778 1021 1270 1284 
2678 767 924 881 1266 
2679 705 1099 875 1192 
2680 967 1026 854 1113 
2681 932 1100 821 1239 
2682 943 966 792 1270 
2683 765 1058 916 1159 
2684 269 921 277 1213 
2685 787 858 1022 1100 
2686 848 1174 1080 1289 
2687 190 940 1122 1271 
2688 850 1096 1089 1389 
2689 871 1081 913 1398 
2690 855 840 1053 1327 
2691 540 914 1084 1234 
2692 1051 1259 880 1309 
2693 551 892 1153 1397 
2694 805 1037 884 1312 
2695 889 849 1163 1385 
2696 941 1034 797 1131 
2697 822 858 1259 1353 
2698 906 1183 957 1283 
2699 203 587 920 1060 
2700 822 1041 1047 1177 
2701 558 1091 1059 1117 
2702 787 875 1012 1428 
2703 914 994 696 1299 
2704 1014 1142 832 1148 
2705 769 913 1081 1398 
2706 910 1026 854 1217 
2707 893 808 1092 1187 
2708 242 245 241 1347 
2709 934 1022 768 1432 
2710 309 304 548 991 
2711 123 124 1153 1293 
2712 828 948 894 1164 
2713 783 1214 867 1215 
2714 817 954 865 1166 
2715 923 16 1144 1287 
2716 201 202 736 1060 
2717 764 1136 1070 1180 
2718 701 1139 877 1240 
2719 880 1041 822 1177 
2720 1095 1113 1026 1382 
2721 972 1112 1075 1169 
2722 786 1051 953 1135 
2723 756 1052 1158 1386 
2724 910 1218 965 1394 
2725 760 1154 1056 1212 
2726 481 869 718 1083 
2727 877 1098 701 1240 
2728 771 1133 908 1134 
2729 878 1067 806 1325 
2730 972 1075 794 1169 
2731 79 521 626 1042 
2732 1000 1273 247 1295 
2733 915 1135 1096 1305 
2734 304 991 309 1405 
2735 826 937 1137 1322 
2736 879 792 1101 1443 
2737 771 1067 908 1289 
2738 984 1111 1071 1328 
2739 914 994 775 1209 
2740 770 895 1092 1286 
2741 780 974 1229 1431 
2742 755 1218 910 1394 
2743 1035 1105 853 1160 
2744 767 881 924 1104 
2745 843 1280 1000 1366 
2746 189 614 1046 1208 
2747 262 266 264 1249 
2748 812 873 1170 1255 
2749 788 1008 890 1063 
2750 1005 1225 466 1357 
2751 1204 1261 823 1348 
2752 819 1308 943 1378 
2753 1259 1353 858 1440 
2754 1000 1280 801 1366 
2755 719 926 393 1360 
2756 897 1162 870 1167 
2757 207 861 1261 1439 
2758 813 978 1201 1225 
2759 363 361 1156 1207 
2760 153 1061 978 1126 
2761 791 1297 910 1324 
2762 903 1209 1007 1262 
2763 953 1051 958 1076 
2764 773 996 866 1415 
2765 805 884 980 1283 
2766 607 1046 866 1196 
2767 852 1014 832 1148 
2768 860 1086 907 1392 
2769 952 1113 854 1182 
2770 550 73 1094 1247 
2771 694 551 132 1153 
2772 883 247 1273 1295 
2773 36 1118 1040 1342 
2774 987 823 1232 1382 
2775 335 405 379 1102 
2776 763 944 1090 1130 
2777 927 1236 1222 1288 
2778 800 930 982 1202 
2779 1169 1171 1030 1347 
2780 738 973 642 1269 
2781 823 885 1016 1232 
2782 914 1209 775 1433 
2783 796 1305 915 1389 
2784 831 861 1141 1340 
2785 252 1015 883 1188 
2786 16 37 923 1144 
2787 1086 1244 907 1392 
2788 471 1039 714 1057 
2789 757 1008 1063 1199 
2790 506 1269 630 1365 
2791 380 402 425 971 
2792 910 1217 854 1297 
2793 1005 1044 466 1225 
2794 873 1074 1072 1308 
2795 927 1222 814 1288 
2796 269 306 277 921 
2797 406 368 977 1207 
2798 832 852 1310 1357 
2799 801 995 877 1380 
2800 793 976 855 1065 
2801 808 1055 893 1116 
2802 769 976 862 1438 
2803 997 1014 455 1129 
2804 419 871 420 1447 
2805 758 860 1231 1368 
2806 506 630 674 1365 
2807 927 1181 803 1390 
2808 760 893 1055 1116 
2809 383 970 394 1301 
2810 764 981 864 1272 
2811 155 985 156 1084 
2812 857 782 1125 1187 
2813 766 1009 873 1186 
2814 871 1057 913 1447 
2815 759 932 894 1131 
2816 915 1305 1096 1389 
2817 826 1050 950 1137 
2818 1080 1174 795 1289 
2819 761 1244 1086 1392 
2820 123 125 124 1293 
2821 877 1268 774 1280 
2822 922 954 777 1111 
2823 845 776 1165 1373 
2824 850 1068 973 1269 
2825 679 696 1168 1209 
2826 860 907 1244 1392 
2827 856 792 999 1170 
2828 782 979 857 1125 
2829 916 1159 1058 1411 
2830 779 921 1033 1106 
2831 325 941 571 1157 
2832 984 1071 1111 1285 
2833 1067 1189 907 1325 
2834 787 1045 1012 1400 
2835 769 1008 913 1438 
2836 421 419 871 1087 
2837 298 906 1029 1183 
2838 942 1075 846 1158 
2839 635 992 946 1332 
2840 113 110 1201 1230 
2841 738 642 507 1269 
2842 952 1179 1009 1333 
2843 859 1064 1003 1281 
2844 565 1068 962 1147 
2845 892 1201 996 1214 
2846 787 1097 875 1428 
2847 982 1034 797 1136 
2848 937 796 1089 1228 
2849 1003 1026 874 1108 
2850 881 966 767 1050 
2851 953 1076 474 1287 
2852 1128 1166 280 1238 
2853 883 939 849 1416 
2854 865 1024 817 1189 
2855 800 982 930 1396 
2856 808 1140 1055 1212 
2857 788 862 1008 1063 
2858 894 919 800 1350 
2859 771 1029 906 1183 
2860 791 1182 912 1297 
2861 115 146 119 1200 
2862 1105 1266 869 1459 
2863 890 1020 838 1198 
2864 762 987 1245 1380 
2865 893 927 803 1390 
2866 961 1087 384 1213 
2867 679 696 171 1168 
2868 382 1301 1023 1446 
2869 158 1145 160 1307 
2870 68 70 71 1140 
2871 764 864 1070 1396 
2872 582 963 581 1224 
2873 807 891 1155 1334 
2874 164 155 157 1139 
2875 985 1141 861 1340 
2876 947 1025 47 1379 
2877 897 989 805 1191 
2878 907 1086 761 1244 
2879 778 950 1050 1137 
2880 966 1101 792 1443 
2881 941 1106 571 1157 
2882 894 848 975 1052 
2883 849 939 883 1316 
2884 151 1028 134 1064 
2885 1056 1373 874 1408 
2886 455 1014 21 1129 
2887 883 1015 252 1295 
2888 807 1190 891 1334 
2889 773 866 944 1415 
2890 1070 1136 844 1180 
2891 452 1111 1071 1285 
2892 832 852 1148 1310 
2893 950 1004 501 1313 
2894 469 673 1201 1225 
2895 907 1189 1086 1325 
2896 821 1100 932 1315 
2897 166 168 1107 1127 
2898 565 962 347 1147 
2899 669 953 85 1147 
2900 843 1000 1280 1358 
2901 908 1067 817 1189 
2902 455 21 1014 1321 
2903 818 1373 1056 1408 
2904 804 927 1181 1218 
2905 808 968 895 1205 
2906 203 204 202 1251 
2907 786 1042 850 1096 
2908 735 344 423 926 
2909 743 1121 876 1388 
2910 162 956 159 1127 
2911 830 1010 1094 1116 
2912 314 699 900 1106 
2913 357 925 356 1351 
2914 523 1273 517 1316 
2915 1030 1169 794 1171 
2916 281 284 1128 1238 
2917 768 1306 925 1330 
2918 851 1092 895 1286 
2919 902 1048 876 1138 
2920 146 1200 115 1224 
2921 329 931 328 1054 
2922 941 1085 355 1211 
2923 455 1014 997 1321 
2924 251 1048 926 1121 
2925 761 873 943 1074 
2926 861 831 1016 1340 
2927 468 466 1225 1357 
2928 887 1223 880 1309 
2929 769 862 1008 1438 
2930 822 1047 1041 1123 
2931 974 845 1229 1431 
2932 1086 1325 1018 1338 
2933 998 1121 232 1267 
2934 947 1155 891 1334 
2935 183 177 1020 1331 
2936 786 880 1051 1135 
2937 93 877 98 1268 
2938 871 976 855 1087 
2939 719 1085 926 1360 
2940 863 916 1202 1440 
2941 460 876 743 1121 
2942 759 932 1131 1239 
2943 815 973 1073 1082 
2944 774 1268 1032 1280 
2945 203 587 658 920 
2946 624 727 168 882 
2947 856 1182 952 1333 
2948 867 804 1181 1264 
2949 328 1054 931 1302 
2950 746 865 316 1069 
2951 746 430 1023 1069 
2952 861 1016 831 1232 
2953 357 356 348 1351 
2954 791 1182 854 1324 
2955 50 1300 857 1319 
2956 314 699 560 900 
2957 820 971 1029 1133 
2958 861 1017 987 1380 
2959 792 856 999 1101 
2960 895 1286 923 1304 
2961 720 914 696 1299 
2962 757 912 1199 1281 
2963 1225 1357 852 1426 
2964 937 1083 796 1228 
2965 818 1154 1056 1373 
2966 817 1024 908 1189 
2967 888 928 780 1395 
2968 792 999 959 1457 
2969 495 1169 972 1242 
2970 773 944 866 1241 
2971 773 1153 892 1408 
2972 939 1030 254 1242 
2973 414 870 637 1167 
2974 172 1007 197 1262 
2975 164 985 155 1139 
2976 813 1061 978 1225 
2977 908 1133 955 1134 
2978 698 1235 1175 1377 
2979 831 1141 985 1340 
2980 447 878 1178 1455 
2981 497 144 1201 1422 
2982 328 931 330 1302 
2983 979 1258 782 1300 
2984 667 978 1094 1126 
2985 1018 1143 784 1207 
2986 873 943 1074 1308 
2987 203 1060 920 1251 
2988 851 1126 968 1352 
2989 369 370 1018 1143 
2990 11 628 10 1089 
2991 831 1027 1292 1340 
2992 1027 903 1168 1433 
2993 903 1209 1168 1433 
2994 829 918 1284 1338 
2995 80 8 7 950 
2996 773 996 892 1153 
2997 759 858 1066 1100 
2998 877 1032 1268 1280 
2999 812 1170 990 1255 
3000 836 1000 1084 1179 
3001 330 328 329 931 
3002 903 775 1209 1433 
3003 850 1089 521 1269 
3004 183 1049 519 1290 
3005 896 956 776 1224 
3006 178 179 180 901 
3007 971 820 1219 1386 
3008 468 1357 1225 1426 
3009 622 658 1153 1251 
3010 895 851 1286 1304 
3011 943 1270 1086 1284 
3012 796 937 1043 1083 
3013 343 1121 926 1122 
3014 1006 1087 604 1327 
3015 790 1104 1368 1457 
3016 844 1122 926 1452 
3017 763 1090 930 1310 
3018 1095 1165 987 1382 
3019 940 1070 781 1370 
3020 810 962 1306 1309 
3021 907 934 806 1162 
3022 759 1131 975 1454 
3023 746 865 463 1363 
3024 808 968 1205 1247 
3025 798 1024 865 1074 
3026 948 1164 828 1252 
3027 801 1141 995 1380 
3028 1166 1363 278 1429 
3029 807 987 1017 1380 
3030 18 19 969 1256 
3031 788 1020 890 1057 
3032 829 865 1069 1189 
3033 565 715 566 1147 
3034 394 1023 970 1354 
3035 1002 1071 452 1111 
3036 769 1081 886 1398 
3037 839 1025 947 1379 
3038 763 1130 986 1215 
3039 921 1157 779 1371 
3040 784 1021 960 1073 
3041 902 797 1211 1360 
3042 914 1168 1209 1433 
3043 761 908 1024 1189 
3044 905 1175 1058 1414 
3045 705 644 1192 1428 
3046 764 1136 982 1396 
3047 769 862 976 1152 
3048 729 977 427 1178 
3049 940 1046 189 1356 
3050 782 1055 1001 1187 
3051 833 1130 944 1345 
3052 907 960 860 1453 
3053 849 1242 939 1316 
3054 780 928 888 1229 
3055 168 882 1107 1127 
3056 792 873 1308 1392 
3057 569 896 1064 1173 
3058 949 1205 857 1319 
3059 291 734 289 1191 
3060 630 1269 1197 1365 
3061 1090 1221 930 1310 
3062 1063 1199 838 1227 
3063 884 835 980 1195 
3064 805 934 1022 1402 
3065 786 850 1082 1096 
3066 411 1076 905 1256 
3067 801 985 1141 1240 
3068 801 1280 1000 1358 
3069 1013 1184 910 1324 
3070 790 1104 1339 1368 
3071 792 881 1104 1368 
3072 676 305 872 1194 
3073 974 1204 823 1348 
3074 394 1023 382 1301 
3075 877 774 1268 1311 
3076 988 1025 25 1268 
3077 855 793 1006 1087 
3078 637 414 373 870 
3079 949 782 1258 1300 
3080 1039 1424 855 1438 
3081 886 1171 1169 1347 
3082 787 1012 1097 1428 
3083 810 962 925 1306 
3084 1071 1111 1002 1328 
3085 962 1147 958 1254 
3086 709 675 421 1039 
3087 920 1153 658 1251 
3088 933 1075 889 1124 
3089 180 178 901 1326 
3090 788 1424 1039 1438 
3091 855 1006 793 1065 
3092 797 1085 926 1136 
3093 815 1068 973 1082 
3094 826 1043 881 1137 
3095 184 890 185 1185 
3096 889 794 1163 1323 
3097 947 1334 891 1379 
3098 772 899 935 1103 
3099 926 1085 1053 1136 
3100 852 832 1014 1357 
3101 558 1059 271 1117 
3102 1145 1307 158 1431 
3103 840 1006 855 1065 
3104 50 52 979 1300 
3105 855 1006 840 1327 
3106 953 958 786 1147 
3107 826 881 1050 1137 
3108 780 1229 992 1431 
3109 719 423 393 926 
3110 517 1273 939 1316 
3111 811 1051 953 1076 
3112 1012 1045 810 1400 
3113 792 1368 1104 1457 
3114 919 1066 800 1350 
3115 705 1192 875 1428 
3116 804 864 965 1264 
3117 788 862 1063 1424 
3118 403 571 325 941 
3119 863 1202 936 1440 
3120 949 1187 857 1205 
3121 736 569 896 1260 
3122 1077 1199 912 1281 
3123 894 1193 919 1350 
3124 746 316 865 1363 
3125 760 888 1236 1288 
3126 903 802 1077 1151 
3127 447 878 294 1178 
3128 861 831 1141 1232 
3129 911 1264 1257 1410 
3130 845 1165 974 1229 
3131 834 1302 1033 1362 
3132 900 799 1054 1335 
3133 973 825 1206 1269 
3134 822 1079 858 1353 
3135 766 873 1011 1186 
3136 1257 1264 944 1410 
3137 785 909 969 1352 
3138 860 1244 907 1409 
3139 892 1214 996 1415 
3140 83 1004 970 1313 
3141 413 412 338 1053 
3142 279 280 1166 1238 
3143 890 1063 1008 1199 
3144 880 786 1096 1135 
3145 247 1273 1000 1403 
3146 911 1257 944 1410 
3147 823 885 1232 1420 
3148 142 1251 904 1290 
3149 892 1153 920 1408 
3150 825 918 1143 1338 
3151 761 1086 907 1189 
3152 272 922 324 1117 
3153 880 1223 887 1259 
3154 637 870 373 1207 
3155 275 278 1363 1429 
3156 897 768 1162 1402 
3157 102 95 1176 1204 
3158 778 970 918 1284 
3159 783 1094 978 1126 
3160 905 1058 785 1233 
3161 149 1028 903 1291 
3162 787 1012 875 1400 
3163 939 1273 883 1316 
3164 942 1158 846 1161 
3165 660 288 692 1183 
3166 772 935 899 1411 
3167 815 973 951 1073 
3168 927 803 1181 1218 
3169 540 1084 156 1234 
3170 838 911 1241 1253 
3171 16 37 15 1276 
3172 885 1016 1232 1367 
3173 869 480 1337 1434 
3174 1136 1396 1070 1452 
3175 898 1017 987 1204 
3176 982 1136 797 1452 
3177 911 981 1088 1410 
3178 694 132 920 1153 
3179 912 1077 809 1199 
3180 141 156 155 985 
3181 761 1074 943 1284 
3182 819 1074 1072 1091 
3183 193 189 1046 1356 
3184 823 987 1165 1382 
3185 871 1398 769 1438 
3186 779 1034 941 1131 
3187 867 1257 804 1264 
3188 921 1019 793 1359 
3189 788 1008 862 1424 
3190 260 258 539 1188 
3191 807 987 898 1017 
3192 171 696 720 914 
3193 316 1069 865 1166 
3194 907 860 1409 1453 
3195 965 864 1088 1272 
3196 554 1033 315 1054 
3197 26 47 1025 1381 
3198 327 355 325 1157 
3199 771 1133 980 1289 
3200 820 1133 1029 1134 
3201 138 1234 139 1340 
3202 787 1022 858 1045 
3203 40 1040 36 1118 
3204 981 1063 911 1088 
3205 423 926 719 1085 
3206 790 1047 927 1298 
3207 8 1109 1322 1337 
3208 1049 1198 838 1290 
3209 603 988 1059 1355 
3210 757 1063 862 1088 
3211 51 1344 1126 1346 
3212 537 878 447 1455 
3213 937 1137 1197 1206 
3214 783 1094 968 1116 
3215 298 286 284 906 
3216 890 1057 185 1185 
3217 909 1294 969 1344 
3218 940 1208 781 1456 
3219 260 1015 258 1188 
3220 762 1141 861 1380 
3221 763 864 1090 1264 
3222 911 804 1257 1264 
3223 355 941 325 1157 
3224 149 197 903 1262 
3225 162 581 159 956 
3226 291 897 734 1191 
3227 84 1089 937 1269 
3228 770 880 1135 1286 
3229 765 880 1051 1259 
3230 821 932 1239 1296 
3231 807 1098 1017 1190 
3232 922 1002 849 1383 
3233 761 943 873 1392 
3234 701 98 93 877 
3235 306 574 317 1157 
3236 851 1344 1126 1352 
3237 851 1144 969 1286 
3238 755 910 1298 1324 
3239 771 906 1029 1134 
3240 829 1069 878 1189 
3241 431 1019 647 1320 
3242 790 1368 959 1457 
3243 203 920 658 1251 
3244 756 1075 933 1124 
3245 121 119 568 1173 
3246 848 919 1174 1193 
3247 808 1205 1140 1247 
3248 954 1363 1166 1429 
3249 958 962 786 1147 
3250 279 1238 1166 1429 
3251 971 1133 820 1386 
3252 758 881 1043 1137 
3253 26 1379 47 1381 
3254 960 1409 860 1453 
3255 977 1018 368 1455 
3256 780 974 1165 1229 
3257 771 934 1067 1289 
3258 463 1091 750 1363 
3259 582 135 581 963 
3260 871 1039 855 1438 
3261 1004 1109 6 1381 
3262 176 1208 179 1331 
3263 774 988 1032 1268 
3264 523 248 517 1273 
3265 991 1220 1100 1315 
3266 976 1087 871 1398 
3267 15 16 1276 1287 
3268 937 1083 10 1322 
3269 766 889 1078 1374 
3270 138 139 137 1340 
3271 683 992 1176 1407 
3272 943 1308 873 1392 
3273 620 939 254 1242 
3274 683 992 635 1332 
3275 800 945 936 1210 
3276 1107 1127 818 1246 
3277 118 113 117 996 
3278 502 731 1275 1313 
3279 496 1304 1144 1344 
3280 134 1064 1028 1291 
3281 380 1038 971 1219 
3282 102 103 105 1204 
3283 195 1060 956 1246 
3284 1055 1140 837 1212 
3285 1174 1193 919 1314 
3286 804 874 1257 1288 
3287 413 1053 338 1327 
3288 440 897 641 1099 
3289 996 1153 866 1293 
3290 807 898 987 1035 
3291 684 225 1031 1039 
3292 814 1026 910 1387 
3293 364 1243 973 1365 
3294 13 512 14 1342 
3295 902 1103 415 1237 
3296 676 305 609 872 
3297 874 1288 804 1387 
3298 1052 1133 799 1386 
3299 865 1117 1091 1363 
3300 848 1174 955 1419 
3301 487 641 440 897 
3302 469 978 153 1061 
3303 941 1034 779 1371 
3304 793 1087 976 1398 
3305 891 1190 724 1379 
3306 755 1298 999 1324 
3307 458 1317 935 1321 
3308 834 1158 1054 1302 
3309 286 906 298 1183 
3310 40 1118 58 1319 
3311 988 25 1032 1268 
3312 801 1084 1000 1179 
3313 840 1034 941 1371 
3314 814 879 999 1113 
3315 554 312 1033 1362 
3316 787 1100 991 1220 
3317 918 970 829 1284 
3318 516 254 939 1030 
3319 968 1116 1094 1247 
3320 1126 1344 851 1346 
3321 92 102 95 1176 
3322 638 903 679 1168 
3323 792 1308 943 1392 
3324 918 1275 731 1313 
3325 759 980 1080 1172 
3326 814 910 1113 1324 
3327 788 890 1008 1057 
3328 786 880 1223 1309 
3329 149 903 638 1291 
3330 912 1182 854 1297 
3331 681 637 427 1167 
3332 819 1091 988 1355 
3333 792 999 879 1101 
3334 811 969 1144 1286 
3335 876 1048 902 1388 
3336 926 1136 844 1452 
3337 937 1043 826 1137 
3338 784 1162 977 1427 
3339 857 1205 1187 1319 
3340 193 189 614 1046 
3341 127 904 622 1153 
3342 846 1158 1075 1161 
3343 794 889 1075 1323 
3344 785 969 909 1294 
3345 841 1042 1096 1342 
3346 940 1271 1208 1456 
3347 909 39 1294 1344 
3348 693 902 415 1237 
3349 956 1127 162 1246 
3350 485 905 411 1175 
3351 887 960 815 1330 
3352 952 1151 831 1433 
3353 814 1113 999 1324 
3354 380 579 334 1219 
3355 821 991 1100 1315 
3356 855 976 871 1438 
3357 28 10 1083 1322 
3358 655 32 923 1118 
3359 1126 1344 909 1352 
3360 1059 1295 843 1364 
3361 884 1037 835 1303 
3362 990 1255 873 1392 
3363 880 822 1123 1223 
3364 364 951 1243 1365 
3365 903 1028 149 1262 
3366 439 394 383 970 
3367 474 669 397 958 
3368 860 1270 792 1368 
3369 880 1041 915 1123 
3370 575 1081 886 1150 
3371 1124 1152 933 1393 
3372 925 962 810 1254 
3373 1175 1235 698 1317 
3374 77 526 905 1129 
3375 795 907 1244 1409 
3376 788 1020 1057 1326 
3377 837 1212 1154 1229 
3378 380 334 1038 1219 
3379 808 1010 1116 1247 
3380 816 899 935 1411 
3381 771 1133 971 1195 
3382 660 432 884 1183 
3383 843 1059 1015 1295 
3384 832 1142 1014 1321 
3385 899 1237 902 1315 
3386 1197 1269 973 1365 
3387 537 1069 878 1455 
3388 1014 1142 997 1321 
3389 826 1043 937 1083 
3390 773 920 1153 1408 
3391 594 327 412 1085 
3392 783 968 1094 1126 
3393 1049 1251 904 1376 
3394 412 735 594 1085 
3395 65 1407 1114 1434 
3396 876 902 1103 1388 
3397 904 1241 838 1376 
3398 320 321 326 991 
3399 571 941 403 1106 
3400 977 1162 870 1427 
3401 878 1189 1067 1325 
3402 535 1031 901 1271 
3403 792 1270 860 1392 
3404 971 1219 1133 1386 
3405 911 1063 838 1227 
3406 91 550 73 1094 
3407 829 1018 878 1446 
3408 689 676 435 993 
3409 37 923 1144 1304 
3410 27 969 1129 1294 
3411 353 1278 1071 1341 
3412 759 1239 1131 1454 
3413 804 1288 927 1387 
3414 535 901 181 1271 
3415 1054 1158 931 1302 
3416 1137 1197 950 1322 
3417 979 1040 796 1228 
3418 973 1197 825 1269 
3419 780 1095 928 1165 
3420 197 679 638 903 
3421 898 1176 95 1204 
3422 833 1267 998 1444 
3423 461 1031 708 1053 
3424 366 951 1143 1207 
3425 699 560 900 1102 
3426 1055 1160 888 1229 
3427 284 541 1029 1238 
3428 480 718 869 1337 
3429 255 248 523 1316 
3430 1026 1095 814 1113 
3431 770 923 1135 1305 
3432 797 1048 902 1138 
3433 724 1190 163 1379 
3434 968 1126 851 1346 
3435 896 1060 956 1224 
3436 816 935 899 1425 
3437 77 456 455 997 
3438 899 1103 372 1425 
3439 1070 1370 1090 1410 
3440 777 1111 984 1328 
3441 891 477 1190 1448 
3442 804 965 910 1218 
3443 786 1068 962 1082 
3444 891 1155 947 1379 
3445 911 1088 804 1410 
3446 770 1092 929 1286 
3447 859 1198 1199 1227 
3448 939 1163 849 1416 
3449 641 734 291 897 
3450 948 793 1065 1252 
3451 799 1052 1158 1335 
3452 502 1275 950 1313 
3453 458 935 657 1321 
3454 37 1144 29 1304 
3455 903 1151 1077 1433 
3456 961 1019 793 1213 
3457 975 980 848 1350 
3458 817 906 1134 1238 
3459 799 1133 1219 1386 
3460 609 989 302 1436 
3461 770 1001 893 1187 
3462 497 144 673 1201 
3463 772 932 1138 1202 
3464 610 294 537 1166 
3465 232 998 460 1121 
3466 823 1016 885 1200 
3467 343 926 344 1122 
3468 945 1181 803 1218 
3469 568 690 569 896 
3470 1066 1202 932 1315 
3471 798 1011 873 1186 
3472 915 880 1123 1223 
3473 138 1027 1168 1234 
3474 247 1000 243 1403 
3475 661 1049 183 1198 
3476 353 336 1278 1341 
3477 727 882 533 1329 
3478 838 1063 911 1253 
3479 892 1107 143 1230 
3480 855 1180 1065 1424 
3481 759 1100 932 1239 
3482 275 276 278 1429 
3483 858 759 1066 1080 
3484 689 1194 993 1423 
3485 264 1249 1019 1320 
3486 775 912 1077 1375 
3487 764 1065 1180 1424 
3488 924 1043 881 1266 
3489 759 980 975 1350 
3490 951 973 815 1243 
3491 775 912 1375 1421 
3492 767 879 1104 1395 
3493 849 972 1242 1316 
3494 919 800 1066 1353 
3495 34 1109 1248 1381 
3496 750 463 1023 1091 
3497 779 975 894 1441 
3498 823 861 1232 1261 
3499 1055 1140 808 1399 
3500 825 1021 918 1338 
3501 797 982 932 1131 
3502 767 879 1395 1443 
3503 269 574 306 1006 
3504 904 1153 127 1293 
3505 921 277 1213 1362 
3506 939 516 1030 1226 
3507 991 1235 320 1405 
3508 189 1208 940 1271 
3509 852 1148 986 1445 
3510 794 939 1163 1242 
3511 693 376 902 1237 
3512 569 1064 896 1260 
3513 879 767 1104 1443 
3514 1167 1178 729 1282 
3515 610 537 1069 1166 
3516 679 1168 903 1209 
3517 973 1068 815 1243 
3518 513 1042 1068 1147 
3519 1075 1169 1112 1437 
3520 1070 781 1370 1410 
3521 682 1204 107 1261 
3522 153 978 667 1126 
3523 926 797 1136 1452 
3524 761 1086 943 1392 
3525 950 1109 826 1322 
3526 912 862 1184 1297 
3527 502 503 950 1275 
3528 623 432 402 884 
3529 945 965 864 1264 
3530 865 1023 829 1069 
3531 683 635 214 1332 
3532 872 821 1100 1239 
3533 643 356 590 925 
3534 883 849 1385 1416 
3535 1073 1082 973 1206 
3536 797 902 1211 1296 
3537 773 874 1108 1408 
3538 942 1112 754 1320 
3539 688 913 1081 1150 
3540 996 1214 1201 1415 
3541 908 1024 817 1451 
3542 836 1179 1084 1274 
3543 679 903 197 1209 
3544 675 604 1087 1327 
3545 444 1112 972 1169 
3546 315 554 312 1033 
3547 209 185 890 1057 
3548 786 962 958 1309 
3549 953 1042 841 1276 
3550 94 1094 978 1230 
3551 667 978 94 1094 
3552 65 1114 1407 1448 
3553 28 10 628 1083 
3554 440 401 414 1099 
3555 221 466 1005 1044 
3556 394 970 439 1354 
3557 777 955 1328 1451 
3558 429 1358 1295 1364 
3559 944 1090 833 1370 
3560 773 892 996 1415 
3561 793 1019 1161 1359 
3562 795 907 1409 1453 
3563 669 85 668 1147 
3564 938 320 1235 1405 
3565 912 1184 791 1297 
3566 263 500 1249 1320 
3567 366 951 365 1143 
3568 113 892 143 1230 
3569 949 857 1300 1319 
3570 650 546 1007 1150 
3571 778 1004 970 1120 
3572 770 893 1001 1041 
3573 1152 1252 976 1393 
3574 845 963 956 1307 
3575 190 1122 940 1267 
3576 804 1181 945 1218 
3577 910 965 804 1088 
3578 416 372 1103 1425 
3579 376 1036 902 1237 
3580 764 1070 981 1180 
3581 907 934 1162 1453 
3582 822 858 1079 1259 
3583 98 877 1032 1268 
3584 190 189 940 1271 
3585 863 1058 785 1148 
3586 770 893 1092 1187 
3587 772 876 1103 1391 
3588 885 1367 1232 1420 
3589 537 294 447 878 
3590 933 1124 889 1374 
3591 643 356 925 1192 
3592 976 1065 793 1252 
3593 877 995 801 1280 
3594 828 1124 1193 1393 
3595 286 692 288 1183 
3596 153 697 1061 1126 
3597 390 1250 1036 1406 
3598 1003 1064 896 1401 
3599 824 1251 1049 1376 
3600 18 526 19 1256 
3601 270 711 1015 1059 
3602 34 6 1109 1381 
3603 856 1324 1182 1333 
3604 14 1276 36 1342 
3605 1018 1301 369 1446 
3606 774 988 1268 1378 
3607 783 909 1061 1215 
3608 815 962 1068 1082 
3609 932 1296 821 1315 
3610 794 1075 972 1323 
3611 119 1200 885 1292 
3612 786 1042 953 1147 
3613 373 870 1156 1207 
3614 804 965 945 1264 
3615 961 1062 846 1249 
3616 319 938 1012 1405 
3617 209 185 184 890 
3618 153 469 559 978 
3619 809 1007 913 1185 
3620 349 1091 558 1117 
3621 209 725 652 1020 
3622 366 367 368 1143 
3623 952 831 1274 1433 
3624 873 798 1072 1074 
3625 913 1008 809 1185 
3626 1077 1151 854 1182 
3627 776 1401 1224 1420 
3628 922 1011 798 1385 
3629 573 938 320 1235 
3630 923 1118 32 1276 
3631 93 101 1098 1334 
3632 846 1112 1169 1437 
3633 356 357 590 925 
3634 546 547 650 1007 
3635 777 1002 1111 1328 
3636 796 924 915 1125 
3637 904 1251 1049 1290 
3638 254 620 516 939 
3639 390 1211 1036 1250 
3640 927 814 1222 1298 
3641 75 1094 968 1126 
3642 1101 966 1311 1443 
3643 898 1369 1190 1448 
3644 803 936 1177 1318 
3645 770 915 1001 1305 
3646 448 693 376 902 
3647 767 881 1050 1266 
3648 783 968 1126 1352 
3649 903 1209 775 1375 
3650 799 1133 971 1219 
3651 605 677 100 1017 
3652 901 788 1253 1456 
3653 458 997 1317 1321 
3654 842 1211 941 1250 
3655 250 1169 886 1249 
3656 784 960 907 1162 
3657 780 987 898 1035 
3658 290 957 660 1312 
3659 846 1075 1112 1437 
3660 775 1151 1077 1182 
3661 688 1081 576 1150 
3662 809 1199 1028 1203 
3663 767 1104 1105 1395 
3664 1134 1328 955 1451 
3665 1197 1206 825 1269 
3666 814 1095 879 1113 
3667 1131 1239 932 1296 
3668 1005 1310 852 1357 
3669 19 35 969 1129 
3670 769 886 1062 1398 
3671 895 968 808 1092 
3672 785 863 1148 1318 
3673 969 1129 905 1256 
3674 931 1071 827 1386 
3675 83 970 494 1313 
3676 798 873 1072 1186 
3677 779 894 1131 1441 
3678 1232 1367 967 1420 
3679 168 624 882 1127 
3680 916 1045 858 1440 
3681 320 938 573 1405 
3682 267 1019 266 1213 
3683 1028 1199 859 1203 
3684 806 957 906 1282 
3685 1030 1347 847 1412 
3686 900 1250 1102 1441 
3687 463 746 430 1023 
3688 221 466 1044 1225 
3689 911 804 1264 1410 
3690 158 160 159 1307 
3691 779 1106 941 1157 
3692 831 1141 952 1274 
3693 267 1213 277 1362 
3694 1058 1142 785 1148 
3695 80 8 950 1322 
3696 1029 1238 542 1285 
3697 889 1075 933 1374 
3698 862 1152 828 1272 
3699 762 879 1095 1113 
3700 777 1011 922 1385 
3701 775 1077 912 1182 
3702 525 628 1089 1228 
3703 113 143 109 1230 
3704 791 933 1152 1263 
3705 773 1108 874 1257 
3706 884 1183 771 1283 
3707 801 952 995 1141 
3708 762 995 952 1141 
3709 865 817 1166 1189 
3710 900 1038 835 1102 
3711 776 967 1026 1442 
3712 896 1060 824 1110 
3713 811 969 905 1256 
3714 778 918 1021 1338 
3715 797 1034 982 1131 
3716 496 1304 1344 1346 
3717 259 252 1015 1295 
3718 776 1026 1003 1442 
3719 1086 1189 878 1325 
3720 760 1055 893 1236 
3721 866 1345 944 1415 
3722 932 982 797 1138 
3723 198 612 1098 1334 
3724 305 304 302 1097 
3725 863 1142 1058 1148 
3726 1027 1168 903 1291 
3727 1086 1270 943 1392 
3728 913 1008 769 1132 
3729 655 1118 923 1304 
3730 808 1010 1140 1212 
3731 588 890 184 1203 
3732 623 660 432 884 
3733 849 883 1188 1316 
3734 418 1316 972 1384 
3735 805 989 872 1436 
3736 88 745 895 1205 
3737 870 1099 897 1167 
3738 774 1101 966 1311 
3739 951 784 1143 1207 
3740 540 914 239 1084 
3741 878 806 1178 1325 
3742 931 1054 329 1219 
3743 1001 1041 893 1236 
3744 37 655 32 923 
3745 902 1048 797 1360 
3746 781 1241 911 1253 
3747 338 327 317 1157 
3748 1071 1328 827 1386 
3749 607 145 866 1293 
3750 267 1019 1213 1362 
3751 724 891 477 1190 
3752 788 901 1180 1456 
3753 775 1182 912 1421 
3754 885 1224 1401 1420 
3755 826 1137 950 1322 
3756 564 1149 342 1192 
3757 535 901 1031 1326 
3758 956 963 776 1224 
3759 1014 1148 852 1445 
3760 841 1276 1042 1342 
3761 998 1267 223 1444 
3762 1019 1359 921 1362 
3763 941 1131 842 1441 
3764 511 876 460 1146 
3765 1029 1134 906 1238 
3766 784 977 1162 1325 
3767 865 798 1074 1091 
3768 762 861 1141 1232 
3769 904 1049 838 1290 
3770 983 1208 608 1331 
3771 1163 1385 849 1416 
3772 895 1304 654 1346 
3773 773 944 911 1257 
3774 136 608 983 1208 
3775 841 1135 923 1305 
3776 982 1396 1136 1452 
3777 828 1184 862 1272 
3778 977 1018 784 1207 
3779 457 876 511 1146 
3780 535 180 901 1326 
3781 795 1080 1079 1353 
3782 264 266 267 1019 
3783 807 1155 1035 1443 
3784 785 1129 969 1294 
3785 755 1170 1013 1324 
3786 452 1002 400 1071 
3787 919 1066 1350 1353 
3788 768 870 1162 1330 
3789 438 754 1112 1320 
3790 124 127 622 1153 
3791 47 1025 947 1268 
3792 890 809 1008 1185 
3793 1049 1227 824 1376 
3794 591 961 266 1249 
3795 776 874 1026 1373 
3796 746 463 316 1363 
3797 418 1242 972 1316 
3798 902 1237 821 1315 
3799 981 1253 788 1456 
3800 268 266 384 1213 
3801 281 284 283 1128 
3802 1026 1288 928 1373 
3803 119 116 1200 1292 
3804 896 1224 776 1401 
3805 768 875 1306 1400 
3806 794 1030 1171 1216 
3807 478 700 476 1114 
3808 48 947 93 1268 
3809 349 1091 1117 1363 
3810 763 1130 1215 1277 
3811 783 1092 968 1352 
3812 54 60 979 1093 
3813 257 263 500 1249 
3814 827 942 1075 1112 
3815 1072 1074 798 1091 
3816 779 1034 948 1371 
3817 847 1030 994 1216 
3818 915 790 1001 1417 
3819 428 729 427 1178 
3820 828 1152 862 1184 
3821 802 1028 903 1077 
3822 8 482 1109 1337 
3823 622 658 132 1153 
3824 622 1153 904 1251 
3825 841 923 1118 1305 
3826 998 1146 876 1221 
3827 776 1110 874 1373 
3828 765 863 1058 1318 
3829 1190 1369 891 1448 
3830 1144 1304 851 1344 
3831 809 1008 913 1132 
3832 6 1004 7 1109 
3833 869 796 1083 1228 
3834 1152 1252 828 1272 
3835 414 487 440 1167 
3836 417 1316 418 1384 
3837 100 95 605 898 
3838 785 1058 863 1318 
3839 238 241 994 1412 
3840 786 1051 880 1309 
3841 875 1372 705 1428 
3842 801 1139 985 1240 
3843 415 902 693 1388 
3844 555 705 1372 1428 
3845 789 876 1121 1138 
3846 809 1028 1199 1281 
3847 757 1063 911 1227 
3848 768 1330 960 1430 
3849 912 1077 854 1182 
3850 882 837 1145 1279 
3851 906 1067 817 1134 
3852 441 705 643 1099 
3853 157 561 165 1139 
3854 183 661 519 1049 
3855 698 573 1235 1377 
3856 909 783 1061 1126 
3857 761 873 1074 1255 
3858 419 714 871 1447 
3859 770 1001 915 1041 
3860 915 1001 790 1041 
3861 964 1337 480 1434 
3862 899 372 1103 1237 
3863 1053 1085 840 1136 
3864 922 777 1002 1111 
3865 1062 1152 976 1393 
3866 215 624 1145 1279 
3867 775 994 914 1418 
3868 780 992 974 1431 
3869 856 1009 995 1101 
3870 919 795 1174 1314 
3871 659 168 727 1107 
3872 480 718 481 869 
3873 773 911 944 1241 
3874 1016 1200 116 1292 
3875 903 1077 775 1433 
3876 605 898 95 1204 
3877 415 1103 372 1237 
3878 307 921 1033 1362 
3879 77 997 455 1129 
3880 833 1356 1267 1444 
3881 811 953 1051 1135 
3882 778 1050 1004 1120 
3883 1004 1050 839 1120 
3884 847 1171 1030 1216 
3885 7 501 80 950 
3886 866 1293 145 1422 
3887 981 1180 1070 1456 
3888 785 1148 986 1318 
3889 796 1040 1125 1305 
3890 788 1008 1424 1438 
3891 832 1146 998 1221 
3892 487 734 897 1167 
3893 855 1039 1031 1180 
3894 757 1088 862 1297 
3895 698 1175 572 1377 
3896 874 1288 1026 1373 
3897 888 782 1055 1417 
3898 238 235 241 1412 
3899 763 1215 986 1277 
3900 1043 1137 937 1206 
3901 608 130 983 1331 
3902 915 1125 1001 1305 
3903 134 151 148 1028 
3904 27 969 35 1129 
3905 1028 859 1199 1281 
3906 778 1120 943 1270 
3907 349 558 271 1117 
3908 837 882 1154 1212 
3909 136 983 1046 1208 
3910 932 1100 1066 1315 
3911 814 1026 928 1382 
3912 771 1067 906 1134 
3913 659 1107 727 1329 
3914 960 1330 887 1430 
3915 786 1068 1042 1147 
3916 683 992 103 1176 
3917 975 1131 894 1441 
3918 1201 1214 892 1230 
3919 658 920 132 1153 
3920 926 1053 844 1136 
3921 416 597 372 1425 
3922 172 228 197 1007 
3923 637 406 427 977 
3924 701 1098 101 1240 
3925 760 1116 1055 1212 
3926 343 251 926 1121 
3927 794 917 1171 1374 
3928 867 1215 1214 1277 
3929 565 358 962 1068 
3930 792 879 999 1457 
3931 1015 1059 798 1117 
3932 789 1121 1048 1138 
3933 1259 1309 1051 1349 
3934 364 389 973 1243 
3935 116 1016 152 1200 
3936 790 1123 959 1368 
3937 776 1003 896 1401 
3938 986 1215 852 1445 
3939 814 999 879 1222 
3940 6 501 7 1004 
3941 590 925 357 1351 
3942 406 977 637 1207 
3943 1114 853 1407 1448 
3944 526 411 905 1256 
3945 136 983 128 1293 
3946 143 1107 892 1397 
3947 827 1075 942 1158 
3948 136 128 607 1293 
3949 772 863 1142 1411 
3950 662 207 1261 1439 
3951 418 495 972 1242 
3952 772 1202 863 1411 
3953 1045 1306 887 1309 
3954 1104 1105 1395 1417 
3955 654 895 529 1304 
3956 921 793 1019 1213 
3957 880 822 1223 1259 
3958 918 950 825 1275 
3959 862 1063 981 1088 
3960 794 1169 1075 1437 
3961 268 384 1087 1213 
3962 525 1089 1040 1228 
3963 938 1159 816 1377 
3964 1159 1175 816 1377 
3965 874 804 1217 1387 
3966 790 915 1339 1417 
3967 766 1163 889 1374 
3968 813 978 1061 1215 
3969 851 968 1092 1352 
3970 565 566 1068 1147 
3971 847 994 1209 1375 
3972 777 954 1024 1451 
3973 790 1041 1001 1236 
3974 810 1306 1045 1309 
3975 92 683 103 1176 
3976 1208 1253 901 1331 
3977 682 107 600 1261 
3978 127 1153 124 1293 
3979 698 572 573 1377 
3980 790 1339 1123 1368 
3981 623 884 402 1303 
3982 476 891 49 1248 
3983 631 1300 527 1319 
3984 886 1062 961 1249 
3985 201 896 690 1224 
3986 300 989 303 1428 
3987 854 1182 1113 1324 
3988 418 417 1242 1316 
3989 591 266 262 1249 
3990 978 1061 783 1126 
3991 833 998 1090 1310 
3992 1048 1121 876 1138 
3993 508 970 1004 1115 
3994 760 1288 874 1373 
3995 564 1012 1149 1192 
3996 1098 1240 861 1439 
3997 771 980 1133 1195 
3998 619 1237 1194 1423 
3999 252 258 1015 1188 
4000 891 1114 477 1448 
4001 529 895 745 1319 
4002 916 1202 1066 1315 
4003 786 880 1096 1223 
4004 272 324 274 1117 
4005 789 1090 998 1221 
4006 807 1017 898 1190 
4007 106 94 978 1230 
4008 989 1191 897 1372 
4009 471 421 714 1039 
4010 303 989 1097 1428 
4011 282 1048 251 1121 
4012 854 1151 952 1182 
4013 408 565 347 1147 
4014 598 1016 116 1292 
4015 272 539 324 922 
4016 855 1039 871 1087 
4017 380 1038 378 1303 
4018 836 1084 1000 1403 
4019 1114 1407 853 1434 
4020 415 1103 902 1388 
4021 876 1121 998 1221 
4022 808 1140 1010 1247 
4023 800 1164 965 1394 
4024 104 1094 94 1230 
4025 1079 1080 858 1353 
4026 785 1148 1014 1445 
4027 316 1166 865 1363 
4028 197 1007 228 1209 
4029 900 975 799 1335 
4030 1034 1065 948 1371 
4031 935 1317 997 1321 
4032 1003 1227 859 1281 
4033 646 1198 1203 1450 
4034 993 1194 872 1239 
4035 984 1111 452 1285 
4036 794 1171 917 1216 
4037 839 1050 1004 1109 
4038 875 1012 810 1400 
4039 1104 1395 1222 1417 
4040 308 1012 615 1428 
4041 688 650 913 1150 
4042 857 1125 1040 1305 
4043 834 1161 1019 1359 
4044 803 1047 1041 1177 
4045 607 680 1046 1196 
4046 805 872 1037 1436 
4047 407 406 368 977 
4048 862 1252 1152 1272 
4049 765 1259 1051 1349 
4050 850 973 1082 1206 
4051 994 1216 1030 1226 
4052 676 549 305 1194 
4053 933 1075 794 1374 
4054 1036 1211 902 1296 
4055 208 1145 158 1431 
4056 798 1059 1072 1091 
4057 320 573 318 1405 
4058 343 229 1121 1122 
4059 468 486 466 1357 
4060 451 1002 452 1111 
4061 342 1192 1149 1254 
4062 807 1155 947 1334 
4063 867 1257 1264 1277 
4064 808 1116 968 1247 
4065 59 93 947 1334 
4066 149 638 147 1291 
4067 1001 1055 782 1417 
4068 872 1100 1172 1239 
4069 908 1134 955 1451 
4070 998 1121 789 1221 
4071 1048 1121 253 1388 
4072 938 816 1235 1377 
4073 434 1037 656 1303 
4074 1155 1369 1035 1443 
4075 267 277 552 1362 
4076 267 552 1019 1362 
4077 783 893 1092 1390 
4078 513 1042 626 1068 
4079 928 1095 780 1395 
4080 894 975 848 1350 
4081 929 1352 1092 1390 
4082 469 673 559 1201 
4083 809 1008 912 1199 
4084 478 476 964 1114 
4085 431 552 647 1019 
4086 360 590 357 1351 
4087 1175 1235 816 1377 
4088 64 949 631 1205 
4089 834 1158 1052 1335 
4090 444 972 495 1169 
4091 924 1339 915 1417 
4092 1039 1057 224 1326 
4093 1130 1148 852 1310 
4094 693 374 376 1237 
4095 87 1344 51 1346 
4096 862 1424 1008 1438 
4097 476 477 891 1114 
4098 948 1065 1034 1252 
4099 773 1056 892 1415 
4100 827 1341 1112 1404 
4101 355 1085 686 1211 
4102 316 717 1069 1166 
4103 949 808 1140 1399 
4104 28 9 10 1322 
4105 14 512 85 1276 
4106 969 1144 18 1256 
4107 26 46 1379 1381 
4108 181 901 179 1208 
4109 808 893 1092 1116 
4110 814 928 1095 1382 
4111 915 1096 880 1223 
4112 15 1276 953 1287 
4113 942 846 1075 1112 
4114 847 994 1375 1421 
4115 152 116 598 1016 
4116 1013 1314 1193 1419 
4117 165 1139 561 1358 
4118 374 693 415 1237 
4119 83 508 970 1004 
4120 303 989 302 1097 
4121 783 1092 1352 1390 
4122 889 812 1078 1124 
4123 898 1190 100 1448 
4124 837 1212 1140 1279 
4125 25 475 602 1032 
4126 690 201 736 896 
4127 308 1405 1012 1428 
4128 804 1218 910 1387 
4129 886 846 1062 1249 
4130 1108 1227 911 1376 
4131 818 1107 1246 1397 
4132 578 958 345 1149 
4133 888 1055 782 1160 
4134 858 1080 1079 1432 
4135 966 1104 767 1443 
4136 20 455 21 1129 
4137 319 615 308 1012 
4138 1009 1072 873 1186 
4139 445 1029 971 1183 
4140 746 316 717 1069 
4141 834 1054 1033 1302 
4142 1004 1115 970 1120 
4143 241 514 994 1226 
4144 575 1150 886 1347 
4145 886 769 1062 1171 
4146 285 284 286 906 
4147 662 1261 1016 1439 
4148 822 1119 1079 1353 
4149 420 961 591 1081 
4150 111 1307 112 1348 
4151 929 1286 1092 1352 
4152 825 951 973 1073 
4153 603 1059 464 1355 
4154 944 1264 1257 1277 
4155 300 302 303 989 
4156 984 1029 820 1285 
4157 164 985 1139 1240 
4158 1001 1125 915 1417 
4159 307 306 310 921 
4160 37 923 32 1276 
4161 973 1243 951 1365 
4162 143 113 551 892 
4163 701 218 1139 1240 
4164 250 257 1169 1249 
4165 855 1065 976 1424 
4166 759 1066 932 1100 
4167 869 1083 1266 1337 
4168 834 1158 942 1161 
4169 318 332 319 938 
4170 824 1251 1060 1260 
4171 811 1076 953 1287 
4172 326 372 899 1237 
4173 306 310 921 1157 
4174 487 734 641 897 
4175 1065 1252 976 1424 
4176 773 1153 920 1376 
4177 543 1238 984 1285 
4178 14 36 13 1342 
4179 764 1252 1065 1424 
4180 1010 1140 1212 1279 
4181 441 590 401 1099 
4182 164 723 985 1240 
4183 588 1198 890 1203 
4184 407 977 368 1455 
4185 787 1045 916 1159 
4186 623 660 884 1312 
4187 775 952 1151 1182 
4188 924 915 1125 1417 
4189 318 938 319 1405 
4190 900 779 1033 1106 
4191 905 969 785 1129 
4192 136 608 130 983 
4193 889 794 1075 1374 
4194 380 378 402 1303 
4195 682 1017 1204 1261 
4196 50 43 40 1040 
4197 597 899 372 1425 
4198 60 481 869 1434 
4199 829 878 1069 1446 
4200 3 1025 988 1355 
4201 773 911 1108 1257 
4202 813 1201 1214 1415 
4203 829 970 918 1301 
4204 928 1026 814 1288 
4205 117 113 110 1201 
4206 460 457 743 876 
4207 100 95 898 1448 
4208 837 1160 1055 1229 
4209 24 36 1040 1342 
4210 1059 1091 798 1117 
4211 923 953 811 1135 
4212 948 1065 793 1359 
4213 813 996 1201 1415 
4214 761 873 1255 1392 
4215 832 1310 1005 1357 
4216 847 1150 886 1171 
4217 1030 1169 249 1242 
4218 963 112 1307 1348 
4219 54 1093 979 1258 
4220 891 1334 1190 1379 
4221 464 1091 1354 1355 
4222 822 887 1079 1231 
4223 908 1244 1174 1289 
4224 371 369 370 1301 
4225 869 796 1228 1459 
4226 68 71 1010 1140 
4227 1026 1217 910 1387 
4228 344 735 462 1053 
4229 869 1093 60 1434 
4230 961 1062 886 1398 
4231 1023 1301 829 1446 
4232 386 1358 429 1364 
4233 1248 1379 46 1381 
4234 503 80 950 1197 
4235 180 181 535 901 
4236 779 1131 941 1441 
4237 959 990 860 1409 
4238 755 999 1170 1324 
4239 162 1127 166 1246 
4240 319 1012 308 1405 
4241 207 200 491 1261 
4242 18 969 490 1144 
4243 647 1019 552 1362 
4244 909 1061 621 1126 
4245 789 1138 1048 1452 
4246 2 25 988 1025 
4247 1031 1053 855 1180 
4248 826 1266 1083 1337 
4249 825 1197 973 1365 
4250 624 533 727 882 
4251 543 542 1238 1285 
4252 836 1273 1000 1416 
4253 998 1005 76 1265 
4254 836 1084 914 1274 
4255 811 953 923 1287 
4256 19 27 35 1129 
4257 774 1378 1268 1458 
4258 920 1153 892 1397 
4259 938 787 1012 1405 
4260 925 1156 870 1330 
4261 810 1012 875 1192 
4262 1102 1250 842 1441 
4263 12 1089 521 1342 
4264 563 1192 342 1254 
4265 893 803 1041 1390 
4266 820 1278 1219 1386 
4267 964 1109 826 1361 
4268 881 1043 924 1339 
4269 833 1345 944 1370 
4270 836 914 994 1418 
4271 252 258 259 1015 
4272 1037 1303 434 1343 
4273 727 533 639 1329 
4274 60 530 54 979 
4275 852 1225 1005 1357 
4276 12 521 79 1342 
4277 425 445 971 1183 
4278 689 549 1194 1423 
4279 783 909 1215 1445 
4280 24 36 40 1040 
4281 573 938 318 1405 
4282 37 29 38 1304 
4283 1084 1179 801 1274 
4284 905 997 785 1058 
4285 290 288 660 957 
4286 792 966 943 1308 
4287 779 900 1033 1335 
4288 298 284 541 1029 
4289 890 1008 809 1199 
4290 349 750 1091 1363 
4291 1092 1286 851 1352 
4292 767 1395 1035 1443 
4293 1022 1045 787 1400 
4294 551 143 892 1397 
4295 457 1103 876 1146 
4296 779 1157 941 1371 
4297 479 480 964 1337 
4298 881 792 1270 1368 
4299 894 848 1193 1350 
4300 759 975 894 1350 
4301 365 366 363 951 
4302 105 1204 974 1348 
4303 15 953 633 1287 
4304 965 1184 910 1394 
4305 777 1024 1336 1451 
4306 533 882 1279 1329 
4307 809 903 1028 1077 
4308 1045 887 1306 1430 
4309 783 1061 978 1215 
4310 43 210 525 1228 
4311 743 253 1121 1388 
4312 785 929 986 1352 
4313 837 1140 1055 1399 
4314 363 595 361 1207 
4315 543 984 544 1285 
4316 569 1064 133 1173 
4317 821 899 991 1315 
4318 446 941 355 1211 
4319 886 1062 846 1437 
4320 526 485 77 905 
4321 1021 1270 860 1368 
4322 586 166 1107 1397 
4323 330 593 1302 1341 
4324 345 1149 958 1254 
4325 826 1109 1050 1361 
4326 755 959 999 1457 
4327 818 1110 956 1373 
4328 839 1248 1109 1381 
4329 695 399 747 1112 
4330 803 927 1047 1218 
4331 427 729 681 1167 
4332 804 1217 911 1257 
4333 851 1344 1304 1346 
4334 986 1148 863 1318 
4335 736 205 569 1260 
4336 1013 1078 791 1170 
4337 248 252 247 883 
4338 199 1240 1098 1439 
4339 959 1119 990 1409 
4340 996 1345 866 1415 
4341 755 1119 1047 1210 
4342 901 1208 181 1271 
4343 784 1018 1325 1338 
4344 708 344 462 1053 
4345 962 1068 786 1147 
4346 503 1197 950 1275 
4347 250 886 1169 1347 
4348 367 1018 368 1143 
4349 370 731 918 1275 
4350 264 263 1249 1320 
4351 688 650 231 913 
4352 934 1162 768 1402 
4353 814 1095 1026 1382 
4354 115 1200 963 1224 
4355 250 575 261 886 
4356 1048 1121 789 1452 
4357 981 1063 862 1424 
4358 197 638 149 903 
4359 1194 1239 993 1423 
4360 941 842 1250 1441 
4361 1026 1108 1003 1217 
4362 809 913 1007 1132 
4363 48 59 93 947 
4364 865 1074 1024 1189 
4365 113 109 110 1230 
4366 142 622 904 1251 
4367 822 1047 959 1119 
4368 843 1059 1072 1186 
4369 821 872 1194 1239 
4370 792 1104 879 1457 
4371 363 951 366 1207 
4372 537 753 1069 1455 
4373 825 1197 1137 1206 
4374 757 1003 1108 1217 
4375 88 895 654 1346 
4376 587 920 1060 1246 
4377 767 1105 1266 1369 
4378 961 1081 886 1249 
4379 801 1084 985 1139 
4380 582 115 963 1224 
4381 788 1180 981 1456 
4382 1098 1311 877 1334 
4383 564 342 563 1192 
4384 809 1007 1185 1262 
4385 821 991 899 1237 
4386 834 1359 1019 1362 
4387 607 721 680 1196 
4388 158 208 160 1145 
4389 777 1024 1011 1336 
4390 802 1003 1064 1281 
4391 886 1081 961 1398 
4392 179 181 180 901 
4393 231 584 913 1185 
4394 835 975 900 1454 
4395 1013 812 1314 1419 
4396 105 107 1204 1348 
4397 1190 1334 163 1379 
4398 858 1022 1080 1432 
4399 699 405 560 1102 
4400 954 777 1111 1451 
4401 788 1057 1008 1438 
4402 825 973 951 1365 
4403 774 877 1280 1311 
4404 781 1241 983 1370 
4405 773 1108 1376 1408 
4406 425 726 445 1183 
4407 326 1235 899 1425 
4408 84 521 1089 1269 
4409 422 338 1006 1327 
4410 1052 1158 834 1161 
4411 70 64 631 1205 
4412 759 975 980 1454 
4413 968 1094 75 1247 
4414 910 1218 755 1298 
4415 773 904 1153 1376 
4416 789 940 1070 1122 
4417 794 1171 933 1374 
4418 338 574 422 1006 
4419 821 1194 991 1237 
4420 225 1031 1039 1326 
4421 775 1375 994 1421 
4422 1001 1125 782 1187 
4423 778 881 1050 1270 
4424 149 148 1028 1291 
4425 839 1109 1004 1381 
4426 397 958 347 1254 
4427 905 1233 811 1414 
4428 1040 1118 841 1342 
4429 778 918 970 1313 
4430 853 1093 869 1434 
4431 1000 1273 883 1416 
4432 845 1165 928 1373 
4433 785 909 1352 1445 
4434 793 1359 1065 1371 
4435 420 591 664 1081 
4436 911 1217 1108 1257 
4437 785 986 929 1318 
4438 324 1111 922 1383 
4439 793 1006 921 1371 
4440 802 1027 903 1291 
4441 43 525 1040 1228 
4442 1009 1072 843 1280 
4443 393 343 251 926 
4444 765 1058 1159 1414 
4445 842 993 1239 1423 
4446 766 1385 1163 1416 
4447 669 408 397 1147 
4448 239 1084 914 1299 
4449 654 745 529 895 
4450 983 1241 866 1370 
4451 37 655 923 1304 
4452 313 1033 311 1106 
4453 656 1303 1037 1312 
4454 807 1311 1098 1334 
4455 1024 1074 761 1189 
4456 875 1099 705 1372 
4457 526 411 485 905 
4458 925 810 1192 1254 
4459 739 1039 224 1326 
4460 775 1209 994 1375 
4461 694 132 658 920 
4462 247 883 252 1295 
4463 250 886 261 1249 
4464 768 1306 1330 1430 
4465 935 1146 657 1321 
4466 571 1106 310 1157 
4467 917 1263 1171 1374 
4468 916 1066 858 1100 
4469 1171 1263 933 1374 
4470 49 891 724 1379 
4471 792 959 1368 1457 
4472 468 486 1357 1426 
4473 1017 1098 807 1380 
4474 924 1266 1105 1459 
4475 1020 1063 838 1253 
4476 932 1202 772 1315 
4477 480 869 481 1434 
4478 863 1202 916 1411 
4479 461 230 708 1031 
4480 817 1166 1128 1238 
4481 544 984 452 1285 
4482 248 883 247 1273 
4483 940 1046 781 1208 
4484 307 1033 312 1362 
4485 218 219 1032 1139 
4486 959 1047 822 1123 
4487 383 394 382 1301 
4488 941 1085 840 1157 
4489 699 1250 484 1406 
4490 1155 1311 966 1443 
4491 809 1077 1028 1281 
4492 766 917 1179 1416 
4493 791 1013 1170 1324 
4494 216 75 968 1126 
4495 946 1093 531 1258 
4496 908 1336 1024 1451 
4497 723 155 164 985 
4498 836 1274 914 1418 
4499 887 815 1306 1330 
4500 825 1143 918 1275 
4501 941 1211 446 1250 
4502 1028 1077 802 1281 
4503 1193 1314 1174 1419 
4504 818 892 1056 1107 
4505 804 874 1217 1257 
4506 772 1103 935 1391 
4507 1052 799 1158 1386 
4508 16 29 37 1144 
4509 221 1044 1005 1444 
4510 945 1181 804 1264 
4511 1020 901 1253 1331 
4512 842 1239 1036 1423 
4513 781 983 1046 1370 
4514 942 1302 593 1341 
4515 68 71 96 1010 
4516 801 1280 1009 1366 
4517 874 1108 1026 1217 
4518 1036 1211 842 1250 
4519 947 1025 839 1458 
4520 190 188 189 1271 
4521 545 954 274 1111 
4522 830 1056 892 1107 
4523 798 1072 1059 1186 
4524 866 1046 983 1370 
4525 138 137 122 1027 
4526 1268 1311 774 1458 
4527 1267 1356 223 1444 
4528 1052 1161 834 1359 
4529 585 419 420 1447 
4530 77 19 526 1129 
4531 757 911 1088 1217 
4532 1132 1375 912 1421 
4533 540 171 914 1234 
4534 451 400 452 1002 
4535 805 1037 872 1172 
4536 814 910 1298 1387 
4537 757 1108 911 1217 
4538 875 810 1192 1306 
4539 711 259 1015 1295 
4540 372 597 326 899 
4541 887 1259 1045 1309 
4542 931 1158 799 1386 
4543 803 986 1181 1318 
4544 1095 1245 987 1395 
4545 928 1165 1095 1382 
4546 152 1200 1016 1261 
4547 757 911 1108 1227 
4548 1038 1054 799 1219 
4549 403 941 446 1250 
4550 962 1254 958 1309 
4551 917 1333 791 1374 
4552 765 1051 880 1233 
4553 850 973 1068 1082 
4554 887 1330 1306 1430 
4555 1090 998 1221 1310 
4556 531 1093 946 1407 
4557 931 1278 336 1341 
4558 802 1064 1028 1281 
4559 806 1162 934 1402 
4560 1035 987 1245 1395 
4561 119 120 116 1292 
4562 778 950 918 1313 
4563 606 104 1230 1329 
4564 772 930 1138 1391 
4565 793 948 1161 1393 
4566 646 1198 186 1203 
4567 390 391 1250 1406 
4568 904 1241 866 1293 
4569 895 1205 745 1319 
4570 289 957 290 1191 
4571 828 1124 1013 1193 
4572 42 1109 964 1248 
4573 598 1016 137 1340 
4574 656 623 1303 1312 
4575 586 166 168 1107 
4576 773 1257 874 1408 
4577 1007 1150 546 1412 
4578 791 1333 1078 1374 
4579 576 1081 575 1150 
4580 968 1092 783 1116 
4581 830 1094 1010 1329 
4582 767 1105 1035 1395 
4583 149 172 197 1262 
4584 930 1221 1138 1391 
4585 765 880 1177 1233 
4586 827 1075 972 1112 
4587 371 369 1301 1446 
4588 1101 1311 1245 1443 
4589 827 1071 931 1341 
4590 869 1266 964 1337 
4591 191 190 940 1267 
4592 958 1051 868 1076 
4593 795 1079 1080 1432 
4594 935 1317 458 1425 
4595 978 1214 783 1215 
4596 474 958 578 1076 
4597 773 1108 911 1376 
4598 900 1106 1250 1441 
4599 760 928 1154 1229 
4600 774 995 1009 1101 
4601 791 1324 1078 1333 
4602 204 1251 1049 1260 
4603 791 1182 1324 1333 
4604 877 1311 1098 1380 
4605 822 880 1177 1259 
4606 880 765 1177 1259 
4607 807 1098 1311 1380 
4608 326 597 1235 1425 
4609 464 1091 437 1354 
4610 802 1064 1003 1401 
4611 791 1170 1078 1324 
4612 341 578 345 1149 
4613 755 999 1298 1457 
4614 196 201 195 1060 
4615 464 1354 617 1355 
4616 974 1307 111 1348 
4617 221 467 466 1225 
4618 918 1301 1018 1338 
4619 815 962 925 1351 
4620 820 1328 1071 1386 
4621 829 1284 1086 1338 
4622 8 482 7 1109 
4623 134 1028 148 1291 
4624 171 1168 914 1234 
4625 890 1185 184 1203 
4626 784 1325 1086 1338 
4627 428 427 977 1178 
4628 568 569 133 1173 
4629 821 1239 1194 1423 
4630 800 965 945 1210 
4631 239 540 720 914 
4632 326 899 597 1425 
4633 397 345 958 1254 
4634 861 985 1340 1439 
4635 285 536 1128 1178 
4636 806 906 1178 1282 
4637 887 822 1223 1231 
4638 186 588 184 1203 
4639 379 378 1038 1303 
4640 787 1097 1012 1405 
4641 1049 1227 859 1260 
4642 397 347 345 1254 
4643 809 1199 1077 1281 
4644 828 919 1193 1394 
4645 755 1298 959 1457 
4646 818 956 1110 1246 
4647 1058 1159 816 1411 
4648 875 810 1306 1400 
4649 1161 1393 1075 1437 
4650 1010 1116 830 1212 
4651 127 142 904 1290 
4652 654 88 745 895 
4653 917 1216 1171 1421 
4654 1218 1298 910 1387 
4655 758 1096 915 1223 
4656 774 1072 1009 1280 
4657 1295 1358 843 1364 
4658 598 137 1016 1292 
4659 519 1049 518 1290 
4660 720 239 914 1299 
4661 812 1244 1174 1255 
4662 998 1146 832 1265 
4663 851 895 1092 1346 
4664 1268 1378 1025 1458 
4665 538 998 232 1267 
4666 403 1106 941 1250 
4667 294 1128 536 1178 
4668 766 1179 917 1333 
4669 300 1372 989 1428 
4670 791 1184 1013 1324 
4671 965 1088 910 1184 
4672 807 1098 1190 1334 
4673 779 941 1106 1441 
4674 908 1174 1244 1255 
4675 983 1046 866 1293 
4676 1028 1064 859 1281 
4677 802 903 1028 1291 
4678 901 788 1020 1253 
4679 868 1175 1159 1377 
4680 905 785 997 1129 
4681 127 142 622 904 
4682 992 1229 1145 1431 
4683 861 1098 1017 1380 
4684 52 210 43 1228 
4685 647 554 1302 1362 
4686 949 1140 808 1205 
4687 988 1072 819 1378 
4688 137 122 1027 1292 
4689 788 1063 1020 1253 
4690 968 1092 895 1346 
4691 876 789 1121 1221 
4692 1000 1179 836 1366 
4693 785 1352 986 1445 
4694 476 42 964 1248 
4695 238 994 696 1209 
4696 990 1244 812 1255 
4697 909 1126 51 1344 
4698 769 1008 912 1132 
4699 830 892 1056 1214 
4700 330 1302 931 1341 
4701 766 1333 917 1374 
4702 1030 1171 847 1347 
4703 494 970 1301 1313 
4704 843 1015 1059 1186 
4705 137 1016 1292 1340 
4706 783 1092 893 1116 
4707 955 1134 820 1328 
4708 796 1125 915 1305 
4709 322 335 334 1038 
4710 820 1029 984 1134 
4711 826 1266 964 1361 
4712 774 966 1308 1378 
4713 938 1235 991 1405 
4714 250 575 886 1347 
4715 684 709 225 1039 
4716 431 647 702 1320 
4717 836 1000 1366 1416 
4718 938 1235 573 1377 
4719 816 935 997 1142 
4720 829 1069 1023 1446 
4721 83 508 494 970 
4722 638 170 583 1168 
4723 900 1054 1033 1335 
4724 153 667 697 1126 
4725 918 1143 370 1275 
4726 763 944 1130 1277 
4727 1000 883 1366 1416 
4728 819 943 1120 1378 
4729 336 330 931 1341 
4730 897 1282 957 1402 
4731 1013 1193 919 1394 
4732 908 1255 1024 1336 
4733 144 996 117 1201 
4734 189 187 1208 1271 
4735 642 1068 973 1243 
4736 783 1352 909 1445 
4737 426 1278 1219 1449 
4738 96 68 1010 1140 
4739 882 1127 845 1154 
4740 985 1234 1084 1274 
4741 642 973 389 1243 
4742 221 1044 467 1225 
4743 335 379 378 1038 
4744 567 598 137 1340 
4745 324 545 274 1111 
4746 778 1120 970 1284 
4747 631 527 528 1319 
4748 845 1307 1145 1431 
4749 336 931 329 1278 
4750 579 380 426 1219 
4751 538 223 998 1267 
4752 762 1232 967 1382 
4753 542 1029 1285 1449 
4754 336 330 329 931 
4755 795 919 1080 1353 
4756 621 1061 909 1426 
4757 858 1045 1022 1400 
4758 764 1065 1034 1136 
4759 1034 1065 840 1136 
4760 1120 1308 966 1378 
4761 339 326 597 1235 
4762 1025 1268 988 1378 
4763 923 1118 895 1304 
4764 776 1224 963 1420 
4765 922 1015 798 1117 
4766 787 1159 916 1220 
4767 518 1049 204 1251 
4768 436 1037 609 1436 
4769 854 1113 910 1324 
4770 793 1161 1062 1393 
4771 940 844 1271 1456 
4772 822 1079 887 1259 
4773 657 935 458 1425 
4774 796 1125 979 1459 
4775 790 1041 1047 1123 
4776 888 1055 1001 1417 
4777 899 1220 991 1315 
4778 353 337 336 1341 
4779 349 463 750 1363 
4780 758 915 1096 1389 
4781 1056 1214 892 1415 
4782 830 892 1214 1230 
4783 940 1070 844 1456 
4784 1131 1239 842 1454 
4785 358 962 1068 1351 
4786 604 1087 1006 1213 
4787 281 1128 280 1238 
4788 874 1257 1056 1408 
4789 756 948 1052 1193 
4790 348 347 962 1254 
4791 209 184 588 890 
4792 779 1033 921 1359 
4793 836 994 914 1299 
4794 759 980 1172 1454 
4795 706 82 453 1146 
4796 766 1078 1333 1374 
4797 730 1030 516 1226 
4798 819 1354 1091 1355 
4799 770 1001 1187 1305 
4800 539 324 922 1383 
4801 902 821 1036 1296 
4802 1060 1110 956 1246 
4803 748 1299 404 1403 
4804 502 503 80 950 
4805 912 1008 809 1132 
4806 789 940 1122 1267 
4807 1024 1255 1011 1336 
4808 699 1102 1250 1406 
4809 143 1107 606 1230 
4810 160 215 624 1145 
4811 1148 1221 832 1310 
4812 1096 1135 841 1305 
4813 941 1250 1106 1441 
4814 844 1136 1053 1180 
4815 856 1078 1324 1333 
4816 853 1035 898 1369 
4817 779 1052 975 1335 
4818 620 517 939 1316 
4819 893 1055 1001 1236 
4820 908 812 1174 1255 
4821 688 576 650 1150 
4822 975 980 835 1195 
4823 1166 1238 817 1429 
4824 819 1074 1023 1284 
4825 535 230 1031 1271 
4826 1093 1258 782 1459 
4827 878 1166 1128 1189 
4828 1065 1359 948 1371 
4829 780 888 1160 1229 
4830 844 1070 940 1122 
4831 984 1238 1029 1285 
4832 1077 1151 775 1433 
4833 795 1079 1119 1353 
4834 904 127 1290 1293 
4835 875 1097 989 1428 
4836 758 1137 1043 1206 
4837 606 169 104 1329 
4838 839 1379 1248 1381 
4839 835 980 975 1454 
4840 989 1191 293 1436 
4841 924 1104 881 1339 
4842 836 1000 1273 1403 
4843 981 1070 864 1410 
4844 190 524 188 1271 
4845 696 994 515 1299 
4846 400 1071 1002 1404 
4847 971 884 1195 1303 
4848 585 420 732 1081 
4849 270 685 711 1059 
4850 897 1167 1282 1402 
4851 805 980 934 1283 
4852 226 1057 714 1447 
4853 791 1078 1013 1124 
4854 832 1005 1265 1357 
4855 960 1079 887 1231 
4856 380 971 426 1219 
4857 794 1075 933 1437 
4858 945 965 804 1218 
4859 631 528 1205 1319 
4860 1140 1279 90 1332 
4861 1125 1187 1001 1305 
4862 760 928 1288 1373 
4863 964 1109 42 1337 
4864 966 1378 774 1458 
4865 778 1050 881 1137 
4866 775 1151 952 1433 
4867 1088 1184 965 1272 
4868 984 1238 543 1429 
4869 810 1149 958 1349 
4870 753 1446 1069 1455 
4871 972 1112 444 1404 
4872 683 1176 66 1407 
4873 942 1112 827 1341 
4874 457 876 1103 1388 
4875 291 1191 293 1372 
4876 822 936 1119 1353 
4877 128 983 129 1293 
4878 1007 1132 913 1150 
4879 807 1035 1245 1443 
4880 762 995 1141 1380 
4881 613 1190 477 1448 
4882 607 125 145 1293 
4883 979 1258 1093 1459 
4884 909 1294 621 1426 
4885 299 1111 984 1429 
4886 632 151 1064 1450 
4887 894 1034 779 1131 
4888 476 700 477 1114 
4889 780 1095 987 1395 
4890 928 1154 845 1373 
4891 1179 1416 917 1418 
4892 567 1016 598 1340 
4893 426 1219 971 1449 
4894 774 1311 966 1458 
4895 868 1076 1051 1414 
4896 311 310 571 1106 
4897 771 1195 884 1283 
4898 847 1209 1007 1375 
4899 754 942 593 1341 
4900 476 477 49 891 
4901 990 1244 860 1409 
4902 707 481 1083 1228 
4903 1169 1171 886 1437 
4904 895 1118 857 1319 
4905 789 1121 998 1267 
4906 819 970 1115 1120 
4907 478 1114 964 1434 
4908 641 1099 897 1372 
4909 826 1050 1266 1361 
4910 958 1149 868 1349 
4911 940 1267 833 1356 
4912 884 957 1183 1283 
4913 785 929 1233 1318 
4914 794 1171 1169 1437 
4915 108 111 112 1348 
4916 595 1156 361 1207 
4917 70 68 64 1140 
4918 824 1110 920 1376 
4919 935 1103 453 1146 
4920 17 18 1144 1256 
4921 910 791 1184 1297 
4922 767 1104 924 1105 
4923 768 1162 934 1453 
4924 758 1339 915 1389 
4925 1145 1229 845 1431 
4926 95 1176 898 1448 
4927 406 366 368 1207 
4928 138 1027 583 1168 
4929 711 1059 685 1364 
4930 1151 1232 831 1367 
4931 84 521 11 1089 
4932 921 1006 793 1213 
4933 221 466 465 1005 
4934 806 1162 977 1325 
4935 757 911 1063 1088 
4936 15 85 953 1276 
4937 621 909 39 1294 
4938 990 1174 812 1244 
4939 134 133 1064 1173 
4940 922 798 1015 1385 
4941 1179 1274 836 1418 
4942 593 942 702 1302 
4943 540 171 720 914 
4944 782 979 1125 1459 
4945 819 970 1120 1284 
4946 325 355 403 941 
4947 983 1290 129 1293 
4948 810 1254 962 1309 
4949 591 420 384 961 
4950 711 429 1295 1364 
4951 479 480 478 964 
4952 217 621 1061 1126 
4953 80 501 502 950 
4954 896 1173 885 1401 
4955 955 1133 820 1134 
4956 828 1193 1013 1394 
4957 1037 1303 884 1312 
4958 996 813 1201 1422 
4959 824 1060 896 1260 
4960 781 1070 981 1410 
4961 847 1007 1209 1412 
4962 756 933 1075 1393 
4963 580 434 656 1303 
4964 979 782 1258 1459 
4965 847 1209 994 1412 
4966 971 1029 445 1449 
4967 776 956 1110 1373 
4968 587 694 658 920 
4969 781 1208 983 1253 
4970 781 1046 940 1370 
4971 824 1227 1049 1260 
4972 241 730 514 1226 
4973 875 897 1099 1372 
4974 705 644 643 1192 
4975 475 1032 25 1268 
4976 565 566 358 1068 
4977 1071 1278 931 1341 
4978 373 1156 595 1207 
4979 307 277 306 921 
4980 901 1020 788 1326 
4981 846 1169 886 1437 
4982 587 694 920 1246 
4983 871 1057 1039 1438 
4984 108 974 111 1348 
4985 920 1153 904 1376 
4986 983 1253 1208 1331 
4987 978 1201 106 1230 
4988 447 294 536 1178 
4989 875 1192 925 1306 
4990 375 1237 619 1423 
4991 804 1088 911 1217 
4992 455 997 456 1317 
4993 138 583 170 1168 
4994 1010 808 1116 1212 
4995 1075 1393 933 1437 
4996 108 107 105 1348 
4997 226 471 714 1057 
4998 886 1169 846 1249 
4999 785 1294 909 1445 
5000 943 1308 1120 1378 
5001 735 423 594 1085 
5002 756 1075 1161 1393 
5003 565 348 347 962 
5004 176 608 1208 1331 
5005 855 1424 976 1438 
5006 438 754 695 1112 
5007 437 750 463 1023 
5008 153 94 667 978 
5009 302 989 297 1436 
5010 683 66 635 1407 
5011 654 529 655 1304 
5012 774 1101 1009 1308 
5013 1036 1250 842 1406 
5014 885 1292 1016 1367 
5015 1182 1263 912 1421 
5016 944 1277 1257 1415 
5017 85 633 15 953 
5018 965 1164 828 1394 
5019 817 1067 906 1128 
5020 711 259 270 1015 
5021 453 657 935 1146 
5022 90 67 1140 1332 
5023 633 953 474 1287 
5024 516 939 517 1226 
5025 1071 1278 354 1285 
5026 754 702 942 1320 
5027 130 129 128 983 
5028 784 951 1073 1427 
5029 75 667 1094 1126 
5030 1056 1257 867 1415 
5031 285 645 1178 1282 
5032 623 884 1303 1312 
5033 123 118 996 1153 
5034 74 88 968 1247 
5035 967 1232 1151 1367 
5036 1066 1100 916 1315 
5037 74 968 75 1247 
5038 465 221 1005 1444 
5039 874 1110 1108 1408 
5040 936 1202 1066 1440 
5041 773 892 1056 1408 
5042 838 1241 983 1253 
5043 919 1210 800 1353 
5044 1013 919 1193 1314 
5045 88 72 1205 1247 
5046 757 1281 1003 1442 
5047 96 1140 1010 1279 
5048 150 1028 557 1203 
5049 879 1245 1095 1395 
5050 762 1245 995 1380 
5051 606 1230 1107 1329 
5052 1131 1441 975 1454 
5053 790 1047 959 1123 
5054 644 1012 564 1192 
5055 156 540 239 1084 
5056 888 782 1105 1160 
5057 971 1195 1038 1303 
5058 724 49 477 891 
5059 1079 1409 960 1453 
5060 1120 1378 966 1458 
5061 959 1047 755 1119 
5062 10 505 84 937 
5063 947 877 1311 1334 
5064 293 1191 989 1372 
5065 763 1090 944 1264 
5066 736 569 690 896 
5067 313 311 314 1106 
5068 813 1215 1061 1225 
5069 862 1184 1088 1272 
5070 839 1004 1120 1381 
5071 966 1311 1155 1458 
5072 730 241 245 1030 
5073 824 1060 920 1110 
5074 833 940 1356 1370 
5075 779 948 1052 1359 
5076 540 156 141 1234 
5077 825 1073 973 1206 
5078 758 1043 881 1339 
5079 134 1173 1064 1291 
5080 773 1257 1056 1415 
5081 817 1128 1166 1189 
5082 1115 1120 1004 1381 
5083 895 1187 1205 1319 
5084 262 264 263 1249 
5085 755 1013 1170 1314 
5086 57 1093 54 1258 
5087 444 418 495 972 
5088 502 950 501 1313 
5089 808 1092 968 1116 
5090 793 1065 1006 1371 
5091 778 970 1004 1313 
5092 769 976 1062 1152 
5093 843 1059 988 1072 
5094 921 1213 1019 1362 
5095 591 384 266 961 
5096 56 631 949 1300 
5097 1045 1309 1259 1349 
5098 98 218 219 1032 
5099 986 1318 803 1390 
5100 535 1031 225 1326 
5101 229 232 1121 1267 
5102 584 913 1185 1447 
5103 106 104 94 1230 
5104 833 1090 1130 1310 
5105 1066 1202 916 1440 
5106 58 1300 50 1319 
5107 604 268 1087 1213 
5108 817 1067 908 1134 
5109 868 1051 958 1349 
5110 670 448 376 1211 
5111 993 842 1406 1423 
5112 769 1152 933 1263 
5113 803 1181 986 1390 
5114 1036 1406 842 1423 
5115 724 477 613 1190 
5116 779 1106 900 1441 
5117 370 731 522 918 
5118 760 1154 928 1373 
5119 781 1070 940 1456 
5120 839 966 1050 1361 
5121 955 1174 908 1419 
5122 918 1018 1143 1338 
5123 350 1188 1316 1384 
5124 1010 1279 882 1329 
5125 1226 404 1299 1403 
5126 762 1095 879 1245 
5127 771 908 1067 1134 
5128 350 1383 1188 1384 
5129 812 1013 1078 1124 
5130 517 1226 939 1273 
5131 775 994 1418 1421 
5132 980 1080 848 1350 
5133 1071 1285 984 1328 
5134 192 1122 190 1267 
5135 29 1144 496 1304 
5136 136 607 680 1046 
5137 867 1264 1181 1277 
5138 824 1108 1003 1110 
5139 142 519 518 1290 
5140 806 1067 907 1325 
5141 887 1223 822 1259 
5142 769 1062 976 1398 
5143 761 1074 1024 1255 
5144 300 555 1372 1428 
5145 633 669 474 953 
5146 826 1322 1109 1337 
5147 838 1241 904 1290 
5148 944 1264 1090 1410 
5149 798 1059 1015 1186 
5150 91 169 550 1329 
5151 887 1079 960 1430 
5152 18 490 17 1144 
5153 471 224 1039 1057 
5154 861 1141 1240 1380 
5155 925 1306 815 1330 
5156 290 1191 957 1312 
5157 788 1039 1057 1438 
5158 820 1134 984 1328 
5159 946 782 1093 1258 
5160 839 1050 1109 1361 
5161 787 991 938 1220 
5162 839 1155 966 1361 
5163 787 916 1100 1220 
5164 750 1023 437 1091 
5165 831 1151 1027 1433 
5166 793 961 1087 1398 
5167 1066 1080 759 1350 
5168 343 344 227 1122 
5169 772 1138 876 1391 
5170 241 514 238 994 
5171 141 1234 985 1340 
5172 778 1004 950 1313 
5173 150 149 1028 1262 
5174 554 553 312 1362 
5175 150 1028 1203 1262 
5176 785 1058 997 1142 
5177 48 47 947 1268 
5178 969 1344 851 1352 
5179 494 1301 522 1313 
5180 816 997 935 1317 
5181 984 1328 1134 1451 
5182 938 991 787 1405 
5183 807 1035 987 1245 
5184 906 817 1128 1238 
5185 788 1057 1039 1326 
5186 931 1219 329 1278 
5187 889 1163 794 1374 
5188 909 1061 1215 1445 
5189 115 112 582 963 
5190 780 987 1035 1395 
5191 646 589 186 1198 
5192 641 291 293 1372 
5193 1068 1243 577 1351 
5194 828 1193 948 1393 
5195 119 121 120 1292 
5196 768 960 1079 1430 
5197 950 1275 918 1313 
5198 816 1235 1175 1317 
5199 149 147 148 1291 
5200 183 1290 131 1331 
5201 478 964 480 1434 
5202 644 1012 1192 1428 
5203 423 343 393 926 
5204 461 1031 1053 1327 
5205 764 1034 982 1136 
5206 231 584 688 913 
5207 452 984 299 1111 
5208 186 1198 588 1203 
5209 977 1167 806 1178 
5210 844 1053 1031 1180 
5211 453 1103 935 1425 
5212 898 853 1369 1448 
5213 954 1111 984 1451 
5214 1110 1246 920 1408 
5215 121 1173 122 1292 
5216 149 148 150 1028 
5217 901 844 1031 1456 
5218 817 1024 954 1451 
5219 289 288 957 1282 
5220 559 106 978 1201 
5221 777 1336 1323 1435 
5222 814 1288 1026 1387 
5223 522 918 731 1313 
5224 964 1361 1266 1369 
5225 648 1175 698 1317 
5226 865 1074 1023 1091 
5227 414 637 681 1167 
5228 1040 1089 525 1342 
5229 54 979 53 1258 
5230 307 277 921 1362 
5231 815 1068 962 1351 
5232 772 1138 930 1202 
5233 837 1145 992 1229 
5234 789 876 1138 1221 
5235 885 823 1200 1420 
5236 84 937 505 1269 
5237 963 974 823 1348 
5238 238 515 696 994 
5239 960 1073 815 1427 
5240 760 888 1055 1236 
5241 901 1208 781 1253 
5242 809 1077 912 1132 
5243 254 1030 249 1242 
5244 1186 1366 883 1416 
5245 963 1165 776 1420 
5246 770 1092 895 1187 
5247 899 1103 902 1237 
5248 885 1200 1016 1292 
5249 1026 1373 928 1382 
5250 446 355 686 1211 
5251 877 801 1139 1280 
5252 837 992 1160 1229 
5253 609 302 297 1436 
5254 734 1167 296 1282 
5255 612 100 677 1190 
5256 921 1359 793 1371 
5257 365 951 364 1365 
5258 307 311 312 1033 
5259 348 356 346 1254 
5260 767 966 1155 1361 
5261 490 496 1144 1344 
5262 1222 1395 888 1417 
5263 890 1199 809 1203 
5264 259 611 252 1295 
5265 108 105 111 974 
5266 51 909 621 1126 
5267 787 938 1159 1220 
5268 564 1012 333 1149 
5269 823 974 963 1165 
5270 889 1124 1078 1374 
5271 875 1099 925 1192 
5272 815 1156 925 1330 
5273 31 34 1109 1248 
5274 636 1219 426 1278 
5275 842 1211 1036 1296 
5276 444 443 972 1404 
5277 363 364 365 951 
5278 801 1009 1179 1366 
5279 122 1173 1027 1292 
5280 766 917 1163 1374 
5281 451 1111 733 1383 
5282 902 1036 821 1237 
5283 633 85 669 953 
5284 291 289 290 1191 
5285 297 989 293 1436 
5286 782 1160 1055 1399 
5287 531 62 1093 1407 
5288 756 1158 1052 1161 
5289 674 364 389 973 
5290 936 800 1210 1353 
5291 524 227 344 1122 
5292 829 1023 970 1301 
5293 785 1233 1058 1318 
5294 769 1062 933 1152 
5295 624 533 882 1279 
5296 862 1088 981 1272 
5297 767 1050 966 1361 
5298 767 1369 1155 1443 
5299 321 991 548 1194 
5300 903 809 1028 1262 
5301 818 1246 1110 1408 
5302 1055 1116 808 1212 
5303 339 1235 597 1425 
5304 984 1111 777 1451 
5305 1084 1234 914 1274 
5306 18 19 35 969 
5307 1226 1273 404 1403 
5308 766 1366 1186 1416 
5309 26 46 47 1379 
5310 34 1248 46 1381 
5311 430 382 394 1023 
5312 998 1005 833 1444 
5313 40 616 58 1118 
5314 249 1169 1030 1347 
5315 756 1052 948 1161 
5316 981 1063 788 1253 
5317 759 1080 980 1350 
5318 620 523 517 1316 
5319 688 1081 913 1447 
5320 960 815 1330 1427 
5321 108 105 974 1348 
5322 1014 1265 22 1357 
5323 780 1160 888 1395 
5324 389 642 738 973 
5325 888 1160 1105 1395 
5326 662 1340 713 1439 
5327 398 1341 1071 1404 
5328 831 1168 1027 1234 
5329 369 1018 367 1143 
5330 842 1239 1131 1296 
5331 432 726 425 1183 
5332 1171 1216 847 1421 
5333 234 235 238 1209 
5334 115 112 963 1200 
5335 219 1032 1139 1358 
5336 919 1193 848 1350 
5337 660 692 432 1183 
5338 1005 1265 998 1310 
5339 250 1169 249 1347 
5340 835 1172 980 1454 
5341 1252 1272 862 1424 
5342 4 1115 1025 1355 
5343 845 1154 928 1229 
5344 563 342 346 1254 
5345 936 1066 800 1353 
5346 828 965 1184 1272 
5347 818 1107 882 1127 
5348 947 1311 1268 1458 
5349 786 958 1051 1309 
5350 948 1161 1052 1359 
5351 396 485 411 1175 
5352 843 1009 1280 1366 
5353 951 1143 825 1365 
5354 471 224 739 1039 
5355 771 980 1195 1283 
5356 920 1376 1110 1408 
5357 508 1115 1004 1381 
5358 595 637 373 1207 
5359 138 1168 140 1234 
5360 822 1177 936 1259 
5361 88 651 745 1205 
5362 1257 1277 867 1415 
5363 564 1012 644 1428 
5364 812 1078 1013 1170 
5365 993 1343 1102 1454 
5366 490 1144 969 1344 
5367 740 1102 993 1343 
5368 835 900 1102 1454 
5369 763 1130 1090 1310 
5370 540 140 171 1234 
5371 815 1156 951 1243 
5372 790 915 1041 1123 
5373 953 1276 923 1287 
5374 34 6 31 1109 
5375 379 434 1303 1343 
5376 920 1110 1060 1246 
5377 888 1105 782 1417 
5378 776 1373 1026 1382 
5379 502 731 504 1275 
5380 1037 1172 835 1343 
5381 674 364 973 1365 
5382 370 504 731 1275 
5383 455 458 997 1317 
5384 1045 1259 887 1430 
5385 809 1185 890 1203 
5386 813 1214 978 1215 
5387 1046 1356 940 1370 
5388 963 1200 112 1348 
5389 508 970 1115 1354 
5390 562 1000 247 1295 
5391 1105 888 1395 1417 
5392 954 1111 545 1429 
5393 516 620 517 939 
5394 838 983 1241 1290 
5395 652 182 224 1326 
5396 849 1188 883 1385 
5397 995 1009 801 1280 
5398 778 1137 881 1270 
5399 784 1073 960 1427 
5400 1200 1261 152 1348 
5401 819 1023 1074 1091 
5402 917 1182 791 1333 
5403 791 912 1182 1263 
5404 465 1005 76 1444 
5405 49 1248 891 1379 
5406 833 1005 998 1310 
5407 844 1180 1031 1456 
5408 820 1029 971 1449 
5409 53 979 52 1300 
5410 585 1081 732 1447 
5411 336 337 330 1341 
5412 326 331 372 1237 
5413 82 657 1146 1321 
5414 495 249 1169 1242 
5415 761 1024 908 1255 
5416 535 181 230 1271 
5417 781 1046 983 1208 
5418 446 403 355 941 
5419 369 368 367 1018 
5420 508 439 970 1354 
5421 983 1241 781 1253 
5422 136 1046 614 1208 
5423 858 1080 1066 1353 
5424 883 1186 1015 1295 
5425 694 920 1246 1397 
5426 891 839 1155 1379 
5427 1016 1261 861 1439 
5428 758 915 1123 1223 
5429 837 882 1212 1279 
5430 961 793 1087 1213 
5431 171 140 1168 1234 
5432 901 1031 844 1271 
5433 585 420 1081 1447 
5434 923 770 1135 1286 
5435 885 1224 896 1401 
5436 1036 1239 821 1423 
5437 39 909 51 1344 
5438 648 572 698 1175 
5439 761 1244 990 1255 
5440 130 129 983 1290 
5441 954 1166 817 1429 
5442 988 1059 843 1364 
5443 468 1225 1061 1426 
5444 56 631 64 949 
5445 716 1145 663 1332 
5446 365 1143 951 1365 
5447 847 886 1150 1347 
5448 758 1096 1082 1389 
5449 532 90 1140 1279 
5450 751 630 1275 1365 
5451 503 520 80 1197 
5452 844 1070 1180 1456 
5453 522 370 918 1301 
5454 148 151 557 1028 
5455 901 781 1208 1456 
5456 963 1200 885 1224 
5457 761 1255 990 1392 
5458 747 444 1112 1404 
5459 939 1030 794 1216 
5460 52 979 530 1228 
5461 909 1344 969 1352 
5462 57 531 1093 1258 
5463 831 1027 1151 1367 
5464 794 917 1163 1216 
5465 56 1258 949 1413 
5466 872 1172 993 1239 
5467 478 476 42 964 
5468 979 1228 796 1459 
5469 860 1244 990 1392 
5470 821 1239 1036 1296 
5471 200 1017 682 1261 
5472 283 285 536 1128 
5473 832 1265 1005 1310 
5474 801 1179 1000 1366 
5475 748 404 240 1403 
5476 1080 1350 1066 1353 
5477 111 974 105 1431 
5478 136 130 128 983 
5479 903 809 1262 1375 
5480 804 910 1088 1217 
5481 840 941 1157 1371 
5482 763 1148 1130 1310 
5483 1029 820 1285 1449 
5484 1216 1418 994 1421 
5485 917 1416 1216 1418 
5486 754 702 593 942 
5487 976 1252 862 1424 
5488 937 1206 1197 1269 
5489 344 343 423 926 
5490 802 1151 1027 1367 
5491 827 1112 972 1404 
5492 216 1126 968 1346 
5493 914 1084 836 1299 
5494 319 333 564 1012 
5495 839 1050 966 1120 
5496 808 1187 949 1205 
5497 301 555 705 1372 
5498 698 1235 666 1317 
5499 22 1265 1014 1321 
5500 877 1268 947 1311 
5501 914 1418 1274 1433 
5502 1016 1232 861 1261 
5503 638 583 147 1291 
5504 640 1211 390 1250 
5505 1140 1332 67 1413 
5506 497 596 144 1422 
5507 993 1102 740 1406 
5508 784 1162 907 1325 
5509 1069 1166 878 1189 
5510 593 702 387 1302 
5511 1090 1370 944 1410 
5512 818 1056 892 1408 
5513 812 1174 1314 1419 
5514 24 1040 525 1342 
5515 1110 1376 1108 1408 
5516 913 1081 871 1447 
5517 1070 1090 864 1410 
5518 174 1203 1185 1262 
5519 835 1102 1343 1454 
5520 874 1373 1110 1408 
5521 788 1063 981 1424 
5522 794 972 1169 1242 
5523 65 1407 1176 1448 
5524 995 1245 1101 1311 
5525 993 1239 1172 1454 
5526 743 876 457 1388 
5527 797 1085 941 1211 
5528 922 1188 539 1383 
5529 781 981 1070 1456 
5530 1057 1185 913 1447 
5531 56 949 64 1413 
5532 789 1070 1396 1452 
5533 876 1146 1103 1391 
5534 775 1077 903 1375 
5535 797 926 1085 1360 
5536 773 1056 1257 1408 
5537 490 969 35 1344 
5538 190 189 191 940 
5539 978 1214 1201 1230 
5540 851 1092 968 1346 
5541 688 732 1081 1447 
5542 373 401 360 1156 
5543 528 745 1205 1319 
5544 742 661 589 1450 
5545 11 525 628 1089 
5546 50 53 52 1300 
5547 935 1142 816 1411 
5548 65 1176 69 1448 
5549 919 800 1210 1394 
5550 818 892 1107 1397 
5551 926 1121 1048 1452 
5552 720 696 515 1299 
5553 354 1071 353 1278 
5554 785 1014 997 1129 
5555 917 1333 1179 1418 
5556 1010 1212 882 1279 
5557 701 488 218 1240 
5558 784 1207 951 1427 
5559 126 1027 122 1173 
5560 18 35 490 969 
5561 773 911 1241 1376 
5562 981 1180 788 1424 
5563 579 323 334 1219 
5564 22 1014 21 1321 
5565 828 1164 965 1272 
5566 891 1155 839 1361 
5567 369 367 370 1143 
5568 32 1118 36 1276 
5569 756 948 1193 1393 
5570 276 954 545 1429 
5571 411 473 1076 1256 
5572 699 484 483 1406 
5573 930 1090 864 1396 
5574 59 1334 947 1379 
5575 841 1118 1040 1305 
5576 568 146 690 1224 
5577 416 1103 453 1425 
5578 2 988 3 1025 
5579 861 1340 1016 1439 
5580 419 585 714 1447 
5581 71 550 1010 1247 
5582 780 1160 992 1229 
5583 790 1339 1104 1417 
5584 75 1094 73 1247 
5585 901 1031 1180 1456 
5586 751 1197 503 1275 
5587 830 1107 892 1230 
5588 837 1160 992 1332 
5589 349 728 463 1363 
5590 797 1048 926 1360 
5591 141 985 154 1340 
5592 758 1043 1339 1389 
5593 918 522 1301 1313 
5594 514 515 994 1299 
5595 951 1156 815 1427 
5596 870 1207 977 1427 
5597 758 1082 1206 1389 
5598 289 287 288 1282 
5599 855 1053 1031 1327 
5600 847 1132 1007 1150 
5601 200 682 491 1261 
5602 662 1016 1340 1439 
5603 535 225 180 1326 
5604 58 527 50 1300 
5605 162 195 581 956 
5606 759 1172 1100 1239 
5607 860 1270 1086 1392 
5608 511 457 460 876 
5609 1104 1339 924 1417 
5610 646 589 1198 1450 
5611 766 1163 917 1416 
5612 1002 1111 451 1383 
5613 844 1122 940 1271 
5614 881 1339 1104 1368 
5615 816 1220 899 1411 
5616 429 562 1295 1358 
5617 1090 1264 864 1410 
5618 38 29 496 1304 
5619 340 396 395 1377 
5620 464 1059 558 1091 
5621 839 891 1248 1379 
5622 842 1036 1239 1296 
5623 191 940 189 1356 
5624 459 648 698 1317 
5625 955 908 1336 1419 
5626 924 1105 1104 1417 
5627 839 1109 1248 1361 
5628 756 1075 1158 1161 
5629 933 1062 769 1171 
5630 970 1023 829 1284 
5631 114 1200 152 1348 
5632 44 621 1294 1426 
5633 889 1323 1336 1435 
5634 815 1243 1068 1351 
5635 810 1309 1045 1349 
5636 1018 1325 878 1455 
5637 1021 1086 860 1270 
5638 343 227 229 1122 
5639 662 567 713 1340 
5640 806 1282 1167 1402 
5641 515 238 514 994 
5642 796 1043 937 1389 
5643 800 932 1066 1202 
5644 756 1124 1419 1435 
5645 58 527 1300 1319 
5646 876 1221 1146 1391 
5647 790 1047 1298 1457 
5648 37 38 655 1304 
5649 754 438 702 1320 
5650 478 42 479 964 
5651 783 986 1352 1445 
5652 790 959 1047 1457 
5653 1197 1275 630 1365 
5654 818 1110 1373 1408 
5655 784 977 1207 1427 
5656 99 100 1190 1448 
5657 886 1171 1062 1437 
5658 1015 1186 843 1295 
5659 532 90 67 1140 
5660 699 1106 722 1250 
5661 827 972 1075 1323 
5662 755 1047 959 1298 
5663 873 1072 1009 1308 
5664 308 1097 1405 1428 
5665 375 1036 1237 1423 
5666 928 1165 845 1229 
5667 783 1215 986 1445 
5668 1040 1118 857 1305 
5669 899 821 1237 1315 
5670 772 1391 935 1411 
5671 839 1248 891 1361 
5672 437 463 430 1023 
5673 860 960 1231 1409 
5674 889 1419 1124 1435 
5675 3 988 2 1355 
5676 74 968 88 1346 
5677 428 1178 977 1455 
5678 671 1071 354 1285 
5679 711 685 442 1364 
5680 816 997 1058 1142 
5681 110 106 1201 1230 
5682 247 562 243 1000 
5683 15 633 16 1287 
5684 493 142 518 1251 
5685 849 889 1163 1323 
5686 901 1208 1271 1456 
5687 912 1132 1077 1375 
5688 861 1141 985 1240 
5689 59 625 1334 1379 
5690 608 176 130 1331 
5691 187 181 179 1208 
5692 516 730 254 1030 
5693 12 525 1089 1342 
5694 479 964 42 1337 
5695 992 1160 946 1332 
5696 494 970 383 1301 
5697 625 163 1334 1379 
5698 157 236 561 1084 
5699 74 88 653 1346 
5700 299 984 543 1429 
5701 883 1186 1295 1366 
5702 21 455 499 1321 
5703 580 379 434 1303 
5704 1025 1120 839 1458 
5705 117 123 118 996 
5706 364 362 389 1243 
5707 1163 1216 917 1416 
5708 784 1018 977 1325 
5709 400 398 1071 1404 
5710 189 187 614 1208 
5711 44 621 39 1294 
5712 800 1066 936 1202 
5713 1011 1255 812 1336 
5714 194 223 1267 1356 
5715 774 995 1101 1311 
5716 88 72 651 1205 
5717 403 446 640 1250 
5718 758 1339 881 1368 
5719 474 397 578 958 
5720 176 608 179 1208 
5721 238 696 234 1209 
5722 289 288 290 957 
5723 946 1258 531 1413 
5724 558 270 271 1059 
5725 827 1158 942 1341 
5726 775 1418 914 1433 
5727 453 1103 457 1146 
5728 764 1164 1034 1252 
5729 779 948 1359 1371 
5730 859 1198 890 1199 
5731 794 1163 939 1216 
5732 112 135 582 963 
5733 129 1290 127 1293 
5734 375 1036 376 1237 
5735 217 1061 697 1126 
5736 358 1068 577 1351 
5737 812 908 1174 1336 
5738 203 196 587 1060 
5739 403 722 1106 1250 
5740 832 1146 1221 1391 
5741 615 564 644 1428 
5742 279 280 278 1166 
5743 353 1071 398 1341 
5744 229 192 232 1267 
5745 797 926 1048 1452 
5746 950 1137 825 1197 
5747 594 423 719 1085 
5748 157 155 156 1084 
5749 807 1245 987 1380 
5750 452 544 299 984 
5751 76 492 223 998 
5752 795 1119 919 1353 
5753 904 1153 920 1251 
5754 53 1258 979 1300 
5755 174 150 1203 1262 
5756 791 1124 933 1374 
5757 784 960 1162 1427 
5758 976 1062 793 1398 
5759 840 1157 1006 1371 
5760 56 63 1258 1413 
5761 31 1109 42 1248 
5762 1006 1157 921 1371 
5763 497 673 467 1225 
5764 965 1210 800 1394 
5765 783 1126 909 1352 
5766 785 1014 1294 1445 
5767 1114 891 1369 1448 
5768 1032 1358 386 1364 
5769 855 1087 1006 1327 
5770 482 42 1109 1337 
5771 545 276 274 954 
5772 1028 1064 802 1291 
5773 174 1185 173 1262 
5774 500 256 257 1169 
5775 772 899 1315 1411 
5776 763 986 1181 1277 
5777 352 417 418 1384 
5778 971 1038 799 1219 
5779 931 827 1158 1386 
5780 818 892 1397 1408 
5781 582 581 649 1224 
5782 1018 1301 829 1338 
5783 634 451 733 1383 
5784 939 794 1030 1242 
5785 1005 1130 852 1310 
5786 964 1266 826 1337 
5787 167 162 166 1246 
5788 766 1009 1179 1333 
5789 57 531 62 1093 
5790 1013 1124 812 1419 
5791 984 1134 1029 1238 
5792 632 1064 1260 1450 
5793 1001 1055 888 1236 
5794 513 626 566 1068 
5795 885 963 1224 1420 
5796 705 555 644 1428 
5797 1219 1278 931 1386 
5798 848 1080 980 1289 
5799 705 1099 752 1372 
5800 181 1208 187 1271 
5801 832 998 1265 1310 
5802 917 794 1163 1374 
5803 663 1145 992 1332 
5804 278 279 1166 1429 
5805 543 299 544 984 
5806 93 97 101 1334 
5807 427 407 428 977 
5808 300 293 297 989 
5809 604 1006 269 1213 
5810 531 946 635 1407 
5811 882 830 1212 1329 
5812 767 1155 966 1443 
5813 632 1064 570 1260 
5814 688 913 584 1447 
5815 573 332 318 938 
5816 472 395 411 1076 
5817 459 698 666 1317 
5818 865 1166 954 1363 
5819 817 954 1429 1451 
5820 314 722 699 1106 
5821 452 1071 671 1285 
5822 889 812 1124 1336 
5823 790 1222 1236 1417 
5824 916 772 1202 1315 
5825 313 315 312 1033 
5826 1103 1146 935 1391 
5827 100 99 95 1448 
5828 777 1323 1328 1435 
5829 184 1185 174 1203 
5830 843 1032 988 1364 
5831 64 949 1140 1413 
5832 816 899 1235 1425 
5833 809 903 1077 1375 
5834 884 1195 980 1283 
5835 529 616 655 1118 
5836 615 1012 564 1428 
5837 127 129 142 1290 
5838 869 1228 979 1459 
5839 765 1159 1349 1414 
5840 539 634 324 1383 
5841 816 1317 935 1425 
5842 811 923 1144 1287 
5843 699 483 1102 1406 
5844 977 1325 1018 1455 
5845 410 1150 575 1347 
5846 749 1014 629 1357 
5847 779 900 1335 1441 
5848 1107 1230 830 1329 
5849 1 1146 998 1265 
5850 33 1025 47 1268 
5851 833 1005 1130 1444 
5852 833 1130 1044 1444 
5853 1044 1130 1005 1444 
5854 752 440 641 1099 
5855 859 1199 890 1203 
5856 1194 1237 821 1423 
5857 603 464 510 1355 
5858 1013 1193 1124 1419 
5859 444 747 443 1404 
5860 1150 1347 410 1412 
5861 5 508 1004 1381 
5862 784 907 1086 1325 
5863 505 1197 937 1322 
5864 966 1120 943 1308 
5865 774 1009 1072 1308 
5866 859 1203 1198 1450 
5867 321 309 548 991 
5868 1174 1336 908 1419 
5869 359 361 1156 1243 
5870 820 984 1285 1328 
5871 329 1054 323 1219 
5872 499 458 657 1321 
5873 920 1060 824 1251 
5874 773 1241 904 1376 
5875 587 1060 196 1246 
5876 757 1199 1063 1227 
5877 815 925 1156 1351 
5878 243 1000 561 1403 
5879 1005 852 1130 1225 
5880 878 1446 1018 1455 
5881 339 320 326 1235 
5882 755 919 1119 1210 
5883 776 1026 967 1382 
5884 242 410 1347 1412 
5885 466 687 1005 1357 
5886 1069 1446 878 1455 
5887 89 635 946 1332 
5888 990 812 1174 1314 
5889 885 1200 963 1420 
5890 780 1165 928 1229 
5891 686 1211 1085 1360 
5892 818 1127 956 1246 
5893 428 977 407 1455 
5894 1019 1249 846 1320 
5895 858 1066 916 1440 
5896 543 544 542 1285 
5897 629 1014 22 1357 
5898 834 1335 1052 1359 
5899 340 1149 333 1377 
5900 202 201 196 1060 
5901 805 897 1191 1402 
5902 531 89 635 946 
5903 834 1033 1359 1362 
5904 446 1211 640 1250 
5905 769 1132 912 1263 
5906 496 1344 87 1346 
5907 888 1236 1222 1417 
5908 610 1069 717 1166 
5909 1023 1284 970 1354 
5910 921 1359 1033 1362 
5911 670 448 1211 1360 
5912 740 689 435 993 
5913 837 946 1160 1332 
5914 1119 1314 990 1409 
5915 307 312 553 1362 
5916 400 1002 450 1404 
5917 426 971 445 1449 
5918 492 232 538 998 
5919 777 1328 1336 1435 
5920 767 1105 924 1266 
5921 963 1307 974 1348 
5922 961 793 1062 1398 
5923 942 1158 931 1341 
5924 767 1361 1155 1369 
5925 69 65 66 1176 
5926 886 847 1171 1347 
5927 809 1077 1132 1375 
5928 764 1272 1252 1424 
5929 112 135 963 1307 
5930 827 931 1158 1341 
5931 793 1161 948 1359 
5932 52 54 530 979 
5933 525 210 628 1228 
5934 755 1119 919 1314 
5935 937 1089 796 1389 
5936 850 1089 937 1389 
5937 65 1114 86 1434 
5938 59 625 163 1334 
5939 819 1284 1023 1354 
5940 836 1366 1179 1416 
5941 818 1127 882 1154 
5942 279 281 280 1238 
5943 632 151 570 1064 
5944 1005 1130 1044 1225 
5945 488 701 101 1240 
5946 656 623 580 1303 
5947 469 1061 468 1225 
5948 764 1034 1065 1252 
5949 59 947 47 1379 
5950 761 990 1244 1392 
5951 136 614 608 1208 
5952 373 361 595 1156 
5953 390 376 1036 1211 
5954 142 493 622 1251 
5955 944 1370 1241 1410 
5956 293 989 300 1372 
5957 961 1081 871 1398 
5958 830 882 1107 1329 
5959 976 1152 862 1252 
5960 415 693 618 1388 
5961 937 1197 505 1269 
5962 309 321 320 991 
5963 838 1198 1049 1227 
5964 573 332 938 1377 
5965 53 54 52 979 
5966 688 732 576 1081 
5967 134 133 570 1064 
5968 162 159 161 1127 
5969 843 1295 1186 1366 
5970 757 1227 1003 1281 
5971 640 390 391 1250 
5972 274 1117 954 1363 
5973 798 1186 1015 1385 
5974 582 146 115 1224 
5975 1014 1129 785 1294 
5976 1010 1212 830 1329 
5977 47 59 48 947 
5978 764 982 1034 1164 
5979 494 439 383 970 
5980 641 752 1099 1372 
5981 999 879 1222 1457 
5982 386 237 429 1358 
5983 75 74 216 968 
5984 204 1049 206 1260 
5985 852 1294 1014 1445 
5986 2 33 25 1025 
5987 850 1206 1082 1389 
5988 905 1058 1233 1414 
5989 275 274 954 1363 
5990 792 943 1270 1392 
5991 801 1139 1280 1358 
5992 111 1307 974 1431 
5993 778 1270 943 1284 
5994 805 1283 957 1312 
5995 1130 1277 944 1345 
5996 152 1016 662 1261 
5997 498 1014 749 1294 
5998 63 56 64 1413 
5999 908 817 1134 1451 
6000 849 1316 1188 1384 
6001 767 1035 1369 1443 
6002 39 621 51 909 
6003 323 315 322 1054 
6004 636 1278 426 1449 
6005 781 911 1241 1410 
6006 217 621 697 1061 
6007 773 944 1257 1415 
6008 175 185 584 1185 
6009 978 1094 830 1230 
6010 922 1111 1002 1383 
6011 148 557 150 1028 
6012 1012 1405 1097 1428 
6013 571 403 722 1106 
6014 811 923 1135 1286 
6015 175 184 185 1185 
6016 931 799 1054 1219 
6017 1108 1217 874 1257 
6018 12 24 525 1342 
6019 66 1176 65 1407 
6020 959 1123 822 1231 
6021 856 1078 1170 1324 
6022 54 57 60 1093 
6023 159 160 161 1127 
6024 890 1198 859 1203 
6025 194 1267 691 1356 
6026 781 901 1253 1456 
6027 1023 1091 819 1354 
6028 628 707 1083 1228 
6029 71 73 550 1247 
6030 662 1016 567 1340 
6031 309 991 320 1405 
6032 497 467 1044 1225 
6033 570 151 134 1064 
6034 316 463 728 1363 
6035 616 1118 529 1319 
6036 829 1301 1018 1446 
6037 910 1217 804 1387 
6038 666 1317 1235 1425 
6039 547 1007 172 1262 
6040 355 327 594 1085 
6041 930 1221 1090 1396 
6042 790 915 1123 1339 
6043 231 175 584 1185 
6044 822 959 1231 1409 
6045 944 1241 911 1410 
6046 916 1159 1045 1440 
6047 735 412 462 1053 
6048 456 1175 648 1317 
6049 1115 1120 1025 1378 
6050 576 664 575 1081 
6051 494 508 439 970 
6052 832 1265 1014 1357 
6053 777 1328 984 1451 
6054 947 1155 839 1379 
6055 329 328 323 1054 
6056 789 1090 1221 1396 
6057 835 1195 884 1303 
6058 707 530 481 1228 
6059 456 485 648 1175 
6060 799 1038 971 1195 
6061 843 1072 1009 1186 
6062 385 421 675 1087 
6063 216 667 75 1126 
6064 514 994 1226 1299 
6065 275 274 276 954 
6066 399 1341 398 1404 
6067 675 604 385 1087 
6068 534 1114 65 1448 
6069 40 36 616 1118 
6070 895 851 1304 1346 
6071 774 1009 995 1280 
6072 758 1082 1096 1223 
6073 538 223 492 998 
6074 985 1084 801 1274 
6075 762 987 1095 1245 
6076 751 630 1197 1275 
6077 939 1242 620 1316 
6078 936 1259 1177 1440 
6079 78 474 1076 1287 
6080 784 1143 1018 1338 
6081 425 445 426 971 
6082 1040 1089 796 1228 
6083 144 596 117 996 
6084 895 1092 808 1187 
6085 703 370 1143 1275 
6086 138 170 140 1168 
6087 866 1241 944 1370 
6088 130 1290 983 1331 
6089 812 1336 1174 1419 
6090 806 1178 1167 1282 
6091 903 1262 1007 1375 
6092 779 1335 975 1441 
6093 325 571 310 1157 
6094 202 205 736 1260 
6095 645 729 1178 1282 
6096 518 206 204 1049 
6097 480 479 718 1337 
6098 153 106 94 978 
6099 883 1273 939 1416 
6100 991 1097 787 1405 
6101 876 1121 1048 1388 
6102 385 604 268 1087 
6103 828 948 1252 1393 
6104 531 89 946 1413 
6105 823 1232 1016 1261 
6106 556 111 105 1431 
6107 429 237 562 1358 
6108 1025 1378 1120 1458 
6109 950 1197 825 1275 
6110 461 424 1031 1327 
6111 569 570 133 1064 
6112 126 122 121 1173 
6113 817 1429 984 1451 
6114 761 908 1244 1255 
6115 936 1210 1119 1353 
6116 943 1074 819 1284 
6117 613 99 1190 1448 
6118 815 1073 951 1427 
6119 805 884 1283 1312 
6120 791 1263 917 1374 
6121 328 554 1054 1302 
6122 853 898 1176 1448 
6123 755 1314 919 1394 
6124 228 235 1209 1412 
6125 550 639 96 1010 
6126 1014 852 1357 1426 
6127 433 379 1102 1343 
6128 299 545 1111 1429 
6129 416 372 415 1103 
6130 193 191 189 1356 
6131 929 811 1233 1286 
6132 1064 1173 896 1401 
6133 711 611 259 1295 
6134 680 1046 1196 1356 
6135 359 362 361 1243 
6136 755 919 1210 1394 
6137 812 1255 908 1336 
6138 846 1161 1075 1437 
6139 951 1207 1156 1427 
6140 74 75 73 1247 
6141 1007 1262 809 1375 
6142 781 1241 1370 1410 
6143 155 154 141 985 
6144 72 70 1205 1247 
6145 1079 1231 960 1409 
6146 958 1309 810 1349 
6147 773 1376 920 1408 
6148 767 1266 1361 1369 
6149 1000 1295 562 1358 
6150 765 1159 916 1440 
6151 321 548 619 1194 
6152 96 532 1140 1279 
6153 772 916 1202 1411 
6154 834 1033 1054 1335 
6155 797 1131 932 1296 
6156 702 647 387 1302 
6157 984 1429 954 1451 
6158 468 665 486 1426 
6159 877 1139 1032 1280 
6160 779 1052 1335 1359 
6161 399 754 593 1341 
6162 674 389 738 973 
6163 858 1045 1400 1430 
6164 937 1089 850 1269 
6165 967 854 1026 1442 
6166 422 1006 604 1327 
6167 776 967 1401 1420 
6168 904 1241 983 1290 
6169 811 1256 905 1414 
6170 841 923 1135 1276 
6171 610 537 717 1069 
6172 672 656 1037 1312 
6173 791 1182 917 1263 
6174 1093 853 1407 1434 
6175 1062 1393 1161 1437 
6176 26 47 744 1025 
6177 960 907 1162 1453 
6178 703 1143 365 1365 
6179 758 1123 915 1339 
6180 671 353 354 1071 
6181 836 1216 1416 1418 
6182 958 1149 810 1254 
6183 491 662 207 1261 
6184 191 1267 940 1356 
6185 1015 883 1188 1385 
6186 920 1397 892 1408 
6187 975 1441 900 1454 
6188 882 1212 1010 1329 
6189 201 690 649 1224 
6190 757 1108 1003 1227 
6191 559 106 153 978 
6192 1158 1386 827 1435 
6193 1015 1186 883 1385 
6194 777 1323 1002 1328 
6195 433 1102 740 1343 
6196 946 1093 853 1407 
6197 495 254 249 1242 
6198 957 1191 805 1312 
6199 779 1335 1033 1359 
6200 120 598 116 1292 
6201 799 1219 931 1386 
6202 959 1298 1047 1457 
6203 964 1114 891 1369 
6204 790 1298 1222 1457 
6205 80 520 8 1322 
6206 782 1125 1417 1459 
6207 774 1072 988 1378 
6208 58 1118 616 1319 
6209 170 638 679 1168 
6210 282 253 1048 1121 
6211 453 82 657 1146 
6212 830 1214 978 1230 
6213 991 1220 899 1235 
6214 663 103 683 992 
6215 342 1149 345 1254 
6216 374 415 372 1237 
6217 899 1220 816 1235 
6218 95 69 1176 1448 
6219 808 895 1187 1205 
6220 989 1372 875 1428 
6221 791 933 1263 1374 
6222 404 1273 240 1403 
6223 258 260 259 1015 
6224 841 1135 953 1276 
6225 417 620 704 1242 
6226 904 1251 920 1376 
6227 765 1058 1233 1318 
6228 501 1004 83 1313 
6229 271 260 272 1117 
6230 1155 1361 891 1369 
6231 1014 1294 852 1426 
6232 343 229 251 1121 
6233 859 1049 1198 1227 
6234 791 910 1184 1324 
6235 895 857 1187 1319 
6236 377 1406 1036 1423 
6237 444 256 1112 1169 
6238 789 1122 1121 1267 
6239 54 53 55 1258 
6240 269 604 574 1006 
6241 746 592 430 1069 
6242 760 1236 927 1288 
6243 849 1188 1383 1384 
6244 806 907 1162 1325 
6245 924 1417 1125 1459 
6246 711 442 429 1364 
6247 190 227 524 1122 
6248 541 542 1029 1238 
6249 795 1244 990 1409 
6250 168 161 624 1127 
6251 232 492 460 998 
6252 949 1258 56 1300 
6253 814 999 1222 1298 
6254 945 1210 965 1218 
6255 831 1232 1016 1367 
6256 486 665 749 1426 
6257 797 1138 982 1452 
6258 768 1079 960 1453 
6259 831 1027 1168 1433 
6260 1049 1251 824 1260 
6261 716 663 214 1332 
6262 91 94 104 1094 
6263 293 1191 292 1436 
6264 578 395 472 1076 
6265 1003 1108 824 1227 
6266 407 427 406 977 
6267 755 1210 1047 1218 
6268 33 25 1025 1268 
6269 152 598 662 1016 
6270 901 1271 844 1456 
6271 974 1165 845 1307 
6272 178 1020 177 1331 
6273 1100 1220 916 1315 
6274 964 891 1361 1369 
6275 375 331 619 1237 
6276 869 979 1093 1459 
6277 410 576 575 1150 
6278 969 1144 851 1344 
6279 243 561 236 1403 
6280 109 143 606 1230 
6281 1006 1087 793 1213 
6282 228 1209 1007 1412 
6283 749 498 629 1014 
6284 703 1275 1143 1365 
6285 387 330 593 1302 
6286 583 1027 126 1291 
6287 778 1021 1137 1270 
6288 938 1220 991 1235 
6289 805 1191 957 1402 
6290 1084 1299 239 1403 
6291 910 1184 1088 1297 
6292 1016 1200 823 1261 
6293 935 1391 1142 1411 
6294 680 1196 211 1356 
6295 328 554 315 1054 
6296 831 1234 985 1274 
6297 831 1292 1016 1340 
6298 819 970 1284 1354 
6299 448 1048 282 1388 
6300 792 1101 966 1308 
6301 103 992 663 1431 
6302 174 150 557 1203 
6303 957 1283 884 1312 
6304 868 1349 1159 1414 
6305 706 453 457 1146 
6306 953 1135 923 1276 
6307 756 1193 1124 1393 
6308 925 1192 810 1306 
6309 647 553 554 1362 
6310 366 365 367 1143 
6311 758 1082 1073 1206 
6312 994 1216 836 1418 
6313 822 1119 959 1409 
6314 123 124 118 1153 
6315 333 340 341 1149 
6316 795 919 1119 1314 
6317 228 172 547 1007 
6318 813 1201 978 1214 
6319 827 1075 1158 1435 
6320 769 933 1171 1263 
6321 795 1174 1244 1289 
6322 528 745 651 1205 
6323 920 1251 824 1376 
6324 134 126 1173 1291 
6325 426 380 425 971 
6326 924 1125 796 1459 
6327 827 1071 1002 1328 
6328 887 1259 1079 1430 
6329 965 1218 1210 1394 
6330 555 301 300 1372 
6331 791 1078 1124 1374 
6332 1037 672 1312 1436 
6333 350 1188 255 1316 
6334 587 196 167 1246 
6335 1049 1260 859 1450 
6336 132 551 118 1153 
6337 474 578 472 1076 
6338 850 1082 1096 1389 
6339 211 1356 1196 1444 
6340 519 131 183 1290 
6341 836 1216 939 1416 
6342 613 477 99 1448 
6343 63 531 1258 1413 
6344 774 966 1101 1308 
6345 577 1068 642 1243 
6346 300 297 302 989 
6347 202 196 203 1060 
6348 682 1017 605 1204 
6349 655 616 32 1118 
6350 810 1149 1012 1192 
6351 689 601 549 1423 
6352 1071 1341 827 1404 
6353 831 985 1141 1274 
6354 975 1052 799 1335 
6355 740 993 435 1343 
6356 475 98 1032 1268 
6357 526 473 411 1256 
6358 847 1216 994 1421 
6359 228 235 234 1209 
6360 468 1061 470 1426 
6361 795 990 1314 1409 
6362 550 639 1010 1329 
6363 935 1103 899 1425 
6364 28 1083 489 1322 
6365 900 1441 1102 1454 
6366 734 296 289 1282 
6367 841 1118 923 1276 
6368 55 57 54 1258 
6369 486 749 1357 1426 
6370 652 1020 178 1326 
6371 946 782 1258 1399 
6372 257 250 261 1249 
6373 1058 1142 863 1411 
6374 955 1336 1328 1435 
6375 811 1144 923 1286 
6376 840 1006 1065 1371 
6377 961 871 1087 1398 
6378 833 1130 1005 1310 
6379 1025 1115 4 1381 
6380 90 1279 1145 1332 
6381 191 192 190 1267 
6382 1149 1192 810 1254 
6383 1032 1280 1139 1358 
6384 472 473 78 1076 
6385 209 224 185 1057 
6386 828 1252 1164 1272 
6387 223 465 76 1444 
6388 1027 1173 126 1291 
6389 628 707 28 1083 
6390 547 546 228 1007 
6391 828 1252 1152 1393 
6392 931 1158 942 1302 
6393 795 990 1244 1314 
6394 826 1083 937 1322 
6395 32 616 36 1118 
6396 397 345 578 958 
6397 422 604 675 1327 
6398 848 1193 1174 1419 
6399 161 160 624 1127 
6400 281 283 280 1128 
6401 461 1053 413 1327 
6402 1002 1323 827 1328 
6403 765 1045 1159 1440 
6404 282 1048 448 1360 
6405 682 677 605 1017 
6406 769 1171 1132 1263 
6407 296 1167 729 1282 
6408 661 1198 589 1450 
6409 1245 1311 1155 1443 
6410 972 1316 849 1384 
6411 1049 1198 661 1450 
6412 503 751 630 1197 
6413 56 527 631 1300 
6414 839 1120 966 1458 
6415 248 247 244 1273 
6416 756 1124 933 1393 
6417 461 424 684 1031 
6418 782 946 1160 1399 
6419 795 1244 1174 1314 
6420 411 473 472 1076 
6421 112 1200 114 1348 
6422 500 1112 256 1169 
6423 134 126 133 1173 
6424 963 1165 974 1307 
6425 867 1214 1056 1415 
6426 778 943 1120 1284 
6427 312 311 313 1033 
6428 431 264 1019 1320 
6429 934 1283 980 1289 
6430 813 1214 1215 1277 
6431 290 292 1191 1312 
6432 772 1315 916 1411 
6433 843 1280 1032 1358 
6434 663 992 1145 1431 
6435 65 61 1407 1434 
6436 963 845 1165 1307 
6437 937 1206 850 1389 
6438 807 1155 1245 1311 
6439 909 1426 1061 1445 
6440 552 431 264 1019 
6441 213 1246 166 1397 
6442 799 971 1133 1195 
6443 973 1206 850 1269 
6444 794 1169 1030 1242 
6445 845 974 1307 1431 
6446 852 1215 1130 1225 
6447 839 1155 947 1458 
6448 290 295 292 1312 
6449 483 740 1102 1406 
6450 462 461 708 1053 
6451 1174 1244 990 1314 
6452 810 958 1254 1309 
6453 603 1059 988 1364 
6454 739 224 182 1326 
6455 433 379 405 1102 
6456 931 1302 942 1341 
6457 813 1130 1215 1225 
6458 842 993 1102 1454 
6459 809 1203 1028 1262 
6460 797 1048 1138 1452 
6461 1143 1275 825 1365 
6462 625 724 163 1379 
6463 602 475 386 1032 
6464 368 1018 599 1455 
6465 827 1386 1328 1435 
6466 1011 1186 798 1385 
6467 454 453 935 1425 
6468 583 122 126 1027 
6469 741 1285 354 1449 
6470 457 1103 449 1388 
6471 421 385 419 1087 
6472 959 860 1368 1409 
6473 452 299 545 1111 
6474 782 1125 1001 1417 
6475 297 293 292 1436 
6476 460 998 1 1146 
6477 494 383 522 1301 
6478 807 947 1311 1334 
6479 380 334 378 1038 
6480 1108 1110 824 1376 
6481 795 1119 1079 1409 
6482 469 153 697 1061 
6483 865 1166 1069 1189 
6484 83 501 6 1004 
6485 250 246 575 1347 
6486 786 1096 1082 1223 
6487 189 188 187 1271 
6488 807 1245 1155 1443 
6489 862 976 1424 1438 
6490 602 1032 386 1364 
6491 1013 1184 828 1394 
6492 984 817 1134 1238 
6493 249 1030 245 1347 
6494 755 1013 1314 1394 
6495 552 264 267 1019 
6496 733 451 452 1111 
6497 56 55 53 1258 
6498 1036 821 1237 1423 
6499 565 358 348 962 
6500 822 1079 1119 1409 
6501 217 51 621 1126 
6502 101 1098 199 1240 
6503 166 161 168 1127 
6504 451 450 400 1002 
6505 558 349 750 1091 
6506 350 265 1188 1383 
6507 980 1080 934 1289 
6508 260 270 259 1015 
6509 813 996 1345 1422 
6510 418 417 704 1242 
6511 687 465 466 1005 
6512 939 1216 1163 1416 
6513 599 1018 369 1446 
6514 1176 1407 853 1448 
6515 757 1199 1227 1281 
6516 826 1109 964 1337 
6517 454 416 453 1425 
6518 937 850 1206 1269 
6519 797 1085 1211 1360 
6520 831 1016 1292 1367 
6521 816 1159 938 1220 
6522 1002 1071 827 1404 
6523 1171 1263 917 1421 
6524 912 1263 1132 1421 
6525 21 22 629 1014 
6526 868 1051 1349 1414 
6527 809 1185 1203 1262 
6528 1001 1236 888 1417 
6529 795 1314 1119 1409 
6530 689 993 392 1423 
6531 852 1215 1061 1445 
6532 284 281 541 1238 
6533 615 319 564 1012 
6534 977 1178 806 1325 
6535 77 455 20 1129 
6536 454 935 657 1425 
6537 816 1159 1220 1411 
6538 916 1220 1159 1411 
6539 934 771 1283 1289 
6540 1088 1184 862 1297 
6541 577 642 389 1243 
6542 765 1233 1177 1318 
6543 417 620 1242 1316 
6544 53 56 1258 1300 
6545 250 257 256 1169 
6546 836 1299 1084 1403 
6547 348 962 358 1351 
6548 611 247 252 1295 
6549 763 1181 945 1264 
6550 74 72 88 1247 
6551 965 828 1184 1394 
6552 857 1187 1125 1305 
6553 939 1216 836 1226 
6554 837 1055 1160 1399 
6555 766 1009 1186 1366 
6556 26 1025 744 1381 
6557 301 705 752 1372 
6558 375 376 374 1237 
6559 174 184 175 1185 
6560 632 570 205 1260 
6561 819 1120 943 1284 
6562 2 3 33 1025 
6563 990 1170 812 1314 
6564 942 1158 834 1302 
6565 72 71 70 1247 
6566 980 1283 771 1289 
6567 1061 1426 852 1445 
6568 198 200 199 1098 
6569 783 1352 986 1390 
6570 919 1350 1080 1353 
6571 166 162 161 1127 
6572 342 564 333 1149 
6573 404 1226 517 1273 
6574 52 530 210 1228 
6575 661 518 519 1049 
6576 152 1261 600 1348 
6577 816 1142 1058 1411 
6578 716 90 1145 1332 
6579 478 86 1114 1434 
6580 794 933 1171 1437 
6581 175 231 173 1185 
6582 842 1250 1102 1406 
6583 194 223 691 1267 
6584 92 95 69 1176 
6585 450 1002 351 1384 
6586 198 1098 97 1334 
6587 268 384 385 1087 
6588 436 656 434 1037 
6589 316 610 717 1166 
6590 550 96 71 1010 
6591 194 1356 211 1444 
6592 949 1258 782 1399 
6593 1123 1223 822 1231 
6594 306 317 310 1157 
6595 856 999 1113 1324 
6596 604 422 574 1006 
6597 775 952 1182 1418 
6598 662 598 567 1016 
6599 835 1303 1037 1343 
6600 747 399 398 1404 
6601 1009 843 1186 1366 
6602 337 353 398 1341 
6603 476 41 42 1248 
6604 843 1358 1032 1364 
6605 939 1030 1216 1226 
6606 668 1042 513 1147 
6607 17 1144 16 1287 
6608 814 1298 927 1387 
6609 1124 1336 812 1419 
6610 41 31 42 1248 
6611 960 1330 1162 1427 
6612 723 985 1240 1439 
6613 935 1321 1142 1391 
6614 832 1142 1321 1391 
6615 859 1227 1199 1281 
6616 96 532 68 1140 
6617 755 1210 1218 1394 
6618 57 55 531 1258 
6619 805 1283 934 1402 
6620 939 1273 836 1416 
6621 228 1007 546 1412 
6622 285 287 645 1282 
6623 246 410 575 1347 
6624 1220 1315 899 1411 
6625 680 193 1046 1356 
6626 223 1356 194 1444 
6627 455 456 458 1317 
6628 487 296 734 1167 
6629 185 1057 226 1447 
6630 820 1133 955 1386 
6631 781 1253 981 1456 
6632 804 927 1218 1387 
6633 76 1265 1005 1357 
6634 433 483 740 1102 
6635 541 543 542 1238 
6636 282 251 233 1121 
6637 646 742 589 1450 
6638 614 680 193 1046 
6639 807 947 1155 1311 
6640 83 5 508 1004 
6641 97 1098 101 1334 
6642 1132 1263 1171 1421 
6643 358 566 577 1068 
6644 812 1170 1013 1314 
6645 1033 1335 834 1359 
6646 856 1170 999 1324 
6647 837 1332 1140 1413 
6648 1131 842 1441 1454 
6649 436 1037 434 1343 
6650 825 1275 1197 1365 
6651 679 234 696 1209 
6652 48 33 47 1268 
6653 801 1179 952 1274 
6654 763 1181 1264 1277 
6655 468 469 470 1061 
6656 838 1253 983 1331 
6657 114 152 600 1348 
6658 768 960 1162 1453 
6659 832 1014 1265 1321 
6660 684 225 535 1031 
6661 443 1384 972 1404 
6662 878 1178 977 1325 
6663 774 1308 1072 1378 
6664 561 1000 562 1358 
6665 847 1007 1132 1375 
6666 847 1132 1171 1421 
6667 103 556 105 1431 
6668 531 635 62 1407 
6669 816 1235 1317 1425 
6670 939 1226 836 1273 
6671 377 1036 375 1423 
6672 777 1328 955 1336 
6673 269 277 267 1213 
6674 1119 1210 919 1353 
6675 363 366 595 1207 
6676 110 109 106 1230 
6677 48 93 98 1268 
6678 853 1105 1035 1369 
6679 1018 1446 599 1455 
6680 212 194 211 1444 
6681 63 531 55 1258 
6682 537 447 753 1455 
6683 444 495 256 1169 
6684 16 17 29 1144 
6685 1196 1356 1046 1370 
6686 833 1044 1130 1345 
6687 764 981 1272 1424 
6688 1079 1259 858 1430 
6689 90 215 716 1145 
6690 871 976 1398 1438 
6691 512 513 668 1042 
6692 779 1359 921 1371 
6693 790 1236 1001 1417 
6694 889 1336 1124 1419 
6695 933 1062 1171 1437 
6696 999 1222 1298 1457 
6697 879 1222 1104 1395 
6698 390 670 376 1211 
6699 820 1285 1071 1328 
6700 816 1220 938 1235 
6701 756 1158 1075 1435 
6702 298 1029 445 1183 
6703 613 163 724 1190 
6704 444 443 418 972 
6705 813 1345 996 1415 
6706 952 1141 801 1274 
6707 136 680 614 1046 
6708 56 63 55 1258 
6709 929 803 1318 1390 
6710 813 1345 1044 1422 
6711 814 927 1288 1387 
6712 61 1093 1407 1434 
6713 524 230 188 1271 
6714 404 244 240 1273 
6715 833 1356 1196 1370 
6716 236 1084 239 1403 
6717 671 452 400 1071 
6718 1051 1076 811 1414 
6719 766 1186 1011 1385 
6720 481 718 707 1083 
6721 652 178 182 1326 
6722 173 547 172 1262 
6723 992 1145 837 1332 
6724 462 412 413 1053 
6725 989 805 1191 1436 
6726 31 482 42 1109 
6727 740 392 689 993 
6728 644 564 563 1192 
6729 298 445 726 1183 
6730 837 1279 1140 1332 
6731 282 393 1048 1360 
6732 1102 1441 842 1454 
6733 217 697 667 1126 
6734 836 1226 1299 1403 
6735 207 662 713 1439 
6736 78 474 472 1076 
6737 215 1145 90 1279 
6738 963 823 1200 1348 
6739 489 1322 1083 1337 
6740 466 467 468 1225 
6741 948 756 1161 1393 
6742 765 1233 1058 1414 
6743 1336 1419 889 1435 
6744 192 227 190 1122 
6745 952 1274 1179 1418 
6746 1045 1306 810 1400 
6747 839 966 1155 1458 
6748 384 419 385 1087 
6749 766 1179 1009 1366 
6750 854 1151 1077 1442 
6751 1182 1418 917 1421 
6752 802 1367 1173 1401 
6753 43 525 24 1040 
6754 918 829 1301 1338 
6755 680 211 193 1356 
6756 64 1140 67 1413 
6757 767 1266 1050 1361 
6758 622 493 658 1251 
6759 31 41 34 1248 
6760 4 1025 3 1355 
6761 805 957 1283 1402 
6762 229 227 192 1122 
6763 703 504 370 1275 
6764 1138 1221 876 1391 
6765 768 1162 960 1330 
6766 1043 1206 937 1389 
6767 534 477 1114 1448 
6768 225 1039 739 1326 
6769 79 626 513 1042 
6770 475 712 98 1268 
6771 775 1418 1182 1421 
6772 843 1295 1000 1358 
6773 151 632 646 1450 
6774 811 1144 969 1256 
6775 17 1256 1144 1287 
6776 138 122 583 1027 
6777 329 1219 636 1278 
6778 725 177 652 1020 
6779 24 40 43 1040 
6780 436 672 656 1037 
6781 820 1278 1071 1285 
6782 381 599 369 1446 
6783 929 1318 986 1390 
6784 551 737 143 1397 
6785 470 1061 621 1426 
6786 753 599 1446 1455 
6787 1002 1384 450 1404 
6788 885 1173 1367 1401 
6789 292 1312 295 1436 
6790 859 1260 1064 1450 
6791 768 934 1432 1453 
6792 86 65 534 1114 
6793 588 183 725 1198 
6794 89 214 635 1332 
6795 785 986 1148 1445 
6796 997 1142 935 1321 
6797 5 1004 6 1381 
6798 369 599 368 1018 
6799 27 1129 20 1294 
6800 651 72 70 1205 
6801 717 592 746 1069 
6802 846 1112 942 1320 
6803 558 464 603 1059 
6804 354 1285 1278 1449 
6805 918 1301 970 1313 
6806 490 496 29 1144 
6807 21 629 498 1014 
6808 903 1007 1209 1375 
6809 836 1273 1226 1403 
6810 475 98 219 1032 
6811 473 1256 17 1287 
6812 490 45 496 1344 
6813 976 769 1398 1438 
6814 970 819 1115 1354 
6815 984 1111 954 1429 
6816 548 305 549 1194 
6817 121 122 120 1292 
6818 351 450 451 1002 
6819 351 1002 451 1383 
6820 359 1243 1156 1351 
6821 252 255 258 1188 
6822 715 565 408 1147 
6823 837 1160 946 1399 
6824 846 1062 1161 1437 
6825 801 1141 985 1274 
6826 377 392 1406 1423 
6827 518 204 493 1251 
6828 386 1032 219 1358 
6829 904 983 1241 1293 
6830 1051 1309 958 1349 
6831 436 672 1037 1436 
6832 957 1191 897 1402 
6833 273 1117 274 1363 
6834 28 489 9 1322 
6835 967 1151 854 1442 
6836 150 174 173 1262 
6837 837 1140 1399 1413 
6838 1088 1217 910 1297 
6839 499 22 21 1321 
6840 546 1150 410 1412 
6841 478 86 700 1114 
6842 1168 1234 831 1433 
6843 212 211 1196 1444 
6844 982 1138 930 1396 
6845 694 1246 213 1397 
6846 837 1399 1332 1413 
6847 265 539 1188 1383 
6848 154 985 723 1439 
6849 763 1264 944 1277 
6850 176 178 177 1331 
6851 811 1076 1256 1414 
6852 751 388 630 1365 
6853 764 1180 981 1424 
6854 12 11 521 1089 
6855 89 1332 946 1413 
6856 790 1104 1222 1417 
6857 847 1150 1007 1412 
6858 1044 1130 813 1225 
6859 592 1069 753 1446 
6860 82 1265 22 1321 
6861 967 1401 1367 1442 
6862 453 657 454 935 
6863 636 579 426 1219 
6864 308 303 1097 1428 
6865 76 1005 687 1357 
6866 502 504 503 1275 
6867 436 609 672 1436 
6868 471 226 224 1057 
6869 1 998 76 1265 
6870 604 269 268 1213 
6871 1002 1383 351 1384 
6872 290 660 295 1312 
6873 325 317 327 1157 
6874 141 139 1234 1340 
6875 586 213 166 1397 
6876 198 101 97 1098 
6877 464 509 617 1354 
6878 335 378 334 1038 
6879 175 173 174 1185 
6880 262 261 591 1249 
6881 557 646 186 1203 
6882 123 996 596 1422 
6883 285 645 536 1178 
6884 1123 1231 959 1368 
6885 586 1107 143 1397 
6886 852 1426 1294 1445 
6887 809 1132 1007 1375 
6888 138 140 139 1234 
6889 795 1079 1432 1453 
6890 89 67 1332 1413 
6891 858 1353 1066 1440 
6892 1066 1353 936 1440 
6893 1064 1173 802 1291 
6894 292 1191 1312 1436 
6895 723 154 155 985 
6896 988 819 1355 1378 
6897 831 1292 1027 1367 
6898 643 563 356 1192 
6899 681 729 296 1167 
6900 559 110 106 1201 
6901 31 6 7 1109 
6902 815 1156 1330 1427 
6903 45 490 35 1344 
6904 341 345 342 1149 
6905 1146 1265 82 1321 
6906 975 1335 900 1441 
6907 650 410 546 1150 
6908 744 1025 4 1381 
6909 303 302 304 1097 
6910 694 737 551 1397 
6911 832 1221 998 1310 
6912 521 84 507 1269 
6913 817 1238 984 1429 
6914 130 131 1290 1331 
6915 183 131 177 1331 
6916 866 1345 996 1422 
6917 185 226 584 1447 
6918 840 1065 1034 1371 
6919 977 878 1325 1455 
6920 348 346 347 1254 
6921 49 46 1248 1379 
6922 704 620 254 1242 
6923 447 1178 428 1455 
6924 977 1178 878 1455 
6925 823 1165 963 1420 
6926 157 165 164 1139 
6927 672 295 656 1312 
6928 33 744 47 1025 
6929 1035 1105 767 1369 
6930 87 496 45 1344 
6931 774 1280 995 1311 
6932 802 1173 1064 1401 
6933 1027 1173 802 1367 
6934 904 1290 983 1293 
6935 852 1061 1215 1225 
6936 11 12 525 1089 
6937 346 342 345 1254 
6938 171 140 170 1168 
6939 67 64 68 1140 
6940 866 1241 983 1293 
6941 441 752 705 1099 
6942 221 497 467 1044 
6943 420 664 732 1081 
6944 400 450 398 1404 
6945 562 561 243 1000 
6946 457 453 449 1103 
6947 430 394 437 1023 
6948 654 1304 627 1346 
6949 957 1282 806 1402 
6950 891 1248 964 1361 
6951 699 722 484 1250 
6952 58 616 529 1319 
6953 119 116 115 1200 
6954 115 114 112 1200 
6955 59 97 93 1334 
6956 454 657 458 1425 
6957 959 1368 1231 1409 
6958 522 731 710 1313 
6959 795 1409 1079 1453 
6960 282 393 251 1048 
6961 250 249 246 1347 
6962 438 1112 500 1320 
6963 587 213 694 1246 
6964 986 1352 929 1390 
6965 870 1330 1156 1427 
6966 441 401 440 1099 
6967 757 1217 1088 1297 
6968 392 993 740 1406 
6969 833 1196 1044 1345 
6970 802 1367 1401 1442 
6971 1114 1369 853 1448 
6972 933 1152 1062 1393 
6973 83 6 5 1004 
6974 1173 1292 885 1367 
6975 842 1102 993 1406 
6976 78 473 17 1287 
6977 642 566 626 1068 
6978 219 1139 165 1358 
6979 14 32 36 1276 
6980 605 95 102 1204 
6981 528 651 631 1205 
6982 254 245 249 1030 
6983 875 1192 1012 1428 
6984 336 354 353 1278 
6985 538 691 223 1267 
6986 922 1015 1188 1385 
6987 286 298 692 1183 
6988 198 97 612 1334 
6989 200 677 682 1017 
6990 964 1248 1109 1361 
6991 516 517 404 1226 
6992 817 984 1134 1451 
6993 862 1272 981 1424 
6994 756 1419 955 1435 
6995 24 13 36 1342 
6996 101 199 488 1240 
6997 244 240 1273 1403 
6998 502 710 731 1313 
6999 784 1086 1021 1338 
7000 1027 1292 1173 1367 
7001 836 1216 994 1226 
7002 292 295 672 1436 
7003 917 1263 1182 1421 
7004 833 1196 1345 1370 
7005 831 985 1234 1340 
7006 237 561 562 1358 
7007 695 747 444 1112 
7008 220 1196 1044 1444 
7009 117 596 123 996 
7010 466 486 687 1357 
7011 475 219 386 1032 
7012 905 1256 1076 1414 
7013 601 619 549 1194 
7014 827 972 1323 1404 
7015 652 177 178 1020 
7016 377 376 375 1036 
7017 832 1321 1146 1391 
7018 935 1146 1321 1391 
7019 995 1280 877 1311 
7020 625 59 47 1379 
7021 522 710 494 1313 
7022 842 1239 993 1454 
7023 464 437 509 1354 
7024 336 329 636 1278 
7025 703 365 388 1365 
7026 304 308 1097 1405 
7027 130 131 129 1290 
7028 823 1261 1200 1348 
7029 186 184 174 1203 
7030 952 1333 1182 1418 
7031 831 1234 1274 1433 
7032 81 1115 4 1355 
7033 944 1345 866 1370 
7034 197 228 234 1209 
7035 601 619 1194 1423 
7036 535 230 461 1031 
7037 636 426 678 1449 
7038 467 673 469 1225 
7039 349 1117 273 1363 
7040 568 133 121 1173 
7041 993 1406 392 1423 
7042 963 1200 823 1420 
7043 573 572 332 1377 
7044 141 154 139 1340 
7045 171 170 679 1168 
7046 222 1240 199 1439 
7047 765 1045 1259 1349 
7048 464 750 437 1091 
7049 955 1328 820 1386 
7050 233 460 743 1121 
7051 838 1020 1253 1331 
7052 823 1382 1165 1420 
7053 8 1322 489 1337 
7054 39 45 35 1344 
7055 60 480 481 1434 
7056 66 683 92 1176 
7057 428 645 729 1178 
7058 768 1022 1400 1432 
7059 510 464 617 1355 
7060 444 256 500 1112 
7061 300 303 555 1428 
7062 768 1400 1430 1432 
7063 437 1023 509 1354 
7064 330 337 593 1341 
7065 595 406 637 1207 
7066 813 1215 1130 1277 
7067 776 1382 967 1420 
7068 143 586 606 1107 
7069 618 448 282 1388 
7070 295 1312 672 1436 
7071 837 946 1332 1399 
7072 132 124 622 1153 
7073 972 849 1323 1384 
7074 461 462 413 1053 
7075 496 627 1304 1346 
7076 819 1120 1115 1378 
7077 339 573 320 1235 
7078 919 1314 1013 1394 
7079 772 1142 1391 1411 
7080 114 116 152 1200 
7081 379 580 378 1303 
7082 134 148 147 1291 
7083 576 732 664 1081 
7084 972 1384 1323 1404 
7085 703 388 1275 1365 
7086 686 1085 719 1360 
7087 220 497 1044 1422 
7088 601 1194 549 1423 
7089 415 449 1103 1388 
7090 624 215 533 1279 
7091 623 295 660 1312 
7092 1062 933 1393 1437 
7093 442 386 429 1364 
7094 1156 1207 870 1427 
7095 220 1044 221 1444 
7096 592 537 753 1069 
7097 75 667 94 1094 
7098 156 239 236 1084 
7099 666 458 1317 1425 
7100 789 1396 1138 1452 
7101 30 23 1 1265 
7102 470 697 621 1061 
7103 680 721 211 1196 
7104 835 1038 1195 1303 
7105 105 107 102 1204 
7106 34 46 26 1381 
7107 520 1197 505 1322 
7108 764 1164 1252 1272 
7109 471 709 421 1039 
7110 716 208 663 1145 
7111 125 127 124 1293 
7112 742 206 661 1450 
7113 765 1349 1051 1414 
7114 838 983 1290 1331 
7115 1025 1355 1115 1378 
7116 813 1130 1044 1345 
7117 88 654 627 1346 
7118 90 89 67 1332 
7119 111 556 1307 1431 
7120 37 32 15 1276 
7121 308 615 303 1428 
7122 647 554 387 1302 
7123 849 1383 1002 1384 
7124 1101 1245 879 1443 
7125 186 589 588 1198 
7126 758 1223 1123 1231 
7127 583 126 147 1291 
7128 31 7 482 1109 
7129 158 159 135 1307 
7130 112 111 135 1307 
7131 606 1107 659 1329 
7132 546 410 242 1412 
7133 1070 1090 789 1396 
7134 864 1090 1070 1396 
7135 307 553 277 1362 
7136 382 371 1301 1446 
7137 217 216 51 1126 
7138 636 678 1278 1449 
7139 572 1175 396 1377 
7140 246 242 410 1347 
7141 522 371 370 1301 
7142 822 1231 1079 1409 
7143 128 129 127 1293 
7144 1323 1384 1002 1404 
7145 163 1190 612 1334 
7146 2 603 988 1364 
7147 765 1051 1233 1414 
7148 400 398 353 1071 
7149 663 1145 208 1431 
7150 847 1375 1132 1421 
7151 447 536 428 1178 
7152 349 271 273 1117 
7153 1306 1400 1045 1430 
7154 491 152 662 1261 
7155 328 330 387 1302 
7156 203 658 493 1251 
7157 258 265 539 1188 
7158 1027 802 1173 1291 
7159 739 225 709 1039 
7160 698 339 666 1235 
7161 1182 1333 917 1418 
7162 332 340 333 1377 
7163 350 351 1383 1384 
7164 359 1156 360 1351 
7165 955 1328 1386 1435 
7166 27 20 498 1294 
7167 1047 1218 927 1298 
7168 369 371 381 1446 
7169 613 99 100 1190 
7170 656 295 623 1312 
7171 836 1226 994 1299 
7172 49 46 41 1248 
7173 233 743 253 1121 
7174 75 91 73 1094 
7175 514 748 515 1299 
7176 827 1323 1002 1404 
7177 1045 858 1259 1430 
7178 866 1345 1196 1370 
7179 576 410 650 1150 
7180 866 1196 1046 1370 
7181 350 255 523 1316 
7182 909 1294 1426 1445 
7183 267 266 268 1213 
7184 633 474 78 1287 
7185 19 77 20 1129 
7186 206 1260 1049 1450 
7187 282 1048 253 1388 
7188 579 329 323 1219 
7189 61 1093 62 1407 
7190 861 1240 985 1439 
7191 670 1211 686 1360 
7192 601 689 392 1423 
7193 274 273 272 1117 
7194 758 1206 1043 1389 
7195 265 255 350 1188 
7196 531 63 89 1413 
7197 1045 1259 858 1440 
7198 741 671 354 1285 
7199 204 205 202 1260 
7200 1115 1355 819 1378 
7201 1075 1323 889 1435 
7202 407 368 599 1455 
7203 805 1037 1312 1436 
7204 753 599 381 1446 
7205 669 668 408 1147 
7206 648 396 572 1175 
7207 461 413 424 1327 
7208 1138 1396 982 1452 
7209 586 168 659 1107 
7210 623 402 580 1303 
7211 682 600 491 1261 
7212 475 25 712 1268 
7213 661 183 589 1198 
7214 270 558 685 1059 
7215 1061 1225 852 1426 
7216 1000 1295 843 1366 
7217 883 1295 1000 1366 
7218 679 197 234 1209 
7219 46 34 41 1248 
7220 220 212 1196 1444 
7221 314 311 571 1106 
7222 802 1077 1151 1442 
7223 914 1274 1234 1433 
7224 328 315 323 1054 
7225 642 577 566 1068 
7226 827 1328 1323 1435 
7227 707 718 28 1083 
7228 1332 1399 946 1413 
7229 459 456 648 1317 
7230 691 1267 191 1356 
7231 203 493 204 1251 
7232 19 20 27 1129 
7233 304 309 308 1405 
7234 955 1419 1336 1435 
7235 324 733 545 1111 
7236 250 256 249 1169 
7237 1002 1323 849 1384 
7238 370 367 703 1143 
7239 813 1277 1130 1345 
7240 682 605 107 1204 
7241 220 221 212 1444 
7242 877 1098 1240 1380 
7243 674 630 388 1365 
7244 445 1029 542 1449 
7245 487 414 681 1167 
7246 730 245 254 1030 
7247 436 434 435 1343 
7248 1 492 76 998 
7249 824 1227 1108 1376 
7250 154 1340 985 1439 
7251 208 215 160 1145 
7252 249 245 246 1347 
7253 751 1275 388 1365 
7254 988 1355 1025 1378 
7255 668 513 715 1147 
7256 34 5 6 1381 
7257 759 1172 1239 1454 
7258 947 1268 1025 1458 
7259 479 42 482 1337 
7260 553 647 552 1362 
7261 438 695 500 1112 
7262 359 361 360 1156 
7263 262 263 257 1249 
7264 1104 1222 879 1457 
7265 699 483 405 1102 
7266 688 585 732 1447 
7267 867 1277 1214 1415 
7268 477 700 534 1114 
7269 207 222 199 1439 
7270 79 513 512 1042 
7271 443 450 1384 1404 
7272 765 1159 1045 1349 
7273 827 1323 1075 1435 
7274 396 648 485 1175 
7275 758 1123 1339 1368 
7276 29 17 490 1144 
7277 661 206 518 1049 
7278 755 1218 1047 1298 
7279 9 520 505 1322 
7280 535 461 684 1031 
7281 598 120 137 1292 
7282 108 112 114 1348 
7283 1051 811 1233 1414 
7284 308 303 304 1097 
7285 1177 1259 765 1440 
7286 528 529 745 1319 
7287 422 413 338 1327 
7288 482 8 489 1337 
7289 446 390 640 1211 
7290 721 220 1196 1422 
7291 359 577 1243 1351 
7292 248 244 517 1273 
7293 292 293 291 1191 
7294 811 1256 1076 1287 
7295 836 1416 1179 1418 
7296 718 489 1083 1337 
7297 431 263 264 1320 
7298 592 717 537 1069 
7299 164 488 723 1240 
7300 206 1049 661 1450 
7301 995 1311 877 1380 
7302 556 158 1307 1431 
7303 802 1281 1077 1442 
7304 218 165 219 1139 
7305 282 233 253 1121 
7306 70 631 651 1205 
7307 180 182 178 1326 
7308 298 541 445 1029 
7309 329 579 636 1219 
7310 711 429 611 1295 
7311 347 346 345 1254 
7312 110 144 117 1201 
7313 601 375 619 1423 
7314 508 1115 81 1354 
7315 644 563 643 1192 
7316 1044 1196 220 1422 
7317 1156 1243 815 1351 
7318 467 469 468 1225 
7319 1214 1277 813 1415 
7320 594 686 355 1085 
7321 861 1240 1098 1380 
7322 612 613 100 1190 
7323 246 245 242 1347 
7324 718 489 28 1083 
7325 710 502 501 1313 
7326 750 464 558 1091 
7327 917 1418 1216 1421 
7328 946 1399 1258 1413 
7329 476 49 41 1248 
7330 354 678 741 1449 
7331 692 726 432 1183 
7332 484 1250 391 1406 
7333 1162 1330 870 1427 
7334 68 532 67 1140 
7335 1231 1368 860 1409 
7336 1003 1281 802 1442 
7337 158 111 556 1307 
7338 1179 1333 952 1418 
7339 654 655 38 1304 
7340 847 1347 1150 1412 
7341 1245 1311 995 1380 
7342 150 172 149 1262 
7343 388 365 364 1365 
7344 61 60 1093 1434 
7345 96 533 532 1279 
7346 15 14 85 1276 
7347 365 703 367 1143 
7348 278 610 316 1166 
7349 837 1145 1279 1332 
7350 542 445 541 1029 
7351 670 409 448 1360 
7352 45 51 87 1344 
7353 542 1285 741 1449 
7354 283 536 294 1128 
7355 802 1151 1367 1442 
7356 309 320 318 1405 
7357 805 1312 1191 1436 
7358 859 1198 1049 1450 
7359 686 594 719 1085 
7360 807 1311 1245 1380 
7361 406 595 366 1207 
7362 1083 1322 826 1337 
7363 534 65 69 1448 
7364 666 1235 339 1425 
7365 220 497 221 1044 
7366 404 517 244 1273 
7367 449 453 416 1103 
7368 506 738 507 1269 
7369 280 283 294 1128 
7370 452 545 733 1111 
7371 61 62 65 1407 
7372 1044 1196 833 1444 
7373 776 1165 1382 1420 
7374 137 120 122 1292 
7375 188 181 187 1271 
7376 373 360 361 1156 
7377 103 663 556 1431 
7378 232 460 233 1121 
7379 487 681 296 1167 
7380 66 92 69 1176 
7381 418 704 495 1242 
7382 645 296 729 1282 
7383 109 104 106 1230 
7384 157 156 236 1084 
7385 45 39 51 1344 
7386 508 81 439 1354 
7387 556 208 158 1431 
7388 562 247 611 1295 
7389 416 415 449 1103 
7390 328 387 554 1302 
7391 382 381 371 1446 
7392 433 405 483 1102 
7393 62 61 57 1093 
7394 83 494 710 1313 
7395 540 141 140 1234 
7396 325 310 317 1157 
7397 409 719 393 1360 
7398 723 1240 222 1439 
7399 743 457 253 1388 
7400 224 226 185 1057 
7401 339 698 573 1235 
7402 768 1432 1079 1453 
7403 217 667 216 1126 
7404 1144 1256 811 1287 
7405 350 351 265 1383 
7406 441 440 752 1099 
7407 144 559 673 1201 
7408 632 1260 206 1450 
7409 82 706 511 1146 
7410 751 703 388 1275 
7411 758 1231 1123 1368 
7412 216 653 87 1346 
7413 357 348 358 1351 
7414 640 391 484 1250 
7415 391 377 392 1406 
7416 765 1259 1045 1440 
7417 291 290 292 1191 
7418 240 236 239 1403 
7419 280 610 278 1166 
7420 271 272 273 1117 
7421 967 1367 1151 1442 
7422 181 188 230 1271 
7423 544 452 671 1285 
7424 506 84 505 1269 
7425 275 273 274 1363 
7426 1258 1399 949 1413 
7427 1124 1193 756 1419 
7428 628 210 707 1228 
7429 927 1298 1218 1387 
7430 534 99 477 1448 
7431 511 1146 1 1265 
7432 514 730 516 1226 
7433 606 659 169 1329 
7434 279 543 1238 1429 
7435 187 179 608 1208 
7436 81 1354 1115 1355 
7437 126 121 133 1173 
7438 4 744 3 1025 
7439 107 108 600 1348 
7440 944 1345 1277 1415 
7441 13 12 79 1342 
7442 495 704 254 1242 
7443 124 132 118 1153 
7444 378 580 402 1303 
7445 567 137 139 1340 
7446 802 1401 1003 1442 
7447 511 460 1 1146 
7448 509 1023 394 1354 
7449 381 592 753 1446 
7450 790 1222 1104 1457 
7451 666 454 458 1425 
7452 308 318 319 1405 
7453 104 109 606 1230 
7454 625 49 724 1379 
7455 235 242 241 1412 
7456 163 613 612 1190 
7457 357 359 360 1351 
7458 670 686 409 1360 
7459 341 342 333 1149 
7460 649 690 146 1224 
7461 57 61 60 1093 
7462 123 596 145 1422 
7463 458 459 666 1317 
7464 44 1294 749 1426 
7465 495 249 256 1169 
7466 211 220 212 1196 
7467 586 659 606 1107 
7468 721 145 220 1422 
7469 65 86 61 1434 
7470 526 18 473 1256 
7471 552 277 553 1362 
7472 237 386 219 1358 
7473 496 87 627 1346 
7474 433 434 379 1343 
7475 707 210 530 1228 
7476 394 509 437 1023 
7477 134 147 126 1291 
7478 914 1234 1168 1433 
7479 640 722 403 1250 
7480 88 627 653 1346 
7481 205 206 632 1260 
7482 649 146 582 1224 
7483 74 73 72 1247 
7484 671 400 353 1071 
7485 694 213 737 1397 
7486 768 1430 1079 1432 
7487 470 469 697 1061 
7488 1277 1345 813 1415 
7489 263 438 500 1320 
7490 1278 1285 820 1449 
7491 27 44 39 1294 
7492 390 376 377 1036 
7493 383 382 371 1301 
7494 471 739 709 1039 
7495 614 187 608 1208 
7496 82 23 22 1265 
7497 293 300 301 1372 
7498 710 501 83 1313 
7499 372 331 374 1237 
7500 58 528 527 1319 
7501 534 700 86 1114 
7502 59 163 97 1334 
7503 866 1196 1345 1422 
7504 381 382 592 1446 
7505 352 443 450 1384 
7506 125 607 128 1293 
7507 486 749 629 1357 
7508 641 301 752 1372 
7509 751 503 504 1275 
7510 544 741 542 1285 
7511 415 618 449 1388 
7512 154 713 1340 1439 
7513 550 169 639 1329 
7514 523 620 417 1316 
7515 687 76 465 1005 
7516 186 174 557 1203 
7517 314 571 722 1106 
7518 1196 1356 833 1444 
7519 48 98 712 1268 
7520 278 276 279 1429 
7521 101 198 199 1098 
7522 916 1315 1220 1411 
7523 1044 1345 1196 1422 
7524 244 243 240 1403 
7525 670 446 686 1211 
7526 316 728 275 1363 
7527 337 398 399 1341 
7528 91 75 94 1094 
7529 588 589 183 1198 
7530 17 473 18 1256 
7531 532 215 90 1279 
7532 549 619 548 1194 
7533 634 351 451 1383 
7534 359 358 577 1351 
7535 354 1278 678 1449 
7536 488 199 222 1240 
7537 50 527 53 1300 
7538 603 685 1059 1364 
7539 192 191 691 1267 
7540 678 426 445 1449 
7541 64 67 63 1413 
7542 81 4 3 1355 
7543 1079 1430 858 1432 
7544 659 727 639 1329 
7545 491 600 152 1261 
7546 265 634 539 1383 
7547 262 257 261 1249 
7548 289 296 287 1282 
7549 586 143 737 1397 
7550 499 657 82 1321 
7551 71 72 73 1247 
7552 538 232 192 1267 
7553 38 496 627 1304 
7554 9 489 8 1322 
7555 205 204 206 1260 
7556 617 1354 81 1355 
7557 268 269 267 1213 
7558 1155 1311 947 1458 
7559 949 1399 1140 1413 
7560 154 713 567 1340 
7561 465 212 221 1444 
7562 728 349 273 1363 
7563 225 182 180 1326 
7564 69 95 99 1448 
7565 78 17 16 1287 
7566 509 394 439 1354 
7567 16 633 78 1287 
7568 832 1265 1146 1321 
7569 377 601 392 1423 
7570 279 543 281 1238 
7571 2 602 603 1364 
7572 520 503 630 1197 
7573 1115 1354 819 1355 
7574 447 428 407 1455 
7575 354 636 678 1278 
7576 766 1179 1366 1416 
7577 715 408 668 1147 
7578 706 457 511 1146 
7579 663 208 556 1431 
7580 142 129 519 1290 
7581 577 389 362 1243 
7582 483 392 740 1406 
7583 237 165 561 1358 
7584 115 116 114 1200 
7585 340 572 396 1377 
7586 167 166 213 1246 
7587 716 215 208 1145 
7588 359 577 362 1243 
7589 13 24 12 1342 
7590 228 546 235 1412 
7591 163 612 97 1334 
7592 416 454 597 1425 
7593 609 297 672 1436 
7594 431 702 438 1320 
7595 499 82 22 1321 
7596 433 740 435 1343 
7597 293 301 641 1372 
7598 720 515 239 1299 
7599 225 739 182 1326 
7600 686 719 409 1360 
7601 194 191 193 1356 
7602 172 150 173 1262 
7603 220 596 497 1422 
7604 265 258 255 1188 
7605 587 167 213 1246 
7606 500 695 444 1112 
7607 593 337 399 1341 
7608 674 388 364 1365 
7609 562 611 429 1295 
7610 102 107 605 1204 
7611 645 428 536 1178 
7612 53 527 56 1300 
7613 723 488 222 1240 
7614 586 737 213 1397 
7615 666 339 597 1425 
7616 298 726 692 1183 
7617 375 374 331 1237 
7618 222 154 723 1439 
7619 558 603 685 1059 
7620 665 44 749 1426 
7621 506 507 84 1269 
7622 478 480 86 1434 
7623 508 4 81 1115 
7624 601 377 375 1423 
7625 193 211 194 1356 
7626 352 450 351 1384 
7627 218 164 165 1139 
7628 219 165 237 1358 
7629 22 1265 30 1357 
7630 520 630 505 1197 
7631 46 625 47 1379 
7632 15 32 14 1276 
7633 282 448 409 1360 
7634 226 714 585 1447 
7635 62 635 66 1407 
7636 424 422 675 1327 
7637 615 644 555 1428 
7638 510 617 81 1355 
7639 139 140 141 1234 
7640 514 516 404 1226 
7641 498 749 44 1294 
7642 194 691 191 1356 
7643 130 176 131 1331 
7644 665 468 470 1426 
7645 62 66 65 1407 
7646 470 621 44 1426 
7647 603 442 685 1364 
7648 212 223 194 1444 
7649 1 460 492 998 
7650 89 63 67 1413 
7651 299 276 545 1429 
7652 30 1265 76 1357 
7653 108 114 600 1348 
7654 158 135 111 1307 
7655 529 528 58 1319 
7656 144 110 559 1201 
7657 287 296 645 1282 
7658 33 3 744 1025 
7659 354 336 636 1278 
7660 125 128 127 1293 
7661 629 22 30 1357 
7662 728 273 275 1363 
7663 768 1400 1306 1430 
7664 672 297 292 1436 
7665 670 390 446 1211 
7666 279 299 543 1429 
7667 154 567 139 1340 
7668 48 712 33 1268 
7669 533 215 532 1279 
7670 49 625 46 1379 
7671 145 596 220 1422 
7672 688 584 585 1447 
7673 26 744 4 1381 
7674 9 8 520 1322 
7675 484 391 483 1406 
7676 716 214 90 1332 
7677 519 129 131 1290 
7678 89 90 214 1332 
7679 27 498 44 1294 
7680 445 542 678 1449 
7681 541 281 543 1238 
7682 207 713 222 1439 
7683 243 236 240 1403 
7684 350 352 351 1384 
7685 76 687 30 1357 
7686 747 398 450 1404 
7687 253 457 449 1388 
7688 742 646 632 1450 
7689 222 713 154 1439 
7690 433 435 434 1343 
7691 542 741 678 1449 
7692 640 484 722 1250 
7693 654 38 627 1304 
7694 458 456 459 1317 
7695 383 371 522 1301 
7696 5 34 26 1381 
7697 211 721 220 1196 
7698 33 712 25 1268 
7699 282 409 393 1360 
7700 510 81 3 1355 
7701 350 523 417 1316 
7702 318 308 309 1405 
7703 332 572 340 1377 
7704 470 44 665 1426 
7705 504 703 751 1275 
7706 615 555 303 1428 
7707 233 229 232 1121 
7708 263 431 438 1320 
7709 235 546 242 1412 
7710 169 659 639 1329 
7711 447 599 753 1455 
7712 691 538 192 1267 
7713 442 602 386 1364 
7714 544 671 741 1285 
7715 482 489 479 1337 
7716 131 176 177 1331 
7717 483 391 392 1406 
7718 584 226 585 1447 
7719 748 239 515 1299 
7720 3 2 510 1355 
7721 511 1 23 1265 
7722 718 479 489 1337 
7723 634 265 351 1383 
7724 26 4 5 1381 
7725 61 480 60 1434 
7726 632 206 742 1450 
7727 358 359 357 1351 
7728 465 223 212 1444 
7729 422 424 413 1327 
7730 229 233 251 1121 
7731 603 602 442 1364 
7732 30 1 76 1265 
7733 447 407 599 1455 
7734 747 450 443 1404 
7735 253 449 618 1388 
7736 86 480 61 1434 
7737 69 99 534 1448 
7738 653 627 87 1346 
7739 279 276 299 1429 
7740 454 666 597 1425 
7741 618 282 253 1388 
7742 439 81 509 1354 
7743 617 509 81 1354 
7744 30 687 486 1357 
7745 30 22 23 1265 
7746 486 629 30 1357 
7747 1267 1090 998 789 
7748 1267 998 1090 833 
7749 1024 1117 922 798 
7750 922 1117 1024 954 
7751 1231 1021 960 860 
7752 1231 960 1021 1073 
7753 1389 841 1305 1096 
7754 1389 1305 841 796 
7755 1431 1204 105 103 
7756 1431 105 1204 974 
7757 1307 1127 160 159 
7758 1307 160 1127 845 
7759 207 1098 1439 199 
7760 1439 1098 207 861 
7761 928 1222 1288 814 
7762 1288 1222 928 888 
7763 1054 334 1219 1038 
7764 1054 1219 334 323 
7765 1459 853 782 1093 
7766 1459 782 853 1105 
7767 1117 270 260 1015 
7768 1117 260 270 271 
7769 1057 652 1326 1020 
7770 1057 1326 652 224 
7771 1175 395 1377 868 
7772 1175 1377 395 396 
7773 1391 1148 930 1221 
7774 1391 930 1148 1142 
7775 1309 1082 1223 786 
7776 1309 1223 1082 887 
7777 1432 1453 1080 795 
7778 1432 1080 1453 934 
7779 1289 1080 1453 795 
7780 1289 1453 1080 934 
7781 1194 304 991 548 
7782 1194 991 304 1097 
7783 1233 1135 1051 880 
7784 1233 1051 1135 811 
7785 1060 736 1260 202 
7786 1060 1260 736 896 
7787 856 1308 792 873 
7788 792 1308 856 1101 
7789 1276 512 1342 14 
7790 1276 1342 512 1042 
7791 927 790 1041 1047 
7792 927 1041 790 1236 
7793 765 1318 1440 863 
7794 765 1440 1318 1177 
7795 936 1440 1318 863 
7796 936 1318 1440 1177 
7797 1081 591 261 961 
7798 1081 261 591 664 
7799 1225 978 469 1061 
7800 1225 469 978 1201 
7801 1323 1385 922 849 
7802 922 1385 1323 777 
7803 922 1002 1323 849 
7804 1323 1002 922 777 
7805 1167 440 897 487 
7806 1167 897 440 1099 
7807 1358 1084 801 1139 
7808 1358 801 1084 1000 
7809 1261 987 1204 823 
7810 1261 1204 987 1017 
7811 1149 395 340 341 
7812 1074 1308 819 1072 
7813 819 1308 1074 943 
7814 590 1156 1351 360 
7815 1351 1156 590 925 
7816 1062 1019 1161 793 
7817 1062 1161 1019 846 
7818 1446 430 592 1069 
7819 1446 592 430 382 
7820 1188 248 252 255 
7821 1188 252 248 883 
7822 1205 64 1140 70 
7823 1205 1140 64 949 
7824 1102 560 335 405 
7825 1102 335 560 900 
7826 395 1377 1149 340 
7827 1149 1377 395 868 
7828 10 1089 84 11 
7829 84 1089 10 937 
7830 1395 814 879 1222 
7831 1395 879 814 1095 
7832 930 1310 1148 763 
7833 1148 1310 930 1221 
7834 1228 937 628 1089 
7835 1228 628 937 1083 
7836 1111 922 1117 324 
7837 1117 922 1111 954 
7838 1117 274 1111 324 
7839 1111 274 1117 954 
7840 1099 590 643 441 
7841 1099 643 590 925 
7842 1399 808 1187 949 
7843 1399 1187 808 1055 
7844 1173 119 1292 121 
7845 1173 1292 119 885 
7846 1343 872 1172 993 
7847 1343 1172 872 1037 
7848 1293 145 123 125 
7849 1293 123 145 1422 
7850 1128 284 285 906 
7851 1128 285 284 283 
7852 1234 156 985 1084 
7853 1234 985 156 141 
7854 1402 1167 1162 897 
7855 1402 1162 1167 806 
7856 1424 1039 1180 788 
7857 1424 1180 1039 855 
7858 1329 533 1010 1279 
7859 1329 1010 533 639 
7860 96 1010 533 1279 
7861 96 533 1010 639 
7862 846 1320 1161 1019 
7863 846 1161 1320 942 
7864 834 1161 1320 1019 
7865 834 1320 1161 942 
7866 1429 275 954 1363 
7867 1429 954 275 276 
7868 1243 363 364 362 
7869 1243 364 363 951 
7870 1269 630 505 506 
7871 1269 505 630 1197 
7872 1160 1035 1395 780 
7873 1160 1395 1035 1105 
7874 1388 693 448 902 
7875 1388 448 693 618 
7876 1403 247 244 243 
7877 1403 244 247 1273 
7878 1260 1227 1003 824 
7879 1260 1003 1227 859 
7880 1261 107 1348 1204 
7881 1261 1348 107 600 
7882 677 1098 200 198 
7883 200 1098 677 1017 
7884 1412 238 1209 994 
7885 1412 1209 238 235 
7886 1246 195 162 956 
7887 1246 162 195 167 
7888 1298 1324 814 999 
7889 814 1324 1298 910 
7890 332 938 333 1012 
7891 332 333 938 1377 
7892 1149 333 938 1012 
7893 1149 938 333 1377 
7894 1189 1128 1067 817 
7895 1189 1067 1128 878 
7896 1224 195 581 649 
7897 1224 581 195 956 
7898 51 1346 216 87 
7899 216 1346 51 1126 
7900 1139 701 1032 218 
7901 1139 1032 701 877 
7902 98 1032 701 218 
7903 98 701 1032 877 
7904 1327 1039 424 1031 
7905 684 424 1039 1031 
7906 684 1039 424 709 
7907 1420 1367 1401 885 
7908 1420 1401 1367 967 
7909 1442 776 1401 1003 
7910 1442 1401 776 967 
7911 1386 756 1435 1158 
7912 1386 1435 756 955 
7913 1332 683 663 214 
7914 1332 663 683 992 
7915 1147 566 513 715 
7916 1147 513 566 1068 
7917 1319 949 631 1300 
7918 1319 631 949 1205 
7919 1186 1416 1385 766 
7920 1385 1416 1186 883 
7921 1014 1294 21 1129 
7922 1014 21 1294 498 
7923 20 21 1294 1129 
7924 20 1294 21 498 
7925 1167 1162 977 806 
7926 1167 977 1162 870 
7927 853 1407 1160 946 
7928 853 1160 1407 1176 
7929 992 1160 1407 946 
7930 992 1407 1160 1176 
7931 1321 455 458 997 
7932 1321 458 455 499 
7933 1299 404 514 748 
7934 1299 514 404 1226 
7935 1197 80 1322 520 
7936 1197 1322 80 950 
7937 1372 291 897 641 
7938 1372 897 291 1191 
7939 816 1317 1058 997 
7940 816 1058 1317 1175 
7941 905 1058 1317 997 
7942 905 1317 1058 1175 
7943 1322 10 505 9 
7944 1322 505 10 937 
7945 1422 144 996 596 
7946 1422 996 144 1201 
7947 1342 850 521 1042 
7948 1342 521 850 1089 
7949 1449 1219 820 1278 
7950 1449 820 1219 971 
7951 674 1269 738 506 
7952 738 1269 674 973 
7953 76 1444 998 223 
7954 998 1444 76 1005 
7955 1267 229 1122 1121 
7956 1267 1122 229 192 
7957 1414 1175 1076 905 
7958 1414 1076 1175 868 
7959 1120 1381 1025 839 
7960 1025 1381 1120 1115 
7961 1426 1014 749 1357 
7962 1426 749 1014 1294 
7963 1246 196 195 1060 
7964 1246 195 196 167 
7965 1343 1454 1172 835 
7966 1172 1454 1343 993 
7967 1254 563 356 346 
7968 1254 356 563 1192 
7969 1406 390 377 1036 
7970 1406 377 390 391 
7971 1404 399 1112 747 
7972 1404 1112 399 1341 
7973 1336 1323 1011 777 
7974 1336 1011 1323 889 
7975 1232 1420 1382 823 
7976 1382 1420 1232 967 
7977 1403 561 1084 1000 
7978 1403 1084 561 236 
7979 1339 1389 796 915 
7980 796 1389 1339 1043 
7981 796 924 1339 915 
7982 1339 924 796 1043 
7983 1433 1418 952 775 
7984 1433 952 1418 1274 
7985 1336 1451 955 777 
7986 955 1451 1336 908 
7987 733 1383 324 634 
7988 324 1383 733 1111 
7989 1346 74 216 653 
7990 1346 216 74 968 
7991 1435 1124 1075 756 
7992 1435 1075 1124 889 
7993 278 1363 316 275 
7994 316 1363 278 1166 
7995 1260 570 569 1064 
7996 1260 569 570 205 
7997 1166 294 280 610 
7998 1166 280 294 1128 
7999 1387 874 1026 1217 
8000 1387 1026 874 1288 
8001 1381 508 4 5 
8002 1381 4 508 1115 
8003 1386 1278 1071 820 
8004 1386 1071 1278 931 
8005 1342 512 79 13 
8006 1342 79 512 1042 
8007 1122 1452 1121 926 
8008 1121 1452 1122 789 
8009 1159 1377 1149 868 
8010 1149 1377 1159 938 
8011 1355 603 2 510 
8012 1355 2 603 988 
8013 1286 1304 1144 923 
8014 1144 1304 1286 851 
8015 1240 218 164 488 
8016 1240 164 218 1139 
8017 1221 1396 1138 789 
8018 1138 1396 1221 930 
8019 1447 185 1185 584 
8020 1447 1185 185 1057 
8021 1395 1443 1245 1035 
8022 1245 1443 1395 879 
8023 418 1384 443 352 
8024 443 1384 418 972 
8025 1352 1286 969 929 
8026 1352 969 1286 851 
8027 922 849 1188 1383 
8028 1188 849 922 1385 
8029 1408 1246 1397 818 
8030 1408 1397 1246 920 
8031 1422 721 866 1196 
8032 1422 866 721 145 
8033 607 866 721 1196 
8034 607 721 866 145 
8035 1417 1459 1105 782 
8036 1105 1459 1417 924 
8037 1382 1373 1165 776 
8038 1382 1165 1373 928 
8039 1032 1364 25 988 
8040 1032 25 1364 602 
8041 2 25 1364 988 
8042 2 1364 25 602 
8043 1403 748 239 240 
8044 1403 239 748 1299 
8045 1287 473 1076 78 
8046 1287 1076 473 1256 
8047 1432 1400 858 1022 
8048 1432 858 1400 1430 
8049 1384 417 350 352 
8050 1384 350 417 1316 
8051 1265 511 82 23 
8052 1265 82 511 1146 
8053 1039 424 675 1327 
8054 1039 675 424 709 
$EndElements
