$MeshFormat
4.1 0 8
$EndMeshFormat
$Entities
8 12 6 1
1 -0.5 -0.5 0.5 0 
2 -0.5 -0.5 -0.5 0 
3 -0.5 0.5 0.5 0 
4 -0.5 0.5 -0.5 0 
5 0.5 -0.5 0.5 0 
6 0.5 -0.5 -0.5 0 
7 0.5 0.5 0.5 0 
8 0.5 0.5 -0.5 0 
1 -0.5000000999999999 -0.5000000999999999 -0.5000000999999999 -0.4999999 -0.4999999 0.5000000999999999 0 2 2 -1 
2 -0.5000000999999999 -0.5000000999999999 0.4999999 -0.4999999 0.5000000999999999 0.5000000999999999 0 2 1 -3 
3 -0.5000000999999999 0.4999999 -0.5000000999999999 -0.4999999 0.5000000999999999 0.5000000999999999 0 2 4 -3 
4 -0.5000000999999999 -0.5000000999999999 -0.5000000999999999 -0.4999999 0.5000000999999999 -0.4999999 0 2 2 -4 
5 0.4999999 -0.5000000999999999 -0.5000000999999999 0.5000000999999999 -0.4999999 0.5000000999999999 0 2 6 -5 
6 0.4999999 -0.5000000999999999 0.4999999 0.5000000999999999 0.5000000999999999 0.5000000999999999 0 2 5 -7 
7 0.4999999 0.4999999 -0.5000000999999999 0.5000000999999999 0.5000000999999999 0.5000000999999999 0 2 8 -7 
8 0.4999999 -0.5000000999999999 -0.5000000999999999 0.5000000999999999 0.5000000999999999 -0.4999999 0 2 6 -8 
9 -0.5000000999999999 -0.5000000999999999 -0.5000000999999999 0.5000000999999999 -0.4999999 -0.4999999 0 2 2 -6 
10 -0.5000000999999999 -0.5000000999999999 0.4999999 0.5000000999999999 -0.4999999 0.5000000999999999 0 2 1 -5 
11 -0.5000000999999999 0.4999999 -0.5000000999999999 0.5000000999999999 0.5000000999999999 -0.4999999 0 2 4 -8 
12 -0.5000000999999999 0.4999999 0.4999999 0.5000000999999999 0.5000000999999999 0.5000000999999999 0 2 3 -7 
1 -0.5000000999999999 -0.5000000999999999 -0.5000000999999999 -0.4999999 0.5000000999999999 0.5000000999999999 0 4 -1 4 3 -2 
2 0.4999999 -0.5000000999999999 -0.5000000999999999 0.5000000999999999 0.5000000999999999 0.5000000999999999 0 4 -5 8 7 -6 
3 -0.5000000999999999 -0.5000000999999999 -0.5000000999999999 0.5000000999999999 -0.4999999 0.5000000999999999 0 4 -9 1 10 -5 
4 -0.5000000999999999 0.4999999 -0.5000000999999999 0.5000000999999999 0.5000000999999999 0.5000000999999999 0 4 -11 3 12 -7 
5 -0.5000000999999999 -0.5000000999999999 -0.5000000999999999 0.5000000999999999 0.5000000999999999 -0.4999999 0 4 -4 9 8 -11 
6 -0.5000000999999999 -0.5000000999999999 0.4999999 0.5000000999999999 0.5000000999999999 0.5000000999999999 0 4 -2 10 6 -12 
1 -0.5000000999999999 -0.5000000999999999 -0.5000000999999999 0.5000000999999999 0.5000000999999999 0.5000000999999999 0 6 -1 2 -3 4 -5 6 
$EndEntities
$Nodes
27 711 1 711
0 1 0 1
1
-0.5 -0.5 0.5
0 2 0 1
2
-0.5 -0.5 -0.5
0 3 0 1
3
-0.5 0.5 0.5
0 4 0 1
4
-0.5 0.5 -0.5
0 5 0 1
5
0.5 -0.5 0.5
0 6 0 1
6
0.5 -0.5 -0.5
0 7 0 1
7
0.5 0.5 0.5
0 8 0 1
8
0.5 0.5 -0.5
1 1 0 7
9
10
11
12
13
14
15
-0.5 -0.5 -0.375
-0.5 -0.5 -0.25
-0.5 -0.5 -0.125
-0.5 -0.5 0
-0.5 -0.5 0.125
-0.5 -0.5 0.25
-0.5 -0.5 0.375
1 2 0 7
16
17
18
19
20
21
22
-0.5 -0.375 0.5
-0.5 -0.25 0.5
-0.5 -0.125 0.5
-0.5 0 0.5
-0.5 0.125 0.5
-0.5 0.25 0.5
-0.5 0.375 0.5
1 3 0 7
23
24
25
26
27
28
29
-0.5 0.5 -0.375
-0.5 0.5 -0.25
-0.5 0.5 -0.125
-0.5 0.5 0
-0.5 0.5 0.125
-0.5 0.5 0.25
-0.5 0.5 0.375
1 4 0 7
30
31
32
33
34
35
36
-0.5 -0.375 -0.5
-0.5 -0.25 -0.5
-0.5 -0.125 -0.5
-0.5 0 -0.5
-0.5 0.125 -0.5
-0.5 0.25 -0.5
-0.5 0.375 -0.5
1 5 0 7
37
38
39
40
41
42
43
0.5 -0.5 -0.375
0.5 -0.5 -0.25
0.5 -0.5 -0.125
0.5 -0.5 0
0.5 -0.5 0.125
0.5 -0.5 0.25
0.5 -0.5 0.375
1 6 0 7
44
45
46
47
48
49
50
0.5 -0.375 0.5
0.5 -0.25 0.5
0.5 -0.125 0.5
0.5 0 0.5
0.5 0.125 0.5
0.5 0.25 0.5
0.5 0.375 0.5
1 7 0 7
51
52
53
54
55
56
57
0.5 0.5 -0.375
0.5 0.5 -0.25
0.5 0.5 -0.125
0.5 0.5 0
0.5 0.5 0.125
0.5 0.5 0.25
0.5 0.5 0.375
1 8 0 7
58
59
60
61
62
63
64
0.5 -0.375 -0.5
0.5 -0.25 -0.5
0.5 -0.125 -0.5
0.5 0 -0.5
0.5 0.125 -0.5
0.5 0.25 -0.5
0.5 0.375 -0.5
1 9 0 7
65
66
67
68
69
70
71
-0.375 -0.5 -0.5
-0.25 -0.5 -0.5
-0.125 -0.5 -0.5
0 -0.5 -0.5
0.125 -0.5 -0.5
0.25 -0.5 -0.5
0.375 -0.5 -0.5
1 10 0 7
72
73
74
75
76
77
78
-0.375 -0.5 0.5
-0.25 -0.5 0.5
-0.125 -0.5 0.5
0 -0.5 0.5
0.125 -0.5 0.5
0.25 -0.5 0.5
0.375 -0.5 0.5
1 11 0 7
79
80
81
82
83
84
85
-0.375 0.5 -0.5
-0.25 0.5 -0.5
-0.125 0.5 -0.5
0 0.5 -0.5
0.125 0.5 -0.5
0.25 0.5 -0.5
0.375 0.5 -0.5
1 12 0 7
86
87
88
89
90
91
92
-0.375 0.5 0.5
-0.25 0.5 0.5
-0.125 0.5 0.5
0 0.5 0.5
0.125 0.5 0.5
0.25 0.5 0.5
0.375 0.5 0.5
2 1 0 66
93
94
95
96
97
98
99
100
101
102
103
104
105
106
107
108
109
110
111
112
113
114
115
116
117
118
119
120
121
122
123
124
125
126
127
128
129
130
131
132
133
134
135
136
137
138
139
140
141
142
143
144
145
146
147
148
149
150
151
152
153
154
155
156
157
158
-0.5 -0.06365024987707146 0.3889321224102376
-0.5 0.3917468245269452 -0.0625
-0.5 -0.3917468245269452 -0.0625
-0.5 -0.06262882513259055 -0.3800651942971217
-0.5 0.1704249108188064 0.3823803919690298
-0.5 -0.3923366612667987 0.186478372798403
-0.5 0.1692259739230116 -0.3817373148982078
-0.5 0.3955068139135623 0.1871891340151973
-0.5 -0.3941534943680211 -0.3119703288398905
-0.5 -0.3010217976178247 0.3867878440699009
-0.5 0.3917468245269452 -0.3125
-0.5 -0.3921479361671245 -0.1874117214733151
-0.5 -0.2835605009939203 -0.1249852869122192
-0.5 -0.2835047910438953 2.452181296686007e-06
-0.5 -0.1752534725691747 -0.06249713912182048
-0.5 -0.1752404735808355 0.0625
-0.5 -0.06698946460583727 4.768130299481754e-07
-0.5 -0.06698765919079008 0.1250000794688383
-0.5 0.04126545610176313 0.06250009271364465
-0.5 0.04126544607167937 -0.06249990507888759
-0.5 0.1495189107454779 3.127245928880029e-08
-0.5 0.149518958945602 0.1250000206643505
-0.5 0.149519004080978 -0.1249999892692542
-0.5 -0.175240533761337 0.1875000132448063
-0.5 -0.173160429003029 -0.1838712771374095
-0.5 0.04126579735678293 -0.1874999823913569
-0.5 0.2577722283113838 0.06249999999999978
-0.5 0.1495190528383287 -0.2500000000000001
-0.5 0.2523687678975221 -0.1866746264472885
-0.5 -0.06606628602524067 0.2531467263529978
-0.5 -0.1782797205868296 0.3134086408860971
-0.5 0.04899888418668286 0.3133981518862943
-0.5 0.2523234551858642 0.1866194456357676
-0.5 0.04881578347962523 -0.3107944650581959
-0.5 0.1508300876573985 0.2494843635911648
-0.5 0.2577722283113838 -0.06250000000000033
-0.5 -0.3918469876485883 0.06233013749661653
-0.5 -0.287609701208791 0.2509241846316039
-0.5 0.310651343922004 0.3778924014423243
-0.5 0.3917468245269452 -0.1875
-0.5 0.3917468245269451 0.06250000000000011
-0.5 -0.1983621776937543 -0.3860160460089343
-0.5 -0.2729193043145562 -0.2686122488754646
-0.5 0.04292657361256924 0.1880882391128816
-0.5 -0.2842965247517076 0.1249558600587877
-0.5 -0.06664323680955991 -0.1243946378194073
-0.5 -0.06250521088239969 -0.2462284655823183
-0.5 0.4066678015841205 0.3079232685196144
-0.5 0.3066379931605241 -0.3965842169427859
-0.5 -0.3973985520316504 0.3086872165298573
-0.5 -0.3135972849675268 -0.3956878929400879
-0.5 0.2419169600398678 0.2890682058489124
-0.5 0.2499266504670623 -0.2989110605588992
-0.5 0.0625 -0.4154642987624891
-0.5 -0.1835903536163451 0.417825721473247
-0.5 -0.1539151894052659 -0.2929586463802497
-0.5 0.0625 0.4184296705855017
-0.5 0.4084936490538905 0.4084936490538905
-0.5 -0.4084936490538903 -0.4084936490538904
-0.5 -0.4084936490538904 0.4084936490538903
-0.5 0.4084936490538903 -0.4084936490538904
-0.5 0.3247595264191645 -1.665334536937735e-16
-0.5 0.3247595264191641 -0.1250000000000004
-0.5 0.3247595264191649 0.1250000000000002
-0.5 0.3246930611790408 -0.2398386069246493
-0.5 0.3253550026152658 0.248964426606275
2 2 0 66
159
160
161
162
163
164
165
166
167
168
169
170
171
172
173
174
175
176
177
178
179
180
181
182
183
184
185
186
187
188
189
190
191
192
193
194
195
196
197
198
199
200
201
202
203
204
205
206
207
208
209
210
211
212
213
214
215
216
217
218
219
220
221
222
223
224
0.5 -0.06365024987707146 0.3889321224102376
0.5 -0.06262882513259055 -0.3800651942971217
0.5 0.3917468245269452 -0.0625
0.5 -0.3917468245269452 -0.0625
0.5 0.1704249108188064 0.3823803919690298
0.5 -0.3923366612667987 0.186478372798403
0.5 0.1692259739230116 -0.3817373148982078
0.5 0.3955068139135623 0.1871891340151973
0.5 -0.3166288571789745 -0.3927684517285422
0.5 -0.3010217976178247 0.3867878440699009
0.5 0.3917468245269452 -0.3125
0.5 -0.3923366612667987 -0.186478372798403
0.5 -0.2835919551771993 -0.1248297287997339
0.5 -0.2835100334077751 2.837853337767093e-05
0.5 -0.1752595886603678 -0.06246689171105935
0.5 -0.1752463901530716 0.06251024780371961
0.5 -0.06699147004974215 7.226015443340117e-06
0.5 -0.0669889795268136 0.1250029123031937
0.5 0.04126490180510833 0.06250168971977277
0.5 0.04126501944825278 -0.0624985140441307
0.5 0.1495189732934696 1.377757374854127e-07
0.5 0.1495188769874916 0.1250003045825849
0.5 0.149518896594682 -0.1249997293780657
0.5 -0.1752417399127136 0.187502193351152
0.5 -0.173166690715441 -0.1838403095502018
0.5 0.04126570833849585 -0.1874997072370327
0.5 0.2577722283113838 0.06249999999999978
0.5 0.1495190528383287 -0.2500000000000001
0.5 0.2523687613689569 -0.1866746106618665
0.5 -0.066066707106474 0.2531475618431147
0.5 -0.1782799143049975 0.3134089998856759
0.5 0.04899881400647732 0.3133982911346471
0.5 0.2523234502078449 0.1866194628805583
0.5 0.04881576864324411 -0.3107944191991419
0.5 0.1508300742971659 0.2494844010411119
0.5 0.2577722283113838 -0.06250000000000033
0.5 -0.3918478613759016 0.06233445855529673
0.5 -0.2876099345203819 0.2509246078159247
0.5 0.310651343922004 0.3778924014423243
0.5 0.3917468245269452 -0.1875
0.5 0.3917468245269451 0.06250000000000011
0.5 -0.2000719477585137 -0.3855964804693469
0.5 0.04292616341049249 0.188089193437404
0.5 -0.2748231874640886 -0.2672326881324377
0.5 -0.284298770106107 0.1249630431429789
0.5 -0.06664571995776386 -0.1243830327544968
0.5 -0.06250668566828033 -0.2462213166380688
0.5 0.4066678015841205 0.3079232685196144
0.5 0.3066379931605241 -0.3965842169427859
0.5 -0.3977343312955132 -0.3113406821440804
0.5 -0.3973985798068398 0.3086872669089429
0.5 0.2419169563722174 0.28906821678786
0.5 0.2499266504670623 -0.2989110605588992
0.5 0.0625 -0.4154642987624891
0.5 -0.1835903923599787 0.4178257932731629
0.5 -0.1546394673477828 -0.2925911978174354
0.5 0.0625 0.4184296705855017
0.5 0.4084936490538905 0.4084936490538905
0.5 -0.4084936490538904 -0.4084936490538903
0.5 -0.4084936490538904 0.4084936490538903
0.5 0.4084936490538903 -0.4084936490538904
0.5 0.3247595264191645 -1.665334536937735e-16
0.5 0.3247595264191641 -0.1250000000000004
0.5 0.3247595264191649 0.1250000000000002
0.5 0.3246930607031979 -0.2398386057741083
0.5 0.3253550026152658 0.248964426606275
2 3 0 66
225
226
227
228
229
230
231
232
233
234
235
236
237
238
239
240
241
242
243
244
245
246
247
248
249
250
251
252
253
254
255
256
257
258
259
260
261
262
263
264
265
266
267
268
269
270
271
272
273
274
275
276
277
278
279
280
281
282
283
284
285
286
287
288
289
290
-0.3917468245269452 -0.5 -0.0625
0.0714876988476385 -0.5 -0.3875756189753844
0.3917468245269452 -0.5 0.0625
-0.06409486310622947 -0.5 0.3892750608242188
-0.3929849573903608 -0.5 0.1901081464363515
0.3955068139135623 -0.5 -0.1871891340151973
-0.1983407068383225 -0.5 -0.3879629843805715
0.1692259739230112 -0.5 0.3817373148982077
-0.3941534943680211 -0.5 -0.3119703288398905
0.3917468245269452 -0.5 0.3125
0.3130906423764604 -0.5 -0.3792304632363122
-0.296657934402331 -0.5 0.3905148078112921
-0.3921479361671245 -0.5 -0.1874117214733151
-0.2835605009939203 -0.5 -0.1249852869122193
-0.2835047910438953 -0.5 2.452181296686007e-06
-0.1752534725691747 -0.5 -0.06249713912182064
-0.1763905878142342 -0.5 0.06433688312630537
-0.06718115031140365 -0.5 0.0003066240007472132
-0.0670217733064411 -0.5 -0.1249484191868457
0.04122782279822679 -0.5 -0.06244029919768312
0.04122722623682895 -0.5 0.06256105413384383
0.1495190528383289 -0.5 1.110223024625157e-16
0.1495127104104879 -0.5 -0.1249900498662804
0.1495126109835876 -0.5 0.1250101756889743
0.04125836186807574 -0.5 0.1875118716371361
0.2577722283113838 -0.5 -0.06249999999999972
0.1495190528383278 -0.5 0.2500000000000003
0.2523683795898568 -0.5 0.1866752451559699
0.2523230756587073 -0.5 -0.18661884002364
0.1402137860756586 -0.5 -0.267061357695332
0.04499257491831421 -0.5 0.3124139920171811
-0.06698729810778181 -0.5 0.2499999999999992
-0.1767859519478141 -0.5 0.3221267806278765
-0.182117018002884 -0.5 0.1985159856983577
-0.2868767533099804 -0.5 0.2624318058321253
0.2577722283113841 -0.5 0.06250000000000122
0.0412658773652741 -0.5 -0.1875000000000002
-0.06612826407668793 -0.5 -0.2457334242171042
-0.2850006773592423 -0.5 0.1283208658660042
-0.3920749558553704 -0.5 0.0632061267242443
0.3917468245269451 -0.5 -0.06250000000000006
0.3917468245269452 -0.5 0.1875000000000001
-0.06446492671507092 -0.5 -0.3719967613088421
0.1904514437261616 -0.5 -0.3896545148152804
-0.1730230025309569 -0.5 -0.1831515843714013
-0.2728966046963414 -0.5 -0.2687875696762688
-0.06836507768856648 -0.5 0.1272054030993981
0.4070743513265298 -0.5 -0.3081462788186125
-0.3135920265778069 -0.5 -0.395940542841569
0.3066379931605241 -0.5 0.3965842169427861
-0.3971730864405816 -0.5 0.3088666438715116
0.2442867900904507 -0.5 -0.2943059204753679
0.2499266504670611 -0.5 0.2989110605588999
0.0625 -0.5 0.4154642987624887
0.02447483429936248 -0.5 -0.2919734324393326
-0.1549707009714759 -0.5 -0.2915264647908375
-0.1875 -0.5 0.4226624454742048
-0.4084936490538903 -0.5 -0.4084936490538904
-0.4084936490538904 -0.5 0.4084936490538903
0.4084936490538903 -0.5 -0.4084936490538903
0.4084936490538903 -0.5 0.4084936490538903
0.3247595264191643 -0.5 4.440892098500626e-16
0.3247595264191647 -0.5 -0.1250000000000003
0.3247595264191634 -0.5 0.1250000000000021
0.3246930328767323 -0.5 0.2398386520200344
0.3253550026152657 -0.5 -0.2489644266062748
2 4 0 66
291
292
293
294
295
296
297
298
299
300
301
302
303
304
305
306
307
308
309
310
311
312
313
314
315
316
317
318
319
320
321
322
323
324
325
326
327
328
329
330
331
332
333
334
335
336
337
338
339
340
341
342
343
344
345
346
347
348
349
350
351
352
353
354
355
356
0.07148769884763873 0.5 0.3875756189753843
-0.3917468245269452 0.5 -0.0625
0.06996408534004539 0.5 -0.3884552776441343
0.3917468245269452 0.5 -0.0625
-0.391746824526945 0.5 0.1875
0.3955068139135623 0.5 0.1871891340151973
-0.1983407068383225 0.5 -0.3879629843805715
-0.1983407068383222 0.5 0.3879629843805714
0.3851691073164186 0.5 -0.313297832567634
-0.3941534943680211 0.5 -0.3119703288398905
0.3130906423764606 0.5 0.3792304632363123
-0.3921479361671245 0.5 -0.1874117214733151
-0.2835605009939203 0.5 -0.1249852869122193
-0.2835047910438953 0.5 2.452181296686007e-06
-0.1752534725691747 0.5 -0.0624971391218207
-0.1752404735808353 0.5 0.06249999999999978
-0.0669894646058371 0.5 4.768130295040862e-07
-0.06698765919078981 0.5 0.1250000794688378
0.04126545610176335 0.5 0.06250009271364421
0.04126544607167948 0.5 -0.06249990507888803
0.1495189107454782 0.5 3.127245884471108e-08
0.1495190040809782 0.5 -0.1249999892692546
0.1495189589456023 0.5 0.12500002066435
0.03928934117048777 0.5 -0.18407665985776
-0.173160429003029 0.5 -0.1838712771374098
-0.1731471806954686 0.5 0.1838742193765424
0.257772228311384 0.5 0.06249999999999933
-0.06577369624318463 0.5 0.2451377374935264
0.1402974780594602 0.5 -0.2695023954441444
0.2577722283113836 0.5 -0.1875000000000008
0.2609441967997559 0.5 -0.3095240926000504
0.2523234551858645 0.5 0.1866194456357673
0.1402147329416975 0.5 0.2670628686110742
-0.3917486815252793 0.5 0.06250040869688278
-0.2831469334043856 0.5 0.1243961800424536
-0.27245415170973 0.5 0.2688949236508644
-0.3941774295370903 0.5 0.3133651715706482
0.3917468245269451 0.5 -0.1875000000000001
0.3917468245269452 0.5 0.0625
-0.06480530493488323 0.5 -0.3727319376590772
-0.06441427416742745 0.5 0.3719116632054736
0.1904515564483091 0.5 0.3896546946862018
0.2577722283113842 0.5 -0.06250000000000094
0.04126587736527476 0.5 0.1874999999999997
-0.06697264617394239 0.5 -0.1238240840638083
-0.06648704231324865 0.5 -0.2412015433844816
-0.2729162370494946 0.5 -0.2688903829285557
-0.3135943637627061 0.5 -0.3959527825144603
0.4070743513265299 0.5 0.3081462788186125
-0.3135422030280994 0.5 0.3961193757826825
0.1889006816297524 0.5 -0.3963120101665466
0.2442870779135196 0.5 0.2943063797551262
0.3115698596172276 0.5 -0.404756517881945
0.02455606774879981 0.5 0.2918375776570916
0.02529611968812362 0.5 -0.29141256336949
-0.1548260019308266 0.5 0.2915563056213957
-0.1572957757871759 0.5 -0.2908783712958474
-0.4084936490538903 0.5 -0.4084936490538904
0.4084936490538903 0.5 0.4084936490538903
-0.4084936490538904 0.5 0.4084936490538904
0.4094051719574392 0.5 -0.4094051719574392
0.3247595264191637 0.5 -0.2500000000000011
0.3247595264191647 0.5 0
0.3247595264191654 0.5 0.125
0.3247595264191645 0.5 -0.1250000000000003
0.3253550026152662 0.5 0.2489644266062752
2 5 0 66
357
358
359
360
361
362
363
364
365
366
367
368
369
370
371
372
373
374
375
376
377
378
379
380
381
382
383
384
385
386
387
388
389
390
391
392
393
394
395
396
397
398
399
400
401
402
403
404
405
406
407
408
409
410
411
412
413
414
415
416
417
418
419
420
421
422
-0.06365024987707146 0.3889321224102376 -0.5
-0.06262882513259055 -0.3800651942971217 -0.5
0.3917468245269452 -0.0625 -0.5
-0.3917468245269452 -0.0625 -0.5
0.3917468245269452 0.1875 -0.5
-0.3923366612667987 0.186478372798403 -0.5
0.1692259739230116 -0.3817373148982078 -0.5
0.1695387518555894 0.3828678170149388 -0.5
-0.3941534943680211 -0.3119703288398905 -0.5
0.3917468245269452 -0.3125 -0.5
-0.3010217976178247 0.3867878440699009 -0.5
-0.3921479361671245 -0.1874117214733151 -0.5
-0.2835605009939203 -0.1249852869122192 -0.5
-0.2835047910438953 2.452181296686007e-06 -0.5
-0.1752534725691747 -0.06249713912182048 -0.5
-0.1752404735808355 0.0625 -0.5
-0.06698946460583727 4.768130299481754e-07 -0.5
-0.06698765919079008 0.1250000794688383 -0.5
0.04126545610176313 0.06250009271364465 -0.5
0.04126544607167937 -0.06249990507888759 -0.5
0.1495189107454779 3.127245928880029e-08 -0.5
0.149518958945602 0.1250000206643505 -0.5
0.149519004080978 -0.1249999892692542 -0.5
-0.175240533761337 0.1875000132448063 -0.5
-0.173160429003029 -0.1838712771374095 -0.5
0.04126579735678293 -0.1874999823913569 -0.5
0.2577722283113838 0.06249999999999978 -0.5
0.1495190528383287 -0.2500000000000001 -0.5
0.2523687678975221 -0.1866746264472885 -0.5
-0.06606628602524067 0.2531467263529978 -0.5
-0.1782797205868296 0.3134086408860971 -0.5
0.04885119102614677 0.3134793893939458 -0.5
0.2523687651560638 0.1866746283541815 -0.5
0.04881578347962523 -0.3107944650581959 -0.5
0.1503910084861526 0.2496618632158838 -0.5
0.2577722283113838 -0.06250000000000033 -0.5
-0.3918469876485883 0.06233013749661653 -0.5
-0.287609701208791 0.2509241846316039 -0.5
0.3917468245269452 -0.1875 -0.5
0.3917468245269451 0.06250000000000011 -0.5
0.3917468245269452 0.3125 -0.5
-0.1983621776937543 -0.3860160460089343 -0.5
-0.2729193043145562 -0.2686122488754646 -0.5
0.04282877822393893 0.1881313619682766 -0.5
-0.2842965247517076 0.1249558600587877 -0.5
-0.06664323680955991 -0.1243946378194073 -0.5
-0.06250521088239969 -0.2462284655823183 -0.5
0.3066379931605241 -0.3965842169427859 -0.5
-0.3973985520316504 0.3086872165298573 -0.5
0.3066515629375519 0.3966332634388957 -0.5
-0.3135972849675268 -0.3956878929400879 -0.5
0.249926650467063 0.298911060558899 -0.5
0.2499266504670623 -0.2989110605588992 -0.5
0.0625 -0.4154642987624891 -0.5
-0.1835903536163451 0.417825721473247 -0.5
-0.1539151894052659 -0.2929586463802497 -0.5
0.0625 0.4184296705855017 -0.5
-0.4084936490538903 -0.4084936490538904 -0.5
-0.4084936490538904 0.4084936490538903 -0.5
0.4084936490538903 -0.4084936490538904 -0.5
0.4084936490538903 0.4084936490538903 -0.5
0.3247595264191645 -1.665334536937735e-16 -0.5
0.3247595264191641 -0.1250000000000004 -0.5
0.3247595264191649 0.1250000000000002 -0.5
0.3246930611790408 -0.2398386069246493 -0.5
0.3246930609792265 0.2398386070636356 -0.5
2 6 0 66
423
424
425
426
427
428
429
430
431
432
433
434
435
436
437
438
439
440
441
442
443
444
445
446
447
448
449
450
451
452
453
454
455
456
457
458
459
460
461
462
463
464
465
466
467
468
469
470
471
472
473
474
475
476
477
478
479
480
481
482
483
484
485
486
487
488
-0.06409486310622869 0.3892750608242193 0.5
0.07148769884763828 -0.3875756189753846 0.5
-0.3917468245269452 -0.0625 0.5
0.3917468245269452 0.0625 0.5
-0.3929642537834729 0.1901440061353795 0.5
0.3955068139135623 -0.1871891340151973 0.5
-0.1983407068383225 -0.3879629843805715 0.5
0.1692259739230124 0.3817373148982075 0.5
-0.3941534943680211 -0.3119703288398905 0.5
0.3917468245269452 0.3125 0.5
0.31309064237646 -0.3792304632363124 0.5
-0.2966579344023304 0.3905148078112914 0.5
-0.3921479361671245 -0.1874117214733151 0.5
-0.2835605009939203 -0.1249852869122192 0.5
-0.2834840874370079 3.831188032554778e-05 0.5
-0.1752500219680269 -0.06249116250531572 0.5
-0.1763658585060072 0.06437971554458988 0.5
-0.06717645365984115 0.0003147588398789702 0.5
-0.06702041543098941 -0.124946067277573 0.5
0.04122883188606252 -0.06243855140628257 0.5
0.04122817719339555 0.06256270123893271 0.5
0.1495190528383289 -4.996003610813204e-16 0.5
0.1495128785917933 -0.1249897585677144 0.5
0.1495127694763494 0.1250104502064883 0.5
0.04125854677629825 0.1875121919075703 0.5
0.2577722283113835 -0.06250000000000078 0.5
0.1495190528383298 0.2499999999999994 0.5
0.2523683892164836 0.1866752618297726 0.5
0.2523230858738001 -0.1866188223305794 0.5
0.1402138115608581 -0.2670613135536712 0.5
0.04499259064180428 0.3124140192510618 0.5
-0.06698729810777981 0.2500000000000009 0.5
-0.1767859519478129 0.322126780627876 0.5
-0.1821170180028808 0.1985159856983572 0.5
-0.2864735024733922 0.2644043177069337 0.5
-0.06835998405113591 0.1272142255382216 0.5
-0.2844693406994972 0.1276549020547637 0.5
-0.1731653734567058 -0.1838612922475876 0.5
-0.06578218774342437 -0.2451265809401567 0.5
-0.3918415575932566 0.06273155369596295 0.5
0.3917468245269452 -0.0625 0.5
0.3917468245269451 0.1875000000000001 0.5
-0.06441548723889057 -0.3719100694121353 0.5
0.1904514467601139 -0.3896545095603209 0.5
0.2577722283113837 0.06249999999999922 0.5
-0.2729169434000198 -0.268888956515724 0.5
0.04126587736527376 -0.1875000000000004 0.5
0.4070743513265296 -0.3081462788186125 0.5
-0.3135944478520544 -0.395952612703409 0.5
0.3066379931605242 0.396584216942786 0.5
-0.39717308644058 0.3088666438715096 0.5
0.2442867978372995 -0.2943059070574318 0.5
0.2499266504670635 0.2989110605588984 0.5
0.02455394255829113 -0.2918347165762697 0.5
0.0625 0.4154642987624891 0.5
-0.1549241397354726 -0.291549976699235 0.5
-0.1875 0.4226624454742048 0.5
-0.4084936490538903 -0.4084936490538904 0.5
-0.4084936490538904 0.4084936490538903 0.5
0.4084936490538903 -0.4084936490538903 0.5
0.4084936490538903 0.4084936490538903 0.5
0.3247595264191647 -0.125 0.5
0.3247595264191646 -3.33066907387547e-16 0.5
0.3247595264191651 0.125 0.5
0.3246930335783831 0.2398386532353259 0.5
0.325355002615265 -0.2489644266062748 0.5
3 1 0 223
489
490
491
492
493
494
495
496
497
498
499
500
501
502
503
504
505
506
507
508
509
510
511
512
513
514
515
516
517
518
519
520
521
522
523
524
525
526
527
528
529
530
531
532
533
534
535
536
537
538
539
540
541
542
543
544
545
546
547
548
549
550
551
552
553
554
555
556
557
558
559
560
561
562
563
564
565
566
567
568
569
570
571
572
573
574
575
576
577
578
579
580
581
582
583
584
585
586
587
588
589
590
591
592
593
594
595
596
597
598
599
600
601
602
603
604
605
606
607
608
609
610
611
612
613
614
615
616
617
618
619
620
621
622
623
624
625
626
627
628
629
630
631
632
633
634
635
636
637
638
639
640
641
642
643
644
645
646
647
648
649
650
651
652
653
654
655
656
657
658
659
660
661
662
663
664
665
666
667
668
669
670
671
672
673
674
675
676
677
678
679
680
681
682
683
684
685
686
687
688
689
690
691
692
693
694
695
696
697
698
699
700
701
702
703
704
705
706
707
708
709
710
711
1.343707201062472e-07 -1.02619080163957e-07 1.026188845651192e-07
0.1868100583483858 0.1828338704836464 0.185986479788055
0.1868015405398945 0.1828700564596038 -0.1859772371133604
-0.1881844890011276 0.1817872981872835 -0.1817400322251111
0.1819589678502029 -0.1895231326140013 0.1875034157566179
0.1819571244625819 -0.187499981981863 -0.1894683462625656
-0.1881622008835053 0.1817432166675965 0.1818822088324453
-0.1830691058016184 -0.1830723267729973 -0.1830689966709612
-0.1830047702116276 -0.1832517902571401 0.1830252466614686
0.00517989848279847 0.2551815346395078 9.671290708295484e-08
-0.2551815159794821 0.005179898482798297 9.671290750884465e-08
0.255181749546072 0.005178457354339736 1.553875238660685e-06
0.005179898482798297 9.671290751578354e-08 -0.2551815346395678
0.0240473518016082 -0.000983826402525693 0.2534927021307955
0.02363909493373564 -0.2534832664009772 -0.001330384445768426
0.2724422989601183 -0.2784807163215575 -0.001465758636879469
0.2774634939595076 0.2774634939595076 1.174946723444736e-05
0.265854223373215 -0.004013871337955168 0.2830051974479201
-0.280911677996195 0.2754451611490837 8.812938283038956e-05
-0.002040438897743052 0.272598135124949 -0.2801728118467943
0.2643942105316595 -0.002449034290619427 -0.2845313615663024
-0.001983793100502652 0.2728428542834616 0.2793461750221018
-0.2753590452994216 -0.2753590452994216 -5.084676660018436e-05
-0.003355697536089927 -0.2761411005555368 -0.2831053981968933
-0.003294314851198441 -0.2826323961482722 0.2763463222041981
-0.2827534257202124 -0.001670803032039555 -0.2739486331624251
-0.2831557530945371 -0.001846970705729702 0.2737875673399678
0.3056271998189188 0.2925586520499968 0.3063481035802852
0.3026546872649101 -0.3035210489254369 0.3052372832954244
0.3023356501313242 -0.3054702844689642 -0.3029506345119993
-0.3050119085705681 0.2987051447551562 0.3003685110429407
0.3070550473044561 0.3043910934884869 -0.2909940945477359
-0.1346271225687865 -0.1444861805494746 0.001114910217375548
-0.137041907489938 -0.0004685478292202061 0.1503390855114248
-0.3228145283695486 0.3112044908218016 -0.182411477436689
-0.2204612284661425 -0.3183175773993514 -0.3184726997047477
-0.3189930566066616 0.1797262451226191 -0.320585521983094
-0.3023578056303012 -0.3000396832783863 0.3004250815013857
-0.1462849538471185 -0.005012045139861572 -0.1491525885224688
-0.004972759233940693 -0.1497681314863112 0.1484564252041713
-0.01102303007444325 0.1451205578571776 0.1468662551152978
-0.005663205805762652 -0.1499210847834858 -0.149942257346478
-0.01160676347964289 0.1470124357196461 -0.147012324285318
-0.1458941309130224 0.1519398338022998 0.006250636972649916
-0.1253265135061711 -0.08101317626668922 0.3242492708380153
-0.1217043289960197 -0.3262257816025517 -0.08626359115433686
0.3293441834559713 -0.1259409437681098 -0.1021754658530713
-0.187863967168039 0.3161782978555089 -0.3126517094411407
0.1487476282800319 -0.01477615022497214 -0.145427422385136
0.3262155328171022 -0.1333389776364067 0.09304245891820088
-0.1251436371806391 0.3304100476726837 -0.1002771294045263
-0.1250189107205171 0.3304386259651797 0.1005133973585888
-0.1243091639466 -0.09934302960638927 -0.3312635187282454
-0.3312637271661445 -0.124308983147294 -0.09934271236165937
0.3320935087765663 0.08656648503365032 -0.1409629468747885
-0.1352895696175746 0.08780896878069744 -0.3261129287979089
0.1507777797016722 0.1507767751855274 -0.01294815303838692
-0.3285495976056079 -0.1305549600054861 0.09193180941068077
0.3320809813422689 0.08683391266503365 0.1406820959831353
-0.1094844022574459 0.1004282993846622 0.3246050043217966
-0.1122110777091031 -0.3262401887249773 0.09548138188854377
-0.322809418646002 -0.1743715408973973 -0.2935782252731131
0.09601613452702668 0.1330346851691463 -0.3305716108684116
0.1299954359613232 -0.1159056859533355 0.03451775096474383
0.09138228859676295 -0.1344521722082543 -0.3325797768347385
-0.3327783325951199 0.09245880967572384 -0.1328202080971893
-0.3327541695208469 0.09257785020292553 0.13273025795661
-0.3143261781981527 -0.3001779143749448 -0.1702617444839683
0.09865485416498904 0.1380844118840222 0.331821112590278
0.09370005429364692 -0.3337033720475523 0.1387186373159809
0.1601229276928376 0.01533005690551648 0.1457684441781753
0.09393371606067123 0.3293087046352813 0.1379127448633715
0.09343613157832627 0.3293614140466166 -0.1383838877418656
0.09151732087784566 -0.3334175747364101 -0.1444972575683219
0.09178189387675689 -0.1441566562082902 0.3333679379144495
0.3395747431345627 -0.3329978244405814 0.143332033476029
0.3343199921383211 0.3343199921383211 0.1468175786324298
-0.1513433864658998 -0.2441502262792066 0.340912934759546
0.337921532400045 -0.1446766002056127 -0.3340796246767439
-0.3414922596720776 -0.3410815131051871 0.1410730636050316
0.2596468814059448 0.15352955019118 -0.3384288696888664
-0.1508919469027049 0.3389062322577225 0.2620555289025645
-0.3421387081626286 0.2538239021754135 0.1488570969671237
0.3441056065702603 0.2477261030283735 -0.1442165958915022
0.3246135748026479 -0.1518089025241771 0.2537007299324008
0.1506465716880803 0.2881059509474939 -0.3398746861069885
0.3417249862526623 -0.334567711133918 -0.1430076327138926
0.3447695631392756 0.1331940024043464 0.3348512689843162
0.1467382365051998 0.2934784291840112 0.3428894836016333
-0.3469247002840493 0.339549484335119 -0.3466870936038142
0.1461503178521352 -0.3434344465558786 0.2917628569476188
0.1467405367178712 -0.2860519750239176 -0.3424052336065558
-0.2650071679579845 0.1459086934723197 0.3394845185867196
-0.3499381812433127 -0.1502750453258488 0.2533673067807425
0.2426197925990219 0.3605231937878293 -0.1237897556295163
0.3478866446066978 0.1424485346694609 -0.000192656862055003
-0.1742682541400762 -0.3509692426099145 0.2334218359738607
0.1402494597350449 -0.3500077133172773 -0.003273072775917257
0.1469351968403055 0.3504661857773299 -0.0003274390094781178
0.1351813101977418 -0.003899272573351618 0.3526660736510441
0.2340712225544625 -0.121713741128615 0.3666277778746082
-0.3601957664732296 -0.3601957664732296 -0.359910816717227
-0.1112475759029288 -0.3607253528387314 -0.2291252293802078
-0.3540743314250632 0.1491850386342669 -6.843865610780684e-05
0.2065717688570155 0.3724020223545799 0.2373484574916135
0.1400074367834086 -0.001323299170198588 -0.3565734391314704
0.3655206160636796 0.2087076144659108 0.2073585247993159
-0.1519131345131098 0.2340325999639185 0.3624818048263888
0.3540932700489792 -0.211812599153294 -0.2111900003566734
-0.374921043796378 -0.374921043796378 -7.13901382921947e-05
0.1995298838561663 -0.2528833314357959 0.378281611052715
-0.1128264373616416 -0.2374136368879153 -0.3664858413011634
0.1563826129939814 -0.2205652530675674 -0.05537004104137001
0.3757993650480962 -0.03939769642524794 0.1857355506047199
0.3766757772251429 0.01150471495219133 -0.3691203129799775
-0.02728297751712862 0.3773010024313113 0.1893794354013628
0.3770667178483366 -0.3707043136513609 -6.569872764690399e-05
-0.2519593666394886 -0.1416947359841977 0.3596631352887234
-0.03236379244836795 0.1711917369084441 -0.3721853399299119
-0.3640369734326581 0.3640374306394262 0.06730764755364713
0.2168505249085569 -0.3633725936009769 -0.2049634397471253
-0.2509290362079077 0.3646068755924117 0.1616212129999572
-0.03670125235473637 -0.1745067975040567 0.3745146165045908
-0.0279053099406389 0.3759399096740641 -0.1897253847133357
0.3649192968936251 0.3649192968936251 -0.06059442891490019
0.3710006715995144 -0.0344537193951879 -0.1996160633849461
-0.3763208734594134 -0.03146609589987589 0.1758660534595655
0.3766166690723718 0.0007365648457522828 0.36937953370962
-0.382213160710556 -0.02882803480431695 -0.1835452562695124
0.3760952653928121 -0.2070241975672918 0.3668445389049259
0.2222322124901628 0.1828497348987103 0.3672942463554166
-0.08978296411404234 -0.3700211552375686 0.3436019966437487
-0.02534945865683967 -0.3811847251284937 0.1849052208859376
-0.3760053724407982 -7.226019855240129e-05 -0.3769025683773108
0.2174447487618254 -0.3776057047359464 0.1047650942452307
0.07986506528861205 0.3788663248927914 -0.2702094826360382
0.3706431332662115 0.1079264904327926 -0.2712392840447939
0.2155508478059618 -0.1109086129969926 -0.3809115713049468
0.3808308339049462 -0.01991234755097321 0.04346523601543582
-0.3769215286379552 0.0001270274703197155 0.376607029512913
-0.367222121770668 0.367222121770668 -0.06774280821303741
-0.02602430662096352 0.1893350164335853 0.3828270692685363
-0.3718736677185398 0.1028919942634112 0.2642426451691675
-0.1987558911907457 0.3825793199950375 0.0001564757950889797
-0.01284921036455394 -0.03084665098140099 0.3801323324319427
-0.381360613390973 -0.01811617606666389 0.04035097994330467
-0.01204053568962001 -0.3805186455725972 -0.02944947251877765
0.3651414902737183 0.2225368649147277 -0.3760269661275086
-0.01731787544951038 0.3815960750033424 -0.03896757730381774
0.07816554387260322 0.3805824946306919 0.2699100219206323
-0.01663796329627411 -0.03778992322892782 -0.3817965026114649
-0.3837316786712083 0.214507195846712 -0.1129427980361736
0.3864065048756302 -0.2083725948794788 2.517572083425568e-05
-0.2125041014435435 -0.002019243765813692 -0.3872178369091246
-0.3837081714069545 0.08321047013016661 -0.2555259751669582
0.09354463084890208 0.0902960761316499 -0.2049041039529523
0.3695843014640136 0.3683484940892333 -0.1930836424134126
0.03650748591619568 -0.02652310217330447 0.1243227681631612
0.0944877244559781 0.204636954408172 0.09388162846420348
-0.07166348407418413 0.3432458505028037 0.3723702626326614
-0.3877476736675988 -0.2451304776441103 0.06272077171003645
0.2181333274738904 0.3819637033937958 0.1062329242488877
-0.373503401824407 0.366254517905446 0.2101901780680624
-0.2133646051956526 -0.00352732525436672 0.3870171801625252
0.3850639588805805 -0.3866926125138054 0.2513263943155712
0.005691889922487564 -0.3774173570009576 -0.3784956479700446
0.07486393886497907 -0.3809161910787684 -0.2663331537909626
0.3833102772464532 0.3835364652556954 0.2563242142896894
-0.1271359208273236 0.02499314029471611 -0.02254485825018518
-0.1969942214936286 0.1967977713546274 -0.3695617071140914
0.1554709698296661 -0.07323470290542293 0.2428221029822787
0.07000825508372216 -0.262762209932758 0.3817865326375879
-0.2329387004175789 -0.3791189123740871 0.07286763075821349
0.127118375188365 0.02587023905558317 0.01927892386245484
-0.01801687235164896 -0.02134145613418804 -0.1280090183542605
0.02224954088394233 0.1271916597517816 -0.02203540077572638
-0.0673574515655762 0.3616138230379785 -0.3640885479933715
-0.2067640026522738 0.3728340551994168 -0.1949409256695073
-0.007216860575388364 -0.128408308527101 -0.02136534853946077
0.1691205475429487 -0.2473119555506574 0.07147430179340397
-0.2463509552123365 -0.3773918453755489 -0.08318950175275064
-0.3783832802485014 -0.2128762186155414 0.3687971803185749
-0.2447850128608713 -0.06990950039136642 0.17024101787449
-0.2241465702728405 -0.1692282681276197 -0.3799623834830188
0.2064870945033745 -0.1019430746845709 -0.06903116634632098
0.2861092224949157 0.2025795069649363 0.1052799605852104
0.3617275880578185 0.3817313331784835 -0.3809823536280069
-0.02434583564865387 -0.277549374778894 -0.1557132617723508
-0.3842743728102295 -0.2437908845829001 -0.07098228950559222
-0.2117729824069749 0.09568214390622218 -0.08898296086106126
0.2116212512210429 0.3886635834035421 -0.2506224745756163
-0.2162243354795841 0.3659193233098641 0.3778235395576213
-0.07489387857461464 -0.1789184918821052 0.2520619147649677
0.2435322609118009 0.3902624604563098 0.3567526464061844
0.1804841608491267 0.2553409430557871 -0.08060980792120152
-0.08062049610449058 0.1758426714465904 -0.2509248411052136
-0.3767037823414017 -0.3767037823414017 0.3767037823414017
0.3871541481576299 -0.3867167539291387 -0.2511511539265057
0.09121236512252957 0.1016606438984703 0.2097181882465169
-0.2103426018252837 0.08924021929718677 0.0968105982128933
-0.3769127456996518 0.3769127456996518 0.3769127456996517
0.2387366215670505 -0.375262739718495 -0.08002895356320208
-0.02157522473202069 -0.1503909042815934 -0.276193680315039
0.3679548447362495 0.3740576301271141 0.3832992536708343
0.3831068465862052 -0.2522262799488564 -0.3867752307797148
0.3743299401426028 -0.3799777979672102 -0.3786414256713892
-0.2209400947164346 -0.3821548645217025 0.3680760374545501
0.2105959069026314 0.08818555357298816 -0.1053445316572532
-0.07897002363654214 0.2457742505187467 0.182579434918515
-0.375083942449398 0.2117823630594781 0.3709360243259295
0.2179888601116155 -0.388168679381147 -0.3423301346025488
-0.2695793892044837 -0.01666484417672346 -0.1236964275397864
-0.3873477280267115 -0.3874280597928805 0.2503529852279589
0.3792526018605573 -0.3754860752987358 0.3792526018605573
0.2327834177105819 0.3801486455414721 -0.3775881515022493
-0.3900721334383118 -0.3900721334383118 -0.1244147061758237
0.2480341994529794 -0.08029116834269519 -0.1868601558706152
-0.233608293992226 -0.3908624533273266 -0.2093881875050544
-0.1218298515763412 -0.3639513182314766 -0.3870739305838342
-0.01717987287943264 0.2701735897558849 -0.1227366761483857
0.2220408342443675 0.09898885928166579 0.07608843770881615
-0.2995837282993668 -0.2261077969375866 0.1674363642518296
0.2454756760584901 -0.3817761569621702 0.226426045106265
$EndNodes
$Elements
27 3796 1 3796
0 1 15 1
1 1 
0 2 15 1
2 2 
0 3 15 1
3 3 
0 4 15 1
4 4 
0 5 15 1
5 5 
0 6 15 1
6 6 
0 7 15 1
7 7 
0 8 15 1
8 8 
1 1 1 8
9 2 9 
10 9 10 
11 10 11 
12 11 12 
13 12 13 
14 13 14 
15 14 15 
16 15 1 
1 2 1 8
17 1 16 
18 16 17 
19 17 18 
20 18 19 
21 19 20 
22 20 21 
23 21 22 
24 22 3 
1 3 1 8
25 4 23 
26 23 24 
27 24 25 
28 25 26 
29 26 27 
30 27 28 
31 28 29 
32 29 3 
1 4 1 8
33 2 30 
34 30 31 
35 31 32 
36 32 33 
37 33 34 
38 34 35 
39 35 36 
40 36 4 
1 5 1 8
41 6 37 
42 37 38 
43 38 39 
44 39 40 
45 40 41 
46 41 42 
47 42 43 
48 43 5 
1 6 1 8
49 5 44 
50 44 45 
51 45 46 
52 46 47 
53 47 48 
54 48 49 
55 49 50 
56 50 7 
1 7 1 8
57 8 51 
58 51 52 
59 52 53 
60 53 54 
61 54 55 
62 55 56 
63 56 57 
64 57 7 
1 8 1 8
65 6 58 
66 58 59 
67 59 60 
68 60 61 
69 61 62 
70 62 63 
71 63 64 
72 64 8 
1 9 1 8
73 2 65 
74 65 66 
75 66 67 
76 67 68 
77 68 69 
78 69 70 
79 70 71 
80 71 6 
1 10 1 8
81 1 72 
82 72 73 
83 73 74 
84 74 75 
85 75 76 
86 76 77 
87 77 78 
88 78 5 
1 11 1 8
89 4 79 
90 79 80 
91 80 81 
92 81 82 
93 82 83 
94 83 84 
95 84 85 
96 85 8 
1 12 1 8
97 3 86 
98 86 87 
99 87 88 
100 88 89 
101 89 90 
102 90 91 
103 91 92 
104 92 7 
2 1 2 162
105 15 1 152 
106 1 16 152 
107 2 9 151 
108 30 2 151 
109 22 3 150 
110 3 29 150 
111 23 4 153 
112 4 36 153 
113 9 10 101 
114 9 101 151 
115 10 11 104 
116 101 10 104 
117 11 12 95 
118 11 95 104 
119 12 13 129 
120 95 12 129 
121 13 14 98 
122 13 98 129 
123 14 15 142 
124 98 14 142 
125 142 15 152 
126 16 17 102 
127 16 102 152 
128 17 18 147 
129 102 17 147 
130 18 19 93 
131 18 93 147 
132 19 20 149 
133 93 19 149 
134 20 21 97 
135 20 97 149 
136 21 22 131 
137 97 21 131 
138 131 22 150 
139 24 23 103 
140 103 23 153 
141 25 24 132 
142 24 103 132 
143 26 25 94 
144 94 25 132 
145 27 26 133 
146 26 94 133 
147 28 27 100 
148 100 27 133 
149 29 28 140 
150 28 100 140 
151 29 140 150 
152 31 30 143 
153 143 30 151 
154 32 31 134 
155 134 31 143 
156 33 32 96 
157 96 32 134 
158 34 33 146 
159 33 96 146 
160 35 34 99 
161 99 34 146 
162 36 35 141 
163 35 99 141 
164 36 141 153 
165 93 122 123 
166 122 93 124 
167 93 123 147 
168 124 93 149 
169 94 132 155 
170 133 94 154 
171 154 94 155 
172 104 95 105 
173 105 95 106 
174 106 95 129 
175 126 96 139 
176 96 126 146 
177 96 134 148 
178 139 96 148 
179 124 97 127 
180 97 124 149 
181 127 97 144 
182 97 131 144 
183 129 98 137 
184 98 130 137 
185 130 98 142 
186 120 99 126 
187 99 120 145 
188 126 99 146 
189 141 99 145 
190 100 133 156 
191 140 100 158 
192 100 156 158 
193 101 104 135 
194 101 135 143 
195 101 143 151 
196 102 123 130 
197 123 102 147 
198 102 130 142 
199 102 142 152 
200 132 103 157 
201 103 141 145 
202 141 103 153 
203 103 145 157 
204 104 105 135 
205 105 106 107 
206 105 107 117 
207 105 117 135 
208 107 106 108 
209 108 106 137 
210 106 129 137 
211 107 108 109 
212 107 109 138 
213 117 107 138 
214 109 108 110 
215 110 108 116 
216 116 108 137 
217 109 110 111 
218 109 111 112 
219 109 112 138 
220 111 110 136 
221 110 116 122 
222 110 122 136 
223 112 111 113 
224 113 111 114 
225 114 111 136 
226 112 113 115 
227 112 115 118 
228 112 118 138 
229 113 114 119 
230 115 113 128 
231 113 119 128 
232 119 114 125 
233 125 114 127 
234 127 114 136 
235 118 115 120 
236 120 115 121 
237 121 115 128 
238 122 116 123 
239 123 116 130 
240 130 116 137 
241 135 117 148 
242 117 138 139 
243 117 139 148 
244 118 120 126 
245 118 126 139 
246 138 118 139 
247 119 125 156 
248 128 119 154 
249 154 119 156 
250 120 121 145 
251 121 128 155 
252 145 121 157 
253 121 155 157 
254 122 124 136 
255 124 127 136 
256 125 127 144 
257 125 144 158 
258 156 125 158 
259 128 154 155 
260 140 131 150 
261 131 140 158 
262 144 131 158 
263 155 132 157 
264 133 154 156 
265 135 134 143 
266 134 135 148 
2 2 2 162
267 43 218 5 
268 5 218 44 
269 6 217 37 
270 58 217 6 
271 50 216 7 
272 7 216 57 
273 51 219 8 
274 8 219 64 
275 37 208 38 
276 37 217 208 
277 38 170 39 
278 38 208 170 
279 39 162 40 
280 39 170 162 
281 40 195 41 
282 162 195 40 
283 41 164 42 
284 41 195 164 
285 42 209 43 
286 164 209 42 
287 209 218 43 
288 44 168 45 
289 44 218 168 
290 45 213 46 
291 168 213 45 
292 46 159 47 
293 46 213 159 
294 47 215 48 
295 159 215 47 
296 48 163 49 
297 48 215 163 
298 49 197 50 
299 163 197 49 
300 197 216 50 
301 52 169 51 
302 169 219 51 
303 53 198 52 
304 52 198 169 
305 54 161 53 
306 161 198 53 
307 55 199 54 
308 54 199 161 
309 56 166 55 
310 166 199 55 
311 57 206 56 
312 56 206 166 
313 57 216 206 
314 59 167 58 
315 167 217 58 
316 60 200 59 
317 59 200 167 
318 61 160 60 
319 160 200 60 
320 62 212 61 
321 61 212 160 
322 63 165 62 
323 165 212 62 
324 64 207 63 
325 63 207 165 
326 64 219 207 
327 159 189 188 
328 188 190 159 
329 159 213 189 
330 190 215 159 
331 192 205 160 
332 160 212 192 
333 160 214 200 
334 205 214 160 
335 161 221 198 
336 199 220 161 
337 220 221 161 
338 170 171 162 
339 171 172 162 
340 172 195 162 
341 190 193 163 
342 163 215 190 
343 193 210 163 
344 163 210 197 
345 195 203 164 
346 164 203 196 
347 196 209 164 
348 186 192 165 
349 165 211 186 
350 192 212 165 
351 207 211 165 
352 166 222 199 
353 206 224 166 
354 166 224 222 
355 200 202 167 
356 202 208 167 
357 208 217 167 
358 168 196 189 
359 189 213 168 
360 168 209 196 
361 168 218 209 
362 198 223 169 
363 169 211 207 
364 207 219 169 
365 169 223 211 
366 170 202 171 
367 170 208 202 
368 171 173 172 
369 171 183 173 
370 171 202 183 
371 173 174 172 
372 174 203 172 
373 172 203 195 
374 173 175 174 
375 173 204 175 
376 183 204 173 
377 175 176 174 
378 176 182 174 
379 182 203 174 
380 175 177 176 
381 175 178 177 
382 175 204 178 
383 177 201 176 
384 176 188 182 
385 176 201 188 
386 178 179 177 
387 179 180 177 
388 180 201 177 
389 178 181 179 
390 178 184 181 
391 178 204 184 
392 179 185 180 
393 181 194 179 
394 179 194 185 
395 185 191 180 
396 191 193 180 
397 193 201 180 
398 184 186 181 
399 186 187 181 
400 187 194 181 
401 188 189 182 
402 189 196 182 
403 196 203 182 
404 202 214 183 
405 183 205 204 
406 183 214 205 
407 184 192 186 
408 184 205 192 
409 204 205 184 
410 185 222 191 
411 194 220 185 
412 220 222 185 
413 186 211 187 
414 187 221 194 
415 211 223 187 
416 187 223 221 
417 188 201 190 
418 190 201 193 
419 191 210 193 
420 191 224 210 
421 222 224 191 
422 194 221 220 
423 206 216 197 
424 197 224 206 
425 210 224 197 
426 221 223 198 
427 199 222 220 
428 200 214 202 
2 3 2 162
429 1 15 283 
430 72 1 283 
431 9 2 282 
432 2 65 282 
433 43 5 285 
434 5 78 285 
435 6 37 284 
436 71 6 284 
437 10 9 233 
438 233 9 282 
439 11 10 237 
440 10 233 237 
441 12 11 225 
442 225 11 237 
443 13 12 264 
444 12 225 264 
445 14 13 229 
446 229 13 264 
447 15 14 275 
448 14 229 275 
449 15 275 283 
450 37 38 272 
451 37 272 284 
452 38 39 230 
453 38 230 272 
454 39 40 265 
455 230 39 265 
456 40 41 227 
457 40 227 265 
458 41 42 266 
459 227 41 266 
460 42 43 234 
461 42 234 266 
462 234 43 285 
463 65 66 273 
464 65 273 282 
465 66 67 231 
466 66 231 273 
467 67 68 267 
468 231 67 267 
469 68 69 226 
470 68 226 267 
471 69 70 268 
472 226 69 268 
473 70 71 235 
474 70 235 268 
475 235 71 284 
476 73 72 236 
477 236 72 283 
478 74 73 281 
479 73 236 281 
480 75 74 228 
481 228 74 281 
482 76 75 278 
483 75 228 278 
484 77 76 232 
485 232 76 278 
486 78 77 274 
487 77 232 274 
488 78 274 285 
489 225 237 238 
490 225 238 239 
491 225 239 264 
492 254 226 268 
493 226 254 279 
494 267 226 279 
495 265 227 286 
496 227 266 288 
497 286 227 288 
498 255 228 256 
499 228 255 278 
500 256 228 257 
501 257 228 281 
502 259 229 263 
503 229 259 275 
504 263 229 264 
505 230 265 287 
506 272 230 290 
507 230 287 290 
508 231 267 280 
509 231 270 273 
510 270 231 280 
511 251 232 255 
512 232 251 277 
513 255 232 278 
514 274 232 277 
515 237 233 270 
516 270 233 273 
517 273 233 282 
518 266 234 289 
519 234 274 277 
520 274 234 285 
521 234 277 289 
522 268 235 276 
523 272 235 284 
524 235 272 290 
525 276 235 290 
526 257 236 259 
527 236 257 281 
528 259 236 275 
529 275 236 283 
530 238 237 270 
531 239 238 240 
532 240 238 269 
533 269 238 270 
534 239 240 241 
535 239 241 263 
536 239 263 264 
537 241 240 242 
538 242 240 243 
539 243 240 269 
540 241 242 271 
541 241 258 263 
542 258 241 271 
543 242 243 244 
544 242 244 245 
545 242 245 271 
546 244 243 261 
547 261 243 262 
548 262 243 269 
549 245 244 246 
550 246 244 247 
551 247 244 261 
552 245 246 248 
553 245 248 249 
554 245 249 271 
555 246 247 250 
556 248 246 260 
557 246 250 260 
558 250 247 253 
559 253 247 254 
560 254 247 261 
561 249 248 251 
562 251 248 252 
563 252 248 260 
564 249 251 255 
565 249 255 256 
566 249 256 271 
567 250 253 287 
568 260 250 286 
569 286 250 287 
570 251 252 277 
571 252 260 288 
572 277 252 289 
573 252 288 289 
574 253 254 276 
575 253 276 290 
576 287 253 290 
577 254 261 279 
578 254 268 276 
579 256 257 258 
580 256 258 271 
581 258 257 259 
582 258 259 263 
583 260 286 288 
584 261 262 279 
585 262 267 279 
586 267 262 280 
587 262 269 280 
588 265 286 287 
589 288 266 289 
590 269 270 280 
2 4 2 162
591 3 350 29 
592 86 350 3 
593 23 348 4 
594 4 348 79 
595 57 349 7 
596 7 349 92 
597 8 351 51 
598 85 351 8 
599 24 300 23 
600 300 348 23 
601 25 302 24 
602 24 302 300 
603 26 292 25 
604 292 302 25 
605 27 324 26 
606 26 324 292 
607 28 295 27 
608 295 324 27 
609 29 327 28 
610 28 327 295 
611 29 350 327 
612 51 299 52 
613 51 351 299 
614 52 328 53 
615 299 328 52 
616 53 294 54 
617 53 328 294 
618 54 329 55 
619 294 329 54 
620 55 296 56 
621 55 329 296 
622 56 339 57 
623 296 339 56 
624 339 349 57 
625 79 338 80 
626 79 348 338 
627 80 297 81 
628 80 338 297 
629 81 330 82 
630 297 330 81 
631 82 293 83 
632 82 330 293 
633 83 341 84 
634 293 341 83 
635 84 343 85 
636 341 343 84 
637 343 351 85 
638 87 340 86 
639 340 350 86 
640 88 298 87 
641 298 340 87 
642 89 331 88 
643 88 331 298 
644 90 291 89 
645 291 331 89 
646 91 332 90 
647 90 332 291 
648 92 301 91 
649 301 332 91 
650 92 349 301 
651 291 332 323 
652 323 344 291 
653 291 344 331 
654 292 303 302 
655 292 304 303 
656 292 324 304 
657 319 341 293 
658 293 345 319 
659 330 345 293 
660 328 355 294 
661 294 353 329 
662 294 355 353 
663 295 325 324 
664 295 326 325 
665 295 327 326 
666 329 354 296 
667 296 356 339 
668 354 356 296 
669 297 347 330 
670 297 338 337 
671 337 347 297 
672 326 340 298 
673 298 346 326 
674 331 346 298 
675 299 343 321 
676 321 352 299 
677 299 352 328 
678 299 351 343 
679 302 337 300 
680 337 338 300 
681 338 348 300 
682 301 342 332 
683 301 349 339 
684 339 356 301 
685 301 356 342 
686 303 337 302 
687 304 305 303 
688 305 315 303 
689 315 337 303 
690 304 306 305 
691 304 325 306 
692 324 325 304 
693 306 307 305 
694 307 335 305 
695 305 335 315 
696 306 308 307 
697 306 316 308 
698 306 325 316 
699 308 309 307 
700 309 310 307 
701 310 335 307 
702 308 334 309 
703 316 318 308 
704 318 334 308 
705 309 311 310 
706 309 313 311 
707 309 334 313 
708 311 312 310 
709 312 314 310 
710 314 335 310 
711 311 333 312 
712 313 317 311 
713 317 333 311 
714 312 319 314 
715 312 320 319 
716 312 333 320 
717 313 322 317 
718 313 323 322 
719 313 334 323 
720 319 345 314 
721 314 336 335 
722 314 345 336 
723 335 336 315 
724 336 347 315 
725 315 347 337 
726 316 346 318 
727 325 326 316 
728 326 346 316 
729 322 354 317 
730 317 353 333 
731 317 354 353 
732 331 344 318 
733 318 346 331 
734 318 344 334 
735 320 321 319 
736 321 341 319 
737 320 352 321 
738 333 355 320 
739 320 355 352 
740 321 343 341 
741 323 342 322 
742 342 356 322 
743 322 356 354 
744 332 342 323 
745 334 344 323 
746 327 340 326 
747 327 350 340 
748 352 355 328 
749 353 354 329 
750 336 345 330 
751 330 347 336 
752 353 355 333 
2 5 2 162
753 2 30 414 
754 65 2 414 
755 36 4 415 
756 4 79 415 
757 58 6 416 
758 6 71 416 
759 8 64 417 
760 85 8 417 
761 30 31 365 
762 30 365 414 
763 31 32 368 
764 365 31 368 
765 32 33 360 
766 32 360 368 
767 33 34 393 
768 360 33 393 
769 34 35 362 
770 34 362 393 
771 35 36 405 
772 362 35 405 
773 405 36 415 
774 59 58 366 
775 366 58 416 
776 60 59 395 
777 59 366 395 
778 61 60 359 
779 359 60 395 
780 62 61 396 
781 61 359 396 
782 63 62 361 
783 361 62 396 
784 64 63 397 
785 63 361 397 
786 64 397 417 
787 66 65 407 
788 407 65 414 
789 67 66 398 
790 398 66 407 
791 68 67 358 
792 358 67 398 
793 69 68 410 
794 68 358 410 
795 70 69 363 
796 363 69 410 
797 71 70 404 
798 70 363 404 
799 71 404 416 
800 79 80 367 
801 79 367 415 
802 80 81 411 
803 367 80 411 
804 81 82 357 
805 81 357 411 
806 82 83 413 
807 357 82 413 
808 83 84 364 
809 83 364 413 
810 84 85 406 
811 364 84 406 
812 406 85 417 
813 357 386 387 
814 386 357 388 
815 357 387 411 
816 388 357 413 
817 390 358 403 
818 358 390 410 
819 358 398 412 
820 403 358 412 
821 359 395 419 
822 396 359 418 
823 418 359 419 
824 368 360 369 
825 369 360 370 
826 370 360 393 
827 361 396 420 
828 397 361 422 
829 361 420 422 
830 393 362 401 
831 362 394 401 
832 394 362 405 
833 384 363 390 
834 363 384 409 
835 390 363 410 
836 404 363 409 
837 388 364 391 
838 364 388 413 
839 391 364 408 
840 364 406 408 
841 365 368 399 
842 365 399 407 
843 365 407 414 
844 395 366 421 
845 366 404 409 
846 404 366 416 
847 366 409 421 
848 367 387 394 
849 387 367 411 
850 367 394 405 
851 367 405 415 
852 368 369 399 
853 369 370 371 
854 369 371 381 
855 369 381 399 
856 371 370 372 
857 372 370 401 
858 370 393 401 
859 371 372 373 
860 371 373 402 
861 381 371 402 
862 373 372 374 
863 374 372 380 
864 380 372 401 
865 373 374 375 
866 373 375 376 
867 373 376 402 
868 375 374 400 
869 374 380 386 
870 374 386 400 
871 376 375 377 
872 377 375 378 
873 378 375 400 
874 376 377 379 
875 376 379 382 
876 376 382 402 
877 377 378 383 
878 379 377 392 
879 377 383 392 
880 383 378 389 
881 389 378 391 
882 391 378 400 
883 382 379 384 
884 384 379 385 
885 385 379 392 
886 386 380 387 
887 387 380 394 
888 394 380 401 
889 399 381 412 
890 381 402 403 
891 381 403 412 
892 382 384 390 
893 382 390 403 
894 402 382 403 
895 383 389 420 
896 392 383 418 
897 418 383 420 
898 384 385 409 
899 385 392 419 
900 409 385 421 
901 385 419 421 
902 386 388 400 
903 388 391 400 
904 389 391 408 
905 389 408 422 
906 420 389 422 
907 392 418 419 
908 419 395 421 
909 396 418 420 
910 406 397 408 
911 397 406 417 
912 408 397 422 
913 399 398 407 
914 398 399 412 
2 6 2 162
915 1 480 16 
916 72 480 1 
917 22 481 3 
918 3 481 86 
919 44 482 5 
920 5 482 78 
921 7 483 50 
922 92 483 7 
923 16 431 17 
924 16 480 431 
925 17 435 18 
926 431 435 17 
927 18 425 19 
928 18 435 425 
929 19 462 20 
930 425 462 19 
931 20 427 21 
932 20 462 427 
933 21 473 22 
934 427 473 21 
935 473 481 22 
936 45 470 44 
937 470 482 44 
938 46 428 45 
939 428 470 45 
940 47 463 46 
941 46 463 428 
942 48 426 47 
943 426 463 47 
944 49 464 48 
945 48 464 426 
946 50 432 49 
947 432 464 49 
948 50 483 432 
949 73 471 72 
950 471 480 72 
951 74 429 73 
952 429 471 73 
953 75 465 74 
954 74 465 429 
955 76 424 75 
956 424 465 75 
957 77 466 76 
958 76 466 424 
959 78 433 77 
960 433 466 77 
961 78 482 433 
962 86 434 87 
963 86 481 434 
964 87 479 88 
965 434 479 87 
966 88 423 89 
967 88 479 423 
968 89 477 90 
969 423 477 89 
970 90 430 91 
971 90 477 430 
972 91 472 92 
973 430 472 91 
974 472 483 92 
975 423 454 453 
976 453 477 423 
977 423 455 454 
978 423 479 455 
979 424 466 452 
980 452 476 424 
981 424 476 465 
982 435 436 425 
983 436 437 425 
984 437 462 425 
985 426 485 463 
986 464 486 426 
987 426 486 485 
988 427 459 457 
989 457 473 427 
990 427 462 459 
991 463 484 428 
992 428 488 470 
993 484 488 428 
994 465 478 429 
995 468 471 429 
996 429 478 468 
997 430 453 449 
998 449 475 430 
999 430 477 453 
1000 430 475 472 
1001 431 468 435 
1002 431 471 468 
1003 431 480 471 
1004 432 487 464 
1005 472 475 432 
1006 432 483 472 
1007 475 487 432 
1008 433 474 466 
1009 433 482 470 
1010 470 488 433 
1011 433 488 474 
1012 434 457 455 
1013 455 479 434 
1014 434 473 457 
1015 434 481 473 
1016 435 468 436 
1017 436 438 437 
1018 436 460 438 
1019 436 468 460 
1020 438 439 437 
1021 439 459 437 
1022 459 462 437 
1023 438 440 439 
1024 438 441 440 
1025 438 460 441 
1026 440 458 439 
1027 439 458 456 
1028 456 459 439 
1029 441 442 440 
1030 442 443 440 
1031 443 458 440 
1032 441 469 442 
1033 460 461 441 
1034 461 469 441 
1035 442 444 443 
1036 442 445 444 
1037 442 469 445 
1038 444 446 443 
1039 446 447 443 
1040 447 458 443 
1041 445 448 444 
1042 444 467 446 
1043 448 467 444 
1044 445 451 448 
1045 445 452 451 
1046 445 469 452 
1047 446 449 447 
1048 446 450 449 
1049 446 467 450 
1050 449 453 447 
1051 453 454 447 
1052 454 458 447 
1053 451 484 448 
1054 448 485 467 
1055 484 485 448 
1056 450 475 449 
1057 467 486 450 
1058 450 487 475 
1059 486 487 450 
1060 452 474 451 
1061 474 488 451 
1062 451 488 484 
1063 466 474 452 
1064 469 476 452 
1065 455 456 454 
1066 456 458 454 
1067 455 457 456 
1068 457 459 456 
1069 460 478 461 
1070 468 478 460 
1071 465 476 461 
1072 461 478 465 
1073 461 476 469 
1074 463 485 484 
1075 464 487 486 
1076 485 486 467 
3 1 4 2720
1077 487 516 464 576 
1078 517 579 466 599 
1079 538 602 559 659 
1080 538 564 182 573 
1081 543 614 178 627 
1082 464 516 197 576 
1083 536 612 539 684 
1084 489 522 521 646 
1085 522 528 521 646 
1086 466 517 232 579 
1087 385 580 518 626 
1088 518 580 494 626 
1089 515 522 495 548 
1090 535 575 494 597 
1091 518 494 567 626 
1092 204 178 614 627 
1093 538 500 559 602 
1094 204 614 535 627 
1095 496 511 521 542 
1096 548 529 630 687 
1097 548 630 557 687 
1098 506 490 557 619 
1099 556 704 590 706 
1100 521 542 511 546 
1101 535 614 543 627 
1102 547 559 500 602 
1103 506 559 602 659 
1104 538 552 493 559 
1105 132 523 157 578 
1106 278 255 620 660 
1107 491 508 531 561 
1108 197 516 464 692 
1109 499 542 521 546 
1110 511 521 497 549 
1111 528 549 503 558 
1112 385 518 567 626 
1113 506 557 490 687 
1114 382 553 512 580 
1115 490 506 547 576 
1116 538 573 602 659 
1117 203 182 538 564 
1118 536 539 492 684 
1119 539 612 536 666 
1120 492 539 536 666 
1121 201 576 547 602 
1122 549 558 528 621 
1123 278 620 424 660 
1124 467 506 588 619 
1125 255 513 620 660 
1126 121 525 523 640 
1127 536 508 612 684 
1128 496 514 550 700 
1129 117 550 542 556 
1130 508 531 561 708 
1131 506 576 490 619 
1132 492 507 532 539 
1133 220 505 185 565 
1134 255 579 513 660 
1135 382 402 600 691 
1136 497 521 511 546 
1137 538 559 493 659 
1138 496 550 542 700 
1139 496 521 511 534 
1140 505 565 220 613 
1141 489 522 529 657 
1142 385 567 518 693 
1143 185 505 194 584 
1144 510 548 529 630 
1145 117 556 542 677 
1146 514 527 496 541 
1147 466 274 232 517 
1148 382 639 402 691 
1149 521 528 497 549 
1150 503 528 521 549 
1151 514 525 492 544 
1152 522 532 529 657 
1153 496 521 534 676 
1154 467 576 506 619 
1155 496 514 541 550 
1156 496 542 521 700 
1157 491 531 508 644 
1158 220 194 185 505 
1159 496 530 521 676 
1160 535 543 500 627 
1161 494 575 601 690 
1162 537 667 530 673 
1163 278 579 255 660 
1164 493 528 513 563 
1165 196 182 564 573 
1166 492 527 514 544 
1167 505 185 565 674 
1168 553 594 537 705 
1169 495 532 507 540 
1170 513 528 493 558 
1171 523 525 492 640 
1172 243 635 562 676 
1173 500 552 538 559 
1174 492 525 514 643 
1175 464 197 163 576 
1176 495 515 548 581 
1177 382 553 639 691 
1178 243 562 261 676 
1179 521 522 497 528 
1180 510 490 560 577 
1181 532 540 539 632 
1182 506 602 573 659 
1183 144 571 519 698 
1184 243 261 591 676 
1185 496 527 521 530 
1186 196 564 517 573 
1187 504 601 575 690 
1188 492 514 554 643 
1189 498 604 560 637 
1190 507 640 492 678 
1191 194 505 220 613 
1192 96 550 368 622 
1193 203 564 538 641 
1194 493 564 538 573 
1195 496 521 527 700 
1196 242 549 534 661 
1197 540 604 498 637 
1198 505 584 185 674 
1199 498 539 532 540 
1200 491 508 561 574 
1201 513 549 528 621 
1202 333 587 505 650 
1203 489 529 532 657 
1204 96 368 360 622 
1205 522 529 495 548 
1206 502 529 522 548 
1207 382 512 390 580 
1208 493 538 564 668 
1209 500 602 538 627 
1210 121 120 525 640 
1211 532 539 507 632 
1212 108 107 546 649 
1213 515 533 522 548 
1214 511 534 521 549 
1215 507 495 540 610 
1216 128 507 119 592 
1217 237 590 704 706 
1218 492 539 532 708 
1219 500 547 602 627 
1220 448 467 506 588 
1221 309 560 604 637 
1222 493 573 538 659 
1223 128 154 119 507 
1224 496 541 527 691 
1225 532 507 540 632 
1226 495 522 515 688 
1227 525 622 401 642 
1228 495 571 507 688 
1229 403 512 382 600 
1230 489 532 529 664 
1231 492 532 531 708 
1232 528 549 513 681 
1233 496 527 530 691 
1234 507 523 492 640 
1235 524 590 550 672 
1236 277 232 517 579 
1237 530 667 601 673 
1238 511 496 534 669 
1239 513 528 558 621 
1240 141 525 362 578 
1241 511 556 496 669 
1242 432 197 464 692 
1243 261 562 243 635 
1244 539 684 612 708 
1245 333 583 505 587 
1246 537 552 489 667 
1247 511 497 546 710 
1248 537 553 501 594 
1249 413 388 624 665 
1250 571 592 507 688 
1251 492 514 527 678 
1252 494 512 562 676 
1253 527 541 514 544 
1254 104 590 556 704 
1255 497 511 549 710 
1256 521 503 534 676 
1257 201 190 576 602 
1258 477 638 453 648 
1259 507 571 495 610 
1260 302 523 132 578 
1261 490 510 647 687 
1262 368 550 134 590 
1263 261 655 591 676 
1264 521 667 503 676 
1265 505 650 647 674 
1266 353 613 565 650 
1267 502 522 528 681 
1268 574 624 388 665 
1269 511 542 496 556 
1270 453 638 577 648 
1271 495 581 571 631 
1272 490 510 560 647 
1273 128 507 592 640 
1274 491 569 509 644 
1275 333 505 583 613 
1276 513 493 563 579 
1277 503 521 534 549 
1278 502 533 522 681 
1279 491 508 551 644 
1280 493 517 564 573 
1281 490 576 547 595 
1282 537 552 667 673 
1283 261 562 655 676 
1284 505 572 194 584 
1285 413 388 574 624 
1286 485 448 467 506 
1287 385 409 518 580 
1288 494 553 537 705 
1289 492 532 507 678 
1290 103 132 157 578 
1291 494 537 530 673 
1292 491 561 531 683 
1293 491 531 545 683 
1294 392 509 383 594 
1295 278 424 579 660 
1296 201 193 547 576 
1297 509 594 392 626 
1298 531 664 683 708 
1299 512 494 562 580 
1300 508 624 574 665 
1301 490 510 557 577 
1302 509 569 551 644 
1303 477 577 453 638 
1304 511 661 549 710 
1305 521 522 489 657 
1306 587 647 505 650 
1307 494 553 512 691 
1308 508 491 551 574 
1309 388 574 508 607 
1310 521 499 546 671 
1311 538 504 668 673 
1312 531 683 561 708 
1313 494 609 575 690 
1314 485 506 467 616 
1315 569 574 520 636 
1316 569 572 491 625 
1317 521 522 499 671 
1318 121 145 523 525 
1319 495 519 571 581 
1320 448 506 485 616 
1321 506 576 467 616 
1322 501 541 527 544 
1323 194 572 505 613 
1324 185 584 180 674 
1325 499 521 542 700 
1326 119 507 154 608 
1327 521 530 667 676 
1328 550 590 399 672 
1329 550 556 135 590 
1330 120 525 640 643 
1331 329 199 565 613 
1332 392 418 383 509 
1333 496 527 514 700 
1334 399 550 368 590 
1335 548 557 502 687 
1336 494 530 601 673 
1337 507 532 495 688 
1338 308 309 604 637 
1339 112 617 554 634 
1340 103 300 132 578 
1341 477 291 638 648 
1342 515 495 555 631 
1343 492 554 514 678 
1344 527 531 501 684 
1345 308 604 540 637 
1346 521 530 527 663 
1347 531 664 545 683 
1348 504 564 538 668 
1349 496 512 591 600 
1350 490 547 506 559 
1351 538 668 552 673 
1352 317 333 353 650 
1353 515 581 495 631 
1354 347 665 612 666 
1355 506 448 588 589 
1356 203 538 174 641 
1357 520 491 569 572 
1358 154 507 128 629 
1359 571 631 519 698 
1360 489 657 532 664 
1361 489 552 537 662 
1362 584 683 572 696 
1363 507 523 632 666 
1364 537 489 663 667 
1365 302 132 300 578 
1366 555 592 571 688 
1367 241 549 242 661 
1368 277 232 274 517 
1369 527 501 544 684 
1370 529 548 502 687 
1371 490 647 650 674 
1372 514 541 550 672 
1373 501 527 541 691 
1374 413 574 293 624 
1375 185 180 595 674 
1376 529 532 522 688 
1377 509 569 383 594 
1378 519 571 581 631 
1379 390 382 403 512 
1380 507 523 629 632 
1381 529 548 510 697 
1382 502 522 533 548 
1383 489 529 522 646 
1384 401 525 642 658 
1385 174 203 182 538 
1386 128 629 507 640 
1387 523 629 632 666 
1388 557 506 588 687 
1389 508 574 388 665 
1390 190 576 602 616 
1391 329 565 353 613 
1392 199 220 565 613 
1393 413 624 293 665 
1394 347 536 665 666 
1395 383 509 418 603 
1396 510 490 557 687 
1397 547 576 506 602 
1398 530 537 663 667 
1399 99 393 525 622 
1400 520 572 569 625 
1401 644 663 537 664 
1402 490 647 560 650 
1403 388 400 574 607 
1404 542 550 117 617 
1405 421 385 409 693 
1406 402 541 600 691 
1407 402 639 541 691 
1408 551 574 400 607 
1409 491 574 561 679 
1410 550 622 514 672 
1411 553 626 594 705 
1412 368 96 134 550 
1413 507 571 119 592 
1414 498 540 532 697 
1415 392 418 509 603 
1416 493 513 558 579 
1417 494 512 553 580 
1418 492 525 523 536 
1419 622 642 514 672 
1420 612 665 536 666 
1421 512 600 403 654 
1422 489 537 663 664 
1423 506 490 559 687 
1424 119 571 507 608 
1425 557 630 548 633 
1426 513 549 585 681 
1427 509 491 644 696 
1428 498 683 664 708 
1429 495 515 555 688 
1430 509 594 626 705 
1431 560 604 498 697 
1432 565 613 505 650 
1433 498 532 529 697 
1434 506 602 576 616 
1435 540 498 604 697 
1436 501 663 527 691 
1437 491 545 531 644 
1438 507 632 539 666 
1439 529 647 510 687 
1440 644 664 537 696 
1441 554 634 617 700 
1442 534 549 242 635 
1443 443 630 557 633 
1444 527 663 530 691 
1445 517 493 564 711 
1446 502 557 548 633 
1447 494 518 567 597 
1448 489 662 537 664 
1449 491 509 543 696 
1450 490 516 565 593 
1451 592 640 507 678 
1452 101 237 233 590 
1453 496 550 541 672 
1454 393 362 99 525 
1455 508 612 684 708 
1456 185 595 565 674 
1457 405 141 362 578 
1458 506 557 588 619 
1459 512 600 496 691 
1460 542 617 138 634 
1461 476 424 620 660 
1462 537 664 662 696 
1463 112 138 617 634 
1464 510 577 560 638 
1465 383 569 509 603 
1466 135 550 117 556 
1467 560 577 490 593 
1468 535 500 543 705 
1469 385 518 409 693 
1470 601 667 552 673 
1471 446 467 588 619 
1472 497 521 546 671 
1473 154 608 507 629 
1474 524 399 590 672 
1475 572 584 505 683 
1476 135 556 104 590 
1477 512 496 591 676 
1478 519 571 144 651 
1479 493 552 528 646 
1480 189 616 573 618 
1481 490 593 565 650 
1482 504 538 535 673 
1483 514 622 525 642 
1484 393 401 525 622 
1485 551 594 509 644 
1486 391 551 569 574 
1487 362 141 99 525 
1488 561 574 508 624 
1489 392 603 509 626 
1490 391 551 378 569 
1491 390 580 512 654 
1492 293 624 574 703 
1493 243 534 635 676 
1494 477 291 577 638 
1495 243 591 534 676 
1496 390 512 403 654 
1497 497 522 521 671 
1498 577 638 510 648 
1499 493 646 528 659 
1500 369 622 550 672 
1501 375 551 607 639 
1502 378 383 569 594 
1503 493 552 646 659 
1504 178 584 543 627 
1505 521 657 527 700 
1506 521 499 657 700 
1507 490 650 565 674 
1508 523 525 145 578 
1509 490 576 595 619 
1510 503 558 549 635 
1511 516 490 565 595 
1512 203 196 182 564 
1513 499 522 521 657 
1514 514 527 678 700 
1515 529 662 647 687 
1516 347 336 612 665 
1517 525 544 514 642 
1518 549 661 585 710 
1519 425 628 606 670 
1520 408 574 569 636 
1521 513 585 549 621 
1522 535 538 504 641 
1523 367 536 297 578 
1524 448 589 506 616 
1525 514 550 617 622 
1526 193 547 576 595 
1527 497 549 528 681 
1528 568 701 526 710 
1529 509 537 594 705 
1530 273 524 407 590 
1531 196 517 564 653 
1532 125 144 127 571 
1533 491 583 520 679 
1534 503 528 558 668 
1535 558 621 549 635 
1536 526 130 582 710 
1537 533 548 515 652 
1538 388 607 508 665 
1539 237 590 104 704 
1540 497 549 585 710 
1541 490 595 516 619 
1542 528 493 558 668 
1543 493 623 564 711 
1544 495 571 555 631 
1545 121 120 145 525 
1546 297 367 411 536 
1547 506 559 547 602 
1548 543 491 572 625 
1549 175 204 535 627 
1550 646 662 529 687 
1551 130 526 701 710 
1552 309 587 560 637 
1553 196 573 517 618 
1554 553 494 580 626 
1555 501 607 551 639 
1556 496 591 524 600 
1557 502 528 563 681 
1558 130 701 568 710 
1559 524 556 550 590 
1560 542 550 496 556 
1561 393 401 362 525 
1562 492 531 527 684 
1563 514 678 554 700 
1564 513 579 563 660 
1565 529 662 646 664 
1566 347 612 336 666 
1567 512 496 676 691 
1568 521 530 663 667 
1569 497 585 549 681 
1570 581 628 462 698 
1571 544 642 525 658 
1572 520 491 572 583 
1573 378 569 551 594 
1574 567 626 494 705 
1575 560 647 587 650 
1576 601 668 504 673 
1577 491 551 569 644 
1578 617 634 542 700 
1579 245 621 558 635 
1580 512 580 562 655 
1581 453 577 510 648 
1582 317 353 565 650 
1583 534 496 591 706 
1584 509 644 537 696 
1585 528 563 493 659 
1586 492 527 531 678 
1587 492 531 532 678 
1588 564 623 493 668 
1589 545 664 498 683 
1590 532 657 522 688 
1591 565 595 490 674 
1592 99 146 393 622 
1593 494 601 609 690 
1594 543 584 572 696 
1595 461 476 620 660 
1596 148 550 96 622 
1597 491 561 583 679 
1598 447 577 557 630 
1599 532 539 498 708 
1600 492 640 554 678 
1601 491 520 574 679 
1602 527 657 531 678 
1603 461 620 611 660 
1604 374 607 544 639 
1605 551 569 509 594 
1606 492 527 544 684 
1607 134 550 135 590 
1608 563 579 493 599 
1609 453 510 577 630 
1610 502 563 633 681 
1611 466 599 579 660 
1612 535 597 173 641 
1613 647 662 529 664 
1614 201 190 193 576 
1615 492 544 525 658 
1616 531 657 532 678 
1617 365 368 134 590 
1618 148 117 550 617 
1619 494 626 553 705 
1620 514 544 541 642 
1621 270 590 237 706 
1622 516 576 487 619 
1623 130 568 137 710 
1624 144 571 125 651 
1625 317 353 354 565 
1626 222 220 185 565 
1627 188 573 189 616 
1628 240 661 534 669 
1629 508 607 536 665 
1630 545 683 584 696 
1631 547 180 584 674 
1632 521 528 503 667 
1633 277 579 517 711 
1634 484 589 616 618 
1635 611 633 563 681 
1636 545 662 664 696 
1637 607 658 536 665 
1638 223 211 187 520 
1639 526 497 582 606 
1640 368 550 399 672 
1641 543 614 535 705 
1642 504 575 535 641 
1643 498 647 560 697 
1644 489 529 646 664 
1645 526 582 497 710 
1646 259 585 568 701 
1647 562 580 494 609 
1648 554 592 112 634 
1649 237 101 104 590 
1650 157 523 145 578 
1651 507 592 532 688 
1652 497 528 522 681 
1653 373 374 544 639 
1654 116 130 137 710 
1655 329 354 353 565 
1656 199 220 222 565 
1657 543 500 696 705 
1658 536 607 508 684 
1659 542 556 511 677 
1660 249 579 558 621 
1661 489 646 662 664 
1662 362 525 394 578 
1663 513 579 255 621 
1664 501 531 527 663 
1665 494 597 575 609 
1666 500 559 547 709 
1667 502 563 528 659 
1668 365 134 143 590 
1669 307 308 540 637 
1670 493 517 573 599 
1671 175 178 204 627 
1672 560 647 510 697 
1673 526 566 497 606 
1674 502 528 522 646 
1675 99 622 525 643 
1676 386 658 607 665 
1677 291 577 638 682 
1678 495 548 529 697 
1679 544 607 501 639 
1680 551 644 508 684 
1681 548 630 458 633 
1682 519 495 570 596 
1683 529 510 647 697 
1684 114 555 571 631 
1685 189 159 616 618 
1686 582 628 93 670 
1687 531 644 545 664 
1688 531 508 644 684 
1689 519 581 495 596 
1690 545 664 644 696 
1691 503 552 528 668 
1692 505 584 545 683 
1693 116 582 130 710 
1694 547 595 180 674 
1695 181 543 572 625 
1696 210 576 516 595 
1697 466 579 424 660 
1698 501 551 607 684 
1699 536 578 394 658 
1700 516 595 576 619 
1701 302 337 523 578 
1702 453 510 630 648 
1703 365 399 368 590 
1704 443 458 630 633 
1705 375 594 551 639 
1706 536 658 607 684 
1707 528 513 563 681 
1708 263 568 259 585 
1709 492 684 539 708 
1710 148 134 96 550 
1711 497 522 533 681 
1712 501 644 551 684 
1713 457 581 519 596 
1714 273 398 407 524 
1715 369 642 622 672 
1716 135 104 101 590 
1717 270 233 237 590 
1718 420 603 396 636 
1719 573 616 589 618 
1720 493 573 589 599 
1721 141 145 525 578 
1722 496 550 524 556 
1723 516 490 577 593 
1724 194 572 181 584 
1725 354 317 565 650 
1726 119 571 114 592 
1727 524 591 496 706 
1728 490 560 593 650 
1729 495 532 540 697 
1730 296 199 166 565 
1731 521 527 657 663 
1732 558 623 493 711 
1733 510 548 596 697 
1734 329 199 296 565 
1735 496 600 524 672 
1736 522 529 502 646 
1737 561 574 624 679 
1738 606 628 582 670 
1739 456 548 581 596 
1740 391 378 389 569 
1741 446 588 557 619 
1742 362 394 405 578 
1743 363 580 654 699 
1744 538 552 500 673 
1745 523 536 525 578 
1746 575 597 535 641 
1747 263 568 585 661 
1748 375 607 374 639 
1749 506 659 588 687 
1750 420 569 603 636 
1751 495 519 570 610 
1752 495 529 522 688 
1753 505 647 545 674 
1754 491 572 683 696 
1755 171 597 575 641 
1756 528 552 493 668 
1757 116 137 649 710 
1758 537 509 594 644 
1759 506 559 659 687 
1760 531 663 644 664 
1761 157 121 145 523 
1762 554 640 592 678 
1763 465 476 424 620 
1764 394 536 387 578 
1765 568 585 526 701 
1766 559 647 662 687 
1767 508 574 551 607 
1768 501 537 594 644 
1769 493 552 538 668 
1770 577 593 560 638 
1771 503 530 601 676 
1772 491 520 569 574 
1773 495 555 571 688 
1774 559 662 646 687 
1775 493 559 552 659 
1776 543 584 500 627 
1777 552 668 601 673 
1778 344 604 638 648 
1779 303 632 629 666 
1780 495 532 529 688 
1781 558 493 579 711 
1782 462 628 149 698 
1783 171 173 597 641 
1784 255 620 513 621 
1785 496 524 550 672 
1786 114 571 127 631 
1787 517 493 579 599 
1788 524 496 556 706 
1789 408 389 569 574 
1790 302 300 337 578 
1791 495 571 519 610 
1792 271 549 621 635 
1793 318 604 344 648 
1794 443 557 588 633 
1795 459 581 462 698 
1796 516 577 490 619 
1797 449 557 447 577 
1798 148 139 117 617 
1799 114 571 555 592 
1800 484 616 463 618 
1801 391 400 551 574 
1802 278 424 232 579 
1803 138 112 109 634 
1804 181 572 543 584 
1805 532 592 507 678 
1806 495 529 532 697 
1807 492 525 536 658 
1808 398 273 231 524 
1809 227 164 195 564 
1810 249 255 579 621 
1811 517 579 493 711 
1812 227 266 164 564 
1813 453 577 447 630 
1814 440 548 633 652 
1815 497 533 522 671 
1816 522 533 515 671 
1817 297 536 337 578 
1818 474 517 488 702 
1819 532 657 531 664 
1820 518 597 494 609 
1821 291 638 332 682 
1822 271 621 245 635 
1823 468 566 526 606 
1824 291 430 477 577 
1825 568 649 137 710 
1826 232 424 466 579 
1827 497 606 533 671 
1828 188 189 159 616 
1829 519 581 457 698 
1830 203 605 564 641 
1831 531 657 527 663 
1832 494 597 567 705 
1833 498 529 532 664 
1834 291 344 638 648 
1835 519 689 144 698 
1836 462 581 459 628 
1837 511 546 542 677 
1838 439 456 548 581 
1839 538 564 504 641 
1840 307 309 308 637 
1841 457 596 519 680 
1842 518 494 580 609 
1843 387 411 367 536 
1844 526 582 130 670 
1845 448 444 467 588 
1846 259 526 585 701 
1847 495 596 548 697 
1848 558 586 245 635 
1849 535 538 500 673 
1850 559 646 552 659 
1851 539 540 498 637 
1852 188 602 573 616 
1853 461 566 611 620 
1854 425 93 628 670 
1855 533 502 633 681 
1856 560 587 498 637 
1857 367 387 536 578 
1858 392 567 603 626 
1859 337 523 578 666 
1860 175 627 535 641 
1861 388 386 607 665 
1862 262 591 261 655 
1863 251 558 249 579 
1864 402 403 382 600 
1865 391 569 389 574 
1866 162 230 265 575 
1867 392 567 419 603 
1868 191 565 185 595 
1869 494 601 562 609 
1870 534 549 511 661 
1871 297 536 411 665 
1872 384 553 382 580 
1873 148 96 139 622 
1874 611 620 513 660 
1875 553 580 384 626 
1876 499 634 554 700 
1877 510 596 548 630 
1878 424 278 465 620 
1879 536 612 508 665 
1880 185 191 222 565 
1881 211 520 223 675 
1882 521 663 657 667 
1883 338 367 297 578 
1884 492 536 523 666 
1885 491 583 561 683 
1886 567 597 214 614 
1887 384 580 385 626 
1888 363 654 226 699 
1889 436 425 606 670 
1890 501 607 544 684 
1891 580 655 654 699 
1892 537 662 552 673 
1893 499 555 634 671 
1894 243 261 262 591 
1895 260 623 605 690 
1896 563 493 589 599 
1897 359 395 160 567 
1898 500 538 535 627 
1899 503 601 562 676 
1900 657 663 531 664 
1901 401 622 370 642 
1902 158 144 125 651 
1903 582 615 122 628 
1904 562 609 601 690 
1905 580 609 562 655 
1906 525 394 578 658 
1907 114 125 127 571 
1908 373 639 544 642 
1909 515 615 582 628 
1910 117 105 556 677 
1911 490 547 559 709 
1912 408 569 389 636 
1913 262 279 654 655 
1914 463 616 159 618 
1915 372 401 642 658 
1916 459 628 581 652 
1917 496 541 600 672 
1918 496 600 541 691 
1919 178 181 543 584 
1920 522 671 515 688 
1921 179 185 194 584 
1922 446 467 444 588 
1923 569 625 603 636 
1924 326 570 519 610 
1925 511 649 546 677 
1926 337 578 536 666 
1927 177 547 180 584 
1928 579 599 563 660 
1929 260 605 286 690 
1930 383 420 569 603 
1931 373 375 374 639 
1932 182 538 573 602 
1933 526 497 566 585 
1934 515 533 606 671 
1935 535 673 500 705 
1936 536 658 387 665 
1937 519 570 326 680 
1938 581 631 628 698 
1939 499 592 554 634 
1940 526 566 468 695 
1941 543 696 509 705 
1942 559 662 647 709 
1943 262 654 591 655 
1944 493 623 558 668 
1945 465 278 228 620 
1946 99 141 145 525 
1947 203 172 605 641 
1948 116 649 546 710 
1949 491 545 644 696 
1950 529 647 498 697 
1951 261 244 562 635 
1952 205 603 567 614 
1953 379 553 384 626 
1954 491 569 551 574 
1955 392 419 567 626 
1956 93 582 122 628 
1957 585 661 568 710 
1958 361 420 396 636 
1959 673 696 500 705 
1960 494 601 535 673 
1961 515 671 555 688 
1962 460 566 533 611 
1963 116 546 582 710 
1964 532 592 678 688 
1965 514 642 541 672 
1966 210 595 516 656 
1967 488 517 474 599 
1968 556 590 524 706 
1969 458 440 548 633 
1970 386 387 658 665 
1971 226 654 655 699 
1972 98 264 129 568 
1973 248 623 558 711 
1974 165 603 625 636 
1975 196 618 517 702 
1976 468 606 526 670 
1977 99 146 622 643 
1978 499 555 671 688 
1979 542 546 499 634 
1980 551 594 501 639 
1981 533 566 460 606 
1982 248 245 558 586 
1983 179 180 185 584 
1984 530 676 496 691 
1985 183 173 535 597 
1986 307 540 632 637 
1987 274 277 517 702 
1988 437 628 459 652 
1989 248 558 251 711 
1990 498 587 647 683 
1991 179 194 181 584 
1992 436 606 425 628 
1993 537 696 673 705 
1994 615 634 555 671 
1995 491 543 572 696 
1996 582 606 497 671 
1997 197 210 516 656 
1998 143 134 135 590 
1999 533 633 611 681 
2000 175 535 173 641 
2001 498 647 545 683 
2002 537 509 696 705 
2003 439 581 548 652 
2004 271 242 549 635 
2005 498 561 683 708 
2006 526 670 130 685 
2007 548 581 515 652 
2008 135 117 105 556 
2009 229 264 98 568 
2010 504 535 601 673 
2011 530 503 667 676 
2012 258 585 549 661 
2013 184 178 543 614 
2014 115 112 554 592 
2015 338 297 337 578 
2016 443 557 446 588 
2017 363 410 226 654 
2018 541 544 501 639 
2019 570 604 318 648 
2020 124 628 615 631 
2021 440 439 548 652 
2022 111 114 555 592 
2023 519 631 581 698 
2024 558 579 251 711 
2025 502 548 533 633 
2026 123 582 93 670 
2027 524 600 412 672 
2028 316 570 540 604 
2029 526 685 130 701 
2030 377 392 383 594 
2031 460 533 441 611 
2032 503 549 534 635 
2033 501 531 644 684 
2034 263 259 258 585 
2035 391 388 400 574 
2036 517 653 196 702 
2037 368 369 550 672 
2038 261 243 244 635 
2039 575 605 171 641 
2040 413 388 364 574 
2041 367 394 387 578 
2042 259 585 526 695 
2043 394 387 536 658 
2044 116 582 546 615 
2045 528 646 502 659 
2046 564 605 288 623 
2047 196 189 573 618 
2048 310 561 587 637 
2049 408 389 422 636 
2050 499 678 592 688 
2051 530 503 601 667 
2052 495 570 540 610 
2053 463 213 428 618 
2054 260 288 605 623 
2055 534 591 496 676 
2056 497 585 526 710 
2057 93 425 147 670 
2058 204 173 175 535 
2059 502 588 557 633 
2060 557 490 577 619 
2061 373 544 372 642 
2062 533 633 548 652 
2063 525 622 514 643 
2064 536 578 523 666 
2065 411 536 387 665 
2066 545 584 505 674 
2067 162 170 230 575 
2068 270 524 273 590 
2069 346 570 318 648 
2070 475 516 487 619 
2071 407 524 399 590 
2072 378 551 375 594 
2073 382 553 376 639 
2074 506 589 573 616 
2075 131 144 689 698 
2076 453 449 447 577 
2077 582 606 515 628 
2078 200 160 395 567 
2079 497 566 533 606 
2080 548 495 581 596 
2081 545 584 674 709 
2082 547 584 177 627 
2083 373 374 372 544 
2084 382 384 379 553 
2085 224 595 210 656 
2086 400 378 391 551 
2087 520 675 636 703 
2088 178 177 584 627 
2089 518 580 409 699 
2090 528 552 503 667 
2091 466 452 599 660 
2092 448 484 589 616 
2093 263 585 258 661 
2094 302 132 523 629 
2095 309 310 587 637 
2096 525 578 536 658 
2097 392 419 418 603 
2098 438 441 460 533 
2099 605 623 504 690 
2100 241 258 549 661 
2101 211 636 520 675 
2102 489 663 657 664 
2103 475 577 516 619 
2104 376 553 379 594 
2105 460 438 533 606 
2106 557 577 449 619 
2107 461 476 465 620 
2108 478 566 461 620 
2109 227 564 195 605 
2110 111 112 592 634 
2111 307 540 306 632 
2112 196 189 182 573 
2113 308 306 307 540 
2114 520 625 569 636 
2115 467 576 486 616 
2116 378 377 383 594 
2117 573 602 506 616 
2118 516 577 475 682 
2119 135 148 117 550 
2120 126 622 146 643 
2121 251 249 255 579 
2122 324 133 94 629 
2123 94 292 324 629 
2124 104 556 105 704 
2125 440 633 533 652 
2126 647 687 559 709 
2127 441 533 440 633 
2128 538 627 174 641 
2129 244 586 562 635 
2130 372 642 544 658 
2131 557 577 510 630 
2132 205 567 214 614 
2133 197 656 516 692 
2134 293 341 624 703 
2135 503 586 558 635 
2136 309 313 560 587 
2137 191 185 180 595 
2138 260 246 623 690 
2139 535 627 538 641 
2140 175 174 627 641 
2141 456 458 548 596 
2142 160 567 205 603 
2143 178 179 181 584 
2144 586 623 246 690 
2145 179 177 180 584 
2146 384 382 390 580 
2147 463 159 213 618 
2148 487 516 475 692 
2149 526 695 685 701 
2150 438 440 441 533 
2151 169 211 223 675 
2152 352 520 321 675 
2153 172 171 605 641 
2154 269 534 243 591 
2155 326 519 680 689 
2156 183 171 173 597 
2157 385 384 409 580 
2158 324 608 133 629 
2159 180 547 193 595 
2160 305 632 539 637 
2161 615 628 515 631 
2162 199 294 161 613 
2163 329 294 199 613 
2164 446 447 449 557 
2165 124 122 615 628 
2166 116 546 110 615 
2167 303 523 337 666 
2168 276 609 290 699 
2169 316 540 570 610 
2170 513 585 566 681 
2171 408 391 389 574 
2172 182 176 538 602 
2173 534 661 511 669 
2174 280 591 262 707 
2175 111 592 555 634 
2176 248 586 558 623 
2177 369 370 622 642 
2178 558 579 513 621 
2179 198 161 328 645 
2180 294 328 161 645 
2181 181 184 543 625 
2182 307 632 305 637 
2183 345 624 612 665 
2184 493 563 589 659 
2185 193 180 201 547 
2186 310 561 312 587 
2187 326 651 519 689 
2188 457 680 519 689 
2189 310 612 561 637 
2190 248 246 245 586 
2191 162 575 265 605 
2192 214 597 567 693 
2193 458 443 440 633 
2194 539 632 540 637 
2195 372 374 380 544 
2196 495 540 570 697 
2197 294 161 613 645 
2198 570 596 495 697 
2199 131 144 158 689 
2200 486 576 467 619 
2201 380 544 374 658 
2202 440 533 438 652 
2203 183 597 535 614 
2204 372 544 380 658 
2205 474 488 433 702 
2206 419 567 359 603 
2207 293 624 345 665 
2208 177 602 547 627 
2209 309 310 311 587 
2210 352 645 520 675 
2211 636 675 408 703 
2212 352 321 520 679 
2213 243 534 242 635 
2214 251 248 249 558 
2215 240 242 243 534 
2216 449 446 557 619 
2217 513 611 566 620 
2218 291 331 344 648 
2219 509 626 567 705 
2220 305 632 303 666 
2221 572 583 491 683 
2222 458 439 456 548 
2223 468 685 526 695 
2224 477 331 291 648 
2225 468 670 526 685 
2226 334 309 560 604 
2227 507 610 540 632 
2228 492 658 536 684 
2229 544 607 374 658 
2230 409 694 518 699 
2231 359 567 160 603 
2232 149 628 124 631 
2233 128 119 113 592 
2234 201 547 177 602 
2235 113 119 114 592 
2236 324 100 133 608 
2237 244 247 562 586 
2238 685 695 259 701 
2239 240 243 269 534 
2240 457 689 519 698 
2241 518 575 597 609 
2242 442 588 563 633 
2243 492 531 684 708 
2244 269 669 534 706 
2245 398 524 231 707 
2246 544 639 541 642 
2247 241 258 271 549 
2248 115 113 112 592 
2249 326 610 519 651 
2250 526 585 568 710 
2251 504 623 564 668 
2252 335 539 315 612 
2253 278 255 228 620 
2254 277 653 517 702 
2255 399 524 412 672 
2256 468 566 478 695 
2257 111 113 114 592 
2258 617 622 139 643 
2259 347 536 297 665 
2260 176 174 182 538 
2261 179 178 177 584 
2262 329 296 354 565 
2263 222 166 199 565 
2264 269 534 591 706 
2265 271 245 242 635 
2266 335 305 539 637 
2267 113 111 112 592 
2268 308 316 540 604 
2269 240 534 269 669 
2270 191 565 595 656 
2271 315 612 539 666 
2272 497 533 566 681 
2273 526 259 695 701 
2274 517 618 488 702 
2275 402 371 541 639 
2276 183 535 204 614 
2277 305 539 632 666 
2278 426 464 163 576 
2279 515 606 582 671 
2280 546 499 634 671 
2281 390 363 580 654 
2282 443 447 557 630 
2283 500 552 559 662 
2284 407 398 399 524 
2285 425 435 147 670 
2286 488 517 599 618 
2287 108 546 116 649 
2288 456 581 457 596 
2289 509 603 567 626 
2290 518 686 609 699 
2291 609 686 290 699 
2292 329 54 199 294 
2293 294 54 199 161 
2294 324 26 94 133 
2295 94 292 26 324 
2296 184 204 178 614 
2297 277 517 653 711 
2298 270 231 273 524 
2299 545 696 584 709 
2300 443 446 444 588 
2301 570 648 346 680 
2302 161 294 53 328 
2303 198 161 53 328 
2304 378 383 389 569 
2305 93 123 122 582 
2306 148 135 134 550 
2307 314 561 310 612 
2308 115 640 554 643 
2309 477 423 331 648 
2310 345 612 336 665 
2311 400 375 551 607 
2312 575 597 202 686 
2313 115 592 554 640 
2314 347 337 297 536 
2315 108 110 116 546 
2316 196 168 618 702 
2317 409 693 518 694 
2318 321 675 520 703 
2319 499 542 634 700 
2320 312 561 624 679 
2321 591 654 512 655 
2322 493 589 573 659 
2323 318 344 331 648 
2324 394 362 401 525 
2325 445 563 442 588 
2326 418 419 359 603 
2327 442 563 611 633 
2328 442 563 469 611 
2329 566 585 497 681 
2330 440 439 458 548 
2331 508 607 551 684 
2332 164 227 41 266 
2333 41 195 227 164 
2334 376 553 594 639 
2335 523 303 629 666 
2336 174 538 176 627 
2337 321 520 679 703 
2338 382 376 402 639 
2339 402 373 371 639 
2340 422 408 636 675 
2341 108 110 546 634 
2342 419 395 359 567 
2343 545 674 647 709 
2344 157 132 155 523 
2345 191 595 224 656 
2346 115 120 640 643 
2347 288 266 227 564 
2348 313 560 593 638 
2349 280 524 591 707 
2350 545 662 647 664 
2351 444 588 448 589 
2352 195 564 203 605 
2353 608 629 304 632 
2354 166 296 55 199 
2355 597 614 567 705 
2356 117 138 542 617 
2357 114 136 555 631 
2358 215 426 163 576 
2359 244 245 586 635 
2360 199 296 55 329 
2361 265 162 39 230 
2362 133 324 27 100 
2363 197 224 210 656 
2364 290 686 694 699 
2365 564 605 504 641 
2366 335 307 305 637 
2367 99 126 146 643 
2368 591 655 512 676 
2369 510 638 604 648 
2370 270 524 590 706 
2371 347 337 536 666 
2372 155 523 132 629 
2373 487 464 486 576 
2374 306 540 316 610 
2375 504 605 575 641 
2376 498 561 587 683 
2377 118 554 112 617 
2378 657 663 489 667 
2379 510 604 560 697 
2380 468 460 566 606 
2381 129 568 264 598 
2382 290 235 276 699 
2383 499 671 522 688 
2384 548 596 458 630 
2385 13 98 264 129 
2386 304 629 303 632 
2387 246 244 245 586 
2388 466 424 452 660 
2389 155 121 157 523 
2390 375 376 594 639 
2391 545 647 662 709 
2392 394 525 401 658 
2393 325 610 608 632 
2394 352 520 645 679 
2395 377 378 375 594 
2396 102 130 670 685 
2397 478 566 620 695 
2398 363 226 268 699 
2399 136 111 555 615 
2400 259 568 263 701 
2401 312 583 333 587 
2402 337 303 302 523 
2403 247 562 609 655 
2404 567 603 509 614 
2405 402 541 381 600 
2406 105 104 135 556 
2407 375 378 400 551 
2408 214 202 597 693 
2409 446 443 447 557 
2410 581 628 515 652 
2411 312 561 583 587 
2412 379 594 553 626 
2413 249 558 245 621 
2414 312 333 311 587 
2415 584 696 500 709 
2416 241 271 242 549 
2417 346 648 331 680 
2418 278 232 255 579 
2419 214 205 160 567 
2420 322 593 565 656 
2421 346 326 570 680 
2422 265 230 287 575 
2423 445 563 599 660 
2424 202 518 597 693 
2425 521 657 489 667 
2426 178 181 184 543 
2427 560 587 313 650 
2428 280 591 524 706 
2429 255 256 620 621 
2430 181 186 184 625 
2431 309 311 313 587 
2432 477 430 453 577 
2433 528 646 552 667 
2434 359 60 160 395 
2435 229 13 98 264 
2436 318 570 316 604 
2437 325 608 304 632 
2438 270 280 524 706 
2439 111 555 615 634 
2440 287 605 575 690 
2441 182 573 188 602 
2442 183 173 204 535 
2443 376 379 377 594 
2444 352 299 645 675 
2445 166 296 565 656 
2446 379 376 382 553 
2447 266 164 564 653 
2448 331 346 318 648 
2449 305 315 335 539 
2450 426 576 215 616 
2451 97 149 124 631 
2452 510 596 570 697 
2453 403 654 600 707 
2454 448 485 484 616 
2455 509 614 543 705 
2456 211 207 636 675 
2457 115 112 118 554 
2458 264 239 598 661 
2459 308 316 306 540 
2460 428 484 463 618 
2461 306 540 610 632 
2462 390 410 363 654 
2463 288 289 564 711 
2464 490 595 547 674 
2465 108 109 110 634 
2466 334 560 313 638 
2467 388 386 400 607 
2468 180 177 201 547 
2469 401 393 370 622 
2470 280 262 267 707 
2471 210 193 576 595 
2472 328 52 198 645 
2473 402 371 381 541 
2474 107 117 138 542 
2475 326 327 651 689 
2476 502 588 659 687 
2477 518 202 597 686 
2478 288 564 289 653 
2479 289 653 564 711 
2480 117 542 107 677 
2481 427 459 462 698 
2482 310 312 311 587 
2483 253 609 575 686 
2484 190 602 188 616 
2485 246 260 250 690 
2486 431 670 468 685 
2487 280 231 524 707 
2488 516 682 475 692 
2489 568 661 511 710 
2490 260 288 286 605 
2491 249 248 245 558 
2492 443 588 442 633 
2493 111 114 136 555 
2494 485 467 486 616 
2495 490 687 647 709 
2496 498 587 561 637 
2497 412 524 398 707 
2498 608 610 507 632 
2499 515 628 606 652 
2500 380 374 607 658 
2501 566 585 513 620 
2502 312 583 561 679 
2503 316 570 326 610 
2504 227 288 564 605 
2505 202 575 171 597 
2506 332 638 323 682 
2507 231 270 280 524 
2508 319 624 341 703 
2509 202 686 518 693 
2510 492 544 658 684 
2511 324 295 100 608 
2512 293 330 413 665 
2513 124 615 136 631 
2514 598 677 669 704 
2515 129 568 598 649 
2516 169 645 299 675 
2517 326 316 346 570 
2518 200 567 395 693 
2519 165 603 212 625 
2520 114 119 125 571 
2521 248 246 586 623 
2522 247 562 586 690 
2523 669 677 556 704 
2524 315 539 305 666 
2525 426 486 464 576 
2526 302 523 303 629 
2527 315 336 612 666 
2528 555 592 499 634 
2529 498 587 560 647 
2530 115 554 118 643 
2531 377 392 594 626 
2532 499 522 657 688 
2533 126 139 622 643 
2534 356 342 593 682 
2535 98 568 130 701 
2536 356 593 322 656 
2537 123 130 582 670 
2538 357 413 330 665 
2539 326 680 340 689 
2540 265 575 287 605 
2541 129 137 568 649 
2542 175 174 176 627 
2543 563 588 445 589 
2544 371 381 541 672 
2545 533 606 438 652 
2546 130 98 137 568 
2547 377 375 376 594 
2548 451 599 589 618 
2549 99 525 120 643 
2550 286 605 287 690 
2551 499 592 555 688 
2552 500 584 547 627 
2553 171 575 202 686 
2554 412 600 524 707 
2555 290 694 235 699 
2556 302 94 132 629 
2557 302 292 94 629 
2558 518 694 686 699 
2559 312 561 314 624 
2560 331 423 479 648 
2561 196 564 164 653 
2562 478 461 465 620 
2563 381 600 541 672 
2564 244 246 247 586 
2565 202 686 693 694 
2566 443 444 442 588 
2567 164 196 203 564 
2568 212 603 192 625 
2569 546 634 615 671 
2570 509 567 614 705 
2571 439 459 456 581 
2572 404 694 409 699 
2573 398 412 399 524 
2574 543 500 584 696 
2575 511 669 598 677 
2576 292 25 302 94 
2577 25 132 302 94 
2578 520 583 572 645 
2579 386 380 607 658 
2580 468 471 685 695 
2581 515 615 555 671 
2582 513 611 563 681 
2583 195 203 172 605 
2584 504 605 564 623 
2585 436 435 425 670 
2586 439 459 581 652 
2587 264 263 239 661 
2588 203 195 164 564 
2589 444 445 588 589 
2590 514 622 617 643 
2591 261 562 247 655 
2592 473 689 457 698 
2593 591 512 654 707 
2594 437 462 459 628 
2595 309 313 334 560 
2596 170 39 162 230 
2597 300 153 348 578 
2598 529 502 646 687 
2599 501 594 551 644 
2600 554 592 499 678 
2601 162 171 575 605 
2602 290 609 253 686 
2603 478 468 460 566 
2604 573 589 506 659 
2605 445 563 589 599 
2606 523 507 629 640 
2607 507 629 608 632 
2608 490 647 674 709 
2609 405 415 153 578 
2610 286 287 250 690 
2611 319 679 624 703 
2612 356 593 656 682 
2613 200 160 60 395 
2614 281 429 620 695 
2615 250 260 286 690 
2616 295 27 324 100 
2617 192 603 614 625 
2618 494 535 597 705 
2619 469 563 445 660 
2620 298 346 331 680 
2621 459 457 581 698 
2622 486 576 426 616 
2623 315 347 336 666 
2624 513 620 585 621 
2625 121 523 155 640 
2626 295 100 608 651 
2627 565 650 505 674 
2628 591 600 512 707 
2629 103 300 24 132 
2630 297 411 330 665 
2631 484 485 463 616 
2632 263 568 229 701 
2633 142 130 685 701 
2634 507 608 571 610 
2635 324 304 608 629 
2636 434 680 457 689 
2637 552 601 503 667 
2638 182 189 188 573 
2639 279 262 261 655 
2640 509 603 569 625 
2641 96 368 32 360 
2642 515 628 581 631 
2643 429 465 281 620 
2644 441 611 533 633 
2645 209 196 653 702 
2646 470 488 618 702 
2647 501 594 553 639 
2648 518 693 686 694 
2649 324 292 304 629 
2650 52 169 198 645 
2651 181 194 187 572 
2652 132 300 24 302 
2653 562 601 586 690 
2654 184 614 543 625 
2655 460 461 566 611 
2656 401 372 380 658 
2657 281 465 228 620 
2658 515 606 533 652 
2659 225 598 669 704 
2660 236 259 685 695 
2661 560 313 593 650 
2662 98 229 568 701 
2663 456 459 457 581 
2664 357 330 411 665 
2665 523 629 155 640 
2666 444 445 442 588 
2667 486 426 485 616 
2668 247 609 254 655 
2669 478 620 429 695 
2670 227 286 288 605 
2671 444 448 445 589 
2672 547 584 500 709 
2673 286 265 287 605 
2674 488 599 451 618 
2675 415 338 348 578 
2676 379 384 385 626 
2677 140 28 327 651 
2678 511 556 669 677 
2679 498 647 529 664 
2680 348 153 415 578 
2681 501 644 531 663 
2682 455 596 457 680 
2683 221 572 194 613 
2684 442 445 469 563 
2685 244 247 261 562 
2686 510 604 570 648 
2687 98 129 137 568 
2688 489 552 646 667 
2689 225 598 239 669 
2690 166 565 222 656 
2691 266 288 289 653 
2692 360 369 370 622 
2693 114 127 136 631 
2694 128 592 113 640 
2695 258 585 256 621 
2696 156 571 119 608 
2697 136 124 122 615 
2698 239 661 240 669 
2699 354 565 296 656 
2700 385 567 419 626 
2701 396 62 361 212 
2702 115 113 592 640 
2703 169 207 211 675 
2704 100 28 140 651 
2705 437 436 425 628 
2706 562 586 503 635 
2707 346 316 318 570 
2708 310 335 612 637 
2709 192 603 205 614 
2710 140 158 651 689 
2711 101 237 10 233 
2712 310 314 312 561 
2713 313 593 323 638 
2714 395 419 421 693 
2715 612 624 508 665 
2716 116 122 582 615 
2717 501 537 644 663 
2718 319 293 341 624 
2719 256 585 620 621 
2720 145 120 99 525 
2721 383 418 420 603 
2722 176 602 177 627 
2723 140 651 327 689 
2724 562 635 503 676 
2725 141 405 153 578 
2726 503 586 562 601 
2727 262 279 267 654 
2728 163 464 49 197 
2729 422 636 397 675 
2730 259 263 229 701 
2731 445 599 452 660 
2732 371 541 642 672 
2733 325 306 610 632 
2734 136 615 555 631 
2735 319 312 624 679 
2736 95 677 598 704 
2737 123 130 116 582 
2738 202 693 167 694 
2739 20 427 462 149 
2740 291 323 332 638 
2741 432 49 464 197 
2742 201 177 176 602 
2743 368 399 369 672 
2744 166 222 224 656 
2745 563 588 502 633 
2746 106 598 95 677 
2747 226 655 254 699 
2748 213 470 428 618 
2749 170 230 575 686 
2750 300 103 153 578 
2751 259 257 585 695 
2752 247 609 562 690 
2753 192 614 184 625 
2754 46 213 428 463 
2755 253 575 609 690 
2756 165 212 192 625 
2757 176 538 602 627 
2758 253 287 575 690 
2759 511 546 649 710 
2760 502 659 559 687 
2761 208 686 202 694 
2762 356 354 296 656 
2763 383 420 389 569 
2764 377 594 379 626 
2765 565 593 322 650 
2766 519 596 570 680 
2767 564 623 288 711 
2768 451 589 484 618 
2769 162 172 171 605 
2770 534 503 635 676 
2771 277 653 289 711 
2772 323 638 593 682 
2773 524 600 591 707 
2774 234 653 277 702 
2775 210 193 163 576 
2776 436 606 468 670 
2777 171 170 575 686 
2778 453 630 454 648 
2779 165 625 186 636 
2780 403 358 654 707 
2781 266 564 288 653 
2782 121 115 120 640 
2783 509 543 614 625 
2784 502 557 588 687 
2785 293 345 330 665 
2786 535 614 597 705 
2787 552 503 601 668 
2788 134 368 32 96 
2789 526 606 582 670 
2790 313 587 311 650 
2791 190 201 188 602 
2792 334 604 560 638 
2793 287 575 230 686 
2794 558 586 503 668 
2795 583 645 520 679 
2796 413 357 388 665 
2797 334 308 309 604 
2798 565 593 516 656 
2799 386 387 380 658 
2800 395 567 419 693 
2801 213 470 45 428 
2802 133 608 154 629 
2803 539 612 335 637 
2804 94 133 154 629 
2805 277 234 289 653 
2806 449 577 475 619 
2807 288 252 289 711 
2808 367 338 415 578 
2809 486 467 450 619 
2810 229 263 264 568 
2811 420 389 569 636 
2812 314 310 335 612 
2813 570 596 510 648 
2814 247 586 246 690 
2815 504 623 586 690 
2816 357 82 330 413 
2817 364 388 391 574 
2818 490 559 687 709 
2819 301 682 656 692 
2820 239 598 661 669 
2821 308 318 316 604 
2822 363 409 580 699 
2823 516 656 593 682 
2824 75 228 465 278 
2825 477 331 423 89 
2826 110 615 546 634 
2827 323 334 313 638 
2828 142 130 102 685 
2829 509 614 603 625 
2830 355 294 613 645 
2831 505 583 572 683 
2832 46 213 463 159 
2833 143 365 31 134 
2834 593 638 577 682 
2835 467 446 450 619 
2836 477 453 423 648 
2837 129 598 106 649 
2838 561 612 314 624 
2839 93 425 18 147 
2840 497 582 671 710 
2841 209 168 196 702 
2842 355 328 294 645 
2843 441 442 611 633 
2844 600 654 512 707 
2845 336 335 315 612 
2846 478 460 461 566 
2847 208 202 167 694 
2848 526 585 566 695 
2849 338 337 300 578 
2850 450 475 487 619 
2851 508 684 531 708 
2852 221 613 161 645 
2853 624 679 574 703 
2854 412 600 381 672 
2855 198 221 161 645 
2856 160 200 214 567 
2857 572 613 221 645 
2858 156 571 608 651 
2859 386 380 374 607 
2860 424 75 465 278 
2861 291 331 477 89 
2862 190 215 576 616 
2863 404 268 235 699 
2864 101 237 104 10 
2865 356 656 301 682 
2866 293 330 82 413 
2867 256 585 257 620 
2868 125 571 156 651 
2869 396 420 418 603 
2870 502 588 563 659 
2871 275 685 259 701 
2872 501 639 553 691 
2873 409 366 421 693 
2874 287 230 290 686 
2875 187 572 221 645 
2876 405 35 362 141 
2877 261 247 254 655 
2878 363 268 404 699 
2879 478 465 429 620 
2880 224 191 210 595 
2881 366 693 409 694 
2882 273 398 66 407 
2883 252 288 623 711 
2884 498 637 561 708 
2885 165 361 62 212 
2886 156 125 119 571 
2887 430 475 577 682 
2888 325 608 610 651 
2889 470 618 168 702 
2890 390 363 384 580 
2891 239 241 240 661 
2892 427 20 97 149 
2893 516 595 565 656 
2894 258 256 271 621 
2895 511 649 568 710 
2896 353 294 329 613 
2897 199 161 220 613 
2898 422 397 408 675 
2899 489 646 552 662 
2900 118 554 617 643 
2901 454 458 596 630 
2902 452 469 445 660 
2903 354 565 322 650 
2904 479 331 88 423 
2905 74 228 281 465 
2906 508 561 612 708 
2907 609 655 580 699 
2908 479 648 455 680 
2909 105 556 677 704 
2910 441 442 469 611 
2911 156 608 100 651 
2912 518 609 580 699 
2913 330 81 357 411 
2914 213 168 470 618 
2915 364 574 408 703 
2916 371 642 369 672 
2917 171 202 170 686 
2918 305 304 303 632 
2919 147 123 93 670 
2920 133 100 156 608 
2921 205 183 204 614 
2922 518 597 575 686 
2923 494 673 535 705 
2924 567 597 518 693 
2925 501 541 639 691 
2926 225 669 238 704 
2927 237 704 238 706 
2928 172 203 174 641 
2929 512 654 580 655 
2930 404 235 694 699 
2931 248 252 623 711 
2932 502 646 559 659 
2933 319 312 314 624 
2934 295 327 28 651 
2935 129 106 137 649 
2936 453 430 449 577 
2937 248 251 252 711 
2938 552 646 559 662 
2939 103 157 145 578 
2940 255 232 251 579 
2941 368 31 365 134 
2942 510 560 604 638 
2943 120 115 118 643 
2944 494 537 673 705 
2945 455 456 457 596 
2946 469 611 563 660 
2947 561 508 612 624 
2948 116 110 122 615 
2949 330 345 336 665 
2950 221 187 194 572 
2951 325 610 326 651 
2952 225 239 238 669 
2953 128 155 629 640 
2954 325 304 306 632 
2955 373 372 371 642 
2956 370 372 401 642 
2957 347 297 330 665 
2958 500 552 662 673 
2959 131 689 473 698 
2960 118 617 139 643 
2961 555 615 515 631 
2962 272 290 686 694 
2963 398 273 66 231 
2964 367 405 394 578 
2965 268 226 254 699 
2966 575 609 518 686 
2967 572 583 505 613 
2968 460 441 461 611 
2969 100 295 28 651 
2970 563 611 513 660 
2971 147 425 18 435 
2972 352 321 299 675 
2973 118 112 138 617 
2974 355 613 583 645 
2975 168 470 45 213 
2976 259 257 258 585 
2977 211 165 186 636 
2978 545 500 696 709 
2979 107 649 106 677 
2980 293 83 341 413 
2981 320 645 583 679 
2982 105 677 95 704 
2983 400 374 375 607 
2984 111 615 110 634 
2985 468 471 431 685 
2986 357 411 387 665 
2987 330 336 347 665 
2988 331 298 479 88 
2989 429 74 281 465 
2990 399 412 381 672 
2991 333 583 355 613 
2992 326 340 327 689 
2993 456 454 458 596 
2994 568 598 511 661 
2995 97 631 127 698 
2996 562 512 655 676 
2997 511 661 598 669 
2998 514 554 617 700 
2999 607 658 544 684 
3000 99 362 35 141 
3001 315 305 303 666 
3002 452 474 466 599 
3003 274 234 277 702 
3004 545 647 498 664 
3005 106 107 108 649 
3006 364 391 408 574 
3007 500 662 545 696 
3008 487 475 432 692 
3009 342 356 301 682 
3010 498 539 637 708 
3011 519 610 571 651 
3012 136 110 111 615 
3013 254 655 609 699 
3014 81 330 297 411 
3015 213 159 189 618 
3016 102 17 431 670 
3017 275 236 259 685 
3018 596 630 510 648 
3019 171 170 162 575 
3020 105 106 95 677 
3021 276 253 290 609 
3022 83 364 341 413 
3023 215 163 190 576 
3024 301 656 339 692 
3025 155 132 94 629 
3026 490 674 547 709 
3027 431 102 670 685 
3028 420 422 389 636 
3029 192 205 184 614 
3030 443 458 447 630 
3031 162 265 40 605 
3032 227 195 40 605 
3033 669 704 556 706 
3034 175 173 174 641 
3035 384 363 409 580 
3036 117 139 138 617 
3037 325 295 608 651 
3038 200 214 567 693 
3039 352 645 320 679 
3040 463 426 47 616 
3041 80 411 297 367 
3042 227 40 265 605 
3043 206 656 197 692 
3044 102 147 17 670 
3045 514 617 554 643 
3046 254 609 276 699 
3047 140 131 158 689 
3048 348 338 300 578 
3049 269 243 262 591 
3050 586 601 504 690 
3051 575 605 504 690 
3052 455 648 596 680 
3053 101 233 151 590 
3054 238 704 669 706 
3055 151 233 282 590 
3056 257 620 585 695 
3057 440 438 439 652 
3058 433 488 470 702 
3059 511 598 568 649 
3060 434 340 680 689 
3061 500 545 662 709 
3062 436 438 606 652 
3063 657 678 527 700 
3064 499 678 657 700 
3065 582 615 515 671 
3066 546 615 582 671 
3067 272 235 290 694 
3068 137 108 116 649 
3069 497 671 546 710 
3070 162 40 195 605 
3071 256 258 257 585 
3072 225 95 12 598 
3073 386 388 357 665 
3074 491 683 545 696 
3075 473 434 457 689 
3076 251 579 277 711 
3077 339 301 356 656 
3078 277 251 232 579 
3079 423 455 479 648 
3080 449 430 475 577 
3081 407 399 365 590 
3082 435 431 17 670 
3083 264 12 129 598 
3084 546 671 582 710 
3085 271 249 245 621 
3086 223 187 221 645 
3087 506 589 588 659 
3088 21 131 473 698 
3089 390 403 358 654 
3090 135 101 143 590 
3091 585 620 566 695 
3092 396 359 61 603 
3093 163 193 190 576 
3094 477 291 90 430 
3095 424 232 76 278 
3096 270 273 233 590 
3097 472 475 682 692 
3098 268 70 363 404 
3099 466 77 232 274 
3100 95 129 12 598 
3101 454 596 455 648 
3102 439 437 459 652 
3103 332 90 291 430 
3104 226 363 268 69 
3105 466 232 76 424 
3106 69 226 363 410 
3107 126 139 96 622 
3108 183 202 171 597 
3109 206 224 197 656 
3110 468 436 460 606 
3111 268 70 404 235 
3112 466 77 274 433 
3113 173 171 172 641 
3114 588 589 563 659 
3115 403 402 381 600 
3116 435 17 147 670 
3117 207 397 636 675 
3118 182 188 176 602 
3119 215 47 426 616 
3120 126 118 139 643 
3121 323 593 342 682 
3122 459 427 457 698 
3123 540 604 570 697 
3124 570 604 510 697 
3125 144 97 127 698 
3126 349 339 206 692 
3127 429 468 478 695 
3128 586 601 503 668 
3129 264 225 12 598 
3130 414 365 143 590 
3131 160 61 359 603 
3132 21 473 427 698 
3133 445 589 451 599 
3134 454 630 596 648 
3135 355 583 320 645 
3136 559 646 502 687 
3137 352 299 328 645 
3138 404 366 409 694 
3139 414 143 151 590 
3140 499 554 678 700 
3141 297 80 367 338 
3142 414 282 273 590 
3143 99 120 126 643 
3144 307 306 305 632 
3145 394 401 380 658 
3146 159 463 47 616 
3147 435 436 468 670 
3148 488 451 484 618 
3149 73 236 471 695 
3150 306 316 325 610 
3151 583 587 561 683 
3152 505 587 583 683 
3153 248 260 246 623 
3154 346 298 326 680 
3155 377 379 392 626 
3156 566 611 513 681 
3157 256 255 249 621 
3158 160 205 192 603 
3159 367 415 405 578 
3160 298 479 434 680 
3161 434 87 479 298 
3162 471 236 685 695 
3163 73 281 236 695 
3164 363 404 409 699 
3165 200 202 214 693 
3166 387 386 357 665 
3167 106 649 598 677 
3168 281 620 257 695 
3169 198 169 223 645 
3170 295 325 326 651 
3171 273 407 414 590 
3172 214 202 183 597 
3173 228 255 256 620 
3174 516 593 577 682 
3175 115 128 113 640 
3176 73 471 429 695 
3177 304 325 324 608 
3178 325 295 324 608 
3179 451 488 474 599 
3180 212 396 61 603 
3181 500 662 559 709 
3182 434 340 298 680 
3183 460 436 438 606 
3184 141 103 145 578 
3185 349 206 216 692 
3186 63 361 165 636 
3187 520 574 679 703 
3188 73 429 281 695 
3189 292 303 304 629 
3190 320 583 312 679 
3191 87 434 340 298 
3192 63 397 361 636 
3193 462 425 19 628 
3194 408 675 406 703 
3195 122 123 116 582 
3196 124 127 97 631 
3197 561 637 612 708 
3198 369 371 370 642 
3199 449 450 446 619 
3200 533 611 566 681 
3201 93 122 124 628 
3202 196 168 189 618 
3203 450 449 475 619 
3204 321 343 675 703 
3205 332 323 342 682 
3206 156 119 154 608 
3207 247 246 250 690 
3208 91 430 332 682 
3209 326 298 340 680 
3210 339 656 206 692 
3211 269 591 280 706 
3212 344 604 334 638 
3213 504 586 623 668 
3214 221 194 220 613 
3215 333 355 353 613 
3216 159 47 215 616 
3217 292 302 303 629 
3218 656 682 516 692 
3219 583 613 572 645 
3220 356 342 322 593 
3221 237 238 270 706 
3222 160 212 61 603 
3223 345 314 612 624 
3224 33 360 393 622 
3225 177 178 175 627 
3226 155 154 128 629 
3227 394 380 387 658 
3228 453 447 454 630 
3229 425 93 19 628 
3230 360 33 96 622 
3231 403 600 412 707 
3232 596 648 570 680 
3233 241 263 258 661 
3234 414 151 282 590 
3235 91 472 430 682 
3236 191 180 193 595 
3237 254 253 276 609 
3238 326 327 295 651 
3239 468 429 471 695 
3240 253 609 247 690 
3241 564 653 517 711 
3242 142 152 283 685 
3243 149 462 19 628 
3244 283 275 142 685 
3245 209 285 218 702 
3246 125 156 158 651 
3247 63 207 397 636 
3248 131 21 97 698 
3249 63 165 207 636 
3250 436 437 438 652 
3251 428 488 484 618 
3252 188 159 190 616 
3253 102 130 123 670 
3254 56 296 166 656 
3255 281 228 257 620 
3256 267 654 358 707 
3257 111 109 112 634 
3258 406 408 397 675 
3259 571 610 608 651 
3260 226 654 279 655 
3261 299 351 169 675 
3262 219 169 351 675 
3263 21 427 97 698 
3264 431 435 468 670 
3265 247 253 254 609 
3266 598 649 511 677 
3267 299 321 343 675 
3268 33 393 146 622 
3269 313 322 593 650 
3270 428 470 488 618 
3271 267 358 67 707 
3272 547 674 584 709 
3273 397 219 417 675 
3274 156 154 133 608 
3275 192 186 165 625 
3276 307 310 309 637 
3277 431 480 152 685 
3278 141 153 103 578 
3279 327 350 140 689 
3280 473 150 481 689 
3281 150 140 350 689 
3282 221 220 161 613 
3283 294 353 355 613 
3284 398 231 67 707 
3285 43 209 285 218 
3286 15 152 283 142 
3287 415 153 36 405 
3288 142 283 15 275 
3289 284 272 217 694 
3290 68 358 267 654 
3291 208 217 272 694 
3292 375 373 376 639 
3293 266 42 164 653 
3294 269 262 280 591 
3295 91 301 472 682 
3296 155 94 154 629 
3297 19 93 149 628 
3298 131 150 473 689 
3299 344 318 334 604 
3300 328 355 352 645 
3301 206 349 57 339 
3302 56 166 206 656 
3303 445 451 452 599 
3304 558 623 586 668 
3305 267 67 231 707 
3306 457 427 473 698 
3307 56 339 296 656 
3308 504 601 586 668 
3309 317 313 311 650 
3310 274 482 285 702 
3311 33 146 96 622 
3312 152 102 431 685 
3313 101 9 151 233 
3314 332 301 91 682 
3315 153 348 23 300 
3316 282 151 9 233 
3317 420 361 422 636 
3318 472 432 475 692 
3319 476 452 424 660 
3320 316 326 325 610 
3321 95 598 225 704 
3322 117 107 105 677 
3323 470 218 482 702 
3324 167 416 217 694 
3325 313 322 323 593 
3326 274 433 482 702 
3327 207 219 397 675 
3328 209 234 285 702 
3329 243 242 244 635 
3330 471 236 283 685 
3331 95 106 129 598 
3332 612 637 539 708 
3333 340 434 481 689 
3334 56 206 339 656 
3335 358 403 412 707 
3336 441 440 442 633 
3337 404 284 416 694 
3338 347 315 337 666 
3339 472 349 483 692 
3340 432 483 216 692 
3341 471 283 480 685 
3342 352 355 320 645 
3343 472 682 301 692 
3344 405 153 36 141 
3345 455 454 456 596 
3346 423 453 454 648 
3347 350 340 481 689 
3348 238 669 269 706 
3349 235 284 404 694 
3350 240 269 238 669 
3351 472 301 349 692 
3352 440 443 442 633 
3353 360 370 393 622 
3354 432 216 197 692 
3355 470 168 218 702 
3356 252 288 260 623 
3357 193 210 191 595 
3358 280 267 231 707 
3359 345 314 336 612 
3360 150 140 29 350 
3361 349 206 57 216 
3362 315 303 337 666 
3363 226 279 254 655 
3364 14 229 98 701 
3365 84 406 343 703 
3366 327 29 140 350 
3367 158 100 140 651 
3368 198 223 221 645 
3369 264 239 225 598 
3370 42 209 164 653 
3371 245 244 242 635 
3372 186 192 184 625 
3373 275 142 685 701 
3374 284 272 37 217 
3375 43 209 234 285 
3376 172 162 195 605 
3377 95 225 11 704 
3378 398 67 358 707 
3379 374 400 386 607 
3380 312 320 333 583 
3381 351 343 417 675 
3382 416 58 167 217 
3383 208 272 686 694 
3384 208 37 272 217 
3385 434 455 457 680 
3386 462 437 425 628 
3387 365 30 414 143 
3388 184 205 204 614 
3389 423 454 455 648 
3390 417 397 64 219 
3391 480 16 431 152 
3392 343 406 675 703 
3393 252 260 248 623 
3394 84 343 341 703 
3395 68 410 358 654 
3396 30 151 414 143 
3397 59 200 395 693 
3398 373 402 376 639 
3399 65 414 282 273 
3400 417 351 85 343 
3401 366 416 167 694 
3402 335 310 307 637 
3403 253 250 287 690 
3404 299 51 169 351 
3405 430 472 475 682 
3406 319 345 293 624 
3407 230 38 272 686 
3408 344 323 291 638 
3409 23 153 300 103 
3410 250 253 247 690 
3411 256 257 228 620 
3412 219 169 51 351 
3413 142 14 98 701 
3414 441 469 461 611 
3415 236 257 259 695 
3416 481 473 22 150 
3417 392 385 419 626 
3418 267 226 68 654 
3419 416 404 71 284 
3420 349 92 472 483 
3421 78 482 285 274 
3422 226 410 68 654 
3423 156 100 158 651 
3424 371 369 381 672 
3425 111 110 109 634 
3426 273 65 414 407 
3427 84 341 364 703 
3428 343 406 417 675 
3429 176 177 175 627 
3430 209 653 234 702 
3431 355 333 320 583 
3432 16 102 431 152 
3433 14 142 275 701 
3434 319 320 312 679 
3435 406 84 364 703 
3436 472 301 92 349 
3437 404 235 71 284 
3438 274 78 482 433 
3439 473 131 22 150 
3440 397 207 64 219 
3441 44 218 482 470 
3442 272 38 208 686 
3443 188 201 176 602 
3444 136 122 110 615 
3445 97 144 131 698 
3446 230 170 38 686 
3447 128 121 155 640 
3448 127 124 136 631 
3449 403 381 412 600 
3450 379 385 392 626 
3451 343 85 417 406 
3452 448 484 451 589 
3453 305 306 304 632 
3454 366 58 167 416 
3455 308 334 318 604 
3456 471 236 72 283 
3457 445 448 451 589 
3458 42 234 209 653 
3459 59 366 167 693 
3460 480 471 72 283 
3461 359 396 418 603 
3462 340 86 481 434 
3463 366 167 693 694 
3464 481 350 86 340 
3465 348 79 338 415 
3466 483 216 50 432 
3467 59 395 366 693 
3468 323 322 342 593 
3469 199 55 54 329 
3470 53 54 294 161 
3471 39 40 162 265 
3472 292 26 25 94 
3473 27 26 324 133 
3474 40 41 195 227 
3475 426 463 485 616 
3476 414 407 365 590 
3477 95 12 11 225 
3478 266 234 42 653 
3479 200 167 202 693 
3480 41 42 164 266 
3481 273 282 233 590 
3482 101 151 143 590 
3483 14 275 229 701 
3484 432 216 50 197 
3485 381 369 399 672 
3486 128 115 121 640 
3487 67 358 267 68 
3488 367 338 79 415 
3489 264 12 13 129 
3490 44 218 470 168 
3491 227 265 286 605 
3492 200 59 167 693 
3493 216 206 197 692 
3494 263 241 239 661 
3495 397 422 361 636 
3496 172 174 173 641 
3497 98 14 13 229 
3498 53 52 198 328 
3499 238 239 240 669 
3500 165 211 207 636 
3501 336 314 335 612 
3502 372 370 371 642 
3503 354 322 317 650 
3504 196 164 209 653 
3505 32 33 96 360 
3506 213 189 168 618 
3507 268 254 276 699 
3508 474 452 451 599 
3509 219 351 417 675 
3510 108 137 106 649 
3511 207 169 219 675 
3512 170 208 38 686 
3513 160 61 60 359 
3514 463 47 46 159 
3515 18 19 425 93 
3516 98 130 142 701 
3517 49 48 464 163 
3518 216 483 349 692 
3519 208 170 202 686 
3520 361 63 165 62 
3521 139 118 138 617 
3522 296 55 56 166 
3523 60 59 200 395 
3524 345 319 314 624 
3525 35 34 362 99 
3526 95 11 104 704 
3527 226 267 279 654 
3528 11 225 237 704 
3529 147 102 123 670 
3530 344 334 323 638 
3531 190 159 215 616 
3532 10 9 101 233 
3533 124 149 93 628 
3534 96 146 126 622 
3535 276 235 268 699 
3536 430 332 90 91 
3537 363 70 268 69 
3538 232 77 466 76 
3539 301 339 349 692 
3540 270 269 280 706 
3541 259 229 275 701 
3542 152 480 283 685 
3543 82 81 357 330 
3544 279 261 254 655 
3545 236 275 283 685 
3546 97 21 20 427 
3547 437 439 438 652 
3548 150 350 481 689 
3549 481 434 473 689 
3550 107 106 105 677 
3551 132 24 25 302 
3552 321 341 343 703 
3553 256 249 271 621 
3554 284 217 416 694 
3555 160 192 212 603 
3556 331 88 423 89 
3557 74 228 465 75 
3558 52 51 169 299 
3559 482 218 285 702 
3560 11 237 104 704 
3561 479 455 434 680 
3562 452 476 469 660 
3563 358 410 390 654 
3564 454 447 458 630 
3565 142 15 14 275 
3566 365 31 30 143 
3567 398 66 67 231 
3568 17 16 102 431 
3569 170 38 39 230 
3570 300 24 23 103 
3571 28 27 295 100 
3572 252 251 277 711 
3573 42 43 209 234 
3574 4 348 153 415 
3575 282 2 151 414 
3576 3 481 150 350 
3577 152 480 1 283 
3578 7 349 216 483 
3579 6 416 284 217 
3580 218 285 5 482 
3581 352 320 321 679 
3582 152 142 102 685 
3583 219 8 417 351 
3584 167 59 58 366 
3585 313 317 322 650 
3586 118 126 120 643 
3587 131 22 21 473 
3588 270 238 269 706 
3589 84 364 341 83 
3590 131 140 150 689 
3591 368 32 31 134 
3592 28 29 140 327 
3593 80 367 338 79 
3594 218 168 209 702 
3595 407 273 65 66 
3596 72 236 471 73 
3597 319 321 320 679 
3598 281 257 236 695 
3599 50 49 432 197 
3600 434 340 86 87 
3601 364 408 406 703 
3602 358 412 398 707 
3603 167 217 208 694 
3604 91 472 301 92 
3605 235 70 404 71 
3606 77 78 274 433 
3607 482 433 470 702 
3608 104 105 95 704 
3609 272 284 235 694 
3610 225 238 237 704 
3611 166 224 206 656 
3612 356 296 339 656 
3613 470 45 44 168 
3614 237 10 11 104 
3615 431 471 480 685 
3616 342 301 332 682 
3617 272 38 37 208 
3618 252 277 289 711 
3619 351 299 343 675 
3620 327 340 350 689 
3621 285 234 274 702 
3622 290 230 272 686 
3623 206 57 56 339 
3624 36 35 405 141 
3625 213 45 46 428 
3626 395 421 366 693 
3627 289 234 266 653 
3628 47 48 215 426 
3629 2 30 151 414 
3630 151 9 2 282 
3631 348 23 4 153 
3632 414 282 2 65 
3633 153 36 4 415 
3634 152 1 15 283 
3635 416 6 58 217 
3636 284 37 6 217 
3637 417 64 8 219 
3638 5 43 285 218 
3639 349 57 7 216 
3640 150 29 3 350 
3641 8 417 351 85 
3642 462 19 20 149 
3643 404 416 366 694 
3644 64 207 397 63 
3645 396 61 62 212 
3646 34 33 393 146 
3647 51 8 219 351 
3648 406 343 85 84 
3649 411 297 81 80 
3650 480 72 1 283 
3651 3 481 350 86 
3652 417 406 397 675 
3653 1 16 480 152 
3654 4 79 348 415 
3655 218 5 44 482 
3656 7 92 349 483 
3657 482 285 5 78 
3658 416 71 6 284 
3659 147 18 17 435 
3660 22 3 481 150 
3661 216 50 7 483 
3662 90 291 477 89 
3663 76 75 424 278 
3664 226 69 68 410 
3665 472 483 432 692 
3666 293 82 83 413 
3667 87 479 298 88 
3668 74 281 73 429 
3669 521 646 667 489 
3670 667 646 521 528 
3671 630 687 510 557 
3672 510 687 630 529 
3673 691 382 512 600 
3674 691 512 382 553 
3675 692 487 464 432 
3676 692 464 487 516 
3677 622 368 369 550 
3678 622 369 368 360 
3679 575 601 535 494 
3680 535 601 575 504 
3681 517 466 474 599 
3682 650 613 333 353 
3683 650 333 613 505 
3684 550 700 617 542 
3685 617 700 550 514 
3686 576 197 210 516 
3687 576 210 197 163 
3688 677 546 107 649 
3689 677 107 546 542 
3690 643 492 640 554 
3691 643 640 492 525 
3692 625 491 509 543 
3693 625 509 491 569 
3694 242 661 240 241 
3695 240 661 242 534 
3696 669 496 706 556 
3697 669 706 496 534 
3698 666 507 492 539 
3699 666 492 507 523 
3700 645 187 520 223 
3701 645 520 187 572 
3702 676 494 601 562 
3703 676 601 494 530 
3704 501 537 691 553 
3705 494 537 691 530 
3706 494 691 537 553 
3707 625 187 181 186 
3708 625 181 187 572 
3709 650 333 311 317 
3710 650 311 333 587 
3711 520 625 187 572 
3712 682 291 430 332 
3713 682 430 291 577 
3714 617 148 622 550 
3715 617 622 148 139 
3716 636 703 574 520 
3717 574 703 636 408 
3718 274 702 466 433 
3719 274 466 702 517 
3720 474 466 702 433 
3721 474 702 466 517 
3722 698 149 631 628 
3723 698 631 149 97 
3724 651 144 689 158 
3725 651 689 144 519 
3726 223 675 645 169 
3727 645 675 223 520 
3728 214 614 183 205 
3729 183 614 214 597 
3730 693 385 419 421 
3731 693 419 385 567 
3732 696 673 662 537 
3733 696 662 673 500 
3734 542 634 107 546 
3735 108 107 634 546 
3736 108 634 107 109 
3737 621 258 549 271 
3738 621 549 258 585 
3739 639 371 642 373 
3740 639 642 371 541 
3741 599 573 618 517 
3742 599 618 573 589 
3743 647 683 505 545 
3744 505 683 647 587 
3745 652 436 628 606 
3746 652 628 436 437 
3747 691 663 537 501 
3748 691 537 663 530 
3749 619 486 487 450 
3750 619 487 486 576 
3751 656 191 222 224 
3752 656 222 191 565 
3753 707 262 654 591 
3754 707 654 262 267 
3755 127 698 571 144 
3756 571 698 127 631 
3757 661 264 568 598 
3758 661 568 264 263 
3759 322 656 354 356 
3760 354 656 322 565 
3761 708 664 532 531 
3762 708 532 664 498 
3763 253 686 287 290 
3764 287 686 253 575 
3765 645 52 299 328 
3766 645 299 52 169 
3767 426 163 48 215 
3768 48 163 426 464 
3769 99 393 34 362 
3770 99 34 393 146 
3771 331 680 479 298 
3772 479 680 331 648 
3773 603 212 636 165 
3774 603 636 212 396 
3775 361 636 212 165 
3776 361 212 636 396 
3777 186 636 520 211 
3778 520 636 186 625 
3779 520 187 186 211 
3780 186 187 520 625 
3781 427 149 698 462 
3782 698 149 427 97 
3783 660 461 469 611 
3784 660 469 461 476 
3785 678 688 657 532 
3786 657 688 678 499 
3787 676 691 494 512 
3788 494 691 676 530 
3789 413 574 703 293 
3790 703 574 413 364 
3791 703 341 413 293 
3792 413 341 703 364 
3793 703 319 321 341 
3794 703 321 319 679 
3795 634 107 138 542 
3796 634 138 107 109 
$EndElements
