generateOriginalGeometryMesh: Original geometry mesh saved to yeti_mp2_thb_approximation_fine_L3_output_mesh_original.txt
GEOMETRY_PREFLIGHT_BEGIN [yeti_mp2_thb_approximation_fine_L3]
valid=true
patch 0: used=324, pos=0, neg=324, negRatio=1, mirrored=true
patch 1: used=324, pos=0, neg=324, negRatio=1, mirrored=true
patch 2: used=324, pos=0, neg=324, negRatio=1, mirrored=true
patch 3: used=324, pos=0, neg=324, negRatio=1, mirrored=true
patch 4: used=324, pos=0, neg=324, negRatio=1, mirrored=true
patch 5: used=324, pos=324, neg=0, negRatio=0, mirrored=false
patch 6: used=324, pos=0, neg=324, negRatio=1, mirrored=true
patch 7: used=324, pos=0, neg=324, negRatio=1, mirrored=true
patch 8: used=324, pos=0, neg=324, negRatio=1, mirrored=true
patch 9: used=324, pos=324, neg=0, negRatio=0, mirrored=false
patch 10: used=324, pos=0, neg=324, negRatio=1, mirrored=true
patch 11: used=324, pos=0, neg=324, negRatio=1, mirrored=true
patch 12: used=324, pos=0, neg=324, negRatio=1, mirrored=true
patch 13: used=324, pos=0, neg=324, negRatio=1, mirrored=true
patch 14: used=324, pos=0, neg=324, negRatio=1, mirrored=true
patch 15: used=324, pos=0, neg=324, negRatio=1, mirrored=true
patch 16: used=324, pos=324, neg=0, negRatio=0, mirrored=false
patch 17: used=324, pos=324, neg=0, negRatio=0, mirrored=false
patch 18: used=324, pos=324, neg=0, negRatio=0, mirrored=false
patch 19: used=324, pos=324, neg=0, negRatio=0, mirrored=false
patch 20: used=324, pos=324, neg=0, negRatio=0, mirrored=false
mirroredCount=14
interfaces=24
interface 0: patchA=0, sideIndexA=4, patchB=1, sideIndexB=3, sideA=V1, sideB=V0, orientation=same
interface 1: patchA=0, sideIndexA=3, patchB=5, sideIndexB=2, sideA=V0, sideB=U1, orientation=same
interface 2: patchA=1, sideIndexA=4, patchB=2, sideIndexB=3, sideA=V1, sideB=V0, orientation=same
interface 3: patchA=1, sideIndexA=1, patchB=6, sideIndexB=2, sideA=U0, sideB=U1, orientation=same
interface 4: patchA=2, sideIndexA=4, patchB=3, sideIndexB=3, sideA=V1, sideB=V0, orientation=same
interface 5: patchA=3, sideIndexA=4, patchB=4, sideIndexB=3, sideA=V1, sideB=V0, orientation=same
interface 6: patchA=3, sideIndexA=1, patchB=7, sideIndexB=2, sideA=U0, sideB=U1, orientation=same
interface 7: patchA=4, sideIndexA=4, patchB=8, sideIndexB=2, sideA=V1, sideB=U1, orientation=same
interface 8: patchA=5, sideIndexA=1, patchB=9, sideIndexB=2, sideA=U0, sideB=U1, orientation=same
interface 9: patchA=6, sideIndexA=1, patchB=11, sideIndexB=2, sideA=U0, sideB=U1, orientation=same
interface 10: patchA=7, sideIndexA=1, patchB=13, sideIndexB=2, sideA=U0, sideB=U1, orientation=same
interface 11: patchA=8, sideIndexA=1, patchB=15, sideIndexB=2, sideA=U0, sideB=U1, orientation=same
interface 12: patchA=9, sideIndexA=3, patchB=10, sideIndexB=3, sideA=V0, sideB=V0, orientation=same
interface 13: patchA=9, sideIndexA=1, patchB=16, sideIndexB=3, sideA=U0, sideB=V0, orientation=same
interface 14: patchA=10, sideIndexA=4, patchB=11, sideIndexB=3, sideA=V1, sideB=V0, orientation=same
interface 15: patchA=11, sideIndexA=4, patchB=12, sideIndexB=3, sideA=V1, sideB=V0, orientation=same
interface 16: patchA=12, sideIndexA=4, patchB=13, sideIndexB=3, sideA=V1, sideB=V0, orientation=same
interface 17: patchA=13, sideIndexA=4, patchB=14, sideIndexB=3, sideA=V1, sideB=V0, orientation=same
interface 18: patchA=14, sideIndexA=4, patchB=15, sideIndexB=3, sideA=V1, sideB=V0, orientation=same
interface 19: patchA=15, sideIndexA=1, patchB=20, sideIndexB=4, sideA=U0, sideB=V1, orientation=same
interface 20: patchA=16, sideIndexA=4, patchB=17, sideIndexB=3, sideA=V1, sideB=V0, orientation=same
interface 21: patchA=17, sideIndexA=4, patchB=18, sideIndexB=3, sideA=V1, sideB=V0, orientation=same
interface 22: patchA=18, sideIndexA=4, patchB=19, sideIndexB=3, sideA=V1, sideB=V0, orientation=same
interface 23: patchA=19, sideIndexA=4, patchB=20, sideIndexB=3, sideA=V1, sideB=V0, orientation=same
GEOMETRY_PREFLIGHT_END
[feature-boundaries] requested=0
[feature-boundaries] normalized=0
interface between 0:south(3) and 5:east (2) [ 0~(+1) ]
interface between 0:north(4) and 1:south(3) [ 0~(+0) ]
interface between 1:west (1) and 6:east (2) [ 1~(+1) ]
interface between 1:north(4) and 2:south(3) [ 0~(+0) ]
interface between 2:north(4) and 3:south(3) [ 0~(+0) ]
interface between 3:west (1) and 7:east (2) [ 1~(+1) ]
interface between 3:north(4) and 4:south(3) [ 0~(+0) ]
interface between 4:north(4) and 8:east (2) [ 0~(+1) ]
interface between 5:west (1) and 9:east (2) [ 1~(+1) ]
interface between 6:west (1) and 11:east (2) [ 1~(+1) ]
interface between 7:west (1) and 13:east (2) [ 1~(+1) ]
interface between 8:west (1) and 15:east (2) [ 1~(+1) ]
interface between 9:west (1) and 16:south(3) [ 1~(+0) ]
interface between 9:south(3) and 10:south(3) [ 0~(+0) ]
interface between 10:north(4) and 11:south(3) [ 0~(+0) ]
interface between 11:north(4) and 12:south(3) [ 0~(+0) ]
interface between 12:north(4) and 13:south(3) [ 0~(+0) ]
interface between 13:north(4) and 14:south(3) [ 0~(+0) ]
interface between 14:north(4) and 15:south(3) [ 0~(+0) ]
interface between 15:west (1) and 20:north(4) [ 1~(+0) ]
[investigate-interface] stage=IdentifyPatches.markTouching interface=19 patches=(15,20) rawSides=(1,4) canonicalSides=(1,4) mirrored=(1,0) featureSides=(U0,V1) orientation=same
interface between 16:north(4) and 17:south(3) [ 0~(+0) ]
interface between 17:north(4) and 18:south(3) [ 0~(+0) ]
interface between 18:north(4) and 19:south(3) [ 0~(+0) ]
interface between 19:north(4) and 20:south(3) [ 0~(+0) ]
[investigate-interface] stage=IdentifyPatches.directTwins interface=19 patches=(15,20)
[investigate-interface] level=0 candidates=3 directTwins=3 distanceRejected=0 unresolved=0
[investigate-interface] level=1 candidates=4 directTwins=4 distanceRejected=0 unresolved=0
[investigate-interface] level=2 candidates=6 directTwins=6 distanceRejected=0 unresolved=0
[investigate-interface] level=3 candidates=10 directTwins=10 distanceRejected=0 unresolved=0
[investigate-interface] twin-summary-begin patches=(15,20)
[investigate-interface] twin-summary level=0 firstToSecond=3 secondToFirst=3 examplesFirstToSecond={0->6; 3->7; 6->8} examplesSecondToFirst={6->0; 7->3; 8->6}
[investigate-interface] twin-summary level=1 firstToSecond=4 secondToFirst=4 examplesFirstToSecond={0->12; 4->13; 8->14; 12->15} examplesSecondToFirst={12->0; 13->4; 14->8; 15->12}
[investigate-interface] twin-summary level=2 firstToSecond=6 secondToFirst=6 examplesFirstToSecond={0->30; 6->31; 12->32; 18->33; 24->34; 30->35} examplesSecondToFirst={30->0; 31->6; 32->12; 33->18; 34->24; 35->30}
[investigate-interface] twin-summary level=3 firstToSecond=10 secondToFirst=10 examplesFirstToSecond={0->90; 10->91; 20->92; 30->93; 40->94; 50->95; 60->96; 70->97} examplesSecondToFirst={90->0; 91->10; 92->20; 93->30; 94->40; 95->50; 96->60; 97->70}
[investigate-interface] twin-summary-end
Patch 0
Patch 0, level 0
5 0 2 
5 0 5 
5 0 8 
-1 0 -1 
-1 0 -1 
-1 0 -1 
1 0 0 6 0 2 
1 0 1 
1 0 2 

Patch 0, level 1
5 1 3 
5 1 7 
5 1 11 
5 1 15 
-1 1 -1 
-1 1 -1 
-1 1 -1 
-1 1 -1 
-1 1 -1 
-1 1 -1 
-1 1 -1 
-1 1 -1 
1 1 0 6 1 3 
1 1 1 
1 1 2 
1 1 3 

Patch 0, level 2
5 2 5 
5 2 11 
5 2 17 
5 2 23 
5 2 29 
5 2 35 
-1 2 -1 
-1 2 -1 
-1 2 -1 
-1 2 -1 
-1 2 -1 
-1 2 -1 
-1 2 -1 
-1 2 -1 
-1 2 -1 
-1 2 -1 
-1 2 -1 
-1 2 -1 
-1 2 -1 
-1 2 -1 
-1 2 -1 
-1 2 -1 
-1 2 -1 
-1 2 -1 
-1 2 -1 
-1 2 -1 
-1 2 -1 
-1 2 -1 
-1 2 -1 
-1 2 -1 
1 2 0 6 2 5 
1 2 1 
1 2 2 
1 2 3 
1 2 4 
1 2 5 

Patch 0, level 3
5 3 9 
5 3 19 
5 3 29 
5 3 39 
5 3 49 
5 3 59 
5 3 69 
5 3 79 
5 3 89 
5 3 99 
-1 3 -1 
-1 3 -1 
-1 3 -1 
-1 3 -1 
-1 3 -1 
-1 3 -1 
-1 3 -1 
-1 3 -1 
-1 3 -1 
-1 3 -1 
-1 3 -1 
-1 3 -1 
-1 3 -1 
-1 3 -1 
-1 3 -1 
-1 3 -1 
-1 3 -1 
-1 3 -1 
-1 3 -1 
-1 3 -1 
-1 3 -1 
-1 3 -1 
-1 3 -1 
-1 3 -1 
-1 3 -1 
-1 3 -1 
-1 3 -1 
-1 3 -1 
-1 3 -1 
-1 3 -1 
-1 3 -1 
-1 3 -1 
-1 3 -1 
-1 3 -1 
-1 3 -1 
-1 3 -1 
-1 3 -1 
-1 3 -1 
-1 3 -1 
-1 3 -1 
-1 3 -1 
-1 3 -1 
-1 3 -1 
-1 3 -1 
-1 3 -1 
-1 3 -1 
-1 3 -1 
-1 3 -1 
-1 3 -1 
-1 3 -1 
-1 3 -1 
-1 3 -1 
-1 3 -1 
-1 3 -1 
-1 3 -1 
-1 3 -1 
-1 3 -1 
-1 3 -1 
-1 3 -1 
-1 3 -1 
-1 3 -1 
-1 3 -1 
-1 3 -1 
-1 3 -1 
-1 3 -1 
-1 3 -1 
-1 3 -1 
-1 3 -1 
-1 3 -1 
-1 3 -1 
-1 3 -1 
-1 3 -1 
-1 3 -1 
-1 3 -1 
-1 3 -1 
-1 3 -1 
-1 3 -1 
-1 3 -1 
-1 3 -1 
-1 3 -1 
1 3 0 6 3 9 
1 3 1 
1 3 2 
1 3 3 
1 3 4 
1 3 5 
1 3 6 
1 3 7 
1 3 8 
1 3 9 


Patch 1
Patch 1, level 0
0 0 6 6 0 2 
0 0 7 
0 0 8 
6 0 5 
-1 0 -1 
-1 0 -1 
6 0 8 2 0 0 
2 0 1 
2 0 2 

Patch 1, level 1
0 1 12 6 1 3 
0 1 13 
0 1 14 
0 1 15 
6 1 7 
-1 1 -1 
-1 1 -1 
-1 1 -1 
6 1 11 
-1 1 -1 
-1 1 -1 
-1 1 -1 
6 1 15 2 1 0 
2 1 1 
2 1 2 
2 1 3 

Patch 1, level 2
0 2 30 6 2 5 
0 2 31 
0 2 32 
0 2 33 
0 2 34 
0 2 35 
6 2 11 
-1 2 -1 
-1 2 -1 
-1 2 -1 
-1 2 -1 
-1 2 -1 
6 2 17 
-1 2 -1 
-1 2 -1 
-1 2 -1 
-1 2 -1 
-1 2 -1 
6 2 23 
-1 2 -1 
-1 2 -1 
-1 2 -1 
-1 2 -1 
-1 2 -1 
6 2 29 
-1 2 -1 
-1 2 -1 
-1 2 -1 
-1 2 -1 
-1 2 -1 
6 2 35 2 2 0 
2 2 1 
2 2 2 
2 2 3 
2 2 4 
2 2 5 

Patch 1, level 3
0 3 90 6 3 9 
0 3 91 
0 3 92 
0 3 93 
0 3 94 
0 3 95 
0 3 96 
0 3 97 
0 3 98 
0 3 99 
6 3 19 
-1 3 -1 
-1 3 -1 
-1 3 -1 
-1 3 -1 
-1 3 -1 
-1 3 -1 
-1 3 -1 
-1 3 -1 
-1 3 -1 
6 3 29 
-1 3 -1 
-1 3 -1 
-1 3 -1 
-1 3 -1 
-1 3 -1 
-1 3 -1 
-1 3 -1 
-1 3 -1 
-1 3 -1 
6 3 39 
-1 3 -1 
-1 3 -1 
-1 3 -1 
-1 3 -1 
-1 3 -1 
-1 3 -1 
-1 3 -1 
-1 3 -1 
-1 3 -1 
6 3 49 
-1 3 -1 
-1 3 -1 
-1 3 -1 
-1 3 -1 
-1 3 -1 
-1 3 -1 
-1 3 -1 
-1 3 -1 
-1 3 -1 
6 3 59 
-1 3 -1 
-1 3 -1 
-1 3 -1 
-1 3 -1 
-1 3 -1 
-1 3 -1 
-1 3 -1 
-1 3 -1 
-1 3 -1 
6 3 69 
-1 3 -1 
-1 3 -1 
-1 3 -1 
-1 3 -1 
-1 3 -1 
-1 3 -1 
-1 3 -1 
-1 3 -1 
-1 3 -1 
6 3 79 
-1 3 -1 
-1 3 -1 
-1 3 -1 
-1 3 -1 
-1 3 -1 
-1 3 -1 
-1 3 -1 
-1 3 -1 
-1 3 -1 
6 3 89 
-1 3 -1 
-1 3 -1 
-1 3 -1 
-1 3 -1 
-1 3 -1 
-1 3 -1 
-1 3 -1 
-1 3 -1 
-1 3 -1 
6 3 99 2 3 0 
2 3 1 
2 3 2 
2 3 3 
2 3 4 
2 3 5 
2 3 6 
2 3 7 
2 3 8 
2 3 9 


Patch 2
Patch 2, level 0
1 0 6 6 0 8 
1 0 7 
1 0 8 
-1 0 -1 
-1 0 -1 
-1 0 -1 
3 0 0 7 0 2 
3 0 1 
3 0 2 

Patch 2, level 1
1 1 12 6 1 15 
1 1 13 
1 1 14 
1 1 15 
-1 1 -1 
-1 1 -1 
-1 1 -1 
-1 1 -1 
-1 1 -1 
-1 1 -1 
-1 1 -1 
-1 1 -1 
3 1 0 7 1 3 
3 1 1 
3 1 2 
3 1 3 

Patch 2, level 2
1 2 30 6 2 35 
1 2 31 
1 2 32 
1 2 33 
1 2 34 
1 2 35 
-1 2 -1 
-1 2 -1 
-1 2 -1 
-1 2 -1 
-1 2 -1 
-1 2 -1 
-1 2 -1 
-1 2 -1 
-1 2 -1 
-1 2 -1 
-1 2 -1 
-1 2 -1 
-1 2 -1 
-1 2 -1 
-1 2 -1 
-1 2 -1 
-1 2 -1 
-1 2 -1 
-1 2 -1 
-1 2 -1 
-1 2 -1 
-1 2 -1 
-1 2 -1 
-1 2 -1 
3 2 0 7 2 5 
3 2 1 
3 2 2 
3 2 3 
3 2 4 
3 2 5 

Patch 2, level 3
1 3 90 6 3 99 
1 3 91 
1 3 92 
1 3 93 
1 3 94 
1 3 95 
1 3 96 
1 3 97 
1 3 98 
1 3 99 
-1 3 -1 
-1 3 -1 
-1 3 -1 
-1 3 -1 
-1 3 -1 
-1 3 -1 
-1 3 -1 
-1 3 -1 
-1 3 -1 
-1 3 -1 
-1 3 -1 
-1 3 -1 
-1 3 -1 
-1 3 -1 
-1 3 -1 
-1 3 -1 
-1 3 -1 
-1 3 -1 
-1 3 -1 
-1 3 -1 
-1 3 -1 
-1 3 -1 
-1 3 -1 
-1 3 -1 
-1 3 -1 
-1 3 -1 
-1 3 -1 
-1 3 -1 
-1 3 -1 
-1 3 -1 
-1 3 -1 
-1 3 -1 
-1 3 -1 
-1 3 -1 
-1 3 -1 
-1 3 -1 
-1 3 -1 
-1 3 -1 
-1 3 -1 
-1 3 -1 
-1 3 -1 
-1 3 -1 
-1 3 -1 
-1 3 -1 
-1 3 -1 
-1 3 -1 
-1 3 -1 
-1 3 -1 
-1 3 -1 
-1 3 -1 
-1 3 -1 
-1 3 -1 
-1 3 -1 
-1 3 -1 
-1 3 -1 
-1 3 -1 
-1 3 -1 
-1 3 -1 
-1 3 -1 
-1 3 -1 
-1 3 -1 
-1 3 -1 
-1 3 -1 
-1 3 -1 
-1 3 -1 
-1 3 -1 
-1 3 -1 
-1 3 -1 
-1 3 -1 
-1 3 -1 
-1 3 -1 
-1 3 -1 
-1 3 -1 
-1 3 -1 
-1 3 -1 
-1 3 -1 
-1 3 -1 
-1 3 -1 
-1 3 -1 
-1 3 -1 
3 3 0 7 3 9 
3 3 1 
3 3 2 
3 3 3 
3 3 4 
3 3 5 
3 3 6 
3 3 7 
3 3 8 
3 3 9 


Patch 3
Patch 3, level 0
2 0 6 7 0 2 
2 0 7 
2 0 8 
7 0 5 
-1 0 -1 
-1 0 -1 
7 0 8 4 0 0 
4 0 1 
4 0 2 

Patch 3, level 1
2 1 12 7 1 3 
2 1 13 
2 1 14 
2 1 15 
7 1 7 
-1 1 -1 
-1 1 -1 
-1 1 -1 
7 1 11 
-1 1 -1 
-1 1 -1 
-1 1 -1 
7 1 15 4 1 0 
4 1 1 
4 1 2 
4 1 3 

Patch 3, level 2
2 2 30 7 2 5 
2 2 31 
2 2 32 
2 2 33 
2 2 34 
2 2 35 
7 2 11 
-1 2 -1 
-1 2 -1 
-1 2 -1 
-1 2 -1 
-1 2 -1 
7 2 17 
-1 2 -1 
-1 2 -1 
-1 2 -1 
-1 2 -1 
-1 2 -1 
7 2 23 
-1 2 -1 
-1 2 -1 
-1 2 -1 
-1 2 -1 
-1 2 -1 
7 2 29 
-1 2 -1 
-1 2 -1 
-1 2 -1 
-1 2 -1 
-1 2 -1 
7 2 35 4 2 0 
4 2 1 
4 2 2 
4 2 3 
4 2 4 
4 2 5 

Patch 3, level 3
2 3 90 7 3 9 
2 3 91 
2 3 92 
2 3 93 
2 3 94 
2 3 95 
2 3 96 
2 3 97 
2 3 98 
2 3 99 
7 3 19 
-1 3 -1 
-1 3 -1 
-1 3 -1 
-1 3 -1 
-1 3 -1 
-1 3 -1 
-1 3 -1 
-1 3 -1 
-1 3 -1 
7 3 29 
-1 3 -1 
-1 3 -1 
-1 3 -1 
-1 3 -1 
-1 3 -1 
-1 3 -1 
-1 3 -1 
-1 3 -1 
-1 3 -1 
7 3 39 
-1 3 -1 
-1 3 -1 
-1 3 -1 
-1 3 -1 
-1 3 -1 
-1 3 -1 
-1 3 -1 
-1 3 -1 
-1 3 -1 
7 3 49 
-1 3 -1 
-1 3 -1 
-1 3 -1 
-1 3 -1 
-1 3 -1 
-1 3 -1 
-1 3 -1 
-1 3 -1 
-1 3 -1 
7 3 59 
-1 3 -1 
-1 3 -1 
-1 3 -1 
-1 3 -1 
-1 3 -1 
-1 3 -1 
-1 3 -1 
-1 3 -1 
-1 3 -1 
7 3 69 
-1 3 -1 
-1 3 -1 
-1 3 -1 
-1 3 -1 
-1 3 -1 
-1 3 -1 
-1 3 -1 
-1 3 -1 
-1 3 -1 
7 3 79 
-1 3 -1 
-1 3 -1 
-1 3 -1 
-1 3 -1 
-1 3 -1 
-1 3 -1 
-1 3 -1 
-1 3 -1 
-1 3 -1 
7 3 89 
-1 3 -1 
-1 3 -1 
-1 3 -1 
-1 3 -1 
-1 3 -1 
-1 3 -1 
-1 3 -1 
-1 3 -1 
-1 3 -1 
7 3 99 4 3 0 
4 3 1 
4 3 2 
4 3 3 
4 3 4 
4 3 5 
4 3 6 
4 3 7 
4 3 8 
4 3 9 


Patch 4
Patch 4, level 0
3 0 6 7 0 8 
3 0 7 
3 0 8 
-1 0 -1 
-1 0 -1 
-1 0 -1 
8 0 2 
8 0 5 
8 0 8 

Patch 4, level 1
3 1 12 7 1 15 
3 1 13 
3 1 14 
3 1 15 
-1 1 -1 
-1 1 -1 
-1 1 -1 
-1 1 -1 
-1 1 -1 
-1 1 -1 
-1 1 -1 
-1 1 -1 
8 1 3 
8 1 7 
8 1 11 
8 1 15 

Patch 4, level 2
3 2 30 7 2 35 
3 2 31 
3 2 32 
3 2 33 
3 2 34 
3 2 35 
-1 2 -1 
-1 2 -1 
-1 2 -1 
-1 2 -1 
-1 2 -1 
-1 2 -1 
-1 2 -1 
-1 2 -1 
-1 2 -1 
-1 2 -1 
-1 2 -1 
-1 2 -1 
-1 2 -1 
-1 2 -1 
-1 2 -1 
-1 2 -1 
-1 2 -1 
-1 2 -1 
-1 2 -1 
-1 2 -1 
-1 2 -1 
-1 2 -1 
-1 2 -1 
-1 2 -1 
8 2 5 
8 2 11 
8 2 17 
8 2 23 
8 2 29 
8 2 35 

Patch 4, level 3
3 3 90 7 3 99 
3 3 91 
3 3 92 
3 3 93 
3 3 94 
3 3 95 
3 3 96 
3 3 97 
3 3 98 
3 3 99 
-1 3 -1 
-1 3 -1 
-1 3 -1 
-1 3 -1 
-1 3 -1 
-1 3 -1 
-1 3 -1 
-1 3 -1 
-1 3 -1 
-1 3 -1 
-1 3 -1 
-1 3 -1 
-1 3 -1 
-1 3 -1 
-1 3 -1 
-1 3 -1 
-1 3 -1 
-1 3 -1 
-1 3 -1 
-1 3 -1 
-1 3 -1 
-1 3 -1 
-1 3 -1 
-1 3 -1 
-1 3 -1 
-1 3 -1 
-1 3 -1 
-1 3 -1 
-1 3 -1 
-1 3 -1 
-1 3 -1 
-1 3 -1 
-1 3 -1 
-1 3 -1 
-1 3 -1 
-1 3 -1 
-1 3 -1 
-1 3 -1 
-1 3 -1 
-1 3 -1 
-1 3 -1 
-1 3 -1 
-1 3 -1 
-1 3 -1 
-1 3 -1 
-1 3 -1 
-1 3 -1 
-1 3 -1 
-1 3 -1 
-1 3 -1 
-1 3 -1 
-1 3 -1 
-1 3 -1 
-1 3 -1 
-1 3 -1 
-1 3 -1 
-1 3 -1 
-1 3 -1 
-1 3 -1 
-1 3 -1 
-1 3 -1 
-1 3 -1 
-1 3 -1 
-1 3 -1 
-1 3 -1 
-1 3 -1 
-1 3 -1 
-1 3 -1 
-1 3 -1 
-1 3 -1 
-1 3 -1 
-1 3 -1 
-1 3 -1 
-1 3 -1 
-1 3 -1 
-1 3 -1 
-1 3 -1 
-1 3 -1 
-1 3 -1 
-1 3 -1 
8 3 9 
8 3 19 
8 3 29 
8 3 39 
8 3 49 
8 3 59 
8 3 69 
8 3 79 
8 3 89 
8 3 99 


Patch 5
Patch 5, level 0
9 0 2 10 0 2 
-1 0 -1 
0 0 0 
9 0 5 
-1 0 -1 
0 0 1 
9 0 8 
-1 0 -1 
0 0 2 

Patch 5, level 1
9 1 3 10 1 3 
-1 1 -1 
-1 1 -1 
0 1 0 
9 1 7 
-1 1 -1 
-1 1 -1 
0 1 1 
9 1 11 
-1 1 -1 
-1 1 -1 
0 1 2 
9 1 15 
-1 1 -1 
-1 1 -1 
0 1 3 

Patch 5, level 2
9 2 5 10 2 5 
-1 2 -1 
-1 2 -1 
-1 2 -1 
-1 2 -1 
0 2 0 
9 2 11 
-1 2 -1 
-1 2 -1 
-1 2 -1 
-1 2 -1 
0 2 1 
9 2 17 
-1 2 -1 
-1 2 -1 
-1 2 -1 
-1 2 -1 
0 2 2 
9 2 23 
-1 2 -1 
-1 2 -1 
-1 2 -1 
-1 2 -1 
0 2 3 
9 2 29 
-1 2 -1 
-1 2 -1 
-1 2 -1 
-1 2 -1 
0 2 4 
9 2 35 
-1 2 -1 
-1 2 -1 
-1 2 -1 
-1 2 -1 
0 2 5 

Patch 5, level 3
9 3 9 10 3 9 
-1 3 -1 
-1 3 -1 
-1 3 -1 
-1 3 -1 
-1 3 -1 
-1 3 -1 
-1 3 -1 
-1 3 -1 
0 3 0 
9 3 19 
-1 3 -1 
-1 3 -1 
-1 3 -1 
-1 3 -1 
-1 3 -1 
-1 3 -1 
-1 3 -1 
-1 3 -1 
0 3 1 
9 3 29 
-1 3 -1 
-1 3 -1 
-1 3 -1 
-1 3 -1 
-1 3 -1 
-1 3 -1 
-1 3 -1 
-1 3 -1 
0 3 2 
9 3 39 
-1 3 -1 
-1 3 -1 
-1 3 -1 
-1 3 -1 
-1 3 -1 
-1 3 -1 
-1 3 -1 
-1 3 -1 
0 3 3 
9 3 49 
-1 3 -1 
-1 3 -1 
-1 3 -1 
-1 3 -1 
-1 3 -1 
-1 3 -1 
-1 3 -1 
-1 3 -1 
0 3 4 
9 3 59 
-1 3 -1 
-1 3 -1 
-1 3 -1 
-1 3 -1 
-1 3 -1 
-1 3 -1 
-1 3 -1 
-1 3 -1 
0 3 5 
9 3 69 
-1 3 -1 
-1 3 -1 
-1 3 -1 
-1 3 -1 
-1 3 -1 
-1 3 -1 
-1 3 -1 
-1 3 -1 
0 3 6 
9 3 79 
-1 3 -1 
-1 3 -1 
-1 3 -1 
-1 3 -1 
-1 3 -1 
-1 3 -1 
-1 3 -1 
-1 3 -1 
0 3 7 
9 3 89 
-1 3 -1 
-1 3 -1 
-1 3 -1 
-1 3 -1 
-1 3 -1 
-1 3 -1 
-1 3 -1 
-1 3 -1 
0 3 8 
9 3 99 
-1 3 -1 
-1 3 -1 
-1 3 -1 
-1 3 -1 
-1 3 -1 
-1 3 -1 
-1 3 -1 
-1 3 -1 
0 3 9 


Patch 6
Patch 6, level 0
11 0 2 10 0 8 
-1 0 -1 
1 0 0 0 0 6 
11 0 5 
-1 0 -1 
1 0 3 
11 0 8 12 0 2 
-1 0 -1 
1 0 6 2 0 0 

Patch 6, level 1
11 1 3 10 1 15 
-1 1 -1 
-1 1 -1 
1 1 0 0 1 12 
11 1 7 
-1 1 -1 
-1 1 -1 
1 1 4 
11 1 11 
-1 1 -1 
-1 1 -1 
1 1 8 
11 1 15 12 1 3 
-1 1 -1 
-1 1 -1 
1 1 12 2 1 0 

Patch 6, level 2
11 2 5 10 2 35 
-1 2 -1 
-1 2 -1 
-1 2 -1 
-1 2 -1 
1 2 0 0 2 30 
11 2 11 
-1 2 -1 
-1 2 -1 
-1 2 -1 
-1 2 -1 
1 2 6 
11 2 17 
-1 2 -1 
-1 2 -1 
-1 2 -1 
-1 2 -1 
1 2 12 
11 2 23 
-1 2 -1 
-1 2 -1 
-1 2 -1 
-1 2 -1 
1 2 18 
11 2 29 
-1 2 -1 
-1 2 -1 
-1 2 -1 
-1 2 -1 
1 2 24 
11 2 35 12 2 5 
-1 2 -1 
-1 2 -1 
-1 2 -1 
-1 2 -1 
1 2 30 2 2 0 

Patch 6, level 3
11 3 9 10 3 99 
-1 3 -1 
-1 3 -1 
-1 3 -1 
-1 3 -1 
-1 3 -1 
-1 3 -1 
-1 3 -1 
-1 3 -1 
1 3 0 0 3 90 
11 3 19 
-1 3 -1 
-1 3 -1 
-1 3 -1 
-1 3 -1 
-1 3 -1 
-1 3 -1 
-1 3 -1 
-1 3 -1 
1 3 10 
11 3 29 
-1 3 -1 
-1 3 -1 
-1 3 -1 
-1 3 -1 
-1 3 -1 
-1 3 -1 
-1 3 -1 
-1 3 -1 
1 3 20 
11 3 39 
-1 3 -1 
-1 3 -1 
-1 3 -1 
-1 3 -1 
-1 3 -1 
-1 3 -1 
-1 3 -1 
-1 3 -1 
1 3 30 
11 3 49 
-1 3 -1 
-1 3 -1 
-1 3 -1 
-1 3 -1 
-1 3 -1 
-1 3 -1 
-1 3 -1 
-1 3 -1 
1 3 40 
11 3 59 
-1 3 -1 
-1 3 -1 
-1 3 -1 
-1 3 -1 
-1 3 -1 
-1 3 -1 
-1 3 -1 
-1 3 -1 
1 3 50 
11 3 69 
-1 3 -1 
-1 3 -1 
-1 3 -1 
-1 3 -1 
-1 3 -1 
-1 3 -1 
-1 3 -1 
-1 3 -1 
1 3 60 
11 3 79 
-1 3 -1 
-1 3 -1 
-1 3 -1 
-1 3 -1 
-1 3 -1 
-1 3 -1 
-1 3 -1 
-1 3 -1 
1 3 70 
11 3 89 
-1 3 -1 
-1 3 -1 
-1 3 -1 
-1 3 -1 
-1 3 -1 
-1 3 -1 
-1 3 -1 
-1 3 -1 
1 3 80 
11 3 99 12 3 9 
-1 3 -1 
-1 3 -1 
-1 3 -1 
-1 3 -1 
-1 3 -1 
-1 3 -1 
-1 3 -1 
-1 3 -1 
1 3 90 2 3 0 


Patch 7
Patch 7, level 0
13 0 2 12 0 8 
-1 0 -1 
3 0 0 2 0 6 
13 0 5 
-1 0 -1 
3 0 3 
13 0 8 14 0 2 
-1 0 -1 
3 0 6 4 0 0 

Patch 7, level 1
13 1 3 12 1 15 
-1 1 -1 
-1 1 -1 
3 1 0 2 1 12 
13 1 7 
-1 1 -1 
-1 1 -1 
3 1 4 
13 1 11 
-1 1 -1 
-1 1 -1 
3 1 8 
13 1 15 14 1 3 
-1 1 -1 
-1 1 -1 
3 1 12 4 1 0 

Patch 7, level 2
13 2 5 12 2 35 
-1 2 -1 
-1 2 -1 
-1 2 -1 
-1 2 -1 
3 2 0 2 2 30 
13 2 11 
-1 2 -1 
-1 2 -1 
-1 2 -1 
-1 2 -1 
3 2 6 
13 2 17 
-1 2 -1 
-1 2 -1 
-1 2 -1 
-1 2 -1 
3 2 12 
13 2 23 
-1 2 -1 
-1 2 -1 
-1 2 -1 
-1 2 -1 
3 2 18 
13 2 29 
-1 2 -1 
-1 2 -1 
-1 2 -1 
-1 2 -1 
3 2 24 
13 2 35 14 2 5 
-1 2 -1 
-1 2 -1 
-1 2 -1 
-1 2 -1 
3 2 30 4 2 0 

Patch 7, level 3
13 3 9 12 3 99 
-1 3 -1 
-1 3 -1 
-1 3 -1 
-1 3 -1 
-1 3 -1 
-1 3 -1 
-1 3 -1 
-1 3 -1 
3 3 0 2 3 90 
13 3 19 
-1 3 -1 
-1 3 -1 
-1 3 -1 
-1 3 -1 
-1 3 -1 
-1 3 -1 
-1 3 -1 
-1 3 -1 
3 3 10 
13 3 29 
-1 3 -1 
-1 3 -1 
-1 3 -1 
-1 3 -1 
-1 3 -1 
-1 3 -1 
-1 3 -1 
-1 3 -1 
3 3 20 
13 3 39 
-1 3 -1 
-1 3 -1 
-1 3 -1 
-1 3 -1 
-1 3 -1 
-1 3 -1 
-1 3 -1 
-1 3 -1 
3 3 30 
13 3 49 
-1 3 -1 
-1 3 -1 
-1 3 -1 
-1 3 -1 
-1 3 -1 
-1 3 -1 
-1 3 -1 
-1 3 -1 
3 3 40 
13 3 59 
-1 3 -1 
-1 3 -1 
-1 3 -1 
-1 3 -1 
-1 3 -1 
-1 3 -1 
-1 3 -1 
-1 3 -1 
3 3 50 
13 3 69 
-1 3 -1 
-1 3 -1 
-1 3 -1 
-1 3 -1 
-1 3 -1 
-1 3 -1 
-1 3 -1 
-1 3 -1 
3 3 60 
13 3 79 
-1 3 -1 
-1 3 -1 
-1 3 -1 
-1 3 -1 
-1 3 -1 
-1 3 -1 
-1 3 -1 
-1 3 -1 
3 3 70 
13 3 89 
-1 3 -1 
-1 3 -1 
-1 3 -1 
-1 3 -1 
-1 3 -1 
-1 3 -1 
-1 3 -1 
-1 3 -1 
3 3 80 
13 3 99 14 3 9 
-1 3 -1 
-1 3 -1 
-1 3 -1 
-1 3 -1 
-1 3 -1 
-1 3 -1 
-1 3 -1 
-1 3 -1 
3 3 90 4 3 0 


Patch 8
Patch 8, level 0
15 0 2 14 0 8 
-1 0 -1 
4 0 6 
15 0 5 
-1 0 -1 
4 0 7 
15 0 8 
-1 0 -1 
4 0 8 

Patch 8, level 1
15 1 3 14 1 15 
-1 1 -1 
-1 1 -1 
4 1 12 
15 1 7 
-1 1 -1 
-1 1 -1 
4 1 13 
15 1 11 
-1 1 -1 
-1 1 -1 
4 1 14 
15 1 15 
-1 1 -1 
-1 1 -1 
4 1 15 

Patch 8, level 2
15 2 5 14 2 35 
-1 2 -1 
-1 2 -1 
-1 2 -1 
-1 2 -1 
4 2 30 
15 2 11 
-1 2 -1 
-1 2 -1 
-1 2 -1 
-1 2 -1 
4 2 31 
15 2 17 
-1 2 -1 
-1 2 -1 
-1 2 -1 
-1 2 -1 
4 2 32 
15 2 23 
-1 2 -1 
-1 2 -1 
-1 2 -1 
-1 2 -1 
4 2 33 
15 2 29 
-1 2 -1 
-1 2 -1 
-1 2 -1 
-1 2 -1 
4 2 34 
15 2 35 
-1 2 -1 
-1 2 -1 
-1 2 -1 
-1 2 -1 
4 2 35 

Patch 8, level 3
15 3 9 14 3 99 
-1 3 -1 
-1 3 -1 
-1 3 -1 
-1 3 -1 
-1 3 -1 
-1 3 -1 
-1 3 -1 
-1 3 -1 
4 3 90 
15 3 19 
-1 3 -1 
-1 3 -1 
-1 3 -1 
-1 3 -1 
-1 3 -1 
-1 3 -1 
-1 3 -1 
-1 3 -1 
4 3 91 
15 3 29 
-1 3 -1 
-1 3 -1 
-1 3 -1 
-1 3 -1 
-1 3 -1 
-1 3 -1 
-1 3 -1 
-1 3 -1 
4 3 92 
15 3 39 
-1 3 -1 
-1 3 -1 
-1 3 -1 
-1 3 -1 
-1 3 -1 
-1 3 -1 
-1 3 -1 
-1 3 -1 
4 3 93 
15 3 49 
-1 3 -1 
-1 3 -1 
-1 3 -1 
-1 3 -1 
-1 3 -1 
-1 3 -1 
-1 3 -1 
-1 3 -1 
4 3 94 
15 3 59 
-1 3 -1 
-1 3 -1 
-1 3 -1 
-1 3 -1 
-1 3 -1 
-1 3 -1 
-1 3 -1 
-1 3 -1 
4 3 95 
15 3 69 
-1 3 -1 
-1 3 -1 
-1 3 -1 
-1 3 -1 
-1 3 -1 
-1 3 -1 
-1 3 -1 
-1 3 -1 
4 3 96 
15 3 79 
-1 3 -1 
-1 3 -1 
-1 3 -1 
-1 3 -1 
-1 3 -1 
-1 3 -1 
-1 3 -1 
-1 3 -1 
4 3 97 
15 3 89 
-1 3 -1 
-1 3 -1 
-1 3 -1 
-1 3 -1 
-1 3 -1 
-1 3 -1 
-1 3 -1 
-1 3 -1 
4 3 98 
15 3 99 
-1 3 -1 
-1 3 -1 
-1 3 -1 
-1 3 -1 
-1 3 -1 
-1 3 -1 
-1 3 -1 
-1 3 -1 
4 3 99 


Patch 9
Patch 9, level 0
16 0 0 10 0 0 
10 0 1 
5 0 0 10 0 2 
16 0 1 
-1 0 -1 
5 0 3 
16 0 2 
-1 0 -1 
5 0 6 

Patch 9, level 1
16 1 0 10 1 0 
10 1 1 
10 1 2 
5 1 0 10 1 3 
16 1 1 
-1 1 -1 
-1 1 -1 
5 1 4 
16 1 2 
-1 1 -1 
-1 1 -1 
5 1 8 
16 1 3 
-1 1 -1 
-1 1 -1 
5 1 12 

Patch 9, level 2
16 2 0 10 2 0 
10 2 1 
10 2 2 
10 2 3 
10 2 4 
5 2 0 10 2 5 
16 2 1 
-1 2 -1 
-1 2 -1 
-1 2 -1 
-1 2 -1 
5 2 6 
16 2 2 
-1 2 -1 
-1 2 -1 
-1 2 -1 
-1 2 -1 
5 2 12 
16 2 3 
-1 2 -1 
-1 2 -1 
-1 2 -1 
-1 2 -1 
5 2 18 
16 2 4 
-1 2 -1 
-1 2 -1 
-1 2 -1 
-1 2 -1 
5 2 24 
16 2 5 
-1 2 -1 
-1 2 -1 
-1 2 -1 
-1 2 -1 
5 2 30 

Patch 9, level 3
16 3 0 10 3 0 
10 3 1 
10 3 2 
10 3 3 
10 3 4 
10 3 5 
10 3 6 
10 3 7 
10 3 8 
5 3 0 10 3 9 
16 3 1 
-1 3 -1 
-1 3 -1 
-1 3 -1 
-1 3 -1 
-1 3 -1 
-1 3 -1 
-1 3 -1 
-1 3 -1 
5 3 10 
16 3 2 
-1 3 -1 
-1 3 -1 
-1 3 -1 
-1 3 -1 
-1 3 -1 
-1 3 -1 
-1 3 -1 
-1 3 -1 
5 3 20 
16 3 3 
-1 3 -1 
-1 3 -1 
-1 3 -1 
-1 3 -1 
-1 3 -1 
-1 3 -1 
-1 3 -1 
-1 3 -1 
5 3 30 
16 3 4 
-1 3 -1 
-1 3 -1 
-1 3 -1 
-1 3 -1 
-1 3 -1 
-1 3 -1 
-1 3 -1 
-1 3 -1 
5 3 40 
16 3 5 
-1 3 -1 
-1 3 -1 
-1 3 -1 
-1 3 -1 
-1 3 -1 
-1 3 -1 
-1 3 -1 
-1 3 -1 
5 3 50 
16 3 6 
-1 3 -1 
-1 3 -1 
-1 3 -1 
-1 3 -1 
-1 3 -1 
-1 3 -1 
-1 3 -1 
-1 3 -1 
5 3 60 
16 3 7 
-1 3 -1 
-1 3 -1 
-1 3 -1 
-1 3 -1 
-1 3 -1 
-1 3 -1 
-1 3 -1 
-1 3 -1 
5 3 70 
16 3 8 
-1 3 -1 
-1 3 -1 
-1 3 -1 
-1 3 -1 
-1 3 -1 
-1 3 -1 
-1 3 -1 
-1 3 -1 
5 3 80 
16 3 9 
-1 3 -1 
-1 3 -1 
-1 3 -1 
-1 3 -1 
-1 3 -1 
-1 3 -1 
-1 3 -1 
-1 3 -1 
5 3 90 


Patch 10
Patch 10, level 0
9 0 0 16 0 0 
9 0 1 
9 0 2 5 0 0 
-1 0 -1 
-1 0 -1 
-1 0 -1 
11 0 0 
11 0 1 
11 0 2 6 0 0 

Patch 10, level 1
9 1 0 16 1 0 
9 1 1 
9 1 2 
9 1 3 5 1 0 
-1 1 -1 
-1 1 -1 
-1 1 -1 
-1 1 -1 
-1 1 -1 
-1 1 -1 
-1 1 -1 
-1 1 -1 
11 1 0 
11 1 1 
11 1 2 
11 1 3 6 1 0 

Patch 10, level 2
9 2 0 16 2 0 
9 2 1 
9 2 2 
9 2 3 
9 2 4 
9 2 5 5 2 0 
-1 2 -1 
-1 2 -1 
-1 2 -1 
-1 2 -1 
-1 2 -1 
-1 2 -1 
-1 2 -1 
-1 2 -1 
-1 2 -1 
-1 2 -1 
-1 2 -1 
-1 2 -1 
-1 2 -1 
-1 2 -1 
-1 2 -1 
-1 2 -1 
-1 2 -1 
-1 2 -1 
-1 2 -1 
-1 2 -1 
-1 2 -1 
-1 2 -1 
-1 2 -1 
-1 2 -1 
11 2 0 
11 2 1 
11 2 2 
11 2 3 
11 2 4 
11 2 5 6 2 0 

Patch 10, level 3
9 3 0 16 3 0 
9 3 1 
9 3 2 
9 3 3 
9 3 4 
9 3 5 
9 3 6 
9 3 7 
9 3 8 
9 3 9 5 3 0 
-1 3 -1 
-1 3 -1 
-1 3 -1 
-1 3 -1 
-1 3 -1 
-1 3 -1 
-1 3 -1 
-1 3 -1 
-1 3 -1 
-1 3 -1 
-1 3 -1 
-1 3 -1 
-1 3 -1 
-1 3 -1 
-1 3 -1 
-1 3 -1 
-1 3 -1 
-1 3 -1 
-1 3 -1 
-1 3 -1 
-1 3 -1 
-1 3 -1 
-1 3 -1 
-1 3 -1 
-1 3 -1 
-1 3 -1 
-1 3 -1 
-1 3 -1 
-1 3 -1 
-1 3 -1 
-1 3 -1 
-1 3 -1 
-1 3 -1 
-1 3 -1 
-1 3 -1 
-1 3 -1 
-1 3 -1 
-1 3 -1 
-1 3 -1 
-1 3 -1 
-1 3 -1 
-1 3 -1 
-1 3 -1 
-1 3 -1 
-1 3 -1 
-1 3 -1 
-1 3 -1 
-1 3 -1 
-1 3 -1 
-1 3 -1 
-1 3 -1 
-1 3 -1 
-1 3 -1 
-1 3 -1 
-1 3 -1 
-1 3 -1 
-1 3 -1 
-1 3 -1 
-1 3 -1 
-1 3 -1 
-1 3 -1 
-1 3 -1 
-1 3 -1 
-1 3 -1 
-1 3 -1 
-1 3 -1 
-1 3 -1 
-1 3 -1 
-1 3 -1 
-1 3 -1 
-1 3 -1 
-1 3 -1 
-1 3 -1 
-1 3 -1 
-1 3 -1 
-1 3 -1 
-1 3 -1 
-1 3 -1 
-1 3 -1 
-1 3 -1 
11 3 0 
11 3 1 
11 3 2 
11 3 3 
11 3 4 
11 3 5 
11 3 6 
11 3 7 
11 3 8 
11 3 9 6 3 0 


Patch 11
Patch 11, level 0
10 0 6 
10 0 7 
6 0 0 10 0 8 
-1 0 -1 
-1 0 -1 
6 0 3 
12 0 0 
12 0 1 
6 0 6 12 0 2 

Patch 11, level 1
10 1 12 
10 1 13 
10 1 14 
6 1 0 10 1 15 
-1 1 -1 
-1 1 -1 
-1 1 -1 
6 1 4 
-1 1 -1 
-1 1 -1 
-1 1 -1 
6 1 8 
12 1 0 
12 1 1 
12 1 2 
6 1 12 12 1 3 

Patch 11, level 2
10 2 30 
10 2 31 
10 2 32 
10 2 33 
10 2 34 
6 2 0 10 2 35 
-1 2 -1 
-1 2 -1 
-1 2 -1 
-1 2 -1 
-1 2 -1 
6 2 6 
-1 2 -1 
-1 2 -1 
-1 2 -1 
-1 2 -1 
-1 2 -1 
6 2 12 
-1 2 -1 
-1 2 -1 
-1 2 -1 
-1 2 -1 
-1 2 -1 
6 2 18 
-1 2 -1 
-1 2 -1 
-1 2 -1 
-1 2 -1 
-1 2 -1 
6 2 24 
12 2 0 
12 2 1 
12 2 2 
12 2 3 
12 2 4 
6 2 30 12 2 5 

Patch 11, level 3
10 3 90 
10 3 91 
10 3 92 
10 3 93 
10 3 94 
10 3 95 
10 3 96 
10 3 97 
10 3 98 
6 3 0 10 3 99 
-1 3 -1 
-1 3 -1 
-1 3 -1 
-1 3 -1 
-1 3 -1 
-1 3 -1 
-1 3 -1 
-1 3 -1 
-1 3 -1 
6 3 10 
-1 3 -1 
-1 3 -1 
-1 3 -1 
-1 3 -1 
-1 3 -1 
-1 3 -1 
-1 3 -1 
-1 3 -1 
-1 3 -1 
6 3 20 
-1 3 -1 
-1 3 -1 
-1 3 -1 
-1 3 -1 
-1 3 -1 
-1 3 -1 
-1 3 -1 
-1 3 -1 
-1 3 -1 
6 3 30 
-1 3 -1 
-1 3 -1 
-1 3 -1 
-1 3 -1 
-1 3 -1 
-1 3 -1 
-1 3 -1 
-1 3 -1 
-1 3 -1 
6 3 40 
-1 3 -1 
-1 3 -1 
-1 3 -1 
-1 3 -1 
-1 3 -1 
-1 3 -1 
-1 3 -1 
-1 3 -1 
-1 3 -1 
6 3 50 
-1 3 -1 
-1 3 -1 
-1 3 -1 
-1 3 -1 
-1 3 -1 
-1 3 -1 
-1 3 -1 
-1 3 -1 
-1 3 -1 
6 3 60 
-1 3 -1 
-1 3 -1 
-1 3 -1 
-1 3 -1 
-1 3 -1 
-1 3 -1 
-1 3 -1 
-1 3 -1 
-1 3 -1 
6 3 70 
-1 3 -1 
-1 3 -1 
-1 3 -1 
-1 3 -1 
-1 3 -1 
-1 3 -1 
-1 3 -1 
-1 3 -1 
-1 3 -1 
6 3 80 
12 3 0 
12 3 1 
12 3 2 
12 3 3 
12 3 4 
12 3 5 
12 3 6 
12 3 7 
12 3 8 
6 3 90 12 3 9 


Patch 12
Patch 12, level 0
11 0 6 
11 0 7 
11 0 8 6 0 6 
-1 0 -1 
-1 0 -1 
-1 0 -1 
13 0 0 
13 0 1 
13 0 2 7 0 0 

Patch 12, level 1
11 1 12 
11 1 13 
11 1 14 
11 1 15 6 1 12 
-1 1 -1 
-1 1 -1 
-1 1 -1 
-1 1 -1 
-1 1 -1 
-1 1 -1 
-1 1 -1 
-1 1 -1 
13 1 0 
13 1 1 
13 1 2 
13 1 3 7 1 0 

Patch 12, level 2
11 2 30 
11 2 31 
11 2 32 
11 2 33 
11 2 34 
11 2 35 6 2 30 
-1 2 -1 
-1 2 -1 
-1 2 -1 
-1 2 -1 
-1 2 -1 
-1 2 -1 
-1 2 -1 
-1 2 -1 
-1 2 -1 
-1 2 -1 
-1 2 -1 
-1 2 -1 
-1 2 -1 
-1 2 -1 
-1 2 -1 
-1 2 -1 
-1 2 -1 
-1 2 -1 
-1 2 -1 
-1 2 -1 
-1 2 -1 
-1 2 -1 
-1 2 -1 
-1 2 -1 
13 2 0 
13 2 1 
13 2 2 
13 2 3 
13 2 4 
13 2 5 7 2 0 

Patch 12, level 3
11 3 90 
11 3 91 
11 3 92 
11 3 93 
11 3 94 
11 3 95 
11 3 96 
11 3 97 
11 3 98 
11 3 99 6 3 90 
-1 3 -1 
-1 3 -1 
-1 3 -1 
-1 3 -1 
-1 3 -1 
-1 3 -1 
-1 3 -1 
-1 3 -1 
-1 3 -1 
-1 3 -1 
-1 3 -1 
-1 3 -1 
-1 3 -1 
-1 3 -1 
-1 3 -1 
-1 3 -1 
-1 3 -1 
-1 3 -1 
-1 3 -1 
-1 3 -1 
-1 3 -1 
-1 3 -1 
-1 3 -1 
-1 3 -1 
-1 3 -1 
-1 3 -1 
-1 3 -1 
-1 3 -1 
-1 3 -1 
-1 3 -1 
-1 3 -1 
-1 3 -1 
-1 3 -1 
-1 3 -1 
-1 3 -1 
-1 3 -1 
-1 3 -1 
-1 3 -1 
-1 3 -1 
-1 3 -1 
-1 3 -1 
-1 3 -1 
-1 3 -1 
-1 3 -1 
-1 3 -1 
-1 3 -1 
-1 3 -1 
-1 3 -1 
-1 3 -1 
-1 3 -1 
-1 3 -1 
-1 3 -1 
-1 3 -1 
-1 3 -1 
-1 3 -1 
-1 3 -1 
-1 3 -1 
-1 3 -1 
-1 3 -1 
-1 3 -1 
-1 3 -1 
-1 3 -1 
-1 3 -1 
-1 3 -1 
-1 3 -1 
-1 3 -1 
-1 3 -1 
-1 3 -1 
-1 3 -1 
-1 3 -1 
-1 3 -1 
-1 3 -1 
-1 3 -1 
-1 3 -1 
-1 3 -1 
-1 3 -1 
-1 3 -1 
-1 3 -1 
-1 3 -1 
-1 3 -1 
13 3 0 
13 3 1 
13 3 2 
13 3 3 
13 3 4 
13 3 5 
13 3 6 
13 3 7 
13 3 8 
13 3 9 7 3 0 


Patch 13
Patch 13, level 0
12 0 6 
12 0 7 
7 0 0 12 0 8 
-1 0 -1 
-1 0 -1 
7 0 3 
14 0 0 
14 0 1 
7 0 6 14 0 2 

Patch 13, level 1
12 1 12 
12 1 13 
12 1 14 
7 1 0 12 1 15 
-1 1 -1 
-1 1 -1 
-1 1 -1 
7 1 4 
-1 1 -1 
-1 1 -1 
-1 1 -1 
7 1 8 
14 1 0 
14 1 1 
14 1 2 
7 1 12 14 1 3 

Patch 13, level 2
12 2 30 
12 2 31 
12 2 32 
12 2 33 
12 2 34 
7 2 0 12 2 35 
-1 2 -1 
-1 2 -1 
-1 2 -1 
-1 2 -1 
-1 2 -1 
7 2 6 
-1 2 -1 
-1 2 -1 
-1 2 -1 
-1 2 -1 
-1 2 -1 
7 2 12 
-1 2 -1 
-1 2 -1 
-1 2 -1 
-1 2 -1 
-1 2 -1 
7 2 18 
-1 2 -1 
-1 2 -1 
-1 2 -1 
-1 2 -1 
-1 2 -1 
7 2 24 
14 2 0 
14 2 1 
14 2 2 
14 2 3 
14 2 4 
7 2 30 14 2 5 

Patch 13, level 3
12 3 90 
12 3 91 
12 3 92 
12 3 93 
12 3 94 
12 3 95 
12 3 96 
12 3 97 
12 3 98 
7 3 0 12 3 99 
-1 3 -1 
-1 3 -1 
-1 3 -1 
-1 3 -1 
-1 3 -1 
-1 3 -1 
-1 3 -1 
-1 3 -1 
-1 3 -1 
7 3 10 
-1 3 -1 
-1 3 -1 
-1 3 -1 
-1 3 -1 
-1 3 -1 
-1 3 -1 
-1 3 -1 
-1 3 -1 
-1 3 -1 
7 3 20 
-1 3 -1 
-1 3 -1 
-1 3 -1 
-1 3 -1 
-1 3 -1 
-1 3 -1 
-1 3 -1 
-1 3 -1 
-1 3 -1 
7 3 30 
-1 3 -1 
-1 3 -1 
-1 3 -1 
-1 3 -1 
-1 3 -1 
-1 3 -1 
-1 3 -1 
-1 3 -1 
-1 3 -1 
7 3 40 
-1 3 -1 
-1 3 -1 
-1 3 -1 
-1 3 -1 
-1 3 -1 
-1 3 -1 
-1 3 -1 
-1 3 -1 
-1 3 -1 
7 3 50 
-1 3 -1 
-1 3 -1 
-1 3 -1 
-1 3 -1 
-1 3 -1 
-1 3 -1 
-1 3 -1 
-1 3 -1 
-1 3 -1 
7 3 60 
-1 3 -1 
-1 3 -1 
-1 3 -1 
-1 3 -1 
-1 3 -1 
-1 3 -1 
-1 3 -1 
-1 3 -1 
-1 3 -1 
7 3 70 
-1 3 -1 
-1 3 -1 
-1 3 -1 
-1 3 -1 
-1 3 -1 
-1 3 -1 
-1 3 -1 
-1 3 -1 
-1 3 -1 
7 3 80 
14 3 0 
14 3 1 
14 3 2 
14 3 3 
14 3 4 
14 3 5 
14 3 6 
14 3 7 
14 3 8 
7 3 90 14 3 9 


Patch 14
Patch 14, level 0
13 0 6 
13 0 7 
13 0 8 7 0 6 
-1 0 -1 
-1 0 -1 
-1 0 -1 
15 0 0 20 0 6 
15 0 1 
15 0 2 8 0 0 

Patch 14, level 1
13 1 12 
13 1 13 
13 1 14 
13 1 15 7 1 12 
-1 1 -1 
-1 1 -1 
-1 1 -1 
-1 1 -1 
-1 1 -1 
-1 1 -1 
-1 1 -1 
-1 1 -1 
15 1 0 20 1 12 
15 1 1 
15 1 2 
15 1 3 8 1 0 

Patch 14, level 2
13 2 30 
13 2 31 
13 2 32 
13 2 33 
13 2 34 
13 2 35 7 2 30 
-1 2 -1 
-1 2 -1 
-1 2 -1 
-1 2 -1 
-1 2 -1 
-1 2 -1 
-1 2 -1 
-1 2 -1 
-1 2 -1 
-1 2 -1 
-1 2 -1 
-1 2 -1 
-1 2 -1 
-1 2 -1 
-1 2 -1 
-1 2 -1 
-1 2 -1 
-1 2 -1 
-1 2 -1 
-1 2 -1 
-1 2 -1 
-1 2 -1 
-1 2 -1 
-1 2 -1 
15 2 0 20 2 30 
15 2 1 
15 2 2 
15 2 3 
15 2 4 
15 2 5 8 2 0 

Patch 14, level 3
13 3 90 
13 3 91 
13 3 92 
13 3 93 
13 3 94 
13 3 95 
13 3 96 
13 3 97 
13 3 98 
13 3 99 7 3 90 
-1 3 -1 
-1 3 -1 
-1 3 -1 
-1 3 -1 
-1 3 -1 
-1 3 -1 
-1 3 -1 
-1 3 -1 
-1 3 -1 
-1 3 -1 
-1 3 -1 
-1 3 -1 
-1 3 -1 
-1 3 -1 
-1 3 -1 
-1 3 -1 
-1 3 -1 
-1 3 -1 
-1 3 -1 
-1 3 -1 
-1 3 -1 
-1 3 -1 
-1 3 -1 
-1 3 -1 
-1 3 -1 
-1 3 -1 
-1 3 -1 
-1 3 -1 
-1 3 -1 
-1 3 -1 
-1 3 -1 
-1 3 -1 
-1 3 -1 
-1 3 -1 
-1 3 -1 
-1 3 -1 
-1 3 -1 
-1 3 -1 
-1 3 -1 
-1 3 -1 
-1 3 -1 
-1 3 -1 
-1 3 -1 
-1 3 -1 
-1 3 -1 
-1 3 -1 
-1 3 -1 
-1 3 -1 
-1 3 -1 
-1 3 -1 
-1 3 -1 
-1 3 -1 
-1 3 -1 
-1 3 -1 
-1 3 -1 
-1 3 -1 
-1 3 -1 
-1 3 -1 
-1 3 -1 
-1 3 -1 
-1 3 -1 
-1 3 -1 
-1 3 -1 
-1 3 -1 
-1 3 -1 
-1 3 -1 
-1 3 -1 
-1 3 -1 
-1 3 -1 
-1 3 -1 
-1 3 -1 
-1 3 -1 
-1 3 -1 
-1 3 -1 
-1 3 -1 
-1 3 -1 
-1 3 -1 
-1 3 -1 
-1 3 -1 
-1 3 -1 
15 3 0 20 3 90 
15 3 1 
15 3 2 
15 3 3 
15 3 4 
15 3 5 
15 3 6 
15 3 7 
15 3 8 
15 3 9 8 3 0 


Patch 15
Patch 15, level 0
14 0 6 20 0 6 
14 0 7 
8 0 0 14 0 8 
20 0 7 
-1 0 -1 
8 0 3 
20 0 8 
-1 0 -1 
8 0 6 

Patch 15, level 1
14 1 12 20 1 12 
14 1 13 
14 1 14 
8 1 0 14 1 15 
20 1 13 
-1 1 -1 
-1 1 -1 
8 1 4 
20 1 14 
-1 1 -1 
-1 1 -1 
8 1 8 
20 1 15 
-1 1 -1 
-1 1 -1 
8 1 12 

Patch 15, level 2
14 2 30 20 2 30 
14 2 31 
14 2 32 
14 2 33 
14 2 34 
8 2 0 14 2 35 
20 2 31 
-1 2 -1 
-1 2 -1 
-1 2 -1 
-1 2 -1 
8 2 6 
20 2 32 
-1 2 -1 
-1 2 -1 
-1 2 -1 
-1 2 -1 
8 2 12 
20 2 33 
-1 2 -1 
-1 2 -1 
-1 2 -1 
-1 2 -1 
8 2 18 
20 2 34 
-1 2 -1 
-1 2 -1 
-1 2 -1 
-1 2 -1 
8 2 24 
20 2 35 
-1 2 -1 
-1 2 -1 
-1 2 -1 
-1 2 -1 
8 2 30 

Patch 15, level 3
14 3 90 20 3 90 
14 3 91 
14 3 92 
14 3 93 
14 3 94 
14 3 95 
14 3 96 
14 3 97 
14 3 98 
8 3 0 14 3 99 
20 3 91 
-1 3 -1 
-1 3 -1 
-1 3 -1 
-1 3 -1 
-1 3 -1 
-1 3 -1 
-1 3 -1 
-1 3 -1 
8 3 10 
20 3 92 
-1 3 -1 
-1 3 -1 
-1 3 -1 
-1 3 -1 
-1 3 -1 
-1 3 -1 
-1 3 -1 
-1 3 -1 
8 3 20 
20 3 93 
-1 3 -1 
-1 3 -1 
-1 3 -1 
-1 3 -1 
-1 3 -1 
-1 3 -1 
-1 3 -1 
-1 3 -1 
8 3 30 
20 3 94 
-1 3 -1 
-1 3 -1 
-1 3 -1 
-1 3 -1 
-1 3 -1 
-1 3 -1 
-1 3 -1 
-1 3 -1 
8 3 40 
20 3 95 
-1 3 -1 
-1 3 -1 
-1 3 -1 
-1 3 -1 
-1 3 -1 
-1 3 -1 
-1 3 -1 
-1 3 -1 
8 3 50 
20 3 96 
-1 3 -1 
-1 3 -1 
-1 3 -1 
-1 3 -1 
-1 3 -1 
-1 3 -1 
-1 3 -1 
-1 3 -1 
8 3 60 
20 3 97 
-1 3 -1 
-1 3 -1 
-1 3 -1 
-1 3 -1 
-1 3 -1 
-1 3 -1 
-1 3 -1 
-1 3 -1 
8 3 70 
20 3 98 
-1 3 -1 
-1 3 -1 
-1 3 -1 
-1 3 -1 
-1 3 -1 
-1 3 -1 
-1 3 -1 
-1 3 -1 
8 3 80 
20 3 99 
-1 3 -1 
-1 3 -1 
-1 3 -1 
-1 3 -1 
-1 3 -1 
-1 3 -1 
-1 3 -1 
-1 3 -1 
8 3 90 


Patch 16
Patch 16, level 0
9 0 0 10 0 0 
9 0 3 
9 0 6 
-1 0 -1 
-1 0 -1 
-1 0 -1 
17 0 0 
17 0 1 
17 0 2 

Patch 16, level 1
9 1 0 10 1 0 
9 1 4 
9 1 8 
9 1 12 
-1 1 -1 
-1 1 -1 
-1 1 -1 
-1 1 -1 
-1 1 -1 
-1 1 -1 
-1 1 -1 
-1 1 -1 
17 1 0 
17 1 1 
17 1 2 
17 1 3 

Patch 16, level 2
9 2 0 10 2 0 
9 2 6 
9 2 12 
9 2 18 
9 2 24 
9 2 30 
-1 2 -1 
-1 2 -1 
-1 2 -1 
-1 2 -1 
-1 2 -1 
-1 2 -1 
-1 2 -1 
-1 2 -1 
-1 2 -1 
-1 2 -1 
-1 2 -1 
-1 2 -1 
-1 2 -1 
-1 2 -1 
-1 2 -1 
-1 2 -1 
-1 2 -1 
-1 2 -1 
-1 2 -1 
-1 2 -1 
-1 2 -1 
-1 2 -1 
-1 2 -1 
-1 2 -1 
17 2 0 
17 2 1 
17 2 2 
17 2 3 
17 2 4 
17 2 5 

Patch 16, level 3
9 3 0 10 3 0 
9 3 10 
9 3 20 
9 3 30 
9 3 40 
9 3 50 
9 3 60 
9 3 70 
9 3 80 
9 3 90 
-1 3 -1 
-1 3 -1 
-1 3 -1 
-1 3 -1 
-1 3 -1 
-1 3 -1 
-1 3 -1 
-1 3 -1 
-1 3 -1 
-1 3 -1 
-1 3 -1 
-1 3 -1 
-1 3 -1 
-1 3 -1 
-1 3 -1 
-1 3 -1 
-1 3 -1 
-1 3 -1 
-1 3 -1 
-1 3 -1 
-1 3 -1 
-1 3 -1 
-1 3 -1 
-1 3 -1 
-1 3 -1 
-1 3 -1 
-1 3 -1 
-1 3 -1 
-1 3 -1 
-1 3 -1 
-1 3 -1 
-1 3 -1 
-1 3 -1 
-1 3 -1 
-1 3 -1 
-1 3 -1 
-1 3 -1 
-1 3 -1 
-1 3 -1 
-1 3 -1 
-1 3 -1 
-1 3 -1 
-1 3 -1 
-1 3 -1 
-1 3 -1 
-1 3 -1 
-1 3 -1 
-1 3 -1 
-1 3 -1 
-1 3 -1 
-1 3 -1 
-1 3 -1 
-1 3 -1 
-1 3 -1 
-1 3 -1 
-1 3 -1 
-1 3 -1 
-1 3 -1 
-1 3 -1 
-1 3 -1 
-1 3 -1 
-1 3 -1 
-1 3 -1 
-1 3 -1 
-1 3 -1 
-1 3 -1 
-1 3 -1 
-1 3 -1 
-1 3 -1 
-1 3 -1 
-1 3 -1 
-1 3 -1 
-1 3 -1 
-1 3 -1 
-1 3 -1 
-1 3 -1 
-1 3 -1 
-1 3 -1 
-1 3 -1 
-1 3 -1 
17 3 0 
17 3 1 
17 3 2 
17 3 3 
17 3 4 
17 3 5 
17 3 6 
17 3 7 
17 3 8 
17 3 9 


Patch 17
Patch 17, level 0
16 0 6 
16 0 7 
16 0 8 
-1 0 -1 
-1 0 -1 
-1 0 -1 
18 0 0 
18 0 1 
18 0 2 

Patch 17, level 1
16 1 12 
16 1 13 
16 1 14 
16 1 15 
-1 1 -1 
-1 1 -1 
-1 1 -1 
-1 1 -1 
-1 1 -1 
-1 1 -1 
-1 1 -1 
-1 1 -1 
18 1 0 
18 1 1 
18 1 2 
18 1 3 

Patch 17, level 2
16 2 30 
16 2 31 
16 2 32 
16 2 33 
16 2 34 
16 2 35 
-1 2 -1 
-1 2 -1 
-1 2 -1 
-1 2 -1 
-1 2 -1 
-1 2 -1 
-1 2 -1 
-1 2 -1 
-1 2 -1 
-1 2 -1 
-1 2 -1 
-1 2 -1 
-1 2 -1 
-1 2 -1 
-1 2 -1 
-1 2 -1 
-1 2 -1 
-1 2 -1 
-1 2 -1 
-1 2 -1 
-1 2 -1 
-1 2 -1 
-1 2 -1 
-1 2 -1 
18 2 0 
18 2 1 
18 2 2 
18 2 3 
18 2 4 
18 2 5 

Patch 17, level 3
16 3 90 
16 3 91 
16 3 92 
16 3 93 
16 3 94 
16 3 95 
16 3 96 
16 3 97 
16 3 98 
16 3 99 
-1 3 -1 
-1 3 -1 
-1 3 -1 
-1 3 -1 
-1 3 -1 
-1 3 -1 
-1 3 -1 
-1 3 -1 
-1 3 -1 
-1 3 -1 
-1 3 -1 
-1 3 -1 
-1 3 -1 
-1 3 -1 
-1 3 -1 
-1 3 -1 
-1 3 -1 
-1 3 -1 
-1 3 -1 
-1 3 -1 
-1 3 -1 
-1 3 -1 
-1 3 -1 
-1 3 -1 
-1 3 -1 
-1 3 -1 
-1 3 -1 
-1 3 -1 
-1 3 -1 
-1 3 -1 
-1 3 -1 
-1 3 -1 
-1 3 -1 
-1 3 -1 
-1 3 -1 
-1 3 -1 
-1 3 -1 
-1 3 -1 
-1 3 -1 
-1 3 -1 
-1 3 -1 
-1 3 -1 
-1 3 -1 
-1 3 -1 
-1 3 -1 
-1 3 -1 
-1 3 -1 
-1 3 -1 
-1 3 -1 
-1 3 -1 
-1 3 -1 
-1 3 -1 
-1 3 -1 
-1 3 -1 
-1 3 -1 
-1 3 -1 
-1 3 -1 
-1 3 -1 
-1 3 -1 
-1 3 -1 
-1 3 -1 
-1 3 -1 
-1 3 -1 
-1 3 -1 
-1 3 -1 
-1 3 -1 
-1 3 -1 
-1 3 -1 
-1 3 -1 
-1 3 -1 
-1 3 -1 
-1 3 -1 
-1 3 -1 
-1 3 -1 
-1 3 -1 
-1 3 -1 
-1 3 -1 
-1 3 -1 
-1 3 -1 
-1 3 -1 
18 3 0 
18 3 1 
18 3 2 
18 3 3 
18 3 4 
18 3 5 
18 3 6 
18 3 7 
18 3 8 
18 3 9 


Patch 18
Patch 18, level 0
17 0 6 
17 0 7 
17 0 8 
-1 0 -1 
-1 0 -1 
-1 0 -1 
19 0 0 
19 0 1 
19 0 2 

Patch 18, level 1
17 1 12 
17 1 13 
17 1 14 
17 1 15 
-1 1 -1 
-1 1 -1 
-1 1 -1 
-1 1 -1 
-1 1 -1 
-1 1 -1 
-1 1 -1 
-1 1 -1 
19 1 0 
19 1 1 
19 1 2 
19 1 3 

Patch 18, level 2
17 2 30 
17 2 31 
17 2 32 
17 2 33 
17 2 34 
17 2 35 
-1 2 -1 
-1 2 -1 
-1 2 -1 
-1 2 -1 
-1 2 -1 
-1 2 -1 
-1 2 -1 
-1 2 -1 
-1 2 -1 
-1 2 -1 
-1 2 -1 
-1 2 -1 
-1 2 -1 
-1 2 -1 
-1 2 -1 
-1 2 -1 
-1 2 -1 
-1 2 -1 
-1 2 -1 
-1 2 -1 
-1 2 -1 
-1 2 -1 
-1 2 -1 
-1 2 -1 
19 2 0 
19 2 1 
19 2 2 
19 2 3 
19 2 4 
19 2 5 

Patch 18, level 3
17 3 90 
17 3 91 
17 3 92 
17 3 93 
17 3 94 
17 3 95 
17 3 96 
17 3 97 
17 3 98 
17 3 99 
-1 3 -1 
-1 3 -1 
-1 3 -1 
-1 3 -1 
-1 3 -1 
-1 3 -1 
-1 3 -1 
-1 3 -1 
-1 3 -1 
-1 3 -1 
-1 3 -1 
-1 3 -1 
-1 3 -1 
-1 3 -1 
-1 3 -1 
-1 3 -1 
-1 3 -1 
-1 3 -1 
-1 3 -1 
-1 3 -1 
-1 3 -1 
-1 3 -1 
-1 3 -1 
-1 3 -1 
-1 3 -1 
-1 3 -1 
-1 3 -1 
-1 3 -1 
-1 3 -1 
-1 3 -1 
-1 3 -1 
-1 3 -1 
-1 3 -1 
-1 3 -1 
-1 3 -1 
-1 3 -1 
-1 3 -1 
-1 3 -1 
-1 3 -1 
-1 3 -1 
-1 3 -1 
-1 3 -1 
-1 3 -1 
-1 3 -1 
-1 3 -1 
-1 3 -1 
-1 3 -1 
-1 3 -1 
-1 3 -1 
-1 3 -1 
-1 3 -1 
-1 3 -1 
-1 3 -1 
-1 3 -1 
-1 3 -1 
-1 3 -1 
-1 3 -1 
-1 3 -1 
-1 3 -1 
-1 3 -1 
-1 3 -1 
-1 3 -1 
-1 3 -1 
-1 3 -1 
-1 3 -1 
-1 3 -1 
-1 3 -1 
-1 3 -1 
-1 3 -1 
-1 3 -1 
-1 3 -1 
-1 3 -1 
-1 3 -1 
-1 3 -1 
-1 3 -1 
-1 3 -1 
-1 3 -1 
-1 3 -1 
-1 3 -1 
-1 3 -1 
19 3 0 
19 3 1 
19 3 2 
19 3 3 
19 3 4 
19 3 5 
19 3 6 
19 3 7 
19 3 8 
19 3 9 


Patch 19
Patch 19, level 0
18 0 6 
18 0 7 
18 0 8 
-1 0 -1 
-1 0 -1 
-1 0 -1 
20 0 0 
20 0 1 
20 0 2 

Patch 19, level 1
18 1 12 
18 1 13 
18 1 14 
18 1 15 
-1 1 -1 
-1 1 -1 
-1 1 -1 
-1 1 -1 
-1 1 -1 
-1 1 -1 
-1 1 -1 
-1 1 -1 
20 1 0 
20 1 1 
20 1 2 
20 1 3 

Patch 19, level 2
18 2 30 
18 2 31 
18 2 32 
18 2 33 
18 2 34 
18 2 35 
-1 2 -1 
-1 2 -1 
-1 2 -1 
-1 2 -1 
-1 2 -1 
-1 2 -1 
-1 2 -1 
-1 2 -1 
-1 2 -1 
-1 2 -1 
-1 2 -1 
-1 2 -1 
-1 2 -1 
-1 2 -1 
-1 2 -1 
-1 2 -1 
-1 2 -1 
-1 2 -1 
-1 2 -1 
-1 2 -1 
-1 2 -1 
-1 2 -1 
-1 2 -1 
-1 2 -1 
20 2 0 
20 2 1 
20 2 2 
20 2 3 
20 2 4 
20 2 5 

Patch 19, level 3
18 3 90 
18 3 91 
18 3 92 
18 3 93 
18 3 94 
18 3 95 
18 3 96 
18 3 97 
18 3 98 
18 3 99 
-1 3 -1 
-1 3 -1 
-1 3 -1 
-1 3 -1 
-1 3 -1 
-1 3 -1 
-1 3 -1 
-1 3 -1 
-1 3 -1 
-1 3 -1 
-1 3 -1 
-1 3 -1 
-1 3 -1 
-1 3 -1 
-1 3 -1 
-1 3 -1 
-1 3 -1 
-1 3 -1 
-1 3 -1 
-1 3 -1 
-1 3 -1 
-1 3 -1 
-1 3 -1 
-1 3 -1 
-1 3 -1 
-1 3 -1 
-1 3 -1 
-1 3 -1 
-1 3 -1 
-1 3 -1 
-1 3 -1 
-1 3 -1 
-1 3 -1 
-1 3 -1 
-1 3 -1 
-1 3 -1 
-1 3 -1 
-1 3 -1 
-1 3 -1 
-1 3 -1 
-1 3 -1 
-1 3 -1 
-1 3 -1 
-1 3 -1 
-1 3 -1 
-1 3 -1 
-1 3 -1 
-1 3 -1 
-1 3 -1 
-1 3 -1 
-1 3 -1 
-1 3 -1 
-1 3 -1 
-1 3 -1 
-1 3 -1 
-1 3 -1 
-1 3 -1 
-1 3 -1 
-1 3 -1 
-1 3 -1 
-1 3 -1 
-1 3 -1 
-1 3 -1 
-1 3 -1 
-1 3 -1 
-1 3 -1 
-1 3 -1 
-1 3 -1 
-1 3 -1 
-1 3 -1 
-1 3 -1 
-1 3 -1 
-1 3 -1 
-1 3 -1 
-1 3 -1 
-1 3 -1 
-1 3 -1 
-1 3 -1 
-1 3 -1 
-1 3 -1 
20 3 0 
20 3 1 
20 3 2 
20 3 3 
20 3 4 
20 3 5 
20 3 6 
20 3 7 
20 3 8 
20 3 9 


Patch 20
Patch 20, level 0
19 0 6 
19 0 7 
19 0 8 
-1 0 -1 
-1 0 -1 
-1 0 -1 
15 0 0 14 0 6 
15 0 3 
15 0 6 

Patch 20, level 1
19 1 12 
19 1 13 
19 1 14 
19 1 15 
-1 1 -1 
-1 1 -1 
-1 1 -1 
-1 1 -1 
-1 1 -1 
-1 1 -1 
-1 1 -1 
-1 1 -1 
15 1 0 14 1 12 
15 1 4 
15 1 8 
15 1 12 

Patch 20, level 2
19 2 30 
19 2 31 
19 2 32 
19 2 33 
19 2 34 
19 2 35 
-1 2 -1 
-1 2 -1 
-1 2 -1 
-1 2 -1 
-1 2 -1 
-1 2 -1 
-1 2 -1 
-1 2 -1 
-1 2 -1 
-1 2 -1 
-1 2 -1 
-1 2 -1 
-1 2 -1 
-1 2 -1 
-1 2 -1 
-1 2 -1 
-1 2 -1 
-1 2 -1 
-1 2 -1 
-1 2 -1 
-1 2 -1 
-1 2 -1 
-1 2 -1 
-1 2 -1 
15 2 0 14 2 30 
15 2 6 
15 2 12 
15 2 18 
15 2 24 
15 2 30 

Patch 20, level 3
19 3 90 
19 3 91 
19 3 92 
19 3 93 
19 3 94 
19 3 95 
19 3 96 
19 3 97 
19 3 98 
19 3 99 
-1 3 -1 
-1 3 -1 
-1 3 -1 
-1 3 -1 
-1 3 -1 
-1 3 -1 
-1 3 -1 
-1 3 -1 
-1 3 -1 
-1 3 -1 
-1 3 -1 
-1 3 -1 
-1 3 -1 
-1 3 -1 
-1 3 -1 
-1 3 -1 
-1 3 -1 
-1 3 -1 
-1 3 -1 
-1 3 -1 
-1 3 -1 
-1 3 -1 
-1 3 -1 
-1 3 -1 
-1 3 -1 
-1 3 -1 
-1 3 -1 
-1 3 -1 
-1 3 -1 
-1 3 -1 
-1 3 -1 
-1 3 -1 
-1 3 -1 
-1 3 -1 
-1 3 -1 
-1 3 -1 
-1 3 -1 
-1 3 -1 
-1 3 -1 
-1 3 -1 
-1 3 -1 
-1 3 -1 
-1 3 -1 
-1 3 -1 
-1 3 -1 
-1 3 -1 
-1 3 -1 
-1 3 -1 
-1 3 -1 
-1 3 -1 
-1 3 -1 
-1 3 -1 
-1 3 -1 
-1 3 -1 
-1 3 -1 
-1 3 -1 
-1 3 -1 
-1 3 -1 
-1 3 -1 
-1 3 -1 
-1 3 -1 
-1 3 -1 
-1 3 -1 
-1 3 -1 
-1 3 -1 
-1 3 -1 
-1 3 -1 
-1 3 -1 
-1 3 -1 
-1 3 -1 
-1 3 -1 
-1 3 -1 
-1 3 -1 
-1 3 -1 
-1 3 -1 
-1 3 -1 
-1 3 -1 
-1 3 -1 
-1 3 -1 
-1 3 -1 
15 3 0 14 3 90 
15 3 10 
15 3 20 
15 3 30 
15 3 40 
15 3 50 
15 3 60 
15 3 70 
15 3 80 
15 3 90 


interface between 0:south(3) and 5:east (2) [ 0~(+1) ]
[topology-preflight] interface=0 patches=(0,5) mirrored=(1,0) rawSides=(3,2) canonicalSides=(3,2) orientation=same
interface between 0:north(4) and 1:south(3) [ 0~(+0) ]
[topology-preflight] interface=1 patches=(0,1) mirrored=(1,1) rawSides=(4,3) canonicalSides=(4,3) orientation=same
interface between 1:west (1) and 6:east (2) [ 1~(+1) ]
[topology-preflight] interface=2 patches=(1,6) mirrored=(1,1) rawSides=(1,2) canonicalSides=(1,2) orientation=same
interface between 1:north(4) and 2:south(3) [ 0~(+0) ]
[topology-preflight] interface=3 patches=(1,2) mirrored=(1,1) rawSides=(4,3) canonicalSides=(4,3) orientation=same
interface between 2:north(4) and 3:south(3) [ 0~(+0) ]
[topology-preflight] interface=4 patches=(2,3) mirrored=(1,1) rawSides=(4,3) canonicalSides=(4,3) orientation=same
interface between 3:west (1) and 7:east (2) [ 1~(+1) ]
[topology-preflight] interface=5 patches=(3,7) mirrored=(1,1) rawSides=(1,2) canonicalSides=(1,2) orientation=same
interface between 3:north(4) and 4:south(3) [ 0~(+0) ]
[topology-preflight] interface=6 patches=(3,4) mirrored=(1,1) rawSides=(4,3) canonicalSides=(4,3) orientation=same
interface between 4:north(4) and 8:east (2) [ 0~(+1) ]
[topology-preflight] interface=7 patches=(4,8) mirrored=(1,1) rawSides=(4,2) canonicalSides=(4,2) orientation=same
interface between 5:west (1) and 9:east (2) [ 1~(+1) ]
[topology-preflight] interface=8 patches=(5,9) mirrored=(0,0) rawSides=(1,2) canonicalSides=(1,2) orientation=same
interface between 6:west (1) and 11:east (2) [ 1~(+1) ]
[topology-preflight] interface=9 patches=(6,11) mirrored=(1,1) rawSides=(1,2) canonicalSides=(1,2) orientation=same
interface between 7:west (1) and 13:east (2) [ 1~(+1) ]
[topology-preflight] interface=10 patches=(7,13) mirrored=(1,1) rawSides=(1,2) canonicalSides=(1,2) orientation=same
interface between 8:west (1) and 15:east (2) [ 1~(+1) ]
[topology-preflight] interface=11 patches=(8,15) mirrored=(1,1) rawSides=(1,2) canonicalSides=(1,2) orientation=same
interface between 9:west (1) and 16:south(3) [ 1~(+0) ]
[topology-preflight] interface=12 patches=(9,16) mirrored=(0,0) rawSides=(1,3) canonicalSides=(1,3) orientation=same
interface between 9:south(3) and 10:south(3) [ 0~(+0) ]
[topology-preflight] interface=13 patches=(9,10) mirrored=(0,1) rawSides=(3,3) canonicalSides=(3,3) orientation=same
interface between 10:north(4) and 11:south(3) [ 0~(+0) ]
[topology-preflight] interface=14 patches=(10,11) mirrored=(1,1) rawSides=(4,3) canonicalSides=(4,3) orientation=same
interface between 11:north(4) and 12:south(3) [ 0~(+0) ]
[topology-preflight] interface=15 patches=(11,12) mirrored=(1,1) rawSides=(4,3) canonicalSides=(4,3) orientation=same
interface between 12:north(4) and 13:south(3) [ 0~(+0) ]
[topology-preflight] interface=16 patches=(12,13) mirrored=(1,1) rawSides=(4,3) canonicalSides=(4,3) orientation=same
interface between 13:north(4) and 14:south(3) [ 0~(+0) ]
[topology-preflight] interface=17 patches=(13,14) mirrored=(1,1) rawSides=(4,3) canonicalSides=(4,3) orientation=same
interface between 14:north(4) and 15:south(3) [ 0~(+0) ]
[topology-preflight] interface=18 patches=(14,15) mirrored=(1,1) rawSides=(4,3) canonicalSides=(4,3) orientation=same
interface between 15:west (1) and 20:north(4) [ 1~(+0) ]
[topology-preflight] interface=19 patches=(15,20) mirrored=(1,0) rawSides=(1,4) canonicalSides=(1,4) orientation=same
[investigate-interface] stage=orientThePatches interface=19 patches=(15,20) rawSides=(1,4) canonicalSides=(1,4) mirrored=(1,0) featureSides=(U0,V1) orientation=same
interface between 16:north(4) and 17:south(3) [ 0~(+0) ]
[topology-preflight] interface=20 patches=(16,17) mirrored=(0,0) rawSides=(4,3) canonicalSides=(4,3) orientation=same
interface between 17:north(4) and 18:south(3) [ 0~(+0) ]
[topology-preflight] interface=21 patches=(17,18) mirrored=(0,0) rawSides=(4,3) canonicalSides=(4,3) orientation=same
interface between 18:north(4) and 19:south(3) [ 0~(+0) ]
[topology-preflight] interface=22 patches=(18,19) mirrored=(0,0) rawSides=(4,3) canonicalSides=(4,3) orientation=same
interface between 19:north(4) and 20:south(3) [ 0~(+0) ]
[topology-preflight] interface=23 patches=(19,20) mirrored=(0,0) rawSides=(4,3) canonicalSides=(4,3) orientation=same
[geo-coarsen] preflight mirrored patch=0, hierarchy-safe sibling fallback cells=4 level=2
[geo-coarsen] preflight mirrored patch=1, hierarchy-safe sibling fallback cells=4 level=2
[geo-coarsen] preflight mirrored patch=2, hierarchy-safe sibling fallback cells=4 level=2
[geo-coarsen] preflight mirrored patch=3, hierarchy-safe sibling fallback cells=4 level=2
[geo-coarsen] preflight mirrored patch=4, hierarchy-safe sibling fallback cells=4 level=2
[geo-coarsen] preflight mirrored patch=6, hierarchy-safe sibling fallback cells=4 level=2
[geo-coarsen] preflight mirrored patch=7, hierarchy-safe sibling fallback cells=4 level=2
[geo-coarsen] preflight mirrored patch=8, hierarchy-safe sibling fallback cells=4 level=2
[geo-coarsen] preflight mirrored patch=10, hierarchy-safe sibling fallback cells=4 level=2
[geo-coarsen] preflight mirrored patch=11, hierarchy-safe sibling fallback cells=4 level=2
[geo-coarsen] preflight mirrored patch=12, hierarchy-safe sibling fallback cells=4 level=2
[geo-coarsen] preflight mirrored patch=13, hierarchy-safe sibling fallback cells=4 level=2
[geo-coarsen] preflight mirrored patch=14, hierarchy-safe sibling fallback cells=4 level=2
[geo-coarsen] preflight mirrored patch=15, hierarchy-safe sibling fallback cells=4 level=2
[coarsen-group] size=14 patches: 0 1 2 3 4 6 7 8 10 11 12 13 14 15 delta=0
[geo-coarsen] preflight mirrored patch=0, hierarchy-safe sibling fallback cells=4 level=2
CREATE C BOX:
ourBOX is 
3 0 0 8 8 
CREATE C BOX:
ourBOX is 
3 6 4 8 6 
CREATE C BOX:
ourBOX is 
3 4 6 6 8 
CREATE C BOX:
ourBOX is 
3 6 6 8 8 

=== Box Consistency Check ===
Patch 0 has 9 boxes

Box domains:
Box 0: u=[0.5, 0.75] x v=[0.5, 0.75] (area=0.0625)
Box 1: u=[0, 0.5] x v=[0, 0.5] (area=0.25)
Box 2: u=[0, 0.5] x v=[0.5, 0.75] (area=0.125)
Box 3: u=[0, 0.5] x v=[0.75, 1] (area=0.125)
Box 4: u=[0.5, 0.75] x v=[0, 0.5] (area=0.125)
Box 5: u=[0.5, 0.75] x v=[0.75, 1] (area=0.0625)
Box 6: u=[0.75, 1] x v=[0, 0.5] (area=0.125)
Box 7: u=[0.75, 1] x v=[0.5, 0.75] (area=0.0625)
Box 8: u=[0.75, 1] x v=[0.75, 1] (area=0.0625)

Checking for overlaps:
  No overlaps detected (boundaries may touch)

Total area covered: 1 (target: 1.0)

SUCCESS: Boxes are consistent (no overlaps, full coverage)
Truncated basis of dimension 2,
levels=1, size=9, tree_nodes=1).
Domain: [0 0]..[1 1].
Size per level: 9 

0; 2; 2; 2; 3; 3; 
1; 3; 0; 0; 4; 4; 
2; 3; 0; 4; 4; 6; 
3; 3; 0; 6; 4; 8; 
4; 3; 4; 0; 6; 4; 
5; 2; 2; 3; 3; 4; 
6; 3; 6; 0; 8; 4; 
7; 2; 3; 2; 4; 3; 
8; 2; 3; 3; 4; 4; 
2 2 2 4 4
3 4 0 8 4
3 0 0 4 8
Truncated basis of dimension 2,
levels=4, size=80, tree_nodes=5).
Domain: [0 0]..[1 1].
Size per level: 0 0 16 64 

[primary coarsen] patch=0 cells=4 THBsize=80
CREATE C BOX:
ourBOX is 
3 0 0 8 8 
CREATE C BOX:
ourBOX is 
3 6 4 8 6 
CREATE C BOX:
ourBOX is 
3 4 6 6 8 
CREATE C BOX:
ourBOX is 
3 6 6 8 8 
[co-patch coarsen] patch=1 RTH=1
[co-patch coarsen] patch=1 THBsize=80
CREATE C BOX:
ourBOX is 
3 0 0 8 8 
CREATE C BOX:
ourBOX is 
3 6 4 8 6 
CREATE C BOX:
ourBOX is 
3 4 6 6 8 
CREATE C BOX:
ourBOX is 
3 6 6 8 8 
[co-patch coarsen] patch=2 RTH=1
[co-patch coarsen] patch=2 THBsize=80
CREATE C BOX:
ourBOX is 
3 0 0 8 8 
CREATE C BOX:
ourBOX is 
3 6 4 8 6 
CREATE C BOX:
ourBOX is 
3 4 6 6 8 
CREATE C BOX:
ourBOX is 
3 6 6 8 8 
[co-patch coarsen] patch=3 RTH=1
[co-patch coarsen] patch=3 THBsize=80
CREATE C BOX:
ourBOX is 
3 0 0 8 8 
CREATE C BOX:
ourBOX is 
3 6 4 8 6 
CREATE C BOX:
ourBOX is 
3 4 6 6 8 
CREATE C BOX:
ourBOX is 
3 6 6 8 8 
[co-patch coarsen] patch=4 RTH=1
[co-patch coarsen] patch=4 THBsize=80
CREATE C BOX:
ourBOX is 
3 0 0 8 8 
CREATE C BOX:
ourBOX is 
3 6 4 8 6 
CREATE C BOX:
ourBOX is 
3 4 6 6 8 
CREATE C BOX:
ourBOX is 
3 6 6 8 8 
[co-patch coarsen] patch=6 RTH=1
[co-patch coarsen] patch=6 THBsize=80
CREATE C BOX:
ourBOX is 
3 0 0 8 8 
CREATE C BOX:
ourBOX is 
3 6 4 8 6 
CREATE C BOX:
ourBOX is 
3 4 6 6 8 
CREATE C BOX:
ourBOX is 
3 6 6 8 8 
[co-patch coarsen] patch=7 RTH=1
[co-patch coarsen] patch=7 THBsize=80
CREATE C BOX:
ourBOX is 
3 0 0 8 8 
CREATE C BOX:
ourBOX is 
3 6 4 8 6 
CREATE C BOX:
ourBOX is 
3 4 6 6 8 
CREATE C BOX:
ourBOX is 
3 6 6 8 8 
[co-patch coarsen] patch=8 RTH=1
[co-patch coarsen] patch=8 THBsize=80
CREATE C BOX:
ourBOX is 
3 0 0 8 8 
CREATE C BOX:
ourBOX is 
3 6 4 8 6 
CREATE C BOX:
ourBOX is 
3 4 6 6 8 
CREATE C BOX:
ourBOX is 
3 6 6 8 8 
[co-patch coarsen] patch=10 RTH=1
[co-patch coarsen] patch=10 THBsize=80
CREATE C BOX:
ourBOX is 
3 0 0 8 8 
CREATE C BOX:
ourBOX is 
3 6 4 8 6 
CREATE C BOX:
ourBOX is 
3 4 6 6 8 
CREATE C BOX:
ourBOX is 
3 6 6 8 8 
[co-patch coarsen] patch=11 RTH=1
[co-patch coarsen] patch=11 THBsize=80
CREATE C BOX:
ourBOX is 
3 0 0 8 8 
CREATE C BOX:
ourBOX is 
3 6 4 8 6 
CREATE C BOX:
ourBOX is 
3 4 6 6 8 
CREATE C BOX:
ourBOX is 
3 6 6 8 8 
[co-patch coarsen] patch=12 RTH=1
[co-patch coarsen] patch=12 THBsize=80
CREATE C BOX:
ourBOX is 
3 0 0 8 8 
CREATE C BOX:
ourBOX is 
3 6 4 8 6 
CREATE C BOX:
ourBOX is 
3 4 6 6 8 
CREATE C BOX:
ourBOX is 
3 6 6 8 8 
[co-patch coarsen] patch=13 RTH=1
[co-patch coarsen] patch=13 THBsize=80
CREATE C BOX:
ourBOX is 
3 0 0 8 8 
CREATE C BOX:
ourBOX is 
3 6 4 8 6 
CREATE C BOX:
ourBOX is 
3 4 6 6 8 
CREATE C BOX:
ourBOX is 
3 6 6 8 8 
[co-patch coarsen] patch=14 RTH=1
[co-patch coarsen] patch=14 THBsize=80
CREATE C BOX:
ourBOX is 
3 0 0 8 8 
CREATE C BOX:
ourBOX is 
3 6 4 8 6 
CREATE C BOX:
ourBOX is 
3 4 6 6 8 
CREATE C BOX:
ourBOX is 
3 6 6 8 8 
[co-patch coarsen] patch=15 RTH=1
[co-patch coarsen] patch=15 THBsize=80
1 1 1 1 1 1 1 1 1 1 1 1 1 1 1 1 1 1 1 1 1 1 1 1 1 1 1 1 1 1 1 1 1 1 1 1 1 1 1 1 1 1 1 1 1 1 1 1 1 1 1 1 1 1 1 1 1 1 1 1 1 1 1 1 1 1 1 1 1 1 1 1 1 1 1 1 1 1 1 1
creating the index mapping
thbToBellsMapping[patch].size(): 80
thbToBellsMapping[patch].size(): 80
thbToBellsMapping[patch].size(): 80
thbToBellsMapping[patch].size(): 80
thbToBellsMapping[patch].size(): 80
thbToBellsMapping[patch].size(): 100
thbToBellsMapping[patch].size(): 80
thbToBellsMapping[patch].size(): 80
thbToBellsMapping[patch].size(): 80
thbToBellsMapping[patch].size(): 100
thbToBellsMapping[patch].size(): 80
thbToBellsMapping[patch].size(): 80
thbToBellsMapping[patch].size(): 80
thbToBellsMapping[patch].size(): 80
thbToBellsMapping[patch].size(): 80
thbToBellsMapping[patch].size(): 80
thbToBellsMapping[patch].size(): 100
thbToBellsMapping[patch].size(): 100
thbToBellsMapping[patch].size(): 100
thbToBellsMapping[patch].size(): 100
thbToBellsMapping[patch].size(): 100
[mapMp] mpbes.size()=1664 mapped=1444 notInFine=220
[mpbes-init] vectSol assigned from mp coefficients patch=0 levNow=2 attempt=0 rows=1664 cols=2 nonZeroRows=1444
[fitting-mode] attempt context: mode=globalFitting patch=0 levNow=2 attempt=0
[local-region] attempt context: patch=0 levNow=2 attempt=0 lambda=0 basisSelected=0/0 uvBefore=2100 uvAfter=2100
[assemble] custom-point layout per patch:
  patch=0 uv.cols=100
  patch=1 uv.cols=100
  patch=2 uv.cols=100
  patch=3 uv.cols=100
  patch=4 uv.cols=100
  patch=5 uv.cols=100
  patch=6 uv.cols=100
  patch=7 uv.cols=100
  patch=8 uv.cols=100
  patch=9 uv.cols=100
  patch=10 uv.cols=100
  patch=11 uv.cols=100
  patch=12 uv.cols=100
  patch=13 uv.cols=100
  patch=14 uv.cols=100
  patch=15 uv.cols=100
  patch=16 uv.cols=100
  patch=17 uv.cols=100
  patch=18 uv.cols=100
  patch=19 uv.cols=100
  patch=20 uv.cols=100
[assemble] resize A_mat(2100,1664), b_vec(2100,2)
[assemble] after resize: A_mat.rows=2100 cols=1664 b_vec.rows=2100 cols=2
[assemble] mode=global A cols=1664
[fit-solve] matA sparse rows=2100 cols=1664 nonZeros=14658
[fit-solve] matA nonFiniteEntries=0
[fit-solve] column mapping source=identity/global
[fit-solve] dynamic column reduction: selected=1664 / 1664
[fit-solve] matA rows=2100 cols=1664
[fit-solve] informative column reduction: selected=1664 / 1664
[fit-solve] matA_solve rows=2100 cols=1664
[fit-solve] dropped active/global columns by informative reduction begin
[fit-solve] dropped active/global columns by informative reduction end
[fit-solve] vectB(before At*b) rows=2100 cols=2
[fit-solve] vectB(before At*b) nonFiniteEntries=0
[fit-solve] sparse AtA: 1664x1664 nnz=35350
fit took: 0.501105
[fit-solve] vectSol(after solve) rows=1664 cols=2
[fit-solve] vectSol merge: seededFromOriginal=1 overwrittenRows=1664 basisMaskApplied=0
[fit-solve] vectSol(after solve) nonFiniteEntries=0
Solve finished. vectSol.rows()=1664, cols=2
matCbefore
1.42109e-14
matCafter
2.84217e-14
Total irregular points: 0
jack took: 0.252539 (pts/patch=20^2=400)
Irregular points: 0 / 8400 (0%)
minusnumber: 0
[assemble] custom-point layout per patch:
  patch=0 uv.cols=20
  patch=1 uv.cols=30
  patch=2 uv.cols=20
  patch=3 uv.cols=30
  patch=4 uv.cols=20
  patch=5 uv.cols=20
  patch=6 uv.cols=20
  patch=7 uv.cols=20
  patch=8 uv.cols=20
  patch=9 uv.cols=30
  patch=10 uv.cols=20
  patch=11 uv.cols=30
  patch=12 uv.cols=20
  patch=13 uv.cols=30
  patch=14 uv.cols=20
  patch=15 uv.cols=30
  patch=16 uv.cols=20
  patch=17 uv.cols=20
  patch=18 uv.cols=20
  patch=19 uv.cols=20
  patch=20 uv.cols=20
[assemble] resize A_mat(480,1664), b_vec(480,2)
[assemble] after resize: A_mat.rows=480 cols=1664 b_vec.rows=480 cols=2
Global fitting error stats: max=2.9612e-14, rms=4.10818e-15, samples=2100, maxAtPatch=0, maxAtLocalPoint=56
Global fitting max sample: uv=(0.666667,0.555556), xFit=(1.01626,4.71841), target=(1.01626,4.71841)
globalError: 2.9612e-14
featureError: 1.75682e-14
assemblyBoundaryError: 1.75682e-14
minusnumber: 0
Success! iteration = 1, coarselevel = 2
TOTALSIZE: 80
ACCEPTEDSIZE: 80
2	2	4	4	
4	0	8	4	
0	0	4	8	
nonCheckedCells.size() has become: 12
[geo-coarsen] preflight mirrored patch=0, hierarchy-safe sibling fallback cells=4 level=2
[geo-coarsen] preflight mirrored patch=1, hierarchy-safe sibling fallback cells=4 level=2
[geo-coarsen] preflight mirrored patch=2, hierarchy-safe sibling fallback cells=4 level=2
[geo-coarsen] preflight mirrored patch=3, hierarchy-safe sibling fallback cells=4 level=2
[geo-coarsen] preflight mirrored patch=4, hierarchy-safe sibling fallback cells=4 level=2
[geo-coarsen] useGeo=1 cells=20 firstIndex=3 firstBox=[0,3,1,4]
[geo-coarsen] preflight mirrored patch=6, hierarchy-safe sibling fallback cells=4 level=2
[geo-coarsen] preflight mirrored patch=7, hierarchy-safe sibling fallback cells=4 level=2
[geo-coarsen] preflight mirrored patch=8, hierarchy-safe sibling fallback cells=4 level=2
[geo-coarsen] useGeo=1 cells=12 firstIndex=6 firstBox=[1,2,2,3]
[geo-coarsen] preflight mirrored patch=10, hierarchy-safe sibling fallback cells=4 level=2
[geo-coarsen] preflight mirrored patch=11, hierarchy-safe sibling fallback cells=4 level=2
[geo-coarsen] preflight mirrored patch=12, hierarchy-safe sibling fallback cells=4 level=2
[geo-coarsen] preflight mirrored patch=13, hierarchy-safe sibling fallback cells=4 level=2
[geo-coarsen] preflight mirrored patch=14, hierarchy-safe sibling fallback cells=4 level=2
[geo-coarsen] preflight mirrored patch=15, hierarchy-safe sibling fallback cells=4 level=2
[geo-coarsen] useGeo=1 cells=16 firstIndex=12 firstBox=[3,0,4,1]
[geo-coarsen] useGeo=1 cells=16 firstIndex=3 firstBox=[0,3,1,4]
[geo-coarsen] useGeo=1 cells=19 firstIndex=11 firstBox=[0,1,1,2]
[geo-coarsen] useGeo=1 cells=19 firstIndex=11 firstBox=[0,1,1,2]
[geo-coarsen] useGeo=1 cells=20 firstIndex=0 firstBox=[3,3,4,4]
[coarsen-group] size=14 patches: 0 1 2 3 4 6 7 8 10 11 12 13 14 15 delta=0
[geo-coarsen] preflight mirrored patch=0, hierarchy-safe sibling fallback cells=4 level=2
CREATE C BOX:
ourBOX is 
3 0 0 4 8 
CREATE C BOX:
ourBOX is 
3 2 4 4 6 
CREATE C BOX:
ourBOX is 
3 0 6 2 8 
CREATE C BOX:
ourBOX is 
3 2 6 4 8 

=== Box Consistency Check ===
Patch 0 has 8 boxes

Box domains:
Box 0: u=[0.5, 1] x v=[0.5, 1] (area=0.25)
Box 1: u=[0.5, 1] x v=[0, 0.5] (area=0.25)
Box 2: u=[0, 0.25] x v=[0.5, 0.75] (area=0.0625)
Box 3: u=[0, 0.25] x v=[0, 0.5] (area=0.125)
Box 4: u=[0, 0.25] x v=[0.75, 1] (area=0.0625)
Box 5: u=[0.25, 0.5] x v=[0, 0.5] (area=0.125)
Box 6: u=[0.25, 0.5] x v=[0.5, 0.75] (area=0.0625)
Box 7: u=[0.25, 0.5] x v=[0.75, 1] (area=0.0625)

Checking for overlaps:
  No overlaps detected (boundaries may touch)

Total area covered: 1 (target: 1.0)

SUCCESS: Boxes are consistent (no overlaps, full coverage)
Truncated basis of dimension 2,
levels=1, size=9, tree_nodes=1).
Domain: [0 0]..[1 1].
Size per level: 9 

0; 2; 2; 2; 4; 4; 
1; 3; 4; 0; 8; 4; 
2; 2; 0; 2; 1; 3; 
3; 3; 0; 0; 2; 4; 
4; 2; 0; 3; 1; 4; 
5; 3; 2; 0; 4; 4; 
6; 2; 1; 2; 2; 3; 
7; 2; 1; 3; 2; 4; 
2 0 2 4 4
3 0 0 8 4
Truncated basis of dimension 2,
levels=4, size=64, tree_nodes=3).
Domain: [0 0]..[1 1].
Size per level: 0 0 24 40 

[primary coarsen] patch=0 cells=4 THBsize=64
CREATE C BOX:
ourBOX is 
3 0 0 4 8 
CREATE C BOX:
ourBOX is 
3 2 4 4 6 
CREATE C BOX:
ourBOX is 
3 0 6 2 8 
CREATE C BOX:
ourBOX is 
3 2 6 4 8 
[co-patch coarsen] patch=1 RTH=1
[co-patch coarsen] patch=1 THBsize=64
CREATE C BOX:
ourBOX is 
3 0 0 4 8 
CREATE C BOX:
ourBOX is 
3 2 4 4 6 
CREATE C BOX:
ourBOX is 
3 0 6 2 8 
CREATE C BOX:
ourBOX is 
3 2 6 4 8 
[co-patch coarsen] patch=2 RTH=1
[co-patch coarsen] patch=2 THBsize=64
CREATE C BOX:
ourBOX is 
3 0 0 4 8 
CREATE C BOX:
ourBOX is 
3 2 4 4 6 
CREATE C BOX:
ourBOX is 
3 0 6 2 8 
CREATE C BOX:
ourBOX is 
3 2 6 4 8 
[co-patch coarsen] patch=3 RTH=1
[co-patch coarsen] patch=3 THBsize=64
CREATE C BOX:
ourBOX is 
3 0 0 4 8 
CREATE C BOX:
ourBOX is 
3 2 4 4 6 
CREATE C BOX:
ourBOX is 
3 0 6 2 8 
CREATE C BOX:
ourBOX is 
3 2 6 4 8 
[co-patch coarsen] patch=4 RTH=1
[co-patch coarsen] patch=4 THBsize=64
CREATE C BOX:
ourBOX is 
3 0 0 4 8 
CREATE C BOX:
ourBOX is 
3 2 4 4 6 
CREATE C BOX:
ourBOX is 
3 0 6 2 8 
CREATE C BOX:
ourBOX is 
3 2 6 4 8 
[co-patch coarsen] patch=6 RTH=1
[co-patch coarsen] patch=6 THBsize=64
CREATE C BOX:
ourBOX is 
3 0 0 4 8 
CREATE C BOX:
ourBOX is 
3 2 4 4 6 
CREATE C BOX:
ourBOX is 
3 0 6 2 8 
CREATE C BOX:
ourBOX is 
3 2 6 4 8 
[co-patch coarsen] patch=7 RTH=1
[co-patch coarsen] patch=7 THBsize=64
CREATE C BOX:
ourBOX is 
3 0 0 4 8 
CREATE C BOX:
ourBOX is 
3 2 4 4 6 
CREATE C BOX:
ourBOX is 
3 0 6 2 8 
CREATE C BOX:
ourBOX is 
3 2 6 4 8 
[co-patch coarsen] patch=8 RTH=1
[co-patch coarsen] patch=8 THBsize=64
CREATE C BOX:
ourBOX is 
3 0 0 4 8 
CREATE C BOX:
ourBOX is 
3 2 4 4 6 
CREATE C BOX:
ourBOX is 
3 0 6 2 8 
CREATE C BOX:
ourBOX is 
3 2 6 4 8 
[co-patch coarsen] patch=10 RTH=1
[co-patch coarsen] patch=10 THBsize=64
CREATE C BOX:
ourBOX is 
3 0 0 4 8 
CREATE C BOX:
ourBOX is 
3 2 4 4 6 
CREATE C BOX:
ourBOX is 
3 0 6 2 8 
CREATE C BOX:
ourBOX is 
3 2 6 4 8 
[co-patch coarsen] patch=11 RTH=1
[co-patch coarsen] patch=11 THBsize=64
CREATE C BOX:
ourBOX is 
3 0 0 4 8 
CREATE C BOX:
ourBOX is 
3 2 4 4 6 
CREATE C BOX:
ourBOX is 
3 0 6 2 8 
CREATE C BOX:
ourBOX is 
3 2 6 4 8 
[co-patch coarsen] patch=12 RTH=1
[co-patch coarsen] patch=12 THBsize=64
CREATE C BOX:
ourBOX is 
3 0 0 4 8 
CREATE C BOX:
ourBOX is 
3 2 4 4 6 
CREATE C BOX:
ourBOX is 
3 0 6 2 8 
CREATE C BOX:
ourBOX is 
3 2 6 4 8 
[co-patch coarsen] patch=13 RTH=1
[co-patch coarsen] patch=13 THBsize=64
CREATE C BOX:
ourBOX is 
3 0 0 4 8 
CREATE C BOX:
ourBOX is 
3 2 4 4 6 
CREATE C BOX:
ourBOX is 
3 0 6 2 8 
CREATE C BOX:
ourBOX is 
3 2 6 4 8 
[co-patch coarsen] patch=14 RTH=1
[co-patch coarsen] patch=14 THBsize=64
CREATE C BOX:
ourBOX is 
3 0 0 4 8 
CREATE C BOX:
ourBOX is 
3 2 4 4 6 
CREATE C BOX:
ourBOX is 
3 0 6 2 8 
CREATE C BOX:
ourBOX is 
3 2 6 4 8 
[co-patch coarsen] patch=15 RTH=1
[co-patch coarsen] patch=15 THBsize=64
1 1 1 1 1 1 1 1 1 1 1 1 1 1 1 1 1 1 1 1 1 1 1 1 0 0 0 0 0 0 0 0 0 0 0 0 0 0 0 0 0 0 0 0 0 0 0 0 0 0 0 0 0 0 0 0 0 0 0 0 0 0 0 0
creating the index mapping
thbToBellsMapping[patch].size(): 64
thbToBellsMapping[patch].size(): 64
thbToBellsMapping[patch].size(): 64
thbToBellsMapping[patch].size(): 64
thbToBellsMapping[patch].size(): 64
thbToBellsMapping[patch].size(): 100
thbToBellsMapping[patch].size(): 64
thbToBellsMapping[patch].size(): 64
thbToBellsMapping[patch].size(): 64
thbToBellsMapping[patch].size(): 100
thbToBellsMapping[patch].size(): 64
thbToBellsMapping[patch].size(): 64
thbToBellsMapping[patch].size(): 64
thbToBellsMapping[patch].size(): 64
thbToBellsMapping[patch].size(): 64
thbToBellsMapping[patch].size(): 64
thbToBellsMapping[patch].size(): 100
thbToBellsMapping[patch].size(): 100
thbToBellsMapping[patch].size(): 100
thbToBellsMapping[patch].size(): 100
thbToBellsMapping[patch].size(): 100
[mapPrev] newSize=1468 carried=1376 new(zero)=92
[mpbes-init] vectSol assigned from prevSol patch=0 levNow=2 attempt=1 rows=1468 cols=2 nonZeroRows=1376
[fitting-mode] attempt context: mode=globalFitting patch=0 levNow=2 attempt=1
[local-region] attempt context: patch=0 levNow=2 attempt=1 lambda=0 basisSelected=0/0 uvBefore=2100 uvAfter=2100
[assemble] custom-point layout per patch:
  patch=0 uv.cols=100
  patch=1 uv.cols=100
  patch=2 uv.cols=100
  patch=3 uv.cols=100
  patch=4 uv.cols=100
  patch=5 uv.cols=100
  patch=6 uv.cols=100
  patch=7 uv.cols=100
  patch=8 uv.cols=100
  patch=9 uv.cols=100
  patch=10 uv.cols=100
  patch=11 uv.cols=100
  patch=12 uv.cols=100
  patch=13 uv.cols=100
  patch=14 uv.cols=100
  patch=15 uv.cols=100
  patch=16 uv.cols=100
  patch=17 uv.cols=100
  patch=18 uv.cols=100
  patch=19 uv.cols=100
  patch=20 uv.cols=100
[assemble] resize A_mat(2100,1468), b_vec(2100,2)
[assemble] after resize: A_mat.rows=2100 cols=1468 b_vec.rows=2100 cols=2
[assemble] mode=global A cols=1468
[fit-solve] matA sparse rows=2100 cols=1468 nonZeros=14560
[fit-solve] matA nonFiniteEntries=0
[fit-solve] column mapping source=identity/global
[fit-solve] dynamic column reduction: selected=1468 / 1468
[fit-solve] matA rows=2100 cols=1468
[fit-solve] informative column reduction: selected=1468 / 1468
[fit-solve] matA_solve rows=2100 cols=1468
[fit-solve] dropped active/global columns by informative reduction begin
[fit-solve] dropped active/global columns by informative reduction end
[fit-solve] vectB(before At*b) rows=2100 cols=2
[fit-solve] vectB(before At*b) nonFiniteEntries=0
[fit-solve] sparse AtA: 1468x1468 nnz=30352
fit took: 0.47129
[fit-solve] vectSol(after solve) rows=1468 cols=2
[fit-solve] vectSol merge: seededFromOriginal=1 overwrittenRows=1468 basisMaskApplied=0
[fit-solve] vectSol(after solve) nonFiniteEntries=0
Solve finished. vectSol.rows()=1468, cols=2
matCbefore
1.42109e-14
matCafter
2.4869e-14
Total irregular points: 0
jack took: 0.273646 (pts/patch=20^2=400)
Irregular points: 0 / 8400 (0%)
minusnumber: 0
[assemble] custom-point layout per patch:
  patch=0 uv.cols=20
  patch=1 uv.cols=30
  patch=2 uv.cols=20
  patch=3 uv.cols=30
  patch=4 uv.cols=20
  patch=5 uv.cols=20
  patch=6 uv.cols=20
  patch=7 uv.cols=20
  patch=8 uv.cols=20
  patch=9 uv.cols=30
  patch=10 uv.cols=20
  patch=11 uv.cols=30
  patch=12 uv.cols=20
  patch=13 uv.cols=30
  patch=14 uv.cols=20
  patch=15 uv.cols=30
  patch=16 uv.cols=20
  patch=17 uv.cols=20
  patch=18 uv.cols=20
  patch=19 uv.cols=20
  patch=20 uv.cols=20
[assemble] resize A_mat(480,1468), b_vec(480,2)
[assemble] after resize: A_mat.rows=480 cols=1468 b_vec.rows=480 cols=2
Global fitting error stats: max=2.61758e-14, rms=4.76191e-15, samples=2100, maxAtPatch=0, maxAtLocalPoint=56
Global fitting max sample: uv=(0.666667,0.555556), xFit=(1.01626,4.71841), target=(1.01626,4.71841)
globalError: 2.61758e-14
featureError: 2.04329e-14
assemblyBoundaryError: 2.04329e-14
minusnumber: 0
Success! iteration = 1, coarselevel = 2
TOTALSIZE: 64
ACCEPTEDSIZE: 64
0	2	4	4	
0	0	8	4	
nonCheckedCells.size() has become: 8
[geo-coarsen] preflight mirrored patch=0, hierarchy-safe sibling fallback cells=4 level=2
[geo-coarsen] preflight mirrored patch=1, hierarchy-safe sibling fallback cells=4 level=2
[geo-coarsen] preflight mirrored patch=2, hierarchy-safe sibling fallback cells=4 level=2
[geo-coarsen] preflight mirrored patch=3, hierarchy-safe sibling fallback cells=4 level=2
[geo-coarsen] preflight mirrored patch=4, hierarchy-safe sibling fallback cells=4 level=2
[geo-coarsen] useGeo=1 cells=20 firstIndex=3 firstBox=[0,3,1,4]
[geo-coarsen] preflight mirrored patch=6, hierarchy-safe sibling fallback cells=4 level=2
[geo-coarsen] preflight mirrored patch=7, hierarchy-safe sibling fallback cells=4 level=2
[geo-coarsen] preflight mirrored patch=8, hierarchy-safe sibling fallback cells=4 level=2
[geo-coarsen] useGeo=1 cells=12 firstIndex=6 firstBox=[1,2,2,3]
[geo-coarsen] preflight mirrored patch=10, hierarchy-safe sibling fallback cells=4 level=2
[geo-coarsen] preflight mirrored patch=11, hierarchy-safe sibling fallback cells=4 level=2
[geo-coarsen] preflight mirrored patch=12, hierarchy-safe sibling fallback cells=4 level=2
[geo-coarsen] preflight mirrored patch=13, hierarchy-safe sibling fallback cells=4 level=2
[geo-coarsen] preflight mirrored patch=14, hierarchy-safe sibling fallback cells=4 level=2
[geo-coarsen] preflight mirrored patch=15, hierarchy-safe sibling fallback cells=4 level=2
[geo-coarsen] useGeo=1 cells=16 firstIndex=12 firstBox=[3,0,4,1]
[geo-coarsen] useGeo=1 cells=16 firstIndex=3 firstBox=[0,3,1,4]
[geo-coarsen] useGeo=1 cells=19 firstIndex=11 firstBox=[0,1,1,2]
[geo-coarsen] useGeo=1 cells=19 firstIndex=11 firstBox=[0,1,1,2]
[geo-coarsen] useGeo=1 cells=20 firstIndex=0 firstBox=[3,3,4,4]
[coarsen-group] size=14 patches: 0 1 2 3 4 6 7 8 10 11 12 13 14 15 delta=0
[geo-coarsen] preflight mirrored patch=0, hierarchy-safe sibling fallback cells=4 level=2
CREATE C BOX:
ourBOX is 
3 0 0 8 4 
CREATE C BOX:
ourBOX is 
3 6 0 8 2 
CREATE C BOX:
ourBOX is 
3 4 2 6 4 
CREATE C BOX:
ourBOX is 
3 6 2 8 4 

=== Box Consistency Check ===
Patch 0 has 7 boxes

Box domains:
Box 0: u=[0, 1] x v=[0.5, 1] (area=0.5)
Box 1: u=[0.5, 0.75] x v=[0, 0.25] (area=0.0625)
Box 2: u=[0, 0.5] x v=[0, 0.25] (area=0.125)
Box 3: u=[0, 0.5] x v=[0.25, 0.5] (area=0.125)
Box 4: u=[0.5, 0.75] x v=[0.25, 0.5] (area=0.0625)
Box 5: u=[0.75, 1] x v=[0, 0.25] (area=0.0625)
Box 6: u=[0.75, 1] x v=[0.25, 0.5] (area=0.0625)

Checking for overlaps:
  No overlaps detected (boundaries may touch)

Total area covered: 1 (target: 1.0)

SUCCESS: Boxes are consistent (no overlaps, full coverage)
Truncated basis of dimension 2,
levels=1, size=9, tree_nodes=1).
Domain: [0 0]..[1 1].
Size per level: 9 

0; 2; 0; 2; 4; 4; 
1; 2; 2; 0; 3; 1; 
2; 3; 0; 0; 4; 2; 
3; 3; 0; 2; 4; 4; 
4; 2; 2; 1; 3; 2; 
5; 2; 3; 0; 4; 1; 
6; 2; 3; 1; 4; 2; 
2 0 2 4 4
2 2 0 4 2
3 0 0 4 4
Truncated basis of dimension 2,
levels=4, size=48, tree_nodes=5).
Domain: [0 0]..[1 1].
Size per level: 0 0 32 16 

[primary coarsen] patch=0 cells=4 THBsize=48
CREATE C BOX:
ourBOX is 
3 0 0 8 4 
CREATE C BOX:
ourBOX is 
3 6 0 8 2 
CREATE C BOX:
ourBOX is 
3 4 2 6 4 
CREATE C BOX:
ourBOX is 
3 6 2 8 4 
[co-patch coarsen] patch=1 RTH=1
[co-patch coarsen] patch=1 THBsize=48
CREATE C BOX:
ourBOX is 
3 0 0 8 4 
CREATE C BOX:
ourBOX is 
3 6 0 8 2 
CREATE C BOX:
ourBOX is 
3 4 2 6 4 
CREATE C BOX:
ourBOX is 
3 6 2 8 4 
[co-patch coarsen] patch=2 RTH=1
[co-patch coarsen] patch=2 THBsize=48
CREATE C BOX:
ourBOX is 
3 0 0 8 4 
CREATE C BOX:
ourBOX is 
3 6 0 8 2 
CREATE C BOX:
ourBOX is 
3 4 2 6 4 
CREATE C BOX:
ourBOX is 
3 6 2 8 4 
[co-patch coarsen] patch=3 RTH=1
[co-patch coarsen] patch=3 THBsize=48
CREATE C BOX:
ourBOX is 
3 0 0 8 4 
CREATE C BOX:
ourBOX is 
3 6 0 8 2 
CREATE C BOX:
ourBOX is 
3 4 2 6 4 
CREATE C BOX:
ourBOX is 
3 6 2 8 4 
[co-patch coarsen] patch=4 RTH=1
[co-patch coarsen] patch=4 THBsize=48
CREATE C BOX:
ourBOX is 
3 0 0 8 4 
CREATE C BOX:
ourBOX is 
3 6 0 8 2 
CREATE C BOX:
ourBOX is 
3 4 2 6 4 
CREATE C BOX:
ourBOX is 
3 6 2 8 4 
[co-patch coarsen] patch=6 RTH=1
[co-patch coarsen] patch=6 THBsize=48
CREATE C BOX:
ourBOX is 
3 0 0 8 4 
CREATE C BOX:
ourBOX is 
3 6 0 8 2 
CREATE C BOX:
ourBOX is 
3 4 2 6 4 
CREATE C BOX:
ourBOX is 
3 6 2 8 4 
[co-patch coarsen] patch=7 RTH=1
[co-patch coarsen] patch=7 THBsize=48
CREATE C BOX:
ourBOX is 
3 0 0 8 4 
CREATE C BOX:
ourBOX is 
3 6 0 8 2 
CREATE C BOX:
ourBOX is 
3 4 2 6 4 
CREATE C BOX:
ourBOX is 
3 6 2 8 4 
[co-patch coarsen] patch=8 RTH=1
[co-patch coarsen] patch=8 THBsize=48
CREATE C BOX:
ourBOX is 
3 0 0 8 4 
CREATE C BOX:
ourBOX is 
3 6 0 8 2 
CREATE C BOX:
ourBOX is 
3 4 2 6 4 
CREATE C BOX:
ourBOX is 
3 6 2 8 4 
[co-patch coarsen] patch=10 RTH=1
[co-patch coarsen] patch=10 THBsize=48
CREATE C BOX:
ourBOX is 
3 0 0 8 4 
CREATE C BOX:
ourBOX is 
3 6 0 8 2 
CREATE C BOX:
ourBOX is 
3 4 2 6 4 
CREATE C BOX:
ourBOX is 
3 6 2 8 4 
[co-patch coarsen] patch=11 RTH=1
[co-patch coarsen] patch=11 THBsize=48
CREATE C BOX:
ourBOX is 
3 0 0 8 4 
CREATE C BOX:
ourBOX is 
3 6 0 8 2 
CREATE C BOX:
ourBOX is 
3 4 2 6 4 
CREATE C BOX:
ourBOX is 
3 6 2 8 4 
[co-patch coarsen] patch=12 RTH=1
[co-patch coarsen] patch=12 THBsize=48
CREATE C BOX:
ourBOX is 
3 0 0 8 4 
CREATE C BOX:
ourBOX is 
3 6 0 8 2 
CREATE C BOX:
ourBOX is 
3 4 2 6 4 
CREATE C BOX:
ourBOX is 
3 6 2 8 4 
[co-patch coarsen] patch=13 RTH=1
[co-patch coarsen] patch=13 THBsize=48
CREATE C BOX:
ourBOX is 
3 0 0 8 4 
CREATE C BOX:
ourBOX is 
3 6 0 8 2 
CREATE C BOX:
ourBOX is 
3 4 2 6 4 
CREATE C BOX:
ourBOX is 
3 6 2 8 4 
[co-patch coarsen] patch=14 RTH=1
[co-patch coarsen] patch=14 THBsize=48
CREATE C BOX:
ourBOX is 
3 0 0 8 4 
CREATE C BOX:
ourBOX is 
3 6 0 8 2 
CREATE C BOX:
ourBOX is 
3 4 2 6 4 
CREATE C BOX:
ourBOX is 
3 6 2 8 4 
[co-patch coarsen] patch=15 RTH=1
[co-patch coarsen] patch=15 THBsize=48
1 1 1 0 1 1 1 1 1 1 1 1 1 1 1 1 1 1 1 1 1 1 1 1 1 1 1 1 1 1 1 1 0 0 0 0 0 0 0 0 0 0 0 0 0 0 0 0
creating the index mapping
thbToBellsMapping[patch].size(): 48
thbToBellsMapping[patch].size(): 48
thbToBellsMapping[patch].size(): 48
thbToBellsMapping[patch].size(): 48
thbToBellsMapping[patch].size(): 48
thbToBellsMapping[patch].size(): 100
thbToBellsMapping[patch].size(): 48
thbToBellsMapping[patch].size(): 48
thbToBellsMapping[patch].size(): 48
thbToBellsMapping[patch].size(): 100
thbToBellsMapping[patch].size(): 48
thbToBellsMapping[patch].size(): 48
thbToBellsMapping[patch].size(): 48
thbToBellsMapping[patch].size(): 48
thbToBellsMapping[patch].size(): 48
thbToBellsMapping[patch].size(): 48
thbToBellsMapping[patch].size(): 100
thbToBellsMapping[patch].size(): 100
thbToBellsMapping[patch].size(): 100
thbToBellsMapping[patch].size(): 100
thbToBellsMapping[patch].size(): 100
[mapPrev] newSize=1236 carried=1164 new(zero)=72
[mpbes-init] vectSol assigned from prevSol patch=0 levNow=2 attempt=2 rows=1236 cols=2 nonZeroRows=1164
[fitting-mode] attempt context: mode=globalFitting patch=0 levNow=2 attempt=2
[local-region] attempt context: patch=0 levNow=2 attempt=2 lambda=0 basisSelected=0/0 uvBefore=2100 uvAfter=2100
[assemble] custom-point layout per patch:
  patch=0 uv.cols=100
  patch=1 uv.cols=100
  patch=2 uv.cols=100
  patch=3 uv.cols=100
  patch=4 uv.cols=100
  patch=5 uv.cols=100
  patch=6 uv.cols=100
  patch=7 uv.cols=100
  patch=8 uv.cols=100
  patch=9 uv.cols=100
  patch=10 uv.cols=100
  patch=11 uv.cols=100
  patch=12 uv.cols=100
  patch=13 uv.cols=100
  patch=14 uv.cols=100
  patch=15 uv.cols=100
  patch=16 uv.cols=100
  patch=17 uv.cols=100
  patch=18 uv.cols=100
  patch=19 uv.cols=100
  patch=20 uv.cols=100
[assemble] resize A_mat(2100,1236), b_vec(2100,2)
[assemble] after resize: A_mat.rows=2100 cols=1236 b_vec.rows=2100 cols=2
[assemble] mode=global A cols=1236
[fit-solve] matA sparse rows=2100 cols=1236 nonZeros=14462
[fit-solve] matA nonFiniteEntries=0
[fit-solve] column mapping source=identity/global
[fit-solve] dynamic column reduction: selected=1236 / 1236
[fit-solve] matA rows=2100 cols=1236
[fit-solve] informative column reduction: selected=1236 / 1236
[fit-solve] matA_solve rows=2100 cols=1236
[fit-solve] dropped active/global columns by informative reduction begin
[fit-solve] dropped active/global columns by informative reduction end
[fit-solve] vectB(before At*b) rows=2100 cols=2
[fit-solve] vectB(before At*b) nonFiniteEntries=0
[fit-solve] sparse AtA: 1236x1236 nnz=25232
fit took: 0.399334
[fit-solve] vectSol(after solve) rows=1236 cols=2
[fit-solve] vectSol merge: seededFromOriginal=1 overwrittenRows=1236 basisMaskApplied=0
[fit-solve] vectSol(after solve) nonFiniteEntries=0
Solve finished. vectSol.rows()=1236, cols=2
matCbefore
1.77636e-14
matCafter
2.75335e-14
Total irregular points: 0
jack took: 0.31149 (pts/patch=20^2=400)
Irregular points: 0 / 8400 (0%)
minusnumber: 0
[assemble] custom-point layout per patch:
  patch=0 uv.cols=20
  patch=1 uv.cols=30
  patch=2 uv.cols=20
  patch=3 uv.cols=30
  patch=4 uv.cols=20
  patch=5 uv.cols=20
  patch=6 uv.cols=20
  patch=7 uv.cols=20
  patch=8 uv.cols=20
  patch=9 uv.cols=30
  patch=10 uv.cols=20
  patch=11 uv.cols=30
  patch=12 uv.cols=20
  patch=13 uv.cols=30
  patch=14 uv.cols=20
  patch=15 uv.cols=30
  patch=16 uv.cols=20
  patch=17 uv.cols=20
  patch=18 uv.cols=20
  patch=19 uv.cols=20
  patch=20 uv.cols=20
[assemble] resize A_mat(480,1236), b_vec(480,2)
[assemble] after resize: A_mat.rows=480 cols=1236 b_vec.rows=480 cols=2
Global fitting error stats: max=2.75416e-14, rms=5.48351e-15, samples=2100, maxAtPatch=2, maxAtLocalPoint=35
Global fitting max sample: uv=(0.555556,0.333333), xFit=(1.98544,4.37093), target=(1.98544,4.37093)
globalError: 2.75416e-14
featureError: 2.15566e-14
assemblyBoundaryError: 2.15566e-14
minusnumber: 0
Success! iteration = 1, coarselevel = 2
TOTALSIZE: 48
ACCEPTEDSIZE: 48
0	2	4	4	
2	0	4	2	
0	0	4	4	
nonCheckedCells.size() has become: 4
[geo-coarsen] preflight mirrored patch=0, hierarchy-safe sibling fallback cells=4 level=2
[geo-coarsen] preflight mirrored patch=1, hierarchy-safe sibling fallback cells=4 level=2
[geo-coarsen] preflight mirrored patch=2, hierarchy-safe sibling fallback cells=4 level=2
[geo-coarsen] preflight mirrored patch=3, hierarchy-safe sibling fallback cells=4 level=2
[geo-coarsen] preflight mirrored patch=4, hierarchy-safe sibling fallback cells=4 level=2
[geo-coarsen] useGeo=1 cells=20 firstIndex=3 firstBox=[0,3,1,4]
[geo-coarsen] preflight mirrored patch=6, hierarchy-safe sibling fallback cells=4 level=2
[geo-coarsen] preflight mirrored patch=7, hierarchy-safe sibling fallback cells=4 level=2
[geo-coarsen] preflight mirrored patch=8, hierarchy-safe sibling fallback cells=4 level=2
[geo-coarsen] useGeo=1 cells=12 firstIndex=6 firstBox=[1,2,2,3]
[geo-coarsen] preflight mirrored patch=10, hierarchy-safe sibling fallback cells=4 level=2
[geo-coarsen] preflight mirrored patch=11, hierarchy-safe sibling fallback cells=4 level=2
[geo-coarsen] preflight mirrored patch=12, hierarchy-safe sibling fallback cells=4 level=2
[geo-coarsen] preflight mirrored patch=13, hierarchy-safe sibling fallback cells=4 level=2
[geo-coarsen] preflight mirrored patch=14, hierarchy-safe sibling fallback cells=4 level=2
[geo-coarsen] preflight mirrored patch=15, hierarchy-safe sibling fallback cells=4 level=2
[geo-coarsen] useGeo=1 cells=16 firstIndex=12 firstBox=[3,0,4,1]
[geo-coarsen] useGeo=1 cells=16 firstIndex=3 firstBox=[0,3,1,4]
[geo-coarsen] useGeo=1 cells=19 firstIndex=11 firstBox=[0,1,1,2]
[geo-coarsen] useGeo=1 cells=19 firstIndex=11 firstBox=[0,1,1,2]
[geo-coarsen] useGeo=1 cells=20 firstIndex=0 firstBox=[3,3,4,4]
[coarsen-group] size=14 patches: 0 1 2 3 4 6 7 8 10 11 12 13 14 15 delta=0
[geo-coarsen] preflight mirrored patch=0, hierarchy-safe sibling fallback cells=4 level=2
CREATE C BOX:
ourBOX is 
3 0 0 4 4 
CREATE C BOX:
ourBOX is 
3 2 0 4 2 
CREATE C BOX:
ourBOX is 
3 0 2 2 4 
CREATE C BOX:
ourBOX is 
3 2 2 4 4 

=== Box Consistency Check ===
Patch 0 has 6 boxes

Box domains:
Box 0: u=[0, 1] x v=[0.5, 1] (area=0.5)
Box 1: u=[0.5, 1] x v=[0, 0.5] (area=0.25)
Box 2: u=[0, 0.25] x v=[0, 0.25] (area=0.0625)
Box 3: u=[0, 0.25] x v=[0.25, 0.5] (area=0.0625)
Box 4: u=[0.25, 0.5] x v=[0, 0.25] (area=0.0625)
Box 5: u=[0.25, 0.5] x v=[0.25, 0.5] (area=0.0625)

Checking for overlaps:
  No overlaps detected (boundaries may touch)

Total area covered: 1 (target: 1.0)

SUCCESS: Boxes are consistent (no overlaps, full coverage)
Truncated basis of dimension 2,
levels=1, size=9, tree_nodes=1).
Domain: [0 0]..[1 1].
Size per level: 9 

0; 2; 0; 2; 4; 4; 
1; 2; 2; 0; 4; 2; 
2; 2; 0; 0; 1; 1; 
3; 2; 0; 1; 1; 2; 
4; 2; 1; 0; 2; 1; 
5; 2; 1; 1; 2; 2; 
2 0 0 4 4
Truncated basis of dimension 2,
levels=3, size=36, tree_nodes=1).
Domain: [0 0]..[1 1].
Size per level: 0 0 36 

[primary coarsen] patch=0 cells=4 THBsize=36
CREATE C BOX:
ourBOX is 
3 0 0 4 4 
CREATE C BOX:
ourBOX is 
3 2 0 4 2 
CREATE C BOX:
ourBOX is 
3 0 2 2 4 
CREATE C BOX:
ourBOX is 
3 2 2 4 4 
[co-patch coarsen] patch=1 RTH=1
[co-patch coarsen] patch=1 THBsize=36
CREATE C BOX:
ourBOX is 
3 0 0 4 4 
CREATE C BOX:
ourBOX is 
3 2 0 4 2 
CREATE C BOX:
ourBOX is 
3 0 2 2 4 
CREATE C BOX:
ourBOX is 
3 2 2 4 4 
[co-patch coarsen] patch=2 RTH=1
[co-patch coarsen] patch=2 THBsize=36
CREATE C BOX:
ourBOX is 
3 0 0 4 4 
CREATE C BOX:
ourBOX is 
3 2 0 4 2 
CREATE C BOX:
ourBOX is 
3 0 2 2 4 
CREATE C BOX:
ourBOX is 
3 2 2 4 4 
[co-patch coarsen] patch=3 RTH=1
[co-patch coarsen] patch=3 THBsize=36
CREATE C BOX:
ourBOX is 
3 0 0 4 4 
CREATE C BOX:
ourBOX is 
3 2 0 4 2 
CREATE C BOX:
ourBOX is 
3 0 2 2 4 
CREATE C BOX:
ourBOX is 
3 2 2 4 4 
[co-patch coarsen] patch=4 RTH=1
[co-patch coarsen] patch=4 THBsize=36
CREATE C BOX:
ourBOX is 
3 0 0 4 4 
CREATE C BOX:
ourBOX is 
3 2 0 4 2 
CREATE C BOX:
ourBOX is 
3 0 2 2 4 
CREATE C BOX:
ourBOX is 
3 2 2 4 4 
[co-patch coarsen] patch=6 RTH=1
[co-patch coarsen] patch=6 THBsize=36
CREATE C BOX:
ourBOX is 
3 0 0 4 4 
CREATE C BOX:
ourBOX is 
3 2 0 4 2 
CREATE C BOX:
ourBOX is 
3 0 2 2 4 
CREATE C BOX:
ourBOX is 
3 2 2 4 4 
[co-patch coarsen] patch=7 RTH=1
[co-patch coarsen] patch=7 THBsize=36
CREATE C BOX:
ourBOX is 
3 0 0 4 4 
CREATE C BOX:
ourBOX is 
3 2 0 4 2 
CREATE C BOX:
ourBOX is 
3 0 2 2 4 
CREATE C BOX:
ourBOX is 
3 2 2 4 4 
[co-patch coarsen] patch=8 RTH=1
[co-patch coarsen] patch=8 THBsize=36
CREATE C BOX:
ourBOX is 
3 0 0 4 4 
CREATE C BOX:
ourBOX is 
3 2 0 4 2 
CREATE C BOX:
ourBOX is 
3 0 2 2 4 
CREATE C BOX:
ourBOX is 
3 2 2 4 4 
[co-patch coarsen] patch=10 RTH=1
[co-patch coarsen] patch=10 THBsize=36
CREATE C BOX:
ourBOX is 
3 0 0 4 4 
CREATE C BOX:
ourBOX is 
3 2 0 4 2 
CREATE C BOX:
ourBOX is 
3 0 2 2 4 
CREATE C BOX:
ourBOX is 
3 2 2 4 4 
[co-patch coarsen] patch=11 RTH=1
[co-patch coarsen] patch=11 THBsize=36
CREATE C BOX:
ourBOX is 
3 0 0 4 4 
CREATE C BOX:
ourBOX is 
3 2 0 4 2 
CREATE C BOX:
ourBOX is 
3 0 2 2 4 
CREATE C BOX:
ourBOX is 
3 2 2 4 4 
[co-patch coarsen] patch=12 RTH=1
[co-patch coarsen] patch=12 THBsize=36
CREATE C BOX:
ourBOX is 
3 0 0 4 4 
CREATE C BOX:
ourBOX is 
3 2 0 4 2 
CREATE C BOX:
ourBOX is 
3 0 2 2 4 
CREATE C BOX:
ourBOX is 
3 2 2 4 4 
[co-patch coarsen] patch=13 RTH=1
[co-patch coarsen] patch=13 THBsize=36
CREATE C BOX:
ourBOX is 
3 0 0 4 4 
CREATE C BOX:
ourBOX is 
3 2 0 4 2 
CREATE C BOX:
ourBOX is 
3 0 2 2 4 
CREATE C BOX:
ourBOX is 
3 2 2 4 4 
[co-patch coarsen] patch=14 RTH=1
[co-patch coarsen] patch=14 THBsize=36
CREATE C BOX:
ourBOX is 
3 0 0 4 4 
CREATE C BOX:
ourBOX is 
3 2 0 4 2 
CREATE C BOX:
ourBOX is 
3 0 2 2 4 
CREATE C BOX:
ourBOX is 
3 2 2 4 4 
[co-patch coarsen] patch=15 RTH=1
[co-patch coarsen] patch=15 THBsize=36
0 1 1 1 1 0 1 1 1 1 1 1 1 1 1 1 1 1 1 1 1 1 1 1 1 1 1 1 1 1 1 1 1 1 1 1
creating the index mapping
thbToBellsMapping[patch].size(): 36
thbToBellsMapping[patch].size(): 36
thbToBellsMapping[patch].size(): 36
thbToBellsMapping[patch].size(): 36
thbToBellsMapping[patch].size(): 36
thbToBellsMapping[patch].size(): 100
thbToBellsMapping[patch].size(): 36
thbToBellsMapping[patch].size(): 36
thbToBellsMapping[patch].size(): 36
thbToBellsMapping[patch].size(): 100
thbToBellsMapping[patch].size(): 36
thbToBellsMapping[patch].size(): 36
thbToBellsMapping[patch].size(): 36
thbToBellsMapping[patch].size(): 36
thbToBellsMapping[patch].size(): 36
thbToBellsMapping[patch].size(): 36
thbToBellsMapping[patch].size(): 100
thbToBellsMapping[patch].size(): 100
thbToBellsMapping[patch].size(): 100
thbToBellsMapping[patch].size(): 100
thbToBellsMapping[patch].size(): 100
[mapPrev] newSize=1054 carried=1024 new(zero)=30
[mpbes-init] vectSol assigned from prevSol patch=0 levNow=2 attempt=3 rows=1054 cols=2 nonZeroRows=1024
[fitting-mode] attempt context: mode=globalFitting patch=0 levNow=2 attempt=3
[local-region] attempt context: patch=0 levNow=2 attempt=3 lambda=0 basisSelected=0/0 uvBefore=2100 uvAfter=2100
[assemble] custom-point layout per patch:
  patch=0 uv.cols=100
  patch=1 uv.cols=100
  patch=2 uv.cols=100
  patch=3 uv.cols=100
  patch=4 uv.cols=100
  patch=5 uv.cols=100
  patch=6 uv.cols=100
  patch=7 uv.cols=100
  patch=8 uv.cols=100
  patch=9 uv.cols=100
  patch=10 uv.cols=100
  patch=11 uv.cols=100
  patch=12 uv.cols=100
  patch=13 uv.cols=100
  patch=14 uv.cols=100
  patch=15 uv.cols=100
  patch=16 uv.cols=100
  patch=17 uv.cols=100
  patch=18 uv.cols=100
  patch=19 uv.cols=100
  patch=20 uv.cols=100
[assemble] resize A_mat(2100,1054), b_vec(2100,2)
[assemble] after resize: A_mat.rows=2100 cols=1054 b_vec.rows=2100 cols=2
[assemble] mode=global A cols=1054
[fit-solve] matA sparse rows=2100 cols=1054 nonZeros=14196
[fit-solve] matA nonFiniteEntries=0
[fit-solve] column mapping source=identity/global
[fit-solve] dynamic column reduction: selected=1054 / 1054
[fit-solve] matA rows=2100 cols=1054
[fit-solve] informative column reduction: selected=1054 / 1054
[fit-solve] matA_solve rows=2100 cols=1054
[fit-solve] dropped active/global columns by informative reduction begin
[fit-solve] dropped active/global columns by informative reduction end
[fit-solve] vectB(before At*b) rows=2100 cols=2
[fit-solve] vectB(before At*b) nonFiniteEntries=0
[fit-solve] sparse AtA: 1054x1054 nnz=20992
fit took: 0.364442
[fit-solve] vectSol(after solve) rows=1054 cols=2
[fit-solve] vectSol merge: seededFromOriginal=1 overwrittenRows=1054 basisMaskApplied=0
[fit-solve] vectSol(after solve) nonFiniteEntries=0
Solve finished. vectSol.rows()=1054, cols=2
matCbefore
1.06581e-14
matCafter
2.57572e-14
Total irregular points: 0
jack took: 0.0326102 (pts/patch=20^2=400)
Irregular points: 0 / 8400 (0%)
minusnumber: 0
[assemble] custom-point layout per patch:
  patch=0 uv.cols=20
  patch=1 uv.cols=30
  patch=2 uv.cols=20
  patch=3 uv.cols=30
  patch=4 uv.cols=20
  patch=5 uv.cols=20
  patch=6 uv.cols=20
  patch=7 uv.cols=20
  patch=8 uv.cols=20
  patch=9 uv.cols=30
  patch=10 uv.cols=20
  patch=11 uv.cols=30
  patch=12 uv.cols=20
  patch=13 uv.cols=30
  patch=14 uv.cols=20
  patch=15 uv.cols=30
  patch=16 uv.cols=20
  patch=17 uv.cols=20
  patch=18 uv.cols=20
  patch=19 uv.cols=20
  patch=20 uv.cols=20
[assemble] resize A_mat(480,1054), b_vec(480,2)
[assemble] after resize: A_mat.rows=480 cols=1054 b_vec.rows=480 cols=2
Global fitting error stats: max=2.5804e-14, rms=5.6993e-15, samples=2100, maxAtPatch=2, maxAtLocalPoint=27
Global fitting max sample: uv=(0.777778,0.222222), xFit=(1.971,4.47043), target=(1.971,4.47043)
globalError: 2.5804e-14
featureError: 2.00825e-14
assemblyBoundaryError: 2.00825e-14
minusnumber: 0
Success! iteration = 1, coarselevel = 2
TOTALSIZE: 36
ACCEPTEDSIZE: 36
0	0	4	4	
nonCheckedCells.size() has become: 0
[geo-coarsen] useGeo=1 cells=20 firstIndex=3 firstBox=[0,3,1,4]
[geo-coarsen] useGeo=1 cells=12 firstIndex=6 firstBox=[1,2,2,3]
[geo-coarsen] useGeo=1 cells=16 firstIndex=12 firstBox=[3,0,4,1]
[geo-coarsen] useGeo=1 cells=16 firstIndex=3 firstBox=[0,3,1,4]
[geo-coarsen] useGeo=1 cells=19 firstIndex=11 firstBox=[0,1,1,2]
[geo-coarsen] useGeo=1 cells=19 firstIndex=11 firstBox=[0,1,1,2]
[geo-coarsen] useGeo=1 cells=20 firstIndex=0 firstBox=[3,3,4,4]
[coarsen-group] size=7 patches: 5 9 16 17 18 19 20 delta=0.2
[geo-coarsen] useGeo=1 cells=20 firstIndex=3 firstBox=[0,3,1,4]
CREATE C BOX:
ourBOX is 
3 0 0 8 8 
CREATE C BOX:
ourBOX is 
3 0 0 2 6 
CREATE C BOX:
ourBOX is 
3 2 0 8 6 
CREATE C BOX:
ourBOX is 
3 0 0 2 4 
CREATE C BOX:
ourBOX is 
3 2 0 6 2 
CREATE C BOX:
ourBOX is 
3 2 0 4 2 
CREATE C BOX:
ourBOX is 
3 0 0 2 2 

=== Box Consistency Check ===
Patch 5 has 10 boxes

Box domains:
Box 0: u=[0, 0.25] x v=[0.75, 1] (area=0.0625)
Box 1: u=[0, 0.25] x v=[0.5, 0.75] (area=0.0625)
Box 2: u=[0.75, 1] x v=[0, 0.25] (area=0.0625)
Box 3: u=[0.25, 1] x v=[0.75, 1] (area=0.1875)
Box 4: u=[0, 0.25] x v=[0.25, 0.5] (area=0.0625)
Box 5: u=[0.5, 0.75] x v=[0, 0.25] (area=0.0625)
Box 6: u=[0.25, 0.75] x v=[0.25, 0.75] (area=0.25)
Box 7: u=[0.75, 1] x v=[0.25, 0.75] (area=0.125)
Box 8: u=[0, 0.25] x v=[0, 0.25] (area=0.0625)
Box 9: u=[0.25, 0.5] x v=[0, 0.25] (area=0.0625)

Checking for overlaps:
  No overlaps detected (boundaries may touch)

Total area covered: 1 (target: 1.0)

SUCCESS: Boxes are consistent (no overlaps, full coverage)
Truncated basis of dimension 2,
levels=1, size=9, tree_nodes=1).
Domain: [0 0]..[1 1].
Size per level: 9 

0; 2; 0; 3; 1; 4; 
1; 2; 0; 2; 1; 3; 
2; 2; 3; 0; 4; 1; 
3; 3; 2; 6; 8; 8; 
4; 2; 0; 1; 1; 2; 
5; 2; 2; 0; 3; 1; 
6; 3; 2; 2; 6; 6; 
7; 3; 6; 2; 8; 6; 
8; 2; 0; 0; 1; 1; 
9; 2; 1; 0; 2; 1; 
3 2 2 8 8
2 1 0 4 1
2 0 0 1 4
Truncated basis of dimension 2,
levels=4, size=63, tree_nodes=5).
Domain: [0 0]..[1 1].
Size per level: 0 0 27 36 

[primary coarsen] patch=5 cells=20 THBsize=63
CREATE C BOX:
ourBOX is 
3 0 0 8 8 
CREATE C BOX:
ourBOX is 
3 2 0 4 4 
CREATE C BOX:
ourBOX is 
3 4 0 8 4 
CREATE C BOX:
ourBOX is 
3 4 4 8 6 
[co-patch coarsen] patch=9 RTH=1
[co-patch coarsen] patch=9 THBsize=80
CREATE C BOX:
ourBOX is 
3 0 0 8 8 
CREATE C BOX:
ourBOX is 
3 0 0 6 2 
CREATE C BOX:
ourBOX is 
3 0 0 4 2 
CREATE C BOX:
ourBOX is 
3 0 0 2 2 
CREATE C BOX:
ourBOX is 
3 6 2 8 8 
CREATE C BOX:
ourBOX is 
3 0 2 6 8 
[co-patch coarsen] patch=16 RTH=1
[co-patch coarsen] patch=16 THBsize=66
CREATE C BOX:
ourBOX is 
3 0 0 8 8 
CREATE C BOX:
ourBOX is 
3 2 6 8 8 
CREATE C BOX:
ourBOX is 
3 0 0 2 6 
CREATE C BOX:
ourBOX is 
3 2 0 8 6 
CREATE C BOX:
ourBOX is 
3 4 6 8 8 
CREATE C BOX:
ourBOX is 
3 4 4 8 6 
[co-patch coarsen] patch=17 RTH=1
[co-patch coarsen] patch=17 THBsize=72
CREATE C BOX:
ourBOX is 
3 0 0 8 8 
CREATE C BOX:
ourBOX is 
3 0 0 2 2 
CREATE C BOX:
ourBOX is 
3 0 4 2 8 
CREATE C BOX:
ourBOX is 
3 0 6 2 8 
CREATE C BOX:
ourBOX is 
3 2 0 8 2 
CREATE C BOX:
ourBOX is 
3 2 2 8 4 
[co-patch coarsen] patch=18 RTH=1
[co-patch coarsen] patch=18 THBsize=70
CREATE C BOX:
ourBOX is 
3 0 0 8 8 
CREATE C BOX:
ourBOX is 
3 0 0 2 2 
CREATE C BOX:
ourBOX is 
3 2 2 8 4 
CREATE C BOX:
ourBOX is 
3 2 0 8 2 
CREATE C BOX:
ourBOX is 
3 4 2 8 4 
CREATE C BOX:
ourBOX is 
3 0 4 2 8 
[co-patch coarsen] patch=19 RTH=1
[co-patch coarsen] patch=19 THBsize=70
CREATE C BOX:
ourBOX is 
3 0 0 8 8 
CREATE C BOX:
ourBOX is 
3 0 6 6 8 
CREATE C BOX:
ourBOX is 
3 0 6 4 8 
CREATE C BOX:
ourBOX is 
3 0 6 2 8 
CREATE C BOX:
ourBOX is 
3 0 0 6 6 
CREATE C BOX:
ourBOX is 
3 2 4 6 6 
[co-patch coarsen] patch=20 RTH=1
[co-patch coarsen] patch=20 THBsize=70
0 1 1 1 1 0 1 1 1 1 1 1 1 1 1 1 1 1 1 1 1 1 1 1 1 1 1 1 1 1 1 1 1 1 1 1 1 1 1 1 1 1 1 1 1 1 1 1 1 1 1 1 1 1 1 1 1 1 1 1 1 1 1
creating the index mapping
thbToBellsMapping[patch].size(): 36
thbToBellsMapping[patch].size(): 36
thbToBellsMapping[patch].size(): 36
thbToBellsMapping[patch].size(): 36
thbToBellsMapping[patch].size(): 36
thbToBellsMapping[patch].size(): 63
thbToBellsMapping[patch].size(): 36
thbToBellsMapping[patch].size(): 36
thbToBellsMapping[patch].size(): 36
thbToBellsMapping[patch].size(): 80
thbToBellsMapping[patch].size(): 36
thbToBellsMapping[patch].size(): 36
thbToBellsMapping[patch].size(): 36
thbToBellsMapping[patch].size(): 36
thbToBellsMapping[patch].size(): 36
thbToBellsMapping[patch].size(): 36
thbToBellsMapping[patch].size(): 66
thbToBellsMapping[patch].size(): 72
thbToBellsMapping[patch].size(): 70
thbToBellsMapping[patch].size(): 70
thbToBellsMapping[patch].size(): 70
[mapPrev] newSize=867 carried=726 new(zero)=141
[mpbes-init] vectSol assigned from prevSol patch=5 levNow=2 attempt=4 rows=867 cols=2 nonZeroRows=726
[fitting-mode] attempt context: mode=globalFitting patch=5 levNow=2 attempt=4
[local-region] attempt context: patch=5 levNow=2 attempt=4 lambda=0 basisSelected=0/0 uvBefore=2100 uvAfter=2100
[assemble] custom-point layout per patch:
  patch=0 uv.cols=100
  patch=1 uv.cols=100
  patch=2 uv.cols=100
  patch=3 uv.cols=100
  patch=4 uv.cols=100
  patch=5 uv.cols=100
  patch=6 uv.cols=100
  patch=7 uv.cols=100
  patch=8 uv.cols=100
  patch=9 uv.cols=100
  patch=10 uv.cols=100
  patch=11 uv.cols=100
  patch=12 uv.cols=100
  patch=13 uv.cols=100
  patch=14 uv.cols=100
  patch=15 uv.cols=100
  patch=16 uv.cols=100
  patch=17 uv.cols=100
  patch=18 uv.cols=100
  patch=19 uv.cols=100
  patch=20 uv.cols=100
[assemble] resize A_mat(2100,867), b_vec(2100,2)
[assemble] after resize: A_mat.rows=2100 cols=867 b_vec.rows=2100 cols=2
[assemble] mode=global A cols=867
[fit-solve] matA sparse rows=2100 cols=867 nonZeros=14510
[fit-solve] matA nonFiniteEntries=0
[fit-solve] column mapping source=identity/global
[fit-solve] dynamic column reduction: selected=867 / 867
[fit-solve] matA rows=2100 cols=867
[fit-solve] informative column reduction: selected=867 / 867
[fit-solve] matA_solve rows=2100 cols=867
[fit-solve] dropped active/global columns by informative reduction begin
[fit-solve] dropped active/global columns by informative reduction end
[fit-solve] vectB(before At*b) rows=2100 cols=2
[fit-solve] vectB(before At*b) nonFiniteEntries=0
[fit-solve] sparse AtA: 867x867 nnz=17517
fit took: 0.317037
[fit-solve] vectSol(after solve) rows=867 cols=2
[fit-solve] vectSol merge: seededFromOriginal=1 overwrittenRows=867 basisMaskApplied=0
[fit-solve] vectSol(after solve) nonFiniteEntries=0
Solve finished. vectSol.rows()=867, cols=2
matCbefore
1.42109e-14
matCafter
2.66454e-14
Total irregular points: 0
jack took: 0.183628 (pts/patch=20^2=400)
Irregular points: 0 / 8400 (0%)
minusnumber: 0
[assemble] custom-point layout per patch:
  patch=0 uv.cols=20
  patch=1 uv.cols=30
  patch=2 uv.cols=20
  patch=3 uv.cols=30
  patch=4 uv.cols=20
  patch=5 uv.cols=20
  patch=6 uv.cols=20
  patch=7 uv.cols=20
  patch=8 uv.cols=20
  patch=9 uv.cols=30
  patch=10 uv.cols=20
  patch=11 uv.cols=30
  patch=12 uv.cols=20
  patch=13 uv.cols=30
  patch=14 uv.cols=20
  patch=15 uv.cols=30
  patch=16 uv.cols=20
  patch=17 uv.cols=20
  patch=18 uv.cols=20
  patch=19 uv.cols=20
  patch=20 uv.cols=20
[assemble] resize A_mat(480,867), b_vec(480,2)
[assemble] after resize: A_mat.rows=480 cols=867 b_vec.rows=480 cols=2
Global fitting error stats: max=2.66906e-14, rms=6.08739e-15, samples=2100, maxAtPatch=2, maxAtLocalPoint=27
Global fitting max sample: uv=(0.777778,0.222222), xFit=(1.971,4.47043), target=(1.971,4.47043)
globalError: 2.66906e-14
featureError: 2.12282e-14
assemblyBoundaryError: 2.12282e-14
minusnumber: 0
Success! iteration = 1, coarselevel = 2
TOTALSIZE: 63
ACCEPTEDSIZE: 63
2	2	8	8	
1	0	4	1	
0	0	1	4	
nonCheckedCells.size() has become: 9
[geo-coarsen] useGeo=1 cells=11 firstIndex=10 firstBox=[1,1,2,2]
[geo-coarsen] useGeo=1 cells=14 firstIndex=14 firstBox=[1,0,2,1]
[geo-coarsen] useGeo=1 cells=4 firstIndex=11 firstBox=[0,1,1,2]
[geo-coarsen] useGeo=1 cells=10 firstIndex=0 firstBox=[3,3,4,4]
[geo-coarsen] useGeo=1 cells=15 firstIndex=6 firstBox=[1,2,2,3]
[geo-coarsen] useGeo=1 cells=14 firstIndex=8 firstBox=[3,1,4,2]
[geo-coarsen] useGeo=1 cells=13 firstIndex=5 firstBox=[2,2,3,3]
[coarsen-group] size=7 patches: 5 9 16 17 18 19 20 delta=0.2
[geo-coarsen] useGeo=1 cells=11 firstIndex=10 firstBox=[1,1,2,2]
CREATE C BOX:
ourBOX is 
3 2 2 8 8 
CREATE C BOX:
ourBOX is 
3 4 2 8 4 
CREATE C BOX:
ourBOX is 
3 6 2 8 4 

=== Box Consistency Check ===
Patch 5 has 7 boxes

Box domains:
Box 0: u=[0.25, 0.5] x v=[0.25, 0.5] (area=0.0625)
Box 1: u=[0.25, 1] x v=[0, 0.25] (area=0.1875)
Box 2: u=[0, 0.25] x v=[0, 1] (area=0.25)
Box 3: u=[0.25, 0.5] x v=[0.5, 1] (area=0.125)
Box 4: u=[0.5, 0.75] x v=[0.25, 0.5] (area=0.0625)
Box 5: u=[0.5, 1] x v=[0.5, 1] (area=0.25)
Box 6: u=[0.75, 1] x v=[0.25, 0.5] (area=0.0625)

Checking for overlaps:
  No overlaps detected (boundaries may touch)

Total area covered: 1 (target: 1.0)

SUCCESS: Boxes are consistent (no overlaps, full coverage)
Truncated basis of dimension 2,
levels=1, size=9, tree_nodes=1).
Domain: [0 0]..[1 1].
Size per level: 9 

0; 2; 1; 1; 2; 2; 
1; 2; 1; 0; 4; 1; 
2; 2; 0; 0; 1; 4; 
3; 3; 2; 4; 4; 8; 
4; 2; 2; 1; 3; 2; 
5; 3; 4; 4; 8; 8; 
6; 2; 3; 1; 4; 2; 
3 2 4 8 8
2 1 0 4 2
2 0 0 1 4
Truncated basis of dimension 2,
levels=4, size=54, tree_nodes=5).
Domain: [0 0]..[1 1].
Size per level: 0 0 30 24 

[primary coarsen] patch=5 cells=11 THBsize=54
CREATE C BOX:
ourBOX is 
3 2 0 6 2 
CREATE C BOX:
ourBOX is 
3 2 6 8 8 
CREATE C BOX:
ourBOX is 
3 4 0 6 2 
CREATE C BOX:
ourBOX is 
3 4 6 8 8 
CREATE C BOX:
ourBOX is 
3 0 0 2 8 
CREATE C BOX:
ourBOX is 
3 0 0 2 4 
CREATE C BOX:
ourBOX is 
3 0 6 2 8 
[co-patch coarsen] patch=9 RTH=1
[co-patch coarsen] patch=9 THBsize=53
CREATE C BOX:
ourBOX is 
3 0 2 4 8 
[co-patch coarsen] patch=16 RTH=1
[co-patch coarsen] patch=16 THBsize=60
CREATE C BOX:
ourBOX is 
3 6 4 8 8 
CREATE C BOX:
ourBOX is 
3 6 4 8 6 
CREATE C BOX:
ourBOX is 
3 0 0 8 4 
CREATE C BOX:
ourBOX is 
3 0 0 6 2 
[co-patch coarsen] patch=17 RTH=1
[co-patch coarsen] patch=17 THBsize=48
CREATE C BOX:
ourBOX is 
3 2 4 4 8 
CREATE C BOX:
ourBOX is 
3 2 6 4 8 
CREATE C BOX:
ourBOX is 
3 4 0 8 8 
CREATE C BOX:
ourBOX is 
3 4 2 6 8 
CREATE C BOX:
ourBOX is 
3 6 0 8 2 
[co-patch coarsen] patch=18 RTH=1
[co-patch coarsen] patch=18 THBsize=51
CREATE C BOX:
ourBOX is 
3 6 2 8 4 
CREATE C BOX:
ourBOX is 
3 2 4 8 8 
CREATE C BOX:
ourBOX is 
3 4 4 8 6 
CREATE C BOX:
ourBOX is 
3 4 0 8 2 
CREATE C BOX:
ourBOX is 
3 6 4 8 6 
[co-patch coarsen] patch=19 RTH=1
[co-patch coarsen] patch=19 THBsize=53
CREATE C BOX:
ourBOX is 
3 4 0 8 6 
CREATE C BOX:
ourBOX is 
3 6 4 8 6 
CREATE C BOX:
ourBOX is 
3 6 0 8 4 
CREATE C BOX:
ourBOX is 
3 4 0 6 4 
[co-patch coarsen] patch=20 RTH=1
[co-patch coarsen] patch=20 THBsize=48
0 1 1 1 1 0 1 1 1 1 1 1 1 1 1 1 1 1 1 1 1 1 1 1 1 1 1 1 1 1 1 1 1 1 1 1 1 1 1 1 1 1 1 1 1 1 1 1 1 1 1 1 1 1
creating the index mapping
thbToBellsMapping[patch].size(): 36
thbToBellsMapping[patch].size(): 36
thbToBellsMapping[patch].size(): 36
thbToBellsMapping[patch].size(): 36
thbToBellsMapping[patch].size(): 36
thbToBellsMapping[patch].size(): 54
thbToBellsMapping[patch].size(): 36
thbToBellsMapping[patch].size(): 36
thbToBellsMapping[patch].size(): 36
thbToBellsMapping[patch].size(): 53
thbToBellsMapping[patch].size(): 36
thbToBellsMapping[patch].size(): 36
thbToBellsMapping[patch].size(): 36
thbToBellsMapping[patch].size(): 36
thbToBellsMapping[patch].size(): 36
thbToBellsMapping[patch].size(): 36
thbToBellsMapping[patch].size(): 60
thbToBellsMapping[patch].size(): 48
thbToBellsMapping[patch].size(): 51
thbToBellsMapping[patch].size(): 53
thbToBellsMapping[patch].size(): 48
[mapPrev] newSize=736 carried=697 new(zero)=39
[mpbes-init] vectSol assigned from prevSol patch=5 levNow=2 attempt=5 rows=736 cols=2 nonZeroRows=697
[fitting-mode] attempt context: mode=globalFitting patch=5 levNow=2 attempt=5
[local-region] attempt context: patch=5 levNow=2 attempt=5 lambda=0 basisSelected=0/0 uvBefore=2100 uvAfter=2100
[assemble] custom-point layout per patch:
  patch=0 uv.cols=100
  patch=1 uv.cols=100
  patch=2 uv.cols=100
  patch=3 uv.cols=100
  patch=4 uv.cols=100
  patch=5 uv.cols=100
  patch=6 uv.cols=100
  patch=7 uv.cols=100
  patch=8 uv.cols=100
  patch=9 uv.cols=100
  patch=10 uv.cols=100
  patch=11 uv.cols=100
  patch=12 uv.cols=100
  patch=13 uv.cols=100
  patch=14 uv.cols=100
  patch=15 uv.cols=100
  patch=16 uv.cols=100
  patch=17 uv.cols=100
  patch=18 uv.cols=100
  patch=19 uv.cols=100
  patch=20 uv.cols=100
[assemble] resize A_mat(2100,736), b_vec(2100,2)
[assemble] after resize: A_mat.rows=2100 cols=736 b_vec.rows=2100 cols=2
[assemble] mode=global A cols=736
[fit-solve] matA sparse rows=2100 cols=736 nonZeros=14405
[fit-solve] matA nonFiniteEntries=0
[fit-solve] column mapping source=identity/global
[fit-solve] dynamic column reduction: selected=736 / 736
[fit-solve] matA rows=2100 cols=736
[fit-solve] informative column reduction: selected=736 / 736
[fit-solve] matA_solve rows=2100 cols=736
[fit-solve] dropped active/global columns by informative reduction begin
[fit-solve] dropped active/global columns by informative reduction end
[fit-solve] vectB(before At*b) rows=2100 cols=2
[fit-solve] vectB(before At*b) nonFiniteEntries=0
[fit-solve] sparse AtA: 736x736 nnz=14470
fit took: 0.246063
[fit-solve] vectSol(after solve) rows=736 cols=2
[fit-solve] vectSol merge: seededFromOriginal=1 overwrittenRows=736 basisMaskApplied=0
[fit-solve] vectSol(after solve) nonFiniteEntries=0
Solve finished. vectSol.rows()=736, cols=2
matCbefore
1.77636e-14
matCafter
2.57572e-14
Total irregular points: 0
jack took: 0.207526 (pts/patch=20^2=400)
Irregular points: 0 / 8400 (0%)
minusnumber: 0
[assemble] custom-point layout per patch:
  patch=0 uv.cols=20
  patch=1 uv.cols=30
  patch=2 uv.cols=20
  patch=3 uv.cols=30
  patch=4 uv.cols=20
  patch=5 uv.cols=20
  patch=6 uv.cols=20
  patch=7 uv.cols=20
  patch=8 uv.cols=20
  patch=9 uv.cols=30
  patch=10 uv.cols=20
  patch=11 uv.cols=30
  patch=12 uv.cols=20
  patch=13 uv.cols=30
  patch=14 uv.cols=20
  patch=15 uv.cols=30
  patch=16 uv.cols=20
  patch=17 uv.cols=20
  patch=18 uv.cols=20
  patch=19 uv.cols=20
  patch=20 uv.cols=20
[assemble] resize A_mat(480,736), b_vec(480,2)
[assemble] after resize: A_mat.rows=480 cols=736 b_vec.rows=480 cols=2
Global fitting error stats: max=2.58527e-14, rms=6.25114e-15, samples=2100, maxAtPatch=2, maxAtLocalPoint=27
Global fitting max sample: uv=(0.777778,0.222222), xFit=(1.971,4.47043), target=(1.971,4.47043)
globalError: 2.58527e-14
featureError: 2.00825e-14
assemblyBoundaryError: 2.00825e-14
minusnumber: 0
Success! iteration = 1, coarselevel = 2
TOTALSIZE: 54
ACCEPTEDSIZE: 54
2	4	8	8	
1	0	4	2	
0	0	1	4	
nonCheckedCells.size() has become: 6
[geo-coarsen] useGeo=1 cells=4 firstIndex=6 firstBox=[1,2,2,3]
[geo-coarsen] useGeo=1 cells=4 firstIndex=15 firstBox=[0,0,1,1]
[geo-coarsen] useGeo=1 cells=16 firstIndex=10 firstBox=[1,1,2,2]
[geo-coarsen] useGeo=1 cells=24 firstIndex=14 firstBox=[1,0,2,1]
[geo-coarsen] useGeo=1 cells=8 firstIndex=5 firstBox=[2,2,3,3]
[geo-coarsen] useGeo=1 cells=4 firstIndex=12 firstBox=[3,0,4,1]
[geo-coarsen] useGeo=1 cells=20 firstIndex=11 firstBox=[0,1,1,2]
[coarsen-group] size=4 patches: 5 9 18 19 delta=0.2
[geo-coarsen] useGeo=1 cells=4 firstIndex=6 firstBox=[1,2,2,3]
CREATE C BOX:
ourBOX is 
3 2 4 8 8 

=== Box Consistency Check ===
Patch 5 has 6 boxes

Box domains:
Box 0: u=[0.25, 0.5] x v=[0.5, 0.75] (area=0.0625)
Box 1: u=[0.25, 1] x v=[0, 0.5] (area=0.375)
Box 2: u=[0, 0.25] x v=[0, 1] (area=0.25)
Box 3: u=[0.25, 0.5] x v=[0.75, 1] (area=0.0625)
Box 4: u=[0.5, 1] x v=[0.5, 0.75] (area=0.125)
Box 5: u=[0.5, 1] x v=[0.75, 1] (area=0.125)

Checking for overlaps:
  No overlaps detected (boundaries may touch)

Total area covered: 1 (target: 1.0)

SUCCESS: Boxes are consistent (no overlaps, full coverage)
Truncated basis of dimension 2,
levels=1, size=9, tree_nodes=1).
Domain: [0 0]..[1 1].
Size per level: 9 

0; 2; 1; 2; 2; 3; 
1; 2; 1; 0; 4; 2; 
2; 2; 0; 0; 1; 4; 
3; 3; 2; 6; 4; 8; 
4; 3; 4; 4; 8; 6; 
5; 3; 4; 6; 8; 8; 
3 4 4 8 8
2 2 0 4 2
3 2 6 4 8
2 1 0 2 3
2 0 0 1 4
Truncated basis of dimension 2,
levels=4, size=51, tree_nodes=11).
Domain: [0 0]..[1 1].
Size per level: 0 0 31 20 

[primary coarsen] patch=5 cells=4 THBsize=51
CREATE C BOX:
ourBOX is 
3 0 0 2 2 
[co-patch coarsen] patch=9 RTH=1
[co-patch coarsen] patch=9 THBsize=50
CREATE C BOX:
ourBOX is 
3 4 4 8 8 
CREATE C BOX:
ourBOX is 
3 4 6 6 8 
[co-patch coarsen] patch=18 RTH=1
[co-patch coarsen] patch=18 THBsize=45
CREATE C BOX:
ourBOX is 
3 6 0 8 2 
[co-patch coarsen] patch=19 RTH=1
[co-patch coarsen] patch=19 THBsize=50
0 1 1 1 1 0 1 1 1 1 1 1 1 1 1 1 1 1 1 1 1 1 1 1 1 1 1 1 1 1 1 1 1 1 1 1 1 1 1 1 1 1 1 1 1 1 1 1 1 1 1
creating the index mapping
thbToBellsMapping[patch].size(): 36
thbToBellsMapping[patch].size(): 36
thbToBellsMapping[patch].size(): 36
thbToBellsMapping[patch].size(): 36
thbToBellsMapping[patch].size(): 36
thbToBellsMapping[patch].size(): 51
thbToBellsMapping[patch].size(): 36
thbToBellsMapping[patch].size(): 36
thbToBellsMapping[patch].size(): 36
thbToBellsMapping[patch].size(): 50
thbToBellsMapping[patch].size(): 36
thbToBellsMapping[patch].size(): 36
thbToBellsMapping[patch].size(): 36
thbToBellsMapping[patch].size(): 36
thbToBellsMapping[patch].size(): 36
thbToBellsMapping[patch].size(): 36
thbToBellsMapping[patch].size(): 60
thbToBellsMapping[patch].size(): 48
thbToBellsMapping[patch].size(): 45
thbToBellsMapping[patch].size(): 50
thbToBellsMapping[patch].size(): 48
[mapPrev] newSize=721 carried=718 new(zero)=3
[mpbes-init] vectSol assigned from prevSol patch=5 levNow=2 attempt=6 rows=721 cols=2 nonZeroRows=718
[fitting-mode] attempt context: mode=globalFitting patch=5 levNow=2 attempt=6
[local-region] attempt context: patch=5 levNow=2 attempt=6 lambda=0 basisSelected=0/0 uvBefore=2100 uvAfter=2100
[assemble] custom-point layout per patch:
  patch=0 uv.cols=100
  patch=1 uv.cols=100
  patch=2 uv.cols=100
  patch=3 uv.cols=100
  patch=4 uv.cols=100
  patch=5 uv.cols=100
  patch=6 uv.cols=100
  patch=7 uv.cols=100
  patch=8 uv.cols=100
  patch=9 uv.cols=100
  patch=10 uv.cols=100
  patch=11 uv.cols=100
  patch=12 uv.cols=100
  patch=13 uv.cols=100
  patch=14 uv.cols=100
  patch=15 uv.cols=100
  patch=16 uv.cols=100
  patch=17 uv.cols=100
  patch=18 uv.cols=100
  patch=19 uv.cols=100
  patch=20 uv.cols=100
[assemble] resize A_mat(2100,721), b_vec(2100,2)
[assemble] after resize: A_mat.rows=2100 cols=721 b_vec.rows=2100 cols=2
[assemble] mode=global A cols=721
[fit-solve] matA sparse rows=2100 cols=721 nonZeros=14385
[fit-solve] matA nonFiniteEntries=0
[fit-solve] column mapping source=identity/global
[fit-solve] dynamic column reduction: selected=721 / 721
[fit-solve] matA rows=2100 cols=721
[fit-solve] informative column reduction: selected=721 / 721
[fit-solve] matA_solve rows=2100 cols=721
[fit-solve] dropped active/global columns by informative reduction begin
[fit-solve] dropped active/global columns by informative reduction end
[fit-solve] vectB(before At*b) rows=2100 cols=2
[fit-solve] vectB(before At*b) nonFiniteEntries=0
[fit-solve] sparse AtA: 721x721 nnz=14105
fit took: 0.31381
[fit-solve] vectSol(after solve) rows=721 cols=2
[fit-solve] vectSol merge: seededFromOriginal=1 overwrittenRows=721 basisMaskApplied=0
[fit-solve] vectSol(after solve) nonFiniteEntries=0
Solve finished. vectSol.rows()=721, cols=2
matCbefore
1.24345e-14
matCafter
2.57572e-14
Total irregular points: 0
jack took: 0.204308 (pts/patch=20^2=400)
Irregular points: 0 / 8400 (0%)
minusnumber: 0
[assemble] custom-point layout per patch:
  patch=0 uv.cols=20
  patch=1 uv.cols=30
  patch=2 uv.cols=20
  patch=3 uv.cols=30
  patch=4 uv.cols=20
  patch=5 uv.cols=20
  patch=6 uv.cols=20
  patch=7 uv.cols=20
  patch=8 uv.cols=20
  patch=9 uv.cols=30
  patch=10 uv.cols=20
  patch=11 uv.cols=30
  patch=12 uv.cols=20
  patch=13 uv.cols=30
  patch=14 uv.cols=20
  patch=15 uv.cols=30
  patch=16 uv.cols=20
  patch=17 uv.cols=20
  patch=18 uv.cols=20
  patch=19 uv.cols=20
  patch=20 uv.cols=20
[assemble] resize A_mat(480,721), b_vec(480,2)
[assemble] after resize: A_mat.rows=480 cols=721 b_vec.rows=480 cols=2
Global fitting error stats: max=2.58184e-14, rms=6.2813e-15, samples=2100, maxAtPatch=2, maxAtLocalPoint=27
Global fitting max sample: uv=(0.777778,0.222222), xFit=(1.971,4.47043), target=(1.971,4.47043)
globalError: 2.58184e-14
featureError: 2.18689e-14
assemblyBoundaryError: 2.18689e-14
minusnumber: 0
Success! iteration = 1, coarselevel = 2
TOTALSIZE: 51
ACCEPTEDSIZE: 51
4	4	8	8	
2	0	4	2	
2	6	4	8	
1	0	2	3	
0	0	1	4	
nonCheckedCells.size() has become: 5
[geo-coarsen] useGeo=1 cells=8 firstIndex=5 firstBox=[2,2,3,3]
[geo-coarsen] useGeo=1 cells=4 firstIndex=4 firstBox=[3,2,4,3]
[geo-coarsen] useGeo=1 cells=16 firstIndex=10 firstBox=[1,1,2,2]
[geo-coarsen] useGeo=1 cells=24 firstIndex=14 firstBox=[1,0,2,1]
[geo-coarsen] useGeo=1 cells=4 firstIndex=0 firstBox=[3,3,4,4]
[geo-coarsen] useGeo=1 cells=4 firstIndex=0 firstBox=[3,3,4,4]
[geo-coarsen] useGeo=1 cells=20 firstIndex=11 firstBox=[0,1,1,2]
[coarsen-group] size=4 patches: 5 9 18 19 delta=0.2
[geo-coarsen] useGeo=1 cells=8 firstIndex=5 firstBox=[2,2,3,3]
CREATE C BOX:
ourBOX is 
3 4 4 8 8 
CREATE C BOX:
ourBOX is 
3 6 4 8 6 

=== Box Consistency Check ===
Patch 5 has 8 boxes

Box domains:
Box 0: u=[0.5, 0.75] x v=[0.5, 0.75] (area=0.0625)
Box 1: u=[0.5, 1] x v=[0, 0.5] (area=0.25)
Box 2: u=[0.25, 0.5] x v=[0.75, 1] (area=0.0625)
Box 3: u=[0.25, 0.5] x v=[0, 0.75] (area=0.1875)
Box 4: u=[0, 0.25] x v=[0, 1] (area=0.25)
Box 5: u=[0.5, 0.75] x v=[0.75, 1] (area=0.0625)
Box 6: u=[0.75, 1] x v=[0.5, 0.75] (area=0.0625)
Box 7: u=[0.75, 1] x v=[0.75, 1] (area=0.0625)

Checking for overlaps:
  No overlaps detected (boundaries may touch)

Total area covered: 1 (target: 1.0)

SUCCESS: Boxes are consistent (no overlaps, full coverage)
Truncated basis of dimension 2,
levels=1, size=9, tree_nodes=1).
Domain: [0 0]..[1 1].
Size per level: 9 

0; 2; 2; 2; 3; 3; 
1; 2; 2; 0; 4; 2; 
2; 3; 2; 6; 4; 8; 
3; 2; 1; 0; 2; 3; 
4; 2; 0; 0; 1; 4; 
5; 3; 4; 6; 6; 8; 
6; 2; 3; 2; 4; 3; 
7; 3; 6; 6; 8; 8; 
3 2 6 8 8
2 2 0 4 3
2 1 2 2 3
2 0 2 1 4
2 0 0 2 2
Truncated basis of dimension 2,
levels=4, size=45, tree_nodes=7).
Domain: [0 0]..[1 1].
Size per level: 0 0 33 12 

[primary coarsen] patch=5 cells=8 THBsize=45
CREATE C BOX:
ourBOX is 
3 6 0 8 8 
[co-patch coarsen] patch=9 RTH=1
[co-patch coarsen] patch=9 THBsize=45
CREATE C BOX:
ourBOX is 
3 6 2 8 8 
[co-patch coarsen] patch=18 RTH=1
[co-patch coarsen] patch=18 THBsize=40
CREATE C BOX:
ourBOX is 
3 0 6 8 8 
[co-patch coarsen] patch=19 RTH=1
[co-patch coarsen] patch=19 THBsize=45
0 1 1 1 1 0 1 1 1 1 1 1 1 1 1 1 1 1 1 1 1 1 1 1 1 1 1 1 1 1 1 1 1 1 1 1 1 1 1 1 1 1 1 1 1
creating the index mapping
thbToBellsMapping[patch].size(): 36
thbToBellsMapping[patch].size(): 36
thbToBellsMapping[patch].size(): 36
thbToBellsMapping[patch].size(): 36
thbToBellsMapping[patch].size(): 36
thbToBellsMapping[patch].size(): 45
thbToBellsMapping[patch].size(): 36
thbToBellsMapping[patch].size(): 36
thbToBellsMapping[patch].size(): 36
thbToBellsMapping[patch].size(): 45
thbToBellsMapping[patch].size(): 36
thbToBellsMapping[patch].size(): 36
thbToBellsMapping[patch].size(): 36
thbToBellsMapping[patch].size(): 36
thbToBellsMapping[patch].size(): 36
thbToBellsMapping[patch].size(): 36
thbToBellsMapping[patch].size(): 60
thbToBellsMapping[patch].size(): 48
thbToBellsMapping[patch].size(): 40
thbToBellsMapping[patch].size(): 45
thbToBellsMapping[patch].size(): 48
[mapPrev] newSize=692 carried=689 new(zero)=3
[mpbes-init] vectSol assigned from prevSol patch=5 levNow=2 attempt=7 rows=692 cols=2 nonZeroRows=689
[fitting-mode] attempt context: mode=globalFitting patch=5 levNow=2 attempt=7
[local-region] attempt context: patch=5 levNow=2 attempt=7 lambda=0 basisSelected=0/0 uvBefore=2100 uvAfter=2100
[assemble] custom-point layout per patch:
  patch=0 uv.cols=100
  patch=1 uv.cols=100
  patch=2 uv.cols=100
  patch=3 uv.cols=100
  patch=4 uv.cols=100
  patch=5 uv.cols=100
  patch=6 uv.cols=100
  patch=7 uv.cols=100
  patch=8 uv.cols=100
  patch=9 uv.cols=100
  patch=10 uv.cols=100
  patch=11 uv.cols=100
  patch=12 uv.cols=100
  patch=13 uv.cols=100
  patch=14 uv.cols=100
  patch=15 uv.cols=100
  patch=16 uv.cols=100
  patch=17 uv.cols=100
  patch=18 uv.cols=100
  patch=19 uv.cols=100
  patch=20 uv.cols=100
[assemble] resize A_mat(2100,692), b_vec(2100,2)
[assemble] after resize: A_mat.rows=2100 cols=692 b_vec.rows=2100 cols=2
[assemble] mode=global A cols=692
[fit-solve] matA sparse rows=2100 cols=692 nonZeros=14359
[fit-solve] matA nonFiniteEntries=0
[fit-solve] column mapping source=identity/global
[fit-solve] dynamic column reduction: selected=692 / 692
[fit-solve] matA rows=2100 cols=692
[fit-solve] informative column reduction: selected=692 / 692
[fit-solve] matA_solve rows=2100 cols=692
[fit-solve] dropped active/global columns by informative reduction begin
[fit-solve] dropped active/global columns by informative reduction end
[fit-solve] vectB(before At*b) rows=2100 cols=2
[fit-solve] vectB(before At*b) nonFiniteEntries=0
[fit-solve] sparse AtA: 692x692 nnz=13544
fit took: 0.302875
[fit-solve] vectSol(after solve) rows=692 cols=2
[fit-solve] vectSol merge: seededFromOriginal=1 overwrittenRows=692 basisMaskApplied=0
[fit-solve] vectSol(after solve) nonFiniteEntries=0
Solve finished. vectSol.rows()=692, cols=2
matCbefore
1.77636e-14
matCafter
2.57572e-14
Total irregular points: 0
jack took: 0.205394 (pts/patch=20^2=400)
Irregular points: 0 / 8400 (0%)
minusnumber: 0
[assemble] custom-point layout per patch:
  patch=0 uv.cols=20
  patch=1 uv.cols=30
  patch=2 uv.cols=20
  patch=3 uv.cols=30
  patch=4 uv.cols=20
  patch=5 uv.cols=20
  patch=6 uv.cols=20
  patch=7 uv.cols=20
  patch=8 uv.cols=20
  patch=9 uv.cols=30
  patch=10 uv.cols=20
  patch=11 uv.cols=30
  patch=12 uv.cols=20
  patch=13 uv.cols=30
  patch=14 uv.cols=20
  patch=15 uv.cols=30
  patch=16 uv.cols=20
  patch=17 uv.cols=20
  patch=18 uv.cols=20
  patch=19 uv.cols=20
  patch=20 uv.cols=20
[assemble] resize A_mat(480,692), b_vec(480,2)
[assemble] after resize: A_mat.rows=480 cols=692 b_vec.rows=480 cols=2
Global fitting error stats: max=2.58527e-14, rms=6.25126e-15, samples=2100, maxAtPatch=2, maxAtLocalPoint=27
Global fitting max sample: uv=(0.777778,0.222222), xFit=(1.971,4.47043), target=(1.971,4.47043)
globalError: 2.58527e-14
featureError: 2.15418e-14
assemblyBoundaryError: 2.15418e-14
minusnumber: 0
Success! iteration = 1, coarselevel = 2
TOTALSIZE: 45
ACCEPTEDSIZE: 45
2	6	8	8	
2	0	4	3	
1	2	2	3	
0	2	1	4	
0	0	2	2	
nonCheckedCells.size() has become: 3
[geo-coarsen] useGeo=1 cells=4 firstIndex=2 firstBox=[1,3,2,4]
[geo-coarsen] useGeo=1 cells=12 firstIndex=8 firstBox=[3,1,4,2]
[geo-coarsen] useGeo=1 cells=16 firstIndex=10 firstBox=[1,1,2,2]
[geo-coarsen] useGeo=1 cells=24 firstIndex=14 firstBox=[1,0,2,1]
[geo-coarsen] useGeo=1 cells=8 firstIndex=8 firstBox=[3,1,4,2]
[geo-coarsen] useGeo=1 cells=8 firstIndex=2 firstBox=[1,3,2,4]
[geo-coarsen] useGeo=1 cells=20 firstIndex=11 firstBox=[0,1,1,2]
[coarsen-group] size=4 patches: 5 9 18 19 delta=0.2
[geo-coarsen] useGeo=1 cells=4 firstIndex=2 firstBox=[1,3,2,4]
CREATE C BOX:
ourBOX is 
3 2 6 8 8 

=== Box Consistency Check ===
Patch 5 has 6 boxes

Box domains:
Box 0: u=[0.25, 0.5] x v=[0.75, 1] (area=0.0625)
Box 1: u=[0.5, 1] x v=[0, 0.75] (area=0.375)
Box 2: u=[0.25, 0.5] x v=[0.5, 0.75] (area=0.0625)
Box 3: u=[0, 0.25] x v=[0.5, 1] (area=0.125)
Box 4: u=[0, 0.5] x v=[0, 0.5] (area=0.25)
Box 5: u=[0.5, 1] x v=[0.75, 1] (area=0.125)

Checking for overlaps:
  No overlaps detected (boundaries may touch)

Total area covered: 1 (target: 1.0)

SUCCESS: Boxes are consistent (no overlaps, full coverage)
Truncated basis of dimension 2,
levels=1, size=9, tree_nodes=1).
Domain: [0 0]..[1 1].
Size per level: 9 

0; 2; 1; 3; 2; 4; 
1; 2; 2; 0; 4; 3; 
2; 2; 1; 2; 2; 3; 
3; 2; 0; 2; 1; 4; 
4; 2; 0; 0; 2; 2; 
5; 3; 4; 6; 8; 8; 
3 4 6 8 8
2 2 0 4 3
2 0 0 2 4
Truncated basis of dimension 2,
levels=4, size=42, tree_nodes=7).
Domain: [0 0]..[1 1].
Size per level: 0 0 34 8 

[primary coarsen] patch=5 cells=4 THBsize=42
CREATE C BOX:
ourBOX is 
3 6 0 8 4 
CREATE C BOX:
ourBOX is 
3 6 6 8 8 
CREATE C BOX:
ourBOX is 
3 6 0 8 2 
[co-patch coarsen] patch=9 RTH=1
[co-patch coarsen] patch=9 THBsize=36
CREATE C BOX:
ourBOX is 
3 6 2 8 6 
CREATE C BOX:
ourBOX is 
3 6 4 8 6 
[co-patch coarsen] patch=18 RTH=1
[co-patch coarsen] patch=18 THBsize=36
CREATE C BOX:
ourBOX is 
3 0 6 6 8 
CREATE C BOX:
ourBOX is 
3 4 6 6 8 
[co-patch coarsen] patch=19 RTH=1
[co-patch coarsen] patch=19 THBsize=39
0 1 1 1 1 0 1 1 1 1 1 1 1 1 1 1 1 1 1 1 1 1 1 1 1 1 1 1 1 1 1 1 1 1 1 1 1 1 1 1 1 1
creating the index mapping
thbToBellsMapping[patch].size(): 36
thbToBellsMapping[patch].size(): 36
thbToBellsMapping[patch].size(): 36
thbToBellsMapping[patch].size(): 36
thbToBellsMapping[patch].size(): 36
thbToBellsMapping[patch].size(): 42
thbToBellsMapping[patch].size(): 36
thbToBellsMapping[patch].size(): 36
thbToBellsMapping[patch].size(): 36
thbToBellsMapping[patch].size(): 36
thbToBellsMapping[patch].size(): 36
thbToBellsMapping[patch].size(): 36
thbToBellsMapping[patch].size(): 36
thbToBellsMapping[patch].size(): 36
thbToBellsMapping[patch].size(): 36
thbToBellsMapping[patch].size(): 36
thbToBellsMapping[patch].size(): 60
thbToBellsMapping[patch].size(): 48
thbToBellsMapping[patch].size(): 36
thbToBellsMapping[patch].size(): 39
thbToBellsMapping[patch].size(): 48
[mapPrev] newSize=668 carried=666 new(zero)=2
[mpbes-init] vectSol assigned from prevSol patch=5 levNow=2 attempt=8 rows=668 cols=2 nonZeroRows=666
[fitting-mode] attempt context: mode=globalFitting patch=5 levNow=2 attempt=8
[local-region] attempt context: patch=5 levNow=2 attempt=8 lambda=0 basisSelected=0/0 uvBefore=2100 uvAfter=2100
[assemble] custom-point layout per patch:
  patch=0 uv.cols=100
  patch=1 uv.cols=100
  patch=2 uv.cols=100
  patch=3 uv.cols=100
  patch=4 uv.cols=100
  patch=5 uv.cols=100
  patch=6 uv.cols=100
  patch=7 uv.cols=100
  patch=8 uv.cols=100
  patch=9 uv.cols=100
  patch=10 uv.cols=100
  patch=11 uv.cols=100
  patch=12 uv.cols=100
  patch=13 uv.cols=100
  patch=14 uv.cols=100
  patch=15 uv.cols=100
  patch=16 uv.cols=100
  patch=17 uv.cols=100
  patch=18 uv.cols=100
  patch=19 uv.cols=100
  patch=20 uv.cols=100
[assemble] resize A_mat(2100,668), b_vec(2100,2)
[assemble] after resize: A_mat.rows=2100 cols=668 b_vec.rows=2100 cols=2
[assemble] mode=global A cols=668
[fit-solve] matA sparse rows=2100 cols=668 nonZeros=14309
[fit-solve] matA nonFiniteEntries=0
[fit-solve] column mapping source=identity/global
[fit-solve] dynamic column reduction: selected=668 / 668
[fit-solve] matA rows=2100 cols=668
[fit-solve] informative column reduction: selected=668 / 668
[fit-solve] matA_solve rows=2100 cols=668
[fit-solve] dropped active/global columns by informative reduction begin
[fit-solve] dropped active/global columns by informative reduction end
[fit-solve] vectB(before At*b) rows=2100 cols=2
[fit-solve] vectB(before At*b) nonFiniteEntries=0
[fit-solve] sparse AtA: 668x668 nnz=12990
fit took: 0.244844
[fit-solve] vectSol(after solve) rows=668 cols=2
[fit-solve] vectSol merge: seededFromOriginal=1 overwrittenRows=668 basisMaskApplied=0
[fit-solve] vectSol(after solve) nonFiniteEntries=0
Solve finished. vectSol.rows()=668, cols=2
matCbefore
1.42109e-14
matCafter
2.57572e-14
Total irregular points: 0
jack took: 0.155713 (pts/patch=20^2=400)
Irregular points: 0 / 8400 (0%)
minusnumber: 0
[assemble] custom-point layout per patch:
  patch=0 uv.cols=20
  patch=1 uv.cols=30
  patch=2 uv.cols=20
  patch=3 uv.cols=30
  patch=4 uv.cols=20
  patch=5 uv.cols=20
  patch=6 uv.cols=20
  patch=7 uv.cols=20
  patch=8 uv.cols=20
  patch=9 uv.cols=30
  patch=10 uv.cols=20
  patch=11 uv.cols=30
  patch=12 uv.cols=20
  patch=13 uv.cols=30
  patch=14 uv.cols=20
  patch=15 uv.cols=30
  patch=16 uv.cols=20
  patch=17 uv.cols=20
  patch=18 uv.cols=20
  patch=19 uv.cols=20
  patch=20 uv.cols=20
[assemble] resize A_mat(480,668), b_vec(480,2)
[assemble] after resize: A_mat.rows=480 cols=668 b_vec.rows=480 cols=2
Global fitting error stats: max=2.58527e-14, rms=6.23469e-15, samples=2100, maxAtPatch=2, maxAtLocalPoint=27
Global fitting max sample: uv=(0.777778,0.222222), xFit=(1.971,4.47043), target=(1.971,4.47043)
globalError: 2.58527e-14
featureError: 2.15418e-14
assemblyBoundaryError: 2.15418e-14
minusnumber: 0
Success! iteration = 1, coarselevel = 2
TOTALSIZE: 42
ACCEPTEDSIZE: 42
4	6	8	8	
2	0	4	3	
0	0	2	4	
nonCheckedCells.size() has become: 2
[geo-coarsen] useGeo=1 cells=8 firstIndex=1 firstBox=[2,3,3,4]
[geo-coarsen] useGeo=1 cells=16 firstIndex=10 firstBox=[1,1,2,2]
[geo-coarsen] useGeo=1 cells=24 firstIndex=14 firstBox=[1,0,2,1]
[geo-coarsen] useGeo=1 cells=4 firstIndex=3 firstBox=[0,3,1,4]
[geo-coarsen] useGeo=1 cells=20 firstIndex=11 firstBox=[0,1,1,2]
[coarsen-group] size=2 patches: 5 19 delta=0.2
[geo-coarsen] useGeo=1 cells=8 firstIndex=1 firstBox=[2,3,3,4]
CREATE C BOX:
ourBOX is 
3 4 6 8 8 
CREATE C BOX:
ourBOX is 
3 6 6 8 8 

=== Box Consistency Check ===
Patch 5 has 4 boxes

Box domains:
Box 0: u=[0.5, 0.75] x v=[0.75, 1] (area=0.0625)
Box 1: u=[0.5, 1] x v=[0, 0.75] (area=0.375)
Box 2: u=[0, 0.5] x v=[0, 1] (area=0.5)
Box 3: u=[0.75, 1] x v=[0.75, 1] (area=0.0625)

Checking for overlaps:
  No overlaps detected (boundaries may touch)

Total area covered: 1 (target: 1.0)

SUCCESS: Boxes are consistent (no overlaps, full coverage)
Truncated basis of dimension 2,
levels=1, size=9, tree_nodes=1).
Domain: [0 0]..[1 1].
Size per level: 9 

0; 2; 2; 3; 3; 4; 
1; 2; 2; 0; 4; 3; 
2; 2; 0; 0; 2; 4; 
3; 2; 3; 3; 4; 4; 
2 0 0 4 4
Truncated basis of dimension 2,
levels=3, size=36, tree_nodes=1).
Domain: [0 0]..[1 1].
Size per level: 0 0 36 

[primary coarsen] patch=5 cells=8 THBsize=36
CREATE C BOX:
ourBOX is 
3 0 6 2 8 
[co-patch coarsen] patch=19 RTH=1
[co-patch coarsen] patch=19 THBsize=36
0 1 1 1 1 0 1 1 1 1 1 1 1 1 1 1 1 1 1 1 1 1 1 1 1 1 1 1 1 1 1 1 1 1 1 1
creating the index mapping
thbToBellsMapping[patch].size(): 36
thbToBellsMapping[patch].size(): 36
thbToBellsMapping[patch].size(): 36
thbToBellsMapping[patch].size(): 36
thbToBellsMapping[patch].size(): 36
thbToBellsMapping[patch].size(): 36
thbToBellsMapping[patch].size(): 36
thbToBellsMapping[patch].size(): 36
thbToBellsMapping[patch].size(): 36
thbToBellsMapping[patch].size(): 36
thbToBellsMapping[patch].size(): 36
thbToBellsMapping[patch].size(): 36
thbToBellsMapping[patch].size(): 36
thbToBellsMapping[patch].size(): 36
thbToBellsMapping[patch].size(): 36
thbToBellsMapping[patch].size(): 36
thbToBellsMapping[patch].size(): 60
thbToBellsMapping[patch].size(): 48
thbToBellsMapping[patch].size(): 36
thbToBellsMapping[patch].size(): 36
thbToBellsMapping[patch].size(): 48
[mapPrev] newSize=660 carried=658 new(zero)=2
[mpbes-init] vectSol assigned from prevSol patch=5 levNow=2 attempt=9 rows=660 cols=2 nonZeroRows=658
[fitting-mode] attempt context: mode=globalFitting patch=5 levNow=2 attempt=9
[local-region] attempt context: patch=5 levNow=2 attempt=9 lambda=0 basisSelected=0/0 uvBefore=2100 uvAfter=2100
[assemble] custom-point layout per patch:
  patch=0 uv.cols=100
  patch=1 uv.cols=100
  patch=2 uv.cols=100
  patch=3 uv.cols=100
  patch=4 uv.cols=100
  patch=5 uv.cols=100
  patch=6 uv.cols=100
  patch=7 uv.cols=100
  patch=8 uv.cols=100
  patch=9 uv.cols=100
  patch=10 uv.cols=100
  patch=11 uv.cols=100
  patch=12 uv.cols=100
  patch=13 uv.cols=100
  patch=14 uv.cols=100
  patch=15 uv.cols=100
  patch=16 uv.cols=100
  patch=17 uv.cols=100
  patch=18 uv.cols=100
  patch=19 uv.cols=100
  patch=20 uv.cols=100
[assemble] resize A_mat(2100,660), b_vec(2100,2)
[assemble] after resize: A_mat.rows=2100 cols=660 b_vec.rows=2100 cols=2
[assemble] mode=global A cols=660
[fit-solve] matA sparse rows=2100 cols=660 nonZeros=14289
[fit-solve] matA nonFiniteEntries=0
[fit-solve] column mapping source=identity/global
[fit-solve] dynamic column reduction: selected=660 / 660
[fit-solve] matA rows=2100 cols=660
[fit-solve] informative column reduction: selected=660 / 660
[fit-solve] matA_solve rows=2100 cols=660
[fit-solve] dropped active/global columns by informative reduction begin
[fit-solve] dropped active/global columns by informative reduction end
[fit-solve] vectB(before At*b) rows=2100 cols=2
[fit-solve] vectB(before At*b) nonFiniteEntries=0
[fit-solve] sparse AtA: 660x660 nnz=12784
fit took: 0.248652
[fit-solve] vectSol(after solve) rows=660 cols=2
[fit-solve] vectSol merge: seededFromOriginal=1 overwrittenRows=660 basisMaskApplied=0
[fit-solve] vectSol(after solve) nonFiniteEntries=0
Solve finished. vectSol.rows()=660, cols=2
matCbefore
1.06581e-14
matCafter
2.57572e-14
Total irregular points: 0
jack took: 0.113352 (pts/patch=20^2=400)
Irregular points: 0 / 8400 (0%)
minusnumber: 0
[assemble] custom-point layout per patch:
  patch=0 uv.cols=20
  patch=1 uv.cols=30
  patch=2 uv.cols=20
  patch=3 uv.cols=30
  patch=4 uv.cols=20
  patch=5 uv.cols=20
  patch=6 uv.cols=20
  patch=7 uv.cols=20
  patch=8 uv.cols=20
  patch=9 uv.cols=30
  patch=10 uv.cols=20
  patch=11 uv.cols=30
  patch=12 uv.cols=20
  patch=13 uv.cols=30
  patch=14 uv.cols=20
  patch=15 uv.cols=30
  patch=16 uv.cols=20
  patch=17 uv.cols=20
  patch=18 uv.cols=20
  patch=19 uv.cols=20
  patch=20 uv.cols=20
[assemble] resize A_mat(480,660), b_vec(480,2)
[assemble] after resize: A_mat.rows=480 cols=660 b_vec.rows=480 cols=2
Global fitting error stats: max=2.58527e-14, rms=6.23479e-15, samples=2100, maxAtPatch=2, maxAtLocalPoint=27
Global fitting max sample: uv=(0.777778,0.222222), xFit=(1.971,4.47043), target=(1.971,4.47043)
globalError: 2.58527e-14
featureError: 2.15418e-14
assemblyBoundaryError: 2.15418e-14
minusnumber: 0
Success! iteration = 1, coarselevel = 2
TOTALSIZE: 36
ACCEPTEDSIZE: 36
0	0	4	4	
nonCheckedCells.size() has become: 0
[geo-coarsen] useGeo=1 cells=16 firstIndex=10 firstBox=[1,1,2,2]
[geo-coarsen] useGeo=1 cells=24 firstIndex=14 firstBox=[1,0,2,1]
[geo-coarsen] useGeo=1 cells=20 firstIndex=11 firstBox=[0,1,1,2]
[coarsen-group] size=3 patches: 16 17 20 delta=0.4
[geo-coarsen] useGeo=1 cells=16 firstIndex=10 firstBox=[1,1,2,2]
CREATE C BOX:
ourBOX is 
3 2 2 4 4 
CREATE C BOX:
ourBOX is 
3 4 2 8 6 
CREATE C BOX:
ourBOX is 
3 6 2 8 4 
CREATE C BOX:
ourBOX is 
3 6 4 8 6 

=== Box Consistency Check ===
Patch 16 has 9 boxes

Box domains:
Box 0: u=[0.5, 1] x v=[0.75, 1] (area=0.125)
Box 1: u=[0.5, 0.75] x v=[0.25, 0.5] (area=0.0625)
Box 2: u=[0.25, 1] x v=[0, 0.25] (area=0.1875)
Box 3: u=[0, 0.5] x v=[0.5, 1] (area=0.25)
Box 4: u=[0.25, 0.5] x v=[0.25, 0.5] (area=0.0625)
Box 5: u=[0, 0.25] x v=[0, 0.5] (area=0.125)
Box 6: u=[0.5, 0.75] x v=[0.5, 0.75] (area=0.0625)
Box 7: u=[0.75, 1] x v=[0.25, 0.5] (area=0.0625)
Box 8: u=[0.75, 1] x v=[0.5, 0.75] (area=0.0625)

Checking for overlaps:
  No overlaps detected (boundaries may touch)

Total area covered: 1 (target: 1.0)

SUCCESS: Boxes are consistent (no overlaps, full coverage)
Truncated basis of dimension 2,
levels=1, size=9, tree_nodes=1).
Domain: [0 0]..[1 1].
Size per level: 9 

0; 2; 2; 3; 4; 4; 
1; 2; 2; 1; 3; 2; 
2; 2; 1; 0; 4; 1; 
3; 3; 0; 4; 4; 8; 
4; 2; 1; 1; 2; 2; 
5; 2; 0; 0; 1; 2; 
6; 3; 4; 4; 6; 6; 
7; 2; 3; 1; 4; 2; 
8; 2; 3; 2; 4; 3; 
2 3 0 4 4
2 2 3 3 4
3 4 4 6 6
2 0 0 3 2
3 0 4 4 8
Truncated basis of dimension 2,
levels=4, size=48, tree_nodes=11).
Domain: [0 0]..[1 1].
Size per level: 0 0 32 16 

[primary coarsen] patch=16 cells=16 THBsize=48
CREATE C BOX:
ourBOX is 
3 0 0 4 4 
CREATE C BOX:
ourBOX is 
3 4 2 8 4 
CREATE C BOX:
ourBOX is 
3 6 2 8 4 
CREATE C BOX:
ourBOX is 
3 2 2 4 4 
CREATE C BOX:
ourBOX is 
3 0 0 2 2 
CREATE C BOX:
ourBOX is 
3 0 2 2 4 
[co-patch coarsen] patch=17 RTH=1
[co-patch coarsen] patch=17 THBsize=36
CREATE C BOX:
ourBOX is 
3 0 0 4 4 
CREATE C BOX:
ourBOX is 
3 4 2 8 4 
CREATE C BOX:
ourBOX is 
3 4 2 6 4 
CREATE C BOX:
ourBOX is 
3 2 2 4 4 
CREATE C BOX:
ourBOX is 
3 2 0 4 2 
[co-patch coarsen] patch=20 RTH=1
[co-patch coarsen] patch=20 THBsize=39
0 1 1 1 1 0 1 1 1 1 1 1 1 1 1 1 1 1 1 1 1 1 1 1 1 1 1 1 1 1 1 1 1 1 1 1 1 1 1 1 1 1 1 1 1 1 1 1
creating the index mapping
thbToBellsMapping[patch].size(): 36
thbToBellsMapping[patch].size(): 36
thbToBellsMapping[patch].size(): 36
thbToBellsMapping[patch].size(): 36
thbToBellsMapping[patch].size(): 36
thbToBellsMapping[patch].size(): 36
thbToBellsMapping[patch].size(): 36
thbToBellsMapping[patch].size(): 36
thbToBellsMapping[patch].size(): 36
thbToBellsMapping[patch].size(): 36
thbToBellsMapping[patch].size(): 36
thbToBellsMapping[patch].size(): 36
thbToBellsMapping[patch].size(): 36
thbToBellsMapping[patch].size(): 36
thbToBellsMapping[patch].size(): 36
thbToBellsMapping[patch].size(): 36
thbToBellsMapping[patch].size(): 48
thbToBellsMapping[patch].size(): 36
thbToBellsMapping[patch].size(): 36
thbToBellsMapping[patch].size(): 36
thbToBellsMapping[patch].size(): 39
[mapPrev] newSize=630 carried=624 new(zero)=6
[mpbes-init] vectSol assigned from prevSol patch=16 levNow=2 attempt=10 rows=630 cols=2 nonZeroRows=624
[fitting-mode] attempt context: mode=globalFitting patch=16 levNow=2 attempt=10
[local-region] attempt context: patch=16 levNow=2 attempt=10 lambda=0 basisSelected=0/0 uvBefore=2100 uvAfter=2100
[assemble] custom-point layout per patch:
  patch=0 uv.cols=100
  patch=1 uv.cols=100
  patch=2 uv.cols=100
  patch=3 uv.cols=100
  patch=4 uv.cols=100
  patch=5 uv.cols=100
  patch=6 uv.cols=100
  patch=7 uv.cols=100
  patch=8 uv.cols=100
  patch=9 uv.cols=100
  patch=10 uv.cols=100
  patch=11 uv.cols=100
  patch=12 uv.cols=100
  patch=13 uv.cols=100
  patch=14 uv.cols=100
  patch=15 uv.cols=100
  patch=16 uv.cols=100
  patch=17 uv.cols=100
  patch=18 uv.cols=100
  patch=19 uv.cols=100
  patch=20 uv.cols=100
[assemble] resize A_mat(2100,630), b_vec(2100,2)
[assemble] after resize: A_mat.rows=2100 cols=630 b_vec.rows=2100 cols=2
[assemble] mode=global A cols=630
[fit-solve] matA sparse rows=2100 cols=630 nonZeros=14222
[fit-solve] matA nonFiniteEntries=0
[fit-solve] column mapping source=identity/global
[fit-solve] dynamic column reduction: selected=630 / 630
[fit-solve] matA rows=2100 cols=630
[fit-solve] informative column reduction: selected=630 / 630
[fit-solve] matA_solve rows=2100 cols=630
[fit-solve] dropped active/global columns by informative reduction begin
[fit-solve] dropped active/global columns by informative reduction end
[fit-solve] vectB(before At*b) rows=2100 cols=2
[fit-solve] vectB(before At*b) nonFiniteEntries=0
[fit-solve] sparse AtA: 630x630 nnz=11894
fit took: 0.214864
[fit-solve] vectSol(after solve) rows=630 cols=2
[fit-solve] vectSol merge: seededFromOriginal=1 overwrittenRows=630 basisMaskApplied=0
[fit-solve] vectSol(after solve) nonFiniteEntries=0
Solve finished. vectSol.rows()=630, cols=2
matCbefore
1.06581e-14
matCafter
2.4869e-14
Total irregular points: 0
jack took: 0.0715999 (pts/patch=20^2=400)
Irregular points: 0 / 8400 (0%)
minusnumber: 0
[assemble] custom-point layout per patch:
  patch=0 uv.cols=20
  patch=1 uv.cols=30
  patch=2 uv.cols=20
  patch=3 uv.cols=30
  patch=4 uv.cols=20
  patch=5 uv.cols=20
  patch=6 uv.cols=20
  patch=7 uv.cols=20
  patch=8 uv.cols=20
  patch=9 uv.cols=30
  patch=10 uv.cols=20
  patch=11 uv.cols=30
  patch=12 uv.cols=20
  patch=13 uv.cols=30
  patch=14 uv.cols=20
  patch=15 uv.cols=30
  patch=16 uv.cols=20
  patch=17 uv.cols=20
  patch=18 uv.cols=20
  patch=19 uv.cols=20
  patch=20 uv.cols=20
[assemble] resize A_mat(480,630), b_vec(480,2)
[assemble] after resize: A_mat.rows=480 cols=630 b_vec.rows=480 cols=2
Global fitting error stats: max=2.49679e-14, rms=6.2725e-15, samples=2100, maxAtPatch=2, maxAtLocalPoint=27
Global fitting max sample: uv=(0.777778,0.222222), xFit=(1.971,4.47043), target=(1.971,4.47043)
globalError: 2.49679e-14
featureError: 2.15418e-14
assemblyBoundaryError: 2.15418e-14
minusnumber: 0
Success! iteration = 1, coarselevel = 2
TOTALSIZE: 48
ACCEPTEDSIZE: 48
3	0	4	4	
2	3	3	4	
4	4	6	6	
0	0	3	2	
0	4	4	8	
nonCheckedCells.size() has become: 5
[geo-coarsen] useGeo=1 cells=4 firstIndex=5 firstBox=[2,2,3,3]
[geo-coarsen] useGeo=1 cells=4 firstIndex=15 firstBox=[0,0,1,1]
[coarsen-group] size=2 patches: 16 20 delta=0.2
[geo-coarsen] useGeo=1 cells=4 firstIndex=5 firstBox=[2,2,3,3]
CREATE C BOX:
ourBOX is 
3 4 4 6 6 

=== Box Consistency Check ===
Patch 16 has 5 boxes

Box domains:
Box 0: u=[0.75, 1] x v=[0, 1] (area=0.25)
Box 1: u=[0.5, 0.75] x v=[0.75, 1] (area=0.0625)
Box 2: u=[0.5, 0.75] x v=[0.5, 0.75] (area=0.0625)
Box 3: u=[0, 0.75] x v=[0, 0.5] (area=0.375)
Box 4: u=[0, 0.5] x v=[0.5, 1] (area=0.25)

Checking for overlaps:
  No overlaps detected (boundaries may touch)

Total area covered: 1 (target: 1.0)

SUCCESS: Boxes are consistent (no overlaps, full coverage)
Truncated basis of dimension 2,
levels=1, size=9, tree_nodes=1).
Domain: [0 0]..[1 1].
Size per level: 9 

0; 2; 3; 0; 4; 4; 
1; 2; 2; 3; 3; 4; 
2; 2; 2; 2; 3; 3; 
3; 2; 0; 0; 3; 2; 
4; 3; 0; 4; 4; 8; 
2 2 0 4 4
3 0 4 4 8
2 0 0 2 2
Truncated basis of dimension 2,
levels=4, size=48, tree_nodes=5).
Domain: [0 0]..[1 1].
Size per level: 0 0 32 16 

[primary coarsen] patch=16 cells=4 THBsize=48
CREATE C BOX:
ourBOX is 
3 0 0 2 2 
[co-patch coarsen] patch=20 RTH=1
[co-patch coarsen] patch=20 THBsize=36
0 1 1 1 1 0 1 1 1 1 1 1 1 1 1 1 1 1 1 1 1 1 1 1 1 1 1 1 1 1 1 1 1 1 1 1 1 1 1 1 1 1 1 1 1 1 1 1
creating the index mapping
thbToBellsMapping[patch].size(): 36
thbToBellsMapping[patch].size(): 36
thbToBellsMapping[patch].size(): 36
thbToBellsMapping[patch].size(): 36
thbToBellsMapping[patch].size(): 36
thbToBellsMapping[patch].size(): 36
thbToBellsMapping[patch].size(): 36
thbToBellsMapping[patch].size(): 36
thbToBellsMapping[patch].size(): 36
thbToBellsMapping[patch].size(): 36
thbToBellsMapping[patch].size(): 36
thbToBellsMapping[patch].size(): 36
thbToBellsMapping[patch].size(): 36
thbToBellsMapping[patch].size(): 36
thbToBellsMapping[patch].size(): 36
thbToBellsMapping[patch].size(): 36
thbToBellsMapping[patch].size(): 48
thbToBellsMapping[patch].size(): 36
thbToBellsMapping[patch].size(): 36
thbToBellsMapping[patch].size(): 36
thbToBellsMapping[patch].size(): 36
[mapPrev] newSize=626 carried=626 new(zero)=0
[mpbes-init] vectSol assigned from prevSol patch=16 levNow=2 attempt=11 rows=626 cols=2 nonZeroRows=626
[fitting-mode] attempt context: mode=globalFitting patch=16 levNow=2 attempt=11
[local-region] attempt context: patch=16 levNow=2 attempt=11 lambda=0 basisSelected=0/0 uvBefore=2100 uvAfter=2100
[assemble] custom-point layout per patch:
  patch=0 uv.cols=100
  patch=1 uv.cols=100
  patch=2 uv.cols=100
  patch=3 uv.cols=100
  patch=4 uv.cols=100
  patch=5 uv.cols=100
  patch=6 uv.cols=100
  patch=7 uv.cols=100
  patch=8 uv.cols=100
  patch=9 uv.cols=100
  patch=10 uv.cols=100
  patch=11 uv.cols=100
  patch=12 uv.cols=100
  patch=13 uv.cols=100
  patch=14 uv.cols=100
  patch=15 uv.cols=100
  patch=16 uv.cols=100
  patch=17 uv.cols=100
  patch=18 uv.cols=100
  patch=19 uv.cols=100
  patch=20 uv.cols=100
[assemble] resize A_mat(2100,626), b_vec(2100,2)
[assemble] after resize: A_mat.rows=2100 cols=626 b_vec.rows=2100 cols=2
[assemble] mode=global A cols=626
[fit-solve] matA sparse rows=2100 cols=626 nonZeros=14215
[fit-solve] matA nonFiniteEntries=0
[fit-solve] column mapping source=identity/global
[fit-solve] dynamic column reduction: selected=626 / 626
[fit-solve] matA rows=2100 cols=626
[fit-solve] informative column reduction: selected=626 / 626
[fit-solve] matA_solve rows=2100 cols=626
[fit-solve] dropped active/global columns by informative reduction begin
[fit-solve] dropped active/global columns by informative reduction end
[fit-solve] vectB(before At*b) rows=2100 cols=2
[fit-solve] vectB(before At*b) nonFiniteEntries=0
[fit-solve] sparse AtA: 626x626 nnz=11826
fit took: 0.241851
[fit-solve] vectSol(after solve) rows=626 cols=2
[fit-solve] vectSol merge: seededFromOriginal=1 overwrittenRows=626 basisMaskApplied=0
[fit-solve] vectSol(after solve) nonFiniteEntries=0
Solve finished. vectSol.rows()=626, cols=2
matCbefore
1.06581e-14
matCafter
2.4869e-14
Total irregular points: 0
jack took: 0.0474284 (pts/patch=20^2=400)
Irregular points: 0 / 8400 (0%)
minusnumber: 0
[assemble] custom-point layout per patch:
  patch=0 uv.cols=20
  patch=1 uv.cols=30
  patch=2 uv.cols=20
  patch=3 uv.cols=30
  patch=4 uv.cols=20
  patch=5 uv.cols=20
  patch=6 uv.cols=20
  patch=7 uv.cols=20
  patch=8 uv.cols=20
  patch=9 uv.cols=30
  patch=10 uv.cols=20
  patch=11 uv.cols=30
  patch=12 uv.cols=20
  patch=13 uv.cols=30
  patch=14 uv.cols=20
  patch=15 uv.cols=30
  patch=16 uv.cols=20
  patch=17 uv.cols=20
  patch=18 uv.cols=20
  patch=19 uv.cols=20
  patch=20 uv.cols=20
[assemble] resize A_mat(480,626), b_vec(480,2)
[assemble] after resize: A_mat.rows=480 cols=626 b_vec.rows=480 cols=2
Global fitting error stats: max=2.49679e-14, rms=6.27851e-15, samples=2100, maxAtPatch=2, maxAtLocalPoint=27
Global fitting max sample: uv=(0.777778,0.222222), xFit=(1.971,4.47043), target=(1.971,4.47043)
globalError: 2.49679e-14
featureError: 2.15418e-14
assemblyBoundaryError: 2.15418e-14
minusnumber: 0
Success! iteration = 1, coarselevel = 2
TOTALSIZE: 48
ACCEPTEDSIZE: 48
2	0	4	4	
0	4	4	8	
0	0	2	2	
nonCheckedCells.size() has become: 4
[geo-coarsen] useGeo=1 cells=4 firstIndex=2 firstBox=[1,3,2,4]
[geo-coarsen] useGeo=1 cells=4 firstIndex=2 firstBox=[1,3,2,4]
CREATE C BOX:
ourBOX is 
3 0 4 4 8 

=== Box Consistency Check ===
Patch 16 has 6 boxes

Box domains:
Box 0: u=[0.5, 1] x v=[0, 1] (area=0.5)
Box 1: u=[0.25, 0.5] x v=[0.75, 1] (area=0.0625)
Box 2: u=[0, 0.5] x v=[0, 0.5] (area=0.25)
Box 3: u=[0, 0.25] x v=[0.5, 0.75] (area=0.0625)
Box 4: u=[0, 0.25] x v=[0.75, 1] (area=0.0625)
Box 5: u=[0.25, 0.5] x v=[0.5, 0.75] (area=0.0625)

Checking for overlaps:
  No overlaps detected (boundaries may touch)

Total area covered: 1 (target: 1.0)

SUCCESS: Boxes are consistent (no overlaps, full coverage)
Truncated basis of dimension 2,
levels=1, size=9, tree_nodes=1).
Domain: [0 0]..[1 1].
Size per level: 9 

0; 2; 2; 0; 4; 4; 
1; 2; 1; 3; 2; 4; 
2; 2; 0; 0; 2; 2; 
3; 3; 0; 4; 2; 6; 
4; 3; 0; 6; 2; 8; 
5; 3; 2; 4; 4; 6; 
2 2 0 4 4
2 1 3 2 4
3 2 4 4 6
2 0 0 2 2
3 0 4 2 8
Truncated basis of dimension 2,
levels=4, size=42, tree_nodes=9).
Domain: [0 0]..[1 1].
Size per level: 0 0 34 8 

[primary coarsen] patch=16 cells=4 THBsize=42
0 1 1 1 1 0 1 1 1 1 1 1 1 1 1 1 1 1 1 1 1 1 1 1 1 1 1 1 1 1 1 1 1 1 1 1 1 1 1 1 1 1
creating the index mapping
thbToBellsMapping[patch].size(): 36
thbToBellsMapping[patch].size(): 36
thbToBellsMapping[patch].size(): 36
thbToBellsMapping[patch].size(): 36
thbToBellsMapping[patch].size(): 36
thbToBellsMapping[patch].size(): 36
thbToBellsMapping[patch].size(): 36
thbToBellsMapping[patch].size(): 36
thbToBellsMapping[patch].size(): 36
thbToBellsMapping[patch].size(): 36
thbToBellsMapping[patch].size(): 36
thbToBellsMapping[patch].size(): 36
thbToBellsMapping[patch].size(): 36
thbToBellsMapping[patch].size(): 36
thbToBellsMapping[patch].size(): 36
thbToBellsMapping[patch].size(): 36
thbToBellsMapping[patch].size(): 42
thbToBellsMapping[patch].size(): 36
thbToBellsMapping[patch].size(): 36
thbToBellsMapping[patch].size(): 36
thbToBellsMapping[patch].size(): 36
[mapPrev] newSize=619 carried=618 new(zero)=1
[mpbes-init] vectSol assigned from prevSol patch=16 levNow=2 attempt=12 rows=619 cols=2 nonZeroRows=618
[fitting-mode] attempt context: mode=globalFitting patch=16 levNow=2 attempt=12
[local-region] attempt context: patch=16 levNow=2 attempt=12 lambda=0 basisSelected=0/0 uvBefore=2100 uvAfter=2100
[assemble] custom-point layout per patch:
  patch=0 uv.cols=100
  patch=1 uv.cols=100
  patch=2 uv.cols=100
  patch=3 uv.cols=100
  patch=4 uv.cols=100
  patch=5 uv.cols=100
  patch=6 uv.cols=100
  patch=7 uv.cols=100
  patch=8 uv.cols=100
  patch=9 uv.cols=100
  patch=10 uv.cols=100
  patch=11 uv.cols=100
  patch=12 uv.cols=100
  patch=13 uv.cols=100
  patch=14 uv.cols=100
  patch=15 uv.cols=100
  patch=16 uv.cols=100
  patch=17 uv.cols=100
  patch=18 uv.cols=100
  patch=19 uv.cols=100
  patch=20 uv.cols=100
[assemble] resize A_mat(2100,619), b_vec(2100,2)
[assemble] after resize: A_mat.rows=2100 cols=619 b_vec.rows=2100 cols=2
[assemble] mode=global A cols=619
[fit-solve] matA sparse rows=2100 cols=619 nonZeros=14209
[fit-solve] matA nonFiniteEntries=0
[fit-solve] column mapping source=identity/global
[fit-solve] dynamic column reduction: selected=619 / 619
[fit-solve] matA rows=2100 cols=619
[fit-solve] informative column reduction: selected=619 / 619
[fit-solve] matA_solve rows=2100 cols=619
[fit-solve] dropped active/global columns by informative reduction begin
[fit-solve] dropped active/global columns by informative reduction end
[fit-solve] vectB(before At*b) rows=2100 cols=2
[fit-solve] vectB(before At*b) nonFiniteEntries=0
[fit-solve] sparse AtA: 619x619 nnz=11667
fit took: 0.230246
[fit-solve] vectSol(after solve) rows=619 cols=2
[fit-solve] vectSol merge: seededFromOriginal=1 overwrittenRows=619 basisMaskApplied=0
[fit-solve] vectSol(after solve) nonFiniteEntries=0
Solve finished. vectSol.rows()=619, cols=2
matCbefore
1.06581e-14
matCafter
2.4869e-14
Total irregular points: 0
jack took: 0.0491372 (pts/patch=20^2=400)
Irregular points: 0 / 8400 (0%)
minusnumber: 0
[assemble] custom-point layout per patch:
  patch=0 uv.cols=20
  patch=1 uv.cols=30
  patch=2 uv.cols=20
  patch=3 uv.cols=30
  patch=4 uv.cols=20
  patch=5 uv.cols=20
  patch=6 uv.cols=20
  patch=7 uv.cols=20
  patch=8 uv.cols=20
  patch=9 uv.cols=30
  patch=10 uv.cols=20
  patch=11 uv.cols=30
  patch=12 uv.cols=20
  patch=13 uv.cols=30
  patch=14 uv.cols=20
  patch=15 uv.cols=30
  patch=16 uv.cols=20
  patch=17 uv.cols=20
  patch=18 uv.cols=20
  patch=19 uv.cols=20
  patch=20 uv.cols=20
[assemble] resize A_mat(480,619), b_vec(480,2)
[assemble] after resize: A_mat.rows=480 cols=619 b_vec.rows=480 cols=2
Global fitting error stats: max=2.49679e-14, rms=6.2694e-15, samples=2100, maxAtPatch=2, maxAtLocalPoint=27
Global fitting max sample: uv=(0.777778,0.222222), xFit=(1.971,4.47043), target=(1.971,4.47043)
globalError: 2.49679e-14
featureError: 2.15418e-14
assemblyBoundaryError: 2.15418e-14
minusnumber: 0
Success! iteration = 1, coarselevel = 2
TOTALSIZE: 42
ACCEPTEDSIZE: 42
2	0	4	4	
1	3	2	4	
2	4	4	6	
0	0	2	2	
0	4	2	8	
nonCheckedCells.size() has become: 3
[geo-coarsen] useGeo=1 cells=8 firstIndex=3 firstBox=[0,3,1,4]
[geo-coarsen] useGeo=1 cells=8 firstIndex=3 firstBox=[0,3,1,4]
CREATE C BOX:
ourBOX is 
3 0 4 2 8 
CREATE C BOX:
ourBOX is 
3 2 4 4 6 

=== Box Consistency Check ===
Patch 16 has 6 boxes

Box domains:
Box 0: u=[0.5, 1] x v=[0, 1] (area=0.5)
Box 1: u=[0.25, 0.5] x v=[0.75, 1] (area=0.0625)
Box 2: u=[0.25, 0.5] x v=[0.5, 0.75] (area=0.0625)
Box 3: u=[0, 0.5] x v=[0, 0.5] (area=0.25)
Box 4: u=[0, 0.25] x v=[0.75, 1] (area=0.0625)
Box 5: u=[0, 0.25] x v=[0.5, 0.75] (area=0.0625)

Checking for overlaps:
  No overlaps detected (boundaries may touch)

Total area covered: 1 (target: 1.0)

SUCCESS: Boxes are consistent (no overlaps, full coverage)
Truncated basis of dimension 2,
levels=1, size=9, tree_nodes=1).
Domain: [0 0]..[1 1].
Size per level: 9 

0; 2; 2; 0; 4; 4; 
1; 2; 1; 3; 2; 4; 
2; 2; 1; 2; 2; 3; 
3; 2; 0; 0; 2; 2; 
4; 2; 0; 3; 1; 4; 
5; 3; 0; 4; 2; 6; 
2 1 0 4 4
2 0 3 1 4
3 0 4 2 6
2 0 0 1 2
Truncated basis of dimension 2,
levels=4, size=36, tree_nodes=7).
Domain: [0 0]..[1 1].
Size per level: 0 0 36 0 

[primary coarsen] patch=16 cells=8 THBsize=36
0 1 1 1 1 0 1 1 1 1 1 1 1 1 1 1 1 1 1 1 1 1 1 1 1 1 1 1 1 1 1 1 1 1 1 1
creating the index mapping
thbToBellsMapping[patch].size(): 36
thbToBellsMapping[patch].size(): 36
thbToBellsMapping[patch].size(): 36
thbToBellsMapping[patch].size(): 36
thbToBellsMapping[patch].size(): 36
thbToBellsMapping[patch].size(): 36
thbToBellsMapping[patch].size(): 36
thbToBellsMapping[patch].size(): 36
thbToBellsMapping[patch].size(): 36
thbToBellsMapping[patch].size(): 36
thbToBellsMapping[patch].size(): 36
thbToBellsMapping[patch].size(): 36
thbToBellsMapping[patch].size(): 36
thbToBellsMapping[patch].size(): 36
thbToBellsMapping[patch].size(): 36
thbToBellsMapping[patch].size(): 36
thbToBellsMapping[patch].size(): 36
thbToBellsMapping[patch].size(): 36
thbToBellsMapping[patch].size(): 36
thbToBellsMapping[patch].size(): 36
thbToBellsMapping[patch].size(): 36
[mapPrev] newSize=612 carried=611 new(zero)=1
[mpbes-init] vectSol assigned from prevSol patch=16 levNow=2 attempt=13 rows=612 cols=2 nonZeroRows=611
[fitting-mode] attempt context: mode=globalFitting patch=16 levNow=2 attempt=13
[local-region] attempt context: patch=16 levNow=2 attempt=13 lambda=0 basisSelected=0/0 uvBefore=2100 uvAfter=2100
[assemble] custom-point layout per patch:
  patch=0 uv.cols=100
  patch=1 uv.cols=100
  patch=2 uv.cols=100
  patch=3 uv.cols=100
  patch=4 uv.cols=100
  patch=5 uv.cols=100
  patch=6 uv.cols=100
  patch=7 uv.cols=100
  patch=8 uv.cols=100
  patch=9 uv.cols=100
  patch=10 uv.cols=100
  patch=11 uv.cols=100
  patch=12 uv.cols=100
  patch=13 uv.cols=100
  patch=14 uv.cols=100
  patch=15 uv.cols=100
  patch=16 uv.cols=100
  patch=17 uv.cols=100
  patch=18 uv.cols=100
  patch=19 uv.cols=100
  patch=20 uv.cols=100
[assemble] resize A_mat(2100,612), b_vec(2100,2)
[assemble] after resize: A_mat.rows=2100 cols=612 b_vec.rows=2100 cols=2
[assemble] mode=global A cols=612
[fit-solve] matA sparse rows=2100 cols=612 nonZeros=14196
[fit-solve] matA nonFiniteEntries=0
[fit-solve] column mapping source=identity/global
[fit-solve] dynamic column reduction: selected=612 / 612
[fit-solve] matA rows=2100 cols=612
[fit-solve] informative column reduction: selected=612 / 612
[fit-solve] matA_solve rows=2100 cols=612
[fit-solve] dropped active/global columns by informative reduction begin
[fit-solve] dropped active/global columns by informative reduction end
[fit-solve] vectB(before At*b) rows=2100 cols=2
[fit-solve] vectB(before At*b) nonFiniteEntries=0
[fit-solve] sparse AtA: 612x612 nnz=11520
fit took: 0.256506
[fit-solve] vectSol(after solve) rows=612 cols=2
[fit-solve] vectSol merge: seededFromOriginal=1 overwrittenRows=612 basisMaskApplied=0
[fit-solve] vectSol(after solve) nonFiniteEntries=0
Solve finished. vectSol.rows()=612, cols=2
matCbefore
1.06581e-14
matCafter
2.4869e-14
Total irregular points: 0
jack took: 0.0462868 (pts/patch=20^2=400)
Irregular points: 0 / 8400 (0%)
minusnumber: 0
[assemble] custom-point layout per patch:
  patch=0 uv.cols=20
  patch=1 uv.cols=30
  patch=2 uv.cols=20
  patch=3 uv.cols=30
  patch=4 uv.cols=20
  patch=5 uv.cols=20
  patch=6 uv.cols=20
  patch=7 uv.cols=20
  patch=8 uv.cols=20
  patch=9 uv.cols=30
  patch=10 uv.cols=20
  patch=11 uv.cols=30
  patch=12 uv.cols=20
  patch=13 uv.cols=30
  patch=14 uv.cols=20
  patch=15 uv.cols=30
  patch=16 uv.cols=20
  patch=17 uv.cols=20
  patch=18 uv.cols=20
  patch=19 uv.cols=20
  patch=20 uv.cols=20
[assemble] resize A_mat(480,612), b_vec(480,2)
[assemble] after resize: A_mat.rows=480 cols=612 b_vec.rows=480 cols=2
Global fitting error stats: max=2.49679e-14, rms=6.28505e-15, samples=2100, maxAtPatch=2, maxAtLocalPoint=27
Global fitting max sample: uv=(0.777778,0.222222), xFit=(1.971,4.47043), target=(1.971,4.47043)
globalError: 2.49679e-14
featureError: 2.15418e-14
assemblyBoundaryError: 2.15418e-14
minusnumber: 0
Success! iteration = 1, coarselevel = 2
TOTALSIZE: 36
ACCEPTEDSIZE: 36
1	0	4	4	
0	3	1	4	
0	4	2	6	
0	0	1	2	
nonCheckedCells.size() has become: 1
[geo-coarsen] useGeo=1 cells=4 firstIndex=7 firstBox=[0,2,1,3]
[geo-coarsen] useGeo=1 cells=4 firstIndex=7 firstBox=[0,2,1,3]
CREATE C BOX:
ourBOX is 
3 0 4 2 6 

=== Box Consistency Check ===
Patch 16 has 4 boxes

Box domains:
Box 0: u=[0.25, 1] x v=[0, 1] (area=0.75)
Box 1: u=[0, 0.25] x v=[0.75, 1] (area=0.0625)
Box 2: u=[0, 0.25] x v=[0.5, 0.75] (area=0.0625)
Box 3: u=[0, 0.25] x v=[0, 0.5] (area=0.125)

Checking for overlaps:
  No overlaps detected (boundaries may touch)

Total area covered: 1 (target: 1.0)

SUCCESS: Boxes are consistent (no overlaps, full coverage)
Truncated basis of dimension 2,
levels=1, size=9, tree_nodes=1).
Domain: [0 0]..[1 1].
Size per level: 9 

0; 2; 1; 0; 4; 4; 
1; 2; 0; 3; 1; 4; 
2; 2; 0; 2; 1; 3; 
3; 2; 0; 0; 1; 2; 
2 0 0 4 4
Truncated basis of dimension 2,
levels=3, size=36, tree_nodes=1).
Domain: [0 0]..[1 1].
Size per level: 0 0 36 

[primary coarsen] patch=16 cells=4 THBsize=36
0 1 1 1 1 0 1 1 1 1 1 1 1 1 1 1 1 1 1 1 1 1 1 1 1 1 1 1 1 1 1 1 1 1 1 1
creating the index mapping
thbToBellsMapping[patch].size(): 36
thbToBellsMapping[patch].size(): 36
thbToBellsMapping[patch].size(): 36
thbToBellsMapping[patch].size(): 36
thbToBellsMapping[patch].size(): 36
thbToBellsMapping[patch].size(): 36
thbToBellsMapping[patch].size(): 36
thbToBellsMapping[patch].size(): 36
thbToBellsMapping[patch].size(): 36
thbToBellsMapping[patch].size(): 36
thbToBellsMapping[patch].size(): 36
thbToBellsMapping[patch].size(): 36
thbToBellsMapping[patch].size(): 36
thbToBellsMapping[patch].size(): 36
thbToBellsMapping[patch].size(): 36
thbToBellsMapping[patch].size(): 36
thbToBellsMapping[patch].size(): 36
thbToBellsMapping[patch].size(): 36
thbToBellsMapping[patch].size(): 36
thbToBellsMapping[patch].size(): 36
thbToBellsMapping[patch].size(): 36
[mapPrev] newSize=612 carried=612 new(zero)=0
[mpbes-init] vectSol assigned from prevSol patch=16 levNow=2 attempt=14 rows=612 cols=2 nonZeroRows=612
[fitting-mode] attempt context: mode=globalFitting patch=16 levNow=2 attempt=14
[local-region] attempt context: patch=16 levNow=2 attempt=14 lambda=0 basisSelected=0/0 uvBefore=2100 uvAfter=2100
[assemble] custom-point layout per patch:
  patch=0 uv.cols=100
  patch=1 uv.cols=100
  patch=2 uv.cols=100
  patch=3 uv.cols=100
  patch=4 uv.cols=100
  patch=5 uv.cols=100
  patch=6 uv.cols=100
  patch=7 uv.cols=100
  patch=8 uv.cols=100
  patch=9 uv.cols=100
  patch=10 uv.cols=100
  patch=11 uv.cols=100
  patch=12 uv.cols=100
  patch=13 uv.cols=100
  patch=14 uv.cols=100
  patch=15 uv.cols=100
  patch=16 uv.cols=100
  patch=17 uv.cols=100
  patch=18 uv.cols=100
  patch=19 uv.cols=100
  patch=20 uv.cols=100
[assemble] resize A_mat(2100,612), b_vec(2100,2)
[assemble] after resize: A_mat.rows=2100 cols=612 b_vec.rows=2100 cols=2
[assemble] mode=global A cols=612
[fit-solve] matA sparse rows=2100 cols=612 nonZeros=14196
[fit-solve] matA nonFiniteEntries=0
[fit-solve] column mapping source=identity/global
[fit-solve] dynamic column reduction: selected=612 / 612
[fit-solve] matA rows=2100 cols=612
[fit-solve] informative column reduction: selected=612 / 612
[fit-solve] matA_solve rows=2100 cols=612
[fit-solve] dropped active/global columns by informative reduction begin
[fit-solve] dropped active/global columns by informative reduction end
[fit-solve] vectB(before At*b) rows=2100 cols=2
[fit-solve] vectB(before At*b) nonFiniteEntries=0
[fit-solve] sparse AtA: 612x612 nnz=11520
fit took: 0.193871
[fit-solve] vectSol(after solve) rows=612 cols=2
[fit-solve] vectSol merge: seededFromOriginal=1 overwrittenRows=612 basisMaskApplied=0
[fit-solve] vectSol(after solve) nonFiniteEntries=0
Solve finished. vectSol.rows()=612, cols=2
matCbefore
1.06581e-14
matCafter
2.4869e-14
Total irregular points: 0
jack took: 0.029506 (pts/patch=20^2=400)
Irregular points: 0 / 8400 (0%)
minusnumber: 0
[assemble] custom-point layout per patch:
  patch=0 uv.cols=20
  patch=1 uv.cols=30
  patch=2 uv.cols=20
  patch=3 uv.cols=30
  patch=4 uv.cols=20
  patch=5 uv.cols=20
  patch=6 uv.cols=20
  patch=7 uv.cols=20
  patch=8 uv.cols=20
  patch=9 uv.cols=30
  patch=10 uv.cols=20
  patch=11 uv.cols=30
  patch=12 uv.cols=20
  patch=13 uv.cols=30
  patch=14 uv.cols=20
  patch=15 uv.cols=30
  patch=16 uv.cols=20
  patch=17 uv.cols=20
  patch=18 uv.cols=20
  patch=19 uv.cols=20
  patch=20 uv.cols=20
[assemble] resize A_mat(480,612), b_vec(480,2)
[assemble] after resize: A_mat.rows=480 cols=612 b_vec.rows=480 cols=2
Global fitting error stats: max=2.49679e-14, rms=6.28814e-15, samples=2100, maxAtPatch=2, maxAtLocalPoint=27
Global fitting max sample: uv=(0.777778,0.222222), xFit=(1.971,4.47043), target=(1.971,4.47043)
globalError: 2.49679e-14
featureError: 2.15418e-14
assemblyBoundaryError: 2.15418e-14
minusnumber: 0
Success! iteration = 1, coarselevel = 2
TOTALSIZE: 36
ACCEPTEDSIZE: 36
0	0	4	4	
nonCheckedCells.size() has become: 0
Saving after-iter1 mesh: yeti_mp2_thb_approximation_fine_L3_output_mesh_after_iter1_lev2
interface between 0:south(3) and 5:east (2) [ 0~(+1) ]
[topology-preflight] interface=0 patches=(0,5) mirrored=(1,0) rawSides=(3,2) canonicalSides=(3,2) orientation=same
interface between 0:north(4) and 1:south(3) [ 0~(+0) ]
[topology-preflight] interface=1 patches=(0,1) mirrored=(1,1) rawSides=(4,3) canonicalSides=(4,3) orientation=same
interface between 1:west (1) and 6:east (2) [ 1~(+1) ]
[topology-preflight] interface=2 patches=(1,6) mirrored=(1,1) rawSides=(1,2) canonicalSides=(1,2) orientation=same
interface between 1:north(4) and 2:south(3) [ 0~(+0) ]
[topology-preflight] interface=3 patches=(1,2) mirrored=(1,1) rawSides=(4,3) canonicalSides=(4,3) orientation=same
interface between 2:north(4) and 3:south(3) [ 0~(+0) ]
[topology-preflight] interface=4 patches=(2,3) mirrored=(1,1) rawSides=(4,3) canonicalSides=(4,3) orientation=same
interface between 3:west (1) and 7:east (2) [ 1~(+1) ]
[topology-preflight] interface=5 patches=(3,7) mirrored=(1,1) rawSides=(1,2) canonicalSides=(1,2) orientation=same
interface between 3:north(4) and 4:south(3) [ 0~(+0) ]
[topology-preflight] interface=6 patches=(3,4) mirrored=(1,1) rawSides=(4,3) canonicalSides=(4,3) orientation=same
interface between 4:north(4) and 8:east (2) [ 0~(+1) ]
[topology-preflight] interface=7 patches=(4,8) mirrored=(1,1) rawSides=(4,2) canonicalSides=(4,2) orientation=same
interface between 5:west (1) and 9:east (2) [ 1~(+1) ]
[topology-preflight] interface=8 patches=(5,9) mirrored=(0,0) rawSides=(1,2) canonicalSides=(1,2) orientation=same
interface between 6:west (1) and 11:east (2) [ 1~(+1) ]
[topology-preflight] interface=9 patches=(6,11) mirrored=(1,1) rawSides=(1,2) canonicalSides=(1,2) orientation=same
interface between 7:west (1) and 13:east (2) [ 1~(+1) ]
[topology-preflight] interface=10 patches=(7,13) mirrored=(1,1) rawSides=(1,2) canonicalSides=(1,2) orientation=same
interface between 8:west (1) and 15:east (2) [ 1~(+1) ]
[topology-preflight] interface=11 patches=(8,15) mirrored=(1,1) rawSides=(1,2) canonicalSides=(1,2) orientation=same
interface between 9:west (1) and 16:south(3) [ 1~(+0) ]
[topology-preflight] interface=12 patches=(9,16) mirrored=(0,0) rawSides=(1,3) canonicalSides=(1,3) orientation=same
interface between 9:south(3) and 10:south(3) [ 0~(+0) ]
[topology-preflight] interface=13 patches=(9,10) mirrored=(0,1) rawSides=(3,3) canonicalSides=(3,3) orientation=same
interface between 10:north(4) and 11:south(3) [ 0~(+0) ]
[topology-preflight] interface=14 patches=(10,11) mirrored=(1,1) rawSides=(4,3) canonicalSides=(4,3) orientation=same
interface between 11:north(4) and 12:south(3) [ 0~(+0) ]
[topology-preflight] interface=15 patches=(11,12) mirrored=(1,1) rawSides=(4,3) canonicalSides=(4,3) orientation=same
interface between 12:north(4) and 13:south(3) [ 0~(+0) ]
[topology-preflight] interface=16 patches=(12,13) mirrored=(1,1) rawSides=(4,3) canonicalSides=(4,3) orientation=same
interface between 13:north(4) and 14:south(3) [ 0~(+0) ]
[topology-preflight] interface=17 patches=(13,14) mirrored=(1,1) rawSides=(4,3) canonicalSides=(4,3) orientation=same
interface between 14:north(4) and 15:south(3) [ 0~(+0) ]
[topology-preflight] interface=18 patches=(14,15) mirrored=(1,1) rawSides=(4,3) canonicalSides=(4,3) orientation=same
interface between 15:west (1) and 20:north(4) [ 1~(+0) ]
[topology-preflight] interface=19 patches=(15,20) mirrored=(1,0) rawSides=(1,4) canonicalSides=(1,4) orientation=same
[investigate-interface] stage=orientThePatches interface=19 patches=(15,20) rawSides=(1,4) canonicalSides=(1,4) mirrored=(1,0) featureSides=(U0,V1) orientation=same
interface between 16:north(4) and 17:south(3) [ 0~(+0) ]
[topology-preflight] interface=20 patches=(16,17) mirrored=(0,0) rawSides=(4,3) canonicalSides=(4,3) orientation=same
interface between 17:north(4) and 18:south(3) [ 0~(+0) ]
[topology-preflight] interface=21 patches=(17,18) mirrored=(0,0) rawSides=(4,3) canonicalSides=(4,3) orientation=same
interface between 18:north(4) and 19:south(3) [ 0~(+0) ]
[topology-preflight] interface=22 patches=(18,19) mirrored=(0,0) rawSides=(4,3) canonicalSides=(4,3) orientation=same
interface between 19:north(4) and 20:south(3) [ 0~(+0) ]
[topology-preflight] interface=23 patches=(19,20) mirrored=(0,0) rawSides=(4,3) canonicalSides=(4,3) orientation=same
[geo-coarsen] preflight mirrored patch=0, hierarchy-safe sibling fallback cells=4 level=1
[geo-coarsen] preflight mirrored patch=1, hierarchy-safe sibling fallback cells=4 level=1
[geo-coarsen] preflight mirrored patch=2, hierarchy-safe sibling fallback cells=4 level=1
[geo-coarsen] preflight mirrored patch=3, hierarchy-safe sibling fallback cells=4 level=1
[geo-coarsen] preflight mirrored patch=4, hierarchy-safe sibling fallback cells=4 level=1
[geo-coarsen] useGeo=1 cells=4 firstIndex=1 firstBox=[0,1,1,2]
[geo-coarsen] preflight mirrored patch=6, hierarchy-safe sibling fallback cells=4 level=1
[geo-coarsen] preflight mirrored patch=7, hierarchy-safe sibling fallback cells=4 level=1
[geo-coarsen] preflight mirrored patch=8, hierarchy-safe sibling fallback cells=4 level=1
[geo-coarsen] useGeo=1 cells=5 firstIndex=1 firstBox=[0,1,1,2]
[geo-coarsen] preflight mirrored patch=10, hierarchy-safe sibling fallback cells=4 level=1
[geo-coarsen] preflight mirrored patch=11, hierarchy-safe sibling fallback cells=4 level=1
[geo-coarsen] preflight mirrored patch=12, hierarchy-safe sibling fallback cells=4 level=1
[geo-coarsen] preflight mirrored patch=13, hierarchy-safe sibling fallback cells=4 level=1
[geo-coarsen] preflight mirrored patch=14, hierarchy-safe sibling fallback cells=4 level=1
[geo-coarsen] preflight mirrored patch=15, hierarchy-safe sibling fallback cells=4 level=1
[geo-coarsen] useGeo=1 cells=5 firstIndex=2 firstBox=[1,0,2,1]
[geo-coarsen] useGeo=1 cells=3 firstIndex=1 firstBox=[0,1,1,2]
[geo-coarsen] useGeo=1 cells=6 firstIndex=3 firstBox=[0,0,1,1]
[geo-coarsen] useGeo=1 cells=4 firstIndex=3 firstBox=[0,0,1,1]
[geo-coarsen] useGeo=1 cells=5 firstIndex=0 firstBox=[1,1,2,2]
[coarsen-group] size=14 patches: 0 1 2 3 4 6 7 8 10 11 12 13 14 15 delta=0
[geo-coarsen] preflight mirrored patch=0, hierarchy-safe sibling fallback cells=4 level=1
CREATE C BOX:
ourBOX is 
2 0 0 4 4 
CREATE C BOX:
ourBOX is 
2 2 0 4 2 
CREATE C BOX:
ourBOX is 
2 0 2 2 4 
CREATE C BOX:
ourBOX is 
2 2 2 4 4 

=== Box Consistency Check ===
Patch 0 has 4 boxes

Box domains:
Box 0: u=[0, 0.5] x v=[0, 0.5] (area=0.25)
Box 1: u=[0, 0.5] x v=[0.5, 1] (area=0.25)
Box 2: u=[0.5, 1] x v=[0, 0.5] (area=0.25)
Box 3: u=[0.5, 1] x v=[0.5, 1] (area=0.25)

Checking for overlaps:
  No overlaps detected (boundaries may touch)

Total area covered: 1 (target: 1.0)

SUCCESS: Boxes are consistent (no overlaps, full coverage)
Truncated basis of dimension 2,
levels=1, size=9, tree_nodes=1).
Domain: [0 0]..[1 1].
Size per level: 9 

0; 1; 0; 0; 1; 1; 
1; 1; 0; 1; 1; 2; 
2; 1; 1; 0; 2; 1; 
3; 1; 1; 1; 2; 2; 
1 0 0 2 2
Truncated basis of dimension 2,
levels=2, size=16, tree_nodes=1).
Domain: [0 0]..[1 1].
Size per level: 0 16 

[primary coarsen] patch=0 cells=4 THBsize=16
CREATE C BOX:
ourBOX is 
2 0 0 4 4 
CREATE C BOX:
ourBOX is 
2 2 0 4 2 
CREATE C BOX:
ourBOX is 
2 0 2 2 4 
CREATE C BOX:
ourBOX is 
2 2 2 4 4 
[co-patch coarsen] patch=1 RTH=1
[co-patch coarsen] patch=1 THBsize=16
CREATE C BOX:
ourBOX is 
2 0 0 4 4 
CREATE C BOX:
ourBOX is 
2 2 0 4 2 
CREATE C BOX:
ourBOX is 
2 0 2 2 4 
CREATE C BOX:
ourBOX is 
2 2 2 4 4 
[co-patch coarsen] patch=2 RTH=1
[co-patch coarsen] patch=2 THBsize=16
CREATE C BOX:
ourBOX is 
2 0 0 4 4 
CREATE C BOX:
ourBOX is 
2 2 0 4 2 
CREATE C BOX:
ourBOX is 
2 0 2 2 4 
CREATE C BOX:
ourBOX is 
2 2 2 4 4 
[co-patch coarsen] patch=3 RTH=1
[co-patch coarsen] patch=3 THBsize=16
CREATE C BOX:
ourBOX is 
2 0 0 4 4 
CREATE C BOX:
ourBOX is 
2 2 0 4 2 
CREATE C BOX:
ourBOX is 
2 0 2 2 4 
CREATE C BOX:
ourBOX is 
2 2 2 4 4 
[co-patch coarsen] patch=4 RTH=1
[co-patch coarsen] patch=4 THBsize=16
CREATE C BOX:
ourBOX is 
2 0 0 4 4 
CREATE C BOX:
ourBOX is 
2 2 0 4 2 
CREATE C BOX:
ourBOX is 
2 0 2 2 4 
CREATE C BOX:
ourBOX is 
2 2 2 4 4 
[co-patch coarsen] patch=6 RTH=1
[co-patch coarsen] patch=6 THBsize=16
CREATE C BOX:
ourBOX is 
2 0 0 4 4 
CREATE C BOX:
ourBOX is 
2 2 0 4 2 
CREATE C BOX:
ourBOX is 
2 0 2 2 4 
CREATE C BOX:
ourBOX is 
2 2 2 4 4 
[co-patch coarsen] patch=7 RTH=1
[co-patch coarsen] patch=7 THBsize=16
CREATE C BOX:
ourBOX is 
2 0 0 4 4 
CREATE C BOX:
ourBOX is 
2 2 0 4 2 
CREATE C BOX:
ourBOX is 
2 0 2 2 4 
CREATE C BOX:
ourBOX is 
2 2 2 4 4 
[co-patch coarsen] patch=8 RTH=1
[co-patch coarsen] patch=8 THBsize=16
CREATE C BOX:
ourBOX is 
2 0 0 4 4 
CREATE C BOX:
ourBOX is 
2 2 0 4 2 
CREATE C BOX:
ourBOX is 
2 0 2 2 4 
CREATE C BOX:
ourBOX is 
2 2 2 4 4 
[co-patch coarsen] patch=10 RTH=1
[co-patch coarsen] patch=10 THBsize=16
CREATE C BOX:
ourBOX is 
2 0 0 4 4 
CREATE C BOX:
ourBOX is 
2 2 0 4 2 
CREATE C BOX:
ourBOX is 
2 0 2 2 4 
CREATE C BOX:
ourBOX is 
2 2 2 4 4 
[co-patch coarsen] patch=11 RTH=1
[co-patch coarsen] patch=11 THBsize=16
CREATE C BOX:
ourBOX is 
2 0 0 4 4 
CREATE C BOX:
ourBOX is 
2 2 0 4 2 
CREATE C BOX:
ourBOX is 
2 0 2 2 4 
CREATE C BOX:
ourBOX is 
2 2 2 4 4 
[co-patch coarsen] patch=12 RTH=1
[co-patch coarsen] patch=12 THBsize=16
CREATE C BOX:
ourBOX is 
2 0 0 4 4 
CREATE C BOX:
ourBOX is 
2 2 0 4 2 
CREATE C BOX:
ourBOX is 
2 0 2 2 4 
CREATE C BOX:
ourBOX is 
2 2 2 4 4 
[co-patch coarsen] patch=13 RTH=1
[co-patch coarsen] patch=13 THBsize=16
CREATE C BOX:
ourBOX is 
2 0 0 4 4 
CREATE C BOX:
ourBOX is 
2 2 0 4 2 
CREATE C BOX:
ourBOX is 
2 0 2 2 4 
CREATE C BOX:
ourBOX is 
2 2 2 4 4 
[co-patch coarsen] patch=14 RTH=1
[co-patch coarsen] patch=14 THBsize=16
CREATE C BOX:
ourBOX is 
2 0 0 4 4 
CREATE C BOX:
ourBOX is 
2 2 0 4 2 
CREATE C BOX:
ourBOX is 
2 0 2 2 4 
CREATE C BOX:
ourBOX is 
2 2 2 4 4 
[co-patch coarsen] patch=15 RTH=1
[co-patch coarsen] patch=15 THBsize=16
1 1 1 1 1 1 1 1 1 1 1 1 1 1 1 1
creating the index mapping
thbToBellsMapping[patch].size(): 16
thbToBellsMapping[patch].size(): 16
thbToBellsMapping[patch].size(): 16
thbToBellsMapping[patch].size(): 16
thbToBellsMapping[patch].size(): 16
thbToBellsMapping[patch].size(): 36
thbToBellsMapping[patch].size(): 16
thbToBellsMapping[patch].size(): 16
thbToBellsMapping[patch].size(): 16
thbToBellsMapping[patch].size(): 36
thbToBellsMapping[patch].size(): 16
thbToBellsMapping[patch].size(): 16
thbToBellsMapping[patch].size(): 16
thbToBellsMapping[patch].size(): 16
thbToBellsMapping[patch].size(): 16
thbToBellsMapping[patch].size(): 16
thbToBellsMapping[patch].size(): 36
thbToBellsMapping[patch].size(): 36
thbToBellsMapping[patch].size(): 36
thbToBellsMapping[patch].size(): 36
thbToBellsMapping[patch].size(): 36
[mapPrev] newSize=380 carried=216 new(zero)=164
[mpbes-init] vectSol assigned from prevSol patch=0 levNow=1 attempt=0 rows=380 cols=2 nonZeroRows=216
[fitting-mode] attempt context: mode=globalFitting patch=0 levNow=1 attempt=0
[local-region] attempt context: patch=0 levNow=1 attempt=0 lambda=0 basisSelected=0/0 uvBefore=2100 uvAfter=2100
[assemble] custom-point layout per patch:
  patch=0 uv.cols=100
  patch=1 uv.cols=100
  patch=2 uv.cols=100
  patch=3 uv.cols=100
  patch=4 uv.cols=100
  patch=5 uv.cols=100
  patch=6 uv.cols=100
  patch=7 uv.cols=100
  patch=8 uv.cols=100
  patch=9 uv.cols=100
  patch=10 uv.cols=100
  patch=11 uv.cols=100
  patch=12 uv.cols=100
  patch=13 uv.cols=100
  patch=14 uv.cols=100
  patch=15 uv.cols=100
  patch=16 uv.cols=100
  patch=17 uv.cols=100
  patch=18 uv.cols=100
  patch=19 uv.cols=100
  patch=20 uv.cols=100
[assemble] resize A_mat(2100,380), b_vec(2100,2)
[assemble] after resize: A_mat.rows=2100 cols=380 b_vec.rows=2100 cols=2
[assemble] mode=global A cols=380
[fit-solve] matA sparse rows=2100 cols=380 nonZeros=14196
[fit-solve] matA nonFiniteEntries=0
[fit-solve] column mapping source=identity/global
[fit-solve] dynamic column reduction: selected=380 / 380
[fit-solve] matA rows=2100 cols=380
[fit-solve] informative column reduction: selected=380 / 380
[fit-solve] matA_solve rows=2100 cols=380
[fit-solve] dropped active/global columns by informative reduction begin
[fit-solve] dropped active/global columns by informative reduction end
[fit-solve] vectB(before At*b) rows=2100 cols=2
[fit-solve] vectB(before At*b) nonFiniteEntries=0
[fit-solve] sparse AtA: 380x380 nnz=6422
fit took: 0.145146
[fit-solve] vectSol(after solve) rows=380 cols=2
[fit-solve] vectSol merge: seededFromOriginal=1 overwrittenRows=380 basisMaskApplied=0
[fit-solve] vectSol(after solve) nonFiniteEntries=0
Solve finished. vectSol.rows()=380, cols=2
matCbefore
2.13163e-14
matCafter
2.75335e-14
Total irregular points: 0
jack took: 0.0299793 (pts/patch=20^2=400)
Irregular points: 0 / 8400 (0%)
minusnumber: 0
[assemble] custom-point layout per patch:
  patch=0 uv.cols=20
  patch=1 uv.cols=30
  patch=2 uv.cols=20
  patch=3 uv.cols=30
  patch=4 uv.cols=20
  patch=5 uv.cols=20
  patch=6 uv.cols=20
  patch=7 uv.cols=20
  patch=8 uv.cols=20
  patch=9 uv.cols=30
  patch=10 uv.cols=20
  patch=11 uv.cols=30
  patch=12 uv.cols=20
  patch=13 uv.cols=30
  patch=14 uv.cols=20
  patch=15 uv.cols=30
  patch=16 uv.cols=20
  patch=17 uv.cols=20
  patch=18 uv.cols=20
  patch=19 uv.cols=20
  patch=20 uv.cols=20
[assemble] resize A_mat(480,380), b_vec(480,2)
[assemble] after resize: A_mat.rows=480 cols=380 b_vec.rows=480 cols=2
Global fitting error stats: max=2.76417e-14, rms=6.59086e-15, samples=2100, maxAtPatch=0, maxAtLocalPoint=62
Global fitting max sample: uv=(0.222222,0.666667), xFit=(1.07136,4.52187), target=(1.07136,4.52187)
globalError: 2.76417e-14
featureError: 2.33009e-14
assemblyBoundaryError: 2.33009e-14
minusnumber: 0
Success! iteration = 1, coarselevel = 1
TOTALSIZE: 16
ACCEPTEDSIZE: 16
0	0	2	2	
nonCheckedCells.size() has become: 0
[geo-coarsen] useGeo=1 cells=4 firstIndex=1 firstBox=[0,1,1,2]
[geo-coarsen] useGeo=1 cells=5 firstIndex=1 firstBox=[0,1,1,2]
[geo-coarsen] useGeo=1 cells=5 firstIndex=2 firstBox=[1,0,2,1]
[geo-coarsen] useGeo=1 cells=3 firstIndex=1 firstBox=[0,1,1,2]
[geo-coarsen] useGeo=1 cells=6 firstIndex=3 firstBox=[0,0,1,1]
[geo-coarsen] useGeo=1 cells=4 firstIndex=3 firstBox=[0,0,1,1]
[geo-coarsen] useGeo=1 cells=5 firstIndex=0 firstBox=[1,1,2,2]
[coarsen-group] size=6 patches: 5 16 17 18 19 20 delta=0.2
[geo-coarsen] useGeo=1 cells=4 firstIndex=1 firstBox=[0,1,1,2]
CREATE C BOX:
ourBOX is 
2 0 0 4 4 
CREATE C BOX:
ourBOX is 
2 0 0 2 2 

=== Box Consistency Check ===
Patch 5 has 4 boxes

Box domains:
Box 0: u=[0, 0.5] x v=[0.5, 1] (area=0.25)
Box 1: u=[0, 0.5] x v=[0, 0.5] (area=0.25)
Box 2: u=[0.5, 1] x v=[0, 0.5] (area=0.25)
Box 3: u=[0.5, 1] x v=[0.5, 1] (area=0.25)

Checking for overlaps:
  No overlaps detected (boundaries may touch)

Total area covered: 1 (target: 1.0)

SUCCESS: Boxes are consistent (no overlaps, full coverage)
Truncated basis of dimension 2,
levels=1, size=9, tree_nodes=1).
Domain: [0 0]..[1 1].
Size per level: 9 

0; 1; 0; 1; 1; 2; 
1; 1; 0; 0; 1; 1; 
2; 2; 2; 0; 4; 2; 
3; 2; 2; 2; 4; 4; 
2 2 0 4 4
1 0 0 1 2
Truncated basis of dimension 2,
levels=3, size=24, tree_nodes=3).
Domain: [0 0]..[1 1].
Size per level: 0 12 12 

[primary coarsen] patch=5 cells=4 THBsize=24
CREATE C BOX:
ourBOX is 
2 0 0 4 4 
CREATE C BOX:
ourBOX is 
2 0 0 2 2 
[co-patch coarsen] patch=16 RTH=1
[co-patch coarsen] patch=16 THBsize=24
CREATE C BOX:
ourBOX is 
2 0 0 4 4 
[co-patch coarsen] patch=17 RTH=1
[co-patch coarsen] patch=17 THBsize=29
CREATE C BOX:
ourBOX is 
2 0 0 4 4 
CREATE C BOX:
ourBOX is 
2 0 2 2 4 
[co-patch coarsen] patch=18 RTH=1
[co-patch coarsen] patch=18 THBsize=24
CREATE C BOX:
ourBOX is 
2 0 0 4 4 
[co-patch coarsen] patch=19 RTH=1
[co-patch coarsen] patch=19 THBsize=29
CREATE C BOX:
ourBOX is 
2 0 0 4 4 
CREATE C BOX:
ourBOX is 
2 0 2 2 4 
[co-patch coarsen] patch=20 RTH=1
[co-patch coarsen] patch=20 THBsize=24
1 1 1 1 1 1 1 1 1 1 1 1 1 1 1 1 1 1 1 1 1 1 1 1
creating the index mapping
thbToBellsMapping[patch].size(): 16
thbToBellsMapping[patch].size(): 16
thbToBellsMapping[patch].size(): 16
thbToBellsMapping[patch].size(): 16
thbToBellsMapping[patch].size(): 16
thbToBellsMapping[patch].size(): 24
thbToBellsMapping[patch].size(): 16
thbToBellsMapping[patch].size(): 16
thbToBellsMapping[patch].size(): 16
thbToBellsMapping[patch].size(): 36
thbToBellsMapping[patch].size(): 16
thbToBellsMapping[patch].size(): 16
thbToBellsMapping[patch].size(): 16
thbToBellsMapping[patch].size(): 16
thbToBellsMapping[patch].size(): 16
thbToBellsMapping[patch].size(): 16
thbToBellsMapping[patch].size(): 24
thbToBellsMapping[patch].size(): 29
thbToBellsMapping[patch].size(): 24
thbToBellsMapping[patch].size(): 29
thbToBellsMapping[patch].size(): 24
[mapPrev] newSize=326 carried=272 new(zero)=54
[mpbes-init] vectSol assigned from prevSol patch=5 levNow=1 attempt=1 rows=326 cols=2 nonZeroRows=272
[fitting-mode] attempt context: mode=globalFitting patch=5 levNow=1 attempt=1
[local-region] attempt context: patch=5 levNow=1 attempt=1 lambda=0 basisSelected=0/0 uvBefore=2100 uvAfter=2100
[assemble] custom-point layout per patch:
  patch=0 uv.cols=100
  patch=1 uv.cols=100
  patch=2 uv.cols=100
  patch=3 uv.cols=100
  patch=4 uv.cols=100
  patch=5 uv.cols=100
  patch=6 uv.cols=100
  patch=7 uv.cols=100
  patch=8 uv.cols=100
  patch=9 uv.cols=100
  patch=10 uv.cols=100
  patch=11 uv.cols=100
  patch=12 uv.cols=100
  patch=13 uv.cols=100
  patch=14 uv.cols=100
  patch=15 uv.cols=100
  patch=16 uv.cols=100
  patch=17 uv.cols=100
  patch=18 uv.cols=100
  patch=19 uv.cols=100
  patch=20 uv.cols=100
[assemble] resize A_mat(2100,326), b_vec(2100,2)
[assemble] after resize: A_mat.rows=2100 cols=326 b_vec.rows=2100 cols=2
[assemble] mode=global A cols=326
[fit-solve] matA sparse rows=2100 cols=326 nonZeros=14564
[fit-solve] matA nonFiniteEntries=0
[fit-solve] column mapping source=identity/global
[fit-solve] dynamic column reduction: selected=326 / 326
[fit-solve] matA rows=2100 cols=326
[fit-solve] informative column reduction: selected=326 / 326
[fit-solve] matA_solve rows=2100 cols=326
[fit-solve] dropped active/global columns by informative reduction begin
[fit-solve] dropped active/global columns by informative reduction end
[fit-solve] vectB(before At*b) rows=2100 cols=2
[fit-solve] vectB(before At*b) nonFiniteEntries=0
[fit-solve] sparse AtA: 326x326 nnz=5530
fit took: 0.133357
[fit-solve] vectSol(after solve) rows=326 cols=2
[fit-solve] vectSol merge: seededFromOriginal=1 overwrittenRows=326 basisMaskApplied=0
[fit-solve] vectSol(after solve) nonFiniteEntries=0
Solve finished. vectSol.rows()=326, cols=2
matCbefore
2.84217e-14
matCafter
0.0153738
Total irregular points: 0
jack took: 0.0844855 (pts/patch=20^2=400)
Irregular points: 0 / 8400 (0%)
minusnumber: 0
[assemble] custom-point layout per patch:
  patch=0 uv.cols=20
  patch=1 uv.cols=30
  patch=2 uv.cols=20
  patch=3 uv.cols=30
  patch=4 uv.cols=20
  patch=5 uv.cols=20
  patch=6 uv.cols=20
  patch=7 uv.cols=20
  patch=8 uv.cols=20
  patch=9 uv.cols=30
  patch=10 uv.cols=20
  patch=11 uv.cols=30
  patch=12 uv.cols=20
  patch=13 uv.cols=30
  patch=14 uv.cols=20
  patch=15 uv.cols=30
  patch=16 uv.cols=20
  patch=17 uv.cols=20
  patch=18 uv.cols=20
  patch=19 uv.cols=20
  patch=20 uv.cols=20
[assemble] resize A_mat(480,326), b_vec(480,2)
[assemble] after resize: A_mat.rows=480 cols=326 b_vec.rows=480 cols=2
Global fitting error stats: max=0.0182823, rms=0.00309718, samples=2100, maxAtPatch=19, maxAtLocalPoint=10
Global fitting max sample: uv=(0,0.111111), xFit=(2.33288,0.93527), target=(2.34605,0.94795)
globalError: 0.0182823
featureError: 0.0131691
assemblyBoundaryError: 0.0131691
minusnumber: 0
Success! iteration = 1, coarselevel = 1
TOTALSIZE: 24
ACCEPTEDSIZE: 24
2	0	4	4	
0	0	1	2	
nonCheckedCells.size() has become: 2
[geo-coarsen] useGeo=1 cells=4 firstIndex=2 firstBox=[1,0,2,1]
[geo-coarsen] useGeo=1 cells=5 firstIndex=1 firstBox=[0,1,1,2]
[geo-coarsen] useGeo=1 cells=4 firstIndex=0 firstBox=[1,1,2,2]
[geo-coarsen] useGeo=1 cells=4 firstIndex=0 firstBox=[1,1,2,2]
[geo-coarsen] useGeo=1 cells=4 firstIndex=2 firstBox=[1,0,2,1]
[geo-coarsen] useGeo=1 cells=4 firstIndex=2 firstBox=[1,0,2,1]
[geo-coarsen] useGeo=1 cells=4 firstIndex=2 firstBox=[1,0,2,1]
[coarsen-group] size=3 patches: 5 17 19 delta=0.2
[geo-coarsen] useGeo=1 cells=4 firstIndex=2 firstBox=[1,0,2,1]
CREATE C BOX:
ourBOX is 
2 2 0 4 4 

=== Box Consistency Check ===
Patch 5 has 3 boxes

Box domains:
Box 0: u=[0.5, 1] x v=[0, 0.5] (area=0.25)
Box 1: u=[0, 0.5] x v=[0, 1] (area=0.5)
Box 2: u=[0.5, 1] x v=[0.5, 1] (area=0.25)

Checking for overlaps:
  No overlaps detected (boundaries may touch)

Total area covered: 1 (target: 1.0)

SUCCESS: Boxes are consistent (no overlaps, full coverage)
Truncated basis of dimension 2,
levels=1, size=9, tree_nodes=1).
Domain: [0 0]..[1 1].
Size per level: 9 

0; 1; 1; 0; 2; 1; 
1; 1; 0; 0; 1; 2; 
2; 2; 2; 2; 4; 4; 
2 2 2 4 4
1 1 0 2 1
1 0 0 1 2
Truncated basis of dimension 2,
levels=3, size=19, tree_nodes=5).
Domain: [0 0]..[1 1].
Size per level: 0 15 4 

[primary coarsen] patch=5 cells=4 THBsize=19
CREATE C BOX:
ourBOX is 
2 2 0 4 4 
CREATE C BOX:
ourBOX is 
2 2 0 4 2 
[co-patch coarsen] patch=17 RTH=1
[co-patch coarsen] patch=17 THBsize=19
CREATE C BOX:
ourBOX is 
2 2 0 4 4 
CREATE C BOX:
ourBOX is 
2 0 2 2 4 
[co-patch coarsen] patch=19 RTH=1
[co-patch coarsen] patch=19 THBsize=19
1 1 1 1 1 1 1 1 1 1 1 1 1 1 1 1 1 1 1
creating the index mapping
thbToBellsMapping[patch].size(): 16
thbToBellsMapping[patch].size(): 16
thbToBellsMapping[patch].size(): 16
thbToBellsMapping[patch].size(): 16
thbToBellsMapping[patch].size(): 16
thbToBellsMapping[patch].size(): 19
thbToBellsMapping[patch].size(): 16
thbToBellsMapping[patch].size(): 16
thbToBellsMapping[patch].size(): 16
thbToBellsMapping[patch].size(): 36
thbToBellsMapping[patch].size(): 16
thbToBellsMapping[patch].size(): 16
thbToBellsMapping[patch].size(): 16
thbToBellsMapping[patch].size(): 16
thbToBellsMapping[patch].size(): 16
thbToBellsMapping[patch].size(): 16
thbToBellsMapping[patch].size(): 24
thbToBellsMapping[patch].size(): 19
thbToBellsMapping[patch].size(): 24
thbToBellsMapping[patch].size(): 19
thbToBellsMapping[patch].size(): 24
[mapPrev] newSize=310 carried=298 new(zero)=12
[mpbes-init] vectSol assigned from prevSol patch=5 levNow=1 attempt=2 rows=310 cols=2 nonZeroRows=298
[fitting-mode] attempt context: mode=globalFitting patch=5 levNow=1 attempt=2
[local-region] attempt context: patch=5 levNow=1 attempt=2 lambda=0 basisSelected=0/0 uvBefore=2100 uvAfter=2100
[assemble] custom-point layout per patch:
  patch=0 uv.cols=100
  patch=1 uv.cols=100
  patch=2 uv.cols=100
  patch=3 uv.cols=100
  patch=4 uv.cols=100
  patch=5 uv.cols=100
  patch=6 uv.cols=100
  patch=7 uv.cols=100
  patch=8 uv.cols=100
  patch=9 uv.cols=100
  patch=10 uv.cols=100
  patch=11 uv.cols=100
  patch=12 uv.cols=100
  patch=13 uv.cols=100
  patch=14 uv.cols=100
  patch=15 uv.cols=100
  patch=16 uv.cols=100
  patch=17 uv.cols=100
  patch=18 uv.cols=100
  patch=19 uv.cols=100
  patch=20 uv.cols=100
[assemble] resize A_mat(2100,310), b_vec(2100,2)
[assemble] after resize: A_mat.rows=2100 cols=310 b_vec.rows=2100 cols=2
[assemble] mode=global A cols=310
[fit-solve] matA sparse rows=2100 cols=310 nonZeros=14424
[fit-solve] matA nonFiniteEntries=0
[fit-solve] column mapping source=identity/global
[fit-solve] dynamic column reduction: selected=310 / 310
[fit-solve] matA rows=2100 cols=310
[fit-solve] informative column reduction: selected=310 / 310
[fit-solve] matA_solve rows=2100 cols=310
[fit-solve] dropped active/global columns by informative reduction begin
[fit-solve] dropped active/global columns by informative reduction end
[fit-solve] vectB(before At*b) rows=2100 cols=2
[fit-solve] vectB(before At*b) nonFiniteEntries=0
[fit-solve] sparse AtA: 310x310 nnz=4982
fit took: 0.116141
[fit-solve] vectSol(after solve) rows=310 cols=2
[fit-solve] vectSol merge: seededFromOriginal=1 overwrittenRows=310 basisMaskApplied=0
[fit-solve] vectSol(after solve) nonFiniteEntries=0
Solve finished. vectSol.rows()=310, cols=2
matCbefore
2.13163e-14
matCafter
0.0165508
Total irregular points: 0
jack took: 0.0888052 (pts/patch=20^2=400)
Irregular points: 0 / 8400 (0%)
minusnumber: 0
[assemble] custom-point layout per patch:
  patch=0 uv.cols=20
  patch=1 uv.cols=30
  patch=2 uv.cols=20
  patch=3 uv.cols=30
  patch=4 uv.cols=20
  patch=5 uv.cols=20
  patch=6 uv.cols=20
  patch=7 uv.cols=20
  patch=8 uv.cols=20
  patch=9 uv.cols=30
  patch=10 uv.cols=20
  patch=11 uv.cols=30
  patch=12 uv.cols=20
  patch=13 uv.cols=30
  patch=14 uv.cols=20
  patch=15 uv.cols=30
  patch=16 uv.cols=20
  patch=17 uv.cols=20
  patch=18 uv.cols=20
  patch=19 uv.cols=20
  patch=20 uv.cols=20
[assemble] resize A_mat(480,310), b_vec(480,2)
[assemble] after resize: A_mat.rows=480 cols=310 b_vec.rows=480 cols=2
Global fitting error stats: max=0.0223329, rms=0.00381936, samples=2100, maxAtPatch=19, maxAtLocalPoint=19
Global fitting max sample: uv=(1,0.111111), xFit=(2.82195,0.604708), target=(2.83695,0.588158)
globalError: 0.0223329
featureError: 0.0174538
assemblyBoundaryError: 0.0174538
minusnumber: 0
Success! iteration = 1, coarselevel = 1
TOTALSIZE: 19
ACCEPTEDSIZE: 19
2	2	4	4	
1	0	2	1	
0	0	1	2	
nonCheckedCells.size() has become: 1
[geo-coarsen] useGeo=1 cells=4 firstIndex=0 firstBox=[1,1,2,2]
[geo-coarsen] useGeo=1 cells=5 firstIndex=1 firstBox=[0,1,1,2]
[geo-coarsen] useGeo=1 cells=4 firstIndex=0 firstBox=[1,1,2,2]
[geo-coarsen] useGeo=1 cells=4 firstIndex=3 firstBox=[0,0,1,1]
[geo-coarsen] useGeo=1 cells=4 firstIndex=2 firstBox=[1,0,2,1]
[geo-coarsen] useGeo=1 cells=4 firstIndex=0 firstBox=[1,1,2,2]
[geo-coarsen] useGeo=1 cells=4 firstIndex=2 firstBox=[1,0,2,1]
[coarsen-group] size=7 patches: 5 9 16 17 18 19 20 delta=0.4
[geo-coarsen] useGeo=1 cells=4 firstIndex=0 firstBox=[1,1,2,2]
CREATE C BOX:
ourBOX is 
2 2 2 4 4 

=== Box Consistency Check ===
Patch 5 has 3 boxes

Box domains:
Box 0: u=[0.5, 1] x v=[0.5, 1] (area=0.25)
Box 1: u=[0.5, 1] x v=[0, 0.5] (area=0.25)
Box 2: u=[0, 0.5] x v=[0, 1] (area=0.5)

Checking for overlaps:
  No overlaps detected (boundaries may touch)

Total area covered: 1 (target: 1.0)

SUCCESS: Boxes are consistent (no overlaps, full coverage)
Truncated basis of dimension 2,
levels=1, size=9, tree_nodes=1).
Domain: [0 0]..[1 1].
Size per level: 9 

0; 1; 1; 1; 2; 2; 
1; 1; 1; 0; 2; 1; 
2; 1; 0; 0; 1; 2; 
1 0 0 2 2
Truncated basis of dimension 2,
levels=2, size=16, tree_nodes=1).
Domain: [0 0]..[1 1].
Size per level: 0 16 

[primary coarsen] patch=5 cells=4 THBsize=16
CREATE C BOX:
ourBOX is 
2 0 0 4 4 
CREATE C BOX:
ourBOX is 
2 0 0 2 2 
[co-patch coarsen] patch=9 RTH=1
[co-patch coarsen] patch=9 THBsize=24
CREATE C BOX:
ourBOX is 
2 0 2 4 4 
[co-patch coarsen] patch=16 RTH=1
[co-patch coarsen] patch=16 THBsize=19
CREATE C BOX:
ourBOX is 
2 0 0 2 2 
[co-patch coarsen] patch=17 RTH=1
[co-patch coarsen] patch=17 THBsize=16
CREATE C BOX:
ourBOX is 
2 2 0 4 4 
[co-patch coarsen] patch=18 RTH=1
[co-patch coarsen] patch=18 THBsize=19
CREATE C BOX:
ourBOX is 
2 2 2 4 4 
[co-patch coarsen] patch=19 RTH=1
[co-patch coarsen] patch=19 THBsize=16
CREATE C BOX:
ourBOX is 
2 0 0 4 2 
[co-patch coarsen] patch=20 RTH=1
[co-patch coarsen] patch=20 THBsize=19
1 1 1 1 1 1 1 1 1 1 1 1 1 1 1 1
creating the index mapping
thbToBellsMapping[patch].size(): 16
thbToBellsMapping[patch].size(): 16
thbToBellsMapping[patch].size(): 16
thbToBellsMapping[patch].size(): 16
thbToBellsMapping[patch].size(): 16
thbToBellsMapping[patch].size(): 16
thbToBellsMapping[patch].size(): 16
thbToBellsMapping[patch].size(): 16
thbToBellsMapping[patch].size(): 16
thbToBellsMapping[patch].size(): 24
thbToBellsMapping[patch].size(): 16
thbToBellsMapping[patch].size(): 16
thbToBellsMapping[patch].size(): 16
thbToBellsMapping[patch].size(): 16
thbToBellsMapping[patch].size(): 16
thbToBellsMapping[patch].size(): 16
thbToBellsMapping[patch].size(): 19
thbToBellsMapping[patch].size(): 16
thbToBellsMapping[patch].size(): 19
thbToBellsMapping[patch].size(): 16
thbToBellsMapping[patch].size(): 19
[mapPrev] newSize=264 carried=254 new(zero)=10
[mpbes-init] vectSol assigned from prevSol patch=5 levNow=1 attempt=3 rows=264 cols=2 nonZeroRows=254
[fitting-mode] attempt context: mode=globalFitting patch=5 levNow=1 attempt=3
[local-region] attempt context: patch=5 levNow=1 attempt=3 lambda=0 basisSelected=0/0 uvBefore=2100 uvAfter=2100
[assemble] custom-point layout per patch:
  patch=0 uv.cols=100
  patch=1 uv.cols=100
  patch=2 uv.cols=100
  patch=3 uv.cols=100
  patch=4 uv.cols=100
  patch=5 uv.cols=100
  patch=6 uv.cols=100
  patch=7 uv.cols=100
  patch=8 uv.cols=100
  patch=9 uv.cols=100
  patch=10 uv.cols=100
  patch=11 uv.cols=100
  patch=12 uv.cols=100
  patch=13 uv.cols=100
  patch=14 uv.cols=100
  patch=15 uv.cols=100
  patch=16 uv.cols=100
  patch=17 uv.cols=100
  patch=18 uv.cols=100
  patch=19 uv.cols=100
  patch=20 uv.cols=100
[assemble] resize A_mat(2100,264), b_vec(2100,2)
[assemble] after resize: A_mat.rows=2100 cols=264 b_vec.rows=2100 cols=2
[assemble] mode=global A cols=264
[fit-solve] matA sparse rows=2100 cols=264 nonZeros=14320
[fit-solve] matA nonFiniteEntries=0
[fit-solve] column mapping source=identity/global
[fit-solve] dynamic column reduction: selected=264 / 264
[fit-solve] matA rows=2100 cols=264
[fit-solve] informative column reduction: selected=264 / 264
[fit-solve] matA_solve rows=2100 cols=264
[fit-solve] dropped active/global columns by informative reduction begin
[fit-solve] dropped active/global columns by informative reduction end
[fit-solve] vectB(before At*b) rows=2100 cols=2
[fit-solve] vectB(before At*b) nonFiniteEntries=0
[fit-solve] sparse AtA: 264x264 nnz=4188
fit took: 0.126671
[fit-solve] vectSol(after solve) rows=264 cols=2
[fit-solve] vectSol merge: seededFromOriginal=1 overwrittenRows=264 basisMaskApplied=0
[fit-solve] vectSol(after solve) nonFiniteEntries=0
Solve finished. vectSol.rows()=264, cols=2
matCbefore
2.13163e-14
matCafter
0.0336298
Total irregular points: 0
jack took: 0.0662257 (pts/patch=20^2=400)
Irregular points: 0 / 8400 (0%)
minusnumber: 0
[assemble] custom-point layout per patch:
  patch=0 uv.cols=20
  patch=1 uv.cols=30
  patch=2 uv.cols=20
  patch=3 uv.cols=30
  patch=4 uv.cols=20
  patch=5 uv.cols=20
  patch=6 uv.cols=20
  patch=7 uv.cols=20
  patch=8 uv.cols=20
  patch=9 uv.cols=30
  patch=10 uv.cols=20
  patch=11 uv.cols=30
  patch=12 uv.cols=20
  patch=13 uv.cols=30
  patch=14 uv.cols=20
  patch=15 uv.cols=30
  patch=16 uv.cols=20
  patch=17 uv.cols=20
  patch=18 uv.cols=20
  patch=19 uv.cols=20
  patch=20 uv.cols=20
[assemble] resize A_mat(480,264), b_vec(480,2)
[assemble] after resize: A_mat.rows=480 cols=264 b_vec.rows=480 cols=2
Global fitting error stats: max=0.0519446, rms=0.00595737, samples=2100, maxAtPatch=16, maxAtLocalPoint=84
Global fitting max sample: uv=(0.444444,0.888889), xFit=(1.0484,1.96954), target=(1.0971,1.98762)
globalError: 0.0519446
featureError: 0.0186862
assemblyBoundaryError: 0.0186862
minusnumber: 0
Success! iteration = 1, coarselevel = 1
TOTALSIZE: 16
ACCEPTEDSIZE: 16
0	0	2	2	
nonCheckedCells.size() has become: 0
[geo-coarsen] useGeo=1 cells=4 firstIndex=0 firstBox=[1,1,2,2]
[geo-coarsen] useGeo=1 cells=4 firstIndex=1 firstBox=[0,1,1,2]
[geo-coarsen] useGeo=1 cells=4 firstIndex=0 firstBox=[1,1,2,2]
[geo-coarsen] useGeo=1 cells=4 firstIndex=3 firstBox=[0,0,1,1]
[coarsen-group] size=4 patches: 9 16 18 20 delta=0.4
[geo-coarsen] useGeo=1 cells=4 firstIndex=0 firstBox=[1,1,2,2]
CREATE C BOX:
ourBOX is 
2 2 0 4 4 

=== Box Consistency Check ===
Patch 9 has 3 boxes

Box domains:
Box 0: u=[0.5, 1] x v=[0.5, 1] (area=0.25)
Box 1: u=[0, 0.5] x v=[0, 1] (area=0.5)
Box 2: u=[0.5, 1] x v=[0, 0.5] (area=0.25)

Checking for overlaps:
  No overlaps detected (boundaries may touch)

Total area covered: 1 (target: 1.0)

SUCCESS: Boxes are consistent (no overlaps, full coverage)
Truncated basis of dimension 2,
levels=1, size=9, tree_nodes=1).
Domain: [0 0]..[1 1].
Size per level: 9 

0; 1; 1; 1; 2; 2; 
1; 1; 0; 0; 1; 2; 
2; 2; 2; 0; 4; 2; 
1 1 1 2 2
2 2 0 4 2
1 0 0 1 2
Truncated basis of dimension 2,
levels=3, size=19, tree_nodes=5).
Domain: [0 0]..[1 1].
Size per level: 0 15 4 

[primary coarsen] patch=9 cells=4 THBsize=19
CREATE C BOX:
ourBOX is 
2 0 2 2 4 
[co-patch coarsen] patch=16 RTH=1
[co-patch coarsen] patch=16 THBsize=16
CREATE C BOX:
ourBOX is 
2 2 2 4 4 
[co-patch coarsen] patch=18 RTH=1
[co-patch coarsen] patch=18 THBsize=16
CREATE C BOX:
ourBOX is 
2 0 0 2 2 
[co-patch coarsen] patch=20 RTH=1
[co-patch coarsen] patch=20 THBsize=16
1 1 1 1 1 1 1 1 1 1 1 1 1 1 1 1 1 1 1
creating the index mapping
thbToBellsMapping[patch].size(): 16
thbToBellsMapping[patch].size(): 16
thbToBellsMapping[patch].size(): 16
thbToBellsMapping[patch].size(): 16
thbToBellsMapping[patch].size(): 16
thbToBellsMapping[patch].size(): 16
thbToBellsMapping[patch].size(): 16
thbToBellsMapping[patch].size(): 16
thbToBellsMapping[patch].size(): 16
thbToBellsMapping[patch].size(): 19
thbToBellsMapping[patch].size(): 16
thbToBellsMapping[patch].size(): 16
thbToBellsMapping[patch].size(): 16
thbToBellsMapping[patch].size(): 16
thbToBellsMapping[patch].size(): 16
thbToBellsMapping[patch].size(): 16
thbToBellsMapping[patch].size(): 16
thbToBellsMapping[patch].size(): 16
thbToBellsMapping[patch].size(): 16
thbToBellsMapping[patch].size(): 16
thbToBellsMapping[patch].size(): 16
[mapPrev] newSize=244 carried=244 new(zero)=0
[mpbes-init] vectSol assigned from prevSol patch=9 levNow=1 attempt=4 rows=244 cols=2 nonZeroRows=244
[fitting-mode] attempt context: mode=globalFitting patch=9 levNow=1 attempt=4
[local-region] attempt context: patch=9 levNow=1 attempt=4 lambda=0 basisSelected=0/0 uvBefore=2100 uvAfter=2100
[assemble] custom-point layout per patch:
  patch=0 uv.cols=100
  patch=1 uv.cols=100
  patch=2 uv.cols=100
  patch=3 uv.cols=100
  patch=4 uv.cols=100
  patch=5 uv.cols=100
  patch=6 uv.cols=100
  patch=7 uv.cols=100
  patch=8 uv.cols=100
  patch=9 uv.cols=100
  patch=10 uv.cols=100
  patch=11 uv.cols=100
  patch=12 uv.cols=100
  patch=13 uv.cols=100
  patch=14 uv.cols=100
  patch=15 uv.cols=100
  patch=16 uv.cols=100
  patch=17 uv.cols=100
  patch=18 uv.cols=100
  patch=19 uv.cols=100
  patch=20 uv.cols=100
[assemble] resize A_mat(2100,244), b_vec(2100,2)
[assemble] after resize: A_mat.rows=2100 cols=244 b_vec.rows=2100 cols=2
[assemble] mode=global A cols=244
[fit-solve] matA sparse rows=2100 cols=244 nonZeros=14220
[fit-solve] matA nonFiniteEntries=0
[fit-solve] column mapping source=identity/global
[fit-solve] dynamic column reduction: selected=244 / 244
[fit-solve] matA rows=2100 cols=244
[fit-solve] informative column reduction: selected=244 / 244
[fit-solve] matA_solve rows=2100 cols=244
[fit-solve] dropped active/global columns by informative reduction begin
[fit-solve] dropped active/global columns by informative reduction end
[fit-solve] vectB(before At*b) rows=2100 cols=2
[fit-solve] vectB(before At*b) nonFiniteEntries=0
[fit-solve] sparse AtA: 244x244 nnz=3852
fit took: 0.10233
[fit-solve] vectSol(after solve) rows=244 cols=2
[fit-solve] vectSol merge: seededFromOriginal=1 overwrittenRows=244 basisMaskApplied=0
[fit-solve] vectSol(after solve) nonFiniteEntries=0
Solve finished. vectSol.rows()=244, cols=2
matCbefore
2.13163e-14
matCafter
0.0406765
Total irregular points: 0
jack took: 0.0365465 (pts/patch=20^2=400)
Irregular points: 0 / 8400 (0%)
minusnumber: 0
[assemble] custom-point layout per patch:
  patch=0 uv.cols=20
  patch=1 uv.cols=30
  patch=2 uv.cols=20
  patch=3 uv.cols=30
  patch=4 uv.cols=20
  patch=5 uv.cols=20
  patch=6 uv.cols=20
  patch=7 uv.cols=20
  patch=8 uv.cols=20
  patch=9 uv.cols=30
  patch=10 uv.cols=20
  patch=11 uv.cols=30
  patch=12 uv.cols=20
  patch=13 uv.cols=30
  patch=14 uv.cols=20
  patch=15 uv.cols=30
  patch=16 uv.cols=20
  patch=17 uv.cols=20
  patch=18 uv.cols=20
  patch=19 uv.cols=20
  patch=20 uv.cols=20
[assemble] resize A_mat(480,244), b_vec(480,2)
[assemble] after resize: A_mat.rows=480 cols=244 b_vec.rows=480 cols=2
Global fitting error stats: max=0.056865, rms=0.00709523, samples=2100, maxAtPatch=16, maxAtLocalPoint=80
Global fitting max sample: uv=(0,0.888889), xFit=(1.33607,2.06056), target=(1.38766,2.08447)
globalError: 0.056865
featureError: 0.0227695
assemblyBoundaryError: 0.0227695
minusnumber: 0
Feature conditions are violated
FIT regular but error/feature tolerance not met (globalError=0.056865, featureError=0.0227695). Withdrawing candidate.
Escape time: 2026-07-28 11:54:47 (+16.3455s, 16.309s without jacobian checks)
nonCheckedCells.size() has become: 1
[geo-coarsen] useGeo=1 cells=4 firstIndex=2 firstBox=[1,0,2,1]
[geo-coarsen] useGeo=1 cells=4 firstIndex=1 firstBox=[0,1,1,2]
[geo-coarsen] useGeo=1 cells=4 firstIndex=0 firstBox=[1,1,2,2]
[geo-coarsen] useGeo=1 cells=4 firstIndex=3 firstBox=[0,0,1,1]
[coarsen-group] size=3 patches: 16 18 20 delta=0.4
[geo-coarsen] useGeo=1 cells=4 firstIndex=1 firstBox=[0,1,1,2]

=== Box Consistency Check ===
Patch 16 has 1 boxes

Box domains:
Box 0: u=[0, 1] x v=[0, 1] (area=1)

Checking for overlaps:
  No overlaps detected (boundaries may touch)

Total area covered: 1 (target: 1.0)

SUCCESS: Boxes are consistent (no overlaps, full coverage)

*** EMERGENCY: No spline created ***
Configuration: Patch 16, Level 1, Attempt 4
createSpline condition: 0

boxMat(patch) contents (lastNonZeroRow=1):
Box 0: 1 0 0 2 2
nonCheckedCells.size() has become: 0
FINISHED
[geo-coarsen] useGeo=1 cells=4 firstIndex=2 firstBox=[1,0,2,1]
[geo-coarsen] useGeo=1 cells=4 firstIndex=0 firstBox=[1,1,2,2]
[geo-coarsen] useGeo=1 cells=4 firstIndex=3 firstBox=[0,0,1,1]
[coarsen-group] size=2 patches: 18 20 delta=0.4
[geo-coarsen] useGeo=1 cells=4 firstIndex=0 firstBox=[1,1,2,2]

=== Box Consistency Check ===
Patch 18 has 1 boxes

Box domains:
Box 0: u=[0, 1] x v=[0, 1] (area=1)

Checking for overlaps:
  No overlaps detected (boundaries may touch)

Total area covered: 1 (target: 1.0)

SUCCESS: Boxes are consistent (no overlaps, full coverage)

*** EMERGENCY: No spline created ***
Configuration: Patch 18, Level 1, Attempt 5
createSpline condition: 0

boxMat(patch) contents (lastNonZeroRow=1):
Box 0: 1 0 0 2 2
nonCheckedCells.size() has become: 0
FINISHED
[geo-coarsen] useGeo=1 cells=4 firstIndex=2 firstBox=[1,0,2,1]
[geo-coarsen] useGeo=1 cells=4 firstIndex=3 firstBox=[0,0,1,1]
[geo-coarsen] useGeo=1 cells=4 firstIndex=3 firstBox=[0,0,1,1]

=== Box Consistency Check ===
Patch 20 has 1 boxes

Box domains:
Box 0: u=[0, 1] x v=[0, 1] (area=1)

Checking for overlaps:
  No overlaps detected (boundaries may touch)

Total area covered: 1 (target: 1.0)

SUCCESS: Boxes are consistent (no overlaps, full coverage)

*** EMERGENCY: No spline created ***
Configuration: Patch 20, Level 1, Attempt 6
createSpline condition: 0

boxMat(patch) contents (lastNonZeroRow=1):
Box 0: 1 0 0 2 2
nonCheckedCells.size() has become: 0
FINISHED
[geo-coarsen] useGeo=1 cells=4 firstIndex=2 firstBox=[1,0,2,1]
[geo-coarsen] useGeo=1 cells=4 firstIndex=2 firstBox=[1,0,2,1]
CREATE C BOX:
ourBOX is 
2 2 0 4 2 

=== Box Consistency Check ===
Patch 9 has 3 boxes

Box domains:
Box 0: u=[0.5, 1] x v=[0.5, 1] (area=0.25)
Box 1: u=[0.5, 1] x v=[0, 0.5] (area=0.25)
Box 2: u=[0, 0.5] x v=[0, 1] (area=0.5)

Checking for overlaps:
  No overlaps detected (boundaries may touch)

Total area covered: 1 (target: 1.0)

SUCCESS: Boxes are consistent (no overlaps, full coverage)
Truncated basis of dimension 2,
levels=1, size=9, tree_nodes=1).
Domain: [0 0]..[1 1].
Size per level: 9 

0; 1; 1; 1; 2; 2; 
1; 1; 1; 0; 2; 1; 
2; 1; 0; 0; 1; 2; 
1 0 0 2 2
Truncated basis of dimension 2,
levels=2, size=16, tree_nodes=1).
Domain: [0 0]..[1 1].
Size per level: 0 16 

[primary coarsen] patch=9 cells=4 THBsize=16
1 1 1 1 1 1 1 1 1 1 1 1 1 1 1 1
creating the index mapping
thbToBellsMapping[patch].size(): 16
thbToBellsMapping[patch].size(): 16
thbToBellsMapping[patch].size(): 16
thbToBellsMapping[patch].size(): 16
thbToBellsMapping[patch].size(): 16
thbToBellsMapping[patch].size(): 16
thbToBellsMapping[patch].size(): 16
thbToBellsMapping[patch].size(): 16
thbToBellsMapping[patch].size(): 16
thbToBellsMapping[patch].size(): 16
thbToBellsMapping[patch].size(): 16
thbToBellsMapping[patch].size(): 16
thbToBellsMapping[patch].size(): 16
thbToBellsMapping[patch].size(): 16
thbToBellsMapping[patch].size(): 16
thbToBellsMapping[patch].size(): 16
thbToBellsMapping[patch].size(): 16
thbToBellsMapping[patch].size(): 16
thbToBellsMapping[patch].size(): 16
thbToBellsMapping[patch].size(): 16
thbToBellsMapping[patch].size(): 16
[mapPrev] newSize=240 carried=240 new(zero)=0
[mpbes-init] vectSol assigned from prevSol patch=9 levNow=1 attempt=7 rows=240 cols=2 nonZeroRows=240
[fitting-mode] attempt context: mode=globalFitting patch=9 levNow=1 attempt=7
[local-region] attempt context: patch=9 levNow=1 attempt=7 lambda=0 basisSelected=0/0 uvBefore=2100 uvAfter=2100
[assemble] custom-point layout per patch:
  patch=0 uv.cols=100
  patch=1 uv.cols=100
  patch=2 uv.cols=100
  patch=3 uv.cols=100
  patch=4 uv.cols=100
  patch=5 uv.cols=100
  patch=6 uv.cols=100
  patch=7 uv.cols=100
  patch=8 uv.cols=100
  patch=9 uv.cols=100
  patch=10 uv.cols=100
  patch=11 uv.cols=100
  patch=12 uv.cols=100
  patch=13 uv.cols=100
  patch=14 uv.cols=100
  patch=15 uv.cols=100
  patch=16 uv.cols=100
  patch=17 uv.cols=100
  patch=18 uv.cols=100
  patch=19 uv.cols=100
  patch=20 uv.cols=100
[assemble] resize A_mat(2100,240), b_vec(2100,2)
[assemble] after resize: A_mat.rows=2100 cols=240 b_vec.rows=2100 cols=2
[assemble] mode=global A cols=240
[fit-solve] matA sparse rows=2100 cols=240 nonZeros=14196
[fit-solve] matA nonFiniteEntries=0
[fit-solve] column mapping source=identity/global
[fit-solve] dynamic column reduction: selected=240 / 240
[fit-solve] matA rows=2100 cols=240
[fit-solve] informative column reduction: selected=240 / 240
[fit-solve] matA_solve rows=2100 cols=240
[fit-solve] dropped active/global columns by informative reduction begin
[fit-solve] dropped active/global columns by informative reduction end
[fit-solve] vectB(before At*b) rows=2100 cols=2
[fit-solve] vectB(before At*b) nonFiniteEntries=0
[fit-solve] sparse AtA: 240x240 nnz=3780
fit took: 0.110375
[fit-solve] vectSol(after solve) rows=240 cols=2
[fit-solve] vectSol merge: seededFromOriginal=1 overwrittenRows=240 basisMaskApplied=0
[fit-solve] vectSol(after solve) nonFiniteEntries=0
Solve finished. vectSol.rows()=240, cols=2
matCbefore
3.55271e-14
matCafter
0.0406781
Total irregular points: 0
jack took: 0.0291577 (pts/patch=20^2=400)
Irregular points: 0 / 8400 (0%)
minusnumber: 0
[assemble] custom-point layout per patch:
  patch=0 uv.cols=20
  patch=1 uv.cols=30
  patch=2 uv.cols=20
  patch=3 uv.cols=30
  patch=4 uv.cols=20
  patch=5 uv.cols=20
  patch=6 uv.cols=20
  patch=7 uv.cols=20
  patch=8 uv.cols=20
  patch=9 uv.cols=30
  patch=10 uv.cols=20
  patch=11 uv.cols=30
  patch=12 uv.cols=20
  patch=13 uv.cols=30
  patch=14 uv.cols=20
  patch=15 uv.cols=30
  patch=16 uv.cols=20
  patch=17 uv.cols=20
  patch=18 uv.cols=20
  patch=19 uv.cols=20
  patch=20 uv.cols=20
[assemble] resize A_mat(480,240), b_vec(480,2)
[assemble] after resize: A_mat.rows=480 cols=240 b_vec.rows=480 cols=2
Global fitting error stats: max=0.0568679, rms=0.00709545, samples=2100, maxAtPatch=16, maxAtLocalPoint=80
Global fitting max sample: uv=(0,0.888889), xFit=(1.33606,2.06055), target=(1.38766,2.08447)
globalError: 0.0568679
featureError: 0.0227708
assemblyBoundaryError: 0.0227708
minusnumber: 0
Feature conditions are violated
FIT regular but error/feature tolerance not met (globalError=0.0568679, featureError=0.0227708). Withdrawing candidate.
Escape time: 2026-07-28 11:54:47 (+16.5907s, 16.5615s without jacobian checks)
nonCheckedCells.size() has become: 0
Saving after-iter1 mesh: yeti_mp2_thb_approximation_fine_L3_output_mesh_after_iter1_lev1
interface between 0:south(3) and 5:east (2) [ 0~(+1) ]
[topology-preflight] interface=0 patches=(0,5) mirrored=(1,0) rawSides=(3,2) canonicalSides=(3,2) orientation=same
interface between 0:north(4) and 1:south(3) [ 0~(+0) ]
[topology-preflight] interface=1 patches=(0,1) mirrored=(1,1) rawSides=(4,3) canonicalSides=(4,3) orientation=same
interface between 1:west (1) and 6:east (2) [ 1~(+1) ]
[topology-preflight] interface=2 patches=(1,6) mirrored=(1,1) rawSides=(1,2) canonicalSides=(1,2) orientation=same
interface between 1:north(4) and 2:south(3) [ 0~(+0) ]
[topology-preflight] interface=3 patches=(1,2) mirrored=(1,1) rawSides=(4,3) canonicalSides=(4,3) orientation=same
interface between 2:north(4) and 3:south(3) [ 0~(+0) ]
[topology-preflight] interface=4 patches=(2,3) mirrored=(1,1) rawSides=(4,3) canonicalSides=(4,3) orientation=same
interface between 3:west (1) and 7:east (2) [ 1~(+1) ]
[topology-preflight] interface=5 patches=(3,7) mirrored=(1,1) rawSides=(1,2) canonicalSides=(1,2) orientation=same
interface between 3:north(4) and 4:south(3) [ 0~(+0) ]
[topology-preflight] interface=6 patches=(3,4) mirrored=(1,1) rawSides=(4,3) canonicalSides=(4,3) orientation=same
interface between 4:north(4) and 8:east (2) [ 0~(+1) ]
[topology-preflight] interface=7 patches=(4,8) mirrored=(1,1) rawSides=(4,2) canonicalSides=(4,2) orientation=same
interface between 5:west (1) and 9:east (2) [ 1~(+1) ]
[topology-preflight] interface=8 patches=(5,9) mirrored=(0,0) rawSides=(1,2) canonicalSides=(1,2) orientation=same
interface between 6:west (1) and 11:east (2) [ 1~(+1) ]
[topology-preflight] interface=9 patches=(6,11) mirrored=(1,1) rawSides=(1,2) canonicalSides=(1,2) orientation=same
interface between 7:west (1) and 13:east (2) [ 1~(+1) ]
[topology-preflight] interface=10 patches=(7,13) mirrored=(1,1) rawSides=(1,2) canonicalSides=(1,2) orientation=same
interface between 8:west (1) and 15:east (2) [ 1~(+1) ]
[topology-preflight] interface=11 patches=(8,15) mirrored=(1,1) rawSides=(1,2) canonicalSides=(1,2) orientation=same
interface between 9:west (1) and 16:south(3) [ 1~(+0) ]
[topology-preflight] interface=12 patches=(9,16) mirrored=(0,0) rawSides=(1,3) canonicalSides=(1,3) orientation=same
interface between 9:south(3) and 10:south(3) [ 0~(+0) ]
[topology-preflight] interface=13 patches=(9,10) mirrored=(0,1) rawSides=(3,3) canonicalSides=(3,3) orientation=same
interface between 10:north(4) and 11:south(3) [ 0~(+0) ]
[topology-preflight] interface=14 patches=(10,11) mirrored=(1,1) rawSides=(4,3) canonicalSides=(4,3) orientation=same
interface between 11:north(4) and 12:south(3) [ 0~(+0) ]
[topology-preflight] interface=15 patches=(11,12) mirrored=(1,1) rawSides=(4,3) canonicalSides=(4,3) orientation=same
interface between 12:north(4) and 13:south(3) [ 0~(+0) ]
[topology-preflight] interface=16 patches=(12,13) mirrored=(1,1) rawSides=(4,3) canonicalSides=(4,3) orientation=same
interface between 13:north(4) and 14:south(3) [ 0~(+0) ]
[topology-preflight] interface=17 patches=(13,14) mirrored=(1,1) rawSides=(4,3) canonicalSides=(4,3) orientation=same
interface between 14:north(4) and 15:south(3) [ 0~(+0) ]
[topology-preflight] interface=18 patches=(14,15) mirrored=(1,1) rawSides=(4,3) canonicalSides=(4,3) orientation=same
interface between 15:west (1) and 20:north(4) [ 1~(+0) ]
[topology-preflight] interface=19 patches=(15,20) mirrored=(1,0) rawSides=(1,4) canonicalSides=(1,4) orientation=same
[investigate-interface] stage=orientThePatches interface=19 patches=(15,20) rawSides=(1,4) canonicalSides=(1,4) mirrored=(1,0) featureSides=(U0,V1) orientation=same
interface between 16:north(4) and 17:south(3) [ 0~(+0) ]
[topology-preflight] interface=20 patches=(16,17) mirrored=(0,0) rawSides=(4,3) canonicalSides=(4,3) orientation=same
interface between 17:north(4) and 18:south(3) [ 0~(+0) ]
[topology-preflight] interface=21 patches=(17,18) mirrored=(0,0) rawSides=(4,3) canonicalSides=(4,3) orientation=same
interface between 18:north(4) and 19:south(3) [ 0~(+0) ]
[topology-preflight] interface=22 patches=(18,19) mirrored=(0,0) rawSides=(4,3) canonicalSides=(4,3) orientation=same
interface between 19:north(4) and 20:south(3) [ 0~(+0) ]
[topology-preflight] interface=23 patches=(19,20) mirrored=(0,0) rawSides=(4,3) canonicalSides=(4,3) orientation=same
[geo-coarsen] useGeo=1 cells=2 firstIndex=0 firstBox=[0,0,1,1]
[geo-coarsen] useGeo=1 cells=2 firstIndex=0 firstBox=[0,0,1,1]
[geo-coarsen] useGeo=1 cells=2 firstIndex=0 firstBox=[0,0,1,1]
[geo-coarsen] useGeo=1 cells=2 firstIndex=0 firstBox=[0,0,1,1]
[geo-coarsen] useGeo=1 cells=2 firstIndex=0 firstBox=[0,0,1,1]
[geo-coarsen] useGeo=1 cells=2 firstIndex=0 firstBox=[0,0,1,1]
[geo-coarsen] useGeo=1 cells=2 firstIndex=0 firstBox=[0,0,1,1]
[coarsen-group] size=2 patches: 5 19 delta=0.2
[geo-coarsen] useGeo=1 cells=2 firstIndex=0 firstBox=[0,0,1,1]
CREATE C BOX:
ourBOX is 
1 0 0 2 2 

=== Box Consistency Check ===
Patch 5 has 1 boxes

Box domains:
Box 0: u=[0, 1] x v=[0, 1] (area=1)

Checking for overlaps:
  No overlaps detected (boundaries may touch)

Total area covered: 1 (target: 1.0)

SUCCESS: Boxes are consistent (no overlaps, full coverage)
Truncated basis of dimension 2,
levels=1, size=9, tree_nodes=1).
Domain: [0 0]..[1 1].
Size per level: 9 

0; 0; 0; 0; 1; 1; 
0 0 0 1 1
Truncated basis of dimension 2,
levels=1, size=9, tree_nodes=1).
Domain: [0 0]..[1 1].
Size per level: 9 

[primary coarsen] patch=5 cells=2 THBsize=9
CREATE C BOX:
ourBOX is 
1 0 0 2 2 
[co-patch coarsen] patch=19 RTH=1
[co-patch coarsen] patch=19 THBsize=9
1 1 1 1 1 1 1 1 1
creating the index mapping
thbToBellsMapping[patch].size(): 16
thbToBellsMapping[patch].size(): 16
thbToBellsMapping[patch].size(): 16
thbToBellsMapping[patch].size(): 16
thbToBellsMapping[patch].size(): 16
thbToBellsMapping[patch].size(): 9
thbToBellsMapping[patch].size(): 16
thbToBellsMapping[patch].size(): 16
thbToBellsMapping[patch].size(): 16
thbToBellsMapping[patch].size(): 16
thbToBellsMapping[patch].size(): 16
thbToBellsMapping[patch].size(): 16
thbToBellsMapping[patch].size(): 16
thbToBellsMapping[patch].size(): 16
thbToBellsMapping[patch].size(): 16
thbToBellsMapping[patch].size(): 16
thbToBellsMapping[patch].size(): 16
thbToBellsMapping[patch].size(): 16
thbToBellsMapping[patch].size(): 16
thbToBellsMapping[patch].size(): 9
thbToBellsMapping[patch].size(): 16
[mapPrev] newSize=242 carried=224 new(zero)=18
[mpbes-init] vectSol assigned from prevSol patch=5 levNow=0 attempt=0 rows=242 cols=2 nonZeroRows=224
[fitting-mode] attempt context: mode=globalFitting patch=5 levNow=0 attempt=0
[local-region] attempt context: patch=5 levNow=0 attempt=0 lambda=0 basisSelected=0/0 uvBefore=2100 uvAfter=2100
[assemble] custom-point layout per patch:
  patch=0 uv.cols=100
  patch=1 uv.cols=100
  patch=2 uv.cols=100
  patch=3 uv.cols=100
  patch=4 uv.cols=100
  patch=5 uv.cols=100
  patch=6 uv.cols=100
  patch=7 uv.cols=100
  patch=8 uv.cols=100
  patch=9 uv.cols=100
  patch=10 uv.cols=100
  patch=11 uv.cols=100
  patch=12 uv.cols=100
  patch=13 uv.cols=100
  patch=14 uv.cols=100
  patch=15 uv.cols=100
  patch=16 uv.cols=100
  patch=17 uv.cols=100
  patch=18 uv.cols=100
  patch=19 uv.cols=100
  patch=20 uv.cols=100
[assemble] resize A_mat(2100,242), b_vec(2100,2)
[assemble] after resize: A_mat.rows=2100 cols=242 b_vec.rows=2100 cols=2
[assemble] mode=global A cols=242
[fit-solve] matA sparse rows=2100 cols=242 nonZeros=14196
[fit-solve] matA nonFiniteEntries=0
[fit-solve] column mapping source=identity/global
[fit-solve] dynamic column reduction: selected=242 / 242
[fit-solve] matA rows=2100 cols=242
[fit-solve] informative column reduction: selected=242 / 242
[fit-solve] matA_solve rows=2100 cols=242
[fit-solve] dropped active/global columns by informative reduction begin
[fit-solve] dropped active/global columns by informative reduction end
[fit-solve] vectB(before At*b) rows=2100 cols=2
[fit-solve] vectB(before At*b) nonFiniteEntries=0
[fit-solve] sparse AtA: 242x242 nnz=3606
fit took: 0.105966
[fit-solve] vectSol(after solve) rows=242 cols=2
[fit-solve] vectSol merge: seededFromOriginal=1 overwrittenRows=242 basisMaskApplied=0
[fit-solve] vectSol(after solve) nonFiniteEntries=0
Solve finished. vectSol.rows()=242, cols=2
matCbefore
2.13163e-14
matCafter
0.0491765
Total irregular points: 0
jack took: 0.0197504 (pts/patch=20^2=400)
Irregular points: 0 / 8400 (0%)
minusnumber: 0
[assemble] custom-point layout per patch:
  patch=0 uv.cols=20
  patch=1 uv.cols=30
  patch=2 uv.cols=20
  patch=3 uv.cols=30
  patch=4 uv.cols=20
  patch=5 uv.cols=20
  patch=6 uv.cols=20
  patch=7 uv.cols=20
  patch=8 uv.cols=20
  patch=9 uv.cols=30
  patch=10 uv.cols=20
  patch=11 uv.cols=30
  patch=12 uv.cols=20
  patch=13 uv.cols=30
  patch=14 uv.cols=20
  patch=15 uv.cols=30
  patch=16 uv.cols=20
  patch=17 uv.cols=20
  patch=18 uv.cols=20
  patch=19 uv.cols=20
  patch=20 uv.cols=20
[assemble] resize A_mat(480,242), b_vec(480,2)
[assemble] after resize: A_mat.rows=480 cols=242 b_vec.rows=480 cols=2
Global fitting error stats: max=0.0568714, rms=0.00938369, samples=2100, maxAtPatch=16, maxAtLocalPoint=80
Global fitting max sample: uv=(0,0.888889), xFit=(1.33606,2.06055), target=(1.38766,2.08447)
globalError: 0.0568714
featureError: 0.0561804
assemblyBoundaryError: 0.0561804
minusnumber: 0
Feature conditions are violated
FIT regular but error/feature tolerance not met (globalError=0.0568714, featureError=0.0561804). Withdrawing candidate.
Escape time: 2026-07-28 11:54:48 (+17.2007s, 17.1809s without jacobian checks)
nonCheckedCells.size() has become: 0
[geo-coarsen] useGeo=1 cells=2 firstIndex=0 firstBox=[0,0,1,1]
[geo-coarsen] useGeo=1 cells=2 firstIndex=0 firstBox=[0,0,1,1]
[geo-coarsen] useGeo=1 cells=2 firstIndex=0 firstBox=[0,0,1,1]
[geo-coarsen] useGeo=1 cells=2 firstIndex=0 firstBox=[0,0,1,1]
[geo-coarsen] useGeo=1 cells=2 firstIndex=0 firstBox=[0,0,1,1]
[geo-coarsen] useGeo=1 cells=2 firstIndex=0 firstBox=[0,0,1,1]
[geo-coarsen] useGeo=1 cells=2 firstIndex=0 firstBox=[0,0,1,1]

=== Box Consistency Check ===
Patch 19 has 1 boxes

Box domains:
Box 0: u=[0, 1] x v=[0, 1] (area=1)

Checking for overlaps:
  No overlaps detected (boundaries may touch)

Total area covered: 1 (target: 1.0)

SUCCESS: Boxes are consistent (no overlaps, full coverage)

*** EMERGENCY: No spline created ***
Configuration: Patch 19, Level 0, Attempt 0
createSpline condition: 0

boxMat(patch) contents (lastNonZeroRow=1):
Box 0: 0 0 0 1 1
nonCheckedCells.size() has become: 0
FINISHED
[geo-coarsen] useGeo=1 cells=2 firstIndex=0 firstBox=[0,0,1,1]
[geo-coarsen] useGeo=1 cells=2 firstIndex=0 firstBox=[0,0,1,1]
[geo-coarsen] useGeo=1 cells=2 firstIndex=0 firstBox=[0,0,1,1]
[geo-coarsen] useGeo=1 cells=2 firstIndex=0 firstBox=[0,0,1,1]
[geo-coarsen] useGeo=1 cells=2 firstIndex=0 firstBox=[0,0,1,1]
[geo-coarsen] useGeo=1 cells=2 firstIndex=0 firstBox=[0,0,1,1]
CREATE C BOX:
ourBOX is 
1 0 0 2 2 

=== Box Consistency Check ===
Patch 17 has 1 boxes

Box domains:
Box 0: u=[0, 1] x v=[0, 1] (area=1)

Checking for overlaps:
  No overlaps detected (boundaries may touch)

Total area covered: 1 (target: 1.0)

SUCCESS: Boxes are consistent (no overlaps, full coverage)
Truncated basis of dimension 2,
levels=1, size=9, tree_nodes=1).
Domain: [0 0]..[1 1].
Size per level: 9 

0; 0; 0; 0; 1; 1; 
0 0 0 1 1
Truncated basis of dimension 2,
levels=1, size=9, tree_nodes=1).
Domain: [0 0]..[1 1].
Size per level: 9 

[primary coarsen] patch=17 cells=2 THBsize=9
1 1 1 1 1 1 1 1 1
creating the index mapping
thbToBellsMapping[patch].size(): 16
thbToBellsMapping[patch].size(): 16
thbToBellsMapping[patch].size(): 16
thbToBellsMapping[patch].size(): 16
thbToBellsMapping[patch].size(): 16
thbToBellsMapping[patch].size(): 9
thbToBellsMapping[patch].size(): 16
thbToBellsMapping[patch].size(): 16
thbToBellsMapping[patch].size(): 16
thbToBellsMapping[patch].size(): 16
thbToBellsMapping[patch].size(): 16
thbToBellsMapping[patch].size(): 16
thbToBellsMapping[patch].size(): 16
thbToBellsMapping[patch].size(): 16
thbToBellsMapping[patch].size(): 16
thbToBellsMapping[patch].size(): 16
thbToBellsMapping[patch].size(): 16
thbToBellsMapping[patch].size(): 9
thbToBellsMapping[patch].size(): 16
thbToBellsMapping[patch].size(): 9
thbToBellsMapping[patch].size(): 16
[mapPrev] newSize=243 carried=216 new(zero)=27
[mpbes-init] vectSol assigned from prevSol patch=17 levNow=0 attempt=1 rows=243 cols=2 nonZeroRows=216
[fitting-mode] attempt context: mode=globalFitting patch=17 levNow=0 attempt=1
[local-region] attempt context: patch=17 levNow=0 attempt=1 lambda=0 basisSelected=0/0 uvBefore=2100 uvAfter=2100
[assemble] custom-point layout per patch:
  patch=0 uv.cols=100
  patch=1 uv.cols=100
  patch=2 uv.cols=100
  patch=3 uv.cols=100
  patch=4 uv.cols=100
  patch=5 uv.cols=100
  patch=6 uv.cols=100
  patch=7 uv.cols=100
  patch=8 uv.cols=100
  patch=9 uv.cols=100
  patch=10 uv.cols=100
  patch=11 uv.cols=100
  patch=12 uv.cols=100
  patch=13 uv.cols=100
  patch=14 uv.cols=100
  patch=15 uv.cols=100
  patch=16 uv.cols=100
  patch=17 uv.cols=100
  patch=18 uv.cols=100
  patch=19 uv.cols=100
  patch=20 uv.cols=100
[assemble] resize A_mat(2100,243), b_vec(2100,2)
[assemble] after resize: A_mat.rows=2100 cols=243 b_vec.rows=2100 cols=2
[assemble] mode=global A cols=243
[fit-solve] matA sparse rows=2100 cols=243 nonZeros=14196
[fit-solve] matA nonFiniteEntries=0
[fit-solve] column mapping source=identity/global
[fit-solve] dynamic column reduction: selected=243 / 243
[fit-solve] matA rows=2100 cols=243
[fit-solve] informative column reduction: selected=243 / 243
[fit-solve] matA_solve rows=2100 cols=243
[fit-solve] dropped active/global columns by informative reduction begin
[fit-solve] dropped active/global columns by informative reduction end
[fit-solve] vectB(before At*b) rows=2100 cols=2
[fit-solve] vectB(before At*b) nonFiniteEntries=0
[fit-solve] sparse AtA: 243x243 nnz=3519
fit took: 0.0969994
[fit-solve] vectSol(after solve) rows=243 cols=2
[fit-solve] vectSol merge: seededFromOriginal=1 overwrittenRows=243 basisMaskApplied=0
[fit-solve] vectSol(after solve) nonFiniteEntries=0
Solve finished. vectSol.rows()=243, cols=2
matCbefore
2.84217e-14
matCafter
0.0491765
Total irregular points: 0
jack took: 0.0296568 (pts/patch=20^2=400)
Irregular points: 0 / 8400 (0%)
minusnumber: 0
[assemble] custom-point layout per patch:
  patch=0 uv.cols=20
  patch=1 uv.cols=30
  patch=2 uv.cols=20
  patch=3 uv.cols=30
  patch=4 uv.cols=20
  patch=5 uv.cols=20
  patch=6 uv.cols=20
  patch=7 uv.cols=20
  patch=8 uv.cols=20
  patch=9 uv.cols=30
  patch=10 uv.cols=20
  patch=11 uv.cols=30
  patch=12 uv.cols=20
  patch=13 uv.cols=30
  patch=14 uv.cols=20
  patch=15 uv.cols=30
  patch=16 uv.cols=20
  patch=17 uv.cols=20
  patch=18 uv.cols=20
  patch=19 uv.cols=20
  patch=20 uv.cols=20
[assemble] resize A_mat(480,243), b_vec(480,2)
[assemble] after resize: A_mat.rows=480 cols=243 b_vec.rows=480 cols=2
Global fitting error stats: max=0.0561804, rms=0.0102831, samples=2100, maxAtPatch=5, maxAtLocalPoint=90
Global fitting max sample: uv=(0,1), xFit=(0.328888,3.4992), target=(0.279711,3.52636)
globalError: 0.0561804
featureError: 0.0561804
assemblyBoundaryError: 0.0561804
minusnumber: 0
Feature conditions are violated
FIT regular but error/feature tolerance not met (globalError=0.0561804, featureError=0.0561804). Withdrawing candidate.
Escape time: 2026-07-28 11:54:48 (+17.4072s, 17.3775s without jacobian checks)
nonCheckedCells.size() has become: 0
[geo-coarsen] useGeo=1 cells=2 firstIndex=0 firstBox=[0,0,1,1]
[geo-coarsen] useGeo=1 cells=2 firstIndex=0 firstBox=[0,0,1,1]
[geo-coarsen] useGeo=1 cells=2 firstIndex=0 firstBox=[0,0,1,1]
[geo-coarsen] useGeo=1 cells=2 firstIndex=0 firstBox=[0,0,1,1]
[coarsen-group] size=3 patches: 16 18 20 delta=0.6
[geo-coarsen] useGeo=1 cells=2 firstIndex=0 firstBox=[0,0,1,1]
CREATE C BOX:
ourBOX is 
1 0 0 2 2 

=== Box Consistency Check ===
Patch 16 has 1 boxes

Box domains:
Box 0: u=[0, 1] x v=[0, 1] (area=1)

Checking for overlaps:
  No overlaps detected (boundaries may touch)

Total area covered: 1 (target: 1.0)

SUCCESS: Boxes are consistent (no overlaps, full coverage)
Truncated basis of dimension 2,
levels=1, size=9, tree_nodes=1).
Domain: [0 0]..[1 1].
Size per level: 9 

0; 0; 0; 0; 1; 1; 
0 0 0 1 1
Truncated basis of dimension 2,
levels=1, size=9, tree_nodes=1).
Domain: [0 0]..[1 1].
Size per level: 9 

[primary coarsen] patch=16 cells=2 THBsize=9
CREATE C BOX:
ourBOX is 
1 0 0 2 2 
[co-patch coarsen] patch=18 RTH=1
[co-patch coarsen] patch=18 THBsize=9
CREATE C BOX:
ourBOX is 
1 0 0 2 2 
[co-patch coarsen] patch=20 RTH=1
[co-patch coarsen] patch=20 THBsize=9
1 1 1 1 1 1 1 1 1
creating the index mapping
thbToBellsMapping[patch].size(): 16
thbToBellsMapping[patch].size(): 16
thbToBellsMapping[patch].size(): 16
thbToBellsMapping[patch].size(): 16
thbToBellsMapping[patch].size(): 16
thbToBellsMapping[patch].size(): 9
thbToBellsMapping[patch].size(): 16
thbToBellsMapping[patch].size(): 16
thbToBellsMapping[patch].size(): 16
thbToBellsMapping[patch].size(): 16
thbToBellsMapping[patch].size(): 16
thbToBellsMapping[patch].size(): 16
thbToBellsMapping[patch].size(): 16
thbToBellsMapping[patch].size(): 16
thbToBellsMapping[patch].size(): 16
thbToBellsMapping[patch].size(): 16
thbToBellsMapping[patch].size(): 9
thbToBellsMapping[patch].size(): 9
thbToBellsMapping[patch].size(): 9
thbToBellsMapping[patch].size(): 9
thbToBellsMapping[patch].size(): 9
[mapPrev] newSize=218 carried=176 new(zero)=42
[mpbes-init] vectSol assigned from prevSol patch=16 levNow=0 attempt=1 rows=218 cols=2 nonZeroRows=176
[fitting-mode] attempt context: mode=globalFitting patch=16 levNow=0 attempt=1
[local-region] attempt context: patch=16 levNow=0 attempt=1 lambda=0 basisSelected=0/0 uvBefore=2100 uvAfter=2100
[assemble] custom-point layout per patch:
  patch=0 uv.cols=100
  patch=1 uv.cols=100
  patch=2 uv.cols=100
  patch=3 uv.cols=100
  patch=4 uv.cols=100
  patch=5 uv.cols=100
  patch=6 uv.cols=100
  patch=7 uv.cols=100
  patch=8 uv.cols=100
  patch=9 uv.cols=100
  patch=10 uv.cols=100
  patch=11 uv.cols=100
  patch=12 uv.cols=100
  patch=13 uv.cols=100
  patch=14 uv.cols=100
  patch=15 uv.cols=100
  patch=16 uv.cols=100
  patch=17 uv.cols=100
  patch=18 uv.cols=100
  patch=19 uv.cols=100
  patch=20 uv.cols=100
[assemble] resize A_mat(2100,218), b_vec(2100,2)
[assemble] after resize: A_mat.rows=2100 cols=218 b_vec.rows=2100 cols=2
[assemble] mode=global A cols=218
[fit-solve] matA sparse rows=2100 cols=218 nonZeros=14196
[fit-solve] matA nonFiniteEntries=0
[fit-solve] column mapping source=identity/global
[fit-solve] dynamic column reduction: selected=218 / 218
[fit-solve] matA rows=2100 cols=218
[fit-solve] informative column reduction: selected=218 / 218
[fit-solve] matA_solve rows=2100 cols=218
[fit-solve] dropped active/global columns by informative reduction begin
[fit-solve] dropped active/global columns by informative reduction end
[fit-solve] vectB(before At*b) rows=2100 cols=2
[fit-solve] vectB(before At*b) nonFiniteEntries=0
[fit-solve] sparse AtA: 218x218 nnz=3166
fit took: 0.102726
[fit-solve] vectSol(after solve) rows=218 cols=2
[fit-solve] vectSol merge: seededFromOriginal=1 overwrittenRows=218 basisMaskApplied=0
[fit-solve] vectSol(after solve) nonFiniteEntries=0
Solve finished. vectSol.rows()=218, cols=2
matCbefore
2.13163e-14
matCafter
0.0591129
Total irregular points: 0
jack took: 0.0263885 (pts/patch=20^2=400)
Irregular points: 0 / 8400 (0%)
minusnumber: 0
[assemble] custom-point layout per patch:
  patch=0 uv.cols=20
  patch=1 uv.cols=30
  patch=2 uv.cols=20
  patch=3 uv.cols=30
  patch=4 uv.cols=20
  patch=5 uv.cols=20
  patch=6 uv.cols=20
  patch=7 uv.cols=20
  patch=8 uv.cols=20
  patch=9 uv.cols=30
  patch=10 uv.cols=20
  patch=11 uv.cols=30
  patch=12 uv.cols=20
  patch=13 uv.cols=30
  patch=14 uv.cols=20
  patch=15 uv.cols=30
  patch=16 uv.cols=20
  patch=17 uv.cols=20
  patch=18 uv.cols=20
  patch=19 uv.cols=20
  patch=20 uv.cols=20
[assemble] resize A_mat(480,218), b_vec(480,2)
[assemble] after resize: A_mat.rows=480 cols=218 b_vec.rows=480 cols=2
Global fitting error stats: max=0.0828033, rms=0.0124512, samples=2100, maxAtPatch=16, maxAtLocalPoint=70
Global fitting max sample: uv=(0,0.777778), xFit=(1.15938,2.17617), target=(1.24065,2.19201)
globalError: 0.0828033
featureError: 0.0606845
assemblyBoundaryError: 0.0606845
minusnumber: 0
Feature conditions are violated
FIT regular but error/feature tolerance not met (globalError=0.0828033, featureError=0.0606845). Withdrawing candidate.
Escape time: 2026-07-28 11:54:48 (+17.6114s, 17.585s without jacobian checks)
nonCheckedCells.size() has become: 0
[geo-coarsen] useGeo=1 cells=2 firstIndex=0 firstBox=[0,0,1,1]
[geo-coarsen] useGeo=1 cells=2 firstIndex=0 firstBox=[0,0,1,1]
[geo-coarsen] useGeo=1 cells=2 firstIndex=0 firstBox=[0,0,1,1]
[coarsen-group] size=2 patches: 18 20 delta=0.6
[geo-coarsen] useGeo=1 cells=2 firstIndex=0 firstBox=[0,0,1,1]

=== Box Consistency Check ===
Patch 18 has 1 boxes

Box domains:
Box 0: u=[0, 1] x v=[0, 1] (area=1)

Checking for overlaps:
  No overlaps detected (boundaries may touch)

Total area covered: 1 (target: 1.0)

SUCCESS: Boxes are consistent (no overlaps, full coverage)

*** EMERGENCY: No spline created ***
Configuration: Patch 18, Level 0, Attempt 1
createSpline condition: 0

boxMat(patch) contents (lastNonZeroRow=1):
Box 0: 0 0 0 1 1
nonCheckedCells.size() has become: 0
FINISHED
[geo-coarsen] useGeo=1 cells=2 firstIndex=0 firstBox=[0,0,1,1]
[geo-coarsen] useGeo=1 cells=2 firstIndex=0 firstBox=[0,0,1,1]
[geo-coarsen] useGeo=1 cells=2 firstIndex=0 firstBox=[0,0,1,1]

=== Box Consistency Check ===
Patch 20 has 1 boxes

Box domains:
Box 0: u=[0, 1] x v=[0, 1] (area=1)

Checking for overlaps:
  No overlaps detected (boundaries may touch)

Total area covered: 1 (target: 1.0)

SUCCESS: Boxes are consistent (no overlaps, full coverage)

*** EMERGENCY: No spline created ***
Configuration: Patch 20, Level 0, Attempt 2
createSpline condition: 0

boxMat(patch) contents (lastNonZeroRow=1):
Box 0: 0 0 0 1 1
nonCheckedCells.size() has become: 0
FINISHED
[geo-coarsen] useGeo=1 cells=2 firstIndex=0 firstBox=[0,0,1,1]
[geo-coarsen] useGeo=1 cells=2 firstIndex=0 firstBox=[0,0,1,1]
CREATE C BOX:
ourBOX is 
1 0 0 2 2 

=== Box Consistency Check ===
Patch 9 has 1 boxes

Box domains:
Box 0: u=[0, 1] x v=[0, 1] (area=1)

Checking for overlaps:
  No overlaps detected (boundaries may touch)

Total area covered: 1 (target: 1.0)

SUCCESS: Boxes are consistent (no overlaps, full coverage)
Truncated basis of dimension 2,
levels=1, size=9, tree_nodes=1).
Domain: [0 0]..[1 1].
Size per level: 9 

0; 0; 0; 0; 1; 1; 
0 0 0 1 1
Truncated basis of dimension 2,
levels=1, size=9, tree_nodes=1).
Domain: [0 0]..[1 1].
Size per level: 9 

[primary coarsen] patch=9 cells=2 THBsize=9
1 1 1 1 1 1 1 1 1
creating the index mapping
thbToBellsMapping[patch].size(): 16
thbToBellsMapping[patch].size(): 16
thbToBellsMapping[patch].size(): 16
thbToBellsMapping[patch].size(): 16
thbToBellsMapping[patch].size(): 16
thbToBellsMapping[patch].size(): 9
thbToBellsMapping[patch].size(): 16
thbToBellsMapping[patch].size(): 16
thbToBellsMapping[patch].size(): 16
thbToBellsMapping[patch].size(): 9
thbToBellsMapping[patch].size(): 16
thbToBellsMapping[patch].size(): 16
thbToBellsMapping[patch].size(): 16
thbToBellsMapping[patch].size(): 16
thbToBellsMapping[patch].size(): 16
thbToBellsMapping[patch].size(): 16
thbToBellsMapping[patch].size(): 9
thbToBellsMapping[patch].size(): 9
thbToBellsMapping[patch].size(): 9
thbToBellsMapping[patch].size(): 9
thbToBellsMapping[patch].size(): 9
[mapPrev] newSize=209 carried=164 new(zero)=45
[mpbes-init] vectSol assigned from prevSol patch=9 levNow=0 attempt=3 rows=209 cols=2 nonZeroRows=164
[fitting-mode] attempt context: mode=globalFitting patch=9 levNow=0 attempt=3
[local-region] attempt context: patch=9 levNow=0 attempt=3 lambda=0 basisSelected=0/0 uvBefore=2100 uvAfter=2100
[assemble] custom-point layout per patch:
  patch=0 uv.cols=100
  patch=1 uv.cols=100
  patch=2 uv.cols=100
  patch=3 uv.cols=100
  patch=4 uv.cols=100
  patch=5 uv.cols=100
  patch=6 uv.cols=100
  patch=7 uv.cols=100
  patch=8 uv.cols=100
  patch=9 uv.cols=100
  patch=10 uv.cols=100
  patch=11 uv.cols=100
  patch=12 uv.cols=100
  patch=13 uv.cols=100
  patch=14 uv.cols=100
  patch=15 uv.cols=100
  patch=16 uv.cols=100
  patch=17 uv.cols=100
  patch=18 uv.cols=100
  patch=19 uv.cols=100
  patch=20 uv.cols=100
[assemble] resize A_mat(2100,209), b_vec(2100,2)
[assemble] after resize: A_mat.rows=2100 cols=209 b_vec.rows=2100 cols=2
[assemble] mode=global A cols=209
[fit-solve] matA sparse rows=2100 cols=209 nonZeros=14196
[fit-solve] matA nonFiniteEntries=0
[fit-solve] column mapping source=identity/global
[fit-solve] dynamic column reduction: selected=209 / 209
[fit-solve] matA rows=2100 cols=209
[fit-solve] informative column reduction: selected=209 / 209
[fit-solve] matA_solve rows=2100 cols=209
[fit-solve] dropped active/global columns by informative reduction begin
[fit-solve] dropped active/global columns by informative reduction end
[fit-solve] vectB(before At*b) rows=2100 cols=2
[fit-solve] vectB(before At*b) nonFiniteEntries=0
[fit-solve] sparse AtA: 209x209 nnz=3047
fit took: 0.0983044
[fit-solve] vectSol(after solve) rows=209 cols=2
[fit-solve] vectSol merge: seededFromOriginal=1 overwrittenRows=209 basisMaskApplied=0
[fit-solve] vectSol(after solve) nonFiniteEntries=0
Solve finished. vectSol.rows()=209, cols=2
matCbefore
2.13163e-14
matCafter
0.0609668
Total irregular points: 0
jack took: 0.029995 (pts/patch=20^2=400)
Irregular points: 0 / 8400 (0%)
minusnumber: 0
[assemble] custom-point layout per patch:
  patch=0 uv.cols=20
  patch=1 uv.cols=30
  patch=2 uv.cols=20
  patch=3 uv.cols=30
  patch=4 uv.cols=20
  patch=5 uv.cols=20
  patch=6 uv.cols=20
  patch=7 uv.cols=20
  patch=8 uv.cols=20
  patch=9 uv.cols=30
  patch=10 uv.cols=20
  patch=11 uv.cols=30
  patch=12 uv.cols=20
  patch=13 uv.cols=30
  patch=14 uv.cols=20
  patch=15 uv.cols=30
  patch=16 uv.cols=20
  patch=17 uv.cols=20
  patch=18 uv.cols=20
  patch=19 uv.cols=20
  patch=20 uv.cols=20
[assemble] resize A_mat(480,209), b_vec(480,2)
[assemble] after resize: A_mat.rows=480 cols=209 b_vec.rows=480 cols=2
Global fitting error stats: max=0.0856032, rms=0.012762, samples=2100, maxAtPatch=16, maxAtLocalPoint=70
Global fitting max sample: uv=(0,0.777778), xFit=(1.15638,2.17695), target=(1.24065,2.19201)
globalError: 0.0856032
featureError: 0.0623871
assemblyBoundaryError: 0.0623871
minusnumber: 0
Feature conditions are violated
FIT regular but error/feature tolerance not met (globalError=0.0856032, featureError=0.0623871). Withdrawing candidate.
Escape time: 2026-07-28 11:54:48 (+17.8308s, 17.8008s without jacobian checks)
nonCheckedCells.size() has become: 0
[geo-coarsen] preflight mirrored patch=0, no hierarchy-safe sibling group found; fallback to pickCell at level=0
CREATE C BOX:
ourBOX is 
1 0 0 2 2 

=== Box Consistency Check ===
Patch 0 has 1 boxes

Box domains:
Box 0: u=[0, 1] x v=[0, 1] (area=1)

Checking for overlaps:
  No overlaps detected (boundaries may touch)

Total area covered: 1 (target: 1.0)

SUCCESS: Boxes are consistent (no overlaps, full coverage)
Truncated basis of dimension 2,
levels=1, size=9, tree_nodes=1).
Domain: [0 0]..[1 1].
Size per level: 9 

0; 0; 0; 0; 1; 1; 
0 0 0 1 1
Truncated basis of dimension 2,
levels=1, size=9, tree_nodes=1).
Domain: [0 0]..[1 1].
Size per level: 9 

[primary coarsen] patch=0 cells=1 THBsize=9
1 1 1 1 1 1 1 1 1
creating the index mapping
thbToBellsMapping[patch].size(): 9
thbToBellsMapping[patch].size(): 16
thbToBellsMapping[patch].size(): 16
thbToBellsMapping[patch].size(): 16
thbToBellsMapping[patch].size(): 16
thbToBellsMapping[patch].size(): 9
thbToBellsMapping[patch].size(): 16
thbToBellsMapping[patch].size(): 16
thbToBellsMapping[patch].size(): 16
thbToBellsMapping[patch].size(): 9
thbToBellsMapping[patch].size(): 16
thbToBellsMapping[patch].size(): 16
thbToBellsMapping[patch].size(): 16
thbToBellsMapping[patch].size(): 16
thbToBellsMapping[patch].size(): 16
thbToBellsMapping[patch].size(): 16
thbToBellsMapping[patch].size(): 9
thbToBellsMapping[patch].size(): 9
thbToBellsMapping[patch].size(): 9
thbToBellsMapping[patch].size(): 9
thbToBellsMapping[patch].size(): 9
[mapPrev] newSize=203 carried=152 new(zero)=51
[mpbes-init] vectSol assigned from prevSol patch=0 levNow=0 attempt=3 rows=203 cols=2 nonZeroRows=152
[fitting-mode] attempt context: mode=globalFitting patch=0 levNow=0 attempt=3
[local-region] attempt context: patch=0 levNow=0 attempt=3 lambda=0 basisSelected=0/0 uvBefore=2100 uvAfter=2100
[assemble] custom-point layout per patch:
  patch=0 uv.cols=100
  patch=1 uv.cols=100
  patch=2 uv.cols=100
  patch=3 uv.cols=100
  patch=4 uv.cols=100
  patch=5 uv.cols=100
  patch=6 uv.cols=100
  patch=7 uv.cols=100
  patch=8 uv.cols=100
  patch=9 uv.cols=100
  patch=10 uv.cols=100
  patch=11 uv.cols=100
  patch=12 uv.cols=100
  patch=13 uv.cols=100
  patch=14 uv.cols=100
  patch=15 uv.cols=100
  patch=16 uv.cols=100
  patch=17 uv.cols=100
  patch=18 uv.cols=100
  patch=19 uv.cols=100
  patch=20 uv.cols=100
[assemble] resize A_mat(2100,203), b_vec(2100,2)
[assemble] after resize: A_mat.rows=2100 cols=203 b_vec.rows=2100 cols=2
[assemble] mode=global A cols=203
[fit-solve] matA sparse rows=2100 cols=203 nonZeros=14196
[fit-solve] matA nonFiniteEntries=0
[fit-solve] column mapping source=identity/global
[fit-solve] dynamic column reduction: selected=203 / 203
[fit-solve] matA rows=2100 cols=203
[fit-solve] informative column reduction: selected=203 / 203
[fit-solve] matA_solve rows=2100 cols=203
[fit-solve] dropped active/global columns by informative reduction begin
[fit-solve] dropped active/global columns by informative reduction end
[fit-solve] vectB(before At*b) rows=2100 cols=2
[fit-solve] vectB(before At*b) nonFiniteEntries=0
[fit-solve] sparse AtA: 203x203 nnz=2937
fit took: 0.0696347
[fit-solve] vectSol(after solve) rows=203 cols=2
[fit-solve] vectSol merge: seededFromOriginal=1 overwrittenRows=203 basisMaskApplied=0
[fit-solve] vectSol(after solve) nonFiniteEntries=0
Solve finished. vectSol.rows()=203, cols=2
matCbefore
2.13163e-14
matCafter
0.0609634
Total irregular points: 0
jack took: 0.0203351 (pts/patch=20^2=400)
Irregular points: 0 / 8400 (0%)
minusnumber: 0
[assemble] custom-point layout per patch:
  patch=0 uv.cols=20
  patch=1 uv.cols=30
  patch=2 uv.cols=20
  patch=3 uv.cols=30
  patch=4 uv.cols=20
  patch=5 uv.cols=20
  patch=6 uv.cols=20
  patch=7 uv.cols=20
  patch=8 uv.cols=20
  patch=9 uv.cols=30
  patch=10 uv.cols=20
  patch=11 uv.cols=30
  patch=12 uv.cols=20
  patch=13 uv.cols=30
  patch=14 uv.cols=20
  patch=15 uv.cols=30
  patch=16 uv.cols=20
  patch=17 uv.cols=20
  patch=18 uv.cols=20
  patch=19 uv.cols=20
  patch=20 uv.cols=20
[assemble] resize A_mat(480,203), b_vec(480,2)
[assemble] after resize: A_mat.rows=480 cols=203 b_vec.rows=480 cols=2
Global fitting error stats: max=0.0855972, rms=0.0133979, samples=2100, maxAtPatch=16, maxAtLocalPoint=70
Global fitting max sample: uv=(0,0.777778), xFit=(1.15639,2.17695), target=(1.24065,2.19201)
globalError: 0.0855972
featureError: 0.0623833
assemblyBoundaryError: 0.0623833
minusnumber: 0
Feature conditions are violated
FIT regular but error/feature tolerance not met (globalError=0.0855972, featureError=0.0623833). Withdrawing candidate.
Escape time: 2026-07-28 11:54:48 (+17.9804s, 17.9601s without jacobian checks)
nonCheckedCells.size() has become: 0
[geo-coarsen] preflight mirrored patch=1, no hierarchy-safe sibling group found; fallback to pickCell at level=0
CREATE C BOX:
ourBOX is 
1 0 0 2 2 

=== Box Consistency Check ===
Patch 1 has 1 boxes

Box domains:
Box 0: u=[0, 1] x v=[0, 1] (area=1)

Checking for overlaps:
  No overlaps detected (boundaries may touch)

Total area covered: 1 (target: 1.0)

SUCCESS: Boxes are consistent (no overlaps, full coverage)
Truncated basis of dimension 2,
levels=1, size=9, tree_nodes=1).
Domain: [0 0]..[1 1].
Size per level: 9 

0; 0; 0; 0; 1; 1; 
0 0 0 1 1
Truncated basis of dimension 2,
levels=1, size=9, tree_nodes=1).
Domain: [0 0]..[1 1].
Size per level: 9 

[primary coarsen] patch=1 cells=1 THBsize=9
1 1 1 1 1 1 1 1 1
creating the index mapping
thbToBellsMapping[patch].size(): 9
thbToBellsMapping[patch].size(): 9
thbToBellsMapping[patch].size(): 16
thbToBellsMapping[patch].size(): 16
thbToBellsMapping[patch].size(): 16
thbToBellsMapping[patch].size(): 9
thbToBellsMapping[patch].size(): 16
thbToBellsMapping[patch].size(): 16
thbToBellsMapping[patch].size(): 16
thbToBellsMapping[patch].size(): 9
thbToBellsMapping[patch].size(): 16
thbToBellsMapping[patch].size(): 16
thbToBellsMapping[patch].size(): 16
thbToBellsMapping[patch].size(): 16
thbToBellsMapping[patch].size(): 16
thbToBellsMapping[patch].size(): 16
thbToBellsMapping[patch].size(): 9
thbToBellsMapping[patch].size(): 9
thbToBellsMapping[patch].size(): 9
thbToBellsMapping[patch].size(): 9
thbToBellsMapping[patch].size(): 9
[mapPrev] newSize=200 carried=143 new(zero)=57
[mpbes-init] vectSol assigned from prevSol patch=1 levNow=0 attempt=3 rows=200 cols=2 nonZeroRows=143
[fitting-mode] attempt context: mode=globalFitting patch=1 levNow=0 attempt=3
[local-region] attempt context: patch=1 levNow=0 attempt=3 lambda=0 basisSelected=0/0 uvBefore=2100 uvAfter=2100
[assemble] custom-point layout per patch:
  patch=0 uv.cols=100
  patch=1 uv.cols=100
  patch=2 uv.cols=100
  patch=3 uv.cols=100
  patch=4 uv.cols=100
  patch=5 uv.cols=100
  patch=6 uv.cols=100
  patch=7 uv.cols=100
  patch=8 uv.cols=100
  patch=9 uv.cols=100
  patch=10 uv.cols=100
  patch=11 uv.cols=100
  patch=12 uv.cols=100
  patch=13 uv.cols=100
  patch=14 uv.cols=100
  patch=15 uv.cols=100
  patch=16 uv.cols=100
  patch=17 uv.cols=100
  patch=18 uv.cols=100
  patch=19 uv.cols=100
  patch=20 uv.cols=100
[assemble] resize A_mat(2100,200), b_vec(2100,2)
[assemble] after resize: A_mat.rows=2100 cols=200 b_vec.rows=2100 cols=2
[assemble] mode=global A cols=200
[fit-solve] matA sparse rows=2100 cols=200 nonZeros=14196
[fit-solve] matA nonFiniteEntries=0
[fit-solve] column mapping source=identity/global
[fit-solve] dynamic column reduction: selected=200 / 200
[fit-solve] matA rows=2100 cols=200
[fit-solve] informative column reduction: selected=200 / 200
[fit-solve] matA_solve rows=2100 cols=200
[fit-solve] dropped active/global columns by informative reduction begin
[fit-solve] dropped active/global columns by informative reduction end
[fit-solve] vectB(before At*b) rows=2100 cols=2
[fit-solve] vectB(before At*b) nonFiniteEntries=0
[fit-solve] sparse AtA: 200x200 nnz=2840
fit took: 0.0872764
[fit-solve] vectSol(after solve) rows=200 cols=2
[fit-solve] vectSol merge: seededFromOriginal=1 overwrittenRows=200 basisMaskApplied=0
[fit-solve] vectSol(after solve) nonFiniteEntries=0
Solve finished. vectSol.rows()=200, cols=2
matCbefore
2.84217e-14
matCafter
0.0609634
Total irregular points: 0
jack took: 0.0269448 (pts/patch=20^2=400)
Irregular points: 0 / 8400 (0%)
minusnumber: 0
[assemble] custom-point layout per patch:
  patch=0 uv.cols=20
  patch=1 uv.cols=30
  patch=2 uv.cols=20
  patch=3 uv.cols=30
  patch=4 uv.cols=20
  patch=5 uv.cols=20
  patch=6 uv.cols=20
  patch=7 uv.cols=20
  patch=8 uv.cols=20
  patch=9 uv.cols=30
  patch=10 uv.cols=20
  patch=11 uv.cols=30
  patch=12 uv.cols=20
  patch=13 uv.cols=30
  patch=14 uv.cols=20
  patch=15 uv.cols=30
  patch=16 uv.cols=20
  patch=17 uv.cols=20
  patch=18 uv.cols=20
  patch=19 uv.cols=20
  patch=20 uv.cols=20
[assemble] resize A_mat(480,200), b_vec(480,2)
[assemble] after resize: A_mat.rows=480 cols=200 b_vec.rows=480 cols=2
Global fitting error stats: max=0.0855972, rms=0.0135007, samples=2100, maxAtPatch=16, maxAtLocalPoint=70
Global fitting max sample: uv=(0,0.777778), xFit=(1.15639,2.17695), target=(1.24065,2.19201)
globalError: 0.0855972
featureError: 0.0623833
assemblyBoundaryError: 0.0623833
minusnumber: 0
Feature conditions are violated
FIT regular but error/feature tolerance not met (globalError=0.0855972, featureError=0.0623833). Withdrawing candidate.
Escape time: 2026-07-28 11:54:49 (+18.1547s, 18.1277s without jacobian checks)
nonCheckedCells.size() has become: 0
[geo-coarsen] preflight mirrored patch=2, no hierarchy-safe sibling group found; fallback to pickCell at level=0
CREATE C BOX:
ourBOX is 
1 0 0 2 2 

=== Box Consistency Check ===
Patch 2 has 1 boxes

Box domains:
Box 0: u=[0, 1] x v=[0, 1] (area=1)

Checking for overlaps:
  No overlaps detected (boundaries may touch)

Total area covered: 1 (target: 1.0)

SUCCESS: Boxes are consistent (no overlaps, full coverage)
Truncated basis of dimension 2,
levels=1, size=9, tree_nodes=1).
Domain: [0 0]..[1 1].
Size per level: 9 

0; 0; 0; 0; 1; 1; 
0 0 0 1 1
Truncated basis of dimension 2,
levels=1, size=9, tree_nodes=1).
Domain: [0 0]..[1 1].
Size per level: 9 

[primary coarsen] patch=2 cells=1 THBsize=9
1 1 1 1 1 1 1 1 1
creating the index mapping
thbToBellsMapping[patch].size(): 9
thbToBellsMapping[patch].size(): 9
thbToBellsMapping[patch].size(): 9
thbToBellsMapping[patch].size(): 16
thbToBellsMapping[patch].size(): 16
thbToBellsMapping[patch].size(): 9
thbToBellsMapping[patch].size(): 16
thbToBellsMapping[patch].size(): 16
thbToBellsMapping[patch].size(): 16
thbToBellsMapping[patch].size(): 9
thbToBellsMapping[patch].size(): 16
thbToBellsMapping[patch].size(): 16
thbToBellsMapping[patch].size(): 16
thbToBellsMapping[patch].size(): 16
thbToBellsMapping[patch].size(): 16
thbToBellsMapping[patch].size(): 16
thbToBellsMapping[patch].size(): 9
thbToBellsMapping[patch].size(): 9
thbToBellsMapping[patch].size(): 9
thbToBellsMapping[patch].size(): 9
thbToBellsMapping[patch].size(): 9
[mapPrev] newSize=195 carried=132 new(zero)=63
[mpbes-init] vectSol assigned from prevSol patch=2 levNow=0 attempt=3 rows=195 cols=2 nonZeroRows=132
[fitting-mode] attempt context: mode=globalFitting patch=2 levNow=0 attempt=3
[local-region] attempt context: patch=2 levNow=0 attempt=3 lambda=0 basisSelected=0/0 uvBefore=2100 uvAfter=2100
[assemble] custom-point layout per patch:
  patch=0 uv.cols=100
  patch=1 uv.cols=100
  patch=2 uv.cols=100
  patch=3 uv.cols=100
  patch=4 uv.cols=100
  patch=5 uv.cols=100
  patch=6 uv.cols=100
  patch=7 uv.cols=100
  patch=8 uv.cols=100
  patch=9 uv.cols=100
  patch=10 uv.cols=100
  patch=11 uv.cols=100
  patch=12 uv.cols=100
  patch=13 uv.cols=100
  patch=14 uv.cols=100
  patch=15 uv.cols=100
  patch=16 uv.cols=100
  patch=17 uv.cols=100
  patch=18 uv.cols=100
  patch=19 uv.cols=100
  patch=20 uv.cols=100
[assemble] resize A_mat(2100,195), b_vec(2100,2)
[assemble] after resize: A_mat.rows=2100 cols=195 b_vec.rows=2100 cols=2
[assemble] mode=global A cols=195
[fit-solve] matA sparse rows=2100 cols=195 nonZeros=14196
[fit-solve] matA nonFiniteEntries=0
[fit-solve] column mapping source=identity/global
[fit-solve] dynamic column reduction: selected=195 / 195
[fit-solve] matA rows=2100 cols=195
[fit-solve] informative column reduction: selected=195 / 195
[fit-solve] matA_solve rows=2100 cols=195
[fit-solve] dropped active/global columns by informative reduction begin
[fit-solve] dropped active/global columns by informative reduction end
[fit-solve] vectB(before At*b) rows=2100 cols=2
[fit-solve] vectB(before At*b) nonFiniteEntries=0
[fit-solve] sparse AtA: 195x195 nnz=2731
fit took: 0.0844859
[fit-solve] vectSol(after solve) rows=195 cols=2
[fit-solve] vectSol merge: seededFromOriginal=1 overwrittenRows=195 basisMaskApplied=0
[fit-solve] vectSol(after solve) nonFiniteEntries=0
Solve finished. vectSol.rows()=195, cols=2
matCbefore
1.42109e-14
matCafter
0.0609634
Total irregular points: 0
jack took: 0.0232913 (pts/patch=20^2=400)
Irregular points: 0 / 8400 (0%)
minusnumber: 0
[assemble] custom-point layout per patch:
  patch=0 uv.cols=20
  patch=1 uv.cols=30
  patch=2 uv.cols=20
  patch=3 uv.cols=30
  patch=4 uv.cols=20
  patch=5 uv.cols=20
  patch=6 uv.cols=20
  patch=7 uv.cols=20
  patch=8 uv.cols=20
  patch=9 uv.cols=30
  patch=10 uv.cols=20
  patch=11 uv.cols=30
  patch=12 uv.cols=20
  patch=13 uv.cols=30
  patch=14 uv.cols=20
  patch=15 uv.cols=30
  patch=16 uv.cols=20
  patch=17 uv.cols=20
  patch=18 uv.cols=20
  patch=19 uv.cols=20
  patch=20 uv.cols=20
[assemble] resize A_mat(480,195), b_vec(480,2)
[assemble] after resize: A_mat.rows=480 cols=195 b_vec.rows=480 cols=2
Global fitting error stats: max=0.0855973, rms=0.0135089, samples=2100, maxAtPatch=16, maxAtLocalPoint=70
Global fitting max sample: uv=(0,0.777778), xFit=(1.15639,2.17695), target=(1.24065,2.19201)
globalError: 0.0855973
featureError: 0.0623833
assemblyBoundaryError: 0.0623833
minusnumber: 0
Feature conditions are violated
FIT regular but error/feature tolerance not met (globalError=0.0855973, featureError=0.0623833). Withdrawing candidate.
Escape time: 2026-07-28 11:54:49 (+18.3197s, 18.2964s without jacobian checks)
nonCheckedCells.size() has become: 0
[geo-coarsen] preflight mirrored patch=3, no hierarchy-safe sibling group found; fallback to pickCell at level=0
CREATE C BOX:
ourBOX is 
1 0 0 2 2 

=== Box Consistency Check ===
Patch 3 has 1 boxes

Box domains:
Box 0: u=[0, 1] x v=[0, 1] (area=1)

Checking for overlaps:
  No overlaps detected (boundaries may touch)

Total area covered: 1 (target: 1.0)

SUCCESS: Boxes are consistent (no overlaps, full coverage)
Truncated basis of dimension 2,
levels=1, size=9, tree_nodes=1).
Domain: [0 0]..[1 1].
Size per level: 9 

0; 0; 0; 0; 1; 1; 
0 0 0 1 1
Truncated basis of dimension 2,
levels=1, size=9, tree_nodes=1).
Domain: [0 0]..[1 1].
Size per level: 9 

[primary coarsen] patch=3 cells=1 THBsize=9
1 1 1 1 1 1 1 1 1
creating the index mapping
thbToBellsMapping[patch].size(): 9
thbToBellsMapping[patch].size(): 9
thbToBellsMapping[patch].size(): 9
thbToBellsMapping[patch].size(): 9
thbToBellsMapping[patch].size(): 16
thbToBellsMapping[patch].size(): 9
thbToBellsMapping[patch].size(): 16
thbToBellsMapping[patch].size(): 16
thbToBellsMapping[patch].size(): 16
thbToBellsMapping[patch].size(): 9
thbToBellsMapping[patch].size(): 16
thbToBellsMapping[patch].size(): 16
thbToBellsMapping[patch].size(): 16
thbToBellsMapping[patch].size(): 16
thbToBellsMapping[patch].size(): 16
thbToBellsMapping[patch].size(): 16
thbToBellsMapping[patch].size(): 9
thbToBellsMapping[patch].size(): 9
thbToBellsMapping[patch].size(): 9
thbToBellsMapping[patch].size(): 9
thbToBellsMapping[patch].size(): 9
[mapPrev] newSize=192 carried=123 new(zero)=69
[mpbes-init] vectSol assigned from prevSol patch=3 levNow=0 attempt=3 rows=192 cols=2 nonZeroRows=123
[fitting-mode] attempt context: mode=globalFitting patch=3 levNow=0 attempt=3
[local-region] attempt context: patch=3 levNow=0 attempt=3 lambda=0 basisSelected=0/0 uvBefore=2100 uvAfter=2100
[assemble] custom-point layout per patch:
  patch=0 uv.cols=100
  patch=1 uv.cols=100
  patch=2 uv.cols=100
  patch=3 uv.cols=100
  patch=4 uv.cols=100
  patch=5 uv.cols=100
  patch=6 uv.cols=100
  patch=7 uv.cols=100
  patch=8 uv.cols=100
  patch=9 uv.cols=100
  patch=10 uv.cols=100
  patch=11 uv.cols=100
  patch=12 uv.cols=100
  patch=13 uv.cols=100
  patch=14 uv.cols=100
  patch=15 uv.cols=100
  patch=16 uv.cols=100
  patch=17 uv.cols=100
  patch=18 uv.cols=100
  patch=19 uv.cols=100
  patch=20 uv.cols=100
[assemble] resize A_mat(2100,192), b_vec(2100,2)
[assemble] after resize: A_mat.rows=2100 cols=192 b_vec.rows=2100 cols=2
[assemble] mode=global A cols=192
[fit-solve] matA sparse rows=2100 cols=192 nonZeros=14196
[fit-solve] matA nonFiniteEntries=0
[fit-solve] column mapping source=identity/global
[fit-solve] dynamic column reduction: selected=192 / 192
[fit-solve] matA rows=2100 cols=192
[fit-solve] informative column reduction: selected=192 / 192
[fit-solve] matA_solve rows=2100 cols=192
[fit-solve] dropped active/global columns by informative reduction begin
[fit-solve] dropped active/global columns by informative reduction end
[fit-solve] vectB(before At*b) rows=2100 cols=2
[fit-solve] vectB(before At*b) nonFiniteEntries=0
[fit-solve] sparse AtA: 192x192 nnz=2634
fit took: 0.0753472
[fit-solve] vectSol(after solve) rows=192 cols=2
[fit-solve] vectSol merge: seededFromOriginal=1 overwrittenRows=192 basisMaskApplied=0
[fit-solve] vectSol(after solve) nonFiniteEntries=0
Solve finished. vectSol.rows()=192, cols=2
matCbefore
2.13163e-14
matCafter
0.0609634
Total irregular points: 0
jack took: 0.0235684 (pts/patch=20^2=400)
Irregular points: 0 / 8400 (0%)
minusnumber: 0
[assemble] custom-point layout per patch:
  patch=0 uv.cols=20
  patch=1 uv.cols=30
  patch=2 uv.cols=20
  patch=3 uv.cols=30
  patch=4 uv.cols=20
  patch=5 uv.cols=20
  patch=6 uv.cols=20
  patch=7 uv.cols=20
  patch=8 uv.cols=20
  patch=9 uv.cols=30
  patch=10 uv.cols=20
  patch=11 uv.cols=30
  patch=12 uv.cols=20
  patch=13 uv.cols=30
  patch=14 uv.cols=20
  patch=15 uv.cols=30
  patch=16 uv.cols=20
  patch=17 uv.cols=20
  patch=18 uv.cols=20
  patch=19 uv.cols=20
  patch=20 uv.cols=20
[assemble] resize A_mat(480,192), b_vec(480,2)
[assemble] after resize: A_mat.rows=480 cols=192 b_vec.rows=480 cols=2
Global fitting error stats: max=0.0855973, rms=0.0135373, samples=2100, maxAtPatch=16, maxAtLocalPoint=70
Global fitting max sample: uv=(0,0.777778), xFit=(1.15639,2.17695), target=(1.24065,2.19201)
globalError: 0.0855973
featureError: 0.0623833
assemblyBoundaryError: 0.0623833
minusnumber: 0
Feature conditions are violated
FIT regular but error/feature tolerance not met (globalError=0.0855973, featureError=0.0623833). Withdrawing candidate.
Escape time: 2026-07-28 11:54:49 (+18.4739s, 18.4504s without jacobian checks)
nonCheckedCells.size() has become: 0
[geo-coarsen] preflight mirrored patch=4, no hierarchy-safe sibling group found; fallback to pickCell at level=0
CREATE C BOX:
ourBOX is 
1 0 0 2 2 

=== Box Consistency Check ===
Patch 4 has 1 boxes

Box domains:
Box 0: u=[0, 1] x v=[0, 1] (area=1)

Checking for overlaps:
  No overlaps detected (boundaries may touch)

Total area covered: 1 (target: 1.0)

SUCCESS: Boxes are consistent (no overlaps, full coverage)
Truncated basis of dimension 2,
levels=1, size=9, tree_nodes=1).
Domain: [0 0]..[1 1].
Size per level: 9 

0; 0; 0; 0; 1; 1; 
0 0 0 1 1
Truncated basis of dimension 2,
levels=1, size=9, tree_nodes=1).
Domain: [0 0]..[1 1].
Size per level: 9 

[primary coarsen] patch=4 cells=1 THBsize=9
1 1 1 1 1 1 1 1 1
creating the index mapping
thbToBellsMapping[patch].size(): 9
thbToBellsMapping[patch].size(): 9
thbToBellsMapping[patch].size(): 9
thbToBellsMapping[patch].size(): 9
thbToBellsMapping[patch].size(): 9
thbToBellsMapping[patch].size(): 9
thbToBellsMapping[patch].size(): 16
thbToBellsMapping[patch].size(): 16
thbToBellsMapping[patch].size(): 16
thbToBellsMapping[patch].size(): 9
thbToBellsMapping[patch].size(): 16
thbToBellsMapping[patch].size(): 16
thbToBellsMapping[patch].size(): 16
thbToBellsMapping[patch].size(): 16
thbToBellsMapping[patch].size(): 16
thbToBellsMapping[patch].size(): 16
thbToBellsMapping[patch].size(): 9
thbToBellsMapping[patch].size(): 9
thbToBellsMapping[patch].size(): 9
thbToBellsMapping[patch].size(): 9
thbToBellsMapping[patch].size(): 9
[mapPrev] newSize=187 carried=112 new(zero)=75
[mpbes-init] vectSol assigned from prevSol patch=4 levNow=0 attempt=3 rows=187 cols=2 nonZeroRows=112
[fitting-mode] attempt context: mode=globalFitting patch=4 levNow=0 attempt=3
[local-region] attempt context: patch=4 levNow=0 attempt=3 lambda=0 basisSelected=0/0 uvBefore=2100 uvAfter=2100
[assemble] custom-point layout per patch:
  patch=0 uv.cols=100
  patch=1 uv.cols=100
  patch=2 uv.cols=100
  patch=3 uv.cols=100
  patch=4 uv.cols=100
  patch=5 uv.cols=100
  patch=6 uv.cols=100
  patch=7 uv.cols=100
  patch=8 uv.cols=100
  patch=9 uv.cols=100
  patch=10 uv.cols=100
  patch=11 uv.cols=100
  patch=12 uv.cols=100
  patch=13 uv.cols=100
  patch=14 uv.cols=100
  patch=15 uv.cols=100
  patch=16 uv.cols=100
  patch=17 uv.cols=100
  patch=18 uv.cols=100
  patch=19 uv.cols=100
  patch=20 uv.cols=100
[assemble] resize A_mat(2100,187), b_vec(2100,2)
[assemble] after resize: A_mat.rows=2100 cols=187 b_vec.rows=2100 cols=2
[assemble] mode=global A cols=187
[fit-solve] matA sparse rows=2100 cols=187 nonZeros=14196
[fit-solve] matA nonFiniteEntries=0
[fit-solve] column mapping source=identity/global
[fit-solve] dynamic column reduction: selected=187 / 187
[fit-solve] matA rows=2100 cols=187
[fit-solve] informative column reduction: selected=187 / 187
[fit-solve] matA_solve rows=2100 cols=187
[fit-solve] dropped active/global columns by informative reduction begin
[fit-solve] dropped active/global columns by informative reduction end
[fit-solve] vectB(before At*b) rows=2100 cols=2
[fit-solve] vectB(before At*b) nonFiniteEntries=0
[fit-solve] sparse AtA: 187x187 nnz=2525
fit took: 0.0887737
[fit-solve] vectSol(after solve) rows=187 cols=2
[fit-solve] vectSol merge: seededFromOriginal=1 overwrittenRows=187 basisMaskApplied=0
[fit-solve] vectSol(after solve) nonFiniteEntries=0
Solve finished. vectSol.rows()=187, cols=2
matCbefore
2.84217e-14
matCafter
0.0609634
Total irregular points: 0
jack took: 0.0236609 (pts/patch=20^2=400)
Irregular points: 0 / 8400 (0%)
minusnumber: 0
[assemble] custom-point layout per patch:
  patch=0 uv.cols=20
  patch=1 uv.cols=30
  patch=2 uv.cols=20
  patch=3 uv.cols=30
  patch=4 uv.cols=20
  patch=5 uv.cols=20
  patch=6 uv.cols=20
  patch=7 uv.cols=20
  patch=8 uv.cols=20
  patch=9 uv.cols=30
  patch=10 uv.cols=20
  patch=11 uv.cols=30
  patch=12 uv.cols=20
  patch=13 uv.cols=30
  patch=14 uv.cols=20
  patch=15 uv.cols=30
  patch=16 uv.cols=20
  patch=17 uv.cols=20
  patch=18 uv.cols=20
  patch=19 uv.cols=20
  patch=20 uv.cols=20
[assemble] resize A_mat(480,187), b_vec(480,2)
[assemble] after resize: A_mat.rows=480 cols=187 b_vec.rows=480 cols=2
Global fitting error stats: max=0.0855973, rms=0.0137173, samples=2100, maxAtPatch=16, maxAtLocalPoint=70
Global fitting max sample: uv=(0,0.777778), xFit=(1.15639,2.17695), target=(1.24065,2.19201)
globalError: 0.0855973
featureError: 0.0623833
assemblyBoundaryError: 0.0623833
minusnumber: 0
Feature conditions are violated
FIT regular but error/feature tolerance not met (globalError=0.0855973, featureError=0.0623833). Withdrawing candidate.
Escape time: 2026-07-28 11:54:49 (+18.6402s, 18.6165s without jacobian checks)
nonCheckedCells.size() has become: 0
[geo-coarsen] preflight mirrored patch=6, no hierarchy-safe sibling group found; fallback to pickCell at level=0
CREATE C BOX:
ourBOX is 
1 0 0 2 2 

=== Box Consistency Check ===
Patch 6 has 1 boxes

Box domains:
Box 0: u=[0, 1] x v=[0, 1] (area=1)

Checking for overlaps:
  No overlaps detected (boundaries may touch)

Total area covered: 1 (target: 1.0)

SUCCESS: Boxes are consistent (no overlaps, full coverage)
Truncated basis of dimension 2,
levels=1, size=9, tree_nodes=1).
Domain: [0 0]..[1 1].
Size per level: 9 

0; 0; 0; 0; 1; 1; 
0 0 0 1 1
Truncated basis of dimension 2,
levels=1, size=9, tree_nodes=1).
Domain: [0 0]..[1 1].
Size per level: 9 

[primary coarsen] patch=6 cells=1 THBsize=9
1 1 1 1 1 1 1 1 1
creating the index mapping
thbToBellsMapping[patch].size(): 9
thbToBellsMapping[patch].size(): 9
thbToBellsMapping[patch].size(): 9
thbToBellsMapping[patch].size(): 9
thbToBellsMapping[patch].size(): 9
thbToBellsMapping[patch].size(): 9
thbToBellsMapping[patch].size(): 9
thbToBellsMapping[patch].size(): 16
thbToBellsMapping[patch].size(): 16
thbToBellsMapping[patch].size(): 9
thbToBellsMapping[patch].size(): 16
thbToBellsMapping[patch].size(): 16
thbToBellsMapping[patch].size(): 16
thbToBellsMapping[patch].size(): 16
thbToBellsMapping[patch].size(): 16
thbToBellsMapping[patch].size(): 16
thbToBellsMapping[patch].size(): 9
thbToBellsMapping[patch].size(): 9
thbToBellsMapping[patch].size(): 9
thbToBellsMapping[patch].size(): 9
thbToBellsMapping[patch].size(): 9
[mapPrev] newSize=181 carried=100 new(zero)=81
[mpbes-init] vectSol assigned from prevSol patch=6 levNow=0 attempt=3 rows=181 cols=2 nonZeroRows=100
[fitting-mode] attempt context: mode=globalFitting patch=6 levNow=0 attempt=3
[local-region] attempt context: patch=6 levNow=0 attempt=3 lambda=0 basisSelected=0/0 uvBefore=2100 uvAfter=2100
[assemble] custom-point layout per patch:
  patch=0 uv.cols=100
  patch=1 uv.cols=100
  patch=2 uv.cols=100
  patch=3 uv.cols=100
  patch=4 uv.cols=100
  patch=5 uv.cols=100
  patch=6 uv.cols=100
  patch=7 uv.cols=100
  patch=8 uv.cols=100
  patch=9 uv.cols=100
  patch=10 uv.cols=100
  patch=11 uv.cols=100
  patch=12 uv.cols=100
  patch=13 uv.cols=100
  patch=14 uv.cols=100
  patch=15 uv.cols=100
  patch=16 uv.cols=100
  patch=17 uv.cols=100
  patch=18 uv.cols=100
  patch=19 uv.cols=100
  patch=20 uv.cols=100
[assemble] resize A_mat(2100,181), b_vec(2100,2)
[assemble] after resize: A_mat.rows=2100 cols=181 b_vec.rows=2100 cols=2
[assemble] mode=global A cols=181
[fit-solve] matA sparse rows=2100 cols=181 nonZeros=14196
[fit-solve] matA nonFiniteEntries=0
[fit-solve] column mapping source=identity/global
[fit-solve] dynamic column reduction: selected=181 / 181
[fit-solve] matA rows=2100 cols=181
[fit-solve] informative column reduction: selected=181 / 181
[fit-solve] matA_solve rows=2100 cols=181
[fit-solve] dropped active/global columns by informative reduction begin
[fit-solve] dropped active/global columns by informative reduction end
[fit-solve] vectB(before At*b) rows=2100 cols=2
[fit-solve] vectB(before At*b) nonFiniteEntries=0
[fit-solve] sparse AtA: 181x181 nnz=2415
fit took: 0.0887237
[fit-solve] vectSol(after solve) rows=181 cols=2
[fit-solve] vectSol merge: seededFromOriginal=1 overwrittenRows=181 basisMaskApplied=0
[fit-solve] vectSol(after solve) nonFiniteEntries=0
Solve finished. vectSol.rows()=181, cols=2
matCbefore
8.52651e-14
matCafter
0.0609634
Total irregular points: 0
jack took: 0.0229866 (pts/patch=20^2=400)
Irregular points: 0 / 8400 (0%)
minusnumber: 0
[assemble] custom-point layout per patch:
  patch=0 uv.cols=20
  patch=1 uv.cols=30
  patch=2 uv.cols=20
  patch=3 uv.cols=30
  patch=4 uv.cols=20
  patch=5 uv.cols=20
  patch=6 uv.cols=20
  patch=7 uv.cols=20
  patch=8 uv.cols=20
  patch=9 uv.cols=30
  patch=10 uv.cols=20
  patch=11 uv.cols=30
  patch=12 uv.cols=20
  patch=13 uv.cols=30
  patch=14 uv.cols=20
  patch=15 uv.cols=30
  patch=16 uv.cols=20
  patch=17 uv.cols=20
  patch=18 uv.cols=20
  patch=19 uv.cols=20
  patch=20 uv.cols=20
[assemble] resize A_mat(480,181), b_vec(480,2)
[assemble] after resize: A_mat.rows=480 cols=181 b_vec.rows=480 cols=2
Global fitting error stats: max=0.0855973, rms=0.0139407, samples=2100, maxAtPatch=16, maxAtLocalPoint=70
Global fitting max sample: uv=(0,0.777778), xFit=(1.15639,2.17695), target=(1.24065,2.19201)
globalError: 0.0855973
featureError: 0.0623833
assemblyBoundaryError: 0.0623833
minusnumber: 0
Feature conditions are violated
FIT regular but error/feature tolerance not met (globalError=0.0855973, featureError=0.0623833). Withdrawing candidate.
Escape time: 2026-07-28 11:54:49 (+18.8104s, 18.7874s without jacobian checks)
nonCheckedCells.size() has become: 0
[geo-coarsen] preflight mirrored patch=7, no hierarchy-safe sibling group found; fallback to pickCell at level=0
CREATE C BOX:
ourBOX is 
1 0 0 2 2 

=== Box Consistency Check ===
Patch 7 has 1 boxes

Box domains:
Box 0: u=[0, 1] x v=[0, 1] (area=1)

Checking for overlaps:
  No overlaps detected (boundaries may touch)

Total area covered: 1 (target: 1.0)

SUCCESS: Boxes are consistent (no overlaps, full coverage)
Truncated basis of dimension 2,
levels=1, size=9, tree_nodes=1).
Domain: [0 0]..[1 1].
Size per level: 9 

0; 0; 0; 0; 1; 1; 
0 0 0 1 1
Truncated basis of dimension 2,
levels=1, size=9, tree_nodes=1).
Domain: [0 0]..[1 1].
Size per level: 9 

[primary coarsen] patch=7 cells=1 THBsize=9
1 1 1 1 1 1 1 1 1
creating the index mapping
thbToBellsMapping[patch].size(): 9
thbToBellsMapping[patch].size(): 9
thbToBellsMapping[patch].size(): 9
thbToBellsMapping[patch].size(): 9
thbToBellsMapping[patch].size(): 9
thbToBellsMapping[patch].size(): 9
thbToBellsMapping[patch].size(): 9
thbToBellsMapping[patch].size(): 9
thbToBellsMapping[patch].size(): 16
thbToBellsMapping[patch].size(): 9
thbToBellsMapping[patch].size(): 16
thbToBellsMapping[patch].size(): 16
thbToBellsMapping[patch].size(): 16
thbToBellsMapping[patch].size(): 16
thbToBellsMapping[patch].size(): 16
thbToBellsMapping[patch].size(): 16
thbToBellsMapping[patch].size(): 9
thbToBellsMapping[patch].size(): 9
thbToBellsMapping[patch].size(): 9
thbToBellsMapping[patch].size(): 9
thbToBellsMapping[patch].size(): 9
[mapPrev] newSize=175 carried=88 new(zero)=87
[mpbes-init] vectSol assigned from prevSol patch=7 levNow=0 attempt=3 rows=175 cols=2 nonZeroRows=88
[fitting-mode] attempt context: mode=globalFitting patch=7 levNow=0 attempt=3
[local-region] attempt context: patch=7 levNow=0 attempt=3 lambda=0 basisSelected=0/0 uvBefore=2100 uvAfter=2100
[assemble] custom-point layout per patch:
  patch=0 uv.cols=100
  patch=1 uv.cols=100
  patch=2 uv.cols=100
  patch=3 uv.cols=100
  patch=4 uv.cols=100
  patch=5 uv.cols=100
  patch=6 uv.cols=100
  patch=7 uv.cols=100
  patch=8 uv.cols=100
  patch=9 uv.cols=100
  patch=10 uv.cols=100
  patch=11 uv.cols=100
  patch=12 uv.cols=100
  patch=13 uv.cols=100
  patch=14 uv.cols=100
  patch=15 uv.cols=100
  patch=16 uv.cols=100
  patch=17 uv.cols=100
  patch=18 uv.cols=100
  patch=19 uv.cols=100
  patch=20 uv.cols=100
[assemble] resize A_mat(2100,175), b_vec(2100,2)
[assemble] after resize: A_mat.rows=2100 cols=175 b_vec.rows=2100 cols=2
[assemble] mode=global A cols=175
[fit-solve] matA sparse rows=2100 cols=175 nonZeros=14196
[fit-solve] matA nonFiniteEntries=0
[fit-solve] column mapping source=identity/global
[fit-solve] dynamic column reduction: selected=175 / 175
[fit-solve] matA rows=2100 cols=175
[fit-solve] informative column reduction: selected=175 / 175
[fit-solve] matA_solve rows=2100 cols=175
[fit-solve] dropped active/global columns by informative reduction begin
[fit-solve] dropped active/global columns by informative reduction end
[fit-solve] vectB(before At*b) rows=2100 cols=2
[fit-solve] vectB(before At*b) nonFiniteEntries=0
[fit-solve] sparse AtA: 175x175 nnz=2305
fit took: 0.0918992
[fit-solve] vectSol(after solve) rows=175 cols=2
[fit-solve] vectSol merge: seededFromOriginal=1 overwrittenRows=175 basisMaskApplied=0
[fit-solve] vectSol(after solve) nonFiniteEntries=0
Solve finished. vectSol.rows()=175, cols=2
matCbefore
5.68434e-14
matCafter
0.0609634
Total irregular points: 0
jack took: 0.0291437 (pts/patch=20^2=400)
Irregular points: 0 / 8400 (0%)
minusnumber: 0
[assemble] custom-point layout per patch:
  patch=0 uv.cols=20
  patch=1 uv.cols=30
  patch=2 uv.cols=20
  patch=3 uv.cols=30
  patch=4 uv.cols=20
  patch=5 uv.cols=20
  patch=6 uv.cols=20
  patch=7 uv.cols=20
  patch=8 uv.cols=20
  patch=9 uv.cols=30
  patch=10 uv.cols=20
  patch=11 uv.cols=30
  patch=12 uv.cols=20
  patch=13 uv.cols=30
  patch=14 uv.cols=20
  patch=15 uv.cols=30
  patch=16 uv.cols=20
  patch=17 uv.cols=20
  patch=18 uv.cols=20
  patch=19 uv.cols=20
  patch=20 uv.cols=20
[assemble] resize A_mat(480,175), b_vec(480,2)
[assemble] after resize: A_mat.rows=480 cols=175 b_vec.rows=480 cols=2
Global fitting error stats: max=0.0855973, rms=0.0140087, samples=2100, maxAtPatch=16, maxAtLocalPoint=70
Global fitting max sample: uv=(0,0.777778), xFit=(1.15639,2.17695), target=(1.24065,2.19201)
globalError: 0.0855973
featureError: 0.0623834
assemblyBoundaryError: 0.0623834
minusnumber: 0
Feature conditions are violated
FIT regular but error/feature tolerance not met (globalError=0.0855973, featureError=0.0623834). Withdrawing candidate.
Escape time: 2026-07-28 11:54:49 (+18.994s, 18.9648s without jacobian checks)
nonCheckedCells.size() has become: 0
[geo-coarsen] preflight mirrored patch=8, no hierarchy-safe sibling group found; fallback to pickCell at level=0
CREATE C BOX:
ourBOX is 
1 0 0 2 2 

=== Box Consistency Check ===
Patch 8 has 1 boxes

Box domains:
Box 0: u=[0, 1] x v=[0, 1] (area=1)

Checking for overlaps:
  No overlaps detected (boundaries may touch)

Total area covered: 1 (target: 1.0)

SUCCESS: Boxes are consistent (no overlaps, full coverage)
Truncated basis of dimension 2,
levels=1, size=9, tree_nodes=1).
Domain: [0 0]..[1 1].
Size per level: 9 

0; 0; 0; 0; 1; 1; 
0 0 0 1 1
Truncated basis of dimension 2,
levels=1, size=9, tree_nodes=1).
Domain: [0 0]..[1 1].
Size per level: 9 

[primary coarsen] patch=8 cells=1 THBsize=9
1 1 1 1 1 1 1 1 1
creating the index mapping
thbToBellsMapping[patch].size(): 9
thbToBellsMapping[patch].size(): 9
thbToBellsMapping[patch].size(): 9
thbToBellsMapping[patch].size(): 9
thbToBellsMapping[patch].size(): 9
thbToBellsMapping[patch].size(): 9
thbToBellsMapping[patch].size(): 9
thbToBellsMapping[patch].size(): 9
thbToBellsMapping[patch].size(): 9
thbToBellsMapping[patch].size(): 9
thbToBellsMapping[patch].size(): 16
thbToBellsMapping[patch].size(): 16
thbToBellsMapping[patch].size(): 16
thbToBellsMapping[patch].size(): 16
thbToBellsMapping[patch].size(): 16
thbToBellsMapping[patch].size(): 16
thbToBellsMapping[patch].size(): 9
thbToBellsMapping[patch].size(): 9
thbToBellsMapping[patch].size(): 9
thbToBellsMapping[patch].size(): 9
thbToBellsMapping[patch].size(): 9
[mapPrev] newSize=169 carried=76 new(zero)=93
[mpbes-init] vectSol assigned from prevSol patch=8 levNow=0 attempt=3 rows=169 cols=2 nonZeroRows=76
[fitting-mode] attempt context: mode=globalFitting patch=8 levNow=0 attempt=3
[local-region] attempt context: patch=8 levNow=0 attempt=3 lambda=0 basisSelected=0/0 uvBefore=2100 uvAfter=2100
[assemble] custom-point layout per patch:
  patch=0 uv.cols=100
  patch=1 uv.cols=100
  patch=2 uv.cols=100
  patch=3 uv.cols=100
  patch=4 uv.cols=100
  patch=5 uv.cols=100
  patch=6 uv.cols=100
  patch=7 uv.cols=100
  patch=8 uv.cols=100
  patch=9 uv.cols=100
  patch=10 uv.cols=100
  patch=11 uv.cols=100
  patch=12 uv.cols=100
  patch=13 uv.cols=100
  patch=14 uv.cols=100
  patch=15 uv.cols=100
  patch=16 uv.cols=100
  patch=17 uv.cols=100
  patch=18 uv.cols=100
  patch=19 uv.cols=100
  patch=20 uv.cols=100
[assemble] resize A_mat(2100,169), b_vec(2100,2)
[assemble] after resize: A_mat.rows=2100 cols=169 b_vec.rows=2100 cols=2
[assemble] mode=global A cols=169
[fit-solve] matA sparse rows=2100 cols=169 nonZeros=14196
[fit-solve] matA nonFiniteEntries=0
[fit-solve] column mapping source=identity/global
[fit-solve] dynamic column reduction: selected=169 / 169
[fit-solve] matA rows=2100 cols=169
[fit-solve] informative column reduction: selected=169 / 169
[fit-solve] matA_solve rows=2100 cols=169
[fit-solve] dropped active/global columns by informative reduction begin
[fit-solve] dropped active/global columns by informative reduction end
[fit-solve] vectB(before At*b) rows=2100 cols=2
[fit-solve] vectB(before At*b) nonFiniteEntries=0
[fit-solve] sparse AtA: 169x169 nnz=2195
fit took: 0.0816669
[fit-solve] vectSol(after solve) rows=169 cols=2
[fit-solve] vectSol merge: seededFromOriginal=1 overwrittenRows=169 basisMaskApplied=0
[fit-solve] vectSol(after solve) nonFiniteEntries=0
Solve finished. vectSol.rows()=169, cols=2
matCbefore
8.52651e-14
matCafter
0.0609634
Total irregular points: 0
jack took: 0.0256583 (pts/patch=20^2=400)
Irregular points: 0 / 8400 (0%)
minusnumber: 0
[assemble] custom-point layout per patch:
  patch=0 uv.cols=20
  patch=1 uv.cols=30
  patch=2 uv.cols=20
  patch=3 uv.cols=30
  patch=4 uv.cols=20
  patch=5 uv.cols=20
  patch=6 uv.cols=20
  patch=7 uv.cols=20
  patch=8 uv.cols=20
  patch=9 uv.cols=30
  patch=10 uv.cols=20
  patch=11 uv.cols=30
  patch=12 uv.cols=20
  patch=13 uv.cols=30
  patch=14 uv.cols=20
  patch=15 uv.cols=30
  patch=16 uv.cols=20
  patch=17 uv.cols=20
  patch=18 uv.cols=20
  patch=19 uv.cols=20
  patch=20 uv.cols=20
[assemble] resize A_mat(480,169), b_vec(480,2)
[assemble] after resize: A_mat.rows=480 cols=169 b_vec.rows=480 cols=2
Global fitting error stats: max=0.0855973, rms=0.0140606, samples=2100, maxAtPatch=16, maxAtLocalPoint=70
Global fitting max sample: uv=(0,0.777778), xFit=(1.15639,2.17695), target=(1.24065,2.19201)
globalError: 0.0855973
featureError: 0.0623834
assemblyBoundaryError: 0.0623834
minusnumber: 0
Feature conditions are violated
FIT regular but error/feature tolerance not met (globalError=0.0855973, featureError=0.0623834). Withdrawing candidate.
Escape time: 2026-07-28 11:54:50 (+19.1606s, 19.1349s without jacobian checks)
nonCheckedCells.size() has become: 0
[geo-coarsen] preflight mirrored patch=10, no hierarchy-safe sibling group found; fallback to pickCell at level=0
CREATE C BOX:
ourBOX is 
1 0 0 2 2 

=== Box Consistency Check ===
Patch 10 has 1 boxes

Box domains:
Box 0: u=[0, 1] x v=[0, 1] (area=1)

Checking for overlaps:
  No overlaps detected (boundaries may touch)

Total area covered: 1 (target: 1.0)

SUCCESS: Boxes are consistent (no overlaps, full coverage)
Truncated basis of dimension 2,
levels=1, size=9, tree_nodes=1).
Domain: [0 0]..[1 1].
Size per level: 9 

0; 0; 0; 0; 1; 1; 
0 0 0 1 1
Truncated basis of dimension 2,
levels=1, size=9, tree_nodes=1).
Domain: [0 0]..[1 1].
Size per level: 9 

[primary coarsen] patch=10 cells=1 THBsize=9
1 1 1 1 1 1 1 1 1
creating the index mapping
thbToBellsMapping[patch].size(): 9
thbToBellsMapping[patch].size(): 9
thbToBellsMapping[patch].size(): 9
thbToBellsMapping[patch].size(): 9
thbToBellsMapping[patch].size(): 9
thbToBellsMapping[patch].size(): 9
thbToBellsMapping[patch].size(): 9
thbToBellsMapping[patch].size(): 9
thbToBellsMapping[patch].size(): 9
thbToBellsMapping[patch].size(): 9
thbToBellsMapping[patch].size(): 9
thbToBellsMapping[patch].size(): 16
thbToBellsMapping[patch].size(): 16
thbToBellsMapping[patch].size(): 16
thbToBellsMapping[patch].size(): 16
thbToBellsMapping[patch].size(): 16
thbToBellsMapping[patch].size(): 9
thbToBellsMapping[patch].size(): 9
thbToBellsMapping[patch].size(): 9
thbToBellsMapping[patch].size(): 9
thbToBellsMapping[patch].size(): 9
[mapPrev] newSize=162 carried=64 new(zero)=98
[mpbes-init] vectSol assigned from prevSol patch=10 levNow=0 attempt=3 rows=162 cols=2 nonZeroRows=64
[fitting-mode] attempt context: mode=globalFitting patch=10 levNow=0 attempt=3
[local-region] attempt context: patch=10 levNow=0 attempt=3 lambda=0 basisSelected=0/0 uvBefore=2100 uvAfter=2100
[assemble] custom-point layout per patch:
  patch=0 uv.cols=100
  patch=1 uv.cols=100
  patch=2 uv.cols=100
  patch=3 uv.cols=100
  patch=4 uv.cols=100
  patch=5 uv.cols=100
  patch=6 uv.cols=100
  patch=7 uv.cols=100
  patch=8 uv.cols=100
  patch=9 uv.cols=100
  patch=10 uv.cols=100
  patch=11 uv.cols=100
  patch=12 uv.cols=100
  patch=13 uv.cols=100
  patch=14 uv.cols=100
  patch=15 uv.cols=100
  patch=16 uv.cols=100
  patch=17 uv.cols=100
  patch=18 uv.cols=100
  patch=19 uv.cols=100
  patch=20 uv.cols=100
[assemble] resize A_mat(2100,162), b_vec(2100,2)
[assemble] after resize: A_mat.rows=2100 cols=162 b_vec.rows=2100 cols=2
[assemble] mode=global A cols=162
[fit-solve] matA sparse rows=2100 cols=162 nonZeros=14196
[fit-solve] matA nonFiniteEntries=0
[fit-solve] column mapping source=identity/global
[fit-solve] dynamic column reduction: selected=162 / 162
[fit-solve] matA rows=2100 cols=162
[fit-solve] informative column reduction: selected=162 / 162
[fit-solve] matA_solve rows=2100 cols=162
[fit-solve] dropped active/global columns by informative reduction begin
[fit-solve] dropped active/global columns by informative reduction end
[fit-solve] vectB(before At*b) rows=2100 cols=2
[fit-solve] vectB(before At*b) nonFiniteEntries=0
[fit-solve] sparse AtA: 162x162 nnz=2084
fit took: 0.133049
[fit-solve] vectSol(after solve) rows=162 cols=2
[fit-solve] vectSol merge: seededFromOriginal=1 overwrittenRows=162 basisMaskApplied=0
[fit-solve] vectSol(after solve) nonFiniteEntries=0
Solve finished. vectSol.rows()=162, cols=2
matCbefore
2.84217e-14
matCafter
0.061021
Total irregular points: 0
jack took: 0.0263069 (pts/patch=20^2=400)
Irregular points: 0 / 8400 (0%)
minusnumber: 0
[assemble] custom-point layout per patch:
  patch=0 uv.cols=20
  patch=1 uv.cols=30
  patch=2 uv.cols=20
  patch=3 uv.cols=30
  patch=4 uv.cols=20
  patch=5 uv.cols=20
  patch=6 uv.cols=20
  patch=7 uv.cols=20
  patch=8 uv.cols=20
  patch=9 uv.cols=30
  patch=10 uv.cols=20
  patch=11 uv.cols=30
  patch=12 uv.cols=20
  patch=13 uv.cols=30
  patch=14 uv.cols=20
  patch=15 uv.cols=30
  patch=16 uv.cols=20
  patch=17 uv.cols=20
  patch=18 uv.cols=20
  patch=19 uv.cols=20
  patch=20 uv.cols=20
[assemble] resize A_mat(480,162), b_vec(480,2)
[assemble] after resize: A_mat.rows=480 cols=162 b_vec.rows=480 cols=2
Global fitting error stats: max=0.0857494, rms=0.0142563, samples=2100, maxAtPatch=16, maxAtLocalPoint=70
Global fitting max sample: uv=(0,0.777778), xFit=(1.15629,2.17661), target=(1.24065,2.19201)
globalError: 0.0857494
featureError: 0.0624846
assemblyBoundaryError: 0.0624846
minusnumber: 0
Feature conditions are violated
FIT regular but error/feature tolerance not met (globalError=0.0857494, featureError=0.0624846). Withdrawing candidate.
Escape time: 2026-07-28 11:54:50 (+19.392s, 19.3657s without jacobian checks)
nonCheckedCells.size() has become: 0
[geo-coarsen] preflight mirrored patch=11, no hierarchy-safe sibling group found; fallback to pickCell at level=0
CREATE C BOX:
ourBOX is 
1 0 0 2 2 

=== Box Consistency Check ===
Patch 11 has 1 boxes

Box domains:
Box 0: u=[0, 1] x v=[0, 1] (area=1)

Checking for overlaps:
  No overlaps detected (boundaries may touch)

Total area covered: 1 (target: 1.0)

SUCCESS: Boxes are consistent (no overlaps, full coverage)
Truncated basis of dimension 2,
levels=1, size=9, tree_nodes=1).
Domain: [0 0]..[1 1].
Size per level: 9 

0; 0; 0; 0; 1; 1; 
0 0 0 1 1
Truncated basis of dimension 2,
levels=1, size=9, tree_nodes=1).
Domain: [0 0]..[1 1].
Size per level: 9 

[primary coarsen] patch=11 cells=1 THBsize=9
1 1 1 1 1 1 1 1 1
creating the index mapping
thbToBellsMapping[patch].size(): 9
thbToBellsMapping[patch].size(): 9
thbToBellsMapping[patch].size(): 9
thbToBellsMapping[patch].size(): 9
thbToBellsMapping[patch].size(): 9
thbToBellsMapping[patch].size(): 9
thbToBellsMapping[patch].size(): 9
thbToBellsMapping[patch].size(): 9
thbToBellsMapping[patch].size(): 9
thbToBellsMapping[patch].size(): 9
thbToBellsMapping[patch].size(): 9
thbToBellsMapping[patch].size(): 9
thbToBellsMapping[patch].size(): 16
thbToBellsMapping[patch].size(): 16
thbToBellsMapping[patch].size(): 16
thbToBellsMapping[patch].size(): 16
thbToBellsMapping[patch].size(): 9
thbToBellsMapping[patch].size(): 9
thbToBellsMapping[patch].size(): 9
thbToBellsMapping[patch].size(): 9
thbToBellsMapping[patch].size(): 9
[mapPrev] newSize=154 carried=52 new(zero)=102
[mpbes-init] vectSol assigned from prevSol patch=11 levNow=0 attempt=3 rows=154 cols=2 nonZeroRows=52
[fitting-mode] attempt context: mode=globalFitting patch=11 levNow=0 attempt=3
[local-region] attempt context: patch=11 levNow=0 attempt=3 lambda=0 basisSelected=0/0 uvBefore=2100 uvAfter=2100
[assemble] custom-point layout per patch:
  patch=0 uv.cols=100
  patch=1 uv.cols=100
  patch=2 uv.cols=100
  patch=3 uv.cols=100
  patch=4 uv.cols=100
  patch=5 uv.cols=100
  patch=6 uv.cols=100
  patch=7 uv.cols=100
  patch=8 uv.cols=100
  patch=9 uv.cols=100
  patch=10 uv.cols=100
  patch=11 uv.cols=100
  patch=12 uv.cols=100
  patch=13 uv.cols=100
  patch=14 uv.cols=100
  patch=15 uv.cols=100
  patch=16 uv.cols=100
  patch=17 uv.cols=100
  patch=18 uv.cols=100
  patch=19 uv.cols=100
  patch=20 uv.cols=100
[assemble] resize A_mat(2100,154), b_vec(2100,2)
[assemble] after resize: A_mat.rows=2100 cols=154 b_vec.rows=2100 cols=2
[assemble] mode=global A cols=154
[fit-solve] matA sparse rows=2100 cols=154 nonZeros=14196
[fit-solve] matA nonFiniteEntries=0
[fit-solve] column mapping source=identity/global
[fit-solve] dynamic column reduction: selected=154 / 154
[fit-solve] matA rows=2100 cols=154
[fit-solve] informative column reduction: selected=154 / 154
[fit-solve] matA_solve rows=2100 cols=154
[fit-solve] dropped active/global columns by informative reduction begin
[fit-solve] dropped active/global columns by informative reduction end
[fit-solve] vectB(before At*b) rows=2100 cols=2
[fit-solve] vectB(before At*b) nonFiniteEntries=0
[fit-solve] sparse AtA: 154x154 nnz=1966
fit took: 0.0768831
[fit-solve] vectSol(after solve) rows=154 cols=2
[fit-solve] vectSol merge: seededFromOriginal=1 overwrittenRows=154 basisMaskApplied=0
[fit-solve] vectSol(after solve) nonFiniteEntries=0
Solve finished. vectSol.rows()=154, cols=2
matCbefore
2.84217e-14
matCafter
0.0609646
Total irregular points: 0
jack took: 0.0279172 (pts/patch=20^2=400)
Irregular points: 0 / 8400 (0%)
minusnumber: 0
[assemble] custom-point layout per patch:
  patch=0 uv.cols=20
  patch=1 uv.cols=30
  patch=2 uv.cols=20
  patch=3 uv.cols=30
  patch=4 uv.cols=20
  patch=5 uv.cols=20
  patch=6 uv.cols=20
  patch=7 uv.cols=20
  patch=8 uv.cols=20
  patch=9 uv.cols=30
  patch=10 uv.cols=20
  patch=11 uv.cols=30
  patch=12 uv.cols=20
  patch=13 uv.cols=30
  patch=14 uv.cols=20
  patch=15 uv.cols=30
  patch=16 uv.cols=20
  patch=17 uv.cols=20
  patch=18 uv.cols=20
  patch=19 uv.cols=20
  patch=20 uv.cols=20
[assemble] resize A_mat(480,154), b_vec(480,2)
[assemble] after resize: A_mat.rows=480 cols=154 b_vec.rows=480 cols=2
Global fitting error stats: max=0.0856736, rms=0.0143104, samples=2100, maxAtPatch=16, maxAtLocalPoint=70
Global fitting max sample: uv=(0,0.777778), xFit=(1.15639,2.17654), target=(1.24065,2.19201)
globalError: 0.0856736
featureError: 0.0624398
assemblyBoundaryError: 0.0624398
minusnumber: 0
Feature conditions are violated
FIT regular but error/feature tolerance not met (globalError=0.0856736, featureError=0.0624398). Withdrawing candidate.
Escape time: 2026-07-28 11:54:50 (+19.5547s, 19.5267s without jacobian checks)
nonCheckedCells.size() has become: 0
[geo-coarsen] preflight mirrored patch=12, no hierarchy-safe sibling group found; fallback to pickCell at level=0
CREATE C BOX:
ourBOX is 
1 0 0 2 2 

=== Box Consistency Check ===
Patch 12 has 1 boxes

Box domains:
Box 0: u=[0, 1] x v=[0, 1] (area=1)

Checking for overlaps:
  No overlaps detected (boundaries may touch)

Total area covered: 1 (target: 1.0)

SUCCESS: Boxes are consistent (no overlaps, full coverage)
Truncated basis of dimension 2,
levels=1, size=9, tree_nodes=1).
Domain: [0 0]..[1 1].
Size per level: 9 

0; 0; 0; 0; 1; 1; 
0 0 0 1 1
Truncated basis of dimension 2,
levels=1, size=9, tree_nodes=1).
Domain: [0 0]..[1 1].
Size per level: 9 

[primary coarsen] patch=12 cells=1 THBsize=9
1 1 1 1 1 1 1 1 1
creating the index mapping
thbToBellsMapping[patch].size(): 9
thbToBellsMapping[patch].size(): 9
thbToBellsMapping[patch].size(): 9
thbToBellsMapping[patch].size(): 9
thbToBellsMapping[patch].size(): 9
thbToBellsMapping[patch].size(): 9
thbToBellsMapping[patch].size(): 9
thbToBellsMapping[patch].size(): 9
thbToBellsMapping[patch].size(): 9
thbToBellsMapping[patch].size(): 9
thbToBellsMapping[patch].size(): 9
thbToBellsMapping[patch].size(): 9
thbToBellsMapping[patch].size(): 9
thbToBellsMapping[patch].size(): 16
thbToBellsMapping[patch].size(): 16
thbToBellsMapping[patch].size(): 16
thbToBellsMapping[patch].size(): 9
thbToBellsMapping[patch].size(): 9
thbToBellsMapping[patch].size(): 9
thbToBellsMapping[patch].size(): 9
thbToBellsMapping[patch].size(): 9
[mapPrev] newSize=147 carried=40 new(zero)=107
[mpbes-init] vectSol assigned from prevSol patch=12 levNow=0 attempt=3 rows=147 cols=2 nonZeroRows=40
[fitting-mode] attempt context: mode=globalFitting patch=12 levNow=0 attempt=3
[local-region] attempt context: patch=12 levNow=0 attempt=3 lambda=0 basisSelected=0/0 uvBefore=2100 uvAfter=2100
[assemble] custom-point layout per patch:
  patch=0 uv.cols=100
  patch=1 uv.cols=100
  patch=2 uv.cols=100
  patch=3 uv.cols=100
  patch=4 uv.cols=100
  patch=5 uv.cols=100
  patch=6 uv.cols=100
  patch=7 uv.cols=100
  patch=8 uv.cols=100
  patch=9 uv.cols=100
  patch=10 uv.cols=100
  patch=11 uv.cols=100
  patch=12 uv.cols=100
  patch=13 uv.cols=100
  patch=14 uv.cols=100
  patch=15 uv.cols=100
  patch=16 uv.cols=100
  patch=17 uv.cols=100
  patch=18 uv.cols=100
  patch=19 uv.cols=100
  patch=20 uv.cols=100
[assemble] resize A_mat(2100,147), b_vec(2100,2)
[assemble] after resize: A_mat.rows=2100 cols=147 b_vec.rows=2100 cols=2
[assemble] mode=global A cols=147
[fit-solve] matA sparse rows=2100 cols=147 nonZeros=14196
[fit-solve] matA nonFiniteEntries=0
[fit-solve] column mapping source=identity/global
[fit-solve] dynamic column reduction: selected=147 / 147
[fit-solve] matA rows=2100 cols=147
[fit-solve] informative column reduction: selected=147 / 147
[fit-solve] matA_solve rows=2100 cols=147
[fit-solve] dropped active/global columns by informative reduction begin
[fit-solve] dropped active/global columns by informative reduction end
[fit-solve] vectB(before At*b) rows=2100 cols=2
[fit-solve] vectB(before At*b) nonFiniteEntries=0
[fit-solve] sparse AtA: 147x147 nnz=1855
fit took: 0.0798966
[fit-solve] vectSol(after solve) rows=147 cols=2
[fit-solve] vectSol merge: seededFromOriginal=1 overwrittenRows=147 basisMaskApplied=0
[fit-solve] vectSol(after solve) nonFiniteEntries=0
Solve finished. vectSol.rows()=147, cols=2
matCbefore
8.52651e-14
matCafter
0.0609606
Total irregular points: 0
jack took: 0.0271647 (pts/patch=20^2=400)
Irregular points: 0 / 8400 (0%)
minusnumber: 0
[assemble] custom-point layout per patch:
  patch=0 uv.cols=20
  patch=1 uv.cols=30
  patch=2 uv.cols=20
  patch=3 uv.cols=30
  patch=4 uv.cols=20
  patch=5 uv.cols=20
  patch=6 uv.cols=20
  patch=7 uv.cols=20
  patch=8 uv.cols=20
  patch=9 uv.cols=30
  patch=10 uv.cols=20
  patch=11 uv.cols=30
  patch=12 uv.cols=20
  patch=13 uv.cols=30
  patch=14 uv.cols=20
  patch=15 uv.cols=30
  patch=16 uv.cols=20
  patch=17 uv.cols=20
  patch=18 uv.cols=20
  patch=19 uv.cols=20
  patch=20 uv.cols=20
[assemble] resize A_mat(480,147), b_vec(480,2)
[assemble] after resize: A_mat.rows=480 cols=147 b_vec.rows=480 cols=2
Global fitting error stats: max=0.0856677, rms=0.0143892, samples=2100, maxAtPatch=16, maxAtLocalPoint=70
Global fitting max sample: uv=(0,0.777778), xFit=(1.15639,2.17653), target=(1.24065,2.19201)
globalError: 0.0856677
featureError: 0.0624363
assemblyBoundaryError: 0.0624363
minusnumber: 0
Feature conditions are violated
FIT regular but error/feature tolerance not met (globalError=0.0856677, featureError=0.0624363). Withdrawing candidate.
Escape time: 2026-07-28 11:54:50 (+19.7119s, 19.6848s without jacobian checks)
nonCheckedCells.size() has become: 0
[geo-coarsen] preflight mirrored patch=13, no hierarchy-safe sibling group found; fallback to pickCell at level=0
CREATE C BOX:
ourBOX is 
1 0 0 2 2 

=== Box Consistency Check ===
Patch 13 has 1 boxes

Box domains:
Box 0: u=[0, 1] x v=[0, 1] (area=1)

Checking for overlaps:
  No overlaps detected (boundaries may touch)

Total area covered: 1 (target: 1.0)

SUCCESS: Boxes are consistent (no overlaps, full coverage)
Truncated basis of dimension 2,
levels=1, size=9, tree_nodes=1).
Domain: [0 0]..[1 1].
Size per level: 9 

0; 0; 0; 0; 1; 1; 
0 0 0 1 1
Truncated basis of dimension 2,
levels=1, size=9, tree_nodes=1).
Domain: [0 0]..[1 1].
Size per level: 9 

[primary coarsen] patch=13 cells=1 THBsize=9
1 1 1 1 1 1 1 1 1
creating the index mapping
thbToBellsMapping[patch].size(): 9
thbToBellsMapping[patch].size(): 9
thbToBellsMapping[patch].size(): 9
thbToBellsMapping[patch].size(): 9
thbToBellsMapping[patch].size(): 9
thbToBellsMapping[patch].size(): 9
thbToBellsMapping[patch].size(): 9
thbToBellsMapping[patch].size(): 9
thbToBellsMapping[patch].size(): 9
thbToBellsMapping[patch].size(): 9
thbToBellsMapping[patch].size(): 9
thbToBellsMapping[patch].size(): 9
thbToBellsMapping[patch].size(): 9
thbToBellsMapping[patch].size(): 9
thbToBellsMapping[patch].size(): 16
thbToBellsMapping[patch].size(): 16
thbToBellsMapping[patch].size(): 9
thbToBellsMapping[patch].size(): 9
thbToBellsMapping[patch].size(): 9
thbToBellsMapping[patch].size(): 9
thbToBellsMapping[patch].size(): 9
[mapPrev] newSize=139 carried=28 new(zero)=111
[mpbes-init] vectSol assigned from prevSol patch=13 levNow=0 attempt=3 rows=139 cols=2 nonZeroRows=28
[fitting-mode] attempt context: mode=globalFitting patch=13 levNow=0 attempt=3
[local-region] attempt context: patch=13 levNow=0 attempt=3 lambda=0 basisSelected=0/0 uvBefore=2100 uvAfter=2100
[assemble] custom-point layout per patch:
  patch=0 uv.cols=100
  patch=1 uv.cols=100
  patch=2 uv.cols=100
  patch=3 uv.cols=100
  patch=4 uv.cols=100
  patch=5 uv.cols=100
  patch=6 uv.cols=100
  patch=7 uv.cols=100
  patch=8 uv.cols=100
  patch=9 uv.cols=100
  patch=10 uv.cols=100
  patch=11 uv.cols=100
  patch=12 uv.cols=100
  patch=13 uv.cols=100
  patch=14 uv.cols=100
  patch=15 uv.cols=100
  patch=16 uv.cols=100
  patch=17 uv.cols=100
  patch=18 uv.cols=100
  patch=19 uv.cols=100
  patch=20 uv.cols=100
[assemble] resize A_mat(2100,139), b_vec(2100,2)
[assemble] after resize: A_mat.rows=2100 cols=139 b_vec.rows=2100 cols=2
[assemble] mode=global A cols=139
[fit-solve] matA sparse rows=2100 cols=139 nonZeros=14196
[fit-solve] matA nonFiniteEntries=0
[fit-solve] column mapping source=identity/global
[fit-solve] dynamic column reduction: selected=139 / 139
[fit-solve] matA rows=2100 cols=139
[fit-solve] informative column reduction: selected=139 / 139
[fit-solve] matA_solve rows=2100 cols=139
[fit-solve] dropped active/global columns by informative reduction begin
[fit-solve] dropped active/global columns by informative reduction end
[fit-solve] vectB(before At*b) rows=2100 cols=2
[fit-solve] vectB(before At*b) nonFiniteEntries=0
[fit-solve] sparse AtA: 139x139 nnz=1737
fit took: 0.0749729
[fit-solve] vectSol(after solve) rows=139 cols=2
[fit-solve] vectSol merge: seededFromOriginal=1 overwrittenRows=139 basisMaskApplied=0
[fit-solve] vectSol(after solve) nonFiniteEntries=0
Solve finished. vectSol.rows()=139, cols=2
matCbefore
5.68434e-14
matCafter
0.0609603
Total irregular points: 0
jack took: 0.0239512 (pts/patch=20^2=400)
Irregular points: 0 / 8400 (0%)
minusnumber: 0
[assemble] custom-point layout per patch:
  patch=0 uv.cols=20
  patch=1 uv.cols=30
  patch=2 uv.cols=20
  patch=3 uv.cols=30
  patch=4 uv.cols=20
  patch=5 uv.cols=20
  patch=6 uv.cols=20
  patch=7 uv.cols=20
  patch=8 uv.cols=20
  patch=9 uv.cols=30
  patch=10 uv.cols=20
  patch=11 uv.cols=30
  patch=12 uv.cols=20
  patch=13 uv.cols=30
  patch=14 uv.cols=20
  patch=15 uv.cols=30
  patch=16 uv.cols=20
  patch=17 uv.cols=20
  patch=18 uv.cols=20
  patch=19 uv.cols=20
  patch=20 uv.cols=20
[assemble] resize A_mat(480,139), b_vec(480,2)
[assemble] after resize: A_mat.rows=480 cols=139 b_vec.rows=480 cols=2
Global fitting error stats: max=0.0856672, rms=0.0144098, samples=2100, maxAtPatch=16, maxAtLocalPoint=70
Global fitting max sample: uv=(0,0.777778), xFit=(1.15639,2.17653), target=(1.24065,2.19201)
globalError: 0.0856672
featureError: 0.0624359
assemblyBoundaryError: 0.0624359
minusnumber: 0
Feature conditions are violated
FIT regular but error/feature tolerance not met (globalError=0.0856672, featureError=0.0624359). Withdrawing candidate.
Escape time: 2026-07-28 11:54:50 (+19.8705s, 19.8465s without jacobian checks)
nonCheckedCells.size() has become: 0
[geo-coarsen] preflight mirrored patch=14, no hierarchy-safe sibling group found; fallback to pickCell at level=0
CREATE C BOX:
ourBOX is 
1 0 0 2 2 

=== Box Consistency Check ===
Patch 14 has 1 boxes

Box domains:
Box 0: u=[0, 1] x v=[0, 1] (area=1)

Checking for overlaps:
  No overlaps detected (boundaries may touch)

Total area covered: 1 (target: 1.0)

SUCCESS: Boxes are consistent (no overlaps, full coverage)
Truncated basis of dimension 2,
levels=1, size=9, tree_nodes=1).
Domain: [0 0]..[1 1].
Size per level: 9 

0; 0; 0; 0; 1; 1; 
0 0 0 1 1
Truncated basis of dimension 2,
levels=1, size=9, tree_nodes=1).
Domain: [0 0]..[1 1].
Size per level: 9 

[primary coarsen] patch=14 cells=1 THBsize=9
1 1 1 1 1 1 1 1 1
creating the index mapping
thbToBellsMapping[patch].size(): 9
thbToBellsMapping[patch].size(): 9
thbToBellsMapping[patch].size(): 9
thbToBellsMapping[patch].size(): 9
thbToBellsMapping[patch].size(): 9
thbToBellsMapping[patch].size(): 9
thbToBellsMapping[patch].size(): 9
thbToBellsMapping[patch].size(): 9
thbToBellsMapping[patch].size(): 9
thbToBellsMapping[patch].size(): 9
thbToBellsMapping[patch].size(): 9
thbToBellsMapping[patch].size(): 9
thbToBellsMapping[patch].size(): 9
thbToBellsMapping[patch].size(): 9
thbToBellsMapping[patch].size(): 9
thbToBellsMapping[patch].size(): 16
thbToBellsMapping[patch].size(): 9
thbToBellsMapping[patch].size(): 9
thbToBellsMapping[patch].size(): 9
thbToBellsMapping[patch].size(): 9
thbToBellsMapping[patch].size(): 9
[mapPrev] newSize=131 carried=16 new(zero)=115
[mpbes-init] vectSol assigned from prevSol patch=14 levNow=0 attempt=3 rows=131 cols=2 nonZeroRows=16
[fitting-mode] attempt context: mode=globalFitting patch=14 levNow=0 attempt=3
[local-region] attempt context: patch=14 levNow=0 attempt=3 lambda=0 basisSelected=0/0 uvBefore=2100 uvAfter=2100
[assemble] custom-point layout per patch:
  patch=0 uv.cols=100
  patch=1 uv.cols=100
  patch=2 uv.cols=100
  patch=3 uv.cols=100
  patch=4 uv.cols=100
  patch=5 uv.cols=100
  patch=6 uv.cols=100
  patch=7 uv.cols=100
  patch=8 uv.cols=100
  patch=9 uv.cols=100
  patch=10 uv.cols=100
  patch=11 uv.cols=100
  patch=12 uv.cols=100
  patch=13 uv.cols=100
  patch=14 uv.cols=100
  patch=15 uv.cols=100
  patch=16 uv.cols=100
  patch=17 uv.cols=100
  patch=18 uv.cols=100
  patch=19 uv.cols=100
  patch=20 uv.cols=100
[assemble] resize A_mat(2100,131), b_vec(2100,2)
[assemble] after resize: A_mat.rows=2100 cols=131 b_vec.rows=2100 cols=2
[assemble] mode=global A cols=131
[fit-solve] matA sparse rows=2100 cols=131 nonZeros=14196
[fit-solve] matA nonFiniteEntries=0
[fit-solve] column mapping source=identity/global
[fit-solve] dynamic column reduction: selected=131 / 131
[fit-solve] matA rows=2100 cols=131
[fit-solve] informative column reduction: selected=131 / 131
[fit-solve] matA_solve rows=2100 cols=131
[fit-solve] dropped active/global columns by informative reduction begin
[fit-solve] dropped active/global columns by informative reduction end
[fit-solve] vectB(before At*b) rows=2100 cols=2
[fit-solve] vectB(before At*b) nonFiniteEntries=0
[fit-solve] sparse AtA: 131x131 nnz=1625
fit took: 0.0741083
[fit-solve] vectSol(after solve) rows=131 cols=2
[fit-solve] vectSol merge: seededFromOriginal=1 overwrittenRows=131 basisMaskApplied=0
[fit-solve] vectSol(after solve) nonFiniteEntries=0
Solve finished. vectSol.rows()=131, cols=2
matCbefore
2.84217e-14
matCafter
0.0609602
Total irregular points: 0
jack took: 0.0252597 (pts/patch=20^2=400)
Irregular points: 0 / 8400 (0%)
minusnumber: 0
[assemble] custom-point layout per patch:
  patch=0 uv.cols=20
  patch=1 uv.cols=30
  patch=2 uv.cols=20
  patch=3 uv.cols=30
  patch=4 uv.cols=20
  patch=5 uv.cols=20
  patch=6 uv.cols=20
  patch=7 uv.cols=20
  patch=8 uv.cols=20
  patch=9 uv.cols=30
  patch=10 uv.cols=20
  patch=11 uv.cols=30
  patch=12 uv.cols=20
  patch=13 uv.cols=30
  patch=14 uv.cols=20
  patch=15 uv.cols=30
  patch=16 uv.cols=20
  patch=17 uv.cols=20
  patch=18 uv.cols=20
  patch=19 uv.cols=20
  patch=20 uv.cols=20
[assemble] resize A_mat(480,131), b_vec(480,2)
[assemble] after resize: A_mat.rows=480 cols=131 b_vec.rows=480 cols=2
Global fitting error stats: max=0.0856672, rms=0.0144287, samples=2100, maxAtPatch=16, maxAtLocalPoint=70
Global fitting max sample: uv=(0,0.777778), xFit=(1.15639,2.17653), target=(1.24065,2.19201)
globalError: 0.0856672
featureError: 0.0624358
assemblyBoundaryError: 0.0624358
minusnumber: 0
Feature conditions are violated
FIT regular but error/feature tolerance not met (globalError=0.0856672, featureError=0.0624358). Withdrawing candidate.
Escape time: 2026-07-28 11:54:50 (+20.0266s, 20.0014s without jacobian checks)
nonCheckedCells.size() has become: 0
[geo-coarsen] preflight mirrored patch=15, no hierarchy-safe sibling group found; fallback to pickCell at level=0
CREATE C BOX:
ourBOX is 
1 0 0 2 2 

=== Box Consistency Check ===
Patch 15 has 1 boxes

Box domains:
Box 0: u=[0, 1] x v=[0, 1] (area=1)

Checking for overlaps:
  No overlaps detected (boundaries may touch)

Total area covered: 1 (target: 1.0)

SUCCESS: Boxes are consistent (no overlaps, full coverage)
Truncated basis of dimension 2,
levels=1, size=9, tree_nodes=1).
Domain: [0 0]..[1 1].
Size per level: 9 

0; 0; 0; 0; 1; 1; 
0 0 0 1 1
Truncated basis of dimension 2,
levels=1, size=9, tree_nodes=1).
Domain: [0 0]..[1 1].
Size per level: 9 

[primary coarsen] patch=15 cells=1 THBsize=9
1 1 1 1 1 1 1 1 1
creating the index mapping
thbToBellsMapping[patch].size(): 9
thbToBellsMapping[patch].size(): 9
thbToBellsMapping[patch].size(): 9
thbToBellsMapping[patch].size(): 9
thbToBellsMapping[patch].size(): 9
thbToBellsMapping[patch].size(): 9
thbToBellsMapping[patch].size(): 9
thbToBellsMapping[patch].size(): 9
thbToBellsMapping[patch].size(): 9
thbToBellsMapping[patch].size(): 9
thbToBellsMapping[patch].size(): 9
thbToBellsMapping[patch].size(): 9
thbToBellsMapping[patch].size(): 9
thbToBellsMapping[patch].size(): 9
thbToBellsMapping[patch].size(): 9
thbToBellsMapping[patch].size(): 9
thbToBellsMapping[patch].size(): 9
thbToBellsMapping[patch].size(): 9
thbToBellsMapping[patch].size(): 9
thbToBellsMapping[patch].size(): 9
thbToBellsMapping[patch].size(): 9
[mapPrev] newSize=117 carried=0 new(zero)=117
[mpbes-init] vectSol assigned from prevSol patch=15 levNow=0 attempt=3 rows=117 cols=2 nonZeroRows=0
[fitting-mode] attempt context: mode=globalFitting patch=15 levNow=0 attempt=3
[local-region] attempt context: patch=15 levNow=0 attempt=3 lambda=0 basisSelected=0/0 uvBefore=2100 uvAfter=2100
[assemble] custom-point layout per patch:
  patch=0 uv.cols=100
  patch=1 uv.cols=100
  patch=2 uv.cols=100
  patch=3 uv.cols=100
  patch=4 uv.cols=100
  patch=5 uv.cols=100
  patch=6 uv.cols=100
  patch=7 uv.cols=100
  patch=8 uv.cols=100
  patch=9 uv.cols=100
  patch=10 uv.cols=100
  patch=11 uv.cols=100
  patch=12 uv.cols=100
  patch=13 uv.cols=100
  patch=14 uv.cols=100
  patch=15 uv.cols=100
  patch=16 uv.cols=100
  patch=17 uv.cols=100
  patch=18 uv.cols=100
  patch=19 uv.cols=100
  patch=20 uv.cols=100
[assemble] resize A_mat(2100,117), b_vec(2100,2)
[assemble] after resize: A_mat.rows=2100 cols=117 b_vec.rows=2100 cols=2
[assemble] mode=global A cols=117
[fit-solve] matA sparse rows=2100 cols=117 nonZeros=14196
[fit-solve] matA nonFiniteEntries=0
[fit-solve] column mapping source=identity/global
[fit-solve] dynamic column reduction: selected=117 / 117
[fit-solve] matA rows=2100 cols=117
[fit-solve] informative column reduction: selected=117 / 117
[fit-solve] matA_solve rows=2100 cols=117
[fit-solve] dropped active/global columns by informative reduction begin
[fit-solve] dropped active/global columns by informative reduction end
[fit-solve] vectB(before At*b) rows=2100 cols=2
[fit-solve] vectB(before At*b) nonFiniteEntries=0
[fit-solve] sparse AtA: 117x117 nnz=1485
fit took: 0.0638681
[fit-solve] vectSol(after solve) rows=117 cols=2
[fit-solve] vectSol merge: seededFromOriginal=1 overwrittenRows=117 basisMaskApplied=0
[fit-solve] vectSol(after solve) nonFiniteEntries=0
Solve finished. vectSol.rows()=117, cols=2
matCbefore
2.84217e-14
matCafter
0.0609601
Total irregular points: 0
jack took: 0.0264952 (pts/patch=20^2=400)
Irregular points: 0 / 8400 (0%)
minusnumber: 0
[assemble] custom-point layout per patch:
  patch=0 uv.cols=20
  patch=1 uv.cols=30
  patch=2 uv.cols=20
  patch=3 uv.cols=30
  patch=4 uv.cols=20
  patch=5 uv.cols=20
  patch=6 uv.cols=20
  patch=7 uv.cols=20
  patch=8 uv.cols=20
  patch=9 uv.cols=30
  patch=10 uv.cols=20
  patch=11 uv.cols=30
  patch=12 uv.cols=20
  patch=13 uv.cols=30
  patch=14 uv.cols=20
  patch=15 uv.cols=30
  patch=16 uv.cols=20
  patch=17 uv.cols=20
  patch=18 uv.cols=20
  patch=19 uv.cols=20
  patch=20 uv.cols=20
[assemble] resize A_mat(480,117), b_vec(480,2)
[assemble] after resize: A_mat.rows=480 cols=117 b_vec.rows=480 cols=2
Global fitting error stats: max=0.0856672, rms=0.0144684, samples=2100, maxAtPatch=16, maxAtLocalPoint=70
Global fitting max sample: uv=(0,0.777778), xFit=(1.15639,2.17653), target=(1.24065,2.19201)
globalError: 0.0856672
featureError: 0.0624357
assemblyBoundaryError: 0.0624357
minusnumber: 0
Feature conditions are violated
FIT regular but error/feature tolerance not met (globalError=0.0856672, featureError=0.0624357). Withdrawing candidate.
Escape time: 2026-07-28 11:54:51 (+20.1718s, 20.1453s without jacobian checks)
nonCheckedCells.size() has become: 0
Saving after-iter1 mesh: yeti_mp2_thb_approximation_fine_L3_output_mesh_after_iter1_lev0
[timing] Phase breakdown (wall=20.5714 s):
  Preflight total                 : 1.8304 s (8.8978%)
    mesh write (generateOriginalGeometryMesh) : 0.95203 s (4.62794%)
    Jacobian check (computeMirroredCheckFromMp): 0.878368 s (4.26986%)
  One-time init (before loop)     : 1.82001 s (8.8473%)
  Grenda preflight (all patches)  : 0.302826 s (1.47208%)
  Cell selection (winning patch)  : 0.0376086 s (0.18282%)
  THB rebuild + outfile<<THB      : 0.136884 s (0.66541%)
  MPBES build total               : 0.859197 s (4.17667%)
    orient                        : 0 s (0%)
    createIndexMapping            : 0.0387583 s (0.188409%)
    MPBES constructor             : 0.820393 s (3.98803%)
  MPBES extract + vectSol init    : 0.0111034 s (0.053975%)
  Local setup (region + AU select) : 0.0026594 s (0.0129277%)
  Assembly  assemble()            : 6.80607 s (33.0852%)
  Pre-solve (col map + defect corr): 0.0037144 s (0.0180562%)
  AtA formation + LDLT solve      : 0.0455995 s (0.221665%)
  Post-solve (scatter/merge/resid) : 0.0087523 s (0.042546%)
  LO  nonLinearOptimization       : 0 s (0%)
  NLO nonLinearOptimization       : 0 s (0%)
  MPBES copy on accept            : 0.0138891 s (0.0675167%)
  checkJacobianDeterminant        : 2.97784 s (14.4757%)
  Post-jack (log+flush+A-alloc)   : 0.0591645 s (0.287606%)
  testBoundaryAssembly            : 1.55036 s (7.5365%)
  target geometry construction    : 0.601326 s (2.92312%)
  globalFittingError              : 1.2981 s (6.31025%)
  Post-accept (log+flush)         : 0.0726136 s (0.352984%)
  GAP A (Grenda?cell-sel)         : 0.0387507 s (0.188372%)
  Bookkeeping (accept/reject path): 0.194646 s (0.946198%)
  Other (unaccounted)             : 1.89984 s (9.23539%)
FINISHED took: 20.6367
accepted mpbes.size(): 264
Successful attempts: 19 / 19

Visualization written to: yeti_mp2_thb_approximation_fine_L3_output_mesh_final.txt
Python script execution skipped (final visualization path).
