# Visualization Mesh
# Format: x y patch_id direction
# Blank line separates different grid lines
# Total lines: 226

0.655012 4.33787 0 u
0.646712 4.34572 0 u
0.638412 4.35357 0 u
0.630112 4.36142 0 u
0.621811 4.36927 0 u
0.613511 4.37713 0 u
0.605211 4.38498 0 u
0.596911 4.39283 0 u
0.58861 4.40068 0 u
0.58031 4.40853 0 u
0.57201 4.41638 0 u
0.56371 4.42423 0 u
0.555409 4.43208 0 u
0.547109 4.43993 0 u
0.538809 4.44778 0 u
0.530508 4.45563 0 u
0.522208 4.46348 0 u
0.513908 4.47133 0 u
0.505607 4.47918 0 u
0.497307 4.48703 0 u
0.489007 4.49488 0 u
0.480706 4.50273 0 u
0.472406 4.51058 0 u
0.464105 4.51843 0 u
0.455805 4.52628 0 u
0.447505 4.53413 0 u
0.439204 4.54198 0 u
0.430904 4.54983 0 u
0.422604 4.55768 0 u
0.414303 4.56553 0 u
0.406003 4.57338 0 u
0.397703 4.58123 0 u
0.389402 4.58908 0 u
0.381102 4.59693 0 u
0.372802 4.60478 0 u
0.364501 4.61263 0 u
0.356201 4.62048 0 u
0.347901 4.62833 0 u
0.339601 4.63618 0 u
0.3313 4.64403 0 u
0.323 4.65188 0 u

0.91986 4.46733 0 u
0.923471 4.47697 0 u
0.926902 4.48661 0 u
0.930155 4.49627 0 u
0.933229 4.50593 0 u
0.936124 4.51561 0 u
0.938841 4.5253 0 u
0.941378 4.535 0 u
0.943736 4.54471 0 u
0.945916 4.55444 0 u
0.947917 4.56417 0 u
0.949739 4.57392 0 u
0.951382 4.58368 0 u
0.952846 4.59345 0 u
0.954131 4.60323 0 u
0.955237 4.61302 0 u
0.956165 4.62283 0 u
0.956914 4.63265 0 u
0.957483 4.64247 0 u
0.957874 4.65231 0 u
0.958086 4.66216 0 u
0.958151 4.67206 0 u
0.958099 4.68204 0 u
0.957931 4.6921 0 u
0.957648 4.70225 0 u
0.957248 4.71247 0 u
0.956732 4.72278 0 u
0.956099 4.73317 0 u
0.955351 4.74364 0 u
0.954487 4.7542 0 u
0.953506 4.76484 0 u
0.95241 4.77556 0 u
0.951197 4.78636 0 u
0.949868 4.79724 0 u
0.948423 4.80821 0 u
0.946862 4.81926 0 u
0.945185 4.83039 0 u
0.943391 4.8416 0 u
0.941482 4.85289 0 u
0.939456 4.86427 0 u
0.937314 4.87573 0 u

1.22621 4.30336 0 u
1.23537 4.31302 0 u
1.24423 4.32279 0 u
1.25279 4.33266 0 u
1.26105 4.34262 0 u
1.26901 4.35269 0 u
1.27666 4.36286 0 u
1.28402 4.37313 0 u
1.29108 4.3835 0 u
1.29784 4.39397 0 u
1.3043 4.40454 0 u
1.31046 4.41521 0 u
1.31632 4.42599 0 u
1.32188 4.43686 0 u
1.32714 4.44783 0 u
1.3321 4.45891 0 u
1.33676 4.47009 0 u
1.34112 4.48136 0 u
1.34518 4.49274 0 u
1.34894 4.50422 0 u
1.3524 4.5158 0 u
1.35556 4.52748 0 u
1.35842 4.53926 0 u
1.36098 4.55114 0 u
1.36324 4.56312 0 u
1.3652 4.5752 0 u
1.36686 4.58738 0 u
1.36822 4.59966 0 u
1.36928 4.61204 0 u
1.37004 4.62452 0 u
1.3705 4.6371 0 u
1.37066 4.64978 0 u
1.37052 4.66256 0 u
1.37008 4.67544 0 u
1.36934 4.68842 0 u
1.3683 4.70151 0 u
1.36696 4.71469 0 u
1.36532 4.72797 0 u
1.36338 4.74135 0 u
1.36114 4.75483 0 u
1.3586 4.76841 0 u

0.655012 4.33787 0 v
0.664532 4.35148 0 v
0.674444 4.36434 0 v
0.684747 4.37645 0 v
0.695442 4.3878 0 v
0.706529 4.39841 0 v
0.718009 4.40826 0 v
0.729879 4.41737 0 v
0.742142 4.42572 0 v
0.754797 4.43332 0 v
0.767843 4.44017 0 v
0.781282 4.44626 0 v
0.795112 4.45161 0 v
0.809334 4.4562 0 v
0.823948 4.46005 0 v
0.838953 4.46314 0 v
0.854351 4.46548 0 v
0.870141 4.46707 0 v
0.886322 4.46791 0 v
0.902895 4.468 0 v
0.91986 4.46733 0 v
0.936929 4.46594 0 v
0.953813 4.46382 0 v
0.970513 4.46099 0 v
0.987029 4.45745 0 v
1.00336 4.45319 0 v
1.01951 4.44821 0 v
1.03547 4.44252 0 v
1.05125 4.43611 0 v
1.06684 4.42898 0 v
1.08225 4.42114 0 v
1.09748 4.41259 0 v
1.11252 4.40331 0 v
1.12738 4.39333 0 v
1.14205 4.38262 0 v
1.15654 4.3712 0 v
1.17084 4.35906 0 v
1.18496 4.34621 0 v
1.19889 4.33264 0 v
1.21264 4.31836 0 v
1.22621 4.30336 0 v

0.489007 4.49488 0 v
0.51131 4.5153 0 v
0.533734 4.53446 0 v
0.556279 4.55234 0 v
0.578946 4.56896 0 v
0.601734 4.5843 0 v
0.624643 4.59838 0 v
0.647673 4.61119 0 v
0.670824 4.62272 0 v
0.694096 4.63299 0 v
0.717489 4.64199 0 v
0.741004 4.64972 0 v
0.76464 4.65618 0 v
0.788397 4.66137 0 v
0.812274 4.66529 0 v
0.836274 4.66794 0 v
0.860394 4.66933 0 v
0.884635 4.66944 0 v
0.908998 4.66828 0 v
0.933481 4.66586 0 v
0.958086 4.66216 0 v
0.982504 4.65768 0 v
1.00643 4.65291 0 v
1.02986 4.64783 0 v
1.05279 4.64245 0 v
1.07523 4.63678 0 v
1.09717 4.6308 0 v
1.11862 4.62453 0 v
1.13957 4.61796 0 v
1.16003 4.61109 0 v
1.17999 4.60392 0 v
1.19946 4.59646 0 v
1.21843 4.58869 0 v
1.23691 4.58062 0 v
1.25489 4.57226 0 v
1.27238 4.5636 0 v
1.28938 4.55464 0 v
1.30587 4.54537 0 v
1.32188 4.53582 0 v
1.33739 4.52596 0 v
1.3524 4.5158 0 v

0.323 4.65188 0 v
0.354904 4.68059 0 v
0.386684 4.70746 0 v
0.418338 4.73249 0 v
0.449867 4.75567 0 v
0.481271 4.77701 0 v
0.512549 4.7965 0 v
0.543703 4.81415 0 v
0.574731 4.82995 0 v
0.605635 4.84391 0 v
0.636413 4.85602 0 v
0.667066 4.86629 0 v
0.697594 4.87472 0 v
0.727997 4.8813 0 v
0.758275 4.88604 0 v
0.788428 4.88893 0 v
0.818455 4.88998 0 v
0.848358 4.88918 0 v
0.878135 4.88654 0 v
0.907787 4.88206 0 v
0.937314 4.87573 0 v
0.966359 4.86857 0 v
0.994564 4.86161 0 v
1.02193 4.85483 0 v
1.04845 4.84823 0 v
1.07414 4.84183 0 v
1.09898 4.83562 0 v
1.12299 4.82959 0 v
1.14615 4.82375 0 v
1.16847 4.81811 0 v
1.18996 4.81264 0 v
1.2106 4.80737 0 v
1.23041 4.80229 0 v
1.24937 4.7974 0 v
1.2675 4.79269 0 v
1.28478 4.78817 0 v
1.30122 4.78384 0 v
1.31683 4.7797 0 v
1.33159 4.77575 0 v
1.34552 4.77199 0 v
1.3586 4.76841 0 v

1.22621 4.30336 1 u
1.23537 4.31302 1 u
1.24423 4.32279 1 u
1.25279 4.33266 1 u
1.26105 4.34262 1 u
1.26901 4.35269 1 u
1.27666 4.36286 1 u
1.28402 4.37313 1 u
1.29108 4.3835 1 u
1.29784 4.39397 1 u
1.3043 4.40454 1 u
1.31046 4.41521 1 u
1.31632 4.42599 1 u
1.32188 4.43686 1 u
1.32714 4.44783 1 u
1.3321 4.45891 1 u
1.33676 4.47009 1 u
1.34112 4.48136 1 u
1.34518 4.49274 1 u
1.34894 4.50422 1 u
1.3524 4.5158 1 u
1.35556 4.52748 1 u
1.35842 4.53926 1 u
1.36098 4.55114 1 u
1.36324 4.56312 1 u
1.3652 4.5752 1 u
1.36686 4.58738 1 u
1.36822 4.59966 1 u
1.36928 4.61204 1 u
1.37004 4.62452 1 u
1.3705 4.6371 1 u
1.37066 4.64978 1 u
1.37052 4.66256 1 u
1.37008 4.67544 1 u
1.36934 4.68842 1 u
1.3683 4.70151 1 u
1.36696 4.71469 1 u
1.36532 4.72797 1 u
1.36338 4.74135 1 u
1.36114 4.75483 1 u
1.3586 4.76841 1 u

1.50195 4.25665 1 u
1.50667 4.26692 1 u
1.51134 4.27721 1 u
1.51594 4.2875 1 u
1.52048 4.29781 1 u
1.52496 4.30814 1 u
1.52938 4.31847 1 u
1.53374 4.32882 1 u
1.53804 4.33917 1 u
1.54228 4.34954 1 u
1.54646 4.35993 1 u
1.55058 4.37032 1 u
1.55463 4.38073 1 u
1.55863 4.39115 1 u
1.56257 4.40158 1 u
1.56644 4.41202 1 u
1.57026 4.42248 1 u
1.57402 4.43295 1 u
1.57771 4.44343 1 u
1.58135 4.45392 1 u
1.58492 4.46442 1 u
1.58843 4.47496 1 u
1.59187 4.48556 1 u
1.59523 4.49621 1 u
1.59853 4.50693 1 u
1.60176 4.51769 1 u
1.60491 4.52852 1 u
1.608 4.5394 1 u
1.61101 4.55034 1 u
1.61396 4.56134 1 u
1.61683 4.57239 1 u
1.61963 4.5835 1 u
1.62237 4.59467 1 u
1.62503 4.60589 1 u
1.62762 4.61717 1 u
1.63014 4.62851 1 u
1.63259 4.63991 1 u
1.63497 4.65136 1 u
1.63728 4.66287 1 u
1.63952 4.67444 1 u
1.64169 4.68606 1 u

1.73769 4.10995 1 u
1.73928 4.12313 1 u
1.74101 4.13623 1 u
1.7429 4.14926 1 u
1.74493 4.16221 1 u
1.74712 4.17509 1 u
1.74945 4.18789 1 u
1.75193 4.20062 1 u
1.75457 4.21327 1 u
1.75735 4.22585 1 u
1.76029 4.23835 1 u
1.76337 4.25078 1 u
1.7666 4.26313 1 u
1.76998 4.27541 1 u
1.77351 4.28761 1 u
1.7772 4.29974 1 u
1.78103 4.31179 1 u
1.78501 4.32377 1 u
1.78914 4.33567 1 u
1.79342 4.3475 1 u
1.79785 4.35925 1 u
1.80243 4.37098 1 u
1.80716 4.38273 1 u
1.81204 4.39451 1 u
1.81707 4.40631 1 u
1.82225 4.41814 1 u
1.82759 4.42999 1 u
1.83307 4.44187 1 u
1.8387 4.45377 1 u
1.84448 4.4657 1 u
1.85042 4.47766 1 u
1.8565 4.48964 1 u
1.86274 4.50164 1 u
1.86912 4.51367 1 u
1.87565 4.52572 1 u
1.88234 4.5378 1 u
1.88917 4.54991 1 u
1.89616 4.56204 1 u
1.9033 4.57419 1 u
1.91058 4.58637 1 u
1.91802 4.59858 1 u

1.22621 4.30336 1 v
1.24285 4.3034 1 v
1.25919 4.30319 1 v
1.27523 4.30273 1 v
1.29096 4.30202 1 v
1.3064 4.30106 1 v
1.32154 4.29984 1 v
1.33638 4.29838 1 v
1.35092 4.29667 1 v
1.36515 4.29471 1 v
1.37909 4.2925 1 v
1.39273 4.29004 1 v
1.40606 4.28733 1 v
1.4191 4.28437 1 v
1.43184 4.28116 1 v
1.44427 4.2777 1 v
1.45641 4.27399 1 v
1.46824 4.27003 1 v
1.47978 4.26582 1 v
1.49101 4.26136 1 v
1.50195 4.25665 1 v
1.51279 4.25169 1 v
1.52372 4.24648 1 v
1.53476 4.24102 1 v
1.54589 4.23531 1 v
1.55713 4.22935 1 v
1.56846 4.22314 1 v
1.5799 4.21668 1 v
1.59144 4.20997 1 v
1.60307 4.20301 1 v
1.61481 4.1958 1 v
1.62665 4.18834 1 v
1.63858 4.18063 1 v
1.65062 4.17267 1 v
1.66276 4.16446 1 v
1.675 4.156 1 v
1.68734 4.14729 1 v
1.69977 4.13833 1 v
1.71231 4.12912 1 v
1.72495 4.11966 1 v
1.73769 4.10995 1 v

1.3524 4.5158 1 v
1.36464 4.51479 1 v
1.37682 4.51362 1 v
1.38894 4.51229 1 v
1.40098 4.51079 1 v
1.41297 4.50912 1 v
1.42489 4.5073 1 v
1.43674 4.5053 1 v
1.44853 4.50314 1 v
1.46025 4.50082 1 v
1.47191 4.49834 1 v
1.4835 4.49569 1 v
1.49503 4.49287 1 v
1.5065 4.48989 1 v
1.51789 4.48675 1 v
1.52923 4.48344 1 v
1.5405 4.47996 1 v
1.5517 4.47633 1 v
1.56284 4.47252 1 v
1.57391 4.46856 1 v
1.58492 4.46442 1 v
1.59588 4.46016 1 v
1.60681 4.45579 1 v
1.6177 4.45131 1 v
1.62856 4.44673 1 v
1.63939 4.44205 1 v
1.65018 4.43726 1 v
1.66094 4.43237 1 v
1.67167 4.42737 1 v
1.68237 4.42227 1 v
1.69303 4.41706 1 v
1.70366 4.41175 1 v
1.71426 4.40634 1 v
1.72482 4.40082 1 v
1.73535 4.39519 1 v
1.74585 4.38946 1 v
1.75632 4.38363 1 v
1.76675 4.37769 1 v
1.77715 4.37165 1 v
1.78752 4.3655 1 v
1.79785 4.35925 1 v

1.3586 4.76841 1 v
1.37134 4.7649 1 v
1.38422 4.76132 1 v
1.39726 4.75768 1 v
1.41044 4.75397 1 v
1.42378 4.75021 1 v
1.43726 4.74637 1 v
1.45089 4.74248 1 v
1.46468 4.73852 1 v
1.47861 4.7345 1 v
1.49269 4.73041 1 v
1.50692 4.72626 1 v
1.52129 4.72205 1 v
1.53582 4.71778 1 v
1.5505 4.71344 1 v
1.56532 4.70903 1 v
1.5803 4.70457 1 v
1.59542 4.70004 1 v
1.61069 4.69544 1 v
1.62611 4.69079 1 v
1.64169 4.68606 1 v
1.65724 4.68133 1 v
1.67261 4.67664 1 v
1.6878 4.67198 1 v
1.7028 4.66736 1 v
1.71763 4.66278 1 v
1.73227 4.65823 1 v
1.74672 4.65372 1 v
1.761 4.64926 1 v
1.77509 4.64482 1 v
1.789 4.64043 1 v
1.80272 4.63608 1 v
1.81626 4.63176 1 v
1.82962 4.62748 1 v
1.8428 4.62324 1 v
1.85579 4.61903 1 v
1.8686 4.61487 1 v
1.88123 4.61074 1 v
1.89368 4.60665 1 v
1.90594 4.60259 1 v
1.91802 4.59858 1 v

1.73769 4.10995 2 u
1.73928 4.12313 2 u
1.74101 4.13623 2 u
1.7429 4.14926 2 u
1.74493 4.16221 2 u
1.74712 4.17509 2 u
1.74945 4.18789 2 u
1.75193 4.20062 2 u
1.75457 4.21327 2 u
1.75735 4.22585 2 u
1.76029 4.23835 2 u
1.76337 4.25078 2 u
1.7666 4.26313 2 u
1.76998 4.27541 2 u
1.77351 4.28761 2 u
1.7772 4.29974 2 u
1.78103 4.31179 2 u
1.78501 4.32377 2 u
1.78914 4.33567 2 u
1.79342 4.3475 2 u
1.79785 4.35925 2 u
1.80243 4.37098 2 u
1.80716 4.38273 2 u
1.81204 4.39451 2 u
1.81707 4.40631 2 u
1.82225 4.41814 2 u
1.82759 4.42999 2 u
1.83307 4.44187 2 u
1.8387 4.45377 2 u
1.84448 4.4657 2 u
1.85042 4.47766 2 u
1.8565 4.48964 2 u
1.86274 4.50164 2 u
1.86912 4.51367 2 u
1.87565 4.52572 2 u
1.88234 4.5378 2 u
1.88917 4.54991 2 u
1.89616 4.56204 2 u
1.9033 4.57419 2 u
1.91058 4.58637 2 u
1.91802 4.59858 2 u

1.97197 4.15114 2 u
1.97644 4.16 2 u
1.9809 4.16884 2 u
1.98537 4.17767 2 u
1.98983 4.18649 2 u
1.99428 4.1953 2 u
1.99873 4.2041 2 u
2.00318 4.21289 2 u
2.00762 4.22167 2 u
2.01206 4.23044 2 u
2.0165 4.2392 2 u
2.02093 4.24795 2 u
2.02536 4.25669 2 u
2.02978 4.26542 2 u
2.0342 4.27414 2 u
2.03862 4.28285 2 u
2.04303 4.29155 2 u
2.04744 4.30024 2 u
2.05184 4.30892 2 u
2.05624 4.31759 2 u
2.06063 4.32625 2 u
2.06504 4.33492 2 u
2.06948 4.34362 2 u
2.07395 4.35235 2 u
2.07845 4.36111 2 u
2.08298 4.3699 2 u
2.08753 4.37872 2 u
2.09212 4.38757 2 u
2.09674 4.39645 2 u
2.10138 4.40536 2 u
2.10606 4.4143 2 u
2.11076 4.42327 2 u
2.1155 4.43227 2 u
2.12026 4.4413 2 u
2.12505 4.45036 2 u
2.12988 4.45945 2 u
2.13473 4.46857 2 u
2.13961 4.47772 2 u
2.14453 4.4869 2 u
2.14947 4.49611 2 u
2.15444 4.50535 2 u

2.1415 3.97101 2 u
2.14952 3.98048 2 u
2.15744 3.99001 2 u
2.16526 3.99958 2 u
2.17298 4.0092 2 u
2.1806 4.01888 2 u
2.18812 4.0286 2 u
2.19553 4.03837 2 u
2.20285 4.0482 2 u
2.21007 4.05807 2 u
2.21719 4.06799 2 u
2.2242 4.07796 2 u
2.23112 4.08798 2 u
2.23794 4.09806 2 u
2.24466 4.10818 2 u
2.25127 4.11835 2 u
2.25779 4.12857 2 u
2.2642 4.13884 2 u
2.27052 4.14916 2 u
2.27673 4.15953 2 u
2.28285 4.16995 2 u
2.28887 4.18042 2 u
2.29478 4.19094 2 u
2.3006 4.20151 2 u
2.30631 4.21213 2 u
2.31193 4.2228 2 u
2.31744 4.23352 2 u
2.32286 4.24428 2 u
2.32818 4.2551 2 u
2.3334 4.26597 2 u
2.33851 4.27689 2 u
2.34353 4.28785 2 u
2.34845 4.29887 2 u
2.35327 4.30994 2 u
2.35798 4.32106 2 u
2.3626 4.33222 2 u
2.36712 4.34344 2 u
2.37154 4.3547 2 u
2.37586 4.36602 2 u
2.38008 4.37738 2 u
2.3842 4.3888 2 u

1.73769 4.10995 2 v
1.75035 4.11699 2 v
1.76292 4.1235 2 v
1.77538 4.12949 2 v
1.78775 4.13495 2 v
1.80001 4.1399 2 v
1.81217 4.14431 2 v
1.82424 4.14821 2 v
1.8362 4.15158 2 v
1.84806 4.15442 2 v
1.85983 4.15674 2 v
1.87149 4.15854 2 v
1.88306 4.15982 2 v
1.89452 4.16057 2 v
1.90588 4.16079 2 v
1.91715 4.16049 2 v
1.92831 4.15967 2 v
1.93937 4.15833 2 v
1.95034 4.15646 2 v
1.9612 4.15406 2 v
1.97197 4.15114 2 v
1.98257 4.14767 2 v
1.99294 4.14362 2 v
2.0031 4.13898 2 v
2.01303 4.13377 2 v
2.02274 4.12796 2 v
2.03222 4.12158 2 v
2.04148 4.11461 2 v
2.05052 4.10706 2 v
2.05933 4.09893 2 v
2.06792 4.09021 2 v
2.07628 4.08092 2 v
2.08442 4.07103 2 v
2.09234 4.06057 2 v
2.10003 4.04952 2 v
2.1075 4.0379 2 v
2.11475 4.02568 2 v
2.12177 4.01289 2 v
2.12857 3.99951 2 v
2.13515 3.98555 2 v
2.1415 3.97101 2 v

1.79785 4.35925 2 v
1.81163 4.36035 2 v
1.82535 4.36117 2 v
1.839 4.36169 2 v
1.85258 4.36193 2 v
1.86609 4.36187 2 v
1.87954 4.36153 2 v
1.89292 4.36089 2 v
1.90622 4.35997 2 v
1.91947 4.35875 2 v
1.93264 4.35725 2 v
1.94574 4.35545 2 v
1.95878 4.35337 2 v
1.97175 4.35099 2 v
1.98465 4.34833 2 v
1.99749 4.34537 2 v
2.01025 4.34213 2 v
2.02295 4.33859 2 v
2.03558 4.33477 2 v
2.04814 4.33065 2 v
2.06063 4.32625 2 v
2.07303 4.32154 2 v
2.08529 4.3165 2 v
2.09741 4.31113 2 v
2.1094 4.30544 2 v
2.12125 4.29942 2 v
2.13297 4.29308 2 v
2.14455 4.2864 2 v
2.156 4.2794 2 v
2.16731 4.27208 2 v
2.17849 4.26443 2 v
2.18953 4.25645 2 v
2.20044 4.24814 2 v
2.21121 4.23951 2 v
2.22185 4.23056 2 v
2.23236 4.22127 2 v
2.24272 4.21166 2 v
2.25296 4.20172 2 v
2.26306 4.19146 2 v
2.27302 4.18087 2 v
2.28285 4.16995 2 v

1.91802 4.59858 2 v
1.93 4.59455 2 v
1.94196 4.59045 2 v
1.95391 4.58629 2 v
1.96584 4.58206 2 v
1.97775 4.57777 2 v
1.98964 4.57341 2 v
2.00152 4.56898 2 v
2.01338 4.56448 2 v
2.02523 4.55992 2 v
2.03706 4.55529 2 v
2.04887 4.5506 2 v
2.06067 4.54583 2 v
2.07245 4.54101 2 v
2.08421 4.53611 2 v
2.09596 4.53115 2 v
2.10769 4.52612 2 v
2.1194 4.52103 2 v
2.1311 4.51587 2 v
2.14278 4.51064 2 v
2.15444 4.50535 2 v
2.16609 4.49999 2 v
2.17772 4.49459 2 v
2.18933 4.48914 2 v
2.20093 4.48364 2 v
2.21251 4.47808 2 v
2.22407 4.47248 2 v
2.23562 4.46683 2 v
2.24715 4.46113 2 v
2.25866 4.45537 2 v
2.27016 4.44957 2 v
2.28163 4.44372 2 v
2.2931 4.43782 2 v
2.30454 4.43186 2 v
2.31597 4.42586 2 v
2.32739 4.41981 2 v
2.33878 4.41371 2 v
2.35016 4.40756 2 v
2.36152 4.40135 2 v
2.37287 4.3951 2 v
2.3842 4.3888 2 v

2.1415 3.97101 3 u
2.14952 3.98048 3 u
2.15744 3.99001 3 u
2.16526 3.99958 3 u
2.17298 4.0092 3 u
2.1806 4.01888 3 u
2.18812 4.0286 3 u
2.19553 4.03837 3 u
2.20285 4.0482 3 u
2.21007 4.05807 3 u
2.21719 4.06799 3 u
2.2242 4.07796 3 u
2.23112 4.08798 3 u
2.23794 4.09806 3 u
2.24466 4.10818 3 u
2.25127 4.11835 3 u
2.25779 4.12857 3 u
2.2642 4.13884 3 u
2.27052 4.14916 3 u
2.27673 4.15953 3 u
2.28285 4.16995 3 u
2.28887 4.18042 3 u
2.29478 4.19094 3 u
2.3006 4.20151 3 u
2.30631 4.21213 3 u
2.31193 4.2228 3 u
2.31744 4.23352 3 u
2.32286 4.24428 3 u
2.32818 4.2551 3 u
2.3334 4.26597 3 u
2.33851 4.27689 3 u
2.34353 4.28785 3 u
2.34845 4.29887 3 u
2.35327 4.30994 3 u
2.35798 4.32106 3 u
2.3626 4.33222 3 u
2.36712 4.34344 3 u
2.37154 4.3547 3 u
2.37586 4.36602 3 u
2.38008 4.37738 3 u
2.3842 4.3888 3 u

2.35015 3.9112 3 u
2.35582 3.92017 3 u
2.36146 3.92914 3 u
2.36709 3.93812 3 u
2.3727 3.94709 3 u
2.37829 3.95606 3 u
2.38386 3.96504 3 u
2.38941 3.97401 3 u
2.39494 3.98299 3 u
2.40045 3.99197 3 u
2.40594 4.00094 3 u
2.41141 4.00992 3 u
2.41686 4.0189 3 u
2.4223 4.02788 3 u
2.42771 4.03686 3 u
2.4331 4.04584 3 u
2.43848 4.05482 3 u
2.44383 4.0638 3 u
2.44917 4.07278 3 u
2.45448 4.08176 3 u
2.45978 4.09075 3 u
2.46508 4.09973 3 u
2.4704 4.10871 3 u
2.47576 4.1177 3 u
2.48113 4.12668 3 u
2.48654 4.13567 3 u
2.49196 4.14466 3 u
2.49742 4.15365 3 u
2.5029 4.16264 3 u
2.5084 4.17163 3 u
2.51394 4.18062 3 u
2.51949 4.18961 3 u
2.52508 4.19861 3 u
2.53069 4.2076 3 u
2.53632 4.2166 3 u
2.54198 4.22559 3 u
2.54767 4.23459 3 u
2.55338 4.24359 3 u
2.55912 4.25258 3 u
2.56488 4.26158 3 u
2.57067 4.27058 3 u

2.4888 3.74144 3 u
2.49327 3.75294 3 u
2.49777 3.76439 3 u
2.50229 3.77579 3 u
2.50684 3.78714 3 u
2.51141 3.79844 3 u
2.51601 3.80969 3 u
2.52063 3.82089 3 u
2.52528 3.83204 3 u
2.52995 3.84314 3 u
2.53465 3.85418 3 u
2.53937 3.86518 3 u
2.54412 3.87613 3 u
2.54889 3.88703 3 u
2.55369 3.89787 3 u
2.55851 3.90867 3 u
2.56336 3.91942 3 u
2.56823 3.93011 3 u
2.57313 3.94076 3 u
2.57805 3.95135 3 u
2.583 3.9619 3 u
2.58802 3.9724 3 u
2.59317 3.98284 3 u
2.59844 3.99324 3 u
2.60384 4.00358 3 u
2.60936 4.01388 3 u
2.61501 4.02413 3 u
2.62078 4.03432 3 u
2.62668 4.04447 3 u
2.6327 4.05457 3 u
2.63885 4.06462 3 u
2.64512 4.07461 3 u
2.65152 4.08456 3 u
2.65804 4.09446 3 u
2.66469 4.10431 3 u
2.67146 4.11411 3 u
2.67836 4.12386 3 u
2.68538 4.13356 3 u
2.69253 4.14321 3 u
2.6998 4.15281 3 u
2.7072 4.16236 3 u

2.1415 3.97101 3 v
2.15502 3.96921 3 v
2.16821 3.96728 3 v
2.18108 3.96522 3 v
2.19362 3.96305 3 v
2.20584 3.96074 3 v
2.21773 3.95831 3 v
2.2293 3.95576 3 v
2.24055 3.95308 3 v
2.25147 3.95028 3 v
2.26206 3.94735 3 v
2.27233 3.9443 3 v
2.28228 3.94112 3 v
2.2919 3.93782 3 v
2.30119 3.93439 3 v
2.31017 3.93084 3 v
2.31881 3.92716 3 v
2.32713 3.92336 3 v
2.33513 3.91943 3 v
2.3428 3.91538 3 v
2.35015 3.9112 3 v
2.35732 3.90675 3 v
2.36447 3.90187 3 v
2.37159 3.89657 3 v
2.37869 3.89084 3 v
2.38576 3.88469 3 v
2.39281 3.87811 3 v
2.39983 3.87111 3 v
2.40682 3.86369 3 v
2.41379 3.85584 3 v
2.42074 3.84756 3 v
2.42766 3.83886 3 v
2.43455 3.82973 3 v
2.44142 3.82018 3 v
2.44827 3.81021 3 v
2.45508 3.79981 3 v
2.46188 3.78899 3 v
2.46865 3.77774 3 v
2.47539 3.76606 3 v
2.48211 3.75396 3 v
2.4888 3.74144 3 v

2.28285 4.16995 3 v
2.29393 4.16645 3 v
2.30477 4.16289 3 v
2.31538 4.15929 3 v
2.32575 4.15564 3 v
2.33589 4.15195 3 v
2.34579 4.1482 3 v
2.35546 4.14441 3 v
2.3649 4.14057 3 v
2.3741 4.13668 3 v
2.38306 4.13275 3 v
2.39179 4.12876 3 v
2.40028 4.12473 3 v
2.40854 4.12065 3 v
2.41657 4.11652 3 v
2.42436 4.11235 3 v
2.43191 4.10812 3 v
2.43923 4.10385 3 v
2.44632 4.09953 3 v
2.45317 4.09516 3 v
2.45978 4.09075 3 v
2.46626 4.0862 3 v
2.47271 4.08146 3 v
2.47912 4.07652 3 v
2.4855 4.07138 3 v
2.49185 4.06604 3 v
2.49816 4.0605 3 v
2.50444 4.05476 3 v
2.51068 4.04882 3 v
2.51689 4.04268 3 v
2.52307 4.03633 3 v
2.52922 4.02979 3 v
2.53533 4.02305 3 v
2.5414 4.01611 3 v
2.54745 4.00896 3 v
2.55346 4.00162 3 v
2.55943 3.99408 3 v
2.56538 3.98633 3 v
2.57128 3.97839 3 v
2.57716 3.97024 3 v
2.583 3.9619 3 v

2.3842 4.3888 3 v
2.39542 4.38249 3 v
2.40644 4.37623 3 v
2.41727 4.37001 3 v
2.42789 4.36383 3 v
2.43831 4.35769 3 v
2.44854 4.35159 3 v
2.45856 4.34553 3 v
2.46838 4.33952 3 v
2.47801 4.33354 3 v
2.48743 4.32761 3 v
2.49665 4.32172 3 v
2.50568 4.31587 3 v
2.5145 4.31007 3 v
2.52313 4.3043 3 v
2.53155 4.29858 3 v
2.53977 4.2929 3 v
2.5478 4.28726 3 v
2.55562 4.28166 3 v
2.56325 4.2761 3 v
2.57067 4.27058 3 v
2.57798 4.26509 3 v
2.58523 4.25961 3 v
2.59243 4.25414 3 v
2.59958 4.24867 3 v
2.60668 4.24322 3 v
2.61373 4.23777 3 v
2.62073 4.23233 3 v
2.62768 4.2269 3 v
2.63458 4.22147 3 v
2.64143 4.21606 3 v
2.64824 4.21065 3 v
2.65499 4.20525 3 v
2.66169 4.19986 3 v
2.66834 4.19448 3 v
2.67494 4.1891 3 v
2.68149 4.18374 3 v
2.68799 4.17838 3 v
2.69445 4.17303 3 v
2.70085 4.16769 3 v
2.7072 4.16236 3 v

2.4888 3.74144 4 u
2.49327 3.75294 4 u
2.49777 3.76439 4 u
2.50229 3.77579 4 u
2.50684 3.78714 4 u
2.51141 3.79844 4 u
2.51601 3.80969 4 u
2.52063 3.82089 4 u
2.52528 3.83204 4 u
2.52995 3.84314 4 u
2.53465 3.85418 4 u
2.53937 3.86518 4 u
2.54412 3.87613 4 u
2.54889 3.88703 4 u
2.55369 3.89787 4 u
2.55851 3.90867 4 u
2.56336 3.91942 4 u
2.56823 3.93011 4 u
2.57313 3.94076 4 u
2.57805 3.95135 4 u
2.583 3.9619 4 u
2.58802 3.9724 4 u
2.59317 3.98284 4 u
2.59844 3.99324 4 u
2.60384 4.00358 4 u
2.60936 4.01388 4 u
2.61501 4.02413 4 u
2.62078 4.03432 4 u
2.62668 4.04447 4 u
2.6327 4.05457 4 u
2.63885 4.06462 4 u
2.64512 4.07461 4 u
2.65152 4.08456 4 u
2.65804 4.09446 4 u
2.66469 4.10431 4 u
2.67146 4.11411 4 u
2.67836 4.12386 4 u
2.68538 4.13356 4 u
2.69253 4.14321 4 u
2.6998 4.15281 4 u
2.7072 4.16236 4 u

2.68541 3.76146 4 u
2.69147 3.76828 4 u
2.69751 3.77498 4 u
2.70351 3.78154 4 u
2.70949 3.78798 4 u
2.71543 3.79429 4 u
2.72135 3.80047 4 u
2.72724 3.80652 4 u
2.7331 3.81244 4 u
2.73893 3.81823 4 u
2.74473 3.8239 4 u
2.7505 3.82944 4 u
2.75624 3.83485 4 u
2.76195 3.84013 4 u
2.76764 3.84528 4 u
2.77329 3.8503 4 u
2.77892 3.8552 4 u
2.78452 3.85996 4 u
2.79008 3.8646 4 u
2.79562 3.86911 4 u
2.80113 3.87349 4 u
2.80666 3.87785 4 u
2.81228 3.88228 4 u
2.81797 3.8868 4 u
2.82375 3.8914 4 u
2.8296 3.89608 4 u
2.83553 3.90084 4 u
2.84155 3.90567 4 u
2.84764 3.91059 4 u
2.85381 3.91559 4 u
2.86006 3.92067 4 u
2.8664 3.92583 4 u
2.87281 3.93108 4 u
2.8793 3.9364 4 u
2.88587 3.9418 4 u
2.89252 3.94728 4 u
2.89925 3.95284 4 u
2.90606 3.95848 4 u
2.91295 3.96421 4 u
2.91992 3.97001 4 u
2.92698 3.9759 4 u

2.78312 3.59546 4 u
2.79146 3.59731 4 u
2.7998 3.59916 4 u
2.80815 3.60102 4 u
2.81649 3.60287 4 u
2.82483 3.60472 4 u
2.83317 3.60657 4 u
2.84151 3.60842 4 u
2.84986 3.61028 4 u
2.8582 3.61213 4 u
2.86654 3.61398 4 u
2.87488 3.61583 4 u
2.88322 3.61768 4 u
2.89156 3.61954 4 u
2.89991 3.62139 4 u
2.90825 3.62324 4 u
2.91659 3.62509 4 u
2.92493 3.62694 4 u
2.93327 3.6288 4 u
2.94161 3.63065 4 u
2.94995 3.6325 4 u
2.9583 3.63435 4 u
2.96664 3.6362 4 u
2.97498 3.63806 4 u
2.98332 3.63991 4 u
2.99166 3.64176 4 u
3 3.64361 4 u
3.00834 3.64546 4 u
3.01669 3.64732 4 u
3.02503 3.64917 4 u
3.03337 3.65102 4 u
3.04171 3.65287 4 u
3.05005 3.65472 4 u
3.05839 3.65658 4 u
3.06673 3.65843 4 u
3.07507 3.66028 4 u
3.08342 3.66213 4 u
3.09176 3.66398 4 u
3.1001 3.66584 4 u
3.10844 3.66769 4 u
3.11678 3.66954 4 u

2.4888 3.74144 4 v
2.50092 3.74753 4 v
2.51281 3.75308 4 v
2.52445 3.7581 4 v
2.53585 3.76259 4 v
2.547 3.76653 4 v
2.55792 3.76995 4 v
2.56859 3.77282 4 v
2.57903 3.77516 4 v
2.58922 3.77697 4 v
2.59917 3.77823 4 v
2.60888 3.77897 4 v
2.61835 3.77917 4 v
2.62758 3.77883 4 v
2.63656 3.77795 4 v
2.64531 3.77654 4 v
2.65381 3.7746 4 v
2.66207 3.77212 4 v
2.67009 3.7691 4 v
2.67787 3.76555 4 v
2.68541 3.76146 4 v
2.6927 3.75691 4 v
2.69974 3.75196 4 v
2.70652 3.74662 4 v
2.71305 3.74088 4 v
2.71933 3.73475 4 v
2.72536 3.72822 4 v
2.73113 3.72131 4 v
2.73665 3.71399 4 v
2.74191 3.70628 4 v
2.74692 3.69818 4 v
2.75168 3.68968 4 v
2.75619 3.68079 4 v
2.76044 3.67151 4 v
2.76444 3.66182 4 v
2.76819 3.65175 4 v
2.77168 3.64128 4 v
2.77492 3.63042 4 v
2.77791 3.61916 4 v
2.78064 3.60751 4 v
2.78312 3.59546 4 v

2.583 3.9619 4 v
2.59296 3.96173 4 v
2.60302 3.96112 4 v
2.61318 3.96006 4 v
2.62344 3.95855 4 v
2.6338 3.95659 4 v
2.64426 3.95418 4 v
2.65482 3.95133 4 v
2.66547 3.94803 4 v
2.67623 3.94428 4 v
2.68709 3.94008 4 v
2.69804 3.93544 4 v
2.7091 3.93035 4 v
2.72025 3.92481 4 v
2.73151 3.91882 4 v
2.74286 3.91238 4 v
2.75432 3.9055 4 v
2.76587 3.89817 4 v
2.77753 3.89039 4 v
2.78928 3.88216 4 v
2.80113 3.87349 4 v
2.81281 3.86443 4 v
2.82404 3.85506 4 v
2.83483 3.84538 4 v
2.84517 3.83538 4 v
2.85506 3.82506 4 v
2.86451 3.81443 4 v
2.87352 3.80348 4 v
2.88207 3.79222 4 v
2.89018 3.78064 4 v
2.89785 3.76875 4 v
2.90506 3.75655 4 v
2.91184 3.74402 4 v
2.91816 3.73119 4 v
2.92404 3.71803 4 v
2.92948 3.70457 4 v
2.93446 3.69078 4 v
2.93901 3.67668 4 v
2.9431 3.66227 4 v
2.94675 3.64754 4 v
2.94995 3.6325 4 v

2.7072 4.16236 4 v
2.71376 4.15683 4 v
2.72079 4.15091 4 v
2.72828 4.14458 4 v
2.73624 4.13785 4 v
2.74466 4.13073 4 v
2.75355 4.1232 4 v
2.76291 4.11528 4 v
2.77273 4.10696 4 v
2.78302 4.09823 4 v
2.79378 4.08911 4 v
2.805 4.07959 4 v
2.81669 4.06966 4 v
2.82884 4.05934 4 v
2.84146 4.04862 4 v
2.85455 4.0375 4 v
2.8681 4.02598 4 v
2.88212 4.01406 4 v
2.89661 4.00173 4 v
2.91156 3.98901 4 v
2.92698 3.9759 4 v
2.94232 3.96248 4 v
2.95704 3.94886 4 v
2.97115 3.93504 4 v
2.98465 3.92102 4 v
2.99753 3.9068 4 v
3.00979 3.89238 4 v
3.02144 3.87776 4 v
3.03247 3.86294 4 v
3.04288 3.84793 4 v
3.05268 3.83271 4 v
3.06186 3.81729 4 v
3.07043 3.80167 4 v
3.07838 3.78586 4 v
3.08571 3.76984 4 v
3.09243 3.75362 4 v
3.09853 3.73721 4 v
3.10402 3.72059 4 v
3.10889 3.70377 4 v
3.11314 3.68676 4 v
3.11678 3.66954 4 v

0.761178 3.62484 5 u
0.752894 3.63409 5 u
0.74329 3.64537 5 u
0.732299 3.65893 5 u
0.719949 3.6749 5 u
0.706407 3.69329 5 u
0.692035 3.71383 5 u
0.677419 3.73592 5 u
0.663352 3.75861 5 u
0.650753 3.78062 5 u
0.640508 3.80058 5 u
0.632017 3.81916 5 u
0.624177 3.83793 5 u
0.616988 3.85689 5 u
0.61045 3.87603 5 u
0.604561 3.89535 5 u
0.599324 3.91485 5 u
0.594737 3.93454 5 u
0.590801 3.95441 5 u
0.587515 3.97446 5 u
0.58488 3.9947 5 u
0.582861 4.01487 5 u
0.581424 4.03473 5 u
0.580568 4.05427 5 u
0.580294 4.07349 5 u
0.580602 4.09239 5 u
0.581491 4.11097 5 u
0.582962 4.12924 5 u
0.585015 4.14719 5 u
0.587649 4.16483 5 u
0.590864 4.18215 5 u
0.594662 4.19915 5 u
0.599041 4.21583 5 u
0.604002 4.23219 5 u
0.609544 4.24824 5 u
0.615668 4.26397 5 u
0.622373 4.27939 5 u
0.629661 4.29448 5 u
0.63753 4.30926 5 u
0.64598 4.32373 5 u
0.655012 4.33787 5 u

0.528002 3.55571 5 u
0.522956 3.56443 5 u
0.516914 3.57536 5 u
0.509779 3.58878 5 u
0.501505 3.60494 5 u
0.492131 3.62392 5 u
0.481832 3.64554 5 u
0.470944 3.66925 5 u
0.459976 3.69412 5 u
0.449568 3.71884 5 u
0.440396 3.74191 5 u
0.43209 3.76398 5 u
0.423865 3.78667 5 u
0.415723 3.80999 5 u
0.407662 3.83393 5 u
0.399683 3.8585 5 u
0.391785 3.88369 5 u
0.383969 3.90951 5 u
0.376235 3.93596 5 u
0.368582 3.96303 5 u
0.361012 3.99073 5 u
0.354178 4.0186 5 u
0.348737 4.04619 5 u
0.34469 4.0735 5 u
0.342035 4.10052 5 u
0.340774 4.12727 5 u
0.340905 4.15374 5 u
0.342429 4.17993 5 u
0.345347 4.20584 5 u
0.349657 4.23147 5 u
0.35536 4.25682 5 u
0.362456 4.28188 5 u
0.370946 4.30667 5 u
0.380828 4.33118 5 u
0.392103 4.3554 5 u
0.404771 4.37935 5 u
0.418832 4.40302 5 u
0.434286 4.4264 5 u
0.451133 4.44951 5 u
0.469374 4.47233 5 u
0.489007 4.49488 5 u

0.279768 3.52642 5 u
0.278332 3.53371 5 u
0.276283 3.54321 5 u
0.273497 3.55527 5 u
0.269849 3.57022 5 u
0.265249 3.58823 5 u
0.259661 3.60926 5 u
0.25315 3.63289 5 u
0.245904 3.65828 5 u
0.238245 3.68418 5 u
0.230595 3.70909 5 u
0.222845 3.73354 5 u
0.214579 3.75912 5 u
0.205796 3.78582 5 u
0.196497 3.81365 5 u
0.186683 3.8426 5 u
0.176352 3.87267 5 u
0.165504 3.90387 5 u
0.154141 3.93619 5 u
0.142262 3.96963 5 u
0.129866 4.0042 5 u
0.118328 4.0392 5 u
0.109021 4.07392 5 u
0.101945 4.10836 5 u
0.0970998 4.14253 5 u
0.0944858 4.17643 5 u
0.0941028 4.21005 5 u
0.0959509 4.24339 5 u
0.10003 4.27646 5 u
0.10634 4.30926 5 u
0.114881 4.34178 5 u
0.125654 4.37403 5 u
0.138657 4.406 5 u
0.153891 4.4377 5 u
0.171356 4.46912 5 u
0.191053 4.50027 5 u
0.21298 4.53114 5 u
0.237139 4.56174 5 u
0.263528 4.59206 5 u
0.292149 4.62211 5 u
0.323 4.65188 5 u

0.761178 3.62484 5 v
0.749161 3.62044 5 v
0.737183 3.61614 5 v
0.725242 3.61194 5 v
0.713339 3.60784 5 v
0.701473 3.60384 5 v
0.689645 3.59994 5 v
0.677855 3.59614 5 v
0.666102 3.59243 5 v
0.654387 3.58883 5 v
0.642709 3.58532 5 v
0.631069 3.58191 5 v
0.619467 3.5786 5 v
0.607902 3.57539 5 v
0.596375 3.57228 5 v
0.584885 3.56927 5 v
0.573433 3.56636 5 v
0.562019 3.56355 5 v
0.550642 3.56084 5 v
0.539303 3.55822 5 v
0.528002 3.55571 5 v
0.516662 3.55329 5 v
0.50521 3.55097 5 v
0.493645 3.54876 5 v
0.481968 3.54664 5 v
0.470177 3.54463 5 v
0.458273 3.54271 5 v
0.446257 3.5409 5 v
0.434127 3.53918 5 v
0.421885 3.53757 5 v
0.40953 3.53605 5 v
0.397062 3.53464 5 v
0.384481 3.53332 5 v
0.371787 3.53211 5 v
0.35898 3.531 5 v
0.34606 3.52998 5 v
0.333028 3.52907 5 v
0.319882 3.52826 5 v
0.306624 3.52754 5 v
0.293252 3.52693 5 v
0.279768 3.52642 5 v

0.58488 3.9947 5 v
0.573092 3.99379 5 v
0.561366 3.99294 5 v
0.549703 3.99218 5 v
0.538103 3.99149 5 v
0.526565 3.99087 5 v
0.51509 3.99034 5 v
0.503678 3.98987 5 v
0.492328 3.98948 5 v
0.48104 3.98917 5 v
0.469815 3.98894 5 v
0.458653 3.98877 5 v
0.447554 3.98869 5 v
0.436517 3.98868 5 v
0.425543 3.98874 5 v
0.414631 3.98889 5 v
0.403782 3.9891 5 v
0.392995 3.9894 5 v
0.382272 3.98976 5 v
0.37161 3.99021 5 v
0.361012 3.99073 5 v
0.350395 3.99129 5 v
0.339679 3.99186 5 v
0.328864 3.99245 5 v
0.31795 3.99305 5 v
0.306937 3.99366 5 v
0.295826 3.99428 5 v
0.284615 3.99491 5 v
0.273305 3.99556 5 v
0.261896 3.99621 5 v
0.250389 3.99688 5 v
0.238782 3.99756 5 v
0.227076 3.99825 5 v
0.215271 3.99896 5 v
0.203367 3.99967 5 v
0.191365 4.0004 5 v
0.179263 4.00114 5 v
0.167062 4.00188 5 v
0.154763 4.00265 5 v
0.142364 4.00342 5 v
0.129866 4.0042 5 v

0.655012 4.33787 5 v
0.646712 4.34572 5 v
0.638412 4.35357 5 v
0.630112 4.36142 5 v
0.621811 4.36927 5 v
0.613511 4.37713 5 v
0.605211 4.38498 5 v
0.596911 4.39283 5 v
0.58861 4.40068 5 v
0.58031 4.40853 5 v
0.57201 4.41638 5 v
0.56371 4.42423 5 v
0.555409 4.43208 5 v
0.547109 4.43993 5 v
0.538809 4.44778 5 v
0.530508 4.45563 5 v
0.522208 4.46348 5 v
0.513908 4.47133 5 v
0.505607 4.47918 5 v
0.497307 4.48703 5 v
0.489007 4.49488 5 v
0.480706 4.50273 5 v
0.472406 4.51058 5 v
0.464105 4.51843 5 v
0.455805 4.52628 5 v
0.447505 4.53413 5 v
0.439204 4.54198 5 v
0.430904 4.54983 5 v
0.422604 4.55768 5 v
0.414303 4.56553 5 v
0.406003 4.57338 5 v
0.397703 4.58123 5 v
0.389402 4.58908 5 v
0.381102 4.59693 5 v
0.372802 4.60478 5 v
0.364501 4.61263 5 v
0.356201 4.62048 5 v
0.347901 4.62833 5 v
0.339601 4.63618 5 v
0.3313 4.64403 5 v
0.323 4.65188 5 v

1.30491 3.66288 6 u
1.31378 3.67582 6 u
1.32211 3.68902 6 u
1.32989 3.70247 6 u
1.33713 3.71618 6 u
1.34382 3.73014 6 u
1.34997 3.74437 6 u
1.35556 3.75884 6 u
1.36062 3.77358 6 u
1.36512 3.78857 6 u
1.36908 3.80382 6 u
1.3725 3.81932 6 u
1.37537 3.83508 6 u
1.37769 3.8511 6 u
1.37947 3.86737 6 u
1.3807 3.8839 6 u
1.38138 3.90068 6 u
1.38152 3.91773 6 u
1.38112 3.93502 6 u
1.38016 3.95258 6 u
1.37867 3.97039 6 u
1.3766 3.98826 6 u
1.37395 4.00601 6 u
1.37072 4.02363 6 u
1.3669 4.04111 6 u
1.36249 4.05847 6 u
1.3575 4.0757 6 u
1.35193 4.0928 6 u
1.34577 4.10977 6 u
1.33902 4.12661 6 u
1.33169 4.14333 6 u
1.32378 4.15991 6 u
1.31528 4.17637 6 u
1.30619 4.19269 6 u
1.29652 4.20889 6 u
1.28627 4.22496 6 u
1.27542 4.2409 6 u
1.264 4.25671 6 u
1.25199 4.27239 6 u
1.23939 4.28794 6 u
1.22621 4.30336 6 u

1.48951 3.62564 6 u
1.49149 3.6376 6 u
1.49332 3.64994 6 u
1.495 3.66267 6 u
1.49654 3.67579 6 u
1.49794 3.6893 6 u
1.49919 3.7032 6 u
1.5003 3.71749 6 u
1.50126 3.73217 6 u
1.50208 3.74724 6 u
1.50275 3.7627 6 u
1.50328 3.77854 6 u
1.50367 3.79478 6 u
1.50391 3.8114 6 u
1.504 3.82842 6 u
1.50395 3.84582 6 u
1.50375 3.86362 6 u
1.50342 3.8818 6 u
1.50293 3.90037 6 u
1.5023 3.91933 6 u
1.50153 3.93868 6 u
1.50072 3.95805 6 u
1.50001 3.97704 6 u
1.49938 3.99568 6 u
1.49884 4.01395 6 u
1.49838 4.03185 6 u
1.49801 4.04939 6 u
1.49773 4.06656 6 u
1.49753 4.08337 6 u
1.49742 4.09982 6 u
1.4974 4.1159 6 u
1.49747 4.13162 6 u
1.49762 4.14697 6 u
1.49786 4.16195 6 u
1.49818 4.17658 6 u
1.49859 4.19083 6 u
1.49909 4.20473 6 u
1.49967 4.21825 6 u
1.50035 4.23142 6 u
1.5011 4.24422 6 u
1.50195 4.25665 6 u

1.67411 3.58841 6 u
1.66859 3.59747 6 u
1.66334 3.60699 6 u
1.65835 3.61696 6 u
1.65363 3.6274 6 u
1.64917 3.63829 6 u
1.64497 3.64965 6 u
1.64104 3.66146 6 u
1.63738 3.67374 6 u
1.63398 3.68647 6 u
1.63084 3.69966 6 u
1.62798 3.71331 6 u
1.62537 3.72742 6 u
1.62303 3.74199 6 u
1.62096 3.75702 6 u
1.61915 3.77251 6 u
1.6176 3.78845 6 u
1.61632 3.80486 6 u
1.61531 3.82172 6 u
1.61456 3.83905 6 u
1.61407 3.85683 6 u
1.61404 3.87458 6 u
1.61467 3.89178 6 u
1.61595 3.90846 6 u
1.61789 3.9246 6 u
1.62047 3.9402 6 u
1.62371 3.95527 6 u
1.62761 3.9698 6 u
1.63215 3.98379 6 u
1.63736 3.99725 6 u
1.64321 4.01017 6 u
1.64972 4.02256 6 u
1.65688 4.03442 6 u
1.66469 4.04573 6 u
1.67316 4.05651 6 u
1.68228 4.06676 6 u
1.69206 4.07647 6 u
1.70249 4.08564 6 u
1.71357 4.09428 6 u
1.7253 4.10238 6 u
1.73769 4.10995 6 u

1.30491 3.66288 6 v
1.31414 3.66102 6 v
1.32337 3.65916 6 v
1.3326 3.65729 6 v
1.34183 3.65543 6 v
1.35106 3.65357 6 v
1.36029 3.65171 6 v
1.36952 3.64985 6 v
1.37875 3.64798 6 v
1.38798 3.64612 6 v
1.39721 3.64426 6 v
1.40644 3.6424 6 v
1.41567 3.64054 6 v
1.4249 3.63868 6 v
1.43413 3.63681 6 v
1.44336 3.63495 6 v
1.45259 3.63309 6 v
1.46182 3.63123 6 v
1.47105 3.62937 6 v
1.48028 3.62751 6 v
1.48951 3.62564 6 v
1.49874 3.62378 6 v
1.50797 3.62192 6 v
1.5172 3.62006 6 v
1.52643 3.6182 6 v
1.53566 3.61634 6 v
1.54489 3.61448 6 v
1.55412 3.61261 6 v
1.56335 3.61075 6 v
1.57258 3.60889 6 v
1.58181 3.60703 6 v
1.59104 3.60517 6 v
1.60027 3.60331 6 v
1.6095 3.60144 6 v
1.61873 3.59958 6 v
1.62796 3.59772 6 v
1.63719 3.59586 6 v
1.64642 3.594 6 v
1.65565 3.59213 6 v
1.66488 3.59027 6 v
1.67411 3.58841 6 v

1.37867 3.97039 6 v
1.38559 3.96997 6 v
1.39243 3.96942 6 v
1.3992 3.96875 6 v
1.40587 3.96796 6 v
1.41247 3.96705 6 v
1.41898 3.96601 6 v
1.42542 3.96485 6 v
1.43176 3.96357 6 v
1.43803 3.96217 6 v
1.44422 3.96065 6 v
1.45032 3.959 6 v
1.45634 3.95723 6 v
1.46227 3.95534 6 v
1.46813 3.95333 6 v
1.4739 3.95119 6 v
1.47959 3.94893 6 v
1.4852 3.94655 6 v
1.49072 3.94405 6 v
1.49617 3.94143 6 v
1.50153 3.93868 6 v
1.50686 3.93581 6 v
1.51223 3.93281 6 v
1.51762 3.92968 6 v
1.52305 3.92643 6 v
1.52851 3.92304 6 v
1.534 3.91953 6 v
1.53952 3.91588 6 v
1.54507 3.91211 6 v
1.55065 3.90821 6 v
1.55626 3.90418 6 v
1.5619 3.90003 6 v
1.56758 3.89574 6 v
1.57328 3.89133 6 v
1.57901 3.88678 6 v
1.58478 3.88211 6 v
1.59058 3.87731 6 v
1.5964 3.87239 6 v
1.60226 3.86733 6 v
1.60815 3.86214 6 v
1.61407 3.85683 6 v

1.22621 4.30336 6 v
1.24285 4.3034 6 v
1.25919 4.30319 6 v
1.27523 4.30273 6 v
1.29096 4.30202 6 v
1.3064 4.30106 6 v
1.32154 4.29984 6 v
1.33638 4.29838 6 v
1.35092 4.29667 6 v
1.36515 4.29471 6 v
1.37909 4.2925 6 v
1.39273 4.29004 6 v
1.40606 4.28733 6 v
1.4191 4.28437 6 v
1.43184 4.28116 6 v
1.44427 4.2777 6 v
1.45641 4.27399 6 v
1.46824 4.27003 6 v
1.47978 4.26582 6 v
1.49101 4.26136 6 v
1.50195 4.25665 6 v
1.51279 4.25169 6 v
1.52372 4.24648 6 v
1.53476 4.24102 6 v
1.54589 4.23531 6 v
1.55713 4.22935 6 v
1.56846 4.22314 6 v
1.5799 4.21668 6 v
1.59144 4.20997 6 v
1.60307 4.20301 6 v
1.61481 4.1958 6 v
1.62665 4.18834 6 v
1.63858 4.18063 6 v
1.65062 4.17267 6 v
1.66276 4.16446 6 v
1.675 4.156 6 v
1.68734 4.14729 6 v
1.69977 4.13833 6 v
1.71231 4.12912 6 v
1.72495 4.11966 6 v
1.73769 4.10995 6 v

2.02495 3.49303 7 u
2.03571 3.50194 7 u
2.0461 3.51101 7 u
2.05611 3.52025 7 u
2.06575 3.52965 7 u
2.07502 3.5392 7 u
2.08391 3.54892 7 u
2.09243 3.55881 7 u
2.10057 3.56885 7 u
2.10835 3.57906 7 u
2.11574 3.58942 7 u
2.12277 3.59995 7 u
2.12942 3.61064 7 u
2.13569 3.6215 7 u
2.1416 3.63251 7 u
2.14713 3.64369 7 u
2.15228 3.65503 7 u
2.15706 3.66653 7 u
2.16147 3.67819 7 u
2.1655 3.69002 7 u
2.16917 3.702 7 u
2.1724 3.71414 7 u
2.17514 3.72642 7 u
2.1774 3.73883 7 u
2.17917 3.75138 7 u
2.18046 3.76407 7 u
2.18126 3.7769 7 u
2.18158 3.78987 7 u
2.18141 3.80297 7 u
2.18076 3.81621 7 u
2.17962 3.82959 7 u
2.17799 3.84311 7 u
2.17588 3.85677 7 u
2.17328 3.87057 7 u
2.1702 3.8845 7 u
2.16663 3.89857 7 u
2.16257 3.91278 7 u
2.15803 3.92713 7 u
2.15301 3.94162 7 u
2.1475 3.95625 7 u
2.1415 3.97101 7 u

2.18859 3.39944 7 u
2.19288 3.4102 7 u
2.19713 3.42114 7 u
2.20132 3.43227 7 u
2.20546 3.44358 7 u
2.20954 3.45508 7 u
2.21358 3.46676 7 u
2.21756 3.47863 7 u
2.22149 3.49069 7 u
2.22537 3.50293 7 u
2.2292 3.51535 7 u
2.23297 3.52796 7 u
2.23669 3.54076 7 u
2.24036 3.55374 7 u
2.24398 3.56691 7 u
2.24755 3.58026 7 u
2.25106 3.5938 7 u
2.25453 3.60752 7 u
2.25794 3.62142 7 u
2.2613 3.63552 7 u
2.2646 3.64979 7 u
2.26793 3.6641 7 u
2.27136 3.67828 7 u
2.27489 3.69232 7 u
2.27852 3.70624 7 u
2.28225 3.72002 7 u
2.28608 3.73368 7 u
2.29001 3.7472 7 u
2.29404 3.7606 7 u
2.29817 3.77386 7 u
2.30239 3.787 7 u
2.30672 3.8 7 u
2.31115 3.81288 7 u
2.31567 3.82562 7 u
2.3203 3.83824 7 u
2.32503 3.85072 7 u
2.32985 3.86308 7 u
2.33478 3.8753 7 u
2.3398 3.8874 7 u
2.34493 3.89936 7 u
2.35015 3.9112 7 u

2.35223 3.30584 7 u
2.34908 3.31605 7 u
2.3462 3.32643 7 u
2.34361 3.33698 7 u
2.34131 3.34771 7 u
2.33928 3.3586 7 u
2.33754 3.36966 7 u
2.33608 3.3809 7 u
2.3349 3.3923 7 u
2.33401 3.40388 7 u
2.3334 3.41563 7 u
2.33307 3.42754 7 u
2.33302 3.43963 7 u
2.33326 3.45189 7 u
2.33377 3.46432 7 u
2.33457 3.47692 7 u
2.33566 3.48969 7 u
2.33702 3.50263 7 u
2.33867 3.51574 7 u
2.3406 3.52903 7 u
2.34281 3.54248 7 u
2.34542 3.55584 7 u
2.34851 3.56884 7 u
2.3521 3.58148 7 u
2.35619 3.59376 7 u
2.36077 3.60569 7 u
2.36584 3.61725 7 u
2.37141 3.62846 7 u
2.37747 3.6393 7 u
2.38403 3.64979 7 u
2.39108 3.65991 7 u
2.39863 3.66968 7 u
2.40667 3.67909 7 u
2.41521 3.68814 7 u
2.42424 3.69683 7 u
2.43376 3.70517 7 u
2.44378 3.71314 7 u
2.45429 3.72075 7 u
2.4653 3.72801 7 u
2.4768 3.7349 7 u
2.4888 3.74144 7 u

2.02495 3.49303 7 v
2.03313 3.48835 7 v
2.04131 3.48367 7 v
2.0495 3.47899 7 v
2.05768 3.47431 7 v
2.06586 3.46963 7 v
2.07404 3.46496 7 v
2.08222 3.46028 7 v
2.09041 3.4556 7 v
2.09859 3.45092 7 v
2.10677 3.44624 7 v
2.11495 3.44156 7 v
2.12313 3.43688 7 v
2.13132 3.4322 7 v
2.1395 3.42752 7 v
2.14768 3.42284 7 v
2.15586 3.41816 7 v
2.16404 3.41348 7 v
2.17223 3.4088 7 v
2.18041 3.40412 7 v
2.18859 3.39944 7 v
2.19677 3.39476 7 v
2.20495 3.39008 7 v
2.21314 3.3854 7 v
2.22132 3.38072 7 v
2.2295 3.37604 7 v
2.23768 3.37136 7 v
2.24586 3.36668 7 v
2.25405 3.362 7 v
2.26223 3.35732 7 v
2.27041 3.35264 7 v
2.27859 3.34796 7 v
2.28677 3.34328 7 v
2.29496 3.3386 7 v
2.30314 3.33392 7 v
2.31132 3.32924 7 v
2.3195 3.32456 7 v
2.32768 3.31988 7 v
2.33587 3.3152 7 v
2.34405 3.31052 7 v
2.35223 3.30584 7 v

2.16917 3.702 7 v
2.1747 3.69988 7 v
2.18016 3.69771 7 v
2.18553 3.69548 7 v
2.19083 3.6932 7 v
2.19604 3.69087 7 v
2.20118 3.68849 7 v
2.20623 3.68606 7 v
2.2112 3.68358 7 v
2.2161 3.68104 7 v
2.22091 3.67846 7 v
2.22564 3.67582 7 v
2.23029 3.67314 7 v
2.23486 3.6704 7 v
2.23935 3.66761 7 v
2.24376 3.66477 7 v
2.24809 3.66188 7 v
2.25234 3.65893 7 v
2.25651 3.65594 7 v
2.2606 3.65289 7 v
2.2646 3.64979 7 v
2.26857 3.64656 7 v
2.27252 3.6431 7 v
2.27648 3.63942 7 v
2.28042 3.63551 7 v
2.28437 3.63138 7 v
2.2883 3.62702 7 v
2.29223 3.62244 7 v
2.29616 3.61764 7 v
2.30008 3.61261 7 v
2.30399 3.60735 7 v
2.3079 3.60188 7 v
2.3118 3.59617 7 v
2.3157 3.59025 7 v
2.31959 3.5841 7 v
2.32347 3.57772 7 v
2.32735 3.57112 7 v
2.33123 3.5643 7 v
2.33509 3.55725 7 v
2.33896 3.54998 7 v
2.34281 3.54248 7 v

2.1415 3.97101 7 v
2.15502 3.96921 7 v
2.16821 3.96728 7 v
2.18108 3.96522 7 v
2.19362 3.96305 7 v
2.20584 3.96074 7 v
2.21773 3.95831 7 v
2.2293 3.95576 7 v
2.24055 3.95308 7 v
2.25147 3.95028 7 v
2.26206 3.94735 7 v
2.27233 3.9443 7 v
2.28228 3.94112 7 v
2.2919 3.93782 7 v
2.30119 3.93439 7 v
2.31017 3.93084 7 v
2.31881 3.92716 7 v
2.32713 3.92336 7 v
2.33513 3.91943 7 v
2.3428 3.91538 7 v
2.35015 3.9112 7 v
2.35732 3.90675 7 v
2.36447 3.90187 7 v
2.37159 3.89657 7 v
2.37869 3.89084 7 v
2.38576 3.88469 7 v
2.39281 3.87811 7 v
2.39983 3.87111 7 v
2.40682 3.86369 7 v
2.41379 3.85584 7 v
2.42074 3.84756 7 v
2.42766 3.83886 7 v
2.43455 3.82973 7 v
2.44142 3.82018 7 v
2.44827 3.81021 7 v
2.45508 3.79981 7 v
2.46188 3.78899 7 v
2.46865 3.77774 7 v
2.47539 3.76606 7 v
2.48211 3.75396 7 v
2.4888 3.74144 7 v

2.62301 3.22343 8 u
2.63216 3.22923 8 u
2.64108 3.23523 8 u
2.64976 3.24143 8 u
2.6582 3.24782 8 u
2.66641 3.25441 8 u
2.67438 3.26119 8 u
2.68212 3.26817 8 u
2.68962 3.27535 8 u
2.69688 3.28272 8 u
2.70391 3.29028 8 u
2.7107 3.29805 8 u
2.71726 3.30601 8 u
2.72358 3.31417 8 u
2.72966 3.32252 8 u
2.73551 3.33107 8 u
2.74112 3.33981 8 u
2.74649 3.34875 8 u
2.75163 3.35789 8 u
2.75653 3.36722 8 u
2.7612 3.37675 8 u
2.76557 3.38644 8 u
2.7696 3.39627 8 u
2.77328 3.40622 8 u
2.77662 3.4163 8 u
2.77962 3.42652 8 u
2.78227 3.43687 8 u
2.78457 3.44734 8 u
2.78653 3.45795 8 u
2.78814 3.46869 8 u
2.78941 3.47956 8 u
2.79034 3.49056 8 u
2.79092 3.5017 8 u
2.79115 3.51296 8 u
2.79104 3.52435 8 u
2.79058 3.53588 8 u
2.78978 3.54753 8 u
2.78863 3.55932 8 u
2.78714 3.57123 8 u
2.7853 3.58328 8 u
2.78312 3.59546 8 u

2.83827 3.16511 8 u
2.84338 3.17311 8 u
2.84847 3.18132 8 u
2.85351 3.18973 8 u
2.85852 3.19834 8 u
2.8635 3.20715 8 u
2.86844 3.21616 8 u
2.87335 3.22538 8 u
2.87822 3.23479 8 u
2.88306 3.24441 8 u
2.88787 3.25423 8 u
2.89263 3.26425 8 u
2.89737 3.27447 8 u
2.90207 3.28489 8 u
2.90673 3.29552 8 u
2.91136 3.30634 8 u
2.91596 3.31737 8 u
2.92052 3.3286 8 u
2.92504 3.34003 8 u
2.92953 3.35166 8 u
2.93399 3.3635 8 u
2.93825 3.37551 8 u
2.94214 3.38767 8 u
2.94567 3.39998 8 u
2.94883 3.41245 8 u
2.95163 3.42506 8 u
2.95407 3.43783 8 u
2.95614 3.45075 8 u
2.95785 3.46382 8 u
2.95919 3.47704 8 u
2.96017 3.49042 8 u
2.96079 3.50394 8 u
2.96104 3.51762 8 u
2.96093 3.53145 8 u
2.96045 3.54543 8 u
2.95961 3.55956 8 u
2.95841 3.57385 8 u
2.95684 3.58828 8 u
2.95491 3.60287 8 u
2.95261 3.61761 8 u
2.94995 3.6325 8 u

3.05351 3.10679 8 u
3.05459 3.1169 8 u
3.05584 3.12722 8 u
3.05726 3.13777 8 u
3.05884 3.14855 8 u
3.06059 3.15955 8 u
3.0625 3.17078 8 u
3.06458 3.18223 8 u
3.06683 3.1939 8 u
3.06924 3.2058 8 u
3.07182 3.21793 8 u
3.07457 3.23028 8 u
3.07749 3.24285 8 u
3.08057 3.25565 8 u
3.08381 3.26867 8 u
3.08723 3.28192 8 u
3.09081 3.2954 8 u
3.09455 3.3091 8 u
3.09846 3.32302 8 u
3.10254 3.33717 8 u
3.10679 3.35154 8 u
3.11093 3.3661 8 u
3.11468 3.38079 8 u
3.11805 3.39563 8 u
3.12104 3.41061 8 u
3.12365 3.42573 8 u
3.12587 3.441 8 u
3.12771 3.4564 8 u
3.12917 3.47195 8 u
3.13024 3.48764 8 u
3.13093 3.50347 8 u
3.13124 3.51944 8 u
3.13117 3.53555 8 u
3.13071 3.5518 8 u
3.12987 3.5682 8 u
3.12864 3.58473 8 u
3.12704 3.60141 8 u
3.12505 3.61823 8 u
3.12267 3.63519 8 u
3.11992 3.6523 8 u
3.11678 3.66954 8 u

2.62301 3.22343 8 v
2.63377 3.22051 8 v
2.64454 3.2176 8 v
2.6553 3.21468 8 v
2.66606 3.21177 8 v
2.67683 3.20885 8 v
2.68759 3.20593 8 v
2.69835 3.20302 8 v
2.70911 3.2001 8 v
2.71988 3.19718 8 v
2.73064 3.19427 8 v
2.7414 3.19135 8 v
2.75217 3.18844 8 v
2.76293 3.18552 8 v
2.77369 3.1826 8 v
2.78445 3.17969 8 v
2.79522 3.17677 8 v
2.80598 3.17386 8 v
2.81674 3.17094 8 v
2.82751 3.16803 8 v
2.83827 3.16511 8 v
2.84903 3.16219 8 v
2.85979 3.15928 8 v
2.87056 3.15636 8 v
2.88132 3.15345 8 v
2.89208 3.15053 8 v
2.90284 3.14761 8 v
2.91361 3.1447 8 v
2.92437 3.14178 8 v
2.93513 3.13887 8 v
2.94589 3.13595 8 v
2.95665 3.13304 8 v
2.96742 3.13012 8 v
2.97818 3.1272 8 v
2.98894 3.12429 8 v
2.9997 3.12137 8 v
3.01046 3.11846 8 v
3.02123 3.11554 8 v
3.03199 3.11263 8 v
3.04275 3.10971 8 v
3.05351 3.10679 8 v

2.7612 3.37675 8 v
2.7699 3.37571 8 v
2.77859 3.37471 8 v
2.78728 3.37374 8 v
2.79597 3.37282 8 v
2.80464 3.37194 8 v
2.81331 3.3711 8 v
2.82198 3.37029 8 v
2.83063 3.36953 8 v
2.83928 3.36881 8 v
2.84793 3.36813 8 v
2.85656 3.36748 8 v
2.86519 3.36688 8 v
2.87382 3.36632 8 v
2.88243 3.36579 8 v
2.89104 3.36531 8 v
2.89964 3.36487 8 v
2.90824 3.36447 8 v
2.91683 3.3641 8 v
2.92541 3.36378 8 v
2.93399 3.3635 8 v
2.94257 3.36321 8 v
2.95115 3.3629 8 v
2.95974 3.36255 8 v
2.96834 3.36217 8 v
2.97694 3.36176 8 v
2.98555 3.36131 8 v
2.99416 3.36083 8 v
3.00279 3.36032 8 v
3.01142 3.35977 8 v
3.02005 3.35919 8 v
3.0287 3.35857 8 v
3.03735 3.35793 8 v
3.046 3.35724 8 v
3.05467 3.35653 8 v
3.06334 3.35578 8 v
3.07202 3.355 8 v
3.0807 3.35419 8 v
3.08939 3.35334 8 v
3.09809 3.35245 8 v
3.10679 3.35154 8 v

2.78312 3.59546 8 v
2.79146 3.59731 8 v
2.7998 3.59916 8 v
2.80815 3.60102 8 v
2.81649 3.60287 8 v
2.82483 3.60472 8 v
2.83317 3.60657 8 v
2.84151 3.60842 8 v
2.84986 3.61028 8 v
2.8582 3.61213 8 v
2.86654 3.61398 8 v
2.87488 3.61583 8 v
2.88322 3.61768 8 v
2.89156 3.61954 8 v
2.89991 3.62139 8 v
2.90825 3.62324 8 v
2.91659 3.62509 8 v
2.92493 3.62694 8 v
2.93327 3.6288 8 v
2.94161 3.63065 8 v
2.94995 3.6325 8 v
2.9583 3.63435 8 v
2.96664 3.6362 8 v
2.97498 3.63806 8 v
2.98332 3.63991 8 v
2.99166 3.64176 8 v
3 3.64361 8 v
3.00834 3.64546 8 v
3.01669 3.64732 8 v
3.02503 3.64917 8 v
3.03337 3.65102 8 v
3.04171 3.65287 8 v
3.05005 3.65472 8 v
3.05839 3.65658 8 v
3.06673 3.65843 8 v
3.07507 3.66028 8 v
3.08342 3.66213 8 v
3.09176 3.66398 8 v
3.1001 3.66584 8 v
3.10844 3.66769 8 v
3.11678 3.66954 8 v

0.753564 3.36234 9 u
0.752772 3.368 9 u
0.752042 3.37401 9 u
0.751378 3.38037 9 u
0.750782 3.38702 9 u
0.750255 3.39396 9 u
0.749798 3.40115 9 u
0.74941 3.40856 9 u
0.749093 3.41616 9 u
0.748844 3.42391 9 u
0.748663 3.43178 9 u
0.748549 3.43975 9 u
0.748499 3.44777 9 u
0.74851 3.45583 9 u
0.748581 3.46389 9 u
0.748708 3.47192 9 u
0.748889 3.47991 9 u
0.74912 3.48783 9 u
0.749397 3.49565 9 u
0.749718 3.50336 9 u
0.75008 3.51094 9 u
0.750477 3.51839 9 u
0.750907 3.52567 9 u
0.751365 3.5328 9 u
0.75185 3.53974 9 u
0.752358 3.54651 9 u
0.752887 3.55309 9 u
0.753433 3.55947 9 u
0.753994 3.56566 9 u
0.754567 3.57165 9 u
0.755151 3.57745 9 u
0.755744 3.58304 9 u
0.756343 3.58844 9 u
0.756946 3.59364 9 u
0.757552 3.59865 9 u
0.75816 3.60346 9 u
0.758768 3.6081 9 u
0.759375 3.61254 9 u
0.759979 3.61682 9 u
0.760581 3.62091 9 u
0.761178 3.62484 9 u

0.646514 3.33625 9 u
0.645815 3.34192 9 u
0.645141 3.34791 9 u
0.644494 3.3542 9 u
0.643877 3.36075 9 u
0.643291 3.36755 9 u
0.642737 3.37457 9 u
0.642219 3.38177 9 u
0.641735 3.38912 9 u
0.641288 3.3966 9 u
0.640878 3.40416 9 u
0.640504 3.4118 9 u
0.640167 3.41947 9 u
0.639867 3.42714 9 u
0.639602 3.4348 9 u
0.639373 3.44242 9 u
0.639179 3.44997 9 u
0.639017 3.45743 9 u
0.638888 3.46479 9 u
0.638789 3.47203 9 u
0.63872 3.47913 9 u
0.638684 3.4861 9 u
0.638686 3.49291 9 u
0.638723 3.49957 9 u
0.638793 3.50606 9 u
0.638893 3.51238 9 u
0.639021 3.51852 9 u
0.639176 3.52447 9 u
0.639355 3.53025 9 u
0.639555 3.53583 9 u
0.639776 3.54123 9 u
0.640015 3.54644 9 u
0.64027 3.55147 9 u
0.640539 3.55631 9 u
0.640822 3.56097 9 u
0.641115 3.56546 9 u
0.641419 3.56976 9 u
0.641732 3.5739 9 u
0.642051 3.57787 9 u
0.642378 3.58167 9 u
0.642709 3.58532 9 u

0.541281 3.3147 9 u
0.54064 3.32035 9 u
0.539994 3.3263 9 u
0.539345 3.33253 9 u
0.538696 3.33901 9 u
0.538049 3.34571 9 u
0.537405 3.3526 9 u
0.536768 3.35966 9 u
0.53614 3.36686 9 u
0.535523 3.37416 9 u
0.534918 3.38154 9 u
0.534327 3.38897 9 u
0.533752 3.39643 9 u
0.533194 3.40388 9 u
0.532654 3.4113 9 u
0.532133 3.41867 9 u
0.531632 3.42596 9 u
0.531152 3.43317 9 u
0.530693 3.44026 9 u
0.530255 3.44723 9 u
0.529839 3.45405 9 u
0.529454 3.46074 9 u
0.529109 3.46728 9 u
0.528804 3.47367 9 u
0.528537 3.4799 9 u
0.528306 3.48596 9 u
0.528109 3.49184 9 u
0.527944 3.49755 9 u
0.52781 3.50308 9 u
0.527705 3.50843 9 u
0.527628 3.5136 9 u
0.527576 3.51858 9 u
0.527548 3.52339 9 u
0.527542 3.52802 9 u
0.527557 3.53247 9 u
0.527591 3.53675 9 u
0.527643 3.54086 9 u
0.527711 3.54481 9 u
0.527794 3.5486 9 u
0.527892 3.55223 9 u
0.528002 3.55571 9 u

0.434449 3.29795 9 u
0.43378 3.30367 9 u
0.433076 3.30968 9 u
0.43234 3.31595 9 u
0.431575 3.32246 9 u
0.430784 3.32918 9 u
0.429971 3.33608 9 u
0.429139 3.34314 9 u
0.428291 3.35033 9 u
0.42743 3.35761 9 u
0.426562 3.36496 9 u
0.425687 3.37235 9 u
0.424811 3.37975 9 u
0.423935 3.38714 9 u
0.423063 3.39449 9 u
0.422197 3.40178 9 u
0.42134 3.40899 9 u
0.420495 3.41611 9 u
0.419662 3.4231 9 u
0.418845 3.42997 9 u
0.418044 3.43669 9 u
0.417274 3.44327 9 u
0.416546 3.4497 9 u
0.41586 3.45597 9 u
0.415215 3.46208 9 u
0.41461 3.46802 9 u
0.414045 3.47379 9 u
0.413517 3.47938 9 u
0.413027 3.48479 9 u
0.412573 3.49002 9 u
0.412152 3.49507 9 u
0.411765 3.49994 9 u
0.411409 3.50462 9 u
0.411084 3.50914 9 u
0.410787 3.51348 9 u
0.410517 3.51764 9 u
0.410273 3.52164 9 u
0.410054 3.52548 9 u
0.409858 3.52916 9 u
0.409683 3.53268 9 u
0.40953 3.53605 9 u

0.3226 3.28624 9 u
0.321764 3.29223 9 u
0.320857 3.29851 9 u
0.319883 3.30503 9 u
0.318847 3.31178 9 u
0.317752 3.31873 9 u
0.316604 3.32585 9 u
0.315408 3.33312 9 u
0.31417 3.34049 9 u
0.312894 3.34795 9 u
0.311587 3.35545 9 u
0.310255 3.36299 9 u
0.308902 3.37052 9 u
0.307534 3.37803 9 u
0.306157 3.38548 9 u
0.304774 3.39286 9 u
0.303392 3.40015 9 u
0.302014 3.40733 9 u
0.300645 3.41438 9 u
0.299287 3.42128 9 u
0.297946 3.42803 9 u
0.296633 3.43462 9 u
0.295364 3.44106 9 u
0.294138 3.44733 9 u
0.292956 3.45342 9 u
0.291819 3.45934 9 u
0.290726 3.46508 9 u
0.289678 3.47064 9 u
0.288674 3.476 9 u
0.287714 3.48118 9 u
0.286797 3.48618 9 u
0.285922 3.49099 9 u
0.285089 3.49561 9 u
0.284295 3.50006 9 u
0.283541 3.50432 9 u
0.282825 3.50842 9 u
0.282145 3.51234 9 u
0.281501 3.5161 9 u
0.280891 3.51969 9 u
0.280314 3.52313 9 u
0.279768 3.52642 9 u

0.753564 3.36234 9 v
0.748169 3.36093 9 v
0.742778 3.35953 9 v
0.737391 3.35814 9 v
0.732009 3.35676 9 v
0.726631 3.35539 9 v
0.721258 3.35404 9 v
0.71589 3.35269 9 v
0.710526 3.35136 9 v
0.705167 3.35004 9 v
0.699812 3.34873 9 v
0.694461 3.34743 9 v
0.689116 3.34614 9 v
0.683775 3.34487 9 v
0.678438 3.3436 9 v
0.673106 3.34235 9 v
0.667778 3.34111 9 v
0.662455 3.33988 9 v
0.657137 3.33866 9 v
0.651823 3.33745 9 v
0.646514 3.33625 9 v
0.641209 3.33507 9 v
0.635908 3.33389 9 v
0.630613 3.33273 9 v
0.625322 3.33158 9 v
0.620035 3.33044 9 v
0.614753 3.32931 9 v
0.609475 3.32819 9 v
0.604202 3.32709 9 v
0.598934 3.32599 9 v
0.59367 3.32491 9 v
0.588411 3.32384 9 v
0.583156 3.32278 9 v
0.577905 3.32173 9 v
0.57266 3.32069 9 v
0.567419 3.31966 9 v
0.562182 3.31865 9 v
0.55695 3.31765 9 v
0.551722 3.31665 9 v
0.546499 3.31567 9 v
0.541281 3.3147 9 v
0.536058 3.31374 9 v
0.530823 3.3128 9 v
0.525576 3.31187 9 v
0.520316 3.31095 9 v
0.515043 3.31004 9 v
0.509758 3.30915 9 v
0.50446 3.30826 9 v
0.49915 3.30739 9 v
0.493827 3.30654 9 v
0.488492 3.30569 9 v
0.483144 3.30486 9 v
0.477784 3.30404 9 v
0.472411 3.30324 9 v
0.467025 3.30244 9 v
0.461627 3.30166 9 v
0.456216 3.30089 9 v
0.450793 3.30014 9 v
0.445358 3.2994 9 v
0.439909 3.29867 9 v
0.434449 3.29795 9 v
0.428975 3.29724 9 v
0.423489 3.29655 9 v
0.417991 3.29587 9 v
0.41248 3.2952 9 v
0.406957 3.29455 9 v
0.401421 3.29391 9 v
0.395872 3.29328 9 v
0.390311 3.29266 9 v
0.384737 3.29206 9 v
0.379151 3.29146 9 v
0.373553 3.29088 9 v
0.367941 3.29032 9 v
0.362317 3.28976 9 v
0.356681 3.28922 9 v
0.351032 3.2887 9 v
0.345371 3.28818 9 v
0.339697 3.28768 9 v
0.33401 3.28719 9 v
0.328311 3.28671 9 v
0.3226 3.28624 9 v

0.75008 3.51094 9 v
0.744453 3.50919 9 v
0.738832 3.50746 9 v
0.733218 3.50574 9 v
0.727609 3.50404 9 v
0.722007 3.50236 9 v
0.716411 3.5007 9 v
0.710822 3.49905 9 v
0.705238 3.49741 9 v
0.699661 3.4958 9 v
0.69409 3.4942 9 v
0.688525 3.49262 9 v
0.682966 3.49105 9 v
0.677414 3.4895 9 v
0.671868 3.48797 9 v
0.666327 3.48646 9 v
0.660794 3.48496 9 v
0.655266 3.48348 9 v
0.649744 3.48201 9 v
0.644229 3.48057 9 v
0.63872 3.47913 9 v
0.633217 3.47772 9 v
0.62772 3.47632 9 v
0.62223 3.47494 9 v
0.616745 3.47358 9 v
0.611267 3.47223 9 v
0.605795 3.4709 9 v
0.600329 3.46959 9 v
0.59487 3.4683 9 v
0.589417 3.46702 9 v
0.583969 3.46575 9 v
0.578528 3.46451 9 v
0.573094 3.46328 9 v
0.567665 3.46207 9 v
0.562243 3.46087 9 v
0.556827 3.45969 9 v
0.551417 3.45853 9 v
0.546013 3.45739 9 v
0.540615 3.45626 9 v
0.535224 3.45515 9 v
0.529839 3.45405 9 v
0.524446 3.45298 9 v
0.519033 3.45193 9 v
0.513599 3.4509 9 v
0.508144 3.44989 9 v
0.502668 3.4489 9 v
0.497172 3.44793 9 v
0.491655 3.44699 9 v
0.486117 3.44607 9 v
0.480559 3.44516 9 v
0.474979 3.44429 9 v
0.469379 3.44343 9 v
0.463758 3.44259 9 v
0.458117 3.44178 9 v
0.452454 3.44099 9 v
0.446771 3.44022 9 v
0.441067 3.43947 9 v
0.435343 3.43874 9 v
0.429597 3.43804 9 v
0.423831 3.43735 9 v
0.418044 3.43669 9 v
0.412237 3.43605 9 v
0.406408 3.43543 9 v
0.400559 3.43484 9 v
0.394689 3.43426 9 v
0.388798 3.43371 9 v
0.382887 3.43318 9 v
0.376954 3.43267 9 v
0.371001 3.43218 9 v
0.365027 3.43172 9 v
0.359033 3.43127 9 v
0.353018 3.43085 9 v
0.346982 3.43045 9 v
0.340925 3.43007 9 v
0.334847 3.42971 9 v
0.328749 3.42938 9 v
0.32263 3.42907 9 v
0.31649 3.42877 9 v
0.310329 3.4285 9 v
0.304148 3.42826 9 v
0.297946 3.42803 9 v

0.761178 3.62484 9 v
0.755165 3.62263 9 v
0.749161 3.62044 9 v
0.743168 3.61828 9 v
0.737183 3.61614 9 v
0.731208 3.61403 9 v
0.725242 3.61194 9 v
0.719286 3.60988 9 v
0.713339 3.60784 9 v
0.707401 3.60583 9 v
0.701473 3.60384 9 v
0.695554 3.60188 9 v
0.689645 3.59994 9 v
0.683745 3.59803 9 v
0.677855 3.59614 9 v
0.671974 3.59427 9 v
0.666102 3.59243 9 v
0.660239 3.59062 9 v
0.654387 3.58883 9 v
0.648543 3.58706 9 v
0.642709 3.58532 9 v
0.636884 3.5836 9 v
0.631069 3.58191 9 v
0.625263 3.58025 9 v
0.619467 3.5786 9 v
0.613679 3.57699 9 v
0.607902 3.57539 9 v
0.602134 3.57383 9 v
0.596375 3.57228 9 v
0.590625 3.57077 9 v
0.584885 3.56927 9 v
0.579154 3.56781 9 v
0.573433 3.56636 9 v
0.567721 3.56494 9 v
0.562019 3.56355 9 v
0.556326 3.56218 9 v
0.550642 3.56084 9 v
0.544968 3.55952 9 v
0.539303 3.55822 9 v
0.533648 3.55695 9 v
0.528002 3.55571 9 v
0.522346 3.55448 9 v
0.516662 3.55329 9 v
0.51095 3.55212 9 v
0.50521 3.55097 9 v
0.499442 3.54985 9 v
0.493645 3.54876 9 v
0.487821 3.54769 9 v
0.481968 3.54664 9 v
0.476086 3.54562 9 v
0.470177 3.54463 9 v
0.464239 3.54366 9 v
0.458273 3.54271 9 v
0.452279 3.54179 9 v
0.446257 3.5409 9 v
0.440206 3.54003 9 v
0.434127 3.53918 9 v
0.42802 3.53836 9 v
0.421885 3.53757 9 v
0.415721 3.5368 9 v
0.40953 3.53605 9 v
0.40331 3.53533 9 v
0.397062 3.53464 9 v
0.390785 3.53397 9 v
0.384481 3.53332 9 v
0.378148 3.5327 9 v
0.371787 3.53211 9 v
0.365397 3.53154 9 v
0.35898 3.531 9 v
0.352534 3.53048 9 v
0.34606 3.52998 9 v
0.339558 3.52951 9 v
0.333028 3.52907 9 v
0.326469 3.52865 9 v
0.319882 3.52826 9 v
0.313267 3.52789 9 v
0.306624 3.52754 9 v
0.299952 3.52722 9 v
0.293252 3.52693 9 v
0.286524 3.52666 9 v
0.279768 3.52642 9 v

0.825139 3.13175 9 u
0.822408 3.1378 9 u
0.819725 3.14384 9 u
0.817091 3.14986 9 u
0.814505 3.15587 9 u
0.811967 3.16187 9 u
0.809478 3.16785 9 u
0.807036 3.17381 9 u
0.804643 3.17976 9 u
0.802299 3.1857 9 u
0.800002 3.19162 9 u
0.797754 3.19752 9 u
0.795555 3.20342 9 u
0.793403 3.20929 9 u
0.7913 3.21515 9 u
0.789245 3.221 9 u
0.787238 3.22683 9 u
0.78528 3.23265 9 u
0.78337 3.23845 9 u
0.781508 3.24424 9 u
0.779695 3.25001 9 u
0.777929 3.25577 9 u
0.776213 3.26151 9 u
0.774544 3.26724 9 u
0.772924 3.27295 9 u
0.771351 3.27865 9 u
0.769828 3.28433 9 u
0.768352 3.29 9 u
0.766925 3.29565 9 u
0.765546 3.30129 9 u
0.764215 3.30692 9 u
0.762933 3.31253 9 u
0.761699 3.31812 9 u
0.760513 3.3237 9 u
0.759376 3.32927 9 u
0.758286 3.33482 9 u
0.757245 3.34035 9 u
0.756253 3.34587 9 u
0.755308 3.35138 9 u
0.754412 3.35687 9 u
0.753564 3.36234 9 u

0.713232 3.11769 9 u
0.71063 3.12312 9 u
0.708077 3.12855 9 u
0.705571 3.13398 9 u
0.703113 3.13941 9 u
0.700703 3.14485 9 u
0.698341 3.15028 9 u
0.696027 3.15572 9 u
0.693761 3.16116 9 u
0.691542 3.16661 9 u
0.689372 3.17205 9 u
0.687249 3.1775 9 u
0.685174 3.18295 9 u
0.683147 3.1884 9 u
0.681168 3.19385 9 u
0.679237 3.1993 9 u
0.677353 3.20476 9 u
0.675518 3.21021 9 u
0.67373 3.21567 9 u
0.67199 3.22114 9 u
0.670299 3.2266 9 u
0.668654 3.23206 9 u
0.667058 3.23753 9 u
0.66551 3.243 9 u
0.66401 3.24847 9 u
0.662557 3.25394 9 u
0.661152 3.25942 9 u
0.659796 3.26489 9 u
0.658487 3.27037 9 u
0.657226 3.27585 9 u
0.656012 3.28133 9 u
0.654847 3.28682 9 u
0.65373 3.2923 9 u
0.65266 3.29779 9 u
0.651638 3.30328 9 u
0.650665 3.30877 9 u
0.649739 3.31426 9 u
0.648861 3.31976 9 u
0.64803 3.32525 9 u
0.647248 3.33075 9 u
0.646514 3.33625 9 u

0.599724 3.1018 9 u
0.597459 3.10695 9 u
0.595236 3.11212 9 u
0.593054 3.11729 9 u
0.590913 3.12247 9 u
0.588813 3.12766 9 u
0.586755 3.13286 9 u
0.584737 3.13807 9 u
0.582761 3.14328 9 u
0.580826 3.14851 9 u
0.578933 3.15374 9 u
0.57708 3.15898 9 u
0.575269 3.16423 9 u
0.573499 3.16949 9 u
0.57177 3.17476 9 u
0.570082 3.18003 9 u
0.568436 3.18532 9 u
0.56683 3.19061 9 u
0.565266 3.19591 9 u
0.563743 3.20122 9 u
0.562262 3.20654 9 u
0.560821 3.21186 9 u
0.559422 3.2172 9 u
0.558064 3.22254 9 u
0.556747 3.2279 9 u
0.555471 3.23326 9 u
0.554237 3.23863 9 u
0.553044 3.24401 9 u
0.551892 3.24939 9 u
0.550781 3.25479 9 u
0.549711 3.26019 9 u
0.548683 3.2656 9 u
0.547695 3.27103 9 u
0.546749 3.27645 9 u
0.545845 3.28189 9 u
0.544981 3.28734 9 u
0.544159 3.2928 9 u
0.543377 3.29826 9 u
0.542637 3.30373 9 u
0.541938 3.30921 9 u
0.541281 3.3147 9 u

0.48445 3.08474 9 u
0.482615 3.08984 9 u
0.480811 3.09495 9 u
0.479036 3.10007 9 u
0.477292 3.10521 9 u
0.475577 3.11035 9 u
0.473893 3.11551 9 u
0.472238 3.12068 9 u
0.470614 3.12586 9 u
0.469019 3.13105 9 u
0.467455 3.13626 9 u
0.46592 3.14148 9 u
0.464415 3.14671 9 u
0.46294 3.15195 9 u
0.461496 3.1572 9 u
0.460081 3.16246 9 u
0.458696 3.16774 9 u
0.457341 3.17303 9 u
0.456016 3.17833 9 u
0.454721 3.18364 9 u
0.453456 3.18897 9 u
0.452221 3.1943 9 u
0.451016 3.19965 9 u
0.449841 3.20501 9 u
0.448696 3.21038 9 u
0.447581 3.21576 9 u
0.446495 3.22116 9 u
0.44544 3.22657 9 u
0.444415 3.23199 9 u
0.443419 3.23742 9 u
0.442454 3.24286 9 u
0.441519 3.24832 9 u
0.440613 3.25378 9 u
0.439738 3.25926 9 u
0.438892 3.26475 9 u
0.438077 3.27026 9 u
0.437291 3.27577 9 u
0.436536 3.2813 9 u
0.43581 3.28684 9 u
0.435114 3.29239 9 u
0.434449 3.29795 9 u

0.367246 3.0672 9 u
0.36582 3.07231 9 u
0.364411 3.07745 9 u
0.363018 3.0826 9 u
0.36164 3.08777 9 u
0.360278 3.09296 9 u
0.358932 3.09817 9 u
0.357602 3.1034 9 u
0.356288 3.10864 9 u
0.35499 3.1139 9 u
0.353707 3.11919 9 u
0.35244 3.12449 9 u
0.35119 3.12981 9 u
0.349955 3.13514 9 u
0.348735 3.1405 9 u
0.347532 3.14587 9 u
0.346345 3.15127 9 u
0.345173 3.15668 9 u
0.344017 3.16211 9 u
0.342877 3.16756 9 u
0.341753 3.17302 9 u
0.340645 3.17851 9 u
0.339553 3.18401 9 u
0.338476 3.18953 9 u
0.337416 3.19507 9 u
0.336371 3.20063 9 u
0.335342 3.20621 9 u
0.334329 3.21181 9 u
0.333331 3.21742 9 u
0.33235 3.22306 9 u
0.331384 3.22871 9 u
0.330434 3.23438 9 u
0.3295 3.24007 9 u
0.328582 3.24577 9 u
0.32768 3.2515 9 u
0.326794 3.25724 9 u
0.325923 3.26301 9 u
0.325069 3.26879 9 u
0.32423 3.27459 9 u
0.323407 3.28041 9 u
0.3226 3.28624 9 u

0.825139 3.13175 9 v
0.819581 3.13109 9 v
0.81402 3.13042 9 v
0.808455 3.12975 9 v
0.802885 3.12908 9 v
0.797312 3.1284 9 v
0.791735 3.12772 9 v
0.786153 3.12703 9 v
0.780568 3.12634 9 v
0.774979 3.12565 9 v
0.769385 3.12495 9 v
0.763788 3.12424 9 v
0.758187 3.12353 9 v
0.752581 3.12282 9 v
0.746972 3.1221 9 v
0.741359 3.12137 9 v
0.735741 3.12065 9 v
0.73012 3.11991 9 v
0.724495 3.11918 9 v
0.718865 3.11843 9 v
0.713232 3.11769 9 v
0.707595 3.11694 9 v
0.701953 3.11618 9 v
0.696308 3.11542 9 v
0.690658 3.11466 9 v
0.685005 3.11389 9 v
0.679348 3.11311 9 v
0.673686 3.11233 9 v
0.668021 3.11155 9 v
0.662351 3.11076 9 v
0.656678 3.10997 9 v
0.651001 3.10917 9 v
0.645319 3.10837 9 v
0.639634 3.10757 9 v
0.633944 3.10676 9 v
0.628251 3.10594 9 v
0.622553 3.10512 9 v
0.616852 3.1043 9 v
0.611147 3.10347 9 v
0.605437 3.10263 9 v
0.599724 3.1018 9 v
0.594006 3.10096 9 v
0.588283 3.10011 9 v
0.582556 3.09927 9 v
0.576823 3.09843 9 v
0.571086 3.09758 9 v
0.565344 3.09673 9 v
0.559597 3.09588 9 v
0.553846 3.09503 9 v
0.548089 3.09418 9 v
0.542328 3.09333 9 v
0.536562 3.09248 9 v
0.530791 3.09162 9 v
0.525015 3.09077 9 v
0.519234 3.08991 9 v
0.513449 3.08905 9 v
0.507659 3.08819 9 v
0.501864 3.08733 9 v
0.496064 3.08647 9 v
0.490259 3.08561 9 v
0.48445 3.08474 9 v
0.478635 3.08388 9 v
0.472816 3.08301 9 v
0.466992 3.08214 9 v
0.461163 3.08127 9 v
0.455329 3.0804 9 v
0.449491 3.07953 9 v
0.443648 3.07866 9 v
0.4378 3.07778 9 v
0.431947 3.07691 9 v
0.426089 3.07603 9 v
0.420226 3.07515 9 v
0.414359 3.07428 9 v
0.408487 3.0734 9 v
0.402609 3.07251 9 v
0.396728 3.07163 9 v
0.390841 3.07075 9 v
0.384949 3.06986 9 v
0.379053 3.06898 9 v
0.373152 3.06809 9 v
0.367246 3.0672 9 v

0.779695 3.25001 9 v
0.774193 3.24876 9 v
0.768694 3.24752 9 v
0.763199 3.24628 9 v
0.757707 3.24506 9 v
0.752218 3.24384 9 v
0.746733 3.24263 9 v
0.741251 3.24144 9 v
0.735773 3.24024 9 v
0.730298 3.23906 9 v
0.724827 3.23789 9 v
0.719359 3.23672 9 v
0.713894 3.23556 9 v
0.708433 3.23441 9 v
0.702975 3.23327 9 v
0.69752 3.23214 9 v
0.692069 3.23101 9 v
0.686621 3.2299 9 v
0.681177 3.22879 9 v
0.675736 3.22769 9 v
0.670299 3.2266 9 v
0.664864 3.22552 9 v
0.659434 3.22444 9 v
0.654006 3.22338 9 v
0.648582 3.22232 9 v
0.643162 3.22127 9 v
0.637745 3.22023 9 v
0.632331 3.2192 9 v
0.626921 3.21817 9 v
0.621514 3.21716 9 v
0.61611 3.21615 9 v
0.61071 3.21515 9 v
0.605313 3.21416 9 v
0.59992 3.21318 9 v
0.59453 3.2122 9 v
0.589143 3.21124 9 v
0.58376 3.21028 9 v
0.578381 3.20933 9 v
0.573004 3.20839 9 v
0.567631 3.20746 9 v
0.562262 3.20654 9 v
0.55689 3.20562 9 v
0.551512 3.20471 9 v
0.546126 3.2038 9 v
0.540732 3.20289 9 v
0.535332 3.20199 9 v
0.529924 3.20109 9 v
0.524509 3.2002 9 v
0.519087 3.19931 9 v
0.513658 3.19843 9 v
0.508221 3.19755 9 v
0.502777 3.19667 9 v
0.497326 3.1958 9 v
0.491868 3.19493 9 v
0.486402 3.19407 9 v
0.480929 3.19321 9 v
0.475449 3.19235 9 v
0.469962 3.1915 9 v
0.464467 3.19065 9 v
0.458965 3.18981 9 v
0.453456 3.18897 9 v
0.44794 3.18813 9 v
0.442416 3.1873 9 v
0.436885 3.18647 9 v
0.431347 3.18565 9 v
0.425802 3.18483 9 v
0.420249 3.18401 9 v
0.41469 3.1832 9 v
0.409123 3.18239 9 v
0.403548 3.18159 9 v
0.397967 3.18079 9 v
0.392378 3.17999 9 v
0.386782 3.1792 9 v
0.381179 3.17842 9 v
0.375568 3.17763 9 v
0.369951 3.17686 9 v
0.364326 3.17608 9 v
0.358693 3.17531 9 v
0.353054 3.17454 9 v
0.347407 3.17378 9 v
0.341753 3.17302 9 v

0.753564 3.36234 9 v
0.748169 3.36093 9 v
0.742778 3.35953 9 v
0.737391 3.35814 9 v
0.732009 3.35676 9 v
0.726631 3.35539 9 v
0.721258 3.35404 9 v
0.71589 3.35269 9 v
0.710526 3.35136 9 v
0.705167 3.35004 9 v
0.699812 3.34873 9 v
0.694461 3.34743 9 v
0.689116 3.34614 9 v
0.683775 3.34487 9 v
0.678438 3.3436 9 v
0.673106 3.34235 9 v
0.667778 3.34111 9 v
0.662455 3.33988 9 v
0.657137 3.33866 9 v
0.651823 3.33745 9 v
0.646514 3.33625 9 v
0.641209 3.33507 9 v
0.635908 3.33389 9 v
0.630613 3.33273 9 v
0.625322 3.33158 9 v
0.620035 3.33044 9 v
0.614753 3.32931 9 v
0.609475 3.32819 9 v
0.604202 3.32709 9 v
0.598934 3.32599 9 v
0.59367 3.32491 9 v
0.588411 3.32384 9 v
0.583156 3.32278 9 v
0.577905 3.32173 9 v
0.57266 3.32069 9 v
0.567419 3.31966 9 v
0.562182 3.31865 9 v
0.55695 3.31765 9 v
0.551722 3.31665 9 v
0.546499 3.31567 9 v
0.541281 3.3147 9 v
0.536058 3.31374 9 v
0.530823 3.3128 9 v
0.525576 3.31187 9 v
0.520316 3.31095 9 v
0.515043 3.31004 9 v
0.509758 3.30915 9 v
0.50446 3.30826 9 v
0.49915 3.30739 9 v
0.493827 3.30654 9 v
0.488492 3.30569 9 v
0.483144 3.30486 9 v
0.477784 3.30404 9 v
0.472411 3.30324 9 v
0.467025 3.30244 9 v
0.461627 3.30166 9 v
0.456216 3.30089 9 v
0.450793 3.30014 9 v
0.445358 3.2994 9 v
0.439909 3.29867 9 v
0.434449 3.29795 9 v
0.428975 3.29724 9 v
0.423489 3.29655 9 v
0.417991 3.29587 9 v
0.41248 3.2952 9 v
0.406957 3.29455 9 v
0.401421 3.29391 9 v
0.395872 3.29328 9 v
0.390311 3.29266 9 v
0.384737 3.29206 9 v
0.379151 3.29146 9 v
0.373553 3.29088 9 v
0.367941 3.29032 9 v
0.362317 3.28976 9 v
0.356681 3.28922 9 v
0.351032 3.2887 9 v
0.345371 3.28818 9 v
0.339697 3.28768 9 v
0.33401 3.28719 9 v
0.328311 3.28671 9 v
0.3226 3.28624 9 v

0.825139 3.13175 10 u
0.819725 3.14384 10 u
0.814505 3.15587 10 u
0.809478 3.16785 10 u
0.804643 3.17976 10 u
0.800002 3.19162 10 u
0.795555 3.20342 10 u
0.7913 3.21515 10 u
0.787238 3.22683 10 u
0.78337 3.23845 10 u
0.779695 3.25001 10 u
0.776213 3.26151 10 u
0.772924 3.27295 10 u
0.769828 3.28433 10 u
0.766925 3.29565 10 u
0.764215 3.30692 10 u
0.761699 3.31812 10 u
0.759376 3.32927 10 u
0.757245 3.34035 10 u
0.755308 3.35138 10 u
0.753564 3.36234 10 u
0.752005 3.37426 10 u
0.750648 3.38785 10 u
0.749524 3.40267 10 u
0.748648 3.41822 10 u
0.748021 3.434 10 u
0.747629 3.4496 10 u
0.74745 3.46466 10 u
0.747459 3.47892 10 u
0.747624 3.4922 10 u
0.747915 3.50441 10 u
0.748373 3.51578 10 u
0.749039 3.52678 10 u
0.749894 3.53767 10 u
0.750929 3.54863 10 u
0.752141 3.55982 10 u
0.753535 3.57141 10 u
0.755119 3.58355 10 u
0.756907 3.59639 10 u
0.758918 3.61009 10 u
0.761178 3.62484 10 u

1.09228 3.27226 10 u
1.08973 3.27797 10 u
1.08726 3.28366 10 u
1.0849 3.28931 10 u
1.08263 3.29494 10 u
1.08046 3.30053 10 u
1.07838 3.3061 10 u
1.0764 3.31165 10 u
1.07452 3.31716 10 u
1.07273 3.32264 10 u
1.07103 3.3281 10 u
1.06944 3.33353 10 u
1.06794 3.33893 10 u
1.06653 3.3443 10 u
1.06522 3.34964 10 u
1.06401 3.35496 10 u
1.06289 3.36024 10 u
1.06187 3.3655 10 u
1.06094 3.37073 10 u
1.06012 3.37593 10 u
1.05938 3.38111 10 u
1.05874 3.3863 10 u
1.05819 3.39155 10 u
1.05774 3.39686 10 u
1.05737 3.40223 10 u
1.05709 3.40767 10 u
1.05691 3.41317 10 u
1.05681 3.41873 10 u
1.05681 3.42435 10 u
1.0569 3.43003 10 u
1.05708 3.43577 10 u
1.05735 3.44158 10 u
1.05771 3.44744 10 u
1.05817 3.45337 10 u
1.05871 3.45936 10 u
1.05935 3.46541 10 u
1.06007 3.47152 10 u
1.06089 3.47769 10 u
1.0618 3.48393 10 u
1.0628 3.49023 10 u
1.06389 3.49658 10 u

1.3453 3.27656 10 u
1.34429 3.28622 10 u
1.34328 3.29589 10 u
1.34226 3.30555 10 u
1.34125 3.31521 10 u
1.34024 3.32488 10 u
1.33923 3.33454 10 u
1.33822 3.3442 10 u
1.33721 3.35386 10 u
1.3362 3.36352 10 u
1.33519 3.37318 10 u
1.33418 3.38284 10 u
1.33317 3.3925 10 u
1.33216 3.40216 10 u
1.33115 3.41181 10 u
1.33014 3.42147 10 u
1.32913 3.43113 10 u
1.32812 3.44078 10 u
1.32711 3.45044 10 u
1.3261 3.4601 10 u
1.32509 3.46975 10 u
1.32408 3.4794 10 u
1.32308 3.48906 10 u
1.32207 3.49871 10 u
1.32106 3.50837 10 u
1.32005 3.51802 10 u
1.31904 3.52768 10 u
1.31803 3.53734 10 u
1.31702 3.54699 10 u
1.31601 3.55665 10 u
1.315 3.56631 10 u
1.31399 3.57596 10 u
1.31299 3.58562 10 u
1.31198 3.59528 10 u
1.31097 3.60493 10 u
1.30996 3.61459 10 u
1.30895 3.62425 10 u
1.30794 3.63391 10 u
1.30693 3.64356 10 u
1.30592 3.65322 10 u
1.30491 3.66288 10 u

0.825139 3.13175 10 v
0.834442 3.14484 10 v
0.844172 3.15729 10 v
0.854328 3.1691 10 v
0.864912 3.18028 10 v
0.875922 3.19082 10 v
0.887358 3.20072 10 v
0.899222 3.20998 10 v
0.911512 3.2186 10 v
0.924229 3.22658 10 v
0.937373 3.23393 10 v
0.950944 3.24063 10 v
0.964941 3.2467 10 v
0.979365 3.25213 10 v
0.994216 3.25692 10 v
1.00949 3.26108 10 v
1.0252 3.26459 10 v
1.04133 3.26747 10 v
1.05789 3.2697 10 v
1.07487 3.2713 10 v
1.09228 3.27226 10 v
1.10966 3.27288 10 v
1.12654 3.27346 10 v
1.14292 3.27399 10 v
1.1588 3.27449 10 v
1.17419 3.27494 10 v
1.18908 3.27534 10 v
1.20347 3.27571 10 v
1.21736 3.27603 10 v
1.23076 3.27631 10 v
1.24366 3.27654 10 v
1.25606 3.27674 10 v
1.26797 3.27689 10 v
1.27937 3.277 10 v
1.29028 3.27706 10 v
1.3007 3.27709 10 v
1.31061 3.27707 10 v
1.32003 3.277 10 v
1.32895 3.2769 10 v
1.33737 3.27675 10 v
1.3453 3.27656 10 v

0.753564 3.36234 10 v
0.766719 3.362 10 v
0.780098 3.36179 10 v
0.793702 3.36171 10 v
0.807531 3.36177 10 v
0.821585 3.36197 10 v
0.835864 3.3623 10 v
0.850368 3.36276 10 v
0.865096 3.36337 10 v
0.88005 3.3641 10 v
0.895228 3.36497 10 v
0.910632 3.36598 10 v
0.92626 3.36712 10 v
0.942113 3.36839 10 v
0.958191 3.3698 10 v
0.974494 3.37135 10 v
0.991022 3.37303 10 v
1.00777 3.37485 10 v
1.02475 3.3768 10 v
1.04195 3.37888 10 v
1.05938 3.38111 10 v
1.07671 3.3835 10 v
1.09361 3.38611 10 v
1.11009 3.38894 10 v
1.12614 3.39197 10 v
1.14176 3.39523 10 v
1.15696 3.3987 10 v
1.17174 3.40238 10 v
1.18609 3.40627 10 v
1.20001 3.41038 10 v
1.21351 3.41471 10 v
1.22658 3.41925 10 v
1.23923 3.424 10 v
1.25145 3.42897 10 v
1.26325 3.43415 10 v
1.27462 3.43955 10 v
1.28556 3.44516 10 v
1.29608 3.45099 10 v
1.30618 3.45703 10 v
1.31585 3.46328 10 v
1.32509 3.46975 10 v

0.761178 3.62484 10 v
0.769635 3.61593 10 v
0.779834 3.60579 10 v
0.791962 3.59442 10 v
0.80612 3.5819 10 v
0.822262 3.56849 10 v
0.840119 3.55462 10 v
0.859132 3.54094 10 v
0.878438 3.52828 10 v
0.896933 3.51755 10 v
0.913434 3.50955 10 v
0.92856 3.50365 10 v
0.943668 3.49878 10 v
0.958758 3.49492 10 v
0.97383 3.49209 10 v
0.988884 3.49028 10 v
1.00392 3.4895 10 v
1.01894 3.48973 10 v
1.03394 3.49099 10 v
1.04892 3.49328 10 v
1.06389 3.49658 10 v
1.0787 3.50062 10 v
1.09322 3.50512 10 v
1.10745 3.51006 10 v
1.12139 3.51545 10 v
1.13504 3.52129 10 v
1.14839 3.52758 10 v
1.16146 3.53432 10 v
1.17424 3.54151 10 v
1.18673 3.54915 10 v
1.19892 3.55724 10 v
1.21083 3.56578 10 v
1.22244 3.57477 10 v
1.23377 3.58421 10 v
1.2448 3.5941 10 v
1.25555 3.60444 10 v
1.266 3.61523 10 v
1.27616 3.62647 10 v
1.28604 3.63816 10 v
1.29562 3.65029 10 v
1.30491 3.66288 10 v

1.3453 3.27656 11 u
1.34429 3.28622 11 u
1.34328 3.29589 11 u
1.34226 3.30555 11 u
1.34125 3.31521 11 u
1.34024 3.32488 11 u
1.33923 3.33454 11 u
1.33822 3.3442 11 u
1.33721 3.35386 11 u
1.3362 3.36352 11 u
1.33519 3.37318 11 u
1.33418 3.38284 11 u
1.33317 3.3925 11 u
1.33216 3.40216 11 u
1.33115 3.41181 11 u
1.33014 3.42147 11 u
1.32913 3.43113 11 u
1.32812 3.44078 11 u
1.32711 3.45044 11 u
1.3261 3.4601 11 u
1.32509 3.46975 11 u
1.32408 3.4794 11 u
1.32308 3.48906 11 u
1.32207 3.49871 11 u
1.32106 3.50837 11 u
1.32005 3.51802 11 u
1.31904 3.52768 11 u
1.31803 3.53734 11 u
1.31702 3.54699 11 u
1.31601 3.55665 11 u
1.315 3.56631 11 u
1.31399 3.57596 11 u
1.31299 3.58562 11 u
1.31198 3.59528 11 u
1.31097 3.60493 11 u
1.30996 3.61459 11 u
1.30895 3.62425 11 u
1.30794 3.63391 11 u
1.30693 3.64356 11 u
1.30592 3.65322 11 u
1.30491 3.66288 11 u

1.49262 3.26497 11 u
1.49158 3.27448 11 u
1.49059 3.28395 11 u
1.48965 3.29338 11 u
1.48876 3.30276 11 u
1.48792 3.31211 11 u
1.48712 3.32141 11 u
1.48637 3.33067 11 u
1.48567 3.33988 11 u
1.48501 3.34906 11 u
1.48441 3.35819 11 u
1.48385 3.36728 11 u
1.48334 3.37633 11 u
1.48287 3.38534 11 u
1.48246 3.3943 11 u
1.48209 3.40323 11 u
1.48177 3.41211 11 u
1.48149 3.42095 11 u
1.48127 3.42974 11 u
1.48109 3.4385 11 u
1.48096 3.44721 11 u
1.48088 3.45591 11 u
1.48085 3.46464 11 u
1.48088 3.47339 11 u
1.48096 3.48216 11 u
1.48109 3.49095 11 u
1.48128 3.49977 11 u
1.48152 3.50861 11 u
1.48182 3.51748 11 u
1.48216 3.52636 11 u
1.48256 3.53527 11 u
1.48302 3.54421 11 u
1.48353 3.55316 11 u
1.48409 3.56214 11 u
1.4847 3.57115 11 u
1.48537 3.58017 11 u
1.48609 3.58922 11 u
1.48687 3.59829 11 u
1.48769 3.60739 11 u
1.48858 3.6165 11 u
1.48951 3.62564 11 u

1.615 3.24664 11 u
1.61453 3.25615 11 u
1.61416 3.26557 11 u
1.61389 3.27491 11 u
1.61372 3.28417 11 u
1.61365 3.29335 11 u
1.61368 3.30245 11 u
1.6138 3.31147 11 u
1.61403 3.32041 11 u
1.61436 3.32926 11 u
1.61479 3.33803 11 u
1.61531 3.34673 11 u
1.61594 3.35534 11 u
1.61667 3.36387 11 u
1.6175 3.37232 11 u
1.61842 3.38068 11 u
1.61945 3.38897 11 u
1.62057 3.39717 11 u
1.6218 3.4053 11 u
1.62312 3.41334 11 u
1.62455 3.4213 11 u
1.62608 3.42924 11 u
1.6277 3.43723 11 u
1.62943 3.44526 11 u
1.63125 3.45333 11 u
1.63318 3.46144 11 u
1.63521 3.4696 11 u
1.63733 3.47781 11 u
1.63956 3.48605 11 u
1.64189 3.49434 11 u
1.64431 3.50268 11 u
1.64684 3.51105 11 u
1.64947 3.51948 11 u
1.6522 3.52794 11 u
1.65503 3.53645 11 u
1.65796 3.545 11 u
1.66099 3.55359 11 u
1.66412 3.56223 11 u
1.66735 3.57092 11 u
1.67068 3.57964 11 u
1.67411 3.58841 11 u

1.3453 3.27656 11 v
1.35294 3.27638 11 v
1.36055 3.27616 11 v
1.36814 3.27589 11 v
1.37569 3.27559 11 v
1.38321 3.27524 11 v
1.39071 3.27485 11 v
1.39818 3.27442 11 v
1.40562 3.27394 11 v
1.41302 3.27343 11 v
1.4204 3.27287 11 v
1.42776 3.27227 11 v
1.43508 3.27162 11 v
1.44237 3.27094 11 v
1.44964 3.27021 11 v
1.45687 3.26944 11 v
1.46408 3.26863 11 v
1.47126 3.26778 11 v
1.47841 3.26688 11 v
1.48553 3.26595 11 v
1.49262 3.26497 11 v
1.49965 3.26397 11 v
1.50658 3.26298 11 v
1.51342 3.262 11 v
1.52016 3.26103 11 v
1.5268 3.26007 11 v
1.53335 3.25911 11 v
1.53981 3.25817 11 v
1.54617 3.25723 11 v
1.55243 3.2563 11 v
1.5586 3.25538 11 v
1.56467 3.25447 11 v
1.57064 3.25357 11 v
1.57652 3.25267 11 v
1.58231 3.25178 11 v
1.588 3.25091 11 v
1.59359 3.25004 11 v
1.59908 3.24917 11 v
1.60448 3.24832 11 v
1.60979 3.24748 11 v
1.615 3.24664 11 v

1.32509 3.46975 11 v
1.33306 3.46881 11 v
1.34102 3.46786 11 v
1.34895 3.46688 11 v
1.35686 3.46589 11 v
1.36476 3.46487 11 v
1.37264 3.46384 11 v
1.3805 3.46278 11 v
1.38834 3.4617 11 v
1.39616 3.46061 11 v
1.40396 3.45949 11 v
1.41175 3.45835 11 v
1.41951 3.4572 11 v
1.42726 3.45602 11 v
1.43499 3.45482 11 v
1.44269 3.4536 11 v
1.45038 3.45236 11 v
1.45806 3.45111 11 v
1.46571 3.44983 11 v
1.47334 3.44853 11 v
1.48096 3.44721 11 v
1.48855 3.44588 11 v
1.49609 3.44456 11 v
1.50359 3.44324 11 v
1.51104 3.44192 11 v
1.51846 3.44061 11 v
1.52583 3.43929 11 v
1.53316 3.43799 11 v
1.54045 3.43668 11 v
1.54769 3.43538 11 v
1.55489 3.43409 11 v
1.56205 3.43279 11 v
1.56916 3.4315 11 v
1.57624 3.43021 11 v
1.58327 3.42893 11 v
1.59025 3.42765 11 v
1.5972 3.42637 11 v
1.6041 3.4251 11 v
1.61096 3.42383 11 v
1.61778 3.42256 11 v
1.62455 3.4213 11 v

1.30491 3.66288 11 v
1.31414 3.66102 11 v
1.32337 3.65916 11 v
1.3326 3.65729 11 v
1.34183 3.65543 11 v
1.35106 3.65357 11 v
1.36029 3.65171 11 v
1.36952 3.64985 11 v
1.37875 3.64798 11 v
1.38798 3.64612 11 v
1.39721 3.64426 11 v
1.40644 3.6424 11 v
1.41567 3.64054 11 v
1.4249 3.63868 11 v
1.43413 3.63681 11 v
1.44336 3.63495 11 v
1.45259 3.63309 11 v
1.46182 3.63123 11 v
1.47105 3.62937 11 v
1.48028 3.62751 11 v
1.48951 3.62564 11 v
1.49874 3.62378 11 v
1.50797 3.62192 11 v
1.5172 3.62006 11 v
1.52643 3.6182 11 v
1.53566 3.61634 11 v
1.54489 3.61448 11 v
1.55412 3.61261 11 v
1.56335 3.61075 11 v
1.57258 3.60889 11 v
1.58181 3.60703 11 v
1.59104 3.60517 11 v
1.60027 3.60331 11 v
1.6095 3.60144 11 v
1.61873 3.59958 11 v
1.62796 3.59772 11 v
1.63719 3.59586 11 v
1.64642 3.594 11 v
1.65565 3.59213 11 v
1.66488 3.59027 11 v
1.67411 3.58841 11 v

1.615 3.24664 12 u
1.61453 3.25615 12 u
1.61416 3.26557 12 u
1.61389 3.27491 12 u
1.61372 3.28417 12 u
1.61365 3.29335 12 u
1.61368 3.30245 12 u
1.6138 3.31147 12 u
1.61403 3.32041 12 u
1.61436 3.32926 12 u
1.61479 3.33803 12 u
1.61531 3.34673 12 u
1.61594 3.35534 12 u
1.61667 3.36387 12 u
1.6175 3.37232 12 u
1.61842 3.38068 12 u
1.61945 3.38897 12 u
1.62057 3.39717 12 u
1.6218 3.4053 12 u
1.62312 3.41334 12 u
1.62455 3.4213 12 u
1.62608 3.42924 12 u
1.6277 3.43723 12 u
1.62943 3.44526 12 u
1.63125 3.45333 12 u
1.63318 3.46144 12 u
1.63521 3.4696 12 u
1.63733 3.47781 12 u
1.63956 3.48605 12 u
1.64189 3.49434 12 u
1.64431 3.50268 12 u
1.64684 3.51105 12 u
1.64947 3.51948 12 u
1.6522 3.52794 12 u
1.65503 3.53645 12 u
1.65796 3.545 12 u
1.66099 3.55359 12 u
1.66412 3.56223 12 u
1.66735 3.57092 12 u
1.67068 3.57964 12 u
1.67411 3.58841 12 u

1.7765 3.21501 12 u
1.77792 3.22062 12 u
1.77934 3.22624 12 u
1.78074 3.23186 12 u
1.78212 3.23748 12 u
1.78348 3.24311 12 u
1.78483 3.24875 12 u
1.78616 3.25439 12 u
1.78748 3.26004 12 u
1.78878 3.26569 12 u
1.79007 3.27135 12 u
1.79134 3.27701 12 u
1.79259 3.28268 12 u
1.79383 3.28835 12 u
1.79505 3.29403 12 u
1.79625 3.29971 12 u
1.79744 3.3054 12 u
1.79861 3.31109 12 u
1.79977 3.31679 12 u
1.80091 3.32249 12 u
1.80203 3.3282 12 u
1.80315 3.33393 12 u
1.80425 3.33972 12 u
1.80535 3.34556 12 u
1.80645 3.35144 12 u
1.80753 3.35738 12 u
1.80861 3.36336 12 u
1.80969 3.3694 12 u
1.81076 3.37549 12 u
1.81182 3.38162 12 u
1.81287 3.38781 12 u
1.81392 3.39404 12 u
1.81496 3.40033 12 u
1.81599 3.40667 12 u
1.81702 3.41305 12 u
1.81804 3.41949 12 u
1.81905 3.42598 12 u
1.82006 3.43251 12 u
1.82106 3.4391 12 u
1.82205 3.44574 12 u
1.82304 3.45243 12 u

1.96131 3.17339 12 u
1.96582 3.17943 12 u
1.97019 3.18557 12 u
1.9744 3.19181 12 u
1.97847 3.19815 12 u
1.98238 3.20459 12 u
1.98614 3.21114 12 u
1.98976 3.21778 12 u
1.99322 3.22452 12 u
1.99654 3.23136 12 u
1.9997 3.2383 12 u
2.00272 3.24534 12 u
2.00558 3.25248 12 u
2.0083 3.25972 12 u
2.01086 3.26706 12 u
2.01328 3.2745 12 u
2.01554 3.28204 12 u
2.01766 3.28968 12 u
2.01962 3.29742 12 u
2.02144 3.30526 12 u
2.0231 3.3132 12 u
2.02462 3.32124 12 u
2.02598 3.32938 12 u
2.0272 3.33762 12 u
2.02826 3.34596 12 u
2.02918 3.3544 12 u
2.02994 3.36294 12 u
2.03056 3.37158 12 u
2.03103 3.38032 12 u
2.03135 3.38917 12 u
2.03151 3.39811 12 u
2.03153 3.40715 12 u
2.0314 3.41629 12 u
2.03112 3.42553 12 u
2.03068 3.43487 12 u
2.0301 3.44432 12 u
2.02937 3.45386 12 u
2.02849 3.4635 12 u
2.02746 3.47324 12 u
2.02628 3.48309 12 u
2.02495 3.49303 12 u

1.615 3.24664 12 v
1.62031 3.24577 12 v
1.6259 3.24483 12 v
1.63179 3.24381 12 v
1.63797 3.24271 12 v
1.64445 3.24154 12 v
1.65121 3.2403 12 v
1.65827 3.23898 12 v
1.66561 3.23759 12 v
1.67325 3.23612 12 v
1.68118 3.23457 12 v
1.6894 3.23295 12 v
1.69791 3.23126 12 v
1.70671 3.22949 12 v
1.71581 3.22765 12 v
1.72519 3.22573 12 v
1.73487 3.22373 12 v
1.74484 3.22167 12 v
1.7551 3.21952 12 v
1.76565 3.2173 12 v
1.7765 3.21501 12 v
1.7874 3.21269 12 v
1.79812 3.2104 12 v
1.80867 3.20813 12 v
1.81905 3.20589 12 v
1.82925 3.20367 12 v
1.83928 3.20147 12 v
1.84913 3.19931 12 v
1.85881 3.19716 12 v
1.86831 3.19504 12 v
1.87764 3.19295 12 v
1.88679 3.19088 12 v
1.89577 3.18884 12 v
1.90458 3.18682 12 v
1.91321 3.18483 12 v
1.92166 3.18286 12 v
1.92994 3.18091 12 v
1.93804 3.179 12 v
1.94597 3.1771 12 v
1.95373 3.17523 12 v
1.96131 3.17339 12 v

1.62455 3.4213 12 v
1.63087 3.41596 12 v
1.63745 3.41069 12 v
1.6443 3.4055 12 v
1.65143 3.40038 12 v
1.65882 3.39532 12 v
1.66648 3.39035 12 v
1.67442 3.38544 12 v
1.68262 3.3806 12 v
1.69109 3.37584 12 v
1.69983 3.37115 12 v
1.70884 3.36653 12 v
1.71811 3.36198 12 v
1.72766 3.35751 12 v
1.73748 3.3531 12 v
1.74756 3.34877 12 v
1.75792 3.34451 12 v
1.76854 3.34033 12 v
1.77944 3.33621 12 v
1.7906 3.33217 12 v
1.80203 3.3282 12 v
1.81358 3.32442 12 v
1.82507 3.32096 12 v
1.83651 3.31783 12 v
1.84789 3.315 12 v
1.85923 3.3125 12 v
1.87051 3.31032 12 v
1.88175 3.30845 12 v
1.89293 3.30691 12 v
1.90406 3.30568 12 v
1.91514 3.30477 12 v
1.92617 3.30418 12 v
1.93714 3.30391 12 v
1.94807 3.30396 12 v
1.95894 3.30432 12 v
1.96976 3.305 12 v
1.98053 3.30601 12 v
1.99125 3.30733 12 v
2.00192 3.30897 12 v
2.01254 3.31092 12 v
2.0231 3.3132 12 v

1.67411 3.58841 12 v
1.67985 3.57968 12 v
1.68577 3.57116 12 v
1.69187 3.56283 12 v
1.69815 3.55471 12 v
1.70461 3.5468 12 v
1.71125 3.53909 12 v
1.71807 3.53158 12 v
1.72506 3.52427 12 v
1.73224 3.51716 12 v
1.7396 3.51026 12 v
1.74713 3.50357 12 v
1.75485 3.49707 12 v
1.76274 3.49078 12 v
1.77082 3.48469 12 v
1.77907 3.47881 12 v
1.78751 3.47312 12 v
1.79612 3.46764 12 v
1.80492 3.46237 12 v
1.81389 3.4573 12 v
1.82304 3.45243 12 v
1.83232 3.448 12 v
1.84169 3.44425 12 v
1.85115 3.44118 12 v
1.86069 3.43879 12 v
1.87032 3.43708 12 v
1.88003 3.43605 12 v
1.88983 3.4357 12 v
1.89971 3.43603 12 v
1.90967 3.43704 12 v
1.91973 3.43873 12 v
1.92987 3.4411 12 v
1.94009 3.44415 12 v
1.9504 3.44788 12 v
1.96079 3.45229 12 v
1.97127 3.45738 12 v
1.98184 3.46315 12 v
1.99249 3.4696 12 v
2.00322 3.47673 12 v
2.01404 3.48454 12 v
2.02495 3.49303 12 v

1.96131 3.17339 13 u
1.96582 3.17943 13 u
1.97019 3.18557 13 u
1.9744 3.19181 13 u
1.97847 3.19815 13 u
1.98238 3.20459 13 u
1.98614 3.21114 13 u
1.98976 3.21778 13 u
1.99322 3.22452 13 u
1.99654 3.23136 13 u
1.9997 3.2383 13 u
2.00272 3.24534 13 u
2.00558 3.25248 13 u
2.0083 3.25972 13 u
2.01086 3.26706 13 u
2.01328 3.2745 13 u
2.01554 3.28204 13 u
2.01766 3.28968 13 u
2.01962 3.29742 13 u
2.02144 3.30526 13 u
2.0231 3.3132 13 u
2.02462 3.32124 13 u
2.02598 3.32938 13 u
2.0272 3.33762 13 u
2.02826 3.34596 13 u
2.02918 3.3544 13 u
2.02994 3.36294 13 u
2.03056 3.37158 13 u
2.03103 3.38032 13 u
2.03135 3.38917 13 u
2.03151 3.39811 13 u
2.03153 3.40715 13 u
2.0314 3.41629 13 u
2.03112 3.42553 13 u
2.03068 3.43487 13 u
2.0301 3.44432 13 u
2.02937 3.45386 13 u
2.02849 3.4635 13 u
2.02746 3.47324 13 u
2.02628 3.48309 13 u
2.02495 3.49303 13 u

2.10366 3.13259 13 u
2.10565 3.13889 13 u
2.10765 3.14518 13 u
2.10965 3.15146 13 u
2.11167 3.15772 13 u
2.11369 3.16397 13 u
2.11573 3.17022 13 u
2.11777 3.17645 13 u
2.11982 3.18267 13 u
2.12188 3.18888 13 u
2.12395 3.19507 13 u
2.12603 3.20126 13 u
2.12811 3.20743 13 u
2.13021 3.2136 13 u
2.13231 3.21975 13 u
2.13442 3.22589 13 u
2.13654 3.23202 13 u
2.13867 3.23814 13 u
2.14081 3.24424 13 u
2.14296 3.25034 13 u
2.14512 3.25643 13 u
2.14728 3.26256 13 u
2.14944 3.2688 13 u
2.15161 3.27514 13 u
2.15377 3.2816 13 u
2.15594 3.28816 13 u
2.15811 3.29483 13 u
2.16027 3.3016 13 u
2.16244 3.30849 13 u
2.16462 3.31548 13 u
2.16679 3.32257 13 u
2.16896 3.32978 13 u
2.17114 3.33709 13 u
2.17332 3.34451 13 u
2.17549 3.35203 13 u
2.17767 3.35967 13 u
2.17985 3.36741 13 u
2.18204 3.37525 13 u
2.18422 3.38321 13 u
2.1864 3.39127 13 u
2.18859 3.39944 13 u

2.22437 3.08681 13 u
2.22464 3.09324 13 u
2.22506 3.09957 13 u
2.22563 3.1058 13 u
2.22634 3.11192 13 u
2.22721 3.11795 13 u
2.22823 3.12388 13 u
2.2294 3.12971 13 u
2.23073 3.13544 13 u
2.2322 3.14106 13 u
2.23382 3.14659 13 u
2.23559 3.15202 13 u
2.23751 3.15734 13 u
2.23958 3.16257 13 u
2.24181 3.1677 13 u
2.24418 3.17272 13 u
2.2467 3.17765 13 u
2.24938 3.18247 13 u
2.2522 3.1872 13 u
2.25518 3.19182 13 u
2.2583 3.19635 13 u
2.26157 3.20087 13 u
2.265 3.2055 13 u
2.26857 3.21022 13 u
2.2723 3.21505 13 u
2.27617 3.21997 13 u
2.28019 3.225 13 u
2.28437 3.23012 13 u
2.28869 3.23535 13 u
2.29316 3.24067 13 u
2.29778 3.2461 13 u
2.30255 3.25162 13 u
2.30747 3.25725 13 u
2.31255 3.26297 13 u
2.31777 3.2688 13 u
2.32314 3.27472 13 u
2.32866 3.28074 13 u
2.33432 3.28687 13 u
2.34014 3.29309 13 u
2.34611 3.29942 13 u
2.35223 3.30584 13 u

1.96131 3.17339 13 v
1.96878 3.17155 13 v
1.97622 3.16968 13 v
1.98362 3.1678 13 v
1.99098 3.1659 13 v
1.9983 3.16397 13 v
2.00559 3.16202 13 v
2.01284 3.16006 13 v
2.02005 3.15807 13 v
2.02722 3.15606 13 v
2.03436 3.15403 13 v
2.04146 3.15198 13 v
2.04852 3.14991 13 v
2.05554 3.14782 13 v
2.06253 3.14571 13 v
2.06948 3.14357 13 v
2.07639 3.14142 13 v
2.08326 3.13924 13 v
2.0901 3.13705 13 v
2.0969 3.13483 13 v
2.10366 3.13259 13 v
2.11037 3.13035 13 v
2.117 3.12809 13 v
2.12357 3.12583 13 v
2.13007 3.12357 13 v
2.13649 3.12131 13 v
2.14284 3.11903 13 v
2.14913 3.11676 13 v
2.15534 3.11448 13 v
2.16148 3.1122 13 v
2.16755 3.10991 13 v
2.17355 3.10762 13 v
2.17948 3.10532 13 v
2.18534 3.10302 13 v
2.19113 3.10072 13 v
2.19685 3.09841 13 v
2.20249 3.0961 13 v
2.20807 3.09378 13 v
2.21357 3.09146 13 v
2.21901 3.08914 13 v
2.22437 3.08681 13 v

2.0231 3.3132 13 v
2.02936 3.31057 13 v
2.0356 3.30791 13 v
2.04183 3.30524 13 v
2.04804 3.30254 13 v
2.05423 3.29982 13 v
2.0604 3.29708 13 v
2.06656 3.29432 13 v
2.0727 3.29154 13 v
2.07883 3.28873 13 v
2.08494 3.2859 13 v
2.09103 3.28305 13 v
2.09711 3.28018 13 v
2.10317 3.27729 13 v
2.10921 3.27437 13 v
2.11524 3.27144 13 v
2.12125 3.26848 13 v
2.12724 3.2655 13 v
2.13321 3.26249 13 v
2.13917 3.25947 13 v
2.14512 3.25643 13 v
2.15104 3.25337 13 v
2.15693 3.25032 13 v
2.1628 3.24728 13 v
2.16864 3.24424 13 v
2.17445 3.24121 13 v
2.18023 3.23818 13 v
2.18599 3.23516 13 v
2.19171 3.23214 13 v
2.19741 3.22913 13 v
2.20309 3.22612 13 v
2.20873 3.22312 13 v
2.21435 3.22013 13 v
2.21994 3.21714 13 v
2.2255 3.21415 13 v
2.23104 3.21117 13 v
2.23655 3.2082 13 v
2.24203 3.20523 13 v
2.24748 3.20226 13 v
2.2529 3.1993 13 v
2.2583 3.19635 13 v

2.02495 3.49303 13 v
2.03313 3.48835 13 v
2.04131 3.48367 13 v
2.0495 3.47899 13 v
2.05768 3.47431 13 v
2.06586 3.46963 13 v
2.07404 3.46496 13 v
2.08222 3.46028 13 v
2.09041 3.4556 13 v
2.09859 3.45092 13 v
2.10677 3.44624 13 v
2.11495 3.44156 13 v
2.12313 3.43688 13 v
2.13132 3.4322 13 v
2.1395 3.42752 13 v
2.14768 3.42284 13 v
2.15586 3.41816 13 v
2.16404 3.41348 13 v
2.17223 3.4088 13 v
2.18041 3.40412 13 v
2.18859 3.39944 13 v
2.19677 3.39476 13 v
2.20495 3.39008 13 v
2.21314 3.3854 13 v
2.22132 3.38072 13 v
2.2295 3.37604 13 v
2.23768 3.37136 13 v
2.24586 3.36668 13 v
2.25405 3.362 13 v
2.26223 3.35732 13 v
2.27041 3.35264 13 v
2.27859 3.34796 13 v
2.28677 3.34328 13 v
2.29496 3.3386 13 v
2.30314 3.33392 13 v
2.31132 3.32924 13 v
2.3195 3.32456 13 v
2.32768 3.31988 13 v
2.33587 3.3152 13 v
2.34405 3.31052 13 v
2.35223 3.30584 13 v

2.22437 3.08681 14 u
2.22464 3.09324 14 u
2.22506 3.09957 14 u
2.22563 3.1058 14 u
2.22634 3.11192 14 u
2.22721 3.11795 14 u
2.22823 3.12388 14 u
2.2294 3.12971 14 u
2.23073 3.13544 14 u
2.2322 3.14106 14 u
2.23382 3.14659 14 u
2.23559 3.15202 14 u
2.23751 3.15734 14 u
2.23958 3.16257 14 u
2.24181 3.1677 14 u
2.24418 3.17272 14 u
2.2467 3.17765 14 u
2.24938 3.18247 14 u
2.2522 3.1872 14 u
2.25518 3.19182 14 u
2.2583 3.19635 14 u
2.26157 3.20087 14 u
2.265 3.2055 14 u
2.26857 3.21022 14 u
2.2723 3.21505 14 u
2.27617 3.21997 14 u
2.28019 3.225 14 u
2.28437 3.23012 14 u
2.28869 3.23535 14 u
2.29316 3.24067 14 u
2.29778 3.2461 14 u
2.30255 3.25162 14 u
2.30747 3.25725 14 u
2.31255 3.26297 14 u
2.31777 3.2688 14 u
2.32314 3.27472 14 u
2.32866 3.28074 14 u
2.33432 3.28687 14 u
2.34014 3.29309 14 u
2.34611 3.29942 14 u
2.35223 3.30584 14 u

2.35174 3.03062 14 u
2.35396 3.03457 14 u
2.35621 3.03849 14 u
2.35846 3.04241 14 u
2.36074 3.04631 14 u
2.36302 3.05019 14 u
2.36533 3.05406 14 u
2.36764 3.05792 14 u
2.36998 3.06176 14 u
2.37232 3.06559 14 u
2.37469 3.0694 14 u
2.37706 3.07319 14 u
2.37945 3.07698 14 u
2.38186 3.08074 14 u
2.38428 3.0845 14 u
2.38672 3.08823 14 u
2.38917 3.09196 14 u
2.39164 3.09566 14 u
2.39412 3.09936 14 u
2.39662 3.10304 14 u
2.39913 3.1067 14 u
2.40167 3.11037 14 u
2.40425 3.11407 14 u
2.40687 3.1178 14 u
2.40954 3.12155 14 u
2.41224 3.12534 14 u
2.41499 3.12915 14 u
2.41778 3.13299 14 u
2.4206 3.13686 14 u
2.42347 3.14075 14 u
2.42638 3.14468 14 u
2.42934 3.14863 14 u
2.43233 3.15262 14 u
2.43536 3.15663 14 u
2.43844 3.16066 14 u
2.44155 3.16473 14 u
2.44471 3.16883 14 u
2.44791 3.17295 14 u
2.45115 3.1771 14 u
2.45443 3.18128 14 u
2.45776 3.18549 14 u

2.52409 2.89367 14 u
2.52948 2.90095 14 u
2.53473 2.9083 14 u
2.53982 2.91574 14 u
2.54477 2.92324 14 u
2.54957 2.93082 14 u
2.55421 2.93848 14 u
2.55871 2.94621 14 u
2.56306 2.95402 14 u
2.56725 2.9619 14 u
2.5713 2.96986 14 u
2.5752 2.97789 14 u
2.57895 2.986 14 u
2.58255 2.99418 14 u
2.586 3.00244 14 u
2.5893 3.01077 14 u
2.59245 3.01917 14 u
2.59545 3.02766 14 u
2.5983 3.03621 14 u
2.601 3.04484 14 u
2.60355 3.05355 14 u
2.60595 3.06228 14 u
2.6082 3.07099 14 u
2.6103 3.07967 14 u
2.61225 3.08833 14 u
2.61405 3.09696 14 u
2.6157 3.10557 14 u
2.6172 3.11415 14 u
2.61855 3.12271 14 u
2.61974 3.13124 14 u
2.62079 3.13974 14 u
2.62169 3.14823 14 u
2.62244 3.15668 14 u
2.62304 3.16511 14 u
2.62348 3.17352 14 u
2.62378 3.1819 14 u
2.62393 3.19026 14 u
2.62392 3.19859 14 u
2.62377 3.20689 14 u
2.62346 3.21517 14 u
2.62301 3.22343 14 u

2.22437 3.08681 14 v
2.22975 3.08446 14 v
2.23523 3.08205 14 v
2.24082 3.0796 14 v
2.24652 3.0771 14 v
2.25231 3.07456 14 v
2.25821 3.07196 14 v
2.26422 3.06932 14 v
2.27033 3.06663 14 v
2.27654 3.06389 14 v
2.28285 3.06111 14 v
2.28928 3.05827 14 v
2.2958 3.05539 14 v
2.30243 3.05246 14 v
2.30916 3.04949 14 v
2.316 3.04646 14 v
2.32294 3.04339 14 v
2.32998 3.04027 14 v
2.33713 3.0371 14 v
2.34438 3.03389 14 v
2.35174 3.03062 14 v
2.35921 3.02716 14 v
2.3668 3.02333 14 v
2.37451 3.01916 14 v
2.38234 3.01462 14 v
2.39029 3.00973 14 v
2.39836 3.00449 14 v
2.40656 2.99889 14 v
2.41487 2.99293 14 v
2.42331 2.98662 14 v
2.43186 2.97995 14 v
2.44054 2.97292 14 v
2.44934 2.96554 14 v
2.45826 2.9578 14 v
2.4673 2.94971 14 v
2.47646 2.94126 14 v
2.48575 2.93245 14 v
2.49515 2.92329 14 v
2.50467 2.91377 14 v
2.51432 2.9039 14 v
2.52409 2.89367 14 v

2.2583 3.19635 14 v
2.2636 3.19013 14 v
2.26908 3.1841 14 v
2.27475 3.17824 14 v
2.2806 3.17257 14 v
2.28664 3.16709 14 v
2.29285 3.16178 14 v
2.29925 3.15666 14 v
2.30584 3.15172 14 v
2.3126 3.14696 14 v
2.31955 3.14239 14 v
2.32669 3.138 14 v
2.334 3.13379 14 v
2.3415 3.12976 14 v
2.34918 3.12592 14 v
2.35705 3.12226 14 v
2.3651 3.11878 14 v
2.37333 3.11549 14 v
2.38175 3.11238 14 v
2.39035 3.10945 14 v
2.39913 3.1067 14 v
2.40807 3.10404 14 v
2.41715 3.10139 14 v
2.42636 3.09873 14 v
2.4357 3.09608 14 v
2.44518 3.09342 14 v
2.4548 3.09076 14 v
2.46455 3.08811 14 v
2.47443 3.08545 14 v
2.48445 3.08279 14 v
2.49461 3.08013 14 v
2.50489 3.07748 14 v
2.51532 3.07482 14 v
2.52587 3.07216 14 v
2.53657 3.0695 14 v
2.54739 3.06685 14 v
2.55835 3.06419 14 v
2.56945 3.06153 14 v
2.58068 3.05887 14 v
2.59205 3.05621 14 v
2.60355 3.05355 14 v

2.35223 3.30584 14 v
2.35563 3.29592 14 v
2.35922 3.28641 14 v
2.36301 3.27732 14 v
2.367 3.26863 14 v
2.37119 3.26035 14 v
2.37557 3.25249 14 v
2.38016 3.24503 14 v
2.38494 3.23799 14 v
2.38992 3.23136 14 v
2.3951 3.22513 14 v
2.40047 3.21932 14 v
2.40604 3.21392 14 v
2.41182 3.20893 14 v
2.41778 3.20435 14 v
2.42395 3.20018 14 v
2.43032 3.19642 14 v
2.43688 3.19307 14 v
2.44364 3.19013 14 v
2.4506 3.18761 14 v
2.45776 3.18549 14 v
2.46506 3.18377 14 v
2.47247 3.18243 14 v
2.47997 3.18147 14 v
2.48758 3.18089 14 v
2.49529 3.18069 14 v
2.5031 3.18088 14 v
2.51101 3.18144 14 v
2.51902 3.18239 14 v
2.52713 3.18371 14 v
2.53535 3.18542 14 v
2.54366 3.18751 14 v
2.55207 3.18998 14 v
2.56059 3.19282 14 v
2.5692 3.19605 14 v
2.57792 3.19967 14 v
2.58674 3.20366 14 v
2.59565 3.20803 14 v
2.60467 3.21278 14 v
2.61379 3.21792 14 v
2.62301 3.22343 14 v

2.52409 2.89367 15 u
2.52948 2.90095 15 u
2.53473 2.9083 15 u
2.53982 2.91574 15 u
2.54477 2.92324 15 u
2.54957 2.93082 15 u
2.55421 2.93848 15 u
2.55871 2.94621 15 u
2.56306 2.95402 15 u
2.56725 2.9619 15 u
2.5713 2.96986 15 u
2.5752 2.97789 15 u
2.57895 2.986 15 u
2.58255 2.99418 15 u
2.586 3.00244 15 u
2.5893 3.01077 15 u
2.59245 3.01917 15 u
2.59545 3.02766 15 u
2.5983 3.03621 15 u
2.601 3.04484 15 u
2.60355 3.05355 15 u
2.60595 3.06228 15 u
2.6082 3.07099 15 u
2.6103 3.07967 15 u
2.61225 3.08833 15 u
2.61405 3.09696 15 u
2.6157 3.10557 15 u
2.6172 3.11415 15 u
2.61855 3.12271 15 u
2.61974 3.13124 15 u
2.62079 3.13974 15 u
2.62169 3.14823 15 u
2.62244 3.15668 15 u
2.62304 3.16511 15 u
2.62348 3.17352 15 u
2.62378 3.1819 15 u
2.62393 3.19026 15 u
2.62392 3.19859 15 u
2.62377 3.20689 15 u
2.62346 3.21517 15 u
2.62301 3.22343 15 u

2.79201 2.82709 15 u
2.79423 2.83521 15 u
2.7964 2.84333 15 u
2.7985 2.85147 15 u
2.80055 2.85961 15 u
2.80253 2.86776 15 u
2.80446 2.87592 15 u
2.80633 2.88409 15 u
2.80814 2.89227 15 u
2.80989 2.90045 15 u
2.81158 2.90865 15 u
2.81321 2.91685 15 u
2.81478 2.92507 15 u
2.81629 2.93329 15 u
2.81774 2.94152 15 u
2.81913 2.94976 15 u
2.82047 2.95801 15 u
2.82174 2.96627 15 u
2.82296 2.97453 15 u
2.82411 2.98281 15 u
2.82521 2.99109 15 u
2.82626 2.9994 15 u
2.82726 3.00775 15 u
2.82823 3.01614 15 u
2.82915 3.02457 15 u
2.83003 3.03305 15 u
2.83087 3.04156 15 u
2.83167 3.05012 15 u
2.83242 3.05872 15 u
2.83314 3.06736 15 u
2.83381 3.07604 15 u
2.83444 3.08476 15 u
2.83504 3.09352 15 u
2.83558 3.10233 15 u
2.83609 3.11117 15 u
2.83656 3.12006 15 u
2.83698 3.12899 15 u
2.83737 3.13795 15 u
2.83771 3.14696 15 u
2.83801 3.15602 15 u
2.83827 3.16511 15 u

3.06007 2.76036 15 u
3.05911 2.76934 15 u
3.05817 2.77826 15 u
3.05727 2.78712 15 u
3.05639 2.79592 15 u
3.05555 2.80466 15 u
3.05475 2.81334 15 u
3.05397 2.82196 15 u
3.05323 2.83053 15 u
3.05252 2.83903 15 u
3.05185 2.84748 15 u
3.0512 2.85586 15 u
3.05059 2.86419 15 u
3.05001 2.87245 15 u
3.04946 2.88066 15 u
3.04895 2.88881 15 u
3.04847 2.8969 15 u
3.04802 2.90492 15 u
3.0476 2.91289 15 u
3.04721 2.9208 15 u
3.04686 2.92865 15 u
3.04656 2.93653 15 u
3.04632 2.94451 15 u
3.04615 2.9526 15 u
3.04605 2.96081 15 u
3.04602 2.96912 15 u
3.04605 2.97753 15 u
3.04615 2.98606 15 u
3.04631 2.9947 15 u
3.04654 3.00344 15 u
3.04684 3.01229 15 u
3.04721 3.02125 15 u
3.04764 3.03032 15 u
3.04814 3.0395 15 u
3.04871 3.04879 15 u
3.04934 3.05818 15 u
3.05004 3.06769 15 u
3.05081 3.0773 15 u
3.05164 3.08702 15 u
3.05254 3.09685 15 u
3.05351 3.10679 15 u

2.52409 2.89367 15 v
2.53748 2.89034 15 v
2.55087 2.88702 15 v
2.56426 2.8837 15 v
2.57765 2.88037 15 v
2.59105 2.87705 15 v
2.60444 2.87372 15 v
2.61784 2.8704 15 v
2.63123 2.86707 15 v
2.64463 2.86374 15 v
2.65802 2.86042 15 v
2.67142 2.85709 15 v
2.68482 2.85376 15 v
2.69821 2.85043 15 v
2.71161 2.84709 15 v
2.72501 2.84376 15 v
2.73841 2.84043 15 v
2.75181 2.8371 15 v
2.76521 2.83376 15 v
2.77861 2.83043 15 v
2.79201 2.82709 15 v
2.80541 2.82376 15 v
2.81881 2.82042 15 v
2.83222 2.81708 15 v
2.84562 2.81375 15 v
2.85902 2.81041 15 v
2.87242 2.80708 15 v
2.88583 2.80374 15 v
2.89923 2.8004 15 v
2.91263 2.79707 15 v
2.92603 2.79373 15 v
2.93944 2.79039 15 v
2.95284 2.78705 15 v
2.96624 2.78372 15 v
2.97965 2.78038 15 v
2.99305 2.77704 15 v
3.00646 2.77371 15 v
3.01986 2.77037 15 v
3.03326 2.76703 15 v
3.04667 2.76369 15 v
3.06007 2.76036 15 v

2.60355 3.05355 15 v
2.61466 3.05042 15 v
2.62577 3.04729 15 v
2.63687 3.04416 15 v
2.64797 3.04104 15 v
2.65907 3.03791 15 v
2.67017 3.03478 15 v
2.68126 3.03166 15 v
2.69235 3.02853 15 v
2.70344 3.02541 15 v
2.71452 3.02229 15 v
2.7256 3.01916 15 v
2.73668 3.01604 15 v
2.74776 3.01292 15 v
2.75883 3.0098 15 v
2.7699 3.00668 15 v
2.78097 3.00356 15 v
2.79203 3.00044 15 v
2.8031 2.99732 15 v
2.81416 2.99421 15 v
2.82521 2.99109 15 v
2.83627 2.98797 15 v
2.84733 2.98486 15 v
2.85839 2.98174 15 v
2.86945 2.97862 15 v
2.88052 2.9755 15 v
2.89159 2.97238 15 v
2.90266 2.96926 15 v
2.91374 2.96614 15 v
2.92482 2.96302 15 v
2.9359 2.9599 15 v
2.94698 2.95678 15 v
2.95807 2.95366 15 v
2.96916 2.95053 15 v
2.98025 2.94741 15 v
2.99134 2.94429 15 v
3.00244 2.94116 15 v
3.01354 2.93803 15 v
3.02465 2.93491 15 v
3.03575 2.93178 15 v
3.04686 2.92865 15 v

2.62301 3.22343 15 v
2.63377 3.22051 15 v
2.64454 3.2176 15 v
2.6553 3.21468 15 v
2.66606 3.21177 15 v
2.67683 3.20885 15 v
2.68759 3.20593 15 v
2.69835 3.20302 15 v
2.70911 3.2001 15 v
2.71988 3.19718 15 v
2.73064 3.19427 15 v
2.7414 3.19135 15 v
2.75217 3.18844 15 v
2.76293 3.18552 15 v
2.77369 3.1826 15 v
2.78445 3.17969 15 v
2.79522 3.17677 15 v
2.80598 3.17386 15 v
2.81674 3.17094 15 v
2.82751 3.16803 15 v
2.83827 3.16511 15 v
2.84903 3.16219 15 v
2.85979 3.15928 15 v
2.87056 3.15636 15 v
2.88132 3.15345 15 v
2.89208 3.15053 15 v
2.90284 3.14761 15 v
2.91361 3.1447 15 v
2.92437 3.14178 15 v
2.93513 3.13887 15 v
2.94589 3.13595 15 v
2.95665 3.13304 15 v
2.96742 3.13012 15 v
2.97818 3.1272 15 v
2.98894 3.12429 15 v
2.9997 3.12137 15 v
3.01046 3.11846 15 v
3.02123 3.11554 15 v
3.03199 3.11263 15 v
3.04275 3.10971 15 v
3.05351 3.10679 15 v

0.599724 3.1018 16 u
0.594006 3.10096 16 u
0.588283 3.10011 16 u
0.582556 3.09927 16 u
0.576823 3.09843 16 u
0.571086 3.09758 16 u
0.565344 3.09673 16 u
0.559597 3.09588 16 u
0.553846 3.09503 16 u
0.548089 3.09418 16 u
0.542328 3.09333 16 u
0.536562 3.09248 16 u
0.530791 3.09162 16 u
0.525015 3.09077 16 u
0.519234 3.08991 16 u
0.513449 3.08905 16 u
0.507659 3.08819 16 u
0.501864 3.08733 16 u
0.496064 3.08647 16 u
0.490259 3.08561 16 u
0.48445 3.08474 16 u
0.478635 3.08388 16 u
0.472816 3.08301 16 u
0.466992 3.08214 16 u
0.461163 3.08127 16 u
0.455329 3.0804 16 u
0.449491 3.07953 16 u
0.443648 3.07866 16 u
0.4378 3.07778 16 u
0.431947 3.07691 16 u
0.426089 3.07603 16 u
0.420226 3.07515 16 u
0.414359 3.07428 16 u
0.408487 3.0734 16 u
0.402609 3.07251 16 u
0.396728 3.07163 16 u
0.390841 3.07075 16 u
0.384949 3.06986 16 u
0.379053 3.06898 16 u
0.373152 3.06809 16 u
0.367246 3.0672 16 u

0.538818 2.7631 16 u
0.53402 2.76211 16 u
0.529235 2.76113 16 u
0.524462 2.76016 16 u
0.519701 2.75919 16 u
0.514952 2.75823 16 u
0.510216 2.75727 16 u
0.505493 2.75632 16 u
0.500781 2.75537 16 u
0.496082 2.75443 16 u
0.491396 2.75349 16 u
0.486721 2.75256 16 u
0.482059 2.75163 16 u
0.47741 2.75071 16 u
0.472773 2.74979 16 u
0.468148 2.74888 16 u
0.463535 2.74798 16 u
0.458935 2.74708 16 u
0.454347 2.74618 16 u
0.449772 2.74529 16 u
0.445209 2.74441 16 u
0.440658 2.74353 16 u
0.43612 2.74266 16 u
0.431594 2.74179 16 u
0.42708 2.74093 16 u
0.422579 2.74007 16 u
0.41809 2.73922 16 u
0.413614 2.73837 16 u
0.40915 2.73753 16 u
0.404698 2.7367 16 u
0.400258 2.73587 16 u
0.395831 2.73504 16 u
0.391417 2.73422 16 u
0.387014 2.73341 16 u
0.382624 2.7326 16 u
0.378247 2.73179 16 u
0.373881 2.73099 16 u
0.369528 2.7302 16 u
0.365188 2.72941 16 u
0.36086 2.72863 16 u
0.356544 2.72785 16 u

0.653083 2.42257 16 u
0.648006 2.42122 16 u
0.64291 2.41986 16 u
0.637794 2.4185 16 u
0.63266 2.41712 16 u
0.627507 2.41574 16 u
0.622335 2.41434 16 u
0.617144 2.41294 16 u
0.611933 2.41154 16 u
0.606704 2.41012 16 u
0.601456 2.40869 16 u
0.596189 2.40726 16 u
0.590902 2.40582 16 u
0.585597 2.40437 16 u
0.580273 2.40291 16 u
0.57493 2.40144 16 u
0.569567 2.39997 16 u
0.564186 2.39849 16 u
0.558786 2.39699 16 u
0.553366 2.39549 16 u
0.547928 2.39399 16 u
0.54247 2.39247 16 u
0.536994 2.39095 16 u
0.531499 2.38941 16 u
0.525984 2.38787 16 u
0.520451 2.38632 16 u
0.514898 2.38476 16 u
0.509327 2.3832 16 u
0.503736 2.38162 16 u
0.498127 2.38004 16 u
0.492498 2.37845 16 u
0.486851 2.37685 16 u
0.481184 2.37524 16 u
0.475499 2.37363 16 u
0.469794 2.37201 16 u
0.464071 2.37037 16 u
0.458328 2.36873 16 u
0.452567 2.36708 16 u
0.446786 2.36543 16 u
0.440986 2.36376 16 u
0.435168 2.36209 16 u

0.874044 2.10886 16 u
0.867713 2.10698 16 u
0.861339 2.10508 16 u
0.854922 2.10317 16 u
0.848462 2.10123 16 u
0.841959 2.09927 16 u
0.835414 2.0973 16 u
0.828825 2.0953 16 u
0.822193 2.09329 16 u
0.815518 2.09126 16 u
0.8088 2.08921 16 u
0.802039 2.08714 16 u
0.795235 2.08505 16 u
0.788388 2.08294 16 u
0.781498 2.08082 16 u
0.774565 2.07867 16 u
0.76759 2.07651 16 u
0.760571 2.07433 16 u
0.753509 2.07213 16 u
0.746404 2.06991 16 u
0.739256 2.06767 16 u
0.732065 2.06541 16 u
0.724831 2.06314 16 u
0.717554 2.06084 16 u
0.710235 2.05853 16 u
0.702872 2.05619 16 u
0.695466 2.05384 16 u
0.688017 2.05147 16 u
0.680525 2.04908 16 u
0.67299 2.04668 16 u
0.665413 2.04425 16 u
0.657792 2.0418 16 u
0.650128 2.03934 16 u
0.642421 2.03686 16 u
0.634671 2.03435 16 u
0.626878 2.03183 16 u
0.619043 2.02929 16 u
0.611164 2.02673 16 u
0.603242 2.02416 16 u
0.595277 2.02156 16 u
0.587269 2.01895 16 u

1.13323 1.85061 16 u
1.12489 1.84809 16 u
1.11656 1.84557 16 u
1.10821 1.84305 16 u
1.09987 1.84052 16 u
1.09152 1.83799 16 u
1.08317 1.83546 16 u
1.07481 1.83292 16 u
1.06645 1.83038 16 u
1.05809 1.82784 16 u
1.04972 1.82529 16 u
1.04135 1.82274 16 u
1.03297 1.82019 16 u
1.02459 1.81763 16 u
1.01621 1.81508 16 u
1.00783 1.81251 16 u
0.999437 1.80995 16 u
0.991044 1.80738 16 u
0.982647 1.80481 16 u
0.974247 1.80224 16 u
0.965843 1.79966 16 u
0.957436 1.79708 16 u
0.949025 1.7945 16 u
0.94061 1.79191 16 u
0.932191 1.78932 16 u
0.923769 1.78673 16 u
0.915343 1.78413 16 u
0.906914 1.78153 16 u
0.898481 1.77893 16 u
0.890044 1.77633 16 u
0.881604 1.77372 16 u
0.87316 1.77111 16 u
0.864713 1.76849 16 u
0.856261 1.76588 16 u
0.847807 1.76325 16 u
0.839348 1.76063 16 u
0.830886 1.758 16 u
0.82242 1.75537 16 u
0.813951 1.75274 16 u
0.805478 1.75011 16 u
0.797001 1.74747 16 u

0.599724 3.1018 16 v
0.592518 3.08491 16 v
0.58575 3.06801 16 v
0.579421 3.05111 16 v
0.573529 3.0342 16 v
0.568075 3.01729 16 v
0.563059 3.00038 16 v
0.558481 2.98346 16 v
0.554341 2.96654 16 v
0.550639 2.94961 16 v
0.547375 2.93268 16 v
0.544548 2.91574 16 v
0.54216 2.8988 16 v
0.54021 2.88185 16 v
0.538697 2.8649 16 v
0.537623 2.84794 16 v
0.536986 2.83098 16 v
0.536787 2.81402 16 v
0.537026 2.79705 16 v
0.537703 2.78008 16 v
0.538818 2.7631 16 v
0.540371 2.74612 16 v
0.542362 2.72913 16 v
0.544791 2.71214 16 v
0.547658 2.69514 16 v
0.550962 2.67814 16 v
0.554705 2.66113 16 v
0.558885 2.64412 16 v
0.563504 2.62711 16 v
0.56856 2.61009 16 v
0.574054 2.59306 16 v
0.579987 2.57604 16 v
0.586357 2.559 16 v
0.593165 2.54196 16 v
0.600411 2.52492 16 v
0.608095 2.50788 16 v
0.616216 2.49082 16 v
0.624776 2.47377 16 v
0.633774 2.45671 16 v
0.643209 2.43964 16 v
0.653083 2.42257 16 v
0.663223 2.40557 16 v
0.673459 2.38871 16 v
0.68379 2.37198 16 v
0.694217 2.3554 16 v
0.70474 2.33895 16 v
0.715358 2.32264 16 v
0.726071 2.30647 16 v
0.736881 2.29044 16 v
0.747785 2.27454 16 v
0.758786 2.25879 16 v
0.769881 2.24317 16 v
0.781073 2.22769 16 v
0.79236 2.21235 16 v
0.803742 2.19715 16 v
0.81522 2.18209 16 v
0.826794 2.16717 16 v
0.838463 2.15239 16 v
0.850228 2.13774 16 v
0.862088 2.12323 16 v
0.874044 2.10886 16 v
0.886096 2.09464 16 v
0.898243 2.08054 16 v
0.910485 2.06659 16 v
0.922823 2.05278 16 v
0.935257 2.0391 16 v
0.947786 2.02557 16 v
0.960411 2.01217 16 v
0.973131 1.99891 16 v
0.985947 1.98579 16 v
0.998859 1.97281 16 v
1.01187 1.95996 16 v
1.02497 1.94726 16 v
1.03817 1.93469 16 v
1.05146 1.92227 16 v
1.06485 1.90998 16 v
1.07833 1.89783 16 v
1.09191 1.88582 16 v
1.10559 1.87394 16 v
1.11936 1.86221 16 v
1.13323 1.85061 16 v

0.48445 3.08474 16 v
0.479116 3.06797 16 v
0.474137 3.05116 16 v
0.469514 3.03434 16 v
0.465245 3.01748 16 v
0.461331 3.00061 16 v
0.457772 2.9837 16 v
0.454567 2.96678 16 v
0.451718 2.94982 16 v
0.449224 2.93284 16 v
0.447084 2.91584 16 v
0.4453 2.89881 16 v
0.44387 2.88175 16 v
0.442795 2.86468 16 v
0.442075 2.84757 16 v
0.44171 2.83044 16 v
0.4417 2.81328 16 v
0.442045 2.7961 16 v
0.442745 2.7789 16 v
0.443799 2.76167 16 v
0.445209 2.74441 16 v
0.446973 2.72713 16 v
0.449093 2.70982 16 v
0.451567 2.69249 16 v
0.454396 2.67513 16 v
0.45758 2.65775 16 v
0.461119 2.64034 16 v
0.465013 2.62291 16 v
0.469261 2.60545 16 v
0.473865 2.58797 16 v
0.478823 2.57046 16 v
0.484137 2.55293 16 v
0.489805 2.53537 16 v
0.495828 2.51778 16 v
0.502206 2.50017 16 v
0.508939 2.48254 16 v
0.516027 2.46488 16 v
0.52347 2.44719 16 v
0.531268 2.42948 16 v
0.53942 2.41175 16 v
0.547928 2.39399 16 v
0.556657 2.37629 16 v
0.565474 2.35873 16 v
0.574379 2.34132 16 v
0.583373 2.32406 16 v
0.592454 2.30694 16 v
0.601624 2.28997 16 v
0.610882 2.27314 16 v
0.620228 2.25646 16 v
0.629662 2.23993 16 v
0.639185 2.22354 16 v
0.648795 2.2073 16 v
0.658494 2.1912 16 v
0.66828 2.17525 16 v
0.678155 2.15944 16 v
0.688118 2.14378 16 v
0.69817 2.12827 16 v
0.708309 2.1129 16 v
0.718537 2.09768 16 v
0.728852 2.0826 16 v
0.739256 2.06767 16 v
0.749748 2.05288 16 v
0.760328 2.03824 16 v
0.770996 2.02375 16 v
0.781753 2.0094 16 v
0.792597 1.9952 16 v
0.80353 1.98114 16 v
0.814551 1.96723 16 v
0.82566 1.95347 16 v
0.836857 1.93985 16 v
0.848142 1.92638 16 v
0.859516 1.91305 16 v
0.870977 1.89987 16 v
0.882527 1.88683 16 v
0.894165 1.87394 16 v
0.905891 1.8612 16 v
0.917705 1.8486 16 v
0.929607 1.83614 16 v
0.941598 1.82384 16 v
0.953676 1.81168 16 v
0.965843 1.79966 16 v

0.367246 3.0672 16 v
0.364589 3.05086 16 v
0.362156 3.03445 16 v
0.359946 3.01798 16 v
0.357959 3.00144 16 v
0.356196 2.98484 16 v
0.354656 2.96817 16 v
0.353339 2.95143 16 v
0.352246 2.93463 16 v
0.351376 2.91776 16 v
0.350729 2.90083 16 v
0.350306 2.88383 16 v
0.350106 2.86676 16 v
0.350129 2.84963 16 v
0.350375 2.83243 16 v
0.350845 2.81517 16 v
0.351538 2.79784 16 v
0.352455 2.78044 16 v
0.353594 2.76298 16 v
0.354958 2.74545 16 v
0.356544 2.72785 16 v
0.358354 2.71019 16 v
0.360387 2.69247 16 v
0.362643 2.67467 16 v
0.365123 2.65681 16 v
0.367826 2.63889 16 v
0.370752 2.6209 16 v
0.373901 2.60284 16 v
0.377274 2.58472 16 v
0.380871 2.56653 16 v
0.38469 2.54827 16 v
0.388733 2.52995 16 v
0.392999 2.51156 16 v
0.397489 2.49311 16 v
0.402201 2.47459 16 v
0.407138 2.45601 16 v
0.412297 2.43735 16 v
0.41768 2.41864 16 v
0.423286 2.39985 16 v
0.429115 2.381 16 v
0.435168 2.36209 16 v
0.441404 2.34323 16 v
0.447785 2.32455 16 v
0.454309 2.30605 16 v
0.460978 2.28773 16 v
0.46779 2.26958 16 v
0.474747 2.25162 16 v
0.481848 2.23384 16 v
0.489093 2.21623 16 v
0.496482 2.19881 16 v
0.504015 2.18156 16 v
0.511692 2.16449 16 v
0.519513 2.1476 16 v
0.527478 2.13089 16 v
0.535588 2.11436 16 v
0.543841 2.09801 16 v
0.552239 2.08184 16 v
0.56078 2.06585 16 v
0.569466 2.05004 16 v
0.578296 2.0344 16 v
0.587269 2.01895 16 v
0.596387 2.00367 16 v
0.605649 1.98857 16 v
0.615055 1.97366 16 v
0.624605 1.95892 16 v
0.6343 1.94436 16 v
0.644138 1.92998 16 v
0.65412 1.91578 16 v
0.664246 1.90175 16 v
0.674517 1.88791 16 v
0.684931 1.87425 16 v
0.69549 1.86076 16 v
0.706193 1.84746 16 v
0.71704 1.83433 16 v
0.72803 1.82139 16 v
0.739165 1.80862 16 v
0.750444 1.79603 16 v
0.761867 1.78362 16 v
0.773435 1.77139 16 v
0.785146 1.75934 16 v
0.797001 1.74747 16 v

0.839741 2.46787 16 u
0.835466 2.46695 16 u
0.831171 2.46602 16 u
0.826855 2.46507 16 u
0.82252 2.46412 16 u
0.818164 2.46315 16 u
0.813789 2.46217 16 u
0.809393 2.46118 16 u
0.804977 2.46018 16 u
0.800541 2.45918 16 u
0.796086 2.45815 16 u
0.79161 2.45712 16 u
0.787114 2.45608 16 u
0.782598 2.45503 16 u
0.778062 2.45397 16 u
0.773505 2.45289 16 u
0.768929 2.45181 16 u
0.764333 2.45071 16 u
0.759717 2.44961 16 u
0.75508 2.44849 16 u
0.750424 2.44737 16 u
0.745747 2.44623 16 u
0.741051 2.44508 16 u
0.736334 2.44392 16 u
0.731597 2.44275 16 u
0.726841 2.44157 16 u
0.722064 2.44038 16 u
0.717267 2.43918 16 u
0.71245 2.43796 16 u
0.707613 2.43674 16 u
0.702756 2.4355 16 u
0.697879 2.43426 16 u
0.692982 2.433 16 u
0.688065 2.43174 16 u
0.683128 2.43046 16 u
0.67817 2.42917 16 u
0.673193 2.42787 16 u
0.668195 2.42657 16 u
0.663178 2.42525 16 u
0.65814 2.42391 16 u
0.653083 2.42257 16 u

1.23733 2.15604 16 u
1.23202 2.15746 16 u
1.2264 2.15875 16 u
1.22045 2.15988 16 u
1.21416 2.16085 16 u
1.20754 2.16167 16 u
1.20057 2.16232 16 u
1.19326 2.1628 16 u
1.1856 2.16311 16 u
1.17758 2.16323 16 u
1.16921 2.16317 16 u
1.16048 2.16292 16 u
1.1514 2.16248 16 u
1.14195 2.16183 16 u
1.13215 2.16099 16 u
1.12198 2.15993 16 u
1.11146 2.15867 16 u
1.10058 2.15719 16 u
1.08934 2.1555 16 u
1.07775 2.15359 16 u
1.06582 2.15145 16 u
1.05379 2.1492 16 u
1.04194 2.14696 16 u
1.03029 2.14471 16 u
1.01885 2.14247 16 u
1.00762 2.14023 16 u
0.996631 2.138 16 u
0.985886 2.13579 16 u
0.975402 2.13358 16 u
0.965189 2.13139 16 u
0.955262 2.12922 16 u
0.945631 2.12706 16 u
0.936308 2.12493 16 u
0.927305 2.12282 16 u
0.918631 2.12073 16 u
0.910298 2.11867 16 u
0.902314 2.11664 16 u
0.894689 2.11465 16 u
0.88743 2.11268 16 u
0.880546 2.11076 16 u
0.874044 2.10886 16 u

1.44994 1.94451 16 u
1.44528 1.94319 16 u
1.44043 1.94182 16 u
1.43539 1.94039 16 u
1.43016 1.93891 16 u
1.42474 1.93736 16 u
1.41913 1.93575 16 u
1.41331 1.93408 16 u
1.40729 1.93235 16 u
1.40107 1.93056 16 u
1.39464 1.9287 16 u
1.38801 1.92677 16 u
1.38119 1.92479 16 u
1.37416 1.92273 16 u
1.36694 1.92062 16 u
1.35953 1.91844 16 u
1.35193 1.9162 16 u
1.34417 1.91391 16 u
1.33624 1.91156 16 u
1.32817 1.90916 16 u
1.31996 1.9067 16 u
1.31156 1.90419 16 u
1.30293 1.90161 16 u
1.29407 1.89896 16 u
1.285 1.89624 16 u
1.27573 1.89346 16 u
1.2663 1.89064 16 u
1.25672 1.88776 16 u
1.24701 1.88485 16 u
1.23722 1.88191 16 u
1.22736 1.87895 16 u
1.21748 1.87598 16 u
1.2076 1.87302 16 u
1.19776 1.87006 16 u
1.188 1.86712 16 u
1.17836 1.86422 16 u
1.16887 1.86136 16 u
1.15958 1.85856 16 u
1.15052 1.85583 16 u
1.14172 1.85318 16 u
1.13323 1.85061 16 u

0.839741 2.46787 16 v
0.849967 2.45033 16 v
0.861689 2.43265 16 v
0.874855 2.4149 16 v
0.889404 2.39714 16 v
0.905263 2.37945 16 v
0.922353 2.36188 16 v
0.940587 2.34449 16 v
0.959872 2.32736 16 v
0.980112 2.31052 16 v
1.00121 2.29403 16 v
1.02305 2.27794 16 v
1.04555 2.26228 16 v
1.0686 2.2471 16 v
1.09209 2.23242 16 v
1.11594 2.21827 16 v
1.14004 2.20467 16 v
1.16431 2.19164 16 v
1.18867 2.17918 16 v
1.21303 2.16732 16 v
1.23733 2.15604 16 v
1.26072 2.14498 16 v
1.28246 2.13381 16 v
1.30258 2.12257 16 v
1.32112 2.11129 16 v
1.33813 2.1 16 v
1.35368 2.08873 16 v
1.36781 2.07751 16 v
1.38059 2.06637 16 v
1.39207 2.05533 16 v
1.40231 2.04441 16 v
1.41138 2.03362 16 v
1.41934 2.02298 16 v
1.42625 2.01251 16 v
1.43216 2.00221 16 v
1.43715 1.99209 16 v
1.44125 1.98217 16 v
1.44453 1.97245 16 v
1.44704 1.96293 16 v
1.44883 1.95361 16 v
1.44994 1.94451 16 v

0.750424 2.44737 16 v
0.761102 2.43049 16 v
0.77241 2.41376 16 v
0.784335 2.39718 16 v
0.796865 2.38076 16 v
0.809987 2.36453 16 v
0.823685 2.3485 16 v
0.837944 2.33268 16 v
0.852747 2.31708 16 v
0.868077 2.30171 16 v
0.883916 2.2866 16 v
0.900244 2.27175 16 v
0.917042 2.25717 16 v
0.93429 2.24288 16 v
0.951966 2.22887 16 v
0.97005 2.21517 16 v
0.98852 2.20178 16 v
1.00735 2.1887 16 v
1.02653 2.17595 16 v
1.04602 2.16353 16 v
1.06582 2.15145 16 v
1.08538 2.13949 16 v
1.10421 2.12743 16 v
1.1223 2.11528 16 v
1.13965 2.10307 16 v
1.15626 2.09079 16 v
1.17213 2.07847 16 v
1.18726 2.06611 16 v
1.20166 2.05372 16 v
1.21533 2.04132 16 v
1.22828 2.02892 16 v
1.24052 2.01652 16 v
1.25204 2.00413 16 v
1.26287 1.99178 16 v
1.27301 1.97945 16 v
1.28246 1.96717 16 v
1.29125 1.95495 16 v
1.29938 1.94278 16 v
1.30687 1.93068 16 v
1.31372 1.91865 16 v
1.31996 1.9067 16 v

0.653083 2.42257 16 v
0.663223 2.40557 16 v
0.673459 2.38871 16 v
0.68379 2.37198 16 v
0.694217 2.3554 16 v
0.70474 2.33895 16 v
0.715358 2.32264 16 v
0.726071 2.30647 16 v
0.736881 2.29044 16 v
0.747785 2.27454 16 v
0.758786 2.25879 16 v
0.769881 2.24317 16 v
0.781073 2.22769 16 v
0.79236 2.21235 16 v
0.803742 2.19715 16 v
0.81522 2.18209 16 v
0.826794 2.16717 16 v
0.838463 2.15239 16 v
0.850228 2.13774 16 v
0.862088 2.12323 16 v
0.874044 2.10886 16 v
0.886096 2.09464 16 v
0.898243 2.08054 16 v
0.910485 2.06659 16 v
0.922823 2.05278 16 v
0.935257 2.0391 16 v
0.947786 2.02557 16 v
0.960411 2.01217 16 v
0.973131 1.99891 16 v
0.985947 1.98579 16 v
0.998859 1.97281 16 v
1.01187 1.95996 16 v
1.02497 1.94726 16 v
1.03817 1.93469 16 v
1.05146 1.92227 16 v
1.06485 1.90998 16 v
1.07833 1.89783 16 v
1.09191 1.88582 16 v
1.10559 1.87394 16 v
1.11936 1.86221 16 v
1.13323 1.85061 16 v

0.825139 3.13175 16 u
0.819581 3.13109 16 u
0.81402 3.13042 16 u
0.808455 3.12975 16 u
0.802885 3.12908 16 u
0.797312 3.1284 16 u
0.791735 3.12772 16 u
0.786153 3.12703 16 u
0.780568 3.12634 16 u
0.774979 3.12565 16 u
0.769385 3.12495 16 u
0.763788 3.12424 16 u
0.758187 3.12353 16 u
0.752581 3.12282 16 u
0.746972 3.1221 16 u
0.741359 3.12137 16 u
0.735741 3.12065 16 u
0.73012 3.11991 16 u
0.724495 3.11918 16 u
0.718865 3.11843 16 u
0.713232 3.11769 16 u
0.707595 3.11694 16 u
0.701953 3.11618 16 u
0.696308 3.11542 16 u
0.690658 3.11466 16 u
0.685005 3.11389 16 u
0.679348 3.11311 16 u
0.673686 3.11233 16 u
0.668021 3.11155 16 u
0.662351 3.11076 16 u
0.656678 3.10997 16 u
0.651001 3.10917 16 u
0.645319 3.10837 16 u
0.639634 3.10757 16 u
0.633944 3.10676 16 u
0.628251 3.10594 16 u
0.622553 3.10512 16 u
0.616852 3.1043 16 u
0.611147 3.10347 16 u
0.605437 3.10263 16 u
0.599724 3.1018 16 u

0.741467 2.80837 16 u
0.736145 2.8071 16 u
0.730837 2.80583 16 u
0.725541 2.80457 16 u
0.720259 2.80332 16 u
0.714989 2.80208 16 u
0.709733 2.80084 16 u
0.70449 2.79961 16 u
0.69926 2.79839 16 u
0.694043 2.79718 16 u
0.688839 2.79597 16 u
0.683648 2.79477 16 u
0.678471 2.79358 16 u
0.673306 2.79239 16 u
0.668155 2.79121 16 u
0.663016 2.79004 16 u
0.657891 2.78888 16 u
0.652779 2.78772 16 u
0.64768 2.78657 16 u
0.642594 2.78543 16 u
0.637521 2.78429 16 u
0.632462 2.78316 16 u
0.627415 2.78204 16 u
0.622382 2.78093 16 u
0.617361 2.77982 16 u
0.612354 2.77872 16 u
0.60736 2.77763 16 u
0.602379 2.77655 16 u
0.597411 2.77547 16 u
0.592456 2.7744 16 u
0.587515 2.77333 16 u
0.582586 2.77228 16 u
0.57767 2.77123 16 u
0.572768 2.77019 16 u
0.567879 2.76915 16 u
0.563003 2.76813 16 u
0.55814 2.76711 16 u
0.55329 2.76609 16 u
0.548453 2.76509 16 u
0.543629 2.76409 16 u
0.538818 2.7631 16 u

0.839741 2.46787 16 u
0.835466 2.46695 16 u
0.831171 2.46602 16 u
0.826855 2.46507 16 u
0.82252 2.46412 16 u
0.818164 2.46315 16 u
0.813789 2.46217 16 u
0.809393 2.46118 16 u
0.804977 2.46018 16 u
0.800541 2.45918 16 u
0.796086 2.45815 16 u
0.79161 2.45712 16 u
0.787114 2.45608 16 u
0.782598 2.45503 16 u
0.778062 2.45397 16 u
0.773505 2.45289 16 u
0.768929 2.45181 16 u
0.764333 2.45071 16 u
0.759717 2.44961 16 u
0.75508 2.44849 16 u
0.750424 2.44737 16 u
0.745747 2.44623 16 u
0.741051 2.44508 16 u
0.736334 2.44392 16 u
0.731597 2.44275 16 u
0.726841 2.44157 16 u
0.722064 2.44038 16 u
0.717267 2.43918 16 u
0.71245 2.43796 16 u
0.707613 2.43674 16 u
0.702756 2.4355 16 u
0.697879 2.43426 16 u
0.692982 2.433 16 u
0.688065 2.43174 16 u
0.683128 2.43046 16 u
0.67817 2.42917 16 u
0.673193 2.42787 16 u
0.668195 2.42657 16 u
0.663178 2.42525 16 u
0.65814 2.42391 16 u
0.653083 2.42257 16 u

0.825139 3.13175 16 v
0.816634 3.11598 16 v
0.808584 3.10018 16 v
0.800989 3.08433 16 v
0.793849 3.06844 16 v
0.787163 3.05251 16 v
0.780933 3.03653 16 v
0.775157 3.02051 16 v
0.769836 3.00445 16 v
0.764971 2.98834 16 v
0.76056 2.9722 16 v
0.756603 2.95601 16 v
0.753102 2.93977 16 v
0.750056 2.9235 16 v
0.747464 2.90718 16 v
0.745328 2.89082 16 v
0.743646 2.87441 16 v
0.742419 2.85797 16 v
0.741647 2.84148 16 v
0.741329 2.82494 16 v
0.741467 2.80837 16 v
0.74206 2.79175 16 v
0.743107 2.77509 16 v
0.744609 2.75838 16 v
0.746566 2.74164 16 v
0.748978 2.72485 16 v
0.751845 2.70802 16 v
0.755167 2.69114 16 v
0.758943 2.67422 16 v
0.763175 2.65726 16 v
0.767861 2.64026 16 v
0.773002 2.62321 16 v
0.778598 2.60613 16 v
0.784649 2.58899 16 v
0.791155 2.57182 16 v
0.798115 2.5546 16 v
0.805531 2.53734 16 v
0.813401 2.52004 16 v
0.821726 2.50269 16 v
0.830506 2.48531 16 v
0.839741 2.46787 16 v

0.713232 3.11769 16 v
0.704967 3.1011 16 v
0.697173 3.08451 16 v
0.689851 3.0679 16 v
0.683001 3.05129 16 v
0.676622 3.03467 16 v
0.670714 3.01804 16 v
0.665279 3.0014 16 v
0.660314 2.98475 16 v
0.655821 2.9681 16 v
0.6518 2.95143 16 v
0.64825 2.93476 16 v
0.645172 2.91807 16 v
0.642565 2.90138 16 v
0.64043 2.88468 16 v
0.638767 2.86797 16 v
0.637574 2.85125 16 v
0.636854 2.83453 16 v
0.636605 2.81779 16 v
0.636827 2.80105 16 v
0.637521 2.78429 16 v
0.638687 2.76753 16 v
0.640324 2.75076 16 v
0.642433 2.73398 16 v
0.645013 2.71719 16 v
0.648065 2.70039 16 v
0.651588 2.68358 16 v
0.655583 2.66677 16 v
0.660049 2.64994 16 v
0.664987 2.63311 16 v
0.670396 2.61627 16 v
0.676277 2.59942 16 v
0.682629 2.58256 16 v
0.689453 2.56569 16 v
0.696749 2.54881 16 v
0.704516 2.53193 16 v
0.712754 2.51503 16 v
0.721464 2.49813 16 v
0.730646 2.48122 16 v
0.740299 2.4643 16 v
0.750424 2.44737 16 v

0.599724 3.1018 16 v
0.592518 3.08491 16 v
0.58575 3.06801 16 v
0.579421 3.05111 16 v
0.573529 3.0342 16 v
0.568075 3.01729 16 v
0.563059 3.00038 16 v
0.558481 2.98346 16 v
0.554341 2.96654 16 v
0.550639 2.94961 16 v
0.547375 2.93268 16 v
0.544548 2.91574 16 v
0.54216 2.8988 16 v
0.54021 2.88185 16 v
0.538697 2.8649 16 v
0.537623 2.84794 16 v
0.536986 2.83098 16 v
0.536787 2.81402 16 v
0.537026 2.79705 16 v
0.537703 2.78008 16 v
0.538818 2.7631 16 v
0.540371 2.74612 16 v
0.542362 2.72913 16 v
0.544791 2.71214 16 v
0.547658 2.69514 16 v
0.550962 2.67814 16 v
0.554705 2.66113 16 v
0.558885 2.64412 16 v
0.563504 2.62711 16 v
0.56856 2.61009 16 v
0.574054 2.59306 16 v
0.579987 2.57604 16 v
0.586357 2.559 16 v
0.593165 2.54196 16 v
0.600411 2.52492 16 v
0.608095 2.50788 16 v
0.616216 2.49082 16 v
0.624776 2.47377 16 v
0.633774 2.45671 16 v
0.643209 2.43964 16 v
0.653083 2.42257 16 v

1.44994 1.94451 17 u
1.43391 1.93992 17 u
1.41898 1.93565 17 u
1.40494 1.93161 17 u
1.39163 1.92777 17 u
1.37885 1.92407 17 u
1.36644 1.92046 17 u
1.35423 1.91689 17 u
1.34202 1.9133 17 u
1.32958 1.90961 17 u
1.31661 1.90575 17 u
1.30249 1.90151 17 u
1.2868 1.89681 17 u
1.2696 1.89165 17 u
1.25105 1.88608 17 u
1.23139 1.88018 17 u
1.21102 1.87405 17 u
1.19041 1.86785 17 u
1.17016 1.86175 17 u
1.15089 1.85594 17 u
1.13323 1.85061 17 u
1.11656 1.84557 17 u
1.09987 1.84052 17 u
1.08317 1.83546 17 u
1.06645 1.83038 17 u
1.04972 1.82529 17 u
1.03297 1.82019 17 u
1.01621 1.81508 17 u
0.999437 1.80995 17 u
0.982647 1.80481 17 u
0.965843 1.79966 17 u
0.949025 1.7945 17 u
0.932191 1.78932 17 u
0.915343 1.78413 17 u
0.898481 1.77893 17 u
0.881604 1.77372 17 u
0.864713 1.76849 17 u
0.847807 1.76325 17 u
0.830886 1.758 17 u
0.813951 1.75274 17 u
0.797001 1.74747 17 u

1.33984 1.31527 17 u
1.32769 1.31097 17 u
1.31556 1.30667 17 u
1.30344 1.30237 17 u
1.29132 1.29808 17 u
1.27922 1.2938 17 u
1.26712 1.28952 17 u
1.25503 1.28525 17 u
1.24295 1.28098 17 u
1.23087 1.27671 17 u
1.21881 1.27245 17 u
1.20675 1.2682 17 u
1.19471 1.26395 17 u
1.18267 1.2597 17 u
1.17064 1.25546 17 u
1.15861 1.25123 17 u
1.1466 1.24699 17 u
1.1346 1.24277 17 u
1.1226 1.23855 17 u
1.11061 1.23433 17 u
1.09863 1.23012 17 u
1.08666 1.22591 17 u
1.07468 1.22171 17 u
1.06271 1.2175 17 u
1.05074 1.2133 17 u
1.03878 1.2091 17 u
1.02681 1.2049 17 u
1.01485 1.2007 17 u
1.00288 1.1965 17 u
0.990922 1.19231 17 u
0.978963 1.18812 17 u
0.967006 1.18392 17 u
0.955051 1.17973 17 u
0.943097 1.17555 17 u
0.931145 1.17136 17 u
0.919195 1.16717 17 u
0.907247 1.16299 17 u
0.8953 1.15881 17 u
0.883355 1.15463 17 u
0.871412 1.15045 17 u
0.859471 1.14627 17 u

1.4311 0.825142 17 u
1.42168 0.817801 17 u
1.41226 0.810464 17 u
1.40284 0.803132 17 u
1.39343 0.795803 17 u
1.38401 0.788479 17 u
1.3746 0.781159 17 u
1.36519 0.773843 17 u
1.35578 0.76653 17 u
1.34638 0.759222 17 u
1.33697 0.751918 17 u
1.32757 0.744618 17 u
1.31817 0.737323 17 u
1.30878 0.730031 17 u
1.29938 0.722743 17 u
1.28999 0.71546 17 u
1.2806 0.70818 17 u
1.27121 0.700905 17 u
1.26182 0.693633 17 u
1.25244 0.686366 17 u
1.24306 0.679103 17 u
1.23368 0.671841 17 u
1.2243 0.664579 17 u
1.21491 0.657316 17 u
1.20553 0.650052 17 u
1.19615 0.642788 17 u
1.18677 0.635522 17 u
1.17739 0.628256 17 u
1.168 0.62099 17 u
1.15862 0.613722 17 u
1.14924 0.606454 17 u
1.13985 0.599185 17 u
1.13047 0.591915 17 u
1.12108 0.584645 17 u
1.1117 0.577373 17 u
1.10231 0.570101 17 u
1.09293 0.562829 17 u
1.08354 0.555555 17 u
1.07416 0.548281 17 u
1.06477 0.541006 17 u
1.05538 0.53373 17 u

1.44994 1.94451 17 v
1.44862 1.92747 17 v
1.44683 1.90687 17 v
1.44446 1.88232 17 v
1.44143 1.85358 17 v
1.43769 1.82075 17 v
1.43323 1.78433 17 v
1.42811 1.74547 17 v
1.42249 1.70589 17 v
1.41664 1.66785 17 v
1.41088 1.63377 17 v
1.40514 1.60238 17 v
1.39909 1.57089 17 v
1.39274 1.5393 17 v
1.38609 1.5076 17 v
1.37914 1.4758 17 v
1.37188 1.4439 17 v
1.36432 1.4119 17 v
1.35646 1.37979 17 v
1.3483 1.34758 17 v
1.33984 1.31527 17 v
1.33188 1.2833 17 v
1.32524 1.25212 17 v
1.31992 1.22172 17 v
1.31591 1.19211 17 v
1.31323 1.16328 17 v
1.31186 1.13524 17 v
1.31181 1.10798 17 v
1.31308 1.08151 17 v
1.31567 1.05583 17 v
1.31957 1.03093 17 v
1.32479 1.00682 17 v
1.33133 0.983487 17 v
1.33919 0.960945 17 v
1.34837 0.939188 17 v
1.35886 0.918216 17 v
1.37068 0.89803 17 v
1.38381 0.87863 17 v
1.39825 0.860015 17 v
1.41402 0.842185 17 v
1.4311 0.825142 17 v

1.13323 1.85061 17 v
1.13318 1.82123 17 v
1.13295 1.79168 17 v
1.13254 1.76195 17 v
1.13196 1.73205 17 v
1.1312 1.70198 17 v
1.13026 1.67173 17 v
1.12915 1.64131 17 v
1.12786 1.61072 17 v
1.1264 1.57995 17 v
1.12476 1.54902 17 v
1.12294 1.5179 17 v
1.12094 1.48662 17 v
1.11877 1.45516 17 v
1.11642 1.42353 17 v
1.1139 1.39173 17 v
1.1112 1.35975 17 v
1.10832 1.32761 17 v
1.10527 1.29528 17 v
1.10204 1.26279 17 v
1.09863 1.23012 17 v
1.09567 1.19763 17 v
1.09378 1.16565 17 v
1.09297 1.1342 17 v
1.09322 1.10327 17 v
1.09455 1.07285 17 v
1.09695 1.04296 17 v
1.10042 1.01359 17 v
1.10496 0.984738 17 v
1.11058 0.956407 17 v
1.11726 0.928596 17 v
1.12502 0.901305 17 v
1.13385 0.874535 17 v
1.14375 0.848284 17 v
1.15472 0.822555 17 v
1.16676 0.797345 17 v
1.17988 0.772656 17 v
1.19407 0.748487 17 v
1.20933 0.724839 17 v
1.22566 0.701711 17 v
1.24306 0.679103 17 v

0.797001 1.74747 17 v
0.802141 1.72074 17 v
0.807069 1.69367 17 v
0.811785 1.66625 17 v
0.816288 1.63847 17 v
0.82058 1.61034 17 v
0.824658 1.58186 17 v
0.828525 1.55303 17 v
0.832179 1.52385 17 v
0.835621 1.49432 17 v
0.838851 1.46443 17 v
0.841868 1.4342 17 v
0.844673 1.40361 17 v
0.847266 1.37267 17 v
0.849646 1.34138 17 v
0.851814 1.30974 17 v
0.85377 1.27775 17 v
0.855514 1.24541 17 v
0.857045 1.21271 17 v
0.858364 1.17967 17 v
0.859471 1.14627 17 v
0.860911 1.11284 17 v
0.863231 1.07971 17 v
0.86643 1.04688 17 v
0.870509 1.01433 17 v
0.875467 0.982086 17 v
0.881305 0.950133 17 v
0.888022 0.918475 17 v
0.895619 0.887112 17 v
0.904096 0.856043 17 v
0.913452 0.825269 17 v
0.923687 0.794789 17 v
0.934802 0.764604 17 v
0.946796 0.734714 17 v
0.95967 0.705118 17 v
0.973424 0.675817 17 v
0.988057 0.64681 17 v
1.00357 0.618098 17 v
1.01996 0.589681 17 v
1.03723 0.561558 17 v
1.05538 0.53373 17 v

1.81041 0.47803 18 u
1.80997 0.472109 18 u
1.80953 0.466187 18 u
1.80909 0.460264 18 u
1.80865 0.45434 18 u
1.80821 0.448415 18 u
1.80776 0.442488 18 u
1.80732 0.43656 18 u
1.80687 0.430632 18 u
1.80643 0.424702 18 u
1.80598 0.41877 18 u
1.80553 0.412838 18 u
1.80508 0.406904 18 u
1.80463 0.40097 18 u
1.80418 0.395034 18 u
1.80373 0.389097 18 u
1.80328 0.383159 18 u
1.80282 0.377219 18 u
1.80237 0.371279 18 u
1.80191 0.365337 18 u
1.80146 0.359394 18 u
1.801 0.35345 18 u
1.80054 0.347505 18 u
1.80008 0.341559 18 u
1.79962 0.335611 18 u
1.79916 0.329662 18 u
1.7987 0.323713 18 u
1.79824 0.317762 18 u
1.79777 0.311809 18 u
1.79731 0.305856 18 u
1.79684 0.299902 18 u
1.79638 0.293946 18 u
1.79591 0.287989 18 u
1.79544 0.282031 18 u
1.79497 0.276072 18 u
1.7945 0.270112 18 u
1.79403 0.26415 18 u
1.79356 0.258187 18 u
1.79309 0.252224 18 u
1.79262 0.246259 18 u
1.79214 0.240292 18 u

2.15284 0.52341 18 u
2.15587 0.517691 18 u
2.15906 0.511927 18 u
2.16243 0.506125 18 u
2.16596 0.500289 18 u
2.16965 0.494426 18 u
2.17349 0.48854 18 u
2.17748 0.482638 18 u
2.18162 0.476724 18 u
2.18591 0.470805 18 u
2.19033 0.464886 18 u
2.19488 0.458972 18 u
2.19955 0.453069 18 u
2.20435 0.447183 18 u
2.20926 0.441317 18 u
2.21428 0.435478 18 u
2.2194 0.42967 18 u
2.22462 0.423898 18 u
2.22993 0.418166 18 u
2.23533 0.41248 18 u
2.2408 0.406843 18 u
2.24635 0.401297 18 u
2.25197 0.395882 18 u
2.25765 0.3906 18 u
2.26339 0.385453 18 u
2.26919 0.380444 18 u
2.27503 0.375573 18 u
2.28092 0.370842 18 u
2.28683 0.36625 18 u
2.29278 0.3618 18 u
2.29875 0.357492 18 u
2.30474 0.353324 18 u
2.31075 0.349299 18 u
2.31676 0.345414 18 u
2.32277 0.341669 18 u
2.32878 0.338065 18 u
2.33479 0.334599 18 u
2.34078 0.33127 18 u
2.34676 0.328078 18 u
2.35272 0.325021 18 u
2.35866 0.322098 18 u

2.47913 0.657797 18 u
2.48497 0.652634 18 u
2.49103 0.647261 18 u
2.49729 0.641699 18 u
2.50372 0.63597 18 u
2.51029 0.630098 18 u
2.51699 0.624107 18 u
2.52377 0.618021 18 u
2.53062 0.611864 18 u
2.53751 0.60566 18 u
2.54442 0.599432 18 u
2.55131 0.593203 18 u
2.55817 0.586994 18 u
2.56497 0.580825 18 u
2.57169 0.574716 18 u
2.57832 0.568684 18 u
2.58484 0.562745 18 u
2.59123 0.556912 18 u
2.59748 0.5512 18 u
2.60358 0.545618 18 u
2.60951 0.540176 18 u
2.61532 0.534857 18 u
2.62105 0.529643 18 u
2.62667 0.524543 18 u
2.63218 0.519563 18 u
2.63758 0.514709 18 u
2.64285 0.509987 18 u
2.648 0.505399 18 u
2.65301 0.500948 18 u
2.65789 0.496635 18 u
2.66262 0.492463 18 u
2.66722 0.48843 18 u
2.67168 0.484536 18 u
2.67599 0.480781 18 u
2.68016 0.477162 18 u
2.6842 0.473677 18 u
2.6881 0.470325 18 u
2.69186 0.467102 18 u
2.69548 0.464006 18 u
2.69898 0.461032 18 u
2.70235 0.458179 18 u

1.81041 0.47803 18 v
1.82792 0.478185 18 v
1.84538 0.478563 18 v
1.8628 0.479163 18 v
1.88019 0.479985 18 v
1.89753 0.48103 18 v
1.91483 0.482298 18 v
1.9321 0.483788 18 v
1.94932 0.485501 18 v
1.9665 0.487436 18 v
1.98364 0.489594 18 v
2.00074 0.491974 18 v
2.0178 0.494577 18 v
2.03483 0.497402 18 v
2.05181 0.50045 18 v
2.06875 0.50372 18 v
2.08564 0.507213 18 v
2.1025 0.510929 18 v
2.11932 0.514866 18 v
2.1361 0.519027 18 v
2.15284 0.52341 18 v
2.16954 0.528015 18 v
2.18619 0.532843 18 v
2.20281 0.537894 18 v
2.21939 0.543167 18 v
2.23592 0.548662 18 v
2.25242 0.55438 18 v
2.26888 0.560321 18 v
2.28529 0.566484 18 v
2.30167 0.572869 18 v
2.318 0.579477 18 v
2.33429 0.586308 18 v
2.35055 0.593361 18 v
2.36676 0.600637 18 v
2.38293 0.608135 18 v
2.39907 0.615856 18 v
2.41516 0.623799 18 v
2.43121 0.631965 18 v
2.44722 0.640353 18 v
2.4632 0.648964 18 v
2.47913 0.657797 18 v

1.80146 0.359394 18 v
1.82274 0.359545 18 v
1.84422 0.359944 18 v
1.86587 0.360592 18 v
1.88768 0.361488 18 v
1.90963 0.362629 18 v
1.93169 0.364013 18 v
1.95384 0.365639 18 v
1.97606 0.367502 18 v
1.99833 0.369601 18 v
2.02063 0.37193 18 v
2.04293 0.374486 18 v
2.06523 0.377264 18 v
2.08749 0.38026 18 v
2.1097 0.383468 18 v
2.13184 0.386882 18 v
2.15388 0.390497 18 v
2.17582 0.394307 18 v
2.19763 0.398306 18 v
2.2193 0.402487 18 v
2.2408 0.406843 18 v
2.2621 0.411427 18 v
2.28317 0.41629 18 v
2.30398 0.421422 18 v
2.32452 0.426814 18 v
2.34478 0.432455 18 v
2.36476 0.438337 18 v
2.38444 0.444449 18 v
2.4038 0.45078 18 v
2.42285 0.45732 18 v
2.44157 0.46406 18 v
2.45995 0.470988 18 v
2.478 0.478095 18 v
2.49569 0.48537 18 v
2.51304 0.492804 18 v
2.53003 0.500385 18 v
2.54665 0.508106 18 v
2.56292 0.515954 18 v
2.57882 0.523922 18 v
2.59435 0.531999 18 v
2.60951 0.540176 18 v

1.79214 0.240292 18 v
1.81744 0.24049 18 v
1.8437 0.241204 18 v
1.87083 0.242427 18 v
1.89871 0.244151 18 v
1.92722 0.246362 18 v
1.95627 0.249045 18 v
1.98572 0.25218 18 v
2.01547 0.255745 18 v
2.04539 0.259717 18 v
2.07539 0.264068 18 v
2.10534 0.268772 18 v
2.13516 0.273799 18 v
2.16474 0.27912 18 v
2.19399 0.284704 18 v
2.22284 0.290522 18 v
2.25121 0.296543 18 v
2.27903 0.302739 18 v
2.30624 0.309082 18 v
2.3328 0.315543 18 v
2.35866 0.322098 18 v
2.38374 0.328768 18 v
2.40797 0.335576 18 v
2.43135 0.342493 18 v
2.45386 0.349493 18 v
2.47549 0.356552 18 v
2.49624 0.363649 18 v
2.51612 0.370761 18 v
2.53513 0.377871 18 v
2.5533 0.384961 18 v
2.57062 0.392015 18 v
2.58712 0.399019 18 v
2.60282 0.405961 18 v
2.61774 0.412829 18 v
2.6319 0.419614 18 v
2.64533 0.426307 18 v
2.65805 0.432902 18 v
2.67009 0.439391 18 v
2.68147 0.445769 18 v
2.69221 0.452033 18 v
2.70235 0.458179 18 v

1.24306 0.679103 18 u
1.23837 0.675472 18 u
1.23368 0.671841 18 u
1.22899 0.66821 18 u
1.2243 0.664579 18 u
1.21961 0.660948 18 u
1.21491 0.657316 18 u
1.21022 0.653684 18 u
1.20553 0.650052 18 u
1.20084 0.64642 18 u
1.19615 0.642788 18 u
1.19146 0.639155 18 u
1.18677 0.635522 18 u
1.18208 0.631889 18 u
1.17739 0.628256 18 u
1.17269 0.624623 18 u
1.168 0.62099 18 u
1.16331 0.617356 18 u
1.15862 0.613722 18 u
1.15393 0.610088 18 u
1.14924 0.606454 18 u
1.14454 0.602819 18 u
1.13985 0.599185 18 u
1.13516 0.59555 18 u
1.13047 0.591915 18 u
1.12578 0.58828 18 u
1.12108 0.584645 18 u
1.11639 0.581009 18 u
1.1117 0.577373 18 u
1.10701 0.573737 18 u
1.10231 0.570101 18 u
1.09762 0.566465 18 u
1.09293 0.562829 18 u
1.08824 0.559192 18 u
1.08354 0.555555 18 u
1.07885 0.551918 18 u
1.07416 0.548281 18 u
1.06946 0.544643 18 u
1.06477 0.541006 18 u
1.06008 0.537368 18 u
1.05538 0.53373 18 u

1.49332 0.52786 18 u
1.48998 0.522505 18 u
1.48664 0.51715 18 u
1.4833 0.511797 18 u
1.47996 0.506444 18 u
1.47663 0.501092 18 u
1.47329 0.49574 18 u
1.46995 0.49039 18 u
1.46661 0.48504 18 u
1.46328 0.479691 18 u
1.45994 0.474343 18 u
1.45661 0.468995 18 u
1.45327 0.463648 18 u
1.44994 0.458303 18 u
1.4466 0.452957 18 u
1.44327 0.447613 18 u
1.43994 0.442269 18 u
1.43661 0.436927 18 u
1.43328 0.431585 18 u
1.42994 0.426243 18 u
1.42661 0.420903 18 u
1.42328 0.415563 18 u
1.41996 0.410224 18 u
1.41663 0.404886 18 u
1.4133 0.399549 18 u
1.40997 0.394212 18 u
1.40664 0.388876 18 u
1.40332 0.383541 18 u
1.39999 0.378207 18 u
1.39667 0.372873 18 u
1.39334 0.367541 18 u
1.39002 0.362209 18 u
1.3867 0.356878 18 u
1.38337 0.351547 18 u
1.38005 0.346218 18 u
1.37673 0.340889 18 u
1.37341 0.335561 18 u
1.37009 0.330233 18 u
1.36677 0.324907 18 u
1.36345 0.319581 18 u
1.36013 0.314256 18 u

1.81041 0.47803 18 u
1.80997 0.472109 18 u
1.80953 0.466187 18 u
1.80909 0.460264 18 u
1.80865 0.45434 18 u
1.80821 0.448415 18 u
1.80776 0.442488 18 u
1.80732 0.43656 18 u
1.80687 0.430632 18 u
1.80643 0.424702 18 u
1.80598 0.41877 18 u
1.80553 0.412838 18 u
1.80508 0.406904 18 u
1.80463 0.40097 18 u
1.80418 0.395034 18 u
1.80373 0.389097 18 u
1.80328 0.383159 18 u
1.80282 0.377219 18 u
1.80237 0.371279 18 u
1.80191 0.365337 18 u
1.80146 0.359394 18 u
1.801 0.35345 18 u
1.80054 0.347505 18 u
1.80008 0.341559 18 u
1.79962 0.335611 18 u
1.79916 0.329662 18 u
1.7987 0.323713 18 u
1.79824 0.317762 18 u
1.79777 0.311809 18 u
1.79731 0.305856 18 u
1.79684 0.299902 18 u
1.79638 0.293946 18 u
1.79591 0.287989 18 u
1.79544 0.282031 18 u
1.79497 0.276072 18 u
1.7945 0.270112 18 u
1.79403 0.26415 18 u
1.79356 0.258187 18 u
1.79309 0.252224 18 u
1.79262 0.246259 18 u
1.79214 0.240292 18 u

1.24306 0.679103 18 v
1.25398 0.669132 18 v
1.26508 0.659415 18 v
1.27634 0.649951 18 v
1.28777 0.640741 18 v
1.29936 0.631785 18 v
1.31112 0.623082 18 v
1.32305 0.614632 18 v
1.33515 0.606436 18 v
1.34741 0.598494 18 v
1.35984 0.590805 18 v
1.37244 0.583369 18 v
1.3852 0.576188 18 v
1.39813 0.569259 18 v
1.41123 0.562585 18 v
1.42449 0.556163 18 v
1.43793 0.549996 18 v
1.45152 0.544081 18 v
1.46529 0.538421 18 v
1.47922 0.533014 18 v
1.49332 0.52786 18 v
1.50759 0.52296 18 v
1.52203 0.518313 18 v
1.53663 0.51392 18 v
1.5514 0.509781 18 v
1.56633 0.505895 18 v
1.58143 0.502263 18 v
1.5967 0.498884 18 v
1.61214 0.495758 18 v
1.62774 0.492887 18 v
1.64352 0.490268 18 v
1.65945 0.487904 18 v
1.67556 0.485792 18 v
1.69183 0.483935 18 v
1.70827 0.482331 18 v
1.72488 0.48098 18 v
1.74165 0.479883 18 v
1.75859 0.479039 18 v
1.7757 0.478449 18 v
1.79297 0.478113 18 v
1.81041 0.47803 18 v

1.14924 0.606454 18 v
1.16079 0.59423 18 v
1.17259 0.582317 18 v
1.18463 0.570713 18 v
1.19691 0.55942 18 v
1.20944 0.548437 18 v
1.22222 0.537764 18 v
1.23523 0.527401 18 v
1.24849 0.517348 18 v
1.262 0.507606 18 v
1.27574 0.498173 18 v
1.28973 0.489051 18 v
1.30397 0.480238 18 v
1.31845 0.471736 18 v
1.33317 0.463544 18 v
1.34813 0.455662 18 v
1.36334 0.44809 18 v
1.37879 0.440828 18 v
1.39449 0.433876 18 v
1.41043 0.427234 18 v
1.42661 0.420903 18 v
1.44304 0.414881 18 v
1.45971 0.40917 18 v
1.47663 0.403769 18 v
1.49379 0.398678 18 v
1.51119 0.393897 18 v
1.52883 0.389426 18 v
1.54672 0.385265 18 v
1.56486 0.381414 18 v
1.58323 0.377874 18 v
1.60185 0.374643 18 v
1.62072 0.371723 18 v
1.63982 0.369113 18 v
1.65918 0.366812 18 v
1.67877 0.364822 18 v
1.69861 0.363142 18 v
1.71869 0.361773 18 v
1.73902 0.360713 18 v
1.75959 0.359963 18 v
1.7804 0.359524 18 v
1.80146 0.359394 18 v

1.05538 0.53373 18 v
1.0676 0.519301 18 v
1.08013 0.505235 18 v
1.09298 0.491533 18 v
1.10615 0.478195 18 v
1.11964 0.46522 18 v
1.13344 0.452609 18 v
1.14757 0.440363 18 v
1.16201 0.428479 18 v
1.17677 0.41696 18 v
1.19185 0.405804 18 v
1.20724 0.395013 18 v
1.22296 0.384585 18 v
1.23899 0.37452 18 v
1.25534 0.36482 18 v
1.27201 0.355483 18 v
1.289 0.34651 18 v
1.3063 0.337901 18 v
1.32392 0.329656 18 v
1.34187 0.321774 18 v
1.36013 0.314256 18 v
1.3787 0.307102 18 v
1.3976 0.300312 18 v
1.41681 0.293885 18 v
1.43635 0.287823 18 v
1.4562 0.282124 18 v
1.47637 0.276789 18 v
1.49685 0.271817 18 v
1.51766 0.267209 18 v
1.53878 0.262966 18 v
1.56022 0.259086 18 v
1.58198 0.255569 18 v
1.60406 0.252417 18 v
1.62646 0.249628 18 v
1.64917 0.247203 18 v
1.67221 0.245142 18 v
1.69556 0.243444 18 v
1.71923 0.242111 18 v
1.74321 0.241141 18 v
1.76752 0.240535 18 v
1.79214 0.240292 18 v

1.4311 0.825142 18 u
1.42639 0.821471 18 u
1.42168 0.817801 18 u
1.41697 0.814132 18 u
1.41226 0.810464 18 u
1.40755 0.806798 18 u
1.40284 0.803132 18 u
1.39813 0.799467 18 u
1.39343 0.795803 18 u
1.38872 0.792141 18 u
1.38401 0.788479 18 u
1.3793 0.784818 18 u
1.3746 0.781159 18 u
1.36989 0.7775 18 u
1.36519 0.773843 18 u
1.36048 0.770186 18 u
1.35578 0.76653 18 u
1.35108 0.762876 18 u
1.34638 0.759222 18 u
1.34167 0.75557 18 u
1.33697 0.751918 18 u
1.33227 0.748268 18 u
1.32757 0.744618 18 u
1.32287 0.74097 18 u
1.31817 0.737323 18 u
1.31347 0.733676 18 u
1.30878 0.730031 18 u
1.30408 0.726387 18 u
1.29938 0.722743 18 u
1.29468 0.719101 18 u
1.28999 0.71546 18 u
1.28529 0.711819 18 u
1.2806 0.70818 18 u
1.2759 0.704542 18 u
1.27121 0.700905 18 u
1.26652 0.697268 18 u
1.26182 0.693633 18 u
1.25713 0.689999 18 u
1.25244 0.686366 18 u
1.24775 0.682734 18 u
1.24306 0.679103 18 u

1.62696 0.740597 18 u
1.62362 0.735315 18 u
1.62028 0.730031 18 u
1.61694 0.724745 18 u
1.6136 0.719457 18 u
1.61026 0.714168 18 u
1.60692 0.708876 18 u
1.60358 0.703583 18 u
1.60023 0.698288 18 u
1.59689 0.692991 18 u
1.59355 0.687692 18 u
1.59021 0.682391 18 u
1.58687 0.677088 18 u
1.58353 0.671784 18 u
1.58019 0.666477 18 u
1.57685 0.661169 18 u
1.57351 0.655859 18 u
1.57017 0.650547 18 u
1.56683 0.645234 18 u
1.56348 0.639918 18 u
1.56014 0.6346 18 u
1.5568 0.629281 18 u
1.55346 0.62396 18 u
1.55012 0.618637 18 u
1.54678 0.613312 18 u
1.54344 0.607985 18 u
1.5401 0.602656 18 u
1.53676 0.597326 18 u
1.53342 0.591994 18 u
1.53008 0.586659 18 u
1.52673 0.581323 18 u
1.52339 0.575985 18 u
1.52005 0.570645 18 u
1.51671 0.565304 18 u
1.51337 0.55996 18 u
1.51003 0.554615 18 u
1.50669 0.549268 18 u
1.50335 0.543919 18 u
1.50001 0.538568 18 u
1.49667 0.533215 18 u
1.49332 0.52786 18 u

1.82782 0.717119 18 u
1.82738 0.711086 18 u
1.82695 0.705056 18 u
1.82652 0.699029 18 u
1.82609 0.693004 18 u
1.82566 0.686983 18 u
1.82522 0.680964 18 u
1.82479 0.674948 18 u
1.82436 0.668936 18 u
1.82393 0.662926 18 u
1.82349 0.656918 18 u
1.82306 0.650914 18 u
1.82263 0.644912 18 u
1.82219 0.638914 18 u
1.82176 0.632918 18 u
1.82132 0.626925 18 u
1.82089 0.620935 18 u
1.82045 0.614948 18 u
1.82002 0.608964 18 u
1.81959 0.602982 18 u
1.81915 0.597003 18 u
1.81872 0.591028 18 u
1.81828 0.585055 18 u
1.81784 0.579085 18 u
1.81741 0.573117 18 u
1.81697 0.567153 18 u
1.81654 0.561191 18 u
1.8161 0.555233 18 u
1.81566 0.549277 18 u
1.81523 0.543324 18 u
1.81479 0.537374 18 u
1.81435 0.531427 18 u
1.81392 0.525482 18 u
1.81348 0.519541 18 u
1.81304 0.513602 18 u
1.8126 0.507666 18 u
1.81217 0.501733 18 u
1.81173 0.495803 18 u
1.81129 0.489876 18 u
1.81085 0.483951 18 u
1.81041 0.47803 18 u

2.03618 0.756072 18 u
2.03907 0.750137 18 u
2.04197 0.744208 18 u
2.04486 0.738285 18 u
2.04776 0.732368 18 u
2.05065 0.726458 18 u
2.05355 0.720553 18 u
2.05645 0.714654 18 u
2.05935 0.708762 18 u
2.06225 0.702875 18 u
2.06516 0.696995 18 u
2.06806 0.691121 18 u
2.07097 0.685253 18 u
2.07387 0.67939 18 u
2.07678 0.673534 18 u
2.07969 0.667684 18 u
2.0826 0.661841 18 u
2.08552 0.656003 18 u
2.08843 0.650171 18 u
2.09134 0.644345 18 u
2.09426 0.638526 18 u
2.09718 0.632712 18 u
2.10009 0.626905 18 u
2.10301 0.621103 18 u
2.10593 0.615308 18 u
2.10886 0.609519 18 u
2.11178 0.603736 18 u
2.1147 0.597959 18 u
2.11763 0.592188 18 u
2.12056 0.586423 18 u
2.12349 0.580664 18 u
2.12642 0.574911 18 u
2.12935 0.569164 18 u
2.13228 0.563424 18 u
2.13521 0.557689 18 u
2.13815 0.551961 18 u
2.14108 0.546239 18 u
2.14402 0.540522 18 u
2.14696 0.534812 18 u
2.1499 0.529108 18 u
2.15284 0.52341 18 u

2.25457 0.858821 18 u
2.26008 0.853821 18 u
2.26559 0.848819 18 u
2.27111 0.843816 18 u
2.27663 0.838811 18 u
2.28216 0.833806 18 u
2.28769 0.828799 18 u
2.29323 0.82379 18 u
2.29877 0.818781 18 u
2.30432 0.81377 18 u
2.30988 0.808758 18 u
2.31544 0.803744 18 u
2.32101 0.79873 18 u
2.32658 0.793714 18 u
2.33215 0.788696 18 u
2.33774 0.783678 18 u
2.34333 0.778658 18 u
2.34892 0.773637 18 u
2.35452 0.768615 18 u
2.36013 0.763591 18 u
2.36574 0.758566 18 u
2.37135 0.75354 18 u
2.37698 0.748512 18 u
2.3826 0.743483 18 u
2.38824 0.738453 18 u
2.39388 0.733422 18 u
2.39952 0.728389 18 u
2.40517 0.723355 18 u
2.41083 0.71832 18 u
2.41649 0.713283 18 u
2.42215 0.708246 18 u
2.42783 0.703207 18 u
2.4335 0.698166 18 u
2.43919 0.693124 18 u
2.44488 0.688082 18 u
2.45057 0.683037 18 u
2.45627 0.677992 18 u
2.46198 0.672945 18 u
2.46769 0.667897 18 u
2.4734 0.662848 18 u
2.47913 0.657797 18 u

1.4311 0.825142 18 v
1.44078 0.819464 18 v
1.45046 0.813939 18 v
1.46016 0.808567 18 v
1.46988 0.803347 18 v
1.4796 0.79828 18 v
1.48934 0.793366 18 v
1.49909 0.788605 18 v
1.50885 0.783996 18 v
1.51862 0.779539 18 v
1.52841 0.775236 18 v
1.53821 0.771085 18 v
1.54802 0.767087 18 v
1.55784 0.763241 18 v
1.56768 0.759548 18 v
1.57753 0.756008 18 v
1.58739 0.75262 18 v
1.59726 0.749386 18 v
1.60715 0.746303 18 v
1.61705 0.743374 18 v
1.62696 0.740597 18 v
1.63689 0.737973 18 v
1.64682 0.735501 18 v
1.65677 0.733182 18 v
1.66673 0.731016 18 v
1.67671 0.729002 18 v
1.68669 0.727141 18 v
1.69669 0.725433 18 v
1.7067 0.723878 18 v
1.71673 0.722475 18 v
1.72676 0.721224 18 v
1.73681 0.720127 18 v
1.74687 0.719182 18 v
1.75695 0.71839 18 v
1.76704 0.71775 18 v
1.77713 0.717263 18 v
1.78725 0.716929 18 v
1.79737 0.716747 18 v
1.80751 0.716719 18 v
1.81765 0.716842 18 v
1.82782 0.717119 18 v
1.838 0.717551 18 v
1.8482 0.718143 18 v
1.85843 0.718895 18 v
1.86869 0.719806 18 v
1.87897 0.720876 18 v
1.88927 0.722106 18 v
1.8996 0.723496 18 v
1.90996 0.725044 18 v
1.92034 0.726753 18 v
1.93075 0.728621 18 v
1.94118 0.730648 18 v
1.95163 0.732835 18 v
1.96211 0.735182 18 v
1.97262 0.737687 18 v
1.98315 0.740353 18 v
1.99371 0.743178 18 v
2.00429 0.746162 18 v
2.01489 0.749306 18 v
2.02553 0.752609 18 v
2.03618 0.756072 18 v
2.04686 0.759694 18 v
2.05757 0.763476 18 v
2.0683 0.767417 18 v
2.07906 0.771518 18 v
2.08984 0.775778 18 v
2.10065 0.780198 18 v
2.11148 0.784777 18 v
2.12234 0.789516 18 v
2.13322 0.794414 18 v
2.14412 0.799472 18 v
2.15506 0.804689 18 v
2.16601 0.810066 18 v
2.177 0.815602 18 v
2.188 0.821298 18 v
2.19904 0.827153 18 v
2.21009 0.833168 18 v
2.22118 0.839342 18 v
2.23228 0.845676 18 v
2.24342 0.852169 18 v
2.25457 0.858821 18 v

1.33697 0.751918 18 v
1.34728 0.744159 18 v
1.35768 0.736599 18 v
1.36816 0.729238 18 v
1.37874 0.722077 18 v
1.38941 0.715115 18 v
1.40016 0.708352 18 v
1.41101 0.701789 18 v
1.42194 0.695425 18 v
1.43297 0.68926 18 v
1.44408 0.683294 18 v
1.45528 0.677528 18 v
1.46658 0.671961 18 v
1.47796 0.666593 18 v
1.48943 0.661425 18 v
1.50099 0.656456 18 v
1.51264 0.651686 18 v
1.52438 0.647116 18 v
1.53621 0.642745 18 v
1.54813 0.638573 18 v
1.56014 0.6346 18 v
1.57224 0.630827 18 v
1.58443 0.627253 18 v
1.59671 0.623879 18 v
1.60908 0.620703 18 v
1.62154 0.617727 18 v
1.63408 0.614951 18 v
1.64672 0.612373 18 v
1.65945 0.609995 18 v
1.67226 0.607816 18 v
1.68517 0.605837 18 v
1.69816 0.604057 18 v
1.71125 0.602476 18 v
1.72442 0.601094 18 v
1.73769 0.599912 18 v
1.75104 0.598929 18 v
1.76448 0.598145 18 v
1.77801 0.597561 18 v
1.79164 0.597176 18 v
1.80535 0.59699 18 v
1.81915 0.597003 18 v
1.83299 0.597215 18 v
1.84682 0.597622 18 v
1.86065 0.598226 18 v
1.87446 0.599026 18 v
1.88827 0.600023 18 v
1.90206 0.601216 18 v
1.91585 0.602605 18 v
1.92963 0.60419 18 v
1.9434 0.605972 18 v
1.95716 0.60795 18 v
1.97091 0.610124 18 v
1.98465 0.612495 18 v
1.99838 0.615061 18 v
2.01211 0.617825 18 v
2.02582 0.620784 18 v
2.03953 0.62394 18 v
2.05322 0.627292 18 v
2.06691 0.63084 18 v
2.08059 0.634585 18 v
2.09426 0.638526 18 v
2.10792 0.642663 18 v
2.12157 0.646996 18 v
2.13521 0.651526 18 v
2.14885 0.656252 18 v
2.16247 0.661175 18 v
2.17608 0.666293 18 v
2.18969 0.671608 18 v
2.20329 0.67712 18 v
2.21687 0.682827 18 v
2.23045 0.688731 18 v
2.24402 0.694831 18 v
2.25758 0.701128 18 v
2.27113 0.70762 18 v
2.28468 0.714309 18 v
2.29821 0.721195 18 v
2.31173 0.728276 18 v
2.32525 0.735554 18 v
2.33875 0.743029 18 v
2.35225 0.750699 18 v
2.36574 0.758566 18 v

1.24306 0.679103 18 v
1.25398 0.669132 18 v
1.26508 0.659415 18 v
1.27634 0.649951 18 v
1.28777 0.640741 18 v
1.29936 0.631785 18 v
1.31112 0.623082 18 v
1.32305 0.614632 18 v
1.33515 0.606436 18 v
1.34741 0.598494 18 v
1.35984 0.590805 18 v
1.37244 0.583369 18 v
1.3852 0.576188 18 v
1.39813 0.569259 18 v
1.41123 0.562585 18 v
1.42449 0.556163 18 v
1.43793 0.549996 18 v
1.45152 0.544081 18 v
1.46529 0.538421 18 v
1.47922 0.533014 18 v
1.49332 0.52786 18 v
1.50759 0.52296 18 v
1.52203 0.518313 18 v
1.53663 0.51392 18 v
1.5514 0.509781 18 v
1.56633 0.505895 18 v
1.58143 0.502263 18 v
1.5967 0.498884 18 v
1.61214 0.495758 18 v
1.62774 0.492887 18 v
1.64352 0.490268 18 v
1.65945 0.487904 18 v
1.67556 0.485792 18 v
1.69183 0.483935 18 v
1.70827 0.482331 18 v
1.72488 0.48098 18 v
1.74165 0.479883 18 v
1.75859 0.479039 18 v
1.7757 0.478449 18 v
1.79297 0.478113 18 v
1.81041 0.47803 18 v
1.82792 0.478185 18 v
1.84538 0.478563 18 v
1.8628 0.479163 18 v
1.88019 0.479985 18 v
1.89753 0.48103 18 v
1.91483 0.482298 18 v
1.9321 0.483788 18 v
1.94932 0.485501 18 v
1.9665 0.487436 18 v
1.98364 0.489594 18 v
2.00074 0.491974 18 v
2.0178 0.494577 18 v
2.03483 0.497402 18 v
2.05181 0.50045 18 v
2.06875 0.50372 18 v
2.08564 0.507213 18 v
2.1025 0.510929 18 v
2.11932 0.514866 18 v
2.1361 0.519027 18 v
2.15284 0.52341 18 v
2.16954 0.528015 18 v
2.18619 0.532843 18 v
2.20281 0.537894 18 v
2.21939 0.543167 18 v
2.23592 0.548662 18 v
2.25242 0.55438 18 v
2.26888 0.560321 18 v
2.28529 0.566484 18 v
2.30167 0.572869 18 v
2.318 0.579477 18 v
2.33429 0.586308 18 v
2.35055 0.593361 18 v
2.36676 0.600637 18 v
2.38293 0.608135 18 v
2.39907 0.615856 18 v
2.41516 0.623799 18 v
2.43121 0.631965 18 v
2.44722 0.640353 18 v
2.4632 0.648964 18 v
2.47913 0.657797 18 v

2.25457 0.858821 19 u
2.26559 0.848819 19 u
2.27663 0.838811 19 u
2.28769 0.828799 19 u
2.29877 0.818781 19 u
2.30988 0.808758 19 u
2.32101 0.79873 19 u
2.33215 0.788696 19 u
2.34333 0.778658 19 u
2.35452 0.768615 19 u
2.36574 0.758566 19 u
2.37698 0.748512 19 u
2.38824 0.738453 19 u
2.39952 0.728389 19 u
2.41083 0.71832 19 u
2.42215 0.708246 19 u
2.4335 0.698166 19 u
2.44488 0.688082 19 u
2.45627 0.677992 19 u
2.46769 0.667897 19 u
2.47913 0.657797 19 u
2.49129 0.647036 19 u
2.5046 0.635194 19 u
2.51864 0.622657 19 u
2.53296 0.609824 19 u
2.54715 0.597062 19 u
2.56087 0.584689 19 u
2.57385 0.572951 19 u
2.58591 0.562021 19 u
2.59693 0.552003 19 u
2.60687 0.542942 19 u
2.61602 0.534618 19 u
2.62484 0.52665 19 u
2.63353 0.51885 19 u
2.64224 0.511069 19 u
2.65113 0.503181 19 u
2.66029 0.495071 19 u
2.66987 0.486629 19 u
2.67999 0.477747 19 u
2.69076 0.468307 19 u
2.70235 0.458179 19 u

2.50774 1.2722 19 u
2.52108 1.26864 19 u
2.53441 1.26509 19 u
2.54774 1.26153 19 u
2.56106 1.25798 19 u
2.57438 1.25444 19 u
2.5877 1.25089 19 u
2.60102 1.24735 19 u
2.61433 1.24381 19 u
2.62764 1.24027 19 u
2.64094 1.23674 19 u
2.65424 1.23321 19 u
2.66754 1.22968 19 u
2.68084 1.22616 19 u
2.69413 1.22263 19 u
2.70742 1.21912 19 u
2.7207 1.2156 19 u
2.73398 1.21209 19 u
2.74726 1.20857 19 u
2.76053 1.20507 19 u
2.7738 1.20156 19 u
2.78707 1.19806 19 u
2.80034 1.19456 19 u
2.8136 1.19106 19 u
2.82686 1.18756 19 u
2.84012 1.18407 19 u
2.85337 1.18057 19 u
2.86662 1.17708 19 u
2.87987 1.17359 19 u
2.89312 1.1701 19 u
2.90637 1.16662 19 u
2.91961 1.16314 19 u
2.93285 1.15965 19 u
2.94608 1.15617 19 u
2.95932 1.1527 19 u
2.97255 1.14922 19 u
2.98578 1.14575 19 u
2.999 1.14228 19 u
3.01223 1.13881 19 u
3.02545 1.13534 19 u
3.03867 1.13187 19 u

2.66493 2.02253 19 u
2.67579 2.02068 19 u
2.686 2.01892 19 u
2.69571 2.01723 19 u
2.70504 2.01559 19 u
2.71414 2.01397 19 u
2.72312 2.01234 19 u
2.73213 2.01068 19 u
2.74133 2.00896 19 u
2.75094 2.00713 19 u
2.76119 2.00514 19 u
2.77245 2.00294 19 u
2.78482 2.00053 19 u
2.79824 1.99794 19 u
2.81255 1.99519 19 u
2.82754 1.99232 19 u
2.84289 1.9894 19 u
2.85821 1.98651 19 u
2.87305 1.98373 19 u
2.88692 1.98115 19 u
2.89936 1.97886 19 u
2.91096 1.97675 19 u
2.92257 1.97463 19 u
2.93419 1.9725 19 u
2.94582 1.97036 19 u
2.95747 1.96822 19 u
2.96913 1.96607 19 u
2.9808 1.96391 19 u
2.99248 1.96175 19 u
3.00417 1.95958 19 u
3.01588 1.95741 19 u
3.02759 1.95523 19 u
3.03932 1.95304 19 u
3.05106 1.95084 19 u
3.06282 1.94864 19 u
3.07458 1.94644 19 u
3.08636 1.94422 19 u
3.09815 1.942 19 u
3.10995 1.93977 19 u
3.12176 1.93754 19 u
3.13358 1.9353 19 u

2.25457 0.858821 19 v
2.27253 0.876134 19 v
2.28994 0.893799 19 v
2.30678 0.911818 19 v
2.32307 0.93019 19 v
2.33879 0.948915 19 v
2.35396 0.967994 19 v
2.36857 0.987427 19 v
2.38263 1.00721 19 v
2.39612 1.02735 19 v
2.40906 1.04784 19 v
2.42144 1.06869 19 v
2.43326 1.08989 19 v
2.44453 1.11144 19 v
2.45523 1.13335 19 v
2.46538 1.15561 19 v
2.47497 1.17822 19 v
2.484 1.20118 19 v
2.49247 1.2245 19 v
2.50039 1.24818 19 v
2.50774 1.2722 19 v
2.51487 1.29706 19 v
2.52209 1.32322 19 v
2.52942 1.35069 19 v
2.53684 1.37946 19 v
2.54435 1.40953 19 v
2.55197 1.44092 19 v
2.55968 1.47361 19 v
2.56749 1.5076 19 v
2.5754 1.5429 19 v
2.58341 1.5795 19 v
2.5922 1.62148 19 v
2.60207 1.6709 19 v
2.61239 1.72445 19 v
2.62256 1.7788 19 v
2.63213 1.83123 19 v
2.64078 1.8798 19 v
2.64838 1.9234 19 v
2.65489 1.96163 19 v
2.66038 1.99455 19 v
2.66493 2.02253 19 v

2.47913 0.657797 19 v
2.50168 0.68299 19 v
2.52342 0.708393 19 v
2.54433 0.734006 19 v
2.56442 0.759829 19 v
2.58368 0.785862 19 v
2.60212 0.812105 19 v
2.61974 0.838558 19 v
2.63653 0.865221 19 v
2.6525 0.892094 19 v
2.66765 0.919177 19 v
2.68197 0.946471 19 v
2.69547 0.973974 19 v
2.70814 1.00169 19 v
2.71999 1.02961 19 v
2.73102 1.05774 19 v
2.74122 1.08609 19 v
2.75061 1.11464 19 v
2.75916 1.1434 19 v
2.76689 1.17238 19 v
2.7738 1.20156 19 v
2.78029 1.23133 19 v
2.78675 1.26205 19 v
2.7932 1.29374 19 v
2.79962 1.32638 19 v
2.80602 1.35997 19 v
2.81239 1.39453 19 v
2.81875 1.43004 19 v
2.82508 1.46651 19 v
2.83139 1.50394 19 v
2.83768 1.54233 19 v
2.84395 1.58167 19 v
2.85019 1.62197 19 v
2.85641 1.66323 19 v
2.86261 1.70545 19 v
2.86879 1.74863 19 v
2.87495 1.79276 19 v
2.88109 1.83785 19 v
2.8872 1.8839 19 v
2.89329 1.9309 19 v
2.89936 1.97886 19 v

2.70235 0.458179 19 v
2.71771 0.476162 19 v
2.73552 0.497961 19 v
2.75592 0.524003 19 v
2.77884 0.554544 19 v
2.80398 0.589522 19 v
2.83067 0.628389 19 v
2.85782 0.66997 19 v
2.88397 0.712414 19 v
2.90741 0.753326 19 v
2.92648 0.790116 19 v
2.94238 0.824052 19 v
2.95725 0.858042 19 v
2.97107 0.892085 19 v
2.98385 0.926181 19 v
2.99559 0.96033 19 v
3.00629 0.994532 19 v
3.01595 1.02879 19 v
3.02456 1.0631 19 v
3.03213 1.09746 19 v
3.03867 1.13187 19 v
3.04462 1.1666 19 v
3.05044 1.2019 19 v
3.05613 1.23778 19 v
3.0617 1.27423 19 v
3.06714 1.31125 19 v
3.07246 1.34884 19 v
3.07765 1.387 19 v
3.08271 1.42574 19 v
3.08765 1.46506 19 v
3.09246 1.50494 19 v
3.09714 1.5454 19 v
3.10169 1.58643 19 v
3.10612 1.62803 19 v
3.11043 1.67021 19 v
3.1146 1.71296 19 v
3.11865 1.75628 19 v
3.12257 1.80018 19 v
3.12637 1.84465 19 v
3.13004 1.88969 19 v
3.13358 1.9353 19 v

2.89936 1.97886 20 u
2.90516 1.97781 20 u
2.91096 1.97675 20 u
2.91676 1.97569 20 u
2.92257 1.97463 20 u
2.92838 1.97356 20 u
2.93419 1.9725 20 u
2.94001 1.97143 20 u
2.94582 1.97036 20 u
2.95165 1.96929 20 u
2.95747 1.96822 20 u
2.9633 1.96714 20 u
2.96913 1.96607 20 u
2.97496 1.96499 20 u
2.9808 1.96391 20 u
2.98664 1.96283 20 u
2.99248 1.96175 20 u
2.99832 1.96067 20 u
3.00417 1.95958 20 u
3.01002 1.9585 20 u
3.01588 1.95741 20 u
3.02173 1.95632 20 u
3.02759 1.95523 20 u
3.03346 1.95413 20 u
3.03932 1.95304 20 u
3.04519 1.95194 20 u
3.05106 1.95084 20 u
3.05694 1.94974 20 u
3.06282 1.94864 20 u
3.0687 1.94754 20 u
3.07458 1.94644 20 u
3.08047 1.94533 20 u
3.08636 1.94422 20 u
3.09225 1.94311 20 u
3.09815 1.942 20 u
3.10405 1.94089 20 u
3.10995 1.93977 20 u
3.11585 1.93866 20 u
3.12176 1.93754 20 u
3.12767 1.93642 20 u
3.13358 1.9353 20 u

2.89553 2.22633 20 u
2.90119 2.22429 20 u
2.90685 2.22225 20 u
2.91251 2.22021 20 u
2.91817 2.21817 20 u
2.92384 2.21613 20 u
2.9295 2.21409 20 u
2.93516 2.21205 20 u
2.94083 2.21 20 u
2.9465 2.20796 20 u
2.95216 2.20592 20 u
2.95783 2.20387 20 u
2.9635 2.20183 20 u
2.96917 2.19978 20 u
2.97484 2.19774 20 u
2.98052 2.19569 20 u
2.98619 2.19364 20 u
2.99186 2.1916 20 u
2.99754 2.18955 20 u
3.00321 2.1875 20 u
3.00889 2.18545 20 u
3.01457 2.1834 20 u
3.02025 2.18135 20 u
3.02593 2.1793 20 u
3.03161 2.17725 20 u
3.03729 2.1752 20 u
3.04297 2.17315 20 u
3.04866 2.17109 20 u
3.05434 2.16904 20 u
3.06003 2.16699 20 u
3.06571 2.16493 20 u
3.0714 2.16288 20 u
3.07709 2.16082 20 u
3.08278 2.15877 20 u
3.08847 2.15671 20 u
3.09416 2.15465 20 u
3.09985 2.1526 20 u
3.10554 2.15054 20 u
3.11124 2.14848 20 u
3.11693 2.14642 20 u
3.12263 2.14436 20 u

2.87538 2.47729 20 u
2.88099 2.47528 20 u
2.88659 2.47328 20 u
2.8922 2.47127 20 u
2.89781 2.46927 20 u
2.90342 2.46726 20 u
2.90903 2.46526 20 u
2.91464 2.46325 20 u
2.92024 2.46124 20 u
2.92585 2.45924 20 u
2.93146 2.45723 20 u
2.93707 2.45523 20 u
2.94268 2.45322 20 u
2.94829 2.45122 20 u
2.9539 2.44921 20 u
2.95951 2.44721 20 u
2.96512 2.4452 20 u
2.97073 2.4432 20 u
2.97633 2.44119 20 u
2.98194 2.43918 20 u
2.98755 2.43718 20 u
2.99316 2.43517 20 u
2.99877 2.43317 20 u
3.00438 2.43116 20 u
3.00999 2.42915 20 u
3.0156 2.42715 20 u
3.02121 2.42514 20 u
3.02682 2.42314 20 u
3.03243 2.42113 20 u
3.03804 2.41912 20 u
3.04365 2.41712 20 u
3.04926 2.41511 20 u
3.05487 2.41311 20 u
3.06049 2.4111 20 u
3.0661 2.40909 20 u
3.07171 2.40709 20 u
3.07732 2.40508 20 u
3.08293 2.40307 20 u
3.08854 2.40107 20 u
3.09415 2.39906 20 u
3.09976 2.39705 20 u

2.84038 2.69109 20 u
2.84626 2.68944 20 u
2.85213 2.68779 20 u
2.85801 2.68614 20 u
2.86389 2.68449 20 u
2.86977 2.68284 20 u
2.87564 2.68119 20 u
2.88152 2.67954 20 u
2.8874 2.67789 20 u
2.89327 2.67624 20 u
2.89915 2.67459 20 u
2.90503 2.67294 20 u
2.91091 2.67129 20 u
2.91678 2.66964 20 u
2.92266 2.66799 20 u
2.92854 2.66634 20 u
2.93441 2.6647 20 u
2.94029 2.66305 20 u
2.94616 2.6614 20 u
2.95204 2.65975 20 u
2.95792 2.6581 20 u
2.96379 2.65645 20 u
2.96967 2.6548 20 u
2.97555 2.65315 20 u
2.98142 2.6515 20 u
2.9873 2.64986 20 u
2.99317 2.64821 20 u
2.99905 2.64656 20 u
3.00492 2.64491 20 u
3.0108 2.64326 20 u
3.01668 2.64161 20 u
3.02255 2.63997 20 u
3.02843 2.63832 20 u
3.0343 2.63667 20 u
3.04018 2.63502 20 u
3.04605 2.63337 20 u
3.05193 2.63172 20 u
3.0578 2.63008 20 u
3.06368 2.62843 20 u
3.06955 2.62678 20 u
3.07543 2.62513 20 u

2.79201 2.82709 20 u
2.79871 2.82542 20 u
2.80541 2.82376 20 u
2.81211 2.82209 20 u
2.81881 2.82042 20 u
2.82552 2.81875 20 u
2.83222 2.81708 20 u
2.83892 2.81542 20 u
2.84562 2.81375 20 u
2.85232 2.81208 20 u
2.85902 2.81041 20 u
2.86572 2.80874 20 u
2.87242 2.80708 20 u
2.87912 2.80541 20 u
2.88583 2.80374 20 u
2.89253 2.80207 20 u
2.89923 2.8004 20 u
2.90593 2.79873 20 u
2.91263 2.79707 20 u
2.91933 2.7954 20 u
2.92603 2.79373 20 u
2.93274 2.79206 20 u
2.93944 2.79039 20 u
2.94614 2.78872 20 u
2.95284 2.78705 20 u
2.95954 2.78539 20 u
2.96624 2.78372 20 u
2.97295 2.78205 20 u
2.97965 2.78038 20 u
2.98635 2.77871 20 u
2.99305 2.77704 20 u
2.99975 2.77537 20 u
3.00646 2.77371 20 u
3.01316 2.77204 20 u
3.01986 2.77037 20 u
3.02656 2.7687 20 u
3.03326 2.76703 20 u
3.03997 2.76536 20 u
3.04667 2.76369 20 u
3.05337 2.76202 20 u
3.06007 2.76036 20 u

2.89936 1.97886 20 v
2.89956 1.99116 20 v
2.89971 2.00345 20 v
2.89983 2.01576 20 v
2.8999 2.02808 20 v
2.89993 2.0404 20 v
2.89993 2.05274 20 v
2.89988 2.06508 20 v
2.89979 2.07743 20 v
2.89966 2.08979 20 v
2.89949 2.10216 20 v
2.89927 2.11454 20 v
2.89902 2.12693 20 v
2.89873 2.13932 20 v
2.89839 2.15172 20 v
2.89802 2.16414 20 v
2.8976 2.17656 20 v
2.89715 2.18899 20 v
2.89665 2.20143 20 v
2.89611 2.21387 20 v
2.89553 2.22633 20 v
2.89491 2.23879 20 v
2.89425 2.25127 20 v
2.89355 2.26375 20 v
2.89281 2.27624 20 v
2.89202 2.28874 20 v
2.8912 2.30125 20 v
2.89034 2.31377 20 v
2.88943 2.32629 20 v
2.88848 2.33883 20 v
2.8875 2.35137 20 v
2.88647 2.36392 20 v
2.8854 2.37648 20 v
2.88429 2.38905 20 v
2.88314 2.40163 20 v
2.88195 2.41422 20 v
2.88072 2.42682 20 v
2.87944 2.43942 20 v
2.87813 2.45203 20 v
2.87677 2.46466 20 v
2.87538 2.47729 20 v
2.87395 2.48982 20 v
2.87248 2.50217 20 v
2.87098 2.51432 20 v
2.86945 2.52627 20 v
2.86788 2.53803 20 v
2.86628 2.5496 20 v
2.86465 2.56097 20 v
2.86298 2.57214 20 v
2.86128 2.58312 20 v
2.85955 2.59391 20 v
2.85778 2.6045 20 v
2.85598 2.6149 20 v
2.85415 2.62511 20 v
2.85228 2.63512 20 v
2.85038 2.64493 20 v
2.84845 2.65455 20 v
2.84648 2.66398 20 v
2.84448 2.67321 20 v
2.84245 2.68225 20 v
2.84038 2.69109 20 v
2.83828 2.69974 20 v
2.83614 2.70819 20 v
2.83398 2.71645 20 v
2.83177 2.72451 20 v
2.82954 2.73238 20 v
2.82727 2.74006 20 v
2.82497 2.74754 20 v
2.82264 2.75483 20 v
2.82027 2.76192 20 v
2.81787 2.76882 20 v
2.81543 2.77552 20 v
2.81296 2.78203 20 v
2.81046 2.78834 20 v
2.80793 2.79446 20 v
2.80536 2.80039 20 v
2.80275 2.80612 20 v
2.80012 2.81165 20 v
2.79745 2.81699 20 v
2.79475 2.82214 20 v
2.79201 2.82709 20 v

3.01588 1.95741 20 v
3.01587 1.96825 20 v
3.01582 1.97915 20 v
3.01574 1.9901 20 v
3.01563 2.00112 20 v
3.01548 2.0122 20 v
3.01529 2.02333 20 v
3.01506 2.03453 20 v
3.01481 2.04578 20 v
3.01451 2.0571 20 v
3.01418 2.06847 20 v
3.01381 2.0799 20 v
3.01341 2.09139 20 v
3.01297 2.10294 20 v
3.01249 2.11455 20 v
3.01198 2.12622 20 v
3.01144 2.13795 20 v
3.01085 2.14973 20 v
3.01024 2.16158 20 v
3.00958 2.17349 20 v
3.00889 2.18545 20 v
3.00816 2.19748 20 v
3.0074 2.20956 20 v
3.00661 2.2217 20 v
3.00577 2.2339 20 v
3.0049 2.24616 20 v
3.004 2.25848 20 v
3.00306 2.27086 20 v
3.00208 2.2833 20 v
3.00106 2.2958 20 v
3.00002 2.30835 20 v
2.99893 2.32097 20 v
2.99781 2.33365 20 v
2.99665 2.34638 20 v
2.99546 2.35917 20 v
2.99423 2.37203 20 v
2.99297 2.38494 20 v
2.99167 2.39791 20 v
2.99033 2.41094 20 v
2.98896 2.42403 20 v
2.98755 2.43718 20 v
2.98613 2.45025 20 v
2.98469 2.46311 20 v
2.98325 2.47575 20 v
2.98181 2.48819 20 v
2.98036 2.5004 20 v
2.9789 2.51241 20 v
2.97744 2.5242 20 v
2.97597 2.53578 20 v
2.9745 2.54715 20 v
2.97302 2.5583 20 v
2.97153 2.56924 20 v
2.97004 2.57997 20 v
2.96855 2.59048 20 v
2.96704 2.60078 20 v
2.96554 2.61087 20 v
2.96402 2.62074 20 v
2.96251 2.6304 20 v
2.96098 2.63985 20 v
2.95945 2.64908 20 v
2.95792 2.6581 20 v
2.95638 2.66691 20 v
2.95483 2.6755 20 v
2.95328 2.68388 20 v
2.95172 2.69205 20 v
2.95016 2.7 20 v
2.94859 2.70774 20 v
2.94701 2.71527 20 v
2.94543 2.72259 20 v
2.94385 2.72969 20 v
2.94226 2.73658 20 v
2.94066 2.74325 20 v
2.93906 2.74971 20 v
2.93745 2.75596 20 v
2.93583 2.762 20 v
2.93422 2.76782 20 v
2.93259 2.77343 20 v
2.93096 2.77882 20 v
2.92932 2.784 20 v
2.92768 2.78897 20 v
2.92603 2.79373 20 v

3.13358 1.9353 20 v
3.13332 1.94472 20 v
3.13302 1.95424 20 v
3.1327 1.96388 20 v
3.13235 1.97362 20 v
3.13196 1.98348 20 v
3.13155 1.99344 20 v
3.1311 2.00351 20 v
3.13063 2.01369 20 v
3.13013 2.02398 20 v
3.1296 2.03438 20 v
3.12903 2.04489 20 v
3.12844 2.0555 20 v
3.12782 2.06623 20 v
3.12717 2.07706 20 v
3.12648 2.08801 20 v
3.12577 2.09906 20 v
3.12503 2.11022 20 v
3.12426 2.12149 20 v
3.12346 2.13287 20 v
3.12263 2.14436 20 v
3.12177 2.15596 20 v
3.12088 2.16767 20 v
3.11996 2.17948 20 v
3.11901 2.19141 20 v
3.11803 2.20344 20 v
3.11702 2.21559 20 v
3.11598 2.22784 20 v
3.11491 2.2402 20 v
3.11381 2.25267 20 v
3.11268 2.26525 20 v
3.11153 2.27794 20 v
3.11034 2.29074 20 v
3.10912 2.30365 20 v
3.10787 2.31666 20 v
3.1066 2.32979 20 v
3.10529 2.34302 20 v
3.10395 2.35637 20 v
3.10258 2.36982 20 v
3.10119 2.38338 20 v
3.09976 2.39705 20 v
3.09833 2.41066 20 v
3.09692 2.42404 20 v
3.09554 2.43718 20 v
3.09418 2.4501 20 v
3.09284 2.46278 20 v
3.09152 2.47523 20 v
3.09022 2.48744 20 v
3.08895 2.49943 20 v
3.0877 2.51118 20 v
3.08647 2.5227 20 v
3.08527 2.53399 20 v
3.08408 2.54504 20 v
3.08292 2.55587 20 v
3.08178 2.56646 20 v
3.08067 2.57682 20 v
3.07958 2.58695 20 v
3.0785 2.59684 20 v
3.07746 2.6065 20 v
3.07643 2.61593 20 v
3.07543 2.62513 20 v
3.07445 2.6341 20 v
3.07349 2.64283 20 v
3.07255 2.65134 20 v
3.07164 2.65961 20 v
3.07075 2.66764 20 v
3.06988 2.67545 20 v
3.06903 2.68302 20 v
3.06821 2.69036 20 v
3.06741 2.69747 20 v
3.06663 2.70435 20 v
3.06587 2.711 20 v
3.06514 2.71741 20 v
3.06443 2.72359 20 v
3.06374 2.72954 20 v
3.06307 2.73526 20 v
3.06243 2.74074 20 v
3.0618 2.74599 20 v
3.0612 2.75101 20 v
3.06063 2.7558 20 v
3.06007 2.76036 20 v

2.65157 2.55685 20 u
2.65716 2.55488 20 u
2.66274 2.5529 20 u
2.66832 2.55093 20 u
2.67391 2.54895 20 u
2.67949 2.54697 20 u
2.68508 2.545 20 u
2.69067 2.54302 20 u
2.69625 2.54104 20 u
2.70184 2.53906 20 u
2.70743 2.53708 20 u
2.71302 2.5351 20 u
2.71861 2.53311 20 u
2.7242 2.53113 20 u
2.72979 2.52915 20 u
2.73538 2.52716 20 u
2.74097 2.52518 20 u
2.74657 2.52319 20 u
2.75216 2.5212 20 u
2.75775 2.51922 20 u
2.76335 2.51723 20 u
2.76894 2.51524 20 u
2.77454 2.51325 20 u
2.78014 2.51126 20 u
2.78573 2.50926 20 u
2.79133 2.50727 20 u
2.79693 2.50528 20 u
2.80253 2.50328 20 u
2.80813 2.50129 20 u
2.81373 2.49929 20 u
2.81933 2.4973 20 u
2.82493 2.4953 20 u
2.83054 2.4933 20 u
2.83614 2.4913 20 u
2.84174 2.4893 20 u
2.84735 2.4873 20 u
2.85295 2.4853 20 u
2.85856 2.4833 20 u
2.86416 2.48129 20 u
2.86977 2.47929 20 u
2.87538 2.47729 20 u

2.60491 2.75753 20 u
2.61081 2.75586 20 u
2.6167 2.75418 20 u
2.6226 2.75251 20 u
2.62849 2.75084 20 u
2.63438 2.74917 20 u
2.64028 2.74751 20 u
2.64617 2.74584 20 u
2.65206 2.74417 20 u
2.65795 2.7425 20 u
2.66385 2.74083 20 u
2.66974 2.73917 20 u
2.67563 2.7375 20 u
2.68152 2.73584 20 u
2.68741 2.73417 20 u
2.6933 2.73251 20 u
2.69918 2.73085 20 u
2.70507 2.72918 20 u
2.71096 2.72752 20 u
2.71685 2.72586 20 u
2.72273 2.7242 20 u
2.72862 2.72254 20 u
2.73451 2.72088 20 u
2.74039 2.71922 20 u
2.74628 2.71756 20 u
2.75216 2.7159 20 u
2.75805 2.71424 20 u
2.76393 2.71258 20 u
2.76981 2.71093 20 u
2.7757 2.70927 20 u
2.78158 2.70762 20 u
2.78746 2.70596 20 u
2.79334 2.70431 20 u
2.79922 2.70265 20 u
2.8051 2.701 20 u
2.81098 2.69934 20 u
2.81686 2.69769 20 u
2.82274 2.69604 20 u
2.82862 2.69439 20 u
2.8345 2.69274 20 u
2.84038 2.69109 20 u

2.52409 2.89367 20 u
2.53078 2.892 20 u
2.53748 2.89034 20 u
2.54417 2.88868 20 u
2.55087 2.88702 20 u
2.55757 2.88536 20 u
2.56426 2.8837 20 u
2.57096 2.88204 20 u
2.57765 2.88037 20 u
2.58435 2.87871 20 u
2.59105 2.87705 20 u
2.59775 2.87539 20 u
2.60444 2.87372 20 u
2.61114 2.87206 20 u
2.61784 2.8704 20 u
2.62453 2.86873 20 u
2.63123 2.86707 20 u
2.63793 2.86541 20 u
2.64463 2.86374 20 u
2.65133 2.86208 20 u
2.65802 2.86042 20 u
2.66472 2.85875 20 u
2.67142 2.85709 20 u
2.67812 2.85542 20 u
2.68482 2.85376 20 u
2.69152 2.85209 20 u
2.69821 2.85043 20 u
2.70491 2.84876 20 u
2.71161 2.84709 20 u
2.71831 2.84543 20 u
2.72501 2.84376 20 u
2.73171 2.8421 20 u
2.73841 2.84043 20 u
2.74511 2.83876 20 u
2.75181 2.8371 20 u
2.75851 2.83543 20 u
2.76521 2.83376 20 u
2.77191 2.8321 20 u
2.77861 2.83043 20 u
2.78531 2.82876 20 u
2.79201 2.82709 20 u

2.65157 2.55685 20 v
2.65005 2.56842 20 v
2.64845 2.57982 20 v
2.64675 2.59107 20 v
2.64497 2.60215 20 v
2.64311 2.61307 20 v
2.64116 2.62383 20 v
2.63913 2.63443 20 v
2.63701 2.64487 20 v
2.6348 2.65514 20 v
2.63251 2.66526 20 v
2.63014 2.67521 20 v
2.62768 2.685 20 v
2.62513 2.69463 20 v
2.6225 2.7041 20 v
2.61978 2.71341 20 v
2.61698 2.72256 20 v
2.61409 2.73154 20 v
2.61111 2.74036 20 v
2.60806 2.74903 20 v
2.60491 2.75753 20 v
2.60168 2.76587 20 v
2.59837 2.77405 20 v
2.59497 2.78206 20 v
2.59148 2.78992 20 v
2.58791 2.79761 20 v
2.58425 2.80515 20 v
2.58051 2.81252 20 v
2.57668 2.81973 20 v
2.57277 2.82678 20 v
2.56877 2.83366 20 v
2.56468 2.84039 20 v
2.56052 2.84695 20 v
2.55626 2.85336 20 v
2.55192 2.8596 20 v
2.54749 2.86568 20 v
2.54298 2.8716 20 v
2.53839 2.87736 20 v
2.53371 2.88296 20 v
2.52894 2.88839 20 v
2.52409 2.89367 20 v

2.76335 2.51723 20 v
2.76189 2.52926 20 v
2.76037 2.54111 20 v
2.75879 2.55278 20 v
2.75715 2.56428 20 v
2.75545 2.5756 20 v
2.75369 2.58675 20 v
2.75187 2.59771 20 v
2.74999 2.60851 20 v
2.74805 2.61912 20 v
2.74605 2.62956 20 v
2.74399 2.63982 20 v
2.74187 2.6499 20 v
2.73969 2.65981 20 v
2.73745 2.66954 20 v
2.73515 2.67909 20 v
2.73278 2.68846 20 v
2.73036 2.69766 20 v
2.72788 2.70668 20 v
2.72534 2.71553 20 v
2.72273 2.7242 20 v
2.72007 2.73269 20 v
2.71735 2.741 20 v
2.71456 2.74914 20 v
2.71172 2.7571 20 v
2.70882 2.76489 20 v
2.70585 2.77249 20 v
2.70283 2.77992 20 v
2.69974 2.78717 20 v
2.6966 2.79425 20 v
2.69339 2.80115 20 v
2.69013 2.80787 20 v
2.6868 2.81442 20 v
2.68341 2.82079 20 v
2.67997 2.82698 20 v
2.67646 2.83299 20 v
2.67289 2.83883 20 v
2.66927 2.84449 20 v
2.66558 2.84998 20 v
2.66183 2.85528 20 v
2.65802 2.86042 20 v

2.87538 2.47729 20 v
2.87395 2.48982 20 v
2.87248 2.50217 20 v
2.87098 2.51432 20 v
2.86945 2.52627 20 v
2.86788 2.53803 20 v
2.86628 2.5496 20 v
2.86465 2.56097 20 v
2.86298 2.57214 20 v
2.86128 2.58312 20 v
2.85955 2.59391 20 v
2.85778 2.6045 20 v
2.85598 2.6149 20 v
2.85415 2.62511 20 v
2.85228 2.63512 20 v
2.85038 2.64493 20 v
2.84845 2.65455 20 v
2.84648 2.66398 20 v
2.84448 2.67321 20 v
2.84245 2.68225 20 v
2.84038 2.69109 20 v
2.83828 2.69974 20 v
2.83614 2.70819 20 v
2.83398 2.71645 20 v
2.83177 2.72451 20 v
2.82954 2.73238 20 v
2.82727 2.74006 20 v
2.82497 2.74754 20 v
2.82264 2.75483 20 v
2.82027 2.76192 20 v
2.81787 2.76882 20 v
2.81543 2.77552 20 v
2.81296 2.78203 20 v
2.81046 2.78834 20 v
2.80793 2.79446 20 v
2.80536 2.80039 20 v
2.80275 2.80612 20 v
2.80012 2.81165 20 v
2.79745 2.81699 20 v
2.79475 2.82214 20 v
2.79201 2.82709 20 v

2.66493 2.02253 20 u
2.66766 2.02212 20 u
2.67055 2.02168 20 u
2.67361 2.02121 20 u
2.67685 2.0207 20 u
2.68026 2.02015 20 u
2.68387 2.01956 20 u
2.68766 2.01893 20 u
2.69166 2.01825 20 u
2.69586 2.01753 20 u
2.70028 2.01676 20 u
2.70491 2.01594 20 u
2.70976 2.01507 20 u
2.71483 2.01415 20 u
2.72013 2.01318 20 u
2.72567 2.01215 20 u
2.73143 2.01107 20 u
2.73742 2.00993 20 u
2.74364 2.00873 20 u
2.75008 2.00748 20 u
2.75675 2.00617 20 u
2.7636 2.00481 20 u
2.7706 2.00343 20 u
2.77775 2.00203 20 u
2.78502 2.00061 20 u
2.79239 1.99917 20 u
2.79985 1.99772 20 u
2.80738 1.99625 20 u
2.81496 1.99479 20 u
2.82255 1.99333 20 u
2.83014 1.99187 20 u
2.83769 1.99042 20 u
2.84518 1.98899 20 u
2.85258 1.98759 20 u
2.85986 1.98621 20 u
2.86699 1.98487 20 u
2.87393 1.98356 20 u
2.88067 1.98231 20 u
2.88717 1.9811 20 u
2.89341 1.97995 20 u
2.89936 1.97886 20 u

2.66848 2.2501 20 u
2.67303 2.25078 20 u
2.67767 2.25142 20 u
2.6824 2.25201 20 u
2.68723 2.25255 20 u
2.69214 2.25303 20 u
2.69714 2.25346 20 u
2.70223 2.25383 20 u
2.70741 2.25415 20 u
2.71266 2.2544 20 u
2.718 2.25459 20 u
2.72341 2.25471 20 u
2.72891 2.25477 20 u
2.73447 2.25476 20 u
2.74011 2.25468 20 u
2.74581 2.25454 20 u
2.75157 2.25431 20 u
2.75739 2.25402 20 u
2.76327 2.25365 20 u
2.76921 2.2532 20 u
2.77518 2.25268 20 u
2.7812 2.25208 20 u
2.78725 2.25141 20 u
2.79333 2.25066 20 u
2.79943 2.24983 20 u
2.80555 2.24893 20 u
2.81168 2.24795 20 u
2.81781 2.24689 20 u
2.82395 2.24576 20 u
2.83008 2.24455 20 u
2.8362 2.24326 20 u
2.8423 2.24189 20 u
2.84838 2.24045 20 u
2.85444 2.23894 20 u
2.86046 2.23735 20 u
2.86643 2.23569 20 u
2.87237 2.23395 20 u
2.87825 2.23215 20 u
2.88408 2.23028 20 u
2.88984 2.22834 20 u
2.89553 2.22633 20 u

2.65157 2.55685 20 u
2.65716 2.55488 20 u
2.66274 2.5529 20 u
2.66832 2.55093 20 u
2.67391 2.54895 20 u
2.67949 2.54697 20 u
2.68508 2.545 20 u
2.69067 2.54302 20 u
2.69625 2.54104 20 u
2.70184 2.53906 20 u
2.70743 2.53708 20 u
2.71302 2.5351 20 u
2.71861 2.53311 20 u
2.7242 2.53113 20 u
2.72979 2.52915 20 u
2.73538 2.52716 20 u
2.74097 2.52518 20 u
2.74657 2.52319 20 u
2.75216 2.5212 20 u
2.75775 2.51922 20 u
2.76335 2.51723 20 u
2.76894 2.51524 20 u
2.77454 2.51325 20 u
2.78014 2.51126 20 u
2.78573 2.50926 20 u
2.79133 2.50727 20 u
2.79693 2.50528 20 u
2.80253 2.50328 20 u
2.80813 2.50129 20 u
2.81373 2.49929 20 u
2.81933 2.4973 20 u
2.82493 2.4953 20 u
2.83054 2.4933 20 u
2.83614 2.4913 20 u
2.84174 2.4893 20 u
2.84735 2.4873 20 u
2.85295 2.4853 20 u
2.85856 2.4833 20 u
2.86416 2.48129 20 u
2.86977 2.47929 20 u
2.87538 2.47729 20 u

2.66493 2.02253 20 v
2.6653 2.03025 20 v
2.66566 2.03832 20 v
2.666 2.04674 20 v
2.66634 2.05552 20 v
2.66667 2.06468 20 v
2.66697 2.07423 20 v
2.66727 2.08416 20 v
2.66754 2.0945 20 v
2.66779 2.10524 20 v
2.66802 2.11638 20 v
2.66822 2.12795 20 v
2.6684 2.13992 20 v
2.66854 2.15232 20 v
2.66865 2.16512 20 v
2.66873 2.17833 20 v
2.66877 2.19194 20 v
2.66876 2.20593 20 v
2.66872 2.22031 20 v
2.66862 2.23503 20 v
2.66848 2.2501 20 v
2.66828 2.26547 20 v
2.66802 2.28113 20 v
2.6677 2.29704 20 v
2.66731 2.31317 20 v
2.66686 2.32946 20 v
2.66633 2.34589 20 v
2.66574 2.36239 20 v
2.66507 2.37892 20 v
2.66432 2.39541 20 v
2.66351 2.41182 20 v
2.66262 2.42807 20 v
2.66165 2.4441 20 v
2.66062 2.45985 20 v
2.65951 2.47526 20 v
2.65834 2.49025 20 v
2.6571 2.50476 20 v
2.6558 2.51874 20 v
2.65444 2.53211 20 v
2.65303 2.54484 20 v
2.65157 2.55685 20 v

2.75675 2.00617 20 v
2.75819 2.01698 20 v
2.75959 2.02798 20 v
2.76095 2.03916 20 v
2.76227 2.05053 20 v
2.76353 2.06207 20 v
2.76475 2.07379 20 v
2.76591 2.08567 20 v
2.76702 2.09772 20 v
2.76807 2.10993 20 v
2.76906 2.1223 20 v
2.76999 2.1348 20 v
2.77085 2.14745 20 v
2.77165 2.16023 20 v
2.77238 2.17313 20 v
2.77304 2.18615 20 v
2.77362 2.19928 20 v
2.77413 2.21251 20 v
2.77456 2.22582 20 v
2.77491 2.23922 20 v
2.77518 2.25268 20 v
2.77538 2.2662 20 v
2.77549 2.27976 20 v
2.77553 2.29336 20 v
2.77548 2.30697 20 v
2.77536 2.32059 20 v
2.77515 2.33421 20 v
2.77486 2.34781 20 v
2.77448 2.36138 20 v
2.77402 2.37491 20 v
2.77347 2.38838 20 v
2.77284 2.40179 20 v
2.77213 2.41511 20 v
2.77133 2.42834 20 v
2.77044 2.44146 20 v
2.76947 2.45446 20 v
2.76841 2.46733 20 v
2.76727 2.48006 20 v
2.76604 2.49262 20 v
2.76474 2.50501 20 v
2.76335 2.51723 20 v

2.89936 1.97886 20 v
2.89956 1.99116 20 v
2.89971 2.00345 20 v
2.89983 2.01576 20 v
2.8999 2.02808 20 v
2.89993 2.0404 20 v
2.89993 2.05274 20 v
2.89988 2.06508 20 v
2.89979 2.07743 20 v
2.89966 2.08979 20 v
2.89949 2.10216 20 v
2.89927 2.11454 20 v
2.89902 2.12693 20 v
2.89873 2.13932 20 v
2.89839 2.15172 20 v
2.89802 2.16414 20 v
2.8976 2.17656 20 v
2.89715 2.18899 20 v
2.89665 2.20143 20 v
2.89611 2.21387 20 v
2.89553 2.22633 20 v
2.89491 2.23879 20 v
2.89425 2.25127 20 v
2.89355 2.26375 20 v
2.89281 2.27624 20 v
2.89202 2.28874 20 v
2.8912 2.30125 20 v
2.89034 2.31377 20 v
2.88943 2.32629 20 v
2.88848 2.33883 20 v
2.8875 2.35137 20 v
2.88647 2.36392 20 v
2.8854 2.37648 20 v
2.88429 2.38905 20 v
2.88314 2.40163 20 v
2.88195 2.41422 20 v
2.88072 2.42682 20 v
2.87944 2.43942 20 v
2.87813 2.45203 20 v
2.87677 2.46466 20 v
2.87538 2.47729 20 v

1.22621 4.30336 0 u
1.23537 4.31302 0 u
1.24423 4.32279 0 u
1.25279 4.33266 0 u
1.26105 4.34262 0 u
1.26901 4.35269 0 u
1.27666 4.36286 0 u
1.28402 4.37313 0 u
1.29108 4.3835 0 u
1.29784 4.39397 0 u
1.3043 4.40454 0 u
1.31046 4.41521 0 u
1.31632 4.42599 0 u
1.32188 4.43686 0 u
1.32714 4.44783 0 u
1.3321 4.45891 0 u
1.33676 4.47009 0 u
1.34112 4.48136 0 u
1.34518 4.49274 0 u
1.34894 4.50422 0 u
1.3524 4.5158 0 u
1.35556 4.52748 0 u
1.35842 4.53926 0 u
1.36098 4.55114 0 u
1.36324 4.56312 0 u
1.3652 4.5752 0 u
1.36686 4.58738 0 u
1.36822 4.59966 0 u
1.36928 4.61204 0 u
1.37004 4.62452 0 u
1.3705 4.6371 0 u
1.37066 4.64978 0 u
1.37052 4.66256 0 u
1.37008 4.67544 0 u
1.36934 4.68842 0 u
1.3683 4.70151 0 u
1.36696 4.71469 0 u
1.36532 4.72797 0 u
1.36338 4.74135 0 u
1.36114 4.75483 0 u
1.3586 4.76841 0 u

1.22621 4.30336 1 u
1.23537 4.31302 1 u
1.24423 4.32279 1 u
1.25279 4.33266 1 u
1.26105 4.34262 1 u
1.26901 4.35269 1 u
1.27666 4.36286 1 u
1.28402 4.37313 1 u
1.29108 4.3835 1 u
1.29784 4.39397 1 u
1.3043 4.40454 1 u
1.31046 4.41521 1 u
1.31632 4.42599 1 u
1.32188 4.43686 1 u
1.32714 4.44783 1 u
1.3321 4.45891 1 u
1.33676 4.47009 1 u
1.34112 4.48136 1 u
1.34518 4.49274 1 u
1.34894 4.50422 1 u
1.3524 4.5158 1 u
1.35556 4.52748 1 u
1.35842 4.53926 1 u
1.36098 4.55114 1 u
1.36324 4.56312 1 u
1.3652 4.5752 1 u
1.36686 4.58738 1 u
1.36822 4.59966 1 u
1.36928 4.61204 1 u
1.37004 4.62452 1 u
1.3705 4.6371 1 u
1.37066 4.64978 1 u
1.37052 4.66256 1 u
1.37008 4.67544 1 u
1.36934 4.68842 1 u
1.3683 4.70151 1 u
1.36696 4.71469 1 u
1.36532 4.72797 1 u
1.36338 4.74135 1 u
1.36114 4.75483 1 u
1.3586 4.76841 1 u

0.655012 4.33787 0 u
0.646712 4.34572 0 u
0.638412 4.35357 0 u
0.630112 4.36142 0 u
0.621811 4.36927 0 u
0.613511 4.37713 0 u
0.605211 4.38498 0 u
0.596911 4.39283 0 u
0.58861 4.40068 0 u
0.58031 4.40853 0 u
0.57201 4.41638 0 u
0.56371 4.42423 0 u
0.555409 4.43208 0 u
0.547109 4.43993 0 u
0.538809 4.44778 0 u
0.530508 4.45563 0 u
0.522208 4.46348 0 u
0.513908 4.47133 0 u
0.505607 4.47918 0 u
0.497307 4.48703 0 u
0.489007 4.49488 0 u
0.480706 4.50273 0 u
0.472406 4.51058 0 u
0.464105 4.51843 0 u
0.455805 4.52628 0 u
0.447505 4.53413 0 u
0.439204 4.54198 0 u
0.430904 4.54983 0 u
0.422604 4.55768 0 u
0.414303 4.56553 0 u
0.406003 4.57338 0 u
0.397703 4.58123 0 u
0.389402 4.58908 0 u
0.381102 4.59693 0 u
0.372802 4.60478 0 u
0.364501 4.61263 0 u
0.356201 4.62048 0 u
0.347901 4.62833 0 u
0.339601 4.63618 0 u
0.3313 4.64403 0 u
0.323 4.65188 0 u

0.655012 4.33787 5 v
0.646712 4.34572 5 v
0.638412 4.35357 5 v
0.630112 4.36142 5 v
0.621811 4.36927 5 v
0.613511 4.37713 5 v
0.605211 4.38498 5 v
0.596911 4.39283 5 v
0.58861 4.40068 5 v
0.58031 4.40853 5 v
0.57201 4.41638 5 v
0.56371 4.42423 5 v
0.555409 4.43208 5 v
0.547109 4.43993 5 v
0.538809 4.44778 5 v
0.530508 4.45563 5 v
0.522208 4.46348 5 v
0.513908 4.47133 5 v
0.505607 4.47918 5 v
0.497307 4.48703 5 v
0.489007 4.49488 5 v
0.480706 4.50273 5 v
0.472406 4.51058 5 v
0.464105 4.51843 5 v
0.455805 4.52628 5 v
0.447505 4.53413 5 v
0.439204 4.54198 5 v
0.430904 4.54983 5 v
0.422604 4.55768 5 v
0.414303 4.56553 5 v
0.406003 4.57338 5 v
0.397703 4.58123 5 v
0.389402 4.58908 5 v
0.381102 4.59693 5 v
0.372802 4.60478 5 v
0.364501 4.61263 5 v
0.356201 4.62048 5 v
0.347901 4.62833 5 v
0.339601 4.63618 5 v
0.3313 4.64403 5 v
0.323 4.65188 5 v

1.73769 4.10995 1 u
1.73928 4.12313 1 u
1.74101 4.13623 1 u
1.7429 4.14926 1 u
1.74493 4.16221 1 u
1.74712 4.17509 1 u
1.74945 4.18789 1 u
1.75193 4.20062 1 u
1.75457 4.21327 1 u
1.75735 4.22585 1 u
1.76029 4.23835 1 u
1.76337 4.25078 1 u
1.7666 4.26313 1 u
1.76998 4.27541 1 u
1.77351 4.28761 1 u
1.7772 4.29974 1 u
1.78103 4.31179 1 u
1.78501 4.32377 1 u
1.78914 4.33567 1 u
1.79342 4.3475 1 u
1.79785 4.35925 1 u
1.80243 4.37098 1 u
1.80716 4.38273 1 u
1.81204 4.39451 1 u
1.81707 4.40631 1 u
1.82225 4.41814 1 u
1.82759 4.42999 1 u
1.83307 4.44187 1 u
1.8387 4.45377 1 u
1.84448 4.4657 1 u
1.85042 4.47766 1 u
1.8565 4.48964 1 u
1.86274 4.50164 1 u
1.86912 4.51367 1 u
1.87565 4.52572 1 u
1.88234 4.5378 1 u
1.88917 4.54991 1 u
1.89616 4.56204 1 u
1.9033 4.57419 1 u
1.91058 4.58637 1 u
1.91802 4.59858 1 u

1.73769 4.10995 2 u
1.73928 4.12313 2 u
1.74101 4.13623 2 u
1.7429 4.14926 2 u
1.74493 4.16221 2 u
1.74712 4.17509 2 u
1.74945 4.18789 2 u
1.75193 4.20062 2 u
1.75457 4.21327 2 u
1.75735 4.22585 2 u
1.76029 4.23835 2 u
1.76337 4.25078 2 u
1.7666 4.26313 2 u
1.76998 4.27541 2 u
1.77351 4.28761 2 u
1.7772 4.29974 2 u
1.78103 4.31179 2 u
1.78501 4.32377 2 u
1.78914 4.33567 2 u
1.79342 4.3475 2 u
1.79785 4.35925 2 u
1.80243 4.37098 2 u
1.80716 4.38273 2 u
1.81204 4.39451 2 u
1.81707 4.40631 2 u
1.82225 4.41814 2 u
1.82759 4.42999 2 u
1.83307 4.44187 2 u
1.8387 4.45377 2 u
1.84448 4.4657 2 u
1.85042 4.47766 2 u
1.8565 4.48964 2 u
1.86274 4.50164 2 u
1.86912 4.51367 2 u
1.87565 4.52572 2 u
1.88234 4.5378 2 u
1.88917 4.54991 2 u
1.89616 4.56204 2 u
1.9033 4.57419 2 u
1.91058 4.58637 2 u
1.91802 4.59858 2 u

1.22621 4.30336 1 v
1.24285 4.3034 1 v
1.25919 4.30319 1 v
1.27523 4.30273 1 v
1.29096 4.30202 1 v
1.3064 4.30106 1 v
1.32154 4.29984 1 v
1.33638 4.29838 1 v
1.35092 4.29667 1 v
1.36515 4.29471 1 v
1.37909 4.2925 1 v
1.39273 4.29004 1 v
1.40606 4.28733 1 v
1.4191 4.28437 1 v
1.43184 4.28116 1 v
1.44427 4.2777 1 v
1.45641 4.27399 1 v
1.46824 4.27003 1 v
1.47978 4.26582 1 v
1.49101 4.26136 1 v
1.50195 4.25665 1 v
1.51279 4.25169 1 v
1.52372 4.24648 1 v
1.53476 4.24102 1 v
1.54589 4.23531 1 v
1.55713 4.22935 1 v
1.56846 4.22314 1 v
1.5799 4.21668 1 v
1.59144 4.20997 1 v
1.60307 4.20301 1 v
1.61481 4.1958 1 v
1.62665 4.18834 1 v
1.63858 4.18063 1 v
1.65062 4.17267 1 v
1.66276 4.16446 1 v
1.675 4.156 1 v
1.68734 4.14729 1 v
1.69977 4.13833 1 v
1.71231 4.12912 1 v
1.72495 4.11966 1 v
1.73769 4.10995 1 v

1.22621 4.30336 6 v
1.24285 4.3034 6 v
1.25919 4.30319 6 v
1.27523 4.30273 6 v
1.29096 4.30202 6 v
1.3064 4.30106 6 v
1.32154 4.29984 6 v
1.33638 4.29838 6 v
1.35092 4.29667 6 v
1.36515 4.29471 6 v
1.37909 4.2925 6 v
1.39273 4.29004 6 v
1.40606 4.28733 6 v
1.4191 4.28437 6 v
1.43184 4.28116 6 v
1.44427 4.2777 6 v
1.45641 4.27399 6 v
1.46824 4.27003 6 v
1.47978 4.26582 6 v
1.49101 4.26136 6 v
1.50195 4.25665 6 v
1.51279 4.25169 6 v
1.52372 4.24648 6 v
1.53476 4.24102 6 v
1.54589 4.23531 6 v
1.55713 4.22935 6 v
1.56846 4.22314 6 v
1.5799 4.21668 6 v
1.59144 4.20997 6 v
1.60307 4.20301 6 v
1.61481 4.1958 6 v
1.62665 4.18834 6 v
1.63858 4.18063 6 v
1.65062 4.17267 6 v
1.66276 4.16446 6 v
1.675 4.156 6 v
1.68734 4.14729 6 v
1.69977 4.13833 6 v
1.71231 4.12912 6 v
1.72495 4.11966 6 v
1.73769 4.10995 6 v

2.1415 3.97101 2 u
2.14952 3.98048 2 u
2.15744 3.99001 2 u
2.16526 3.99958 2 u
2.17298 4.0092 2 u
2.1806 4.01888 2 u
2.18812 4.0286 2 u
2.19553 4.03837 2 u
2.20285 4.0482 2 u
2.21007 4.05807 2 u
2.21719 4.06799 2 u
2.2242 4.07796 2 u
2.23112 4.08798 2 u
2.23794 4.09806 2 u
2.24466 4.10818 2 u
2.25127 4.11835 2 u
2.25779 4.12857 2 u
2.2642 4.13884 2 u
2.27052 4.14916 2 u
2.27673 4.15953 2 u
2.28285 4.16995 2 u
2.28887 4.18042 2 u
2.29478 4.19094 2 u
2.3006 4.20151 2 u
2.30631 4.21213 2 u
2.31193 4.2228 2 u
2.31744 4.23352 2 u
2.32286 4.24428 2 u
2.32818 4.2551 2 u
2.3334 4.26597 2 u
2.33851 4.27689 2 u
2.34353 4.28785 2 u
2.34845 4.29887 2 u
2.35327 4.30994 2 u
2.35798 4.32106 2 u
2.3626 4.33222 2 u
2.36712 4.34344 2 u
2.37154 4.3547 2 u
2.37586 4.36602 2 u
2.38008 4.37738 2 u
2.3842 4.3888 2 u

2.1415 3.97101 3 u
2.14952 3.98048 3 u
2.15744 3.99001 3 u
2.16526 3.99958 3 u
2.17298 4.0092 3 u
2.1806 4.01888 3 u
2.18812 4.0286 3 u
2.19553 4.03837 3 u
2.20285 4.0482 3 u
2.21007 4.05807 3 u
2.21719 4.06799 3 u
2.2242 4.07796 3 u
2.23112 4.08798 3 u
2.23794 4.09806 3 u
2.24466 4.10818 3 u
2.25127 4.11835 3 u
2.25779 4.12857 3 u
2.2642 4.13884 3 u
2.27052 4.14916 3 u
2.27673 4.15953 3 u
2.28285 4.16995 3 u
2.28887 4.18042 3 u
2.29478 4.19094 3 u
2.3006 4.20151 3 u
2.30631 4.21213 3 u
2.31193 4.2228 3 u
2.31744 4.23352 3 u
2.32286 4.24428 3 u
2.32818 4.2551 3 u
2.3334 4.26597 3 u
2.33851 4.27689 3 u
2.34353 4.28785 3 u
2.34845 4.29887 3 u
2.35327 4.30994 3 u
2.35798 4.32106 3 u
2.3626 4.33222 3 u
2.36712 4.34344 3 u
2.37154 4.3547 3 u
2.37586 4.36602 3 u
2.38008 4.37738 3 u
2.3842 4.3888 3 u

2.4888 3.74144 3 u
2.49327 3.75294 3 u
2.49777 3.76439 3 u
2.50229 3.77579 3 u
2.50684 3.78714 3 u
2.51141 3.79844 3 u
2.51601 3.80969 3 u
2.52063 3.82089 3 u
2.52528 3.83204 3 u
2.52995 3.84314 3 u
2.53465 3.85418 3 u
2.53937 3.86518 3 u
2.54412 3.87613 3 u
2.54889 3.88703 3 u
2.55369 3.89787 3 u
2.55851 3.90867 3 u
2.56336 3.91942 3 u
2.56823 3.93011 3 u
2.57313 3.94076 3 u
2.57805 3.95135 3 u
2.583 3.9619 3 u
2.58802 3.9724 3 u
2.59317 3.98284 3 u
2.59844 3.99324 3 u
2.60384 4.00358 3 u
2.60936 4.01388 3 u
2.61501 4.02413 3 u
2.62078 4.03432 3 u
2.62668 4.04447 3 u
2.6327 4.05457 3 u
2.63885 4.06462 3 u
2.64512 4.07461 3 u
2.65152 4.08456 3 u
2.65804 4.09446 3 u
2.66469 4.10431 3 u
2.67146 4.11411 3 u
2.67836 4.12386 3 u
2.68538 4.13356 3 u
2.69253 4.14321 3 u
2.6998 4.15281 3 u
2.7072 4.16236 3 u

2.4888 3.74144 4 u
2.49327 3.75294 4 u
2.49777 3.76439 4 u
2.50229 3.77579 4 u
2.50684 3.78714 4 u
2.51141 3.79844 4 u
2.51601 3.80969 4 u
2.52063 3.82089 4 u
2.52528 3.83204 4 u
2.52995 3.84314 4 u
2.53465 3.85418 4 u
2.53937 3.86518 4 u
2.54412 3.87613 4 u
2.54889 3.88703 4 u
2.55369 3.89787 4 u
2.55851 3.90867 4 u
2.56336 3.91942 4 u
2.56823 3.93011 4 u
2.57313 3.94076 4 u
2.57805 3.95135 4 u
2.583 3.9619 4 u
2.58802 3.9724 4 u
2.59317 3.98284 4 u
2.59844 3.99324 4 u
2.60384 4.00358 4 u
2.60936 4.01388 4 u
2.61501 4.02413 4 u
2.62078 4.03432 4 u
2.62668 4.04447 4 u
2.6327 4.05457 4 u
2.63885 4.06462 4 u
2.64512 4.07461 4 u
2.65152 4.08456 4 u
2.65804 4.09446 4 u
2.66469 4.10431 4 u
2.67146 4.11411 4 u
2.67836 4.12386 4 u
2.68538 4.13356 4 u
2.69253 4.14321 4 u
2.6998 4.15281 4 u
2.7072 4.16236 4 u

2.1415 3.97101 3 v
2.15502 3.96921 3 v
2.16821 3.96728 3 v
2.18108 3.96522 3 v
2.19362 3.96305 3 v
2.20584 3.96074 3 v
2.21773 3.95831 3 v
2.2293 3.95576 3 v
2.24055 3.95308 3 v
2.25147 3.95028 3 v
2.26206 3.94735 3 v
2.27233 3.9443 3 v
2.28228 3.94112 3 v
2.2919 3.93782 3 v
2.30119 3.93439 3 v
2.31017 3.93084 3 v
2.31881 3.92716 3 v
2.32713 3.92336 3 v
2.33513 3.91943 3 v
2.3428 3.91538 3 v
2.35015 3.9112 3 v
2.35732 3.90675 3 v
2.36447 3.90187 3 v
2.37159 3.89657 3 v
2.37869 3.89084 3 v
2.38576 3.88469 3 v
2.39281 3.87811 3 v
2.39983 3.87111 3 v
2.40682 3.86369 3 v
2.41379 3.85584 3 v
2.42074 3.84756 3 v
2.42766 3.83886 3 v
2.43455 3.82973 3 v
2.44142 3.82018 3 v
2.44827 3.81021 3 v
2.45508 3.79981 3 v
2.46188 3.78899 3 v
2.46865 3.77774 3 v
2.47539 3.76606 3 v
2.48211 3.75396 3 v
2.4888 3.74144 3 v

2.1415 3.97101 7 v
2.15502 3.96921 7 v
2.16821 3.96728 7 v
2.18108 3.96522 7 v
2.19362 3.96305 7 v
2.20584 3.96074 7 v
2.21773 3.95831 7 v
2.2293 3.95576 7 v
2.24055 3.95308 7 v
2.25147 3.95028 7 v
2.26206 3.94735 7 v
2.27233 3.9443 7 v
2.28228 3.94112 7 v
2.2919 3.93782 7 v
2.30119 3.93439 7 v
2.31017 3.93084 7 v
2.31881 3.92716 7 v
2.32713 3.92336 7 v
2.33513 3.91943 7 v
2.3428 3.91538 7 v
2.35015 3.9112 7 v
2.35732 3.90675 7 v
2.36447 3.90187 7 v
2.37159 3.89657 7 v
2.37869 3.89084 7 v
2.38576 3.88469 7 v
2.39281 3.87811 7 v
2.39983 3.87111 7 v
2.40682 3.86369 7 v
2.41379 3.85584 7 v
2.42074 3.84756 7 v
2.42766 3.83886 7 v
2.43455 3.82973 7 v
2.44142 3.82018 7 v
2.44827 3.81021 7 v
2.45508 3.79981 7 v
2.46188 3.78899 7 v
2.46865 3.77774 7 v
2.47539 3.76606 7 v
2.48211 3.75396 7 v
2.4888 3.74144 7 v

2.78312 3.59546 4 u
2.79146 3.59731 4 u
2.7998 3.59916 4 u
2.80815 3.60102 4 u
2.81649 3.60287 4 u
2.82483 3.60472 4 u
2.83317 3.60657 4 u
2.84151 3.60842 4 u
2.84986 3.61028 4 u
2.8582 3.61213 4 u
2.86654 3.61398 4 u
2.87488 3.61583 4 u
2.88322 3.61768 4 u
2.89156 3.61954 4 u
2.89991 3.62139 4 u
2.90825 3.62324 4 u
2.91659 3.62509 4 u
2.92493 3.62694 4 u
2.93327 3.6288 4 u
2.94161 3.63065 4 u
2.94995 3.6325 4 u
2.9583 3.63435 4 u
2.96664 3.6362 4 u
2.97498 3.63806 4 u
2.98332 3.63991 4 u
2.99166 3.64176 4 u
3 3.64361 4 u
3.00834 3.64546 4 u
3.01669 3.64732 4 u
3.02503 3.64917 4 u
3.03337 3.65102 4 u
3.04171 3.65287 4 u
3.05005 3.65472 4 u
3.05839 3.65658 4 u
3.06673 3.65843 4 u
3.07507 3.66028 4 u
3.08342 3.66213 4 u
3.09176 3.66398 4 u
3.1001 3.66584 4 u
3.10844 3.66769 4 u
3.11678 3.66954 4 u

2.78312 3.59546 8 v
2.79146 3.59731 8 v
2.7998 3.59916 8 v
2.80815 3.60102 8 v
2.81649 3.60287 8 v
2.82483 3.60472 8 v
2.83317 3.60657 8 v
2.84151 3.60842 8 v
2.84986 3.61028 8 v
2.8582 3.61213 8 v
2.86654 3.61398 8 v
2.87488 3.61583 8 v
2.88322 3.61768 8 v
2.89156 3.61954 8 v
2.89991 3.62139 8 v
2.90825 3.62324 8 v
2.91659 3.62509 8 v
2.92493 3.62694 8 v
2.93327 3.6288 8 v
2.94161 3.63065 8 v
2.94995 3.6325 8 v
2.9583 3.63435 8 v
2.96664 3.6362 8 v
2.97498 3.63806 8 v
2.98332 3.63991 8 v
2.99166 3.64176 8 v
3 3.64361 8 v
3.00834 3.64546 8 v
3.01669 3.64732 8 v
3.02503 3.64917 8 v
3.03337 3.65102 8 v
3.04171 3.65287 8 v
3.05005 3.65472 8 v
3.05839 3.65658 8 v
3.06673 3.65843 8 v
3.07507 3.66028 8 v
3.08342 3.66213 8 v
3.09176 3.66398 8 v
3.1001 3.66584 8 v
3.10844 3.66769 8 v
3.11678 3.66954 8 v

0.761178 3.62484 5 v
0.749161 3.62044 5 v
0.737183 3.61614 5 v
0.725242 3.61194 5 v
0.713339 3.60784 5 v
0.701473 3.60384 5 v
0.689645 3.59994 5 v
0.677855 3.59614 5 v
0.666102 3.59243 5 v
0.654387 3.58883 5 v
0.642709 3.58532 5 v
0.631069 3.58191 5 v
0.619467 3.5786 5 v
0.607902 3.57539 5 v
0.596375 3.57228 5 v
0.584885 3.56927 5 v
0.573433 3.56636 5 v
0.562019 3.56355 5 v
0.550642 3.56084 5 v
0.539303 3.55822 5 v
0.528002 3.55571 5 v
0.516662 3.55329 5 v
0.50521 3.55097 5 v
0.493645 3.54876 5 v
0.481968 3.54664 5 v
0.470177 3.54463 5 v
0.458273 3.54271 5 v
0.446257 3.5409 5 v
0.434127 3.53918 5 v
0.421885 3.53757 5 v
0.40953 3.53605 5 v
0.397062 3.53464 5 v
0.384481 3.53332 5 v
0.371787 3.53211 5 v
0.35898 3.531 5 v
0.34606 3.52998 5 v
0.333028 3.52907 5 v
0.319882 3.52826 5 v
0.306624 3.52754 5 v
0.293252 3.52693 5 v
0.279768 3.52642 5 v

0.761178 3.62484 9 v
0.755165 3.62263 9 v
0.749161 3.62044 9 v
0.743168 3.61828 9 v
0.737183 3.61614 9 v
0.731208 3.61403 9 v
0.725242 3.61194 9 v
0.719286 3.60988 9 v
0.713339 3.60784 9 v
0.707401 3.60583 9 v
0.701473 3.60384 9 v
0.695554 3.60188 9 v
0.689645 3.59994 9 v
0.683745 3.59803 9 v
0.677855 3.59614 9 v
0.671974 3.59427 9 v
0.666102 3.59243 9 v
0.660239 3.59062 9 v
0.654387 3.58883 9 v
0.648543 3.58706 9 v
0.642709 3.58532 9 v
0.636884 3.5836 9 v
0.631069 3.58191 9 v
0.625263 3.58025 9 v
0.619467 3.5786 9 v
0.613679 3.57699 9 v
0.607902 3.57539 9 v
0.602134 3.57383 9 v
0.596375 3.57228 9 v
0.590625 3.57077 9 v
0.584885 3.56927 9 v
0.579154 3.56781 9 v
0.573433 3.56636 9 v
0.567721 3.56494 9 v
0.562019 3.56355 9 v
0.556326 3.56218 9 v
0.550642 3.56084 9 v
0.544968 3.55952 9 v
0.539303 3.55822 9 v
0.533648 3.55695 9 v
0.528002 3.55571 9 v
0.522346 3.55448 9 v
0.516662 3.55329 9 v
0.51095 3.55212 9 v
0.50521 3.55097 9 v
0.499442 3.54985 9 v
0.493645 3.54876 9 v
0.487821 3.54769 9 v
0.481968 3.54664 9 v
0.476086 3.54562 9 v
0.470177 3.54463 9 v
0.464239 3.54366 9 v
0.458273 3.54271 9 v
0.452279 3.54179 9 v
0.446257 3.5409 9 v
0.440206 3.54003 9 v
0.434127 3.53918 9 v
0.42802 3.53836 9 v
0.421885 3.53757 9 v
0.415721 3.5368 9 v
0.40953 3.53605 9 v
0.40331 3.53533 9 v
0.397062 3.53464 9 v
0.390785 3.53397 9 v
0.384481 3.53332 9 v
0.378148 3.5327 9 v
0.371787 3.53211 9 v
0.365397 3.53154 9 v
0.35898 3.531 9 v
0.352534 3.53048 9 v
0.34606 3.52998 9 v
0.339558 3.52951 9 v
0.333028 3.52907 9 v
0.326469 3.52865 9 v
0.319882 3.52826 9 v
0.313267 3.52789 9 v
0.306624 3.52754 9 v
0.299952 3.52722 9 v
0.293252 3.52693 9 v
0.286524 3.52666 9 v
0.279768 3.52642 9 v

1.30491 3.66288 6 v
1.31414 3.66102 6 v
1.32337 3.65916 6 v
1.3326 3.65729 6 v
1.34183 3.65543 6 v
1.35106 3.65357 6 v
1.36029 3.65171 6 v
1.36952 3.64985 6 v
1.37875 3.64798 6 v
1.38798 3.64612 6 v
1.39721 3.64426 6 v
1.40644 3.6424 6 v
1.41567 3.64054 6 v
1.4249 3.63868 6 v
1.43413 3.63681 6 v
1.44336 3.63495 6 v
1.45259 3.63309 6 v
1.46182 3.63123 6 v
1.47105 3.62937 6 v
1.48028 3.62751 6 v
1.48951 3.62564 6 v
1.49874 3.62378 6 v
1.50797 3.62192 6 v
1.5172 3.62006 6 v
1.52643 3.6182 6 v
1.53566 3.61634 6 v
1.54489 3.61448 6 v
1.55412 3.61261 6 v
1.56335 3.61075 6 v
1.57258 3.60889 6 v
1.58181 3.60703 6 v
1.59104 3.60517 6 v
1.60027 3.60331 6 v
1.6095 3.60144 6 v
1.61873 3.59958 6 v
1.62796 3.59772 6 v
1.63719 3.59586 6 v
1.64642 3.594 6 v
1.65565 3.59213 6 v
1.66488 3.59027 6 v
1.67411 3.58841 6 v

1.30491 3.66288 11 v
1.31414 3.66102 11 v
1.32337 3.65916 11 v
1.3326 3.65729 11 v
1.34183 3.65543 11 v
1.35106 3.65357 11 v
1.36029 3.65171 11 v
1.36952 3.64985 11 v
1.37875 3.64798 11 v
1.38798 3.64612 11 v
1.39721 3.64426 11 v
1.40644 3.6424 11 v
1.41567 3.64054 11 v
1.4249 3.63868 11 v
1.43413 3.63681 11 v
1.44336 3.63495 11 v
1.45259 3.63309 11 v
1.46182 3.63123 11 v
1.47105 3.62937 11 v
1.48028 3.62751 11 v
1.48951 3.62564 11 v
1.49874 3.62378 11 v
1.50797 3.62192 11 v
1.5172 3.62006 11 v
1.52643 3.6182 11 v
1.53566 3.61634 11 v
1.54489 3.61448 11 v
1.55412 3.61261 11 v
1.56335 3.61075 11 v
1.57258 3.60889 11 v
1.58181 3.60703 11 v
1.59104 3.60517 11 v
1.60027 3.60331 11 v
1.6095 3.60144 11 v
1.61873 3.59958 11 v
1.62796 3.59772 11 v
1.63719 3.59586 11 v
1.64642 3.594 11 v
1.65565 3.59213 11 v
1.66488 3.59027 11 v
1.67411 3.58841 11 v

2.02495 3.49303 7 v
2.03313 3.48835 7 v
2.04131 3.48367 7 v
2.0495 3.47899 7 v
2.05768 3.47431 7 v
2.06586 3.46963 7 v
2.07404 3.46496 7 v
2.08222 3.46028 7 v
2.09041 3.4556 7 v
2.09859 3.45092 7 v
2.10677 3.44624 7 v
2.11495 3.44156 7 v
2.12313 3.43688 7 v
2.13132 3.4322 7 v
2.1395 3.42752 7 v
2.14768 3.42284 7 v
2.15586 3.41816 7 v
2.16404 3.41348 7 v
2.17223 3.4088 7 v
2.18041 3.40412 7 v
2.18859 3.39944 7 v
2.19677 3.39476 7 v
2.20495 3.39008 7 v
2.21314 3.3854 7 v
2.22132 3.38072 7 v
2.2295 3.37604 7 v
2.23768 3.37136 7 v
2.24586 3.36668 7 v
2.25405 3.362 7 v
2.26223 3.35732 7 v
2.27041 3.35264 7 v
2.27859 3.34796 7 v
2.28677 3.34328 7 v
2.29496 3.3386 7 v
2.30314 3.33392 7 v
2.31132 3.32924 7 v
2.3195 3.32456 7 v
2.32768 3.31988 7 v
2.33587 3.3152 7 v
2.34405 3.31052 7 v
2.35223 3.30584 7 v

2.02495 3.49303 13 v
2.03313 3.48835 13 v
2.04131 3.48367 13 v
2.0495 3.47899 13 v
2.05768 3.47431 13 v
2.06586 3.46963 13 v
2.07404 3.46496 13 v
2.08222 3.46028 13 v
2.09041 3.4556 13 v
2.09859 3.45092 13 v
2.10677 3.44624 13 v
2.11495 3.44156 13 v
2.12313 3.43688 13 v
2.13132 3.4322 13 v
2.1395 3.42752 13 v
2.14768 3.42284 13 v
2.15586 3.41816 13 v
2.16404 3.41348 13 v
2.17223 3.4088 13 v
2.18041 3.40412 13 v
2.18859 3.39944 13 v
2.19677 3.39476 13 v
2.20495 3.39008 13 v
2.21314 3.3854 13 v
2.22132 3.38072 13 v
2.2295 3.37604 13 v
2.23768 3.37136 13 v
2.24586 3.36668 13 v
2.25405 3.362 13 v
2.26223 3.35732 13 v
2.27041 3.35264 13 v
2.27859 3.34796 13 v
2.28677 3.34328 13 v
2.29496 3.3386 13 v
2.30314 3.33392 13 v
2.31132 3.32924 13 v
2.3195 3.32456 13 v
2.32768 3.31988 13 v
2.33587 3.3152 13 v
2.34405 3.31052 13 v
2.35223 3.30584 13 v

2.62301 3.22343 8 v
2.63377 3.22051 8 v
2.64454 3.2176 8 v
2.6553 3.21468 8 v
2.66606 3.21177 8 v
2.67683 3.20885 8 v
2.68759 3.20593 8 v
2.69835 3.20302 8 v
2.70911 3.2001 8 v
2.71988 3.19718 8 v
2.73064 3.19427 8 v
2.7414 3.19135 8 v
2.75217 3.18844 8 v
2.76293 3.18552 8 v
2.77369 3.1826 8 v
2.78445 3.17969 8 v
2.79522 3.17677 8 v
2.80598 3.17386 8 v
2.81674 3.17094 8 v
2.82751 3.16803 8 v
2.83827 3.16511 8 v
2.84903 3.16219 8 v
2.85979 3.15928 8 v
2.87056 3.15636 8 v
2.88132 3.15345 8 v
2.89208 3.15053 8 v
2.90284 3.14761 8 v
2.91361 3.1447 8 v
2.92437 3.14178 8 v
2.93513 3.13887 8 v
2.94589 3.13595 8 v
2.95665 3.13304 8 v
2.96742 3.13012 8 v
2.97818 3.1272 8 v
2.98894 3.12429 8 v
2.9997 3.12137 8 v
3.01046 3.11846 8 v
3.02123 3.11554 8 v
3.03199 3.11263 8 v
3.04275 3.10971 8 v
3.05351 3.10679 8 v

2.62301 3.22343 15 v
2.63377 3.22051 15 v
2.64454 3.2176 15 v
2.6553 3.21468 15 v
2.66606 3.21177 15 v
2.67683 3.20885 15 v
2.68759 3.20593 15 v
2.69835 3.20302 15 v
2.70911 3.2001 15 v
2.71988 3.19718 15 v
2.73064 3.19427 15 v
2.7414 3.19135 15 v
2.75217 3.18844 15 v
2.76293 3.18552 15 v
2.77369 3.1826 15 v
2.78445 3.17969 15 v
2.79522 3.17677 15 v
2.80598 3.17386 15 v
2.81674 3.17094 15 v
2.82751 3.16803 15 v
2.83827 3.16511 15 v
2.84903 3.16219 15 v
2.85979 3.15928 15 v
2.87056 3.15636 15 v
2.88132 3.15345 15 v
2.89208 3.15053 15 v
2.90284 3.14761 15 v
2.91361 3.1447 15 v
2.92437 3.14178 15 v
2.93513 3.13887 15 v
2.94589 3.13595 15 v
2.95665 3.13304 15 v
2.96742 3.13012 15 v
2.97818 3.1272 15 v
2.98894 3.12429 15 v
2.9997 3.12137 15 v
3.01046 3.11846 15 v
3.02123 3.11554 15 v
3.03199 3.11263 15 v
3.04275 3.10971 15 v
3.05351 3.10679 15 v

0.825139 3.13175 9 u
0.822408 3.1378 9 u
0.819725 3.14384 9 u
0.817091 3.14986 9 u
0.814505 3.15587 9 u
0.811967 3.16187 9 u
0.809478 3.16785 9 u
0.807036 3.17381 9 u
0.804643 3.17976 9 u
0.802299 3.1857 9 u
0.800002 3.19162 9 u
0.797754 3.19752 9 u
0.795555 3.20342 9 u
0.793403 3.20929 9 u
0.7913 3.21515 9 u
0.789245 3.221 9 u
0.787238 3.22683 9 u
0.78528 3.23265 9 u
0.78337 3.23845 9 u
0.781508 3.24424 9 u
0.779695 3.25001 9 u
0.777929 3.25577 9 u
0.776213 3.26151 9 u
0.774544 3.26724 9 u
0.772924 3.27295 9 u
0.771351 3.27865 9 u
0.769828 3.28433 9 u
0.768352 3.29 9 u
0.766925 3.29565 9 u
0.765546 3.30129 9 u
0.764215 3.30692 9 u
0.762933 3.31253 9 u
0.761699 3.31812 9 u
0.760513 3.3237 9 u
0.759376 3.32927 9 u
0.758286 3.33482 9 u
0.757245 3.34035 9 u
0.756253 3.34587 9 u
0.755308 3.35138 9 u
0.754412 3.35687 9 u
0.753564 3.36234 9 u
0.752772 3.368 9 u
0.752042 3.37401 9 u
0.751378 3.38037 9 u
0.750782 3.38702 9 u
0.750255 3.39396 9 u
0.749798 3.40115 9 u
0.74941 3.40856 9 u
0.749093 3.41616 9 u
0.748844 3.42391 9 u
0.748663 3.43178 9 u
0.748549 3.43975 9 u
0.748499 3.44777 9 u
0.74851 3.45583 9 u
0.748581 3.46389 9 u
0.748708 3.47192 9 u
0.748889 3.47991 9 u
0.74912 3.48783 9 u
0.749397 3.49565 9 u
0.749718 3.50336 9 u
0.75008 3.51094 9 u
0.750477 3.51839 9 u
0.750907 3.52567 9 u
0.751365 3.5328 9 u
0.75185 3.53974 9 u
0.752358 3.54651 9 u
0.752887 3.55309 9 u
0.753433 3.55947 9 u
0.753994 3.56566 9 u
0.754567 3.57165 9 u
0.755151 3.57745 9 u
0.755744 3.58304 9 u
0.756343 3.58844 9 u
0.756946 3.59364 9 u
0.757552 3.59865 9 u
0.75816 3.60346 9 u
0.758768 3.6081 9 u
0.759375 3.61254 9 u
0.759979 3.61682 9 u
0.760581 3.62091 9 u
0.761178 3.62484 9 u

0.825139 3.13175 10 u
0.819725 3.14384 10 u
0.814505 3.15587 10 u
0.809478 3.16785 10 u
0.804643 3.17976 10 u
0.800002 3.19162 10 u
0.795555 3.20342 10 u
0.7913 3.21515 10 u
0.787238 3.22683 10 u
0.78337 3.23845 10 u
0.779695 3.25001 10 u
0.776213 3.26151 10 u
0.772924 3.27295 10 u
0.769828 3.28433 10 u
0.766925 3.29565 10 u
0.764215 3.30692 10 u
0.761699 3.31812 10 u
0.759376 3.32927 10 u
0.757245 3.34035 10 u
0.755308 3.35138 10 u
0.753564 3.36234 10 u
0.752005 3.37426 10 u
0.750648 3.38785 10 u
0.749524 3.40267 10 u
0.748648 3.41822 10 u
0.748021 3.434 10 u
0.747629 3.4496 10 u
0.74745 3.46466 10 u
0.747459 3.47892 10 u
0.747624 3.4922 10 u
0.747915 3.50441 10 u
0.748373 3.51578 10 u
0.749039 3.52678 10 u
0.749894 3.53767 10 u
0.750929 3.54863 10 u
0.752141 3.55982 10 u
0.753535 3.57141 10 u
0.755119 3.58355 10 u
0.756907 3.59639 10 u
0.758918 3.61009 10 u
0.761178 3.62484 10 u

0.825139 3.13175 9 v
0.819581 3.13109 9 v
0.81402 3.13042 9 v
0.808455 3.12975 9 v
0.802885 3.12908 9 v
0.797312 3.1284 9 v
0.791735 3.12772 9 v
0.786153 3.12703 9 v
0.780568 3.12634 9 v
0.774979 3.12565 9 v
0.769385 3.12495 9 v
0.763788 3.12424 9 v
0.758187 3.12353 9 v
0.752581 3.12282 9 v
0.746972 3.1221 9 v
0.741359 3.12137 9 v
0.735741 3.12065 9 v
0.73012 3.11991 9 v
0.724495 3.11918 9 v
0.718865 3.11843 9 v
0.713232 3.11769 9 v
0.707595 3.11694 9 v
0.701953 3.11618 9 v
0.696308 3.11542 9 v
0.690658 3.11466 9 v
0.685005 3.11389 9 v
0.679348 3.11311 9 v
0.673686 3.11233 9 v
0.668021 3.11155 9 v
0.662351 3.11076 9 v
0.656678 3.10997 9 v
0.651001 3.10917 9 v
0.645319 3.10837 9 v
0.639634 3.10757 9 v
0.633944 3.10676 9 v
0.628251 3.10594 9 v
0.622553 3.10512 9 v
0.616852 3.1043 9 v
0.611147 3.10347 9 v
0.605437 3.10263 9 v
0.599724 3.1018 9 v
0.594006 3.10096 9 v
0.588283 3.10011 9 v
0.582556 3.09927 9 v
0.576823 3.09843 9 v
0.571086 3.09758 9 v
0.565344 3.09673 9 v
0.559597 3.09588 9 v
0.553846 3.09503 9 v
0.548089 3.09418 9 v
0.542328 3.09333 9 v
0.536562 3.09248 9 v
0.530791 3.09162 9 v
0.525015 3.09077 9 v
0.519234 3.08991 9 v
0.513449 3.08905 9 v
0.507659 3.08819 9 v
0.501864 3.08733 9 v
0.496064 3.08647 9 v
0.490259 3.08561 9 v
0.48445 3.08474 9 v
0.478635 3.08388 9 v
0.472816 3.08301 9 v
0.466992 3.08214 9 v
0.461163 3.08127 9 v
0.455329 3.0804 9 v
0.449491 3.07953 9 v
0.443648 3.07866 9 v
0.4378 3.07778 9 v
0.431947 3.07691 9 v
0.426089 3.07603 9 v
0.420226 3.07515 9 v
0.414359 3.07428 9 v
0.408487 3.0734 9 v
0.402609 3.07251 9 v
0.396728 3.07163 9 v
0.390841 3.07075 9 v
0.384949 3.06986 9 v
0.379053 3.06898 9 v
0.373152 3.06809 9 v
0.367246 3.0672 9 v

0.825139 3.13175 16 u
0.819581 3.13109 16 u
0.81402 3.13042 16 u
0.808455 3.12975 16 u
0.802885 3.12908 16 u
0.797312 3.1284 16 u
0.791735 3.12772 16 u
0.786153 3.12703 16 u
0.780568 3.12634 16 u
0.774979 3.12565 16 u
0.769385 3.12495 16 u
0.763788 3.12424 16 u
0.758187 3.12353 16 u
0.752581 3.12282 16 u
0.746972 3.1221 16 u
0.741359 3.12137 16 u
0.735741 3.12065 16 u
0.73012 3.11991 16 u
0.724495 3.11918 16 u
0.718865 3.11843 16 u
0.713232 3.11769 16 u
0.707595 3.11694 16 u
0.701953 3.11618 16 u
0.696308 3.11542 16 u
0.690658 3.11466 16 u
0.685005 3.11389 16 u
0.679348 3.11311 16 u
0.673686 3.11233 16 u
0.668021 3.11155 16 u
0.662351 3.11076 16 u
0.656678 3.10997 16 u
0.651001 3.10917 16 u
0.645319 3.10837 16 u
0.639634 3.10757 16 u
0.633944 3.10676 16 u
0.628251 3.10594 16 u
0.622553 3.10512 16 u
0.616852 3.1043 16 u
0.611147 3.10347 16 u
0.605437 3.10263 16 u
0.599724 3.1018 16 u
0.594006 3.10096 16 u
0.588283 3.10011 16 u
0.582556 3.09927 16 u
0.576823 3.09843 16 u
0.571086 3.09758 16 u
0.565344 3.09673 16 u
0.559597 3.09588 16 u
0.553846 3.09503 16 u
0.548089 3.09418 16 u
0.542328 3.09333 16 u
0.536562 3.09248 16 u
0.530791 3.09162 16 u
0.525015 3.09077 16 u
0.519234 3.08991 16 u
0.513449 3.08905 16 u
0.507659 3.08819 16 u
0.501864 3.08733 16 u
0.496064 3.08647 16 u
0.490259 3.08561 16 u
0.48445 3.08474 16 u
0.478635 3.08388 16 u
0.472816 3.08301 16 u
0.466992 3.08214 16 u
0.461163 3.08127 16 u
0.455329 3.0804 16 u
0.449491 3.07953 16 u
0.443648 3.07866 16 u
0.4378 3.07778 16 u
0.431947 3.07691 16 u
0.426089 3.07603 16 u
0.420226 3.07515 16 u
0.414359 3.07428 16 u
0.408487 3.0734 16 u
0.402609 3.07251 16 u
0.396728 3.07163 16 u
0.390841 3.07075 16 u
0.384949 3.06986 16 u
0.379053 3.06898 16 u
0.373152 3.06809 16 u
0.367246 3.0672 16 u

1.3453 3.27656 10 u
1.34429 3.28622 10 u
1.34328 3.29589 10 u
1.34226 3.30555 10 u
1.34125 3.31521 10 u
1.34024 3.32488 10 u
1.33923 3.33454 10 u
1.33822 3.3442 10 u
1.33721 3.35386 10 u
1.3362 3.36352 10 u
1.33519 3.37318 10 u
1.33418 3.38284 10 u
1.33317 3.3925 10 u
1.33216 3.40216 10 u
1.33115 3.41181 10 u
1.33014 3.42147 10 u
1.32913 3.43113 10 u
1.32812 3.44078 10 u
1.32711 3.45044 10 u
1.3261 3.4601 10 u
1.32509 3.46975 10 u
1.32408 3.4794 10 u
1.32308 3.48906 10 u
1.32207 3.49871 10 u
1.32106 3.50837 10 u
1.32005 3.51802 10 u
1.31904 3.52768 10 u
1.31803 3.53734 10 u
1.31702 3.54699 10 u
1.31601 3.55665 10 u
1.315 3.56631 10 u
1.31399 3.57596 10 u
1.31299 3.58562 10 u
1.31198 3.59528 10 u
1.31097 3.60493 10 u
1.30996 3.61459 10 u
1.30895 3.62425 10 u
1.30794 3.63391 10 u
1.30693 3.64356 10 u
1.30592 3.65322 10 u
1.30491 3.66288 10 u

1.3453 3.27656 11 u
1.34429 3.28622 11 u
1.34328 3.29589 11 u
1.34226 3.30555 11 u
1.34125 3.31521 11 u
1.34024 3.32488 11 u
1.33923 3.33454 11 u
1.33822 3.3442 11 u
1.33721 3.35386 11 u
1.3362 3.36352 11 u
1.33519 3.37318 11 u
1.33418 3.38284 11 u
1.33317 3.3925 11 u
1.33216 3.40216 11 u
1.33115 3.41181 11 u
1.33014 3.42147 11 u
1.32913 3.43113 11 u
1.32812 3.44078 11 u
1.32711 3.45044 11 u
1.3261 3.4601 11 u
1.32509 3.46975 11 u
1.32408 3.4794 11 u
1.32308 3.48906 11 u
1.32207 3.49871 11 u
1.32106 3.50837 11 u
1.32005 3.51802 11 u
1.31904 3.52768 11 u
1.31803 3.53734 11 u
1.31702 3.54699 11 u
1.31601 3.55665 11 u
1.315 3.56631 11 u
1.31399 3.57596 11 u
1.31299 3.58562 11 u
1.31198 3.59528 11 u
1.31097 3.60493 11 u
1.30996 3.61459 11 u
1.30895 3.62425 11 u
1.30794 3.63391 11 u
1.30693 3.64356 11 u
1.30592 3.65322 11 u
1.30491 3.66288 11 u

1.615 3.24664 11 u
1.61453 3.25615 11 u
1.61416 3.26557 11 u
1.61389 3.27491 11 u
1.61372 3.28417 11 u
1.61365 3.29335 11 u
1.61368 3.30245 11 u
1.6138 3.31147 11 u
1.61403 3.32041 11 u
1.61436 3.32926 11 u
1.61479 3.33803 11 u
1.61531 3.34673 11 u
1.61594 3.35534 11 u
1.61667 3.36387 11 u
1.6175 3.37232 11 u
1.61842 3.38068 11 u
1.61945 3.38897 11 u
1.62057 3.39717 11 u
1.6218 3.4053 11 u
1.62312 3.41334 11 u
1.62455 3.4213 11 u
1.62608 3.42924 11 u
1.6277 3.43723 11 u
1.62943 3.44526 11 u
1.63125 3.45333 11 u
1.63318 3.46144 11 u
1.63521 3.4696 11 u
1.63733 3.47781 11 u
1.63956 3.48605 11 u
1.64189 3.49434 11 u
1.64431 3.50268 11 u
1.64684 3.51105 11 u
1.64947 3.51948 11 u
1.6522 3.52794 11 u
1.65503 3.53645 11 u
1.65796 3.545 11 u
1.66099 3.55359 11 u
1.66412 3.56223 11 u
1.66735 3.57092 11 u
1.67068 3.57964 11 u
1.67411 3.58841 11 u

1.615 3.24664 12 u
1.61453 3.25615 12 u
1.61416 3.26557 12 u
1.61389 3.27491 12 u
1.61372 3.28417 12 u
1.61365 3.29335 12 u
1.61368 3.30245 12 u
1.6138 3.31147 12 u
1.61403 3.32041 12 u
1.61436 3.32926 12 u
1.61479 3.33803 12 u
1.61531 3.34673 12 u
1.61594 3.35534 12 u
1.61667 3.36387 12 u
1.6175 3.37232 12 u
1.61842 3.38068 12 u
1.61945 3.38897 12 u
1.62057 3.39717 12 u
1.6218 3.4053 12 u
1.62312 3.41334 12 u
1.62455 3.4213 12 u
1.62608 3.42924 12 u
1.6277 3.43723 12 u
1.62943 3.44526 12 u
1.63125 3.45333 12 u
1.63318 3.46144 12 u
1.63521 3.4696 12 u
1.63733 3.47781 12 u
1.63956 3.48605 12 u
1.64189 3.49434 12 u
1.64431 3.50268 12 u
1.64684 3.51105 12 u
1.64947 3.51948 12 u
1.6522 3.52794 12 u
1.65503 3.53645 12 u
1.65796 3.545 12 u
1.66099 3.55359 12 u
1.66412 3.56223 12 u
1.66735 3.57092 12 u
1.67068 3.57964 12 u
1.67411 3.58841 12 u

1.96131 3.17339 12 u
1.96582 3.17943 12 u
1.97019 3.18557 12 u
1.9744 3.19181 12 u
1.97847 3.19815 12 u
1.98238 3.20459 12 u
1.98614 3.21114 12 u
1.98976 3.21778 12 u
1.99322 3.22452 12 u
1.99654 3.23136 12 u
1.9997 3.2383 12 u
2.00272 3.24534 12 u
2.00558 3.25248 12 u
2.0083 3.25972 12 u
2.01086 3.26706 12 u
2.01328 3.2745 12 u
2.01554 3.28204 12 u
2.01766 3.28968 12 u
2.01962 3.29742 12 u
2.02144 3.30526 12 u
2.0231 3.3132 12 u
2.02462 3.32124 12 u
2.02598 3.32938 12 u
2.0272 3.33762 12 u
2.02826 3.34596 12 u
2.02918 3.3544 12 u
2.02994 3.36294 12 u
2.03056 3.37158 12 u
2.03103 3.38032 12 u
2.03135 3.38917 12 u
2.03151 3.39811 12 u
2.03153 3.40715 12 u
2.0314 3.41629 12 u
2.03112 3.42553 12 u
2.03068 3.43487 12 u
2.0301 3.44432 12 u
2.02937 3.45386 12 u
2.02849 3.4635 12 u
2.02746 3.47324 12 u
2.02628 3.48309 12 u
2.02495 3.49303 12 u

1.96131 3.17339 13 u
1.96582 3.17943 13 u
1.97019 3.18557 13 u
1.9744 3.19181 13 u
1.97847 3.19815 13 u
1.98238 3.20459 13 u
1.98614 3.21114 13 u
1.98976 3.21778 13 u
1.99322 3.22452 13 u
1.99654 3.23136 13 u
1.9997 3.2383 13 u
2.00272 3.24534 13 u
2.00558 3.25248 13 u
2.0083 3.25972 13 u
2.01086 3.26706 13 u
2.01328 3.2745 13 u
2.01554 3.28204 13 u
2.01766 3.28968 13 u
2.01962 3.29742 13 u
2.02144 3.30526 13 u
2.0231 3.3132 13 u
2.02462 3.32124 13 u
2.02598 3.32938 13 u
2.0272 3.33762 13 u
2.02826 3.34596 13 u
2.02918 3.3544 13 u
2.02994 3.36294 13 u
2.03056 3.37158 13 u
2.03103 3.38032 13 u
2.03135 3.38917 13 u
2.03151 3.39811 13 u
2.03153 3.40715 13 u
2.0314 3.41629 13 u
2.03112 3.42553 13 u
2.03068 3.43487 13 u
2.0301 3.44432 13 u
2.02937 3.45386 13 u
2.02849 3.4635 13 u
2.02746 3.47324 13 u
2.02628 3.48309 13 u
2.02495 3.49303 13 u

2.22437 3.08681 13 u
2.22464 3.09324 13 u
2.22506 3.09957 13 u
2.22563 3.1058 13 u
2.22634 3.11192 13 u
2.22721 3.11795 13 u
2.22823 3.12388 13 u
2.2294 3.12971 13 u
2.23073 3.13544 13 u
2.2322 3.14106 13 u
2.23382 3.14659 13 u
2.23559 3.15202 13 u
2.23751 3.15734 13 u
2.23958 3.16257 13 u
2.24181 3.1677 13 u
2.24418 3.17272 13 u
2.2467 3.17765 13 u
2.24938 3.18247 13 u
2.2522 3.1872 13 u
2.25518 3.19182 13 u
2.2583 3.19635 13 u
2.26157 3.20087 13 u
2.265 3.2055 13 u
2.26857 3.21022 13 u
2.2723 3.21505 13 u
2.27617 3.21997 13 u
2.28019 3.225 13 u
2.28437 3.23012 13 u
2.28869 3.23535 13 u
2.29316 3.24067 13 u
2.29778 3.2461 13 u
2.30255 3.25162 13 u
2.30747 3.25725 13 u
2.31255 3.26297 13 u
2.31777 3.2688 13 u
2.32314 3.27472 13 u
2.32866 3.28074 13 u
2.33432 3.28687 13 u
2.34014 3.29309 13 u
2.34611 3.29942 13 u
2.35223 3.30584 13 u

2.22437 3.08681 14 u
2.22464 3.09324 14 u
2.22506 3.09957 14 u
2.22563 3.1058 14 u
2.22634 3.11192 14 u
2.22721 3.11795 14 u
2.22823 3.12388 14 u
2.2294 3.12971 14 u
2.23073 3.13544 14 u
2.2322 3.14106 14 u
2.23382 3.14659 14 u
2.23559 3.15202 14 u
2.23751 3.15734 14 u
2.23958 3.16257 14 u
2.24181 3.1677 14 u
2.24418 3.17272 14 u
2.2467 3.17765 14 u
2.24938 3.18247 14 u
2.2522 3.1872 14 u
2.25518 3.19182 14 u
2.2583 3.19635 14 u
2.26157 3.20087 14 u
2.265 3.2055 14 u
2.26857 3.21022 14 u
2.2723 3.21505 14 u
2.27617 3.21997 14 u
2.28019 3.225 14 u
2.28437 3.23012 14 u
2.28869 3.23535 14 u
2.29316 3.24067 14 u
2.29778 3.2461 14 u
2.30255 3.25162 14 u
2.30747 3.25725 14 u
2.31255 3.26297 14 u
2.31777 3.2688 14 u
2.32314 3.27472 14 u
2.32866 3.28074 14 u
2.33432 3.28687 14 u
2.34014 3.29309 14 u
2.34611 3.29942 14 u
2.35223 3.30584 14 u

2.52409 2.89367 14 u
2.52948 2.90095 14 u
2.53473 2.9083 14 u
2.53982 2.91574 14 u
2.54477 2.92324 14 u
2.54957 2.93082 14 u
2.55421 2.93848 14 u
2.55871 2.94621 14 u
2.56306 2.95402 14 u
2.56725 2.9619 14 u
2.5713 2.96986 14 u
2.5752 2.97789 14 u
2.57895 2.986 14 u
2.58255 2.99418 14 u
2.586 3.00244 14 u
2.5893 3.01077 14 u
2.59245 3.01917 14 u
2.59545 3.02766 14 u
2.5983 3.03621 14 u
2.601 3.04484 14 u
2.60355 3.05355 14 u
2.60595 3.06228 14 u
2.6082 3.07099 14 u
2.6103 3.07967 14 u
2.61225 3.08833 14 u
2.61405 3.09696 14 u
2.6157 3.10557 14 u
2.6172 3.11415 14 u
2.61855 3.12271 14 u
2.61974 3.13124 14 u
2.62079 3.13974 14 u
2.62169 3.14823 14 u
2.62244 3.15668 14 u
2.62304 3.16511 14 u
2.62348 3.17352 14 u
2.62378 3.1819 14 u
2.62393 3.19026 14 u
2.62392 3.19859 14 u
2.62377 3.20689 14 u
2.62346 3.21517 14 u
2.62301 3.22343 14 u

2.52409 2.89367 15 u
2.52948 2.90095 15 u
2.53473 2.9083 15 u
2.53982 2.91574 15 u
2.54477 2.92324 15 u
2.54957 2.93082 15 u
2.55421 2.93848 15 u
2.55871 2.94621 15 u
2.56306 2.95402 15 u
2.56725 2.9619 15 u
2.5713 2.96986 15 u
2.5752 2.97789 15 u
2.57895 2.986 15 u
2.58255 2.99418 15 u
2.586 3.00244 15 u
2.5893 3.01077 15 u
2.59245 3.01917 15 u
2.59545 3.02766 15 u
2.5983 3.03621 15 u
2.601 3.04484 15 u
2.60355 3.05355 15 u
2.60595 3.06228 15 u
2.6082 3.07099 15 u
2.6103 3.07967 15 u
2.61225 3.08833 15 u
2.61405 3.09696 15 u
2.6157 3.10557 15 u
2.6172 3.11415 15 u
2.61855 3.12271 15 u
2.61974 3.13124 15 u
2.62079 3.13974 15 u
2.62169 3.14823 15 u
2.62244 3.15668 15 u
2.62304 3.16511 15 u
2.62348 3.17352 15 u
2.62378 3.1819 15 u
2.62393 3.19026 15 u
2.62392 3.19859 15 u
2.62377 3.20689 15 u
2.62346 3.21517 15 u
2.62301 3.22343 15 u

2.52409 2.89367 15 v
2.53748 2.89034 15 v
2.55087 2.88702 15 v
2.56426 2.8837 15 v
2.57765 2.88037 15 v
2.59105 2.87705 15 v
2.60444 2.87372 15 v
2.61784 2.8704 15 v
2.63123 2.86707 15 v
2.64463 2.86374 15 v
2.65802 2.86042 15 v
2.67142 2.85709 15 v
2.68482 2.85376 15 v
2.69821 2.85043 15 v
2.71161 2.84709 15 v
2.72501 2.84376 15 v
2.73841 2.84043 15 v
2.75181 2.8371 15 v
2.76521 2.83376 15 v
2.77861 2.83043 15 v
2.79201 2.82709 15 v
2.80541 2.82376 15 v
2.81881 2.82042 15 v
2.83222 2.81708 15 v
2.84562 2.81375 15 v
2.85902 2.81041 15 v
2.87242 2.80708 15 v
2.88583 2.80374 15 v
2.89923 2.8004 15 v
2.91263 2.79707 15 v
2.92603 2.79373 15 v
2.93944 2.79039 15 v
2.95284 2.78705 15 v
2.96624 2.78372 15 v
2.97965 2.78038 15 v
2.99305 2.77704 15 v
3.00646 2.77371 15 v
3.01986 2.77037 15 v
3.03326 2.76703 15 v
3.04667 2.76369 15 v
3.06007 2.76036 15 v

2.52409 2.89367 20 u
2.53078 2.892 20 u
2.53748 2.89034 20 u
2.54417 2.88868 20 u
2.55087 2.88702 20 u
2.55757 2.88536 20 u
2.56426 2.8837 20 u
2.57096 2.88204 20 u
2.57765 2.88037 20 u
2.58435 2.87871 20 u
2.59105 2.87705 20 u
2.59775 2.87539 20 u
2.60444 2.87372 20 u
2.61114 2.87206 20 u
2.61784 2.8704 20 u
2.62453 2.86873 20 u
2.63123 2.86707 20 u
2.63793 2.86541 20 u
2.64463 2.86374 20 u
2.65133 2.86208 20 u
2.65802 2.86042 20 u
2.66472 2.85875 20 u
2.67142 2.85709 20 u
2.67812 2.85542 20 u
2.68482 2.85376 20 u
2.69152 2.85209 20 u
2.69821 2.85043 20 u
2.70491 2.84876 20 u
2.71161 2.84709 20 u
2.71831 2.84543 20 u
2.72501 2.84376 20 u
2.73171 2.8421 20 u
2.73841 2.84043 20 u
2.74511 2.83876 20 u
2.75181 2.8371 20 u
2.75851 2.83543 20 u
2.76521 2.83376 20 u
2.77191 2.8321 20 u
2.77861 2.83043 20 u
2.78531 2.82876 20 u
2.79201 2.82709 20 u
2.79871 2.82542 20 u
2.80541 2.82376 20 u
2.81211 2.82209 20 u
2.81881 2.82042 20 u
2.82552 2.81875 20 u
2.83222 2.81708 20 u
2.83892 2.81542 20 u
2.84562 2.81375 20 u
2.85232 2.81208 20 u
2.85902 2.81041 20 u
2.86572 2.80874 20 u
2.87242 2.80708 20 u
2.87912 2.80541 20 u
2.88583 2.80374 20 u
2.89253 2.80207 20 u
2.89923 2.8004 20 u
2.90593 2.79873 20 u
2.91263 2.79707 20 u
2.91933 2.7954 20 u
2.92603 2.79373 20 u
2.93274 2.79206 20 u
2.93944 2.79039 20 u
2.94614 2.78872 20 u
2.95284 2.78705 20 u
2.95954 2.78539 20 u
2.96624 2.78372 20 u
2.97295 2.78205 20 u
2.97965 2.78038 20 u
2.98635 2.77871 20 u
2.99305 2.77704 20 u
2.99975 2.77537 20 u
3.00646 2.77371 20 u
3.01316 2.77204 20 u
3.01986 2.77037 20 u
3.02656 2.7687 20 u
3.03326 2.76703 20 u
3.03997 2.76536 20 u
3.04667 2.76369 20 u
3.05337 2.76202 20 u
3.06007 2.76036 20 u

1.44994 1.94451 16 u
1.44528 1.94319 16 u
1.44043 1.94182 16 u
1.43539 1.94039 16 u
1.43016 1.93891 16 u
1.42474 1.93736 16 u
1.41913 1.93575 16 u
1.41331 1.93408 16 u
1.40729 1.93235 16 u
1.40107 1.93056 16 u
1.39464 1.9287 16 u
1.38801 1.92677 16 u
1.38119 1.92479 16 u
1.37416 1.92273 16 u
1.36694 1.92062 16 u
1.35953 1.91844 16 u
1.35193 1.9162 16 u
1.34417 1.91391 16 u
1.33624 1.91156 16 u
1.32817 1.90916 16 u
1.31996 1.9067 16 u
1.31156 1.90419 16 u
1.30293 1.90161 16 u
1.29407 1.89896 16 u
1.285 1.89624 16 u
1.27573 1.89346 16 u
1.2663 1.89064 16 u
1.25672 1.88776 16 u
1.24701 1.88485 16 u
1.23722 1.88191 16 u
1.22736 1.87895 16 u
1.21748 1.87598 16 u
1.2076 1.87302 16 u
1.19776 1.87006 16 u
1.188 1.86712 16 u
1.17836 1.86422 16 u
1.16887 1.86136 16 u
1.15958 1.85856 16 u
1.15052 1.85583 16 u
1.14172 1.85318 16 u
1.13323 1.85061 16 u
1.12489 1.84809 16 u
1.11656 1.84557 16 u
1.10821 1.84305 16 u
1.09987 1.84052 16 u
1.09152 1.83799 16 u
1.08317 1.83546 16 u
1.07481 1.83292 16 u
1.06645 1.83038 16 u
1.05809 1.82784 16 u
1.04972 1.82529 16 u
1.04135 1.82274 16 u
1.03297 1.82019 16 u
1.02459 1.81763 16 u
1.01621 1.81508 16 u
1.00783 1.81251 16 u
0.999437 1.80995 16 u
0.991044 1.80738 16 u
0.982647 1.80481 16 u
0.974247 1.80224 16 u
0.965843 1.79966 16 u
0.957436 1.79708 16 u
0.949025 1.7945 16 u
0.94061 1.79191 16 u
0.932191 1.78932 16 u
0.923769 1.78673 16 u
0.915343 1.78413 16 u
0.906914 1.78153 16 u
0.898481 1.77893 16 u
0.890044 1.77633 16 u
0.881604 1.77372 16 u
0.87316 1.77111 16 u
0.864713 1.76849 16 u
0.856261 1.76588 16 u
0.847807 1.76325 16 u
0.839348 1.76063 16 u
0.830886 1.758 16 u
0.82242 1.75537 16 u
0.813951 1.75274 16 u
0.805478 1.75011 16 u
0.797001 1.74747 16 u

1.44994 1.94451 17 u
1.43391 1.93992 17 u
1.41898 1.93565 17 u
1.40494 1.93161 17 u
1.39163 1.92777 17 u
1.37885 1.92407 17 u
1.36644 1.92046 17 u
1.35423 1.91689 17 u
1.34202 1.9133 17 u
1.32958 1.90961 17 u
1.31661 1.90575 17 u
1.30249 1.90151 17 u
1.2868 1.89681 17 u
1.2696 1.89165 17 u
1.25105 1.88608 17 u
1.23139 1.88018 17 u
1.21102 1.87405 17 u
1.19041 1.86785 17 u
1.17016 1.86175 17 u
1.15089 1.85594 17 u
1.13323 1.85061 17 u
1.11656 1.84557 17 u
1.09987 1.84052 17 u
1.08317 1.83546 17 u
1.06645 1.83038 17 u
1.04972 1.82529 17 u
1.03297 1.82019 17 u
1.01621 1.81508 17 u
0.999437 1.80995 17 u
0.982647 1.80481 17 u
0.965843 1.79966 17 u
0.949025 1.7945 17 u
0.932191 1.78932 17 u
0.915343 1.78413 17 u
0.898481 1.77893 17 u
0.881604 1.77372 17 u
0.864713 1.76849 17 u
0.847807 1.76325 17 u
0.830886 1.758 17 u
0.813951 1.75274 17 u
0.797001 1.74747 17 u

1.4311 0.825142 17 u
1.42168 0.817801 17 u
1.41226 0.810464 17 u
1.40284 0.803132 17 u
1.39343 0.795803 17 u
1.38401 0.788479 17 u
1.3746 0.781159 17 u
1.36519 0.773843 17 u
1.35578 0.76653 17 u
1.34638 0.759222 17 u
1.33697 0.751918 17 u
1.32757 0.744618 17 u
1.31817 0.737323 17 u
1.30878 0.730031 17 u
1.29938 0.722743 17 u
1.28999 0.71546 17 u
1.2806 0.70818 17 u
1.27121 0.700905 17 u
1.26182 0.693633 17 u
1.25244 0.686366 17 u
1.24306 0.679103 17 u
1.23368 0.671841 17 u
1.2243 0.664579 17 u
1.21491 0.657316 17 u
1.20553 0.650052 17 u
1.19615 0.642788 17 u
1.18677 0.635522 17 u
1.17739 0.628256 17 u
1.168 0.62099 17 u
1.15862 0.613722 17 u
1.14924 0.606454 17 u
1.13985 0.599185 17 u
1.13047 0.591915 17 u
1.12108 0.584645 17 u
1.1117 0.577373 17 u
1.10231 0.570101 17 u
1.09293 0.562829 17 u
1.08354 0.555555 17 u
1.07416 0.548281 17 u
1.06477 0.541006 17 u
1.05538 0.53373 17 u

1.4311 0.825142 18 u
1.42639 0.821471 18 u
1.42168 0.817801 18 u
1.41697 0.814132 18 u
1.41226 0.810464 18 u
1.40755 0.806798 18 u
1.40284 0.803132 18 u
1.39813 0.799467 18 u
1.39343 0.795803 18 u
1.38872 0.792141 18 u
1.38401 0.788479 18 u
1.3793 0.784818 18 u
1.3746 0.781159 18 u
1.36989 0.7775 18 u
1.36519 0.773843 18 u
1.36048 0.770186 18 u
1.35578 0.76653 18 u
1.35108 0.762876 18 u
1.34638 0.759222 18 u
1.34167 0.75557 18 u
1.33697 0.751918 18 u
1.33227 0.748268 18 u
1.32757 0.744618 18 u
1.32287 0.74097 18 u
1.31817 0.737323 18 u
1.31347 0.733676 18 u
1.30878 0.730031 18 u
1.30408 0.726387 18 u
1.29938 0.722743 18 u
1.29468 0.719101 18 u
1.28999 0.71546 18 u
1.28529 0.711819 18 u
1.2806 0.70818 18 u
1.2759 0.704542 18 u
1.27121 0.700905 18 u
1.26652 0.697268 18 u
1.26182 0.693633 18 u
1.25713 0.689999 18 u
1.25244 0.686366 18 u
1.24775 0.682734 18 u
1.24306 0.679103 18 u
1.23837 0.675472 18 u
1.23368 0.671841 18 u
1.22899 0.66821 18 u
1.2243 0.664579 18 u
1.21961 0.660948 18 u
1.21491 0.657316 18 u
1.21022 0.653684 18 u
1.20553 0.650052 18 u
1.20084 0.64642 18 u
1.19615 0.642788 18 u
1.19146 0.639155 18 u
1.18677 0.635522 18 u
1.18208 0.631889 18 u
1.17739 0.628256 18 u
1.17269 0.624623 18 u
1.168 0.62099 18 u
1.16331 0.617356 18 u
1.15862 0.613722 18 u
1.15393 0.610088 18 u
1.14924 0.606454 18 u
1.14454 0.602819 18 u
1.13985 0.599185 18 u
1.13516 0.59555 18 u
1.13047 0.591915 18 u
1.12578 0.58828 18 u
1.12108 0.584645 18 u
1.11639 0.581009 18 u
1.1117 0.577373 18 u
1.10701 0.573737 18 u
1.10231 0.570101 18 u
1.09762 0.566465 18 u
1.09293 0.562829 18 u
1.08824 0.559192 18 u
1.08354 0.555555 18 u
1.07885 0.551918 18 u
1.07416 0.548281 18 u
1.06946 0.544643 18 u
1.06477 0.541006 18 u
1.06008 0.537368 18 u
1.05538 0.53373 18 u

2.25457 0.858821 18 u
2.26008 0.853821 18 u
2.26559 0.848819 18 u
2.27111 0.843816 18 u
2.27663 0.838811 18 u
2.28216 0.833806 18 u
2.28769 0.828799 18 u
2.29323 0.82379 18 u
2.29877 0.818781 18 u
2.30432 0.81377 18 u
2.30988 0.808758 18 u
2.31544 0.803744 18 u
2.32101 0.79873 18 u
2.32658 0.793714 18 u
2.33215 0.788696 18 u
2.33774 0.783678 18 u
2.34333 0.778658 18 u
2.34892 0.773637 18 u
2.35452 0.768615 18 u
2.36013 0.763591 18 u
2.36574 0.758566 18 u
2.37135 0.75354 18 u
2.37698 0.748512 18 u
2.3826 0.743483 18 u
2.38824 0.738453 18 u
2.39388 0.733422 18 u
2.39952 0.728389 18 u
2.40517 0.723355 18 u
2.41083 0.71832 18 u
2.41649 0.713283 18 u
2.42215 0.708246 18 u
2.42783 0.703207 18 u
2.4335 0.698166 18 u
2.43919 0.693124 18 u
2.44488 0.688082 18 u
2.45057 0.683037 18 u
2.45627 0.677992 18 u
2.46198 0.672945 18 u
2.46769 0.667897 18 u
2.4734 0.662848 18 u
2.47913 0.657797 18 u
2.48497 0.652634 18 u
2.49103 0.647261 18 u
2.49729 0.641699 18 u
2.50372 0.63597 18 u
2.51029 0.630098 18 u
2.51699 0.624107 18 u
2.52377 0.618021 18 u
2.53062 0.611864 18 u
2.53751 0.60566 18 u
2.54442 0.599432 18 u
2.55131 0.593203 18 u
2.55817 0.586994 18 u
2.56497 0.580825 18 u
2.57169 0.574716 18 u
2.57832 0.568684 18 u
2.58484 0.562745 18 u
2.59123 0.556912 18 u
2.59748 0.5512 18 u
2.60358 0.545618 18 u
2.60951 0.540176 18 u
2.61532 0.534857 18 u
2.62105 0.529643 18 u
2.62667 0.524543 18 u
2.63218 0.519563 18 u
2.63758 0.514709 18 u
2.64285 0.509987 18 u
2.648 0.505399 18 u
2.65301 0.500948 18 u
2.65789 0.496635 18 u
2.66262 0.492463 18 u
2.66722 0.48843 18 u
2.67168 0.484536 18 u
2.67599 0.480781 18 u
2.68016 0.477162 18 u
2.6842 0.473677 18 u
2.6881 0.470325 18 u
2.69186 0.467102 18 u
2.69548 0.464006 18 u
2.69898 0.461032 18 u
2.70235 0.458179 18 u

2.25457 0.858821 19 u
2.26559 0.848819 19 u
2.27663 0.838811 19 u
2.28769 0.828799 19 u
2.29877 0.818781 19 u
2.30988 0.808758 19 u
2.32101 0.79873 19 u
2.33215 0.788696 19 u
2.34333 0.778658 19 u
2.35452 0.768615 19 u
2.36574 0.758566 19 u
2.37698 0.748512 19 u
2.38824 0.738453 19 u
2.39952 0.728389 19 u
2.41083 0.71832 19 u
2.42215 0.708246 19 u
2.4335 0.698166 19 u
2.44488 0.688082 19 u
2.45627 0.677992 19 u
2.46769 0.667897 19 u
2.47913 0.657797 19 u
2.49129 0.647036 19 u
2.5046 0.635194 19 u
2.51864 0.622657 19 u
2.53296 0.609824 19 u
2.54715 0.597062 19 u
2.56087 0.584689 19 u
2.57385 0.572951 19 u
2.58591 0.562021 19 u
2.59693 0.552003 19 u
2.60687 0.542942 19 u
2.61602 0.534618 19 u
2.62484 0.52665 19 u
2.63353 0.51885 19 u
2.64224 0.511069 19 u
2.65113 0.503181 19 u
2.66029 0.495071 19 u
2.66987 0.486629 19 u
2.67999 0.477747 19 u
2.69076 0.468307 19 u
2.70235 0.458179 19 u

2.66493 2.02253 19 u
2.67579 2.02068 19 u
2.686 2.01892 19 u
2.69571 2.01723 19 u
2.70504 2.01559 19 u
2.71414 2.01397 19 u
2.72312 2.01234 19 u
2.73213 2.01068 19 u
2.74133 2.00896 19 u
2.75094 2.00713 19 u
2.76119 2.00514 19 u
2.77245 2.00294 19 u
2.78482 2.00053 19 u
2.79824 1.99794 19 u
2.81255 1.99519 19 u
2.82754 1.99232 19 u
2.84289 1.9894 19 u
2.85821 1.98651 19 u
2.87305 1.98373 19 u
2.88692 1.98115 19 u
2.89936 1.97886 19 u
2.91096 1.97675 19 u
2.92257 1.97463 19 u
2.93419 1.9725 19 u
2.94582 1.97036 19 u
2.95747 1.96822 19 u
2.96913 1.96607 19 u
2.9808 1.96391 19 u
2.99248 1.96175 19 u
3.00417 1.95958 19 u
3.01588 1.95741 19 u
3.02759 1.95523 19 u
3.03932 1.95304 19 u
3.05106 1.95084 19 u
3.06282 1.94864 19 u
3.07458 1.94644 19 u
3.08636 1.94422 19 u
3.09815 1.942 19 u
3.10995 1.93977 19 u
3.12176 1.93754 19 u
3.13358 1.9353 19 u

2.66493 2.02253 20 u
2.66766 2.02212 20 u
2.67055 2.02168 20 u
2.67361 2.02121 20 u
2.67685 2.0207 20 u
2.68026 2.02015 20 u
2.68387 2.01956 20 u
2.68766 2.01893 20 u
2.69166 2.01825 20 u
2.69586 2.01753 20 u
2.70028 2.01676 20 u
2.70491 2.01594 20 u
2.70976 2.01507 20 u
2.71483 2.01415 20 u
2.72013 2.01318 20 u
2.72567 2.01215 20 u
2.73143 2.01107 20 u
2.73742 2.00993 20 u
2.74364 2.00873 20 u
2.75008 2.00748 20 u
2.75675 2.00617 20 u
2.7636 2.00481 20 u
2.7706 2.00343 20 u
2.77775 2.00203 20 u
2.78502 2.00061 20 u
2.79239 1.99917 20 u
2.79985 1.99772 20 u
2.80738 1.99625 20 u
2.81496 1.99479 20 u
2.82255 1.99333 20 u
2.83014 1.99187 20 u
2.83769 1.99042 20 u
2.84518 1.98899 20 u
2.85258 1.98759 20 u
2.85986 1.98621 20 u
2.86699 1.98487 20 u
2.87393 1.98356 20 u
2.88067 1.98231 20 u
2.88717 1.9811 20 u
2.89341 1.97995 20 u
2.89936 1.97886 20 u
2.90516 1.97781 20 u
2.91096 1.97675 20 u
2.91676 1.97569 20 u
2.92257 1.97463 20 u
2.92838 1.97356 20 u
2.93419 1.9725 20 u
2.94001 1.97143 20 u
2.94582 1.97036 20 u
2.95165 1.96929 20 u
2.95747 1.96822 20 u
2.9633 1.96714 20 u
2.96913 1.96607 20 u
2.97496 1.96499 20 u
2.9808 1.96391 20 u
2.98664 1.96283 20 u
2.99248 1.96175 20 u
2.99832 1.96067 20 u
3.00417 1.95958 20 u
3.01002 1.9585 20 u
3.01588 1.95741 20 u
3.02173 1.95632 20 u
3.02759 1.95523 20 u
3.03346 1.95413 20 u
3.03932 1.95304 20 u
3.04519 1.95194 20 u
3.05106 1.95084 20 u
3.05694 1.94974 20 u
3.06282 1.94864 20 u
3.0687 1.94754 20 u
3.07458 1.94644 20 u
3.08047 1.94533 20 u
3.08636 1.94422 20 u
3.09225 1.94311 20 u
3.09815 1.942 20 u
3.10405 1.94089 20 u
3.10995 1.93977 20 u
3.11585 1.93866 20 u
3.12176 1.93754 20 u
3.12767 1.93642 20 u
3.13358 1.9353 20 u

