# Visualization Mesh
# Format: x y patch_id direction
# Blank line separates different grid lines
# Total lines: 258

0.655013 4.33787 0 u
0.650863 4.3418 0 u
0.646713 4.34572 0 u
0.642563 4.34965 0 u
0.638412 4.35357 0 u
0.634262 4.3575 0 u
0.630112 4.36142 0 u
0.625962 4.36535 0 u
0.621812 4.36927 0 u
0.617662 4.3732 0 u
0.613511 4.37712 0 u
0.609361 4.38105 0 u
0.605211 4.38498 0 u
0.601061 4.3889 0 u
0.596911 4.39283 0 u
0.592761 4.39675 0 u
0.588611 4.40068 0 u
0.58446 4.4046 0 u
0.58031 4.40853 0 u
0.57616 4.41245 0 u
0.57201 4.41638 0 u
0.56786 4.4203 0 u
0.56371 4.42423 0 u
0.559559 4.42815 0 u
0.555409 4.43208 0 u
0.551259 4.436 0 u
0.547109 4.43993 0 u
0.542959 4.44385 0 u
0.538809 4.44778 0 u
0.534658 4.4517 0 u
0.530508 4.45563 0 u
0.526358 4.45955 0 u
0.522208 4.46348 0 u
0.518058 4.4674 0 u
0.513908 4.47133 0 u
0.509757 4.47525 0 u
0.505607 4.47918 0 u
0.501457 4.4831 0 u
0.497307 4.48703 0 u
0.493157 4.49095 0 u
0.489006 4.49488 0 u
0.484856 4.4988 0 u
0.480706 4.50273 0 u
0.476556 4.50665 0 u
0.472406 4.51058 0 u
0.468256 4.5145 0 u
0.464105 4.51843 0 u
0.459955 4.52235 0 u
0.455805 4.52628 0 u
0.451655 4.5302 0 u
0.447505 4.53413 0 u
0.443355 4.53805 0 u
0.439204 4.54198 0 u
0.435054 4.54591 0 u
0.430904 4.54983 0 u
0.426754 4.55376 0 u
0.422604 4.55768 0 u
0.418454 4.56161 0 u
0.414303 4.56553 0 u
0.410153 4.56946 0 u
0.406003 4.57338 0 u
0.401853 4.57731 0 u
0.397703 4.58123 0 u
0.393553 4.58516 0 u
0.389402 4.58908 0 u
0.385252 4.59301 0 u
0.381102 4.59693 0 u
0.376952 4.60086 0 u
0.372802 4.60478 0 u
0.368652 4.60871 0 u
0.364502 4.61263 0 u
0.360351 4.61655 0 u
0.356201 4.62048 0 u
0.352051 4.6244 0 u
0.347901 4.62833 0 u
0.343751 4.63225 0 u
0.339601 4.63618 0 u
0.33545 4.6401 0 u
0.3313 4.64403 0 u
0.32715 4.64795 0 u
0.323 4.65188 0 u

0.767843 4.44017 0 u
0.767734 4.44545 0 u
0.767565 4.45072 0 u
0.767338 4.45598 0 u
0.767052 4.46123 0 u
0.766706 4.46647 0 u
0.766302 4.47169 0 u
0.765839 4.4769 0 u
0.765317 4.4821 0 u
0.764736 4.48728 0 u
0.764096 4.49246 0 u
0.763397 4.49762 0 u
0.762639 4.50277 0 u
0.761823 4.50791 0 u
0.760947 4.51303 0 u
0.760012 4.51815 0 u
0.759019 4.52325 0 u
0.757966 4.52833 0 u
0.756855 4.53341 0 u
0.755684 4.53847 0 u
0.754455 4.54353 0 u
0.753166 4.54857 0 u
0.751819 4.55359 0 u
0.750413 4.55861 0 u
0.748948 4.56361 0 u
0.747424 4.5686 0 u
0.745841 4.57358 0 u
0.744199 4.57855 0 u
0.742498 4.5835 0 u
0.740738 4.58844 0 u
0.738919 4.59337 0 u
0.737041 4.59829 0 u
0.735105 4.60319 0 u
0.733109 4.60809 0 u
0.731055 4.61297 0 u
0.728941 4.61783 0 u
0.726769 4.62269 0 u
0.724537 4.62753 0 u
0.722247 4.63236 0 u
0.719898 4.63718 0 u
0.717489 4.64199 0 u
0.715062 4.64681 0 u
0.712655 4.65165 0 u
0.710269 4.65652 0 u
0.707903 4.66141 0 u
0.705558 4.66634 0 u
0.703233 4.67129 0 u
0.700929 4.67627 0 u
0.698645 4.68128 0 u
0.696382 4.68631 0 u
0.69414 4.69137 0 u
0.691918 4.69646 0 u
0.689716 4.70158 0 u
0.687535 4.70672 0 u
0.685375 4.7119 0 u
0.683235 4.7171 0 u
0.681115 4.72232 0 u
0.679017 4.72758 0 u
0.676938 4.73286 0 u
0.674881 4.73817 0 u
0.672844 4.74351 0 u
0.670827 4.74887 0 u
0.668831 4.75426 0 u
0.666855 4.75968 0 u
0.6649 4.76513 0 u
0.662966 4.7706 0 u
0.661052 4.77611 0 u
0.659158 4.78164 0 u
0.657285 4.78719 0 u
0.655433 4.79278 0 u
0.653601 4.79839 0 u
0.65179 4.80403 0 u
0.649999 4.8097 0 u
0.648229 4.81539 0 u
0.64648 4.82111 0 u
0.644751 4.82686 0 u
0.643042 4.83264 0 u
0.641354 4.83844 0 u
0.639686 4.84428 0 u
0.63804 4.85014 0 u
0.636413 4.85602 0 u

0.91986 4.46733 0 u
0.921688 4.47215 0 u
0.923471 4.47697 0 u
0.925209 4.48179 0 u
0.926902 4.48661 0 u
0.928551 4.49144 0 u
0.930155 4.49627 0 u
0.931715 4.5011 0 u
0.933229 4.50593 0 u
0.934699 4.51077 0 u
0.936124 4.51561 0 u
0.937505 4.52045 0 u
0.938841 4.5253 0 u
0.940132 4.53015 0 u
0.941378 4.535 0 u
0.94258 4.53986 0 u
0.943736 4.54471 0 u
0.944849 4.54958 0 u
0.945916 4.55444 0 u
0.946939 4.55931 0 u
0.947917 4.56417 0 u
0.94885 4.56905 0 u
0.949739 4.57392 0 u
0.950583 4.5788 0 u
0.951382 4.58368 0 u
0.952136 4.58856 0 u
0.952846 4.59345 0 u
0.953511 4.59834 0 u
0.954131 4.60323 0 u
0.954707 4.60813 0 u
0.955237 4.61302 0 u
0.955724 4.61793 0 u
0.956165 4.62283 0 u
0.956562 4.62774 0 u
0.956914 4.63265 0 u
0.957221 4.63756 0 u
0.957483 4.64247 0 u
0.957701 4.64739 0 u
0.957874 4.65231 0 u
0.958003 4.65724 0 u
0.958086 4.66216 0 u
0.958133 4.6671 0 u
0.958151 4.67206 0 u
0.958139 4.67704 0 u
0.958099 4.68204 0 u
0.95803 4.68706 0 u
0.957931 4.6921 0 u
0.957804 4.69716 0 u
0.957648 4.70225 0 u
0.957462 4.70735 0 u
0.957248 4.71247 0 u
0.957004 4.71762 0 u
0.956732 4.72278 0 u
0.95643 4.72796 0 u
0.956099 4.73317 0 u
0.95574 4.7384 0 u
0.955351 4.74364 0 u
0.954933 4.74891 0 u
0.954487 4.7542 0 u
0.954011 4.75951 0 u
0.953506 4.76484 0 u
0.952972 4.77019 0 u
0.95241 4.77556 0 u
0.951818 4.78095 0 u
0.951197 4.78636 0 u
0.950547 4.79179 0 u
0.949868 4.79724 0 u
0.94916 4.80271 0 u
0.948423 4.80821 0 u
0.947657 4.81372 0 u
0.946862 4.81926 0 u
0.946038 4.82481 0 u
0.945185 4.83039 0 u
0.944302 4.83598 0 u
0.943391 4.8416 0 u
0.942451 4.84724 0 u
0.941482 4.85289 0 u
0.940483 4.85857 0 u
0.939456 4.86427 0 u
0.9384 4.86999 0 u
0.937314 4.87573 0 u

1.08225 4.42114 0 u
1.08522 4.42527 0 u
1.08816 4.42941 0 u
1.09107 4.43358 0 u
1.09396 4.43778 0 u
1.09682 4.44199 0 u
1.09966 4.44623 0 u
1.10246 4.45049 0 u
1.10524 4.45478 0 u
1.10799 4.45908 0 u
1.11072 4.46341 0 u
1.11342 4.46776 0 u
1.11609 4.47214 0 u
1.11874 4.47654 0 u
1.12135 4.48096 0 u
1.12395 4.4854 0 u
1.12651 4.48987 0 u
1.12905 4.49436 0 u
1.13156 4.49887 0 u
1.13404 4.50341 0 u
1.1365 4.50796 0 u
1.13893 4.51255 0 u
1.14133 4.51715 0 u
1.14371 4.52178 0 u
1.14606 4.52642 0 u
1.14838 4.5311 0 u
1.15068 4.53579 0 u
1.15294 4.54051 0 u
1.15519 4.54525 0 u
1.1574 4.55001 0 u
1.15959 4.5548 0 u
1.16175 4.55961 0 u
1.16388 4.56444 0 u
1.16599 4.5693 0 u
1.16807 4.57418 0 u
1.17013 4.57908 0 u
1.17215 4.584 0 u
1.17415 4.58895 0 u
1.17613 4.59392 0 u
1.17807 4.59891 0 u
1.17999 4.60392 0 u
1.18186 4.60895 0 u
1.18364 4.614 0 u
1.18534 4.61905 0 u
1.18695 4.62411 0 u
1.18849 4.62917 0 u
1.18994 4.63425 0 u
1.1913 4.63934 0 u
1.19259 4.64444 0 u
1.19379 4.64955 0 u
1.19491 4.65467 0 u
1.19594 4.65979 0 u
1.1969 4.66493 0 u
1.19777 4.67008 0 u
1.19856 4.67523 0 u
1.19926 4.6804 0 u
1.19988 4.68557 0 u
1.20042 4.69076 0 u
1.20088 4.69595 0 u
1.20125 4.70115 0 u
1.20154 4.70637 0 u
1.20175 4.71159 0 u
1.20187 4.71682 0 u
1.20192 4.72206 0 u
1.20188 4.72732 0 u
1.20175 4.73258 0 u
1.20155 4.73785 0 u
1.20126 4.74313 0 u
1.20088 4.74842 0 u
1.20043 4.75372 0 u
1.19989 4.75903 0 u
1.19927 4.76435 0 u
1.19857 4.76967 0 u
1.19778 4.77501 0 u
1.19691 4.78036 0 u
1.19596 4.78572 0 u
1.19493 4.79108 0 u
1.19381 4.79646 0 u
1.19261 4.80184 0 u
1.19132 4.80724 0 u
1.18996 4.81264 0 u

1.22621 4.30336 0 u
1.23083 4.30818 0 u
1.23537 4.31302 0 u
1.23984 4.31789 0 u
1.24423 4.32279 0 u
1.24855 4.32771 0 u
1.25279 4.33266 0 u
1.25695 4.33763 0 u
1.26105 4.34262 0 u
1.26506 4.34764 0 u
1.26901 4.35269 0 u
1.27287 4.35776 0 u
1.27666 4.36286 0 u
1.28038 4.36798 0 u
1.28402 4.37313 0 u
1.28759 4.3783 0 u
1.29108 4.3835 0 u
1.2945 4.38872 0 u
1.29784 4.39397 0 u
1.30111 4.39924 0 u
1.3043 4.40454 0 u
1.30742 4.40986 0 u
1.31046 4.41521 0 u
1.31343 4.42059 0 u
1.31632 4.42599 0 u
1.31914 4.43141 0 u
1.32188 4.43686 0 u
1.32455 4.44233 0 u
1.32714 4.44783 0 u
1.32966 4.45336 0 u
1.3321 4.45891 0 u
1.33447 4.46449 0 u
1.33676 4.47009 0 u
1.33898 4.47571 0 u
1.34112 4.48136 0 u
1.34319 4.48704 0 u
1.34518 4.49274 0 u
1.3471 4.49847 0 u
1.34894 4.50422 0 u
1.35071 4.51 0 u
1.3524 4.5158 0 u
1.35402 4.52163 0 u
1.35556 4.52748 0 u
1.35703 4.53336 0 u
1.35842 4.53926 0 u
1.35974 4.54519 0 u
1.36098 4.55114 0 u
1.36215 4.55712 0 u
1.36324 4.56312 0 u
1.36426 4.56915 0 u
1.3652 4.5752 0 u
1.36607 4.58128 0 u
1.36686 4.58738 0 u
1.36758 4.59351 0 u
1.36822 4.59966 0 u
1.36879 4.60584 0 u
1.36928 4.61204 0 u
1.3697 4.61827 0 u
1.37004 4.62452 0 u
1.37031 4.6308 0 u
1.3705 4.6371 0 u
1.37062 4.64343 0 u
1.37066 4.64978 0 u
1.37063 4.65616 0 u
1.37052 4.66256 0 u
1.37034 4.66899 0 u
1.37008 4.67544 0 u
1.36975 4.68192 0 u
1.36934 4.68842 0 u
1.36886 4.69495 0 u
1.3683 4.70151 0 u
1.36767 4.70808 0 u
1.36696 4.71469 0 u
1.36618 4.72131 0 u
1.36532 4.72797 0 u
1.36439 4.73465 0 u
1.36338 4.74135 0 u
1.3623 4.74808 0 u
1.36114 4.75483 0 u
1.35991 4.76161 0 u
1.3586 4.76841 0 u

0.655013 4.33787 0 v
0.659724 4.34477 0 v
0.664533 4.35148 0 v
0.669439 4.358 0 v
0.674444 4.36434 0 v
0.679547 4.37049 0 v
0.684747 4.37645 0 v
0.690046 4.38222 0 v
0.695443 4.3878 0 v
0.700937 4.3932 0 v
0.70653 4.39841 0 v
0.71222 4.40343 0 v
0.718009 4.40826 0 v
0.723895 4.41291 0 v
0.72988 4.41737 0 v
0.735962 4.42164 0 v
0.742142 4.42572 0 v
0.748421 4.42961 0 v
0.754797 4.43332 0 v
0.761271 4.43684 0 v
0.767843 4.44017 0 v
0.774513 4.44331 0 v
0.781282 4.44626 0 v
0.788148 4.44903 0 v
0.795112 4.45161 0 v
0.802174 4.454 0 v
0.809334 4.45621 0 v
0.816592 4.45822 0 v
0.823948 4.46005 0 v
0.831401 4.46169 0 v
0.838953 4.46314 0 v
0.846603 4.46441 0 v
0.854351 4.46548 0 v
0.862197 4.46637 0 v
0.87014 4.46707 0 v
0.878182 4.46759 0 v
0.886322 4.46791 0 v
0.894559 4.46805 0 v
0.902895 4.468 0 v
0.911328 4.46776 0 v
0.91986 4.46733 0 v
0.928417 4.46673 0 v
0.936929 4.46594 0 v
0.945394 4.46497 0 v
0.953813 4.46382 0 v
0.962186 4.4625 0 v
0.970513 4.46099 0 v
0.978794 4.45931 0 v
0.987029 4.45745 0 v
0.995218 4.45541 0 v
1.00336 4.45319 0 v
1.01146 4.45079 0 v
1.01951 4.44821 0 v
1.02751 4.44545 0 v
1.03547 4.44252 0 v
1.04338 4.4394 0 v
1.05125 4.43611 0 v
1.05907 4.43264 0 v
1.06684 4.42898 0 v
1.07457 4.42515 0 v
1.08225 4.42114 0 v
1.08989 4.41695 0 v
1.09748 4.41259 0 v
1.10502 4.40804 0 v
1.11252 4.40331 0 v
1.11997 4.39841 0 v
1.12738 4.39333 0 v
1.13473 4.38806 0 v
1.14205 4.38262 0 v
1.14931 4.377 0 v
1.15654 4.3712 0 v
1.16371 4.36522 0 v
1.17084 4.35906 0 v
1.17792 4.35273 0 v
1.18496 4.34621 0 v
1.19195 4.33952 0 v
1.19889 4.33264 0 v
1.20579 4.32559 0 v
1.21264 4.31836 0 v
1.21945 4.31095 0 v
1.22621 4.30336 0 v

0.57201 4.41638 0 v
0.58087 4.42526 0 v
0.589759 4.43388 0 v
0.598674 4.44224 0 v
0.607617 4.45033 0 v
0.616588 4.45815 0 v
0.625587 4.4657 0 v
0.634612 4.47299 0 v
0.643666 4.48002 0 v
0.652747 4.48677 0 v
0.661855 4.49326 0 v
0.670991 4.49949 0 v
0.680155 4.50545 0 v
0.689346 4.51114 0 v
0.698564 4.51656 0 v
0.707811 4.52172 0 v
0.717084 4.52662 0 v
0.726386 4.53124 0 v
0.735714 4.5356 0 v
0.745071 4.5397 0 v
0.754455 4.54353 0 v
0.763866 4.54709 0 v
0.773305 4.55038 0 v
0.782772 4.55341 0 v
0.792266 4.55618 0 v
0.801787 4.55867 0 v
0.811337 4.5609 0 v
0.820913 4.56287 0 v
0.830517 4.56457 0 v
0.840149 4.566 0 v
0.849809 4.56716 0 v
0.859495 4.56806 0 v
0.86921 4.5687 0 v
0.878952 4.56906 0 v
0.888721 4.56916 0 v
0.898518 4.569 0 v
0.908343 4.56856 0 v
0.918195 4.56787 0 v
0.928075 4.5669 0 v
0.937982 4.56567 0 v
0.947917 4.56417 0 v
0.957839 4.56249 0 v
0.96771 4.56068 0 v
0.977529 4.55875 0 v
0.987295 4.55671 0 v
0.99701 4.55455 0 v
1.00667 4.55227 0 v
1.01628 4.54987 0 v
1.02584 4.54736 0 v
1.03535 4.54472 0 v
1.0448 4.54197 0 v
1.05421 4.5391 0 v
1.06356 4.53611 0 v
1.07286 4.53301 0 v
1.08211 4.52978 0 v
1.0913 4.52644 0 v
1.10044 4.52298 0 v
1.10954 4.51941 0 v
1.11858 4.51571 0 v
1.12756 4.5119 0 v
1.1365 4.50796 0 v
1.14538 4.50391 0 v
1.15421 4.49975 0 v
1.16299 4.49546 0 v
1.17172 4.49106 0 v
1.1804 4.48653 0 v
1.18902 4.48189 0 v
1.19759 4.47714 0 v
1.20611 4.47226 0 v
1.21458 4.46727 0 v
1.223 4.46215 0 v
1.23136 4.45692 0 v
1.23967 4.45158 0 v
1.24793 4.44611 0 v
1.25614 4.44052 0 v
1.2643 4.43482 0 v
1.2724 4.429 0 v
1.28046 4.42306 0 v
1.28846 4.41701 0 v
1.29641 4.41083 0 v
1.3043 4.40454 0 v

0.489006 4.49488 0 v
0.500143 4.50525 0 v
0.51131 4.5153 0 v
0.522507 4.52504 0 v
0.533734 4.53446 0 v
0.544992 4.54356 0 v
0.556279 4.55234 0 v
0.567598 4.56081 0 v
0.578946 4.56896 0 v
0.590325 4.57679 0 v
0.601734 4.5843 0 v
0.613173 4.5915 0 v
0.624643 4.59838 0 v
0.636142 4.60494 0 v
0.647673 4.61119 0 v
0.659233 4.61711 0 v
0.670824 4.62272 0 v
0.682445 4.62802 0 v
0.694096 4.63299 0 v
0.705778 4.63765 0 v
0.717489 4.64199 0 v
0.729232 4.64601 0 v
0.741004 4.64972 0 v
0.752807 4.65311 0 v
0.76464 4.65618 0 v
0.776503 4.65893 0 v
0.788397 4.66137 0 v
0.80032 4.66349 0 v
0.812274 4.66529 0 v
0.824259 4.66678 0 v
0.836274 4.66794 0 v
0.848319 4.66879 0 v
0.860394 4.66933 0 v
0.872499 4.66954 0 v
0.884635 4.66944 0 v
0.896801 4.66902 0 v
0.908998 4.66828 0 v
0.921224 4.66723 0 v
0.933481 4.66586 0 v
0.945769 4.66417 0 v
0.958086 4.66216 0 v
0.970357 4.65996 0 v
0.982504 4.65768 0 v
0.994527 4.65533 0 v
1.00643 4.65291 0 v
1.0182 4.6504 0 v
1.02986 4.64783 0 v
1.04138 4.64518 0 v
1.05279 4.64245 0 v
1.06407 4.63965 0 v
1.07523 4.63678 0 v
1.08626 4.63383 0 v
1.09717 4.6308 0 v
1.10795 4.62771 0 v
1.11862 4.62453 0 v
1.12916 4.62128 0 v
1.13957 4.61796 0 v
1.14986 4.61456 0 v
1.16003 4.61109 0 v
1.17007 4.60754 0 v
1.17999 4.60392 0 v
1.18979 4.60023 0 v
1.19946 4.59646 0 v
1.20901 4.59261 0 v
1.21843 4.58869 0 v
1.22773 4.58469 0 v
1.23691 4.58062 0 v
1.24596 4.57648 0 v
1.25489 4.57226 0 v
1.2637 4.56797 0 v
1.27238 4.5636 0 v
1.28094 4.55915 0 v
1.28938 4.55464 0 v
1.29769 4.55004 0 v
1.30587 4.54537 0 v
1.31394 4.54063 0 v
1.32188 4.53582 0 v
1.32969 4.53092 0 v
1.33739 4.52596 0 v
1.34496 4.52092 0 v
1.3524 4.5158 0 v

0.406003 4.57338 0 v
0.419017 4.58542 0 v
0.432065 4.59709 0 v
0.445148 4.60838 0 v
0.458265 4.61931 0 v
0.471417 4.62986 0 v
0.484604 4.64004 0 v
0.497825 4.64985 0 v
0.511081 4.65929 0 v
0.524371 4.66835 0 v
0.537696 4.67704 0 v
0.551055 4.68536 0 v
0.564449 4.69331 0 v
0.577877 4.70089 0 v
0.59134 4.70809 0 v
0.604838 4.71492 0 v
0.61837 4.72138 0 v
0.631936 4.72747 0 v
0.645537 4.73319 0 v
0.659173 4.73853 0 v
0.672844 4.74351 0 v
0.686548 4.74811 0 v
0.700288 4.75234 0 v
0.714062 4.75619 0 v
0.72787 4.75968 0 v
0.741713 4.76279 0 v
0.755591 4.76553 0 v
0.769503 4.7679 0 v
0.78345 4.76989 0 v
0.797431 4.77152 0 v
0.811447 4.77277 0 v
0.825497 4.77365 0 v
0.839582 4.77416 0 v
0.853702 4.7743 0 v
0.867856 4.77406 0 v
0.882045 4.77345 0 v
0.896268 4.77247 0 v
0.910526 4.77112 0 v
0.924818 4.7694 0 v
0.939145 4.7673 0 v
0.953506 4.76484 0 v
0.967786 4.76217 0 v
0.981868 4.75947 0 v
0.995753 4.75675 0 v
1.00944 4.75401 0 v
1.02293 4.75123 0 v
1.03622 4.74843 0 v
1.04931 4.7456 0 v
1.06221 4.74274 0 v
1.07491 4.73986 0 v
1.08741 4.73695 0 v
1.09971 4.73401 0 v
1.11182 4.73105 0 v
1.12372 4.72806 0 v
1.13543 4.72504 0 v
1.14695 4.722 0 v
1.15826 4.71893 0 v
1.16938 4.71583 0 v
1.1803 4.7127 0 v
1.19102 4.70955 0 v
1.20154 4.70637 0 v
1.21187 4.70316 0 v
1.222 4.69993 0 v
1.23193 4.69667 0 v
1.24166 4.69338 0 v
1.25119 4.69006 0 v
1.26053 4.68672 0 v
1.26967 4.68335 0 v
1.27861 4.67996 0 v
1.28736 4.67653 0 v
1.29591 4.67308 0 v
1.30425 4.66961 0 v
1.31241 4.6661 0 v
1.32036 4.66257 0 v
1.32812 4.65902 0 v
1.33567 4.65543 0 v
1.34303 4.65182 0 v
1.3502 4.64818 0 v
1.35716 4.64451 0 v
1.36393 4.64082 0 v
1.3705 4.6371 0 v

0.323 4.65188 0 v
0.338968 4.66647 0 v
0.354904 4.68059 0 v
0.37081 4.69426 0 v
0.386684 4.70746 0 v
0.402526 4.72021 0 v
0.418338 4.73249 0 v
0.434118 4.74431 0 v
0.449867 4.75567 0 v
0.465584 4.76657 0 v
0.481271 4.77701 0 v
0.496926 4.78698 0 v
0.512549 4.7965 0 v
0.528142 4.80555 0 v
0.543703 4.81415 0 v
0.559233 4.82228 0 v
0.574731 4.82995 0 v
0.590199 4.83716 0 v
0.605635 4.84391 0 v
0.62104 4.8502 0 v
0.636413 4.85602 0 v
0.651755 4.86139 0 v
0.667066 4.86629 0 v
0.682346 4.87074 0 v
0.697594 4.87472 0 v
0.712811 4.87824 0 v
0.727997 4.8813 0 v
0.743152 4.8839 0 v
0.758275 4.88604 0 v
0.773367 4.88771 0 v
0.788428 4.88893 0 v
0.803457 4.88969 0 v
0.818455 4.88998 0 v
0.833422 4.88981 0 v
0.848358 4.88918 0 v
0.863262 4.88809 0 v
0.878135 4.88654 0 v
0.892977 4.88453 0 v
0.907787 4.88206 0 v
0.922567 4.87912 0 v
0.937314 4.87573 0 v
0.951942 4.87213 0 v
0.966359 4.86857 0 v
0.980566 4.86507 0 v
0.994564 4.8616 0 v
1.00835 4.85819 0 v
1.02193 4.85483 0 v
1.0353 4.85151 0 v
1.04845 4.84823 0 v
1.0614 4.84501 0 v
1.07414 4.84183 0 v
1.08666 4.8387 0 v
1.09898 4.83562 0 v
1.11109 4.83258 0 v
1.12299 4.82959 0 v
1.13467 4.82665 0 v
1.14615 4.82375 0 v
1.15742 4.82091 0 v
1.16847 4.81811 0 v
1.17932 4.81535 0 v
1.18996 4.81264 0 v
1.20039 4.80999 0 v
1.2106 4.80737 0 v
1.22061 4.80481 0 v
1.23041 4.80229 0 v
1.23999 4.79982 0 v
1.24937 4.7974 0 v
1.25854 4.79502 0 v
1.2675 4.79269 0 v
1.27624 4.79041 0 v
1.28478 4.78817 0 v
1.29311 4.78598 0 v
1.30122 4.78384 0 v
1.30913 4.78175 0 v
1.31683 4.7797 0 v
1.32431 4.7777 0 v
1.33159 4.77575 0 v
1.33866 4.77384 0 v
1.34552 4.77199 0 v
1.35216 4.77017 0 v
1.3586 4.76841 0 v

1.22621 4.30336 1 u
1.23083 4.30818 1 u
1.23537 4.31302 1 u
1.23984 4.31789 1 u
1.24423 4.32279 1 u
1.24855 4.32771 1 u
1.25279 4.33266 1 u
1.25695 4.33763 1 u
1.26105 4.34262 1 u
1.26506 4.34764 1 u
1.26901 4.35269 1 u
1.27287 4.35776 1 u
1.27666 4.36286 1 u
1.28038 4.36798 1 u
1.28402 4.37313 1 u
1.28759 4.3783 1 u
1.29108 4.3835 1 u
1.2945 4.38872 1 u
1.29784 4.39397 1 u
1.30111 4.39924 1 u
1.3043 4.40454 1 u
1.30742 4.40986 1 u
1.31046 4.41521 1 u
1.31343 4.42059 1 u
1.31632 4.42599 1 u
1.31914 4.43141 1 u
1.32188 4.43686 1 u
1.32455 4.44233 1 u
1.32714 4.44783 1 u
1.32966 4.45336 1 u
1.3321 4.45891 1 u
1.33447 4.46449 1 u
1.33676 4.47009 1 u
1.33898 4.47571 1 u
1.34112 4.48136 1 u
1.34319 4.48704 1 u
1.34518 4.49274 1 u
1.3471 4.49847 1 u
1.34894 4.50422 1 u
1.35071 4.51 1 u
1.3524 4.5158 1 u
1.35402 4.52163 1 u
1.35556 4.52748 1 u
1.35703 4.53336 1 u
1.35842 4.53926 1 u
1.35974 4.54519 1 u
1.36098 4.55114 1 u
1.36215 4.55712 1 u
1.36324 4.56312 1 u
1.36426 4.56915 1 u
1.3652 4.5752 1 u
1.36607 4.58128 1 u
1.36686 4.58738 1 u
1.36758 4.59351 1 u
1.36822 4.59966 1 u
1.36879 4.60584 1 u
1.36928 4.61204 1 u
1.3697 4.61827 1 u
1.37004 4.62452 1 u
1.37031 4.6308 1 u
1.3705 4.6371 1 u
1.37062 4.64343 1 u
1.37066 4.64978 1 u
1.37063 4.65616 1 u
1.37052 4.66256 1 u
1.37034 4.66899 1 u
1.37008 4.67544 1 u
1.36975 4.68192 1 u
1.36934 4.68842 1 u
1.36886 4.69495 1 u
1.3683 4.70151 1 u
1.36767 4.70808 1 u
1.36696 4.71469 1 u
1.36618 4.72131 1 u
1.36532 4.72797 1 u
1.36439 4.73465 1 u
1.36338 4.74135 1 u
1.3623 4.74808 1 u
1.36114 4.75483 1 u
1.35991 4.76161 1 u
1.3586 4.76841 1 u

1.37909 4.2925 1 u
1.38229 4.29742 1 u
1.38545 4.30234 1 u
1.38857 4.30728 1 u
1.39163 4.31223 1 u
1.39466 4.31719 1 u
1.39763 4.32216 1 u
1.40057 4.32715 1 u
1.40345 4.33214 1 u
1.40629 4.33715 1 u
1.40909 4.34217 1 u
1.41184 4.34721 1 u
1.41455 4.35225 1 u
1.41721 4.35731 1 u
1.41982 4.36238 1 u
1.42239 4.36746 1 u
1.42492 4.37255 1 u
1.42739 4.37765 1 u
1.42983 4.38277 1 u
1.43222 4.3879 1 u
1.43456 4.39304 1 u
1.43686 4.39819 1 u
1.43911 4.40335 1 u
1.44132 4.40853 1 u
1.44348 4.41372 1 u
1.4456 4.41891 1 u
1.44767 4.42413 1 u
1.44969 4.42935 1 u
1.45167 4.43458 1 u
1.45361 4.43983 1 u
1.4555 4.44509 1 u
1.45734 4.45036 1 u
1.45914 4.45564 1 u
1.4609 4.46094 1 u
1.46261 4.46625 1 u
1.46427 4.47156 1 u
1.46589 4.4769 1 u
1.46746 4.48224 1 u
1.46899 4.48759 1 u
1.47047 4.49296 1 u
1.47191 4.49834 1 u
1.4733 4.50373 1 u
1.47465 4.50915 1 u
1.47595 4.51458 1 u
1.47721 4.52004 1 u
1.47842 4.52552 1 u
1.47959 4.53102 1 u
1.48072 4.53654 1 u
1.48179 4.54208 1 u
1.48283 4.54764 1 u
1.48382 4.55322 1 u
1.48476 4.55883 1 u
1.48566 4.56445 1 u
1.48652 4.5701 1 u
1.48733 4.57576 1 u
1.48809 4.58145 1 u
1.48881 4.58716 1 u
1.48949 4.59289 1 u
1.49012 4.59863 1 u
1.49071 4.60441 1 u
1.49125 4.6102 1 u
1.49175 4.61601 1 u
1.4922 4.62184 1 u
1.49261 4.6277 1 u
1.49297 4.63357 1 u
1.49329 4.63947 1 u
1.49356 4.64538 1 u
1.49379 4.65132 1 u
1.49397 4.65728 1 u
1.49411 4.66326 1 u
1.49421 4.66926 1 u
1.49425 4.67528 1 u
1.49426 4.68132 1 u
1.49422 4.68739 1 u
1.49413 4.69347 1 u
1.49401 4.69958 1 u
1.49383 4.7057 1 u
1.49361 4.71185 1 u
1.49335 4.71802 1 u
1.49304 4.7242 1 u
1.49269 4.73041 1 u

1.50195 4.25665 1 u
1.50432 4.26178 1 u
1.50667 4.26692 1 u
1.50901 4.27206 1 u
1.51134 4.27721 1 u
1.51364 4.28235 1 u
1.51594 4.2875 1 u
1.51822 4.29266 1 u
1.52048 4.29781 1 u
1.52273 4.30297 1 u
1.52496 4.30814 1 u
1.52718 4.3133 1 u
1.52938 4.31847 1 u
1.53157 4.32364 1 u
1.53374 4.32882 1 u
1.5359 4.33399 1 u
1.53804 4.33917 1 u
1.54017 4.34436 1 u
1.54228 4.34954 1 u
1.54438 4.35473 1 u
1.54646 4.35993 1 u
1.54852 4.36512 1 u
1.55058 4.37032 1 u
1.55261 4.37552 1 u
1.55463 4.38073 1 u
1.55664 4.38594 1 u
1.55863 4.39115 1 u
1.56061 4.39636 1 u
1.56257 4.40158 1 u
1.56451 4.4068 1 u
1.56644 4.41202 1 u
1.56836 4.41725 1 u
1.57026 4.42248 1 u
1.57215 4.42771 1 u
1.57402 4.43295 1 u
1.57587 4.43819 1 u
1.57771 4.44343 1 u
1.57954 4.44867 1 u
1.58135 4.45392 1 u
1.58314 4.45917 1 u
1.58492 4.46442 1 u
1.58668 4.46969 1 u
1.58843 4.47496 1 u
1.59016 4.48026 1 u
1.59187 4.48556 1 u
1.59356 4.49088 1 u
1.59523 4.49621 1 u
1.59689 4.50156 1 u
1.59853 4.50693 1 u
1.60015 4.5123 1 u
1.60176 4.51769 1 u
1.60334 4.5231 1 u
1.60491 4.52852 1 u
1.60647 4.53395 1 u
1.608 4.5394 1 u
1.60952 4.54486 1 u
1.61101 4.55034 1 u
1.61249 4.55583 1 u
1.61396 4.56134 1 u
1.6154 4.56686 1 u
1.61683 4.57239 1 u
1.61824 4.57794 1 u
1.61963 4.5835 1 u
1.62101 4.58908 1 u
1.62237 4.59467 1 u
1.62371 4.60027 1 u
1.62503 4.60589 1 u
1.62633 4.61153 1 u
1.62762 4.61717 1 u
1.62889 4.62284 1 u
1.63014 4.62851 1 u
1.63137 4.6342 1 u
1.63259 4.63991 1 u
1.63379 4.64563 1 u
1.63497 4.65136 1 u
1.63613 4.65711 1 u
1.63728 4.66287 1 u
1.63841 4.66865 1 u
1.63952 4.67444 1 u
1.64061 4.68025 1 u
1.64168 4.68606 1 u

1.61481 4.1958 1 u
1.61651 4.20144 1 u
1.61822 4.20708 1 u
1.61994 4.21271 1 u
1.62168 4.21834 1 u
1.62343 4.22396 1 u
1.62519 4.22957 1 u
1.62697 4.23518 1 u
1.62876 4.24078 1 u
1.63056 4.24638 1 u
1.63238 4.25197 1 u
1.63421 4.25756 1 u
1.63605 4.26314 1 u
1.63791 4.26871 1 u
1.63978 4.27428 1 u
1.64166 4.27985 1 u
1.64356 4.2854 1 u
1.64547 4.29095 1 u
1.64739 4.2965 1 u
1.64932 4.30204 1 u
1.65127 4.30758 1 u
1.65324 4.3131 1 u
1.65521 4.31863 1 u
1.6572 4.32414 1 u
1.6592 4.32966 1 u
1.66122 4.33516 1 u
1.66324 4.34066 1 u
1.66529 4.34616 1 u
1.66734 4.35165 1 u
1.66941 4.35713 1 u
1.67149 4.36261 1 u
1.67359 4.36808 1 u
1.67569 4.37354 1 u
1.67781 4.379 1 u
1.67995 4.38446 1 u
1.6821 4.38991 1 u
1.68426 4.39535 1 u
1.68643 4.40079 1 u
1.68862 4.40622 1 u
1.69082 4.41164 1 u
1.69303 4.41706 1 u
1.69526 4.42249 1 u
1.69749 4.42791 1 u
1.69973 4.43335 1 u
1.70199 4.4388 1 u
1.70425 4.44425 1 u
1.70652 4.44972 1 u
1.70879 4.45519 1 u
1.71108 4.46067 1 u
1.71338 4.46616 1 u
1.71568 4.47165 1 u
1.718 4.47716 1 u
1.72032 4.48267 1 u
1.72265 4.48819 1 u
1.72499 4.49372 1 u
1.72734 4.49926 1 u
1.7297 4.50481 1 u
1.73207 4.51036 1 u
1.73445 4.51593 1 u
1.73683 4.5215 1 u
1.73923 4.52708 1 u
1.74163 4.53267 1 u
1.74404 4.53826 1 u
1.74646 4.54387 1 u
1.7489 4.54948 1 u
1.75133 4.5551 1 u
1.75378 4.56073 1 u
1.75624 4.56637 1 u
1.75871 4.57202 1 u
1.76118 4.57767 1 u
1.76366 4.58334 1 u
1.76616 4.58901 1 u
1.76866 4.59469 1 u
1.77117 4.60038 1 u
1.77369 4.60607 1 u
1.77622 4.61178 1 u
1.77876 4.61749 1 u
1.7813 4.62322 1 u
1.78386 4.62895 1 u
1.78642 4.63468 1 u
1.789 4.64043 1 u

1.73769 4.10995 1 u
1.73846 4.11655 1 u
1.73928 4.12313 1 u
1.74012 4.12969 1 u
1.74101 4.13623 1 u
1.74194 4.14275 1 u
1.7429 4.14926 1 u
1.7439 4.15574 1 u
1.74493 4.16221 1 u
1.74601 4.16866 1 u
1.74712 4.17509 1 u
1.74826 4.1815 1 u
1.74945 4.18789 1 u
1.75067 4.19426 1 u
1.75193 4.20062 1 u
1.75323 4.20695 1 u
1.75457 4.21327 1 u
1.75594 4.21957 1 u
1.75735 4.22585 1 u
1.7588 4.23211 1 u
1.76028 4.23835 1 u
1.76181 4.24457 1 u
1.76337 4.25078 1 u
1.76497 4.25696 1 u
1.7666 4.26313 1 u
1.76827 4.26928 1 u
1.76998 4.27541 1 u
1.77173 4.28152 1 u
1.77351 4.28761 1 u
1.77534 4.29368 1 u
1.7772 4.29974 1 u
1.77909 4.30577 1 u
1.78103 4.31179 1 u
1.783 4.31779 1 u
1.78501 4.32377 1 u
1.78706 4.32973 1 u
1.78914 4.33567 1 u
1.79126 4.34159 1 u
1.79342 4.3475 1 u
1.79562 4.35338 1 u
1.79785 4.35925 1 u
1.80012 4.36511 1 u
1.80243 4.37098 1 u
1.80478 4.37685 1 u
1.80716 4.38273 1 u
1.80958 4.38862 1 u
1.81204 4.39451 1 u
1.81454 4.40041 1 u
1.81707 4.40631 1 u
1.81964 4.41222 1 u
1.82225 4.41814 1 u
1.8249 4.42406 1 u
1.82759 4.42999 1 u
1.83031 4.43593 1 u
1.83307 4.44187 1 u
1.83587 4.44782 1 u
1.8387 4.45377 1 u
1.84157 4.45974 1 u
1.84448 4.4657 1 u
1.84743 4.47168 1 u
1.85042 4.47766 1 u
1.85344 4.48364 1 u
1.8565 4.48964 1 u
1.8596 4.49564 1 u
1.86274 4.50164 1 u
1.86591 4.50765 1 u
1.86912 4.51367 1 u
1.87237 4.51969 1 u
1.87565 4.52572 1 u
1.87898 4.53176 1 u
1.88234 4.5378 1 u
1.88574 4.54385 1 u
1.88917 4.54991 1 u
1.89265 4.55597 1 u
1.89616 4.56204 1 u
1.89971 4.56811 1 u
1.9033 4.57419 1 u
1.90692 4.58028 1 u
1.91058 4.58637 1 u
1.91428 4.59247 1 u
1.91802 4.59858 1 u

1.22621 4.30336 1 v
1.23457 4.30341 1 v
1.24285 4.3034 1 v
1.25106 4.30332 1 v
1.25919 4.30319 1 v
1.26724 4.30299 1 v
1.27523 4.30273 1 v
1.28313 4.3024 1 v
1.29096 4.30202 1 v
1.29872 4.30157 1 v
1.3064 4.30106 1 v
1.31401 4.30048 1 v
1.32154 4.29984 1 v
1.329 4.29915 1 v
1.33638 4.29838 1 v
1.34368 4.29756 1 v
1.35092 4.29667 1 v
1.35807 4.29572 1 v
1.36515 4.29471 1 v
1.37216 4.29364 1 v
1.37909 4.2925 1 v
1.38595 4.2913 1 v
1.39273 4.29004 1 v
1.39943 4.28872 1 v
1.40606 4.28733 1 v
1.41262 4.28588 1 v
1.4191 4.28437 1 v
1.42551 4.2828 1 v
1.43184 4.28116 1 v
1.43809 4.27946 1 v
1.44427 4.2777 1 v
1.45038 4.27588 1 v
1.45641 4.27399 1 v
1.46236 4.27204 1 v
1.46824 4.27003 1 v
1.47405 4.26796 1 v
1.47978 4.26582 1 v
1.48543 4.26362 1 v
1.49101 4.26136 1 v
1.49652 4.25904 1 v
1.50195 4.25665 1 v
1.50736 4.2542 1 v
1.51279 4.25169 1 v
1.51824 4.24912 1 v
1.52372 4.24648 1 v
1.52923 4.24378 1 v
1.53476 4.24102 1 v
1.54031 4.2382 1 v
1.54589 4.23531 1 v
1.5515 4.23236 1 v
1.55713 4.22935 1 v
1.56278 4.22628 1 v
1.56846 4.22314 1 v
1.57417 4.21994 1 v
1.5799 4.21668 1 v
1.58566 4.21336 1 v
1.59144 4.20997 1 v
1.59724 4.20652 1 v
1.60307 4.20301 1 v
1.60893 4.19944 1 v
1.61481 4.1958 1 v
1.62072 4.1921 1 v
1.62665 4.18834 1 v
1.6326 4.18452 1 v
1.63858 4.18063 1 v
1.64459 4.17668 1 v
1.65062 4.17267 1 v
1.65668 4.1686 1 v
1.66276 4.16446 1 v
1.66887 4.16026 1 v
1.675 4.156 1 v
1.68115 4.15168 1 v
1.68734 4.14729 1 v
1.69354 4.14284 1 v
1.69977 4.13833 1 v
1.70603 4.13376 1 v
1.71231 4.12912 1 v
1.71862 4.12442 1 v
1.72495 4.11966 1 v
1.73131 4.11484 1 v
1.73769 4.10995 1 v

1.3043 4.40454 1 v
1.31125 4.40448 1 v
1.31815 4.40436 1 v
1.32501 4.40419 1 v
1.33182 4.40397 1 v
1.33859 4.40369 1 v
1.34531 4.40336 1 v
1.35198 4.40297 1 v
1.35861 4.40253 1 v
1.36519 4.40204 1 v
1.37173 4.40149 1 v
1.37822 4.40089 1 v
1.38466 4.40023 1 v
1.39106 4.39952 1 v
1.39741 4.39876 1 v
1.40372 4.39794 1 v
1.40998 4.39707 1 v
1.41619 4.39614 1 v
1.42236 4.39516 1 v
1.42848 4.39412 1 v
1.43456 4.39304 1 v
1.44059 4.39189 1 v
1.44658 4.3907 1 v
1.45252 4.38945 1 v
1.45841 4.38814 1 v
1.46426 4.38678 1 v
1.47006 4.38537 1 v
1.47581 4.38391 1 v
1.48152 4.38239 1 v
1.48719 4.38081 1 v
1.4928 4.37918 1 v
1.49838 4.3775 1 v
1.5039 4.37576 1 v
1.50938 4.37397 1 v
1.51482 4.37213 1 v
1.5202 4.37023 1 v
1.52555 4.36828 1 v
1.53084 4.36627 1 v
1.53609 4.36421 1 v
1.5413 4.36209 1 v
1.54646 4.35993 1 v
1.5516 4.35771 1 v
1.55675 4.35545 1 v
1.56191 4.35315 1 v
1.56708 4.35081 1 v
1.57227 4.34842 1 v
1.57746 4.34599 1 v
1.58267 4.34352 1 v
1.58788 4.34101 1 v
1.59311 4.33846 1 v
1.59834 4.33586 1 v
1.60359 4.33322 1 v
1.60884 4.33054 1 v
1.61411 4.32782 1 v
1.61939 4.32505 1 v
1.62468 4.32225 1 v
1.62997 4.3194 1 v
1.63528 4.3165 1 v
1.6406 4.31357 1 v
1.64593 4.31059 1 v
1.65127 4.30758 1 v
1.65662 4.30451 1 v
1.66199 4.30141 1 v
1.66736 4.29827 1 v
1.67274 4.29508 1 v
1.67813 4.29185 1 v
1.68354 4.28858 1 v
1.68895 4.28527 1 v
1.69437 4.28191 1 v
1.69981 4.27851 1 v
1.70525 4.27507 1 v
1.71071 4.27159 1 v
1.71618 4.26807 1 v
1.72165 4.2645 1 v
1.72714 4.26089 1 v
1.73264 4.25724 1 v
1.73815 4.25355 1 v
1.74367 4.24981 1 v
1.74919 4.24603 1 v
1.75473 4.24221 1 v
1.76028 4.23835 1 v

1.3524 4.5158 1 v
1.35853 4.51532 1 v
1.36464 4.51479 1 v
1.37074 4.51423 1 v
1.37682 4.51362 1 v
1.38289 4.51298 1 v
1.38894 4.51229 1 v
1.39497 4.51156 1 v
1.40098 4.51079 1 v
1.40698 4.50998 1 v
1.41297 4.50912 1 v
1.41893 4.50823 1 v
1.42489 4.5073 1 v
1.43082 4.50632 1 v
1.43674 4.5053 1 v
1.44264 4.50424 1 v
1.44853 4.50314 1 v
1.4544 4.502 1 v
1.46025 4.50082 1 v
1.46609 4.4996 1 v
1.47191 4.49834 1 v
1.47771 4.49703 1 v
1.4835 4.49569 1 v
1.48928 4.4943 1 v
1.49503 4.49287 1 v
1.50077 4.4914 1 v
1.5065 4.48989 1 v
1.5122 4.48834 1 v
1.51789 4.48675 1 v
1.52357 4.48511 1 v
1.52923 4.48344 1 v
1.53487 4.48172 1 v
1.5405 4.47996 1 v
1.54611 4.47816 1 v
1.5517 4.47633 1 v
1.55728 4.47444 1 v
1.56284 4.47252 1 v
1.56838 4.47056 1 v
1.57391 4.46856 1 v
1.57942 4.46651 1 v
1.58492 4.46442 1 v
1.5904 4.46231 1 v
1.59588 4.46016 1 v
1.60135 4.45799 1 v
1.60681 4.45579 1 v
1.61226 4.45356 1 v
1.6177 4.45131 1 v
1.62313 4.44904 1 v
1.62856 4.44673 1 v
1.63398 4.44441 1 v
1.63939 4.44205 1 v
1.64479 4.43967 1 v
1.65018 4.43726 1 v
1.65557 4.43483 1 v
1.66094 4.43237 1 v
1.66631 4.42988 1 v
1.67167 4.42737 1 v
1.67703 4.42483 1 v
1.68237 4.42227 1 v
1.68771 4.41968 1 v
1.69303 4.41706 1 v
1.69835 4.41442 1 v
1.70366 4.41175 1 v
1.70897 4.40906 1 v
1.71426 4.40634 1 v
1.71955 4.40359 1 v
1.72482 4.40082 1 v
1.73009 4.39802 1 v
1.73535 4.39519 1 v
1.74061 4.39234 1 v
1.74585 4.38946 1 v
1.75109 4.38656 1 v
1.75632 4.38363 1 v
1.76154 4.38067 1 v
1.76675 4.37769 1 v
1.77195 4.37468 1 v
1.77715 4.37165 1 v
1.78234 4.36859 1 v
1.78752 4.3655 1 v
1.79269 4.36239 1 v
1.79785 4.35925 1 v

1.3705 4.6371 1 v
1.37642 4.63602 1 v
1.38236 4.6349 1 v
1.3883 4.63376 1 v
1.39426 4.63259 1 v
1.40023 4.6314 1 v
1.40622 4.63018 1 v
1.41221 4.62893 1 v
1.41822 4.62765 1 v
1.42424 4.62634 1 v
1.43027 4.62501 1 v
1.43631 4.62365 1 v
1.44237 4.62227 1 v
1.44844 4.62085 1 v
1.45452 4.61941 1 v
1.46061 4.61795 1 v
1.46671 4.61645 1 v
1.47283 4.61493 1 v
1.47896 4.61338 1 v
1.4851 4.6118 1 v
1.49125 4.6102 1 v
1.49741 4.60857 1 v
1.50359 4.60691 1 v
1.50978 4.60522 1 v
1.51598 4.60351 1 v
1.52219 4.60177 1 v
1.52842 4.6 1 v
1.53465 4.5982 1 v
1.5409 4.59638 1 v
1.54716 4.59453 1 v
1.55344 4.59266 1 v
1.55972 4.59075 1 v
1.56602 4.58882 1 v
1.57233 4.58686 1 v
1.57865 4.58488 1 v
1.58498 4.58286 1 v
1.59133 4.58082 1 v
1.59769 4.57876 1 v
1.60406 4.57666 1 v
1.61044 4.57454 1 v
1.61683 4.57239 1 v
1.62322 4.57022 1 v
1.62958 4.56804 1 v
1.6359 4.56586 1 v
1.64221 4.56366 1 v
1.64848 4.56145 1 v
1.65473 4.55923 1 v
1.66094 4.557 1 v
1.66713 4.55476 1 v
1.6733 4.55251 1 v
1.67943 4.55025 1 v
1.68554 4.54798 1 v
1.69161 4.5457 1 v
1.69766 4.5434 1 v
1.70368 4.5411 1 v
1.70968 4.53879 1 v
1.71564 4.53647 1 v
1.72158 4.53414 1 v
1.72749 4.53179 1 v
1.73337 4.52944 1 v
1.73923 4.52708 1 v
1.74505 4.5247 1 v
1.75085 4.52232 1 v
1.75662 4.51993 1 v
1.76236 4.51752 1 v
1.76808 4.51511 1 v
1.77376 4.51268 1 v
1.77942 4.51025 1 v
1.78505 4.5078 1 v
1.79065 4.50535 1 v
1.79622 4.50288 1 v
1.80177 4.50041 1 v
1.80729 4.49792 1 v
1.81278 4.49542 1 v
1.81824 4.49292 1 v
1.82367 4.4904 1 v
1.82908 4.48787 1 v
1.83445 4.48533 1 v
1.8398 4.48278 1 v
1.84512 4.48023 1 v
1.85042 4.47766 1 v

1.3586 4.76841 1 v
1.36495 4.76666 1 v
1.37134 4.7649 1 v
1.37776 4.76312 1 v
1.38422 4.76132 1 v
1.39072 4.75951 1 v
1.39726 4.75768 1 v
1.40383 4.75583 1 v
1.41045 4.75397 1 v
1.41709 4.7521 1 v
1.42378 4.75021 1 v
1.4305 4.7483 1 v
1.43726 4.74637 1 v
1.44406 4.74444 1 v
1.45089 4.74248 1 v
1.45777 4.74051 1 v
1.46468 4.73852 1 v
1.47162 4.73652 1 v
1.47861 4.7345 1 v
1.48563 4.73246 1 v
1.49269 4.73041 1 v
1.49978 4.72835 1 v
1.50692 4.72626 1 v
1.51409 4.72417 1 v
1.52129 4.72205 1 v
1.52854 4.71992 1 v
1.53582 4.71778 1 v
1.54314 4.71561 1 v
1.5505 4.71344 1 v
1.55789 4.71124 1 v
1.56532 4.70903 1 v
1.57279 4.70681 1 v
1.5803 4.70457 1 v
1.58784 4.70231 1 v
1.59542 4.70004 1 v
1.60304 4.69775 1 v
1.61069 4.69544 1 v
1.61838 4.69312 1 v
1.62611 4.69079 1 v
1.63388 4.68843 1 v
1.64168 4.68606 1 v
1.64948 4.68369 1 v
1.65724 4.68133 1 v
1.66495 4.67898 1 v
1.67261 4.67664 1 v
1.68023 4.6743 1 v
1.6878 4.67198 1 v
1.69532 4.66966 1 v
1.7028 4.66736 1 v
1.71024 4.66506 1 v
1.71763 4.66278 1 v
1.72497 4.6605 1 v
1.73227 4.65823 1 v
1.73952 4.65597 1 v
1.74672 4.65372 1 v
1.75388 4.65149 1 v
1.761 4.64926 1 v
1.76807 4.64704 1 v
1.77509 4.64482 1 v
1.78207 4.64262 1 v
1.789 4.64043 1 v
1.79588 4.63825 1 v
1.80272 4.63608 1 v
1.80952 4.63391 1 v
1.81626 4.63176 1 v
1.82297 4.62961 1 v
1.82962 4.62748 1 v
1.83623 4.62535 1 v
1.8428 4.62324 1 v
1.84932 4.62113 1 v
1.85579 4.61903 1 v
1.86222 4.61694 1 v
1.8686 4.61487 1 v
1.87494 4.6128 1 v
1.88123 4.61074 1 v
1.88748 4.60869 1 v
1.89368 4.60665 1 v
1.89983 4.60462 1 v
1.90594 4.60259 1 v
1.912 4.60058 1 v
1.91802 4.59858 1 v

1.73769 4.10995 2 u
1.73846 4.11655 2 u
1.73928 4.12313 2 u
1.74012 4.12969 2 u
1.74101 4.13623 2 u
1.74194 4.14275 2 u
1.7429 4.14926 2 u
1.7439 4.15574 2 u
1.74493 4.16221 2 u
1.74601 4.16866 2 u
1.74712 4.17509 2 u
1.74826 4.1815 2 u
1.74945 4.18789 2 u
1.75067 4.19426 2 u
1.75193 4.20062 2 u
1.75323 4.20695 2 u
1.75457 4.21327 2 u
1.75594 4.21957 2 u
1.75735 4.22585 2 u
1.7588 4.23211 2 u
1.76028 4.23835 2 u
1.76181 4.24457 2 u
1.76337 4.25078 2 u
1.76497 4.25696 2 u
1.7666 4.26313 2 u
1.76827 4.26928 2 u
1.76998 4.27541 2 u
1.77173 4.28152 2 u
1.77351 4.28761 2 u
1.77534 4.29368 2 u
1.7772 4.29974 2 u
1.77909 4.30577 2 u
1.78103 4.31179 2 u
1.783 4.31779 2 u
1.78501 4.32377 2 u
1.78706 4.32973 2 u
1.78914 4.33567 2 u
1.79126 4.34159 2 u
1.79342 4.3475 2 u
1.79562 4.35338 2 u
1.79785 4.35925 2 u
1.80012 4.36511 2 u
1.80243 4.37098 2 u
1.80478 4.37685 2 u
1.80716 4.38273 2 u
1.80958 4.38862 2 u
1.81204 4.39451 2 u
1.81454 4.40041 2 u
1.81707 4.40631 2 u
1.81964 4.41222 2 u
1.82225 4.41814 2 u
1.8249 4.42406 2 u
1.82759 4.42999 2 u
1.83031 4.43593 2 u
1.83307 4.44187 2 u
1.83587 4.44782 2 u
1.8387 4.45377 2 u
1.84157 4.45974 2 u
1.84448 4.4657 2 u
1.84743 4.47168 2 u
1.85042 4.47766 2 u
1.85344 4.48364 2 u
1.8565 4.48964 2 u
1.8596 4.49564 2 u
1.86274 4.50164 2 u
1.86591 4.50765 2 u
1.86912 4.51367 2 u
1.87237 4.51969 2 u
1.87565 4.52572 2 u
1.87898 4.53176 2 u
1.88234 4.5378 2 u
1.88574 4.54385 2 u
1.88917 4.54991 2 u
1.89265 4.55597 2 u
1.89616 4.56204 2 u
1.89971 4.56811 2 u
1.9033 4.57419 2 u
1.90692 4.58028 2 u
1.91058 4.58637 2 u
1.91428 4.59247 2 u
1.91802 4.59858 2 u

1.85983 4.15674 2 u
1.86142 4.16186 2 u
1.86303 4.16697 2 u
1.86465 4.17207 2 u
1.86628 4.17717 2 u
1.86792 4.18227 2 u
1.86957 4.18736 2 u
1.87124 4.19244 2 u
1.87291 4.19752 2 u
1.8746 4.20259 2 u
1.8763 4.20766 2 u
1.87801 4.21272 2 u
1.87973 4.21778 2 u
1.88147 4.22283 2 u
1.88321 4.22788 2 u
1.88497 4.23292 2 u
1.88674 4.23796 2 u
1.88852 4.24299 2 u
1.89031 4.24802 2 u
1.89211 4.25304 2 u
1.89393 4.25805 2 u
1.89575 4.26306 2 u
1.89759 4.26807 2 u
1.89944 4.27306 2 u
1.9013 4.27806 2 u
1.90317 4.28305 2 u
1.90506 4.28803 2 u
1.90695 4.29301 2 u
1.90886 4.29798 2 u
1.91078 4.30295 2 u
1.91271 4.30791 2 u
1.91465 4.31287 2 u
1.9166 4.31782 2 u
1.91856 4.32277 2 u
1.92054 4.32771 2 u
1.92253 4.33265 2 u
1.92453 4.33758 2 u
1.92654 4.3425 2 u
1.92856 4.34742 2 u
1.93059 4.35234 2 u
1.93264 4.35725 2 u
1.9347 4.36216 2 u
1.9368 4.36707 2 u
1.93892 4.37198 2 u
1.94107 4.37689 2 u
1.94324 4.38181 2 u
1.94545 4.38673 2 u
1.94768 4.39165 2 u
1.94994 4.39657 2 u
1.95223 4.4015 2 u
1.95455 4.40643 2 u
1.95689 4.41136 2 u
1.95927 4.41629 2 u
1.96167 4.42123 2 u
1.96409 4.42616 2 u
1.96655 4.4311 2 u
1.96904 4.43604 2 u
1.97155 4.44099 2 u
1.97409 4.44593 2 u
1.97666 4.45088 2 u
1.97925 4.45583 2 u
1.98188 4.46078 2 u
1.98453 4.46574 2 u
1.98721 4.47069 2 u
1.98992 4.47565 2 u
1.99266 4.48061 2 u
1.99542 4.48558 2 u
1.99821 4.49054 2 u
2.00103 4.49551 2 u
2.00388 4.50048 2 u
2.00676 4.50545 2 u
2.00966 4.51042 2 u
2.01259 4.5154 2 u
2.01555 4.52038 2 u
2.01854 4.52536 2 u
2.02156 4.53034 2 u
2.0246 4.53533 2 u
2.02768 4.54032 2 u
2.03078 4.54531 2 u
2.0339 4.5503 2 u
2.03706 4.55529 2 u

1.97196 4.15114 2 u
1.9742 4.15557 2 u
1.97644 4.16 2 u
1.97867 4.16442 2 u
1.9809 4.16884 2 u
1.98314 4.17325 2 u
1.98537 4.17767 2 u
1.9876 4.18208 2 u
1.98983 4.18649 2 u
1.99205 4.19089 2 u
1.99428 4.1953 2 u
1.99651 4.1997 2 u
1.99873 4.2041 2 u
2.00096 4.2085 2 u
2.00318 4.21289 2 u
2.0054 4.21728 2 u
2.00762 4.22167 2 u
2.00984 4.22606 2 u
2.01206 4.23044 2 u
2.01428 4.23482 2 u
2.0165 4.2392 2 u
2.01871 4.24358 2 u
2.02093 4.24795 2 u
2.02314 4.25232 2 u
2.02536 4.25669 2 u
2.02757 4.26106 2 u
2.02978 4.26542 2 u
2.03199 4.26978 2 u
2.0342 4.27414 2 u
2.03641 4.2785 2 u
2.03862 4.28285 2 u
2.04082 4.2872 2 u
2.04303 4.29155 2 u
2.04523 4.2959 2 u
2.04744 4.30024 2 u
2.04964 4.30458 2 u
2.05184 4.30892 2 u
2.05404 4.31326 2 u
2.05624 4.31759 2 u
2.05844 4.32192 2 u
2.06063 4.32625 2 u
2.06284 4.33058 2 u
2.06504 4.33492 2 u
2.06726 4.33927 2 u
2.06948 4.34362 2 u
2.07171 4.34798 2 u
2.07395 4.35235 2 u
2.0762 4.35672 2 u
2.07845 4.36111 2 u
2.08071 4.3655 2 u
2.08298 4.3699 2 u
2.08525 4.3743 2 u
2.08753 4.37872 2 u
2.08982 4.38314 2 u
2.09212 4.38757 2 u
2.09442 4.392 2 u
2.09674 4.39645 2 u
2.09905 4.4009 2 u
2.10138 4.40536 2 u
2.10371 4.40982 2 u
2.10606 4.4143 2 u
2.10841 4.41878 2 u
2.11076 4.42327 2 u
2.11312 4.42776 2 u
2.1155 4.43227 2 u
2.11787 4.43678 2 u
2.12026 4.4413 2 u
2.12265 4.44582 2 u
2.12505 4.45036 2 u
2.12746 4.4549 2 u
2.12988 4.45945 2 u
2.1323 4.464 2 u
2.13473 4.46857 2 u
2.13717 4.47314 2 u
2.13961 4.47772 2 u
2.14207 4.4823 2 u
2.14453 4.4869 2 u
2.14699 4.4915 2 u
2.14947 4.49611 2 u
2.15195 4.50072 2 u
2.15444 4.50534 2 u

2.06792 4.09021 2 u
2.07087 4.09457 2 u
2.07382 4.09893 2 u
2.07676 4.10328 2 u
2.07969 4.10764 2 u
2.08261 4.112 2 u
2.08551 4.11635 2 u
2.08841 4.12071 2 u
2.0913 4.12507 2 u
2.09418 4.12942 2 u
2.09705 4.13378 2 u
2.09991 4.13813 2 u
2.10276 4.14249 2 u
2.10559 4.14685 2 u
2.10842 4.1512 2 u
2.11124 4.15556 2 u
2.11405 4.15991 2 u
2.11685 4.16427 2 u
2.11964 4.16863 2 u
2.12242 4.17298 2 u
2.12519 4.17734 2 u
2.12795 4.18169 2 u
2.1307 4.18605 2 u
2.13344 4.1904 2 u
2.13617 4.19476 2 u
2.13889 4.19911 2 u
2.1416 4.20347 2 u
2.1443 4.20782 2 u
2.14698 4.21218 2 u
2.14966 4.21653 2 u
2.15233 4.22089 2 u
2.15499 4.22524 2 u
2.15765 4.22959 2 u
2.16029 4.23395 2 u
2.16292 4.2383 2 u
2.16554 4.24266 2 u
2.16815 4.24701 2 u
2.17075 4.25137 2 u
2.17334 4.25572 2 u
2.17592 4.26007 2 u
2.17849 4.26443 2 u
2.18105 4.26879 2 u
2.18359 4.27316 2 u
2.18612 4.27755 2 u
2.18864 4.28195 2 u
2.19115 4.28637 2 u
2.19364 4.2908 2 u
2.19611 4.29524 2 u
2.19858 4.2997 2 u
2.20103 4.30417 2 u
2.20346 4.30865 2 u
2.20588 4.31315 2 u
2.20829 4.31766 2 u
2.21069 4.32219 2 u
2.21307 4.32673 2 u
2.21543 4.33128 2 u
2.21779 4.33585 2 u
2.22013 4.34043 2 u
2.22245 4.34502 2 u
2.22476 4.34963 2 u
2.22706 4.35425 2 u
2.22935 4.35889 2 u
2.23162 4.36354 2 u
2.23388 4.3682 2 u
2.23612 4.37288 2 u
2.23835 4.37757 2 u
2.24057 4.38227 2 u
2.24277 4.38699 2 u
2.24496 4.39172 2 u
2.24713 4.39647 2 u
2.24929 4.40122 2 u
2.25144 4.406 2 u
2.25358 4.41078 2 u
2.2557 4.41558 2 u
2.2578 4.4204 2 u
2.2599 4.42523 2 u
2.26198 4.43007 2 u
2.26404 4.43492 2 u
2.26609 4.43979 2 u
2.26813 4.44467 2 u
2.27015 4.44957 2 u

2.1415 3.97101 2 u
2.14552 3.97574 2 u
2.14952 3.98048 2 u
2.15349 3.98524 2 u
2.15744 3.99001 2 u
2.16136 3.99479 2 u
2.16526 3.99958 2 u
2.16913 4.00439 2 u
2.17298 4.0092 2 u
2.1768 4.01403 2 u
2.1806 4.01888 2 u
2.18437 4.02373 2 u
2.18812 4.0286 2 u
2.19184 4.03348 2 u
2.19553 4.03837 2 u
2.19921 4.04328 2 u
2.20285 4.0482 2 u
2.20647 4.05313 2 u
2.21007 4.05807 2 u
2.21364 4.06302 2 u
2.21719 4.06799 2 u
2.22071 4.07297 2 u
2.2242 4.07796 2 u
2.22768 4.08297 2 u
2.23112 4.08798 2 u
2.23454 4.09301 2 u
2.23794 4.09806 2 u
2.24131 4.10311 2 u
2.24466 4.10818 2 u
2.24798 4.11326 2 u
2.25127 4.11835 2 u
2.25454 4.12345 2 u
2.25779 4.12857 2 u
2.26101 4.1337 2 u
2.2642 4.13884 2 u
2.26737 4.14399 2 u
2.27052 4.14916 2 u
2.27364 4.15434 2 u
2.27673 4.15953 2 u
2.2798 4.16473 2 u
2.28285 4.16995 2 u
2.28587 4.17518 2 u
2.28887 4.18042 2 u
2.29184 4.18567 2 u
2.29478 4.19094 2 u
2.2977 4.19622 2 u
2.3006 4.20151 2 u
2.30347 4.20681 2 u
2.30631 4.21213 2 u
2.30913 4.21746 2 u
2.31193 4.2228 2 u
2.3147 4.22815 2 u
2.31744 4.23352 2 u
2.32017 4.23889 2 u
2.32286 4.24428 2 u
2.32553 4.24969 2 u
2.32818 4.2551 2 u
2.3308 4.26053 2 u
2.3334 4.26597 2 u
2.33597 4.27142 2 u
2.33851 4.27689 2 u
2.34103 4.28236 2 u
2.34353 4.28785 2 u
2.346 4.29336 2 u
2.34845 4.29887 2 u
2.35087 4.3044 2 u
2.35327 4.30994 2 u
2.35564 4.31549 2 u
2.35798 4.32106 2 u
2.36031 4.32663 2 u
2.3626 4.33222 2 u
2.36488 4.33782 2 u
2.36712 4.34344 2 u
2.36934 4.34906 2 u
2.37154 4.3547 2 u
2.37371 4.36036 2 u
2.37586 4.36602 2 u
2.37798 4.3717 2 u
2.38008 4.37738 2 u
2.38215 4.38309 2 u
2.3842 4.3888 2 u

1.73769 4.10995 2 v
1.74403 4.11353 2 v
1.75035 4.11699 2 v
1.75665 4.12031 2 v
1.76292 4.1235 2 v
1.76916 4.12656 2 v
1.77538 4.12949 2 v
1.78158 4.13229 2 v
1.78775 4.13495 2 v
1.79389 4.13749 2 v
1.80001 4.1399 2 v
1.8061 4.14217 2 v
1.81217 4.14431 2 v
1.81822 4.14633 2 v
1.82424 4.14821 2 v
1.83023 4.14996 2 v
1.8362 4.15158 2 v
1.84215 4.15306 2 v
1.84806 4.15442 2 v
1.85396 4.15565 2 v
1.85983 4.15674 2 v
1.86567 4.15771 2 v
1.87149 4.15854 2 v
1.87729 4.15924 2 v
1.88306 4.15982 2 v
1.8888 4.16026 2 v
1.89452 4.16057 2 v
1.90021 4.16074 2 v
1.90588 4.16079 2 v
1.91153 4.16071 2 v
1.91715 4.16049 2 v
1.92274 4.16015 2 v
1.92831 4.15967 2 v
1.93386 4.15906 2 v
1.93937 4.15833 2 v
1.94487 4.15746 2 v
1.95034 4.15646 2 v
1.95578 4.15532 2 v
1.9612 4.15406 2 v
1.9666 4.15267 2 v
1.97196 4.15114 2 v
1.97729 4.14948 2 v
1.98257 4.14767 2 v
1.98778 4.14572 2 v
1.99294 4.14362 2 v
1.99805 4.14138 2 v
2.0031 4.13898 2 v
2.00809 4.13645 2 v
2.01303 4.13377 2 v
2.01791 4.13094 2 v
2.02274 4.12796 2 v
2.02751 4.12484 2 v
2.03222 4.12158 2 v
2.03688 4.11817 2 v
2.04148 4.11461 2 v
2.04603 4.11091 2 v
2.05052 4.10706 2 v
2.05495 4.10307 2 v
2.05933 4.09893 2 v
2.06365 4.09464 2 v
2.06792 4.09021 2 v
2.07213 4.08564 2 v
2.07628 4.08092 2 v
2.08038 4.07605 2 v
2.08442 4.07103 2 v
2.08841 4.06588 2 v
2.09234 4.06057 2 v
2.09621 4.05512 2 v
2.10003 4.04952 2 v
2.1038 4.04378 2 v
2.1075 4.0379 2 v
2.11116 4.03186 2 v
2.11475 4.02568 2 v
2.11829 4.01936 2 v
2.12177 4.01289 2 v
2.1252 4.00627 2 v
2.12857 3.99951 2 v
2.13189 3.99261 2 v
2.13515 3.98555 2 v
2.13835 3.97835 2 v
2.1415 3.97101 2 v

1.76028 4.23835 2 v
1.76723 4.24025 2 v
1.77415 4.24205 2 v
1.78104 4.24376 2 v
1.7879 4.24537 2 v
1.79473 4.24689 2 v
1.80154 4.24831 2 v
1.80832 4.24963 2 v
1.81507 4.25086 2 v
1.82179 4.25199 2 v
1.82849 4.25302 2 v
1.83516 4.25396 2 v
1.8418 4.2548 2 v
1.84841 4.25554 2 v
1.855 4.25619 2 v
1.86155 4.25674 2 v
1.86808 4.25719 2 v
1.87459 4.25755 2 v
1.88106 4.25782 2 v
1.88751 4.25798 2 v
1.89393 4.25805 2 v
1.90032 4.25802 2 v
1.90668 4.2579 2 v
1.91302 4.25768 2 v
1.91933 4.25737 2 v
1.92561 4.25695 2 v
1.93186 4.25644 2 v
1.93809 4.25584 2 v
1.94428 4.25514 2 v
1.95045 4.25434 2 v
1.9566 4.25344 2 v
1.96271 4.25245 2 v
1.9688 4.25137 2 v
1.97486 4.25018 2 v
1.98089 4.2489 2 v
1.98689 4.24753 2 v
1.99287 4.24606 2 v
1.99882 4.24449 2 v
2.00474 4.24282 2 v
2.01063 4.24106 2 v
2.0165 4.2392 2 v
2.02233 4.23724 2 v
2.02812 4.23515 2 v
2.03387 4.23295 2 v
2.03957 4.23063 2 v
2.04523 4.22819 2 v
2.05086 4.22563 2 v
2.05644 4.22295 2 v
2.06198 4.22015 2 v
2.06747 4.21724 2 v
2.07293 4.2142 2 v
2.07834 4.21105 2 v
2.08371 4.20778 2 v
2.08905 4.20439 2 v
2.09433 4.20088 2 v
2.09958 4.19725 2 v
2.10479 4.19351 2 v
2.10995 4.18964 2 v
2.11507 4.18566 2 v
2.12015 4.18156 2 v
2.12519 4.17734 2 v
2.13018 4.173 2 v
2.13514 4.16854 2 v
2.14005 4.16396 2 v
2.14492 4.15927 2 v
2.14975 4.15445 2 v
2.15454 4.14952 2 v
2.15929 4.14447 2 v
2.16399 4.1393 2 v
2.16865 4.13401 2 v
2.17327 4.1286 2 v
2.17785 4.12307 2 v
2.18239 4.11743 2 v
2.18689 4.11166 2 v
2.19134 4.10578 2 v
2.19575 4.09978 2 v
2.20012 4.09366 2 v
2.20445 4.08742 2 v
2.20874 4.08106 2 v
2.21298 4.07458 2 v
2.21719 4.06799 2 v

1.79785 4.35925 2 v
1.80475 4.35984 2 v
1.81163 4.36035 2 v
1.8185 4.3608 2 v
1.82535 4.36117 2 v
1.83218 4.36147 2 v
1.839 4.36169 2 v
1.8458 4.36185 2 v
1.85258 4.36193 2 v
1.85935 4.36194 2 v
1.86609 4.36187 2 v
1.87282 4.36174 2 v
1.87954 4.36153 2 v
1.88624 4.36125 2 v
1.89292 4.36089 2 v
1.89958 4.36047 2 v
1.90622 4.35997 2 v
1.91285 4.3594 2 v
1.91947 4.35875 2 v
1.92606 4.35804 2 v
1.93264 4.35725 2 v
1.9392 4.35639 2 v
1.94574 4.35545 2 v
1.95227 4.35445 2 v
1.95878 4.35337 2 v
1.96527 4.35222 2 v
1.97175 4.35099 2 v
1.97821 4.3497 2 v
1.98465 4.34833 2 v
1.99108 4.34689 2 v
1.99749 4.34537 2 v
2.00388 4.34379 2 v
2.01025 4.34213 2 v
2.01661 4.3404 2 v
2.02295 4.33859 2 v
2.02927 4.33672 2 v
2.03558 4.33477 2 v
2.04187 4.33275 2 v
2.04814 4.33065 2 v
2.0544 4.32849 2 v
2.06063 4.32625 2 v
2.06685 4.32393 2 v
2.07303 4.32154 2 v
2.07917 4.31906 2 v
2.08529 4.3165 2 v
2.09136 4.31386 2 v
2.09741 4.31113 2 v
2.10342 4.30833 2 v
2.1094 4.30544 2 v
2.11534 4.30247 2 v
2.12125 4.29942 2 v
2.12712 4.29629 2 v
2.13297 4.29308 2 v
2.13877 4.28978 2 v
2.14455 4.2864 2 v
2.15029 4.28294 2 v
2.156 4.2794 2 v
2.16167 4.27578 2 v
2.16731 4.27208 2 v
2.17292 4.26829 2 v
2.17849 4.26443 2 v
2.18403 4.26048 2 v
2.18953 4.25645 2 v
2.195 4.25234 2 v
2.20044 4.24814 2 v
2.20584 4.24387 2 v
2.21121 4.23951 2 v
2.21655 4.23507 2 v
2.22185 4.23056 2 v
2.22712 4.22595 2 v
2.23236 4.22127 2 v
2.23756 4.21651 2 v
2.24272 4.21166 2 v
2.24786 4.20673 2 v
2.25296 4.20172 2 v
2.25802 4.19663 2 v
2.26306 4.19146 2 v
2.26806 4.1862 2 v
2.27302 4.18087 2 v
2.27795 4.17545 2 v
2.28285 4.16995 2 v

1.85042 4.47766 2 v
1.85691 4.47703 2 v
1.86339 4.47636 2 v
1.86987 4.47564 2 v
1.87635 4.47487 2 v
1.88282 4.47405 2 v
1.88928 4.47318 2 v
1.89574 4.47226 2 v
1.9022 4.47129 2 v
1.90865 4.47027 2 v
1.91509 4.46921 2 v
1.92153 4.46809 2 v
1.92796 4.46692 2 v
1.93439 4.46571 2 v
1.94082 4.46445 2 v
1.94724 4.46313 2 v
1.95365 4.46177 2 v
1.96006 4.46036 2 v
1.96646 4.4589 2 v
1.97286 4.45739 2 v
1.97925 4.45583 2 v
1.98564 4.45422 2 v
1.99203 4.45256 2 v
1.9984 4.45086 2 v
2.00478 4.4491 2 v
2.01115 4.44729 2 v
2.01751 4.44544 2 v
2.02387 4.44353 2 v
2.03022 4.44158 2 v
2.03657 4.43958 2 v
2.04291 4.43753 2 v
2.04925 4.43542 2 v
2.05558 4.43327 2 v
2.06191 4.43107 2 v
2.06823 4.42883 2 v
2.07455 4.42653 2 v
2.08086 4.42418 2 v
2.08717 4.42178 2 v
2.09347 4.41934 2 v
2.09976 4.41684 2 v
2.10606 4.4143 2 v
2.11233 4.41171 2 v
2.11859 4.40907 2 v
2.12482 4.40639 2 v
2.13102 4.40367 2 v
2.1372 4.40091 2 v
2.14336 4.3981 2 v
2.1495 4.39525 2 v
2.15561 4.39236 2 v
2.16169 4.38942 2 v
2.16775 4.38644 2 v
2.17379 4.38341 2 v
2.17981 4.38035 2 v
2.1858 4.37724 2 v
2.19176 4.37408 2 v
2.19771 4.37089 2 v
2.20363 4.36765 2 v
2.20952 4.36436 2 v
2.21539 4.36104 2 v
2.22124 4.35767 2 v
2.22706 4.35425 2 v
2.23286 4.35079 2 v
2.23864 4.34729 2 v
2.24439 4.34375 2 v
2.25012 4.34016 2 v
2.25582 4.33653 2 v
2.2615 4.33286 2 v
2.26716 4.32914 2 v
2.27279 4.32538 2 v
2.2784 4.32158 2 v
2.28398 4.31773 2 v
2.28954 4.31384 2 v
2.29508 4.30991 2 v
2.30059 4.30594 2 v
2.30608 4.30192 2 v
2.31155 4.29785 2 v
2.31699 4.29375 2 v
2.3224 4.2896 2 v
2.3278 4.2854 2 v
2.33317 4.28117 2 v
2.33851 4.27689 2 v

1.91802 4.59858 2 v
1.92401 4.59657 2 v
1.93 4.59455 2 v
1.93598 4.59251 2 v
1.94196 4.59045 2 v
1.94794 4.58838 2 v
1.95391 4.58629 2 v
1.95987 4.58419 2 v
1.96584 4.58206 2 v
1.97179 4.57992 2 v
1.97775 4.57777 2 v
1.9837 4.5756 2 v
1.98964 4.57341 2 v
1.99558 4.5712 2 v
2.00152 4.56898 2 v
2.00746 4.56674 2 v
2.01338 4.56448 2 v
2.01931 4.56221 2 v
2.02523 4.55992 2 v
2.03115 4.55761 2 v
2.03706 4.55529 2 v
2.04297 4.55295 2 v
2.04887 4.5506 2 v
2.05477 4.54822 2 v
2.06067 4.54583 2 v
2.06656 4.54343 2 v
2.07245 4.54101 2 v
2.07833 4.53857 2 v
2.08421 4.53611 2 v
2.09009 4.53364 2 v
2.09596 4.53115 2 v
2.10182 4.52864 2 v
2.10769 4.52612 2 v
2.11355 4.52358 2 v
2.1194 4.52103 2 v
2.12525 4.51846 2 v
2.1311 4.51587 2 v
2.13694 4.51326 2 v
2.14278 4.51064 2 v
2.14861 4.508 2 v
2.15444 4.50534 2 v
2.16027 4.50268 2 v
2.16609 4.49999 2 v
2.1719 4.4973 2 v
2.17772 4.49459 2 v
2.18353 4.49187 2 v
2.18933 4.48914 2 v
2.19513 4.48639 2 v
2.20093 4.48364 2 v
2.20672 4.48087 2 v
2.21251 4.47808 2 v
2.21829 4.47529 2 v
2.22407 4.47248 2 v
2.22984 4.46966 2 v
2.23562 4.46683 2 v
2.24138 4.46398 2 v
2.24715 4.46113 2 v
2.2529 4.45826 2 v
2.25866 4.45537 2 v
2.26441 4.45248 2 v
2.27015 4.44957 2 v
2.2759 4.44665 2 v
2.28163 4.44372 2 v
2.28737 4.44077 2 v
2.2931 4.43782 2 v
2.29882 4.43485 2 v
2.30454 4.43186 2 v
2.31026 4.42887 2 v
2.31597 4.42586 2 v
2.32168 4.42284 2 v
2.32739 4.41981 2 v
2.33309 4.41677 2 v
2.33878 4.41371 2 v
2.34447 4.41064 2 v
2.35016 4.40756 2 v
2.35585 4.40446 2 v
2.36152 4.40135 2 v
2.3672 4.39823 2 v
2.37287 4.3951 2 v
2.37854 4.39196 2 v
2.3842 4.3888 2 v

2.1415 3.97101 3 u
2.14552 3.97574 3 u
2.14952 3.98048 3 u
2.15349 3.98524 3 u
2.15744 3.99001 3 u
2.16136 3.99479 3 u
2.16526 3.99958 3 u
2.16913 4.00439 3 u
2.17298 4.0092 3 u
2.1768 4.01403 3 u
2.1806 4.01888 3 u
2.18437 4.02373 3 u
2.18812 4.0286 3 u
2.19184 4.03348 3 u
2.19553 4.03837 3 u
2.19921 4.04328 3 u
2.20285 4.0482 3 u
2.20647 4.05313 3 u
2.21007 4.05807 3 u
2.21364 4.06302 3 u
2.21719 4.06799 3 u
2.22071 4.07297 3 u
2.2242 4.07796 3 u
2.22768 4.08297 3 u
2.23112 4.08798 3 u
2.23454 4.09301 3 u
2.23794 4.09806 3 u
2.24131 4.10311 3 u
2.24466 4.10818 3 u
2.24798 4.11326 3 u
2.25127 4.11835 3 u
2.25454 4.12345 3 u
2.25779 4.12857 3 u
2.26101 4.1337 3 u
2.2642 4.13884 3 u
2.26737 4.14399 3 u
2.27052 4.14916 3 u
2.27364 4.15434 3 u
2.27673 4.15953 3 u
2.2798 4.16473 3 u
2.28285 4.16995 3 u
2.28587 4.17518 3 u
2.28887 4.18042 3 u
2.29184 4.18567 3 u
2.29478 4.19094 3 u
2.2977 4.19622 3 u
2.3006 4.20151 3 u
2.30347 4.20681 3 u
2.30631 4.21213 3 u
2.30913 4.21746 3 u
2.31193 4.2228 3 u
2.3147 4.22815 3 u
2.31744 4.23352 3 u
2.32017 4.23889 3 u
2.32286 4.24428 3 u
2.32553 4.24969 3 u
2.32818 4.2551 3 u
2.3308 4.26053 3 u
2.3334 4.26597 3 u
2.33597 4.27142 3 u
2.33851 4.27689 3 u
2.34103 4.28236 3 u
2.34353 4.28785 3 u
2.346 4.29336 3 u
2.34845 4.29887 3 u
2.35087 4.3044 3 u
2.35327 4.30994 3 u
2.35564 4.31549 3 u
2.35798 4.32106 3 u
2.36031 4.32663 3 u
2.3626 4.33222 3 u
2.36488 4.33782 3 u
2.36712 4.34344 3 u
2.36934 4.34906 3 u
2.37154 4.3547 3 u
2.37371 4.36036 3 u
2.37586 4.36602 3 u
2.37798 4.3717 3 u
2.38008 4.37738 3 u
2.38215 4.38309 3 u
2.3842 4.3888 3 u

2.26206 3.94735 3 u
2.26531 3.95188 3 u
2.26854 3.95641 3 u
2.27176 3.96094 3 u
2.27497 3.96548 3 u
2.27816 3.97003 3 u
2.28135 3.97458 3 u
2.28453 3.97914 3 u
2.28769 3.9837 3 u
2.29084 3.98827 3 u
2.29399 3.99285 3 u
2.29712 3.99743 3 u
2.30024 4.00201 3 u
2.30335 4.00661 3 u
2.30644 4.0112 3 u
2.30953 4.01581 3 u
2.31261 4.02042 3 u
2.31567 4.02503 3 u
2.31872 4.02965 3 u
2.32176 4.03428 3 u
2.32479 4.03891 3 u
2.32781 4.04355 3 u
2.33082 4.04819 3 u
2.33382 4.05284 3 u
2.33681 4.0575 3 u
2.33978 4.06216 3 u
2.34274 4.06682 3 u
2.3457 4.07149 3 u
2.34864 4.07617 3 u
2.35157 4.08086 3 u
2.35449 4.08554 3 u
2.35739 4.09024 3 u
2.36029 4.09494 3 u
2.36318 4.09965 3 u
2.36605 4.10436 3 u
2.36891 4.10907 3 u
2.37176 4.1138 3 u
2.37461 4.11853 3 u
2.37743 4.12326 3 u
2.38025 4.128 3 u
2.38306 4.13275 3 u
2.38586 4.1375 3 u
2.38864 4.14226 3 u
2.39142 4.14702 3 u
2.39419 4.15179 3 u
2.39695 4.15657 3 u
2.3997 4.16135 3 u
2.40244 4.16614 3 u
2.40516 4.17093 3 u
2.40788 4.17573 3 u
2.41059 4.18054 3 u
2.4133 4.18535 3 u
2.41599 4.19017 3 u
2.41867 4.195 3 u
2.42134 4.19983 3 u
2.424 4.20467 3 u
2.42665 4.20951 3 u
2.4293 4.21436 3 u
2.43193 4.21922 3 u
2.43455 4.22408 3 u
2.43717 4.22895 3 u
2.43977 4.23382 3 u
2.44237 4.2387 3 u
2.44495 4.24359 3 u
2.44753 4.24848 3 u
2.45009 4.25338 3 u
2.45265 4.25829 3 u
2.4552 4.2632 3 u
2.45773 4.26812 3 u
2.46026 4.27304 3 u
2.46278 4.27797 3 u
2.46529 4.28291 3 u
2.46779 4.28785 3 u
2.47028 4.2928 3 u
2.47275 4.29775 3 u
2.47522 4.30272 3 u
2.47768 4.30768 3 u
2.48013 4.31266 3 u
2.48258 4.31763 3 u
2.48501 4.32262 3 u
2.48743 4.32761 3 u

2.35015 3.9112 3 u
2.35299 3.91569 3 u
2.35582 3.92017 3 u
2.35864 3.92466 3 u
2.36146 3.92914 3 u
2.36428 3.93363 3 u
2.36709 3.93812 3 u
2.3699 3.9426 3 u
2.3727 3.94709 3 u
2.3755 3.95158 3 u
2.37829 3.95606 3 u
2.38108 3.96055 3 u
2.38386 3.96504 3 u
2.38664 3.96953 3 u
2.38941 3.97401 3 u
2.39218 3.9785 3 u
2.39494 3.98299 3 u
2.3977 3.98748 3 u
2.40045 3.99197 3 u
2.4032 3.99646 3 u
2.40594 4.00094 3 u
2.40868 4.00543 3 u
2.41141 4.00992 3 u
2.41414 4.01441 3 u
2.41686 4.0189 3 u
2.41958 4.02339 3 u
2.4223 4.02788 3 u
2.42501 4.03237 3 u
2.42771 4.03686 3 u
2.43041 4.04135 3 u
2.4331 4.04584 3 u
2.43579 4.05033 3 u
2.43848 4.05482 3 u
2.44116 4.05931 3 u
2.44383 4.0638 3 u
2.4465 4.06829 3 u
2.44917 4.07278 3 u
2.45183 4.07727 3 u
2.45448 4.08176 3 u
2.45713 4.08625 3 u
2.45978 4.09074 3 u
2.46243 4.09524 3 u
2.46508 4.09973 3 u
2.46774 4.10422 3 u
2.4704 4.10871 3 u
2.47308 4.11321 3 u
2.47576 4.1177 3 u
2.47844 4.12219 3 u
2.48113 4.12668 3 u
2.48383 4.13118 3 u
2.48654 4.13567 3 u
2.48925 4.14017 3 u
2.49196 4.14466 3 u
2.49469 4.14915 3 u
2.49742 4.15365 3 u
2.50016 4.15814 3 u
2.5029 4.16264 3 u
2.50565 4.16713 3 u
2.5084 4.17163 3 u
2.51117 4.17612 3 u
2.51394 4.18062 3 u
2.51671 4.18512 3 u
2.51949 4.18961 3 u
2.52228 4.19411 3 u
2.52508 4.19861 3 u
2.52788 4.2031 3 u
2.53069 4.2076 3 u
2.5335 4.2121 3 u
2.53632 4.2166 3 u
2.53915 4.22109 3 u
2.54198 4.22559 3 u
2.54482 4.23009 3 u
2.54767 4.23459 3 u
2.55052 4.23909 3 u
2.55338 4.24359 3 u
2.55625 4.24809 3 u
2.55912 4.25258 3 u
2.562 4.25708 3 u
2.56488 4.26158 3 u
2.56778 4.26608 3 u
2.57067 4.27058 3 u

2.42074 3.84756 3 u
2.42331 3.85239 3 u
2.42589 3.85721 3 u
2.42846 3.86202 3 u
2.43103 3.86683 3 u
2.4336 3.87164 3 u
2.43617 3.87644 3 u
2.43874 3.88123 3 u
2.44131 3.88602 3 u
2.44388 3.8908 3 u
2.44645 3.89558 3 u
2.44901 3.90035 3 u
2.45158 3.90512 3 u
2.45415 3.90988 3 u
2.45671 3.91463 3 u
2.45927 3.91938 3 u
2.46183 3.92413 3 u
2.4644 3.92887 3 u
2.46696 3.9336 3 u
2.46952 3.93833 3 u
2.47207 3.94305 3 u
2.47463 3.94776 3 u
2.47719 3.95248 3 u
2.47975 3.95718 3 u
2.4823 3.96188 3 u
2.48486 3.96658 3 u
2.48741 3.97126 3 u
2.48996 3.97595 3 u
2.49251 3.98063 3 u
2.49507 3.9853 3 u
2.49762 3.98997 3 u
2.50017 3.99463 3 u
2.50271 3.99928 3 u
2.50526 4.00393 3 u
2.50781 4.00858 3 u
2.51035 4.01322 3 u
2.5129 4.01785 3 u
2.51544 4.02248 3 u
2.51799 4.0271 3 u
2.52053 4.03172 3 u
2.52307 4.03633 3 u
2.52562 4.04094 3 u
2.5282 4.04554 3 u
2.53079 4.05014 3 u
2.53341 4.05472 3 u
2.53604 4.05931 3 u
2.5387 4.06388 3 u
2.54137 4.06846 3 u
2.54407 4.07302 3 u
2.54679 4.07758 3 u
2.54953 4.08214 3 u
2.55229 4.08668 3 u
2.55507 4.09123 3 u
2.55788 4.09576 3 u
2.5607 4.10029 3 u
2.56354 4.10482 3 u
2.56641 4.10934 3 u
2.56929 4.11385 3 u
2.5722 4.11836 3 u
2.57513 4.12286 3 u
2.57808 4.12736 3 u
2.58105 4.13185 3 u
2.58404 4.13633 3 u
2.58705 4.14081 3 u
2.59008 4.14528 3 u
2.59313 4.14975 3 u
2.59621 4.15421 3 u
2.5993 4.15867 3 u
2.60242 4.16312 3 u
2.60555 4.16756 3 u
2.60871 4.172 3 u
2.61189 4.17643 3 u
2.61509 4.18086 3 u
2.61831 4.18528 3 u
2.62155 4.18969 3 u
2.62481 4.1941 3 u
2.62809 4.1985 3 u
2.6314 4.2029 3 u
2.63472 4.20729 3 u
2.63807 4.21168 3 u
2.64143 4.21606 3 u

2.4888 3.74144 3 u
2.49103 3.7472 3 u
2.49327 3.75294 3 u
2.49552 3.75867 3 u
2.49777 3.76439 3 u
2.50003 3.7701 3 u
2.50229 3.77579 3 u
2.50456 3.78147 3 u
2.50684 3.78714 3 u
2.50912 3.7928 3 u
2.51141 3.79844 3 u
2.51371 3.80407 3 u
2.51601 3.80969 3 u
2.51832 3.8153 3 u
2.52063 3.82089 3 u
2.52295 3.82647 3 u
2.52528 3.83204 3 u
2.52761 3.83759 3 u
2.52995 3.84314 3 u
2.5323 3.84867 3 u
2.53465 3.85418 3 u
2.53701 3.85969 3 u
2.53937 3.86518 3 u
2.54174 3.87066 3 u
2.54412 3.87613 3 u
2.5465 3.88159 3 u
2.54889 3.88703 3 u
2.55129 3.89246 3 u
2.55369 3.89787 3 u
2.5561 3.90328 3 u
2.55851 3.90867 3 u
2.56093 3.91405 3 u
2.56336 3.91942 3 u
2.56579 3.92477 3 u
2.56823 3.93011 3 u
2.57068 3.93544 3 u
2.57313 3.94076 3 u
2.57559 3.94606 3 u
2.57805 3.95135 3 u
2.58052 3.95663 3 u
2.583 3.9619 3 u
2.5855 3.96715 3 u
2.58802 3.9724 3 u
2.59058 3.97762 3 u
2.59317 3.98284 3 u
2.59579 3.98804 3 u
2.59844 3.99324 3 u
2.60113 3.99842 3 u
2.60384 4.00358 3 u
2.60659 4.00874 3 u
2.60936 4.01388 3 u
2.61217 4.01901 3 u
2.61501 4.02413 3 u
2.61788 4.02923 3 u
2.62078 4.03432 3 u
2.62372 4.0394 3 u
2.62668 4.04447 3 u
2.62968 4.04952 3 u
2.6327 4.05457 3 u
2.63576 4.0596 3 u
2.63885 4.06461 3 u
2.64197 4.06962 3 u
2.64512 4.07461 3 u
2.64831 4.07959 3 u
2.65152 4.08456 3 u
2.65477 4.08952 3 u
2.65804 4.09446 3 u
2.66135 4.09939 3 u
2.66469 4.10431 3 u
2.66806 4.10922 3 u
2.67146 4.11411 3 u
2.6749 4.11899 3 u
2.67836 4.12386 3 u
2.68186 4.12871 3 u
2.68538 4.13356 3 u
2.68894 4.13839 3 u
2.69253 4.14321 3 u
2.69615 4.14802 3 u
2.6998 4.15281 3 u
2.70349 4.15759 3 u
2.7072 4.16236 3 u

2.1415 3.97101 3 v
2.1483 3.97012 3 v
2.15502 3.96921 3 v
2.16165 3.96826 3 v
2.16821 3.96728 3 v
2.17469 3.96627 3 v
2.18108 3.96522 3 v
2.18739 3.96415 3 v
2.19362 3.96305 3 v
2.19977 3.96191 3 v
2.20584 3.96074 3 v
2.21183 3.95954 3 v
2.21773 3.95831 3 v
2.22356 3.95705 3 v
2.2293 3.95576 3 v
2.23497 3.95444 3 v
2.24055 3.95308 3 v
2.24605 3.9517 3 v
2.25147 3.95028 3 v
2.25681 3.94883 3 v
2.26206 3.94735 3 v
2.26724 3.94584 3 v
2.27233 3.9443 3 v
2.27735 3.94273 3 v
2.28228 3.94112 3 v
2.28713 3.93949 3 v
2.2919 3.93782 3 v
2.29659 3.93612 3 v
2.30119 3.93439 3 v
2.30572 3.93263 3 v
2.31017 3.93084 3 v
2.31453 3.92901 3 v
2.31881 3.92716 3 v
2.32301 3.92527 3 v
2.32713 3.92336 3 v
2.33117 3.92141 3 v
2.33513 3.91943 3 v
2.33901 3.91742 3 v
2.3428 3.91538 3 v
2.34652 3.9133 3 v
2.35015 3.9112 3 v
2.35374 3.90903 3 v
2.35732 3.90675 3 v
2.3609 3.90436 3 v
2.36447 3.90187 3 v
2.36803 3.89927 3 v
2.37159 3.89657 3 v
2.37514 3.89376 3 v
2.37869 3.89084 3 v
2.38223 3.88782 3 v
2.38576 3.88469 3 v
2.38929 3.88145 3 v
2.39281 3.87811 3 v
2.39632 3.87467 3 v
2.39983 3.87111 3 v
2.40333 3.86745 3 v
2.40682 3.86369 3 v
2.41031 3.85981 3 v
2.41379 3.85584 3 v
2.41727 3.85175 3 v
2.42074 3.84756 3 v
2.4242 3.84326 3 v
2.42766 3.83886 3 v
2.43111 3.83435 3 v
2.43455 3.82973 3 v
2.43799 3.82501 3 v
2.44142 3.82018 3 v
2.44485 3.81525 3 v
2.44827 3.81021 3 v
2.45168 3.80506 3 v
2.45508 3.79981 3 v
2.45848 3.79445 3 v
2.46188 3.78899 3 v
2.46527 3.78341 3 v
2.46865 3.77774 3 v
2.47202 3.77195 3 v
2.47539 3.76606 3 v
2.47875 3.76007 3 v
2.48211 3.75396 3 v
2.48546 3.74775 3 v
2.4888 3.74144 3 v

2.21719 4.06799 3 v
2.2232 4.06675 3 v
2.22914 4.06548 3 v
2.23502 4.06419 3 v
2.24083 4.06289 3 v
2.24657 4.06155 3 v
2.25225 4.0602 3 v
2.25786 4.05882 3 v
2.26341 4.05743 3 v
2.26889 4.056 3 v
2.2743 4.05456 3 v
2.27965 4.0531 3 v
2.28493 4.05161 3 v
2.29014 4.0501 3 v
2.29529 4.04857 3 v
2.30037 4.04701 3 v
2.30539 4.04544 3 v
2.31034 4.04384 3 v
2.31523 4.04222 3 v
2.32004 4.04058 3 v
2.32479 4.03891 3 v
2.32948 4.03722 3 v
2.3341 4.03551 3 v
2.33865 4.03378 3 v
2.34314 4.03203 3 v
2.34756 4.03025 3 v
2.35192 4.02845 3 v
2.35621 4.02663 3 v
2.36043 4.02479 3 v
2.36458 4.02293 3 v
2.36868 4.02104 3 v
2.3727 4.01913 3 v
2.37666 4.0172 3 v
2.38055 4.01524 3 v
2.38438 4.01327 3 v
2.38813 4.01127 3 v
2.39183 4.00925 3 v
2.39546 4.00721 3 v
2.39902 4.00514 3 v
2.40251 4.00305 3 v
2.40594 4.00094 3 v
2.40933 3.99878 3 v
2.41271 3.99655 3 v
2.41609 3.99423 3 v
2.41945 3.99184 3 v
2.42281 3.98937 3 v
2.42615 3.98683 3 v
2.42949 3.9842 3 v
2.43282 3.9815 3 v
2.43614 3.97872 3 v
2.43945 3.97587 3 v
2.44275 3.97293 3 v
2.44605 3.96992 3 v
2.44933 3.96683 3 v
2.45261 3.96367 3 v
2.45587 3.96042 3 v
2.45913 3.9571 3 v
2.46238 3.95371 3 v
2.46562 3.95023 3 v
2.46885 3.94668 3 v
2.47207 3.94305 3 v
2.47529 3.93934 3 v
2.47849 3.93556 3 v
2.48169 3.93169 3 v
2.48487 3.92775 3 v
2.48805 3.92374 3 v
2.49122 3.91964 3 v
2.49438 3.91547 3 v
2.49753 3.91122 3 v
2.50067 3.90689 3 v
2.50381 3.90249 3 v
2.50693 3.89801 3 v
2.51005 3.89345 3 v
2.51315 3.88881 3 v
2.51625 3.8841 3 v
2.51934 3.8793 3 v
2.52242 3.87443 3 v
2.52549 3.86949 3 v
2.52855 3.86446 3 v
2.53161 3.85936 3 v
2.53465 3.85418 3 v

2.28285 4.16995 3 v
2.28842 4.1682 3 v
2.29393 4.16645 3 v
2.29938 4.16468 3 v
2.30477 4.16289 3 v
2.3101 4.1611 3 v
2.31538 4.15929 3 v
2.3206 4.15747 3 v
2.32575 4.15564 3 v
2.33085 4.1538 3 v
2.33589 4.15195 3 v
2.34087 4.15008 3 v
2.34579 4.1482 3 v
2.35066 4.14631 3 v
2.35546 4.14441 3 v
2.36021 4.1425 3 v
2.3649 4.14057 3 v
2.36953 4.13863 3 v
2.3741 4.13668 3 v
2.37861 4.13472 3 v
2.38306 4.13275 3 v
2.38745 4.13076 3 v
2.39179 4.12876 3 v
2.39607 4.12675 3 v
2.40028 4.12473 3 v
2.40444 4.1227 3 v
2.40854 4.12065 3 v
2.41258 4.11859 3 v
2.41657 4.11652 3 v
2.42049 4.11444 3 v
2.42436 4.11235 3 v
2.42816 4.11024 3 v
2.43191 4.10812 3 v
2.4356 4.10599 3 v
2.43923 4.10385 3 v
2.4428 4.1017 3 v
2.44632 4.09953 3 v
2.44977 4.09735 3 v
2.45317 4.09516 3 v
2.4565 4.09296 3 v
2.45978 4.09074 3 v
2.46302 4.0885 3 v
2.46626 4.0862 3 v
2.46949 4.08386 3 v
2.47271 4.08146 3 v
2.47592 4.07902 3 v
2.47912 4.07652 3 v
2.48232 4.07398 3 v
2.4855 4.07138 3 v
2.48868 4.06874 3 v
2.49185 4.06604 3 v
2.49501 4.0633 3 v
2.49816 4.0605 3 v
2.5013 4.05766 3 v
2.50444 4.05476 3 v
2.50756 4.05181 3 v
2.51068 4.04882 3 v
2.51379 4.04577 3 v
2.51689 4.04268 3 v
2.51999 4.03953 3 v
2.52307 4.03633 3 v
2.52615 4.03309 3 v
2.52922 4.02979 3 v
2.53228 4.02645 3 v
2.53533 4.02305 3 v
2.53837 4.0196 3 v
2.5414 4.01611 3 v
2.54443 4.01256 3 v
2.54745 4.00896 3 v
2.55046 4.00532 3 v
2.55346 4.00162 3 v
2.55645 3.99787 3 v
2.55943 3.99408 3 v
2.56241 3.99023 3 v
2.56538 3.98633 3 v
2.56833 3.98239 3 v
2.57128 3.97839 3 v
2.57423 3.97434 3 v
2.57716 3.97024 3 v
2.58008 3.9661 3 v
2.583 3.9619 3 v

2.33851 4.27689 3 v
2.34397 4.2745 3 v
2.34936 4.27211 3 v
2.35471 4.26972 3 v
2.35999 4.26733 3 v
2.36523 4.26494 3 v
2.37041 4.26255 3 v
2.37553 4.26015 3 v
2.3806 4.25776 3 v
2.38562 4.25536 3 v
2.39058 4.25297 3 v
2.39548 4.25057 3 v
2.40033 4.24817 3 v
2.40513 4.24577 3 v
2.40987 4.24337 3 v
2.41456 4.24097 3 v
2.41919 4.23857 3 v
2.42376 4.23616 3 v
2.42829 4.23376 3 v
2.43275 4.23135 3 v
2.43717 4.22895 3 v
2.44153 4.22654 3 v
2.44583 4.22413 3 v
2.45008 4.22172 3 v
2.45427 4.21931 3 v
2.45841 4.2169 3 v
2.4625 4.21449 3 v
2.46653 4.21208 3 v
2.4705 4.20966 3 v
2.47442 4.20725 3 v
2.47829 4.20483 3 v
2.4821 4.20242 3 v
2.48586 4.2 3 v
2.48956 4.19758 3 v
2.4932 4.19516 3 v
2.4968 4.19274 3 v
2.50033 4.19032 3 v
2.50382 4.18789 3 v
2.50724 4.18547 3 v
2.51062 4.18305 3 v
2.51394 4.18062 3 v
2.51722 4.17818 3 v
2.5205 4.17572 3 v
2.52377 4.17323 3 v
2.52703 4.17073 3 v
2.53029 4.16819 3 v
2.53353 4.16564 3 v
2.53677 4.16306 3 v
2.54 4.16045 3 v
2.54322 4.15782 3 v
2.54643 4.15517 3 v
2.54963 4.1525 3 v
2.55282 4.1498 3 v
2.55601 4.14708 3 v
2.55919 4.14433 3 v
2.56236 4.14156 3 v
2.56552 4.13877 3 v
2.56867 4.13595 3 v
2.57181 4.13311 3 v
2.57495 4.13025 3 v
2.57808 4.12736 3 v
2.5812 4.12444 3 v
2.58431 4.12151 3 v
2.58741 4.11855 3 v
2.5905 4.11557 3 v
2.59359 4.11256 3 v
2.59666 4.10953 3 v
2.59973 4.10648 3 v
2.60279 4.1034 3 v
2.60584 4.1003 3 v
2.60888 4.09717 3 v
2.61192 4.09402 3 v
2.61495 4.09085 3 v
2.61796 4.08765 3 v
2.62097 4.08443 3 v
2.62397 4.08119 3 v
2.62696 4.07792 3 v
2.62995 4.07463 3 v
2.63292 4.07132 3 v
2.63589 4.06798 3 v
2.63885 4.06461 3 v

2.3842 4.3888 3 v
2.38984 4.38564 3 v
2.39542 4.38249 3 v
2.40096 4.37936 3 v
2.40644 4.37623 3 v
2.41188 4.37311 3 v
2.41727 4.37001 3 v
2.4226 4.36691 3 v
2.42789 4.36382 3 v
2.43313 4.36075 3 v
2.43831 4.35769 3 v
2.44345 4.35463 3 v
2.44854 4.35159 3 v
2.45357 4.34855 3 v
2.45856 4.34553 3 v
2.46349 4.34252 3 v
2.46838 4.33952 3 v
2.47322 4.33652 3 v
2.47801 4.33354 3 v
2.48274 4.33057 3 v
2.48743 4.32761 3 v
2.49207 4.32466 3 v
2.49665 4.32172 3 v
2.50119 4.31879 3 v
2.50568 4.31587 3 v
2.51011 4.31296 3 v
2.5145 4.31007 3 v
2.51884 4.30718 3 v
2.52313 4.3043 3 v
2.52736 4.30143 3 v
2.53155 4.29858 3 v
2.53569 4.29573 3 v
2.53977 4.2929 3 v
2.54381 4.29007 3 v
2.5478 4.28726 3 v
2.55174 4.28445 3 v
2.55562 4.28166 3 v
2.55946 4.27887 3 v
2.56325 4.2761 3 v
2.56699 4.27334 3 v
2.57067 4.27058 3 v
2.57433 4.26784 3 v
2.57798 4.26509 3 v
2.58161 4.26235 3 v
2.58523 4.25961 3 v
2.58883 4.25687 3 v
2.59243 4.25414 3 v
2.59601 4.25141 3 v
2.59958 4.24867 3 v
2.60313 4.24594 3 v
2.60668 4.24322 3 v
2.61021 4.24049 3 v
2.61373 4.23777 3 v
2.61724 4.23505 3 v
2.62073 4.23233 3 v
2.62421 4.22961 3 v
2.62768 4.2269 3 v
2.63114 4.22418 3 v
2.63458 4.22147 3 v
2.63801 4.21876 3 v
2.64143 4.21606 3 v
2.64484 4.21335 3 v
2.64824 4.21065 3 v
2.65162 4.20795 3 v
2.65499 4.20525 3 v
2.65834 4.20255 3 v
2.66169 4.19986 3 v
2.66502 4.19717 3 v
2.66834 4.19448 3 v
2.67165 4.19179 3 v
2.67494 4.1891 3 v
2.67822 4.18642 3 v
2.68149 4.18374 3 v
2.68475 4.18106 3 v
2.68799 4.17838 3 v
2.69123 4.17571 3 v
2.69445 4.17303 3 v
2.69765 4.17036 3 v
2.70085 4.16769 3 v
2.70403 4.16503 3 v
2.7072 4.16236 3 v

2.4888 3.74144 4 u
2.49103 3.7472 4 u
2.49327 3.75294 4 u
2.49552 3.75867 4 u
2.49777 3.76439 4 u
2.50003 3.7701 4 u
2.50229 3.77579 4 u
2.50456 3.78147 4 u
2.50684 3.78714 4 u
2.50912 3.7928 4 u
2.51141 3.79844 4 u
2.51371 3.80407 4 u
2.51601 3.80969 4 u
2.51832 3.8153 4 u
2.52063 3.82089 4 u
2.52295 3.82647 4 u
2.52528 3.83204 4 u
2.52761 3.83759 4 u
2.52995 3.84314 4 u
2.5323 3.84867 4 u
2.53465 3.85418 4 u
2.53701 3.85969 4 u
2.53937 3.86518 4 u
2.54174 3.87066 4 u
2.54412 3.87613 4 u
2.5465 3.88159 4 u
2.54889 3.88703 4 u
2.55129 3.89246 4 u
2.55369 3.89787 4 u
2.5561 3.90328 4 u
2.55851 3.90867 4 u
2.56093 3.91405 4 u
2.56336 3.91942 4 u
2.56579 3.92477 4 u
2.56823 3.93011 4 u
2.57068 3.93544 4 u
2.57313 3.94076 4 u
2.57559 3.94606 4 u
2.57805 3.95135 4 u
2.58052 3.95663 4 u
2.583 3.9619 4 u
2.5855 3.96715 4 u
2.58802 3.9724 4 u
2.59058 3.97762 4 u
2.59317 3.98284 4 u
2.59579 3.98804 4 u
2.59844 3.99324 4 u
2.60113 3.99842 4 u
2.60384 4.00358 4 u
2.60659 4.00874 4 u
2.60936 4.01388 4 u
2.61217 4.01901 4 u
2.61501 4.02413 4 u
2.61788 4.02923 4 u
2.62078 4.03432 4 u
2.62372 4.0394 4 u
2.62668 4.04447 4 u
2.62968 4.04952 4 u
2.6327 4.05457 4 u
2.63576 4.0596 4 u
2.63885 4.06461 4 u
2.64197 4.06962 4 u
2.64512 4.07461 4 u
2.64831 4.07959 4 u
2.65152 4.08456 4 u
2.65477 4.08952 4 u
2.65804 4.09446 4 u
2.66135 4.09939 4 u
2.66469 4.10431 4 u
2.66806 4.10922 4 u
2.67146 4.11411 4 u
2.6749 4.11899 4 u
2.67836 4.12386 4 u
2.68186 4.12871 4 u
2.68538 4.13356 4 u
2.68894 4.13839 4 u
2.69253 4.14321 4 u
2.69615 4.14802 4 u
2.6998 4.15281 4 u
2.70349 4.15759 4 u
2.7072 4.16236 4 u

2.59917 3.77823 4 u
2.60158 3.78218 4 u
2.60398 3.78614 4 u
2.60637 3.7901 4 u
2.60875 3.79406 4 u
2.61112 3.79803 4 u
2.61348 3.802 4 u
2.61582 3.80598 4 u
2.61816 3.80997 4 u
2.62048 3.81395 4 u
2.6228 3.81795 4 u
2.6251 3.82195 4 u
2.62739 3.82595 4 u
2.62967 3.82996 4 u
2.63194 3.83397 4 u
2.6342 3.83799 4 u
2.63644 3.84202 4 u
2.63868 3.84604 4 u
2.64091 3.85008 4 u
2.64312 3.85412 4 u
2.64532 3.85816 4 u
2.64752 3.86221 4 u
2.6497 3.86626 4 u
2.65187 3.87032 4 u
2.65403 3.87438 4 u
2.65618 3.87845 4 u
2.65831 3.88253 4 u
2.66044 3.88661 4 u
2.66256 3.89069 4 u
2.66466 3.89478 4 u
2.66675 3.89887 4 u
2.66884 3.90297 4 u
2.67091 3.90707 4 u
2.67297 3.91118 4 u
2.67502 3.9153 4 u
2.67706 3.91941 4 u
2.67909 3.92354 4 u
2.6811 3.92767 4 u
2.68311 3.9318 4 u
2.6851 3.93594 4 u
2.68709 3.94008 4 u
2.68908 3.94422 4 u
2.69111 3.94833 4 u
2.69318 3.95243 4 u
2.69528 3.9565 4 u
2.69741 3.96055 4 u
2.69958 3.96458 4 u
2.70178 3.96859 4 u
2.70402 3.97258 4 u
2.70629 3.97655 4 u
2.70859 3.98049 4 u
2.71094 3.98442 4 u
2.71331 3.98832 4 u
2.71572 3.99221 4 u
2.71816 3.99607 4 u
2.72064 3.99991 4 u
2.72315 4.00373 4 u
2.7257 4.00753 4 u
2.72828 4.01131 4 u
2.7309 4.01506 4 u
2.73355 4.0188 4 u
2.73623 4.02251 4 u
2.73895 4.02621 4 u
2.7417 4.02988 4 u
2.74449 4.03353 4 u
2.74731 4.03717 4 u
2.75017 4.04078 4 u
2.75306 4.04436 4 u
2.75599 4.04793 4 u
2.75895 4.05148 4 u
2.76194 4.05501 4 u
2.76497 4.05851 4 u
2.76803 4.06199 4 u
2.77113 4.06546 4 u
2.77426 4.0689 4 u
2.77743 4.07232 4 u
2.78063 4.07572 4 u
2.78387 4.0791 4 u
2.78714 4.08246 4 u
2.79044 4.08579 4 u
2.79378 4.08911 4 u

2.68541 3.76146 4 u
2.68845 3.76489 4 u
2.69147 3.76828 4 u
2.69449 3.77165 4 u
2.69751 3.77498 4 u
2.70051 3.77827 4 u
2.70351 3.78154 4 u
2.7065 3.78478 4 u
2.70949 3.78798 4 u
2.71246 3.79115 4 u
2.71543 3.79429 4 u
2.7184 3.79739 4 u
2.72135 3.80047 4 u
2.7243 3.80351 4 u
2.72724 3.80652 4 u
2.73017 3.80949 4 u
2.7331 3.81244 4 u
2.73602 3.81535 4 u
2.73893 3.81823 4 u
2.74183 3.82108 4 u
2.74473 3.8239 4 u
2.74762 3.82668 4 u
2.7505 3.82944 4 u
2.75337 3.83216 4 u
2.75624 3.83485 4 u
2.7591 3.8375 4 u
2.76195 3.84013 4 u
2.7648 3.84272 4 u
2.76764 3.84528 4 u
2.77047 3.84781 4 u
2.77329 3.8503 4 u
2.77611 3.85276 4 u
2.77892 3.8552 4 u
2.78172 3.8576 4 u
2.78452 3.85996 4 u
2.7873 3.8623 4 u
2.79008 3.8646 4 u
2.79286 3.86687 4 u
2.79562 3.86911 4 u
2.79838 3.87132 4 u
2.80113 3.87349 4 u
2.80389 3.87566 4 u
2.80666 3.87785 4 u
2.80946 3.88006 4 u
2.81228 3.88228 4 u
2.81512 3.88453 4 u
2.81797 3.8868 4 u
2.82085 3.88909 4 u
2.82375 3.8914 4 u
2.82666 3.89373 4 u
2.8296 3.89608 4 u
2.83256 3.89845 4 u
2.83553 3.90084 4 u
2.83853 3.90325 4 u
2.84155 3.90567 4 u
2.84458 3.90812 4 u
2.84764 3.91059 4 u
2.85072 3.91308 4 u
2.85381 3.91559 4 u
2.85693 3.91812 4 u
2.86006 3.92067 4 u
2.86322 3.92324 4 u
2.8664 3.92583 4 u
2.86959 3.92844 4 u
2.87281 3.93108 4 u
2.87604 3.93373 4 u
2.8793 3.9364 4 u
2.88258 3.93909 4 u
2.88587 3.9418 4 u
2.88919 3.94453 4 u
2.89252 3.94728 4 u
2.89588 3.95005 4 u
2.89925 3.95284 4 u
2.90265 3.95565 4 u
2.90606 3.95848 4 u
2.9095 3.96134 4 u
2.91295 3.96421 4 u
2.91643 3.9671 4 u
2.91992 3.97001 4 u
2.92344 3.97294 4 u
2.92697 3.97589 4 u

2.74692 3.69818 4 u
2.75066 3.70104 4 u
2.75441 3.70385 4 u
2.75815 3.7066 4 u
2.7619 3.70929 4 u
2.76565 3.71193 4 u
2.7694 3.71451 4 u
2.77315 3.71704 4 u
2.7769 3.7195 4 u
2.78066 3.72192 4 u
2.78441 3.72427 4 u
2.78817 3.72657 4 u
2.79193 3.72881 4 u
2.79569 3.731 4 u
2.79946 3.73313 4 u
2.80322 3.73521 4 u
2.80699 3.73722 4 u
2.81075 3.73918 4 u
2.81452 3.74109 4 u
2.81829 3.74294 4 u
2.82207 3.74473 4 u
2.82584 3.74647 4 u
2.82961 3.74815 4 u
2.83339 3.74977 4 u
2.83717 3.75134 4 u
2.84095 3.75285 4 u
2.84473 3.7543 4 u
2.84852 3.7557 4 u
2.8523 3.75704 4 u
2.85609 3.75833 4 u
2.85988 3.75956 4 u
2.86367 3.76073 4 u
2.86746 3.76185 4 u
2.87125 3.76291 4 u
2.87504 3.76391 4 u
2.87884 3.76486 4 u
2.88264 3.76575 4 u
2.88644 3.76659 4 u
2.89024 3.76736 4 u
2.89404 3.76809 4 u
2.89785 3.76875 4 u
2.90165 3.76941 4 u
2.90546 3.77012 4 u
2.90928 3.77088 4 u
2.91309 3.77169 4 u
2.91691 3.77254 4 u
2.92074 3.77344 4 u
2.92456 3.77439 4 u
2.92839 3.77539 4 u
2.93222 3.77644 4 u
2.93606 3.77753 4 u
2.9399 3.77868 4 u
2.94374 3.77987 4 u
2.94759 3.7811 4 u
2.95144 3.78239 4 u
2.95529 3.78373 4 u
2.95915 3.78511 4 u
2.96301 3.78654 4 u
2.96687 3.78802 4 u
2.97074 3.78954 4 u
2.9746 3.79112 4 u
2.97848 3.79274 4 u
2.98235 3.79441 4 u
2.98623 3.79613 4 u
2.99011 3.7979 4 u
2.994 3.79971 4 u
2.99789 3.80158 4 u
3.00178 3.80349 4 u
3.00568 3.80545 4 u
3.00957 3.80746 4 u
3.01348 3.80951 4 u
3.01738 3.81161 4 u
3.02129 3.81377 4 u
3.0252 3.81597 4 u
3.02912 3.81821 4 u
3.03304 3.82051 4 u
3.03696 3.82285 4 u
3.04088 3.82524 4 u
3.04481 3.82768 4 u
3.04874 3.83017 4 u
3.05268 3.83271 4 u

2.78312 3.59546 4 u
2.78729 3.59639 4 u
2.79146 3.59731 4 u
2.79563 3.59824 4 u
2.7998 3.59916 4 u
2.80397 3.60009 4 u
2.80815 3.60102 4 u
2.81232 3.60194 4 u
2.81649 3.60287 4 u
2.82066 3.60379 4 u
2.82483 3.60472 4 u
2.829 3.60565 4 u
2.83317 3.60657 4 u
2.83734 3.6075 4 u
2.84151 3.60842 4 u
2.84568 3.60935 4 u
2.84986 3.61028 4 u
2.85403 3.6112 4 u
2.8582 3.61213 4 u
2.86237 3.61305 4 u
2.86654 3.61398 4 u
2.87071 3.61491 4 u
2.87488 3.61583 4 u
2.87905 3.61676 4 u
2.88322 3.61768 4 u
2.88739 3.61861 4 u
2.89156 3.61954 4 u
2.89573 3.62046 4 u
2.89991 3.62139 4 u
2.90408 3.62231 4 u
2.90825 3.62324 4 u
2.91242 3.62417 4 u
2.91659 3.62509 4 u
2.92076 3.62602 4 u
2.92493 3.62694 4 u
2.9291 3.62787 4 u
2.93327 3.6288 4 u
2.93744 3.62972 4 u
2.94161 3.63065 4 u
2.94578 3.63157 4 u
2.94996 3.6325 4 u
2.95413 3.63343 4 u
2.9583 3.63435 4 u
2.96247 3.63528 4 u
2.96664 3.6362 4 u
2.97081 3.63713 4 u
2.97498 3.63806 4 u
2.97915 3.63898 4 u
2.98332 3.63991 4 u
2.98749 3.64083 4 u
2.99166 3.64176 4 u
2.99583 3.64269 4 u
3 3.64361 4 u
3.00417 3.64454 4 u
3.00834 3.64546 4 u
3.01252 3.64639 4 u
3.01669 3.64732 4 u
3.02086 3.64824 4 u
3.02503 3.64917 4 u
3.0292 3.65009 4 u
3.03337 3.65102 4 u
3.03754 3.65195 4 u
3.04171 3.65287 4 u
3.04588 3.6538 4 u
3.05005 3.65472 4 u
3.05422 3.65565 4 u
3.05839 3.65658 4 u
3.06256 3.6575 4 u
3.06673 3.65843 4 u
3.0709 3.65935 4 u
3.07507 3.66028 4 u
3.07925 3.66121 4 u
3.08342 3.66213 4 u
3.08759 3.66306 4 u
3.09176 3.66398 4 u
3.09593 3.66491 4 u
3.1001 3.66584 4 u
3.10427 3.66676 4 u
3.10844 3.66769 4 u
3.11261 3.66861 4 u
3.11678 3.66954 4 u

2.4888 3.74144 4 v
2.49489 3.74455 4 v
2.50092 3.74753 4 v
2.50689 3.75037 4 v
2.51281 3.75308 4 v
2.51866 3.75566 4 v
2.52445 3.7581 4 v
2.53018 3.76041 4 v
2.53585 3.76259 4 v
2.54145 3.76463 4 v
2.547 3.76653 4 v
2.55249 3.76831 4 v
2.55792 3.76995 4 v
2.56329 3.77145 4 v
2.56859 3.77282 4 v
2.57384 3.77406 4 v
2.57903 3.77516 4 v
2.58416 3.77613 4 v
2.58922 3.77697 4 v
2.59423 3.77767 4 v
2.59917 3.77823 4 v
2.60406 3.77867 4 v
2.60888 3.77897 4 v
2.61365 3.77913 4 v
2.61835 3.77917 4 v
2.62299 3.77906 4 v
2.62758 3.77883 4 v
2.6321 3.77846 4 v
2.63656 3.77795 4 v
2.64097 3.77732 4 v
2.64531 3.77654 4 v
2.64959 3.77564 4 v
2.65381 3.7746 4 v
2.65797 3.77342 4 v
2.66207 3.77212 4 v
2.66611 3.77068 4 v
2.67009 3.7691 4 v
2.67401 3.76739 4 v
2.67787 3.76555 4 v
2.68167 3.76357 4 v
2.68541 3.76146 4 v
2.68909 3.75923 4 v
2.6927 3.75691 4 v
2.69625 3.75448 4 v
2.69974 3.75196 4 v
2.70316 3.74934 4 v
2.70652 3.74662 4 v
2.70982 3.7438 4 v
2.71305 3.74088 4 v
2.71622 3.73786 4 v
2.71933 3.73475 4 v
2.72237 3.73154 4 v
2.72536 3.72822 4 v
2.72827 3.72481 4 v
2.73113 3.72131 4 v
2.73392 3.7177 4 v
2.73665 3.71399 4 v
2.73931 3.71019 4 v
2.74191 3.70628 4 v
2.74445 3.70228 4 v
2.74692 3.69818 4 v
2.74933 3.69398 4 v
2.75168 3.68968 4 v
2.75397 3.68529 4 v
2.75619 3.68079 4 v
2.75835 3.6762 4 v
2.76044 3.67151 4 v
2.76247 3.66671 4 v
2.76444 3.66182 4 v
2.76634 3.65684 4 v
2.76819 3.65175 4 v
2.76996 3.64656 4 v
2.77168 3.64128 4 v
2.77333 3.6359 4 v
2.77492 3.63042 4 v
2.77644 3.62484 4 v
2.77791 3.61916 4 v
2.7793 3.61338 4 v
2.78064 3.60751 4 v
2.78191 3.60153 4 v
2.78312 3.59546 4 v

2.53465 3.85418 4 v
2.54045 3.85529 4 v
2.54622 3.8563 4 v
2.55197 3.85722 4 v
2.55769 3.85804 4 v
2.56337 3.85876 4 v
2.56904 3.85939 4 v
2.57467 3.85993 4 v
2.58027 3.86036 4 v
2.58585 3.86071 4 v
2.5914 3.86095 4 v
2.59691 3.8611 4 v
2.60241 3.86116 4 v
2.60787 3.86112 4 v
2.6133 3.86098 4 v
2.61871 3.86075 4 v
2.62409 3.86042 4 v
2.62944 3.86 4 v
2.63476 3.85948 4 v
2.64006 3.85887 4 v
2.64532 3.85816 4 v
2.65056 3.85736 4 v
2.65577 3.85645 4 v
2.66095 3.85546 4 v
2.66611 3.85437 4 v
2.67123 3.85318 4 v
2.67633 3.8519 4 v
2.6814 3.85052 4 v
2.68644 3.84904 4 v
2.69145 3.84747 4 v
2.69643 3.84581 4 v
2.70139 3.84405 4 v
2.70632 3.84219 4 v
2.71122 3.84024 4 v
2.71609 3.83819 4 v
2.72093 3.83605 4 v
2.72575 3.83381 4 v
2.73054 3.83148 4 v
2.73529 3.82905 4 v
2.74002 3.82652 4 v
2.74473 3.8239 4 v
2.74937 3.82117 4 v
2.75394 3.8183 4 v
2.75842 3.81531 4 v
2.76282 3.81219 4 v
2.76714 3.80894 4 v
2.77138 3.80557 4 v
2.77553 3.80206 4 v
2.77961 3.79842 4 v
2.7836 3.79466 4 v
2.7875 3.79076 4 v
2.79133 3.78674 4 v
2.79507 3.78259 4 v
2.79874 3.77831 4 v
2.80231 3.7739 4 v
2.80581 3.76936 4 v
2.80923 3.76469 4 v
2.81256 3.75989 4 v
2.81581 3.75497 4 v
2.81898 3.74991 4 v
2.82207 3.74473 4 v
2.82507 3.73942 4 v
2.82799 3.73398 4 v
2.83083 3.72841 4 v
2.83359 3.72271 4 v
2.83626 3.71688 4 v
2.83886 3.71092 4 v
2.84137 3.70484 4 v
2.8438 3.69862 4 v
2.84615 3.69228 4 v
2.84841 3.6858 4 v
2.85059 3.6792 4 v
2.85269 3.67247 4 v
2.85471 3.66561 4 v
2.85665 3.65862 4 v
2.8585 3.6515 4 v
2.86027 3.64426 4 v
2.86196 3.63688 4 v
2.86357 3.62938 4 v
2.8651 3.62174 4 v
2.86654 3.61398 4 v

2.583 3.9619 4 v
2.58797 3.96187 4 v
2.59296 3.96173 4 v
2.59798 3.96148 4 v
2.60302 3.96112 4 v
2.60809 3.96064 4 v
2.61318 3.96006 4 v
2.6183 3.95936 4 v
2.62344 3.95855 4 v
2.62861 3.95762 4 v
2.6338 3.95659 4 v
2.63902 3.95544 4 v
2.64426 3.95418 4 v
2.64952 3.95281 4 v
2.65482 3.95133 4 v
2.66013 3.94973 4 v
2.66547 3.94803 4 v
2.67084 3.94621 4 v
2.67623 3.94428 4 v
2.68165 3.94224 4 v
2.68709 3.94008 4 v
2.69255 3.93782 4 v
2.69804 3.93544 4 v
2.70356 3.93295 4 v
2.7091 3.93035 4 v
2.71466 3.92763 4 v
2.72025 3.92481 4 v
2.72587 3.92187 4 v
2.73151 3.91882 4 v
2.73717 3.91566 4 v
2.74286 3.91238 4 v
2.74858 3.909 4 v
2.75432 3.9055 4 v
2.76008 3.90189 4 v
2.76587 3.89817 4 v
2.77169 3.89434 4 v
2.77753 3.89039 4 v
2.78339 3.88633 4 v
2.78928 3.88216 4 v
2.79519 3.87788 4 v
2.80113 3.87349 4 v
2.80703 3.869 4 v
2.81281 3.86443 4 v
2.81848 3.85979 4 v
2.82404 3.85506 4 v
2.82949 3.85026 4 v
2.83483 3.84538 4 v
2.84005 3.84042 4 v
2.84517 3.83538 4 v
2.85017 3.83026 4 v
2.85506 3.82506 4 v
2.85984 3.81978 4 v
2.86451 3.81443 4 v
2.86907 3.809 4 v
2.87352 3.80348 4 v
2.87785 3.79789 4 v
2.88207 3.79222 4 v
2.88618 3.78647 4 v
2.89018 3.78064 4 v
2.89407 3.77474 4 v
2.89785 3.76875 4 v
2.90151 3.76269 4 v
2.90506 3.75655 4 v
2.90851 3.75032 4 v
2.91184 3.74402 4 v
2.91506 3.73764 4 v
2.91816 3.73119 4 v
2.92116 3.72465 4 v
2.92404 3.71803 4 v
2.92682 3.71134 4 v
2.92948 3.70457 4 v
2.93203 3.69771 4 v
2.93446 3.69078 4 v
2.93679 3.68377 4 v
2.93901 3.67668 4 v
2.94111 3.66952 4 v
2.9431 3.66227 4 v
2.94498 3.65495 4 v
2.94675 3.64754 4 v
2.94841 3.64006 4 v
2.94996 3.6325 4 v

2.63885 4.06461 4 v
2.64283 4.06357 4 v
2.64689 4.06239 4 v
2.65103 4.06108 4 v
2.65524 4.05964 4 v
2.65954 4.05807 4 v
2.66392 4.05636 4 v
2.66837 4.05453 4 v
2.67291 4.05257 4 v
2.67753 4.05047 4 v
2.68222 4.04825 4 v
2.68699 4.04589 4 v
2.69185 4.0434 4 v
2.69678 4.04079 4 v
2.7018 4.03804 4 v
2.70689 4.03516 4 v
2.71206 4.03215 4 v
2.71731 4.02901 4 v
2.72264 4.02574 4 v
2.72806 4.02233 4 v
2.73355 4.0188 4 v
2.73912 4.01514 4 v
2.74477 4.01134 4 v
2.75049 4.00742 4 v
2.7563 4.00336 4 v
2.76219 3.99917 4 v
2.76816 3.99485 4 v
2.77421 3.99041 4 v
2.78033 3.98583 4 v
2.78654 3.98112 4 v
2.79283 3.97628 4 v
2.79919 3.9713 4 v
2.80564 3.9662 4 v
2.81216 3.96097 4 v
2.81877 3.9556 4 v
2.82545 3.95011 4 v
2.83221 3.94448 4 v
2.83906 3.93873 4 v
2.84598 3.93284 4 v
2.85298 3.92682 4 v
2.86006 3.92067 4 v
2.86712 3.91445 4 v
2.87403 3.90819 4 v
2.8808 3.90191 4 v
2.88743 3.89561 4 v
2.89393 3.88927 4 v
2.90028 3.88291 4 v
2.9065 3.87653 4 v
2.91257 3.87012 4 v
2.91851 3.86368 4 v
2.92431 3.85721 4 v
2.92996 3.85072 4 v
2.93548 3.84421 4 v
2.94086 3.83766 4 v
2.9461 3.83109 4 v
2.9512 3.8245 4 v
2.95616 3.81787 4 v
2.96098 3.81123 4 v
2.96566 3.80455 4 v
2.9702 3.79785 4 v
2.9746 3.79112 4 v
2.97887 3.78437 4 v
2.98299 3.77758 4 v
2.98697 3.77078 4 v
2.99082 3.76394 4 v
2.99452 3.75708 4 v
2.99809 3.7502 4 v
3.00152 3.74328 4 v
3.0048 3.73635 4 v
3.00795 3.72938 4 v
3.01096 3.72239 4 v
3.01383 3.71537 4 v
3.01656 3.70833 4 v
3.01915 3.70125 4 v
3.0216 3.69416 4 v
3.02391 3.68703 4 v
3.02608 3.67988 4 v
3.02811 3.67271 4 v
3.03 3.6655 4 v
3.03176 3.65828 4 v
3.03337 3.65102 4 v

2.7072 4.16236 4 v
2.71042 4.15965 4 v
2.71376 4.15683 4 v
2.71721 4.15392 4 v
2.72079 4.15091 4 v
2.72447 4.14779 4 v
2.72828 4.14458 4 v
2.7322 4.14127 4 v
2.73624 4.13785 4 v
2.74039 4.13434 4 v
2.74466 4.13073 4 v
2.74905 4.12702 4 v
2.75355 4.1232 4 v
2.75817 4.11929 4 v
2.76291 4.11528 4 v
2.76776 4.11117 4 v
2.77273 4.10696 4 v
2.77782 4.10264 4 v
2.78302 4.09823 4 v
2.78834 4.09372 4 v
2.79378 4.08911 4 v
2.79933 4.0844 4 v
2.805 4.07959 4 v
2.81079 4.07467 4 v
2.81669 4.06966 4 v
2.82271 4.06455 4 v
2.82884 4.05934 4 v
2.83509 4.05403 4 v
2.84146 4.04862 4 v
2.84795 4.04311 4 v
2.85455 4.0375 4 v
2.86127 4.03179 4 v
2.8681 4.02598 4 v
2.87505 4.02007 4 v
2.88212 4.01406 4 v
2.88931 4.00794 4 v
2.89661 4.00173 4 v
2.90402 3.99542 4 v
2.91156 3.98901 4 v
2.91921 3.9825 4 v
2.92697 3.97589 4 v
2.93472 3.96921 4 v
2.94232 3.96248 4 v
2.94976 3.95569 4 v
2.95704 3.94886 4 v
2.96418 3.94197 4 v
2.97115 3.93504 4 v
2.97798 3.92805 4 v
2.98465 3.92102 4 v
2.99116 3.91393 4 v
2.99753 3.9068 4 v
3.00374 3.89962 4 v
3.00979 3.89238 4 v
3.01569 3.8851 4 v
3.02144 3.87776 4 v
3.02703 3.87038 4 v
3.03247 3.86294 4 v
3.03775 3.85546 4 v
3.04288 3.84793 4 v
3.04786 3.84034 4 v
3.05268 3.83271 4 v
3.05735 3.82502 4 v
3.06186 3.81729 4 v
3.06622 3.80951 4 v
3.07043 3.80167 4 v
3.07448 3.79379 4 v
3.07838 3.78586 4 v
3.08212 3.77787 4 v
3.08571 3.76984 4 v
3.08915 3.76176 4 v
3.09243 3.75362 4 v
3.09556 3.74544 4 v
3.09853 3.73721 4 v
3.10135 3.72892 4 v
3.10402 3.72059 4 v
3.10653 3.71221 4 v
3.10889 3.70377 4 v
3.11109 3.69529 4 v
3.11314 3.68676 4 v
3.11504 3.67817 4 v
3.11678 3.66954 4 v

0.761166 3.62487 5 u
0.753589 3.63322 5 u
0.746174 3.64161 5 u
0.738921 3.65005 5 u
0.731832 3.65854 5 u
0.724905 3.66707 5 u
0.71814 3.67565 5 u
0.711538 3.68427 5 u
0.705099 3.69294 5 u
0.698822 3.70166 5 u
0.692708 3.71042 5 u
0.686756 3.71923 5 u
0.680967 3.72808 5 u
0.675341 3.73698 5 u
0.669877 3.74593 5 u
0.664575 3.75492 5 u
0.659437 3.76396 5 u
0.654461 3.77305 5 u
0.649647 3.78218 5 u
0.644996 3.79135 5 u
0.640508 3.80058 5 u
0.636182 3.80984 5 u
0.632019 3.81916 5 u
0.628018 3.82852 5 u
0.62418 3.83793 5 u
0.620505 3.84738 5 u
0.616992 3.85688 5 u
0.613642 3.86642 5 u
0.610454 3.87601 5 u
0.607429 3.88565 5 u
0.604566 3.89533 5 u
0.601867 3.90506 5 u
0.599329 3.91484 5 u
0.596954 3.92466 5 u
0.594742 3.93453 5 u
0.592693 3.94444 5 u
0.590806 3.9544 5 u
0.589081 3.9644 5 u
0.587519 3.97445 5 u
0.58612 3.98455 5 u
0.584883 3.99469 5 u
0.583801 4.00482 5 u
0.582864 4.01487 5 u
0.582072 4.02484 5 u
0.581425 4.03473 5 u
0.580925 4.04453 5 u
0.580569 4.05426 5 u
0.580359 4.06391 5 u
0.580294 4.07349 5 u
0.580375 4.08298 5 u
0.580601 4.09239 5 u
0.580973 4.10172 5 u
0.58149 4.11098 5 u
0.582153 4.12015 5 u
0.58296 4.12925 5 u
0.583914 4.13826 5 u
0.585013 4.1472 5 u
0.586257 4.15606 5 u
0.587647 4.16483 5 u
0.589182 4.17353 5 u
0.590862 4.18215 5 u
0.592688 4.19069 5 u
0.594659 4.19915 5 u
0.596776 4.20753 5 u
0.599039 4.21583 5 u
0.601446 4.22406 5 u
0.603999 4.2322 5 u
0.606698 4.24026 5 u
0.609542 4.24825 5 u
0.612531 4.25615 5 u
0.615666 4.26398 5 u
0.618946 4.27172 5 u
0.622372 4.27939 5 u
0.625943 4.28698 5 u
0.62966 4.29449 5 u
0.633522 4.30192 5 u
0.637529 4.30927 5 u
0.641682 4.31654 5 u
0.64598 4.32373 5 u
0.650424 4.33084 5 u
0.655013 4.33787 5 u

0.642679 3.58528 5 u
0.636811 3.59392 5 u
0.631023 3.60264 5 u
0.625314 3.61143 5 u
0.619684 3.6203 5 u
0.614133 3.62924 5 u
0.608662 3.63826 5 u
0.60327 3.64734 5 u
0.597957 3.65651 5 u
0.592724 3.66575 5 u
0.58757 3.67506 5 u
0.582495 3.68444 5 u
0.577499 3.6939 5 u
0.572583 3.70344 5 u
0.567746 3.71305 5 u
0.562989 3.72273 5 u
0.55831 3.73249 5 u
0.553711 3.74232 5 u
0.549191 3.75222 5 u
0.544751 3.7622 5 u
0.54039 3.77226 5 u
0.536108 3.78239 5 u
0.531905 3.79259 5 u
0.527782 3.80287 5 u
0.523737 3.81322 5 u
0.519773 3.82364 5 u
0.515887 3.83414 5 u
0.512081 3.84472 5 u
0.508354 3.85537 5 u
0.504706 3.86609 5 u
0.501138 3.87689 5 u
0.497649 3.88776 5 u
0.494239 3.8987 5 u
0.490909 3.90972 5 u
0.487658 3.92081 5 u
0.484486 3.93198 5 u
0.481393 3.94322 5 u
0.47838 3.95454 5 u
0.475446 3.96593 5 u
0.472591 3.9774 5 u
0.469815 3.98894 5 u
0.467212 4.00049 5 u
0.464873 4.012 5 u
0.462798 4.02346 5 u
0.460988 4.03488 5 u
0.459443 4.04626 5 u
0.458162 4.05759 5 u
0.457146 4.06888 5 u
0.456394 4.08012 5 u
0.455907 4.09132 5 u
0.455684 4.10247 5 u
0.455726 4.11358 5 u
0.456032 4.12465 5 u
0.456603 4.13567 5 u
0.457438 4.14664 5 u
0.458538 4.15757 5 u
0.459903 4.16846 5 u
0.461532 4.1793 5 u
0.463425 4.1901 5 u
0.465583 4.20085 5 u
0.468006 4.21156 5 u
0.470693 4.22222 5 u
0.473645 4.23284 5 u
0.476861 4.24342 5 u
0.480342 4.25395 5 u
0.484087 4.26443 5 u
0.488097 4.27487 5 u
0.492371 4.28527 5 u
0.49691 4.29562 5 u
0.501713 4.30593 5 u
0.506781 4.31619 5 u
0.512114 4.32641 5 u
0.517711 4.33659 5 u
0.523572 4.34672 5 u
0.529698 4.3568 5 u
0.536089 4.36684 5 u
0.542744 4.37684 5 u
0.549664 4.38679 5 u
0.556848 4.3967 5 u
0.564297 4.40656 5 u
0.57201 4.41638 5 u

0.52795 3.55565 5 u
0.523378 3.56348 5 u
0.518827 3.57146 5 u
0.514296 3.5796 5 u
0.509786 3.5879 5 u
0.505295 3.59635 5 u
0.500826 3.60496 5 u
0.496377 3.61372 5 u
0.491948 3.62265 5 u
0.487539 3.63173 5 u
0.483152 3.64096 5 u
0.478784 3.65035 5 u
0.474437 3.6599 5 u
0.47011 3.6696 5 u
0.465804 3.67946 5 u
0.461518 3.68948 5 u
0.457253 3.69965 5 u
0.453008 3.70998 5 u
0.448783 3.72047 5 u
0.444579 3.73111 5 u
0.440396 3.74191 5 u
0.436232 3.75286 5 u
0.432089 3.76398 5 u
0.427967 3.77524 5 u
0.423865 3.78667 5 u
0.419784 3.79825 5 u
0.415722 3.80999 5 u
0.411682 3.82188 5 u
0.407661 3.83393 5 u
0.403662 3.84614 5 u
0.399682 3.8585 5 u
0.395723 3.87102 5 u
0.391785 3.88369 5 u
0.387866 3.89653 5 u
0.383969 3.90951 5 u
0.380091 3.92266 5 u
0.376235 3.93596 5 u
0.372398 3.94942 5 u
0.368582 3.96303 5 u
0.364786 3.9768 5 u
0.361011 3.99073 5 u
0.35742 4.0047 5 u
0.354178 4.0186 5 u
0.351283 4.03243 5 u
0.348737 4.04619 5 u
0.346539 4.05988 5 u
0.34469 4.0735 5 u
0.343188 4.08705 5 u
0.342035 4.10052 5 u
0.34123 4.11393 5 u
0.340774 4.12727 5 u
0.340665 4.14054 5 u
0.340905 4.15374 5 u
0.341493 4.16687 5 u
0.34243 4.17993 5 u
0.343714 4.19292 5 u
0.345347 4.20584 5 u
0.347328 4.21869 5 u
0.349657 4.23147 5 u
0.352335 4.24418 5 u
0.35536 4.25681 5 u
0.358734 4.26938 5 u
0.362457 4.28188 5 u
0.366527 4.29431 5 u
0.370946 4.30667 5 u
0.375713 4.31896 5 u
0.380828 4.33118 5 u
0.386292 4.34332 5 u
0.392103 4.3554 5 u
0.398263 4.36741 5 u
0.404771 4.37935 5 u
0.411628 4.39122 5 u
0.418832 4.40302 5 u
0.426385 4.41474 5 u
0.434287 4.4264 5 u
0.442536 4.43799 5 u
0.451134 4.44951 5 u
0.460079 4.46096 5 u
0.469374 4.47233 5 u
0.479016 4.48364 5 u
0.489006 4.49488 5 u

0.409465 3.536 5 u
0.406273 3.5428 5 u
0.403041 3.54985 5 u
0.399769 3.55713 5 u
0.396457 3.56466 5 u
0.393104 3.57243 5 u
0.389711 3.58044 5 u
0.386277 3.58869 5 u
0.382804 3.59719 5 u
0.37929 3.60593 5 u
0.375736 3.61491 5 u
0.372141 3.62413 5 u
0.368506 3.63359 5 u
0.364832 3.6433 5 u
0.361116 3.65325 5 u
0.357361 3.66344 5 u
0.353565 3.67387 5 u
0.349729 3.68454 5 u
0.345853 3.69546 5 u
0.341936 3.70662 5 u
0.33798 3.71802 5 u
0.333983 3.72966 5 u
0.329945 3.74155 5 u
0.325868 3.75368 5 u
0.32175 3.76605 5 u
0.317592 3.77866 5 u
0.313393 3.79151 5 u
0.309155 3.80461 5 u
0.304876 3.81794 5 u
0.300557 3.83152 5 u
0.296197 3.84535 5 u
0.291798 3.85941 5 u
0.287358 3.87372 5 u
0.282878 3.88826 5 u
0.278357 3.90305 5 u
0.273796 3.91809 5 u
0.269195 3.93336 5 u
0.264554 3.94888 5 u
0.259873 3.96464 5 u
0.255151 3.98064 5 u
0.250389 3.99688 5 u
0.245823 4.0132 5 u
0.241692 4.02941 5 u
0.237994 4.04553 5 u
0.234729 4.06156 5 u
0.231898 4.07748 5 u
0.229501 4.09331 5 u
0.227537 4.10904 5 u
0.226008 4.12467 5 u
0.224911 4.14021 5 u
0.224248 4.15564 5 u
0.224019 4.17098 5 u
0.224224 4.18622 5 u
0.224862 4.20137 5 u
0.225934 4.21641 5 u
0.227439 4.23136 5 u
0.229378 4.24622 5 u
0.231751 4.26097 5 u
0.234557 4.27563 5 u
0.237797 4.29018 5 u
0.241471 4.30465 5 u
0.245578 4.31901 5 u
0.250119 4.33328 5 u
0.255093 4.34744 5 u
0.260501 4.36152 5 u
0.266343 4.37549 5 u
0.272618 4.38936 5 u
0.279327 4.40314 5 u
0.28647 4.41682 5 u
0.294046 4.43041 5 u
0.302056 4.44389 5 u
0.310499 4.45728 5 u
0.319376 4.47057 5 u
0.328687 4.48376 5 u
0.338431 4.49686 5 u
0.348609 4.50986 5 u
0.359221 4.52276 5 u
0.370266 4.53556 5 u
0.381745 4.54826 5 u
0.393657 4.56087 5 u
0.406003 4.57338 5 u

0.279711 3.52636 5 u
0.278481 3.53283 5 u
0.277122 3.53957 5 u
0.275634 3.5466 5 u
0.274017 3.55391 5 u
0.272271 3.5615 5 u
0.270396 3.56938 5 u
0.268392 3.57753 5 u
0.266258 3.58596 5 u
0.263996 3.59468 5 u
0.261605 3.60367 5 u
0.259085 3.61295 5 u
0.256435 3.62251 5 u
0.253657 3.63235 5 u
0.250749 3.64247 5 u
0.247713 3.65287 5 u
0.244547 3.66355 5 u
0.241253 3.67451 5 u
0.237829 3.68576 5 u
0.234277 3.69728 5 u
0.230595 3.70909 5 u
0.226785 3.72117 5 u
0.222845 3.73354 5 u
0.218776 3.74619 5 u
0.214578 3.75912 5 u
0.210252 3.77233 5 u
0.205796 3.78582 5 u
0.201211 3.79959 5 u
0.196497 3.81365 5 u
0.191654 3.82798 5 u
0.186682 3.8426 5 u
0.181581 3.85749 5 u
0.176351 3.87267 5 u
0.170992 3.88813 5 u
0.165504 3.90387 5 u
0.159887 3.91989 5 u
0.154141 3.93619 5 u
0.148266 3.95277 5 u
0.142261 3.96964 5 u
0.136128 3.98678 5 u
0.129866 4.00421 5 u
0.123818 4.02174 5 u
0.118328 4.0392 5 u
0.113395 4.05659 5 u
0.109021 4.07392 5 u
0.105204 4.09118 5 u
0.101945 4.10836 5 u
0.0992434 4.12548 5 u
0.0970998 4.14253 5 u
0.0955139 4.15951 5 u
0.0944858 4.17643 5 u
0.0940155 4.19327 5 u
0.0941029 4.21005 5 u
0.094748 4.22676 5 u
0.095951 4.24339 5 u
0.0977116 4.25996 5 u
0.10003 4.27646 5 u
0.102906 4.2929 5 u
0.10634 4.30926 5 u
0.110332 4.32556 5 u
0.114881 4.34178 5 u
0.119989 4.35794 5 u
0.125654 4.37403 5 u
0.131876 4.39005 5 u
0.138657 4.406 5 u
0.145995 4.42188 5 u
0.153891 4.4377 5 u
0.162345 4.45344 5 u
0.171356 4.46912 5 u
0.180926 4.48473 5 u
0.191053 4.50027 5 u
0.201738 4.51574 5 u
0.21298 4.53114 5 u
0.224781 4.54647 5 u
0.237139 4.56174 5 u
0.250054 4.57693 5 u
0.263528 4.59206 5 u
0.277559 4.60712 5 u
0.292149 4.62211 5 u
0.307295 4.63703 5 u
0.323 4.65188 5 u

0.761166 3.62487 5 v
0.755152 3.62265 5 v
0.749148 3.62046 5 v
0.743153 3.6183 5 v
0.737168 3.61616 5 v
0.731192 3.61404 5 v
0.725225 3.61195 5 v
0.719268 3.60988 5 v
0.71332 3.60784 5 v
0.707382 3.60582 5 v
0.701453 3.60383 5 v
0.695533 3.60186 5 v
0.689623 3.59992 5 v
0.683722 3.598 5 v
0.677831 3.59611 5 v
0.671948 3.59424 5 v
0.666076 3.5924 5 v
0.660212 3.59058 5 v
0.654359 3.58879 5 v
0.648514 3.58702 5 v
0.642679 3.58528 5 v
0.636853 3.58356 5 v
0.631037 3.58187 5 v
0.62523 3.5802 5 v
0.619433 3.57856 5 v
0.613644 3.57694 5 v
0.607866 3.57535 5 v
0.602096 3.57378 5 v
0.596336 3.57223 5 v
0.590586 3.57071 5 v
0.584845 3.56922 5 v
0.579113 3.56775 5 v
0.573391 3.56631 5 v
0.567678 3.56489 5 v
0.561974 3.56349 5 v
0.55628 3.56212 5 v
0.550595 3.56078 5 v
0.54492 3.55946 5 v
0.539254 3.55816 5 v
0.533597 3.55689 5 v
0.52795 3.55565 5 v
0.522293 3.55443 5 v
0.516609 3.55324 5 v
0.510896 3.55207 5 v
0.505155 3.55092 5 v
0.499385 3.5498 5 v
0.493588 3.54871 5 v
0.487762 3.54764 5 v
0.481908 3.54659 5 v
0.476026 3.54557 5 v
0.470116 3.54458 5 v
0.464178 3.54361 5 v
0.458211 3.54266 5 v
0.452217 3.54174 5 v
0.446194 3.54085 5 v
0.440143 3.53998 5 v
0.434064 3.53913 5 v
0.427956 3.53831 5 v
0.421821 3.53752 5 v
0.415657 3.53675 5 v
0.409465 3.536 5 v
0.403245 3.53528 5 v
0.396997 3.53459 5 v
0.390721 3.53392 5 v
0.384416 3.53327 5 v
0.378083 3.53265 5 v
0.371722 3.53206 5 v
0.365333 3.53149 5 v
0.358916 3.53094 5 v
0.35247 3.53043 5 v
0.345997 3.52993 5 v
0.339495 3.52946 5 v
0.332965 3.52902 5 v
0.326407 3.5286 5 v
0.319821 3.5282 5 v
0.313206 3.52783 5 v
0.306563 3.52749 5 v
0.299893 3.52717 5 v
0.293194 3.52687 5 v
0.286466 3.5266 5 v
0.279711 3.52636 5 v

0.640508 3.80058 5 v
0.635499 3.79921 5 v
0.63049 3.79784 5 v
0.625482 3.79646 5 v
0.620474 3.79508 5 v
0.615467 3.79369 5 v
0.610459 3.79229 5 v
0.605452 3.7909 5 v
0.600446 3.78949 5 v
0.595439 3.78808 5 v
0.590433 3.78667 5 v
0.585427 3.78525 5 v
0.580422 3.78383 5 v
0.575417 3.7824 5 v
0.570412 3.78097 5 v
0.565407 3.77953 5 v
0.560403 3.77808 5 v
0.555399 3.77664 5 v
0.550396 3.77518 5 v
0.545393 3.77372 5 v
0.54039 3.77226 5 v
0.535387 3.77079 5 v
0.530385 3.76932 5 v
0.525383 3.76784 5 v
0.520381 3.76635 5 v
0.515379 3.76486 5 v
0.510378 3.76337 5 v
0.505378 3.76187 5 v
0.500377 3.76036 5 v
0.495377 3.75885 5 v
0.490377 3.75734 5 v
0.485377 3.75582 5 v
0.480378 3.75429 5 v
0.475379 3.75276 5 v
0.470381 3.75123 5 v
0.465382 3.74969 5 v
0.460384 3.74814 5 v
0.455387 3.74659 5 v
0.450389 3.74504 5 v
0.445392 3.74348 5 v
0.440396 3.74191 5 v
0.435393 3.74036 5 v
0.430378 3.73885 5 v
0.42535 3.73737 5 v
0.42031 3.73594 5 v
0.415257 3.73454 5 v
0.410192 3.73317 5 v
0.405115 3.73185 5 v
0.400025 3.73056 5 v
0.394923 3.72931 5 v
0.389809 3.7281 5 v
0.384682 3.72692 5 v
0.379542 3.72578 5 v
0.37439 3.72468 5 v
0.369226 3.72362 5 v
0.364049 3.72259 5 v
0.35886 3.7216 5 v
0.353659 3.72065 5 v
0.348445 3.71974 5 v
0.343218 3.71886 5 v
0.33798 3.71802 5 v
0.332728 3.71722 5 v
0.327465 3.71645 5 v
0.322189 3.71573 5 v
0.3169 3.71504 5 v
0.311599 3.71439 5 v
0.306286 3.71377 5 v
0.30096 3.71319 5 v
0.295622 3.71265 5 v
0.290271 3.71215 5 v
0.284908 3.71168 5 v
0.279533 3.71126 5 v
0.274145 3.71087 5 v
0.268745 3.71051 5 v
0.263332 3.7102 5 v
0.257907 3.70992 5 v
0.25247 3.70968 5 v
0.24702 3.70947 5 v
0.241557 3.70931 5 v
0.236082 3.70918 5 v
0.230595 3.70909 5 v

0.584883 3.99469 5 v
0.578981 3.99423 5 v
0.573095 3.99378 5 v
0.567224 3.99335 5 v
0.561369 3.99294 5 v
0.555529 3.99255 5 v
0.549705 3.99217 5 v
0.543897 3.99182 5 v
0.538105 3.99149 5 v
0.532328 3.99117 5 v
0.526566 3.99087 5 v
0.520821 3.99059 5 v
0.515091 3.99033 5 v
0.509377 3.99009 5 v
0.503678 3.98987 5 v
0.497995 3.98967 5 v
0.492328 3.98948 5 v
0.486676 3.98932 5 v
0.48104 3.98917 5 v
0.47542 3.98904 5 v
0.469815 3.98894 5 v
0.464226 3.98885 5 v
0.458653 3.98878 5 v
0.453095 3.98872 5 v
0.447553 3.98869 5 v
0.442027 3.98868 5 v
0.436516 3.98868 5 v
0.431021 3.9887 5 v
0.425542 3.98875 5 v
0.420078 3.98881 5 v
0.41463 3.98889 5 v
0.409198 3.98899 5 v
0.403781 3.9891 5 v
0.39838 3.98924 5 v
0.392995 3.9894 5 v
0.387625 3.98957 5 v
0.382271 3.98977 5 v
0.376933 3.98998 5 v
0.37161 3.99021 5 v
0.366303 3.99046 5 v
0.361011 3.99073 5 v
0.355715 3.99101 5 v
0.350395 3.99129 5 v
0.345049 3.99158 5 v
0.339679 3.99186 5 v
0.334284 3.99216 5 v
0.328864 3.99245 5 v
0.32342 3.99275 5 v
0.31795 3.99305 5 v
0.312456 3.99335 5 v
0.306938 3.99366 5 v
0.301394 3.99397 5 v
0.295826 3.99428 5 v
0.290233 3.99459 5 v
0.284615 3.99491 5 v
0.278973 3.99523 5 v
0.273305 3.99556 5 v
0.267613 3.99588 5 v
0.261897 3.99621 5 v
0.256155 3.99655 5 v
0.250389 3.99688 5 v
0.244598 3.99722 5 v
0.238782 3.99756 5 v
0.232942 3.9979 5 v
0.227076 3.99825 5 v
0.221186 3.9986 5 v
0.215271 3.99895 5 v
0.209332 3.99931 5 v
0.203368 3.99967 5 v
0.197379 4.00003 5 v
0.191365 4.0004 5 v
0.185326 4.00076 5 v
0.179263 4.00113 5 v
0.173175 4.00151 5 v
0.167062 4.00188 5 v
0.160925 4.00226 5 v
0.154763 4.00265 5 v
0.148576 4.00303 5 v
0.142364 4.00342 5 v
0.136127 4.00381 5 v
0.129866 4.00421 5 v

0.590862 4.18215 5 v
0.584477 4.18325 5 v
0.578117 4.18438 5 v
0.571783 4.18555 5 v
0.565474 4.18676 5 v
0.559191 4.18802 5 v
0.552933 4.18931 5 v
0.546701 4.19064 5 v
0.540494 4.19201 5 v
0.534313 4.19342 5 v
0.528158 4.19487 5 v
0.522028 4.19636 5 v
0.515923 4.19789 5 v
0.509844 4.19946 5 v
0.503791 4.20107 5 v
0.497763 4.20272 5 v
0.49176 4.20441 5 v
0.485783 4.20614 5 v
0.479832 4.2079 5 v
0.473906 4.20971 5 v
0.468006 4.21156 5 v
0.462131 4.21345 5 v
0.456282 4.21537 5 v
0.450458 4.21734 5 v
0.44466 4.21934 5 v
0.438887 4.22139 5 v
0.43314 4.22347 5 v
0.427418 4.2256 5 v
0.421722 4.22776 5 v
0.416052 4.22996 5 v
0.410407 4.23221 5 v
0.404787 4.23449 5 v
0.399193 4.23681 5 v
0.393625 4.23917 5 v
0.388082 4.24157 5 v
0.382565 4.24401 5 v
0.377073 4.2465 5 v
0.371606 4.24902 5 v
0.366165 4.25158 5 v
0.36075 4.25418 5 v
0.35536 4.25681 5 v
0.349968 4.25946 5 v
0.344543 4.26208 5 v
0.339087 4.26467 5 v
0.333598 4.26724 5 v
0.328079 4.26977 5 v
0.322527 4.27229 5 v
0.316944 4.27477 5 v
0.311328 4.27723 5 v
0.305682 4.27966 5 v
0.300003 4.28207 5 v
0.294293 4.28445 5 v
0.288551 4.2868 5 v
0.282777 4.28912 5 v
0.276971 4.29142 5 v
0.271134 4.29369 5 v
0.265265 4.29594 5 v
0.259364 4.29815 5 v
0.253431 4.30034 5 v
0.247467 4.30251 5 v
0.241471 4.30465 5 v
0.235443 4.30676 5 v
0.229383 4.30884 5 v
0.223292 4.3109 5 v
0.217169 4.31293 5 v
0.211014 4.31493 5 v
0.204827 4.31691 5 v
0.198609 4.31886 5 v
0.192359 4.32078 5 v
0.186077 4.32268 5 v
0.179764 4.32455 5 v
0.173418 4.32639 5 v
0.167041 4.32821 5 v
0.160632 4.33 5 v
0.154192 4.33176 5 v
0.147719 4.3335 5 v
0.141215 4.33521 5 v
0.134679 4.33689 5 v
0.128112 4.33855 5 v
0.121513 4.34018 5 v
0.114881 4.34178 5 v

0.655013 4.33787 5 v
0.650863 4.3418 5 v
0.646713 4.34572 5 v
0.642563 4.34965 5 v
0.638412 4.35357 5 v
0.634262 4.3575 5 v
0.630112 4.36142 5 v
0.625962 4.36535 5 v
0.621812 4.36927 5 v
0.617662 4.3732 5 v
0.613511 4.37712 5 v
0.609361 4.38105 5 v
0.605211 4.38498 5 v
0.601061 4.3889 5 v
0.596911 4.39283 5 v
0.592761 4.39675 5 v
0.588611 4.40068 5 v
0.58446 4.4046 5 v
0.58031 4.40853 5 v
0.57616 4.41245 5 v
0.57201 4.41638 5 v
0.56786 4.4203 5 v
0.56371 4.42423 5 v
0.559559 4.42815 5 v
0.555409 4.43208 5 v
0.551259 4.436 5 v
0.547109 4.43993 5 v
0.542959 4.44385 5 v
0.538809 4.44778 5 v
0.534658 4.4517 5 v
0.530508 4.45563 5 v
0.526358 4.45955 5 v
0.522208 4.46348 5 v
0.518058 4.4674 5 v
0.513908 4.47133 5 v
0.509757 4.47525 5 v
0.505607 4.47918 5 v
0.501457 4.4831 5 v
0.497307 4.48703 5 v
0.493157 4.49095 5 v
0.489006 4.49488 5 v
0.484856 4.4988 5 v
0.480706 4.50273 5 v
0.476556 4.50665 5 v
0.472406 4.51058 5 v
0.468256 4.5145 5 v
0.464105 4.51843 5 v
0.459955 4.52235 5 v
0.455805 4.52628 5 v
0.451655 4.5302 5 v
0.447505 4.53413 5 v
0.443355 4.53805 5 v
0.439204 4.54198 5 v
0.435054 4.54591 5 v
0.430904 4.54983 5 v
0.426754 4.55376 5 v
0.422604 4.55768 5 v
0.418454 4.56161 5 v
0.414303 4.56553 5 v
0.410153 4.56946 5 v
0.406003 4.57338 5 v
0.401853 4.57731 5 v
0.397703 4.58123 5 v
0.393553 4.58516 5 v
0.389402 4.58908 5 v
0.385252 4.59301 5 v
0.381102 4.59693 5 v
0.376952 4.60086 5 v
0.372802 4.60478 5 v
0.368652 4.60871 5 v
0.364502 4.61263 5 v
0.360351 4.61655 5 v
0.356201 4.62048 5 v
0.352051 4.6244 5 v
0.347901 4.62833 5 v
0.343751 4.63225 5 v
0.339601 4.63618 5 v
0.33545 4.6401 5 v
0.3313 4.64403 5 v
0.32715 4.64795 5 v
0.323 4.65188 5 v

1.30491 3.66288 6 u
1.30942 3.66932 6 u
1.31378 3.67582 6 u
1.31802 3.68239 6 u
1.32211 3.68902 6 u
1.32607 3.69571 6 u
1.32989 3.70247 6 u
1.33358 3.70929 6 u
1.33713 3.71618 6 u
1.34054 3.72313 6 u
1.34382 3.73014 6 u
1.34696 3.73722 6 u
1.34997 3.74437 6 u
1.35283 3.75157 6 u
1.35556 3.75884 6 u
1.35816 3.76618 6 u
1.36062 3.77358 6 u
1.36294 3.78104 6 u
1.36512 3.78857 6 u
1.36717 3.79616 6 u
1.36908 3.80382 6 u
1.37086 3.81154 6 u
1.3725 3.81932 6 u
1.374 3.82717 6 u
1.37537 3.83508 6 u
1.3766 3.84306 6 u
1.37769 3.8511 6 u
1.37865 3.8592 6 u
1.37947 3.86737 6 u
1.38015 3.8756 6 u
1.3807 3.8839 6 u
1.38111 3.89226 6 u
1.38138 3.90068 6 u
1.38152 3.90917 6 u
1.38152 3.91773 6 u
1.38139 3.92634 6 u
1.38112 3.93502 6 u
1.38071 3.94377 6 u
1.38016 3.95258 6 u
1.37948 3.96145 6 u
1.37867 3.97039 6 u
1.37771 3.97934 6 u
1.3766 3.98826 6 u
1.37535 3.99715 6 u
1.37395 4.00601 6 u
1.37241 4.01483 6 u
1.37072 4.02363 6 u
1.36888 4.03239 6 u
1.3669 4.04111 6 u
1.36477 4.04981 6 u
1.36249 4.05847 6 u
1.36007 4.0671 6 u
1.3575 4.0757 6 u
1.35479 4.08427 6 u
1.35193 4.0928 6 u
1.34892 4.1013 6 u
1.34577 4.10977 6 u
1.34247 4.11821 6 u
1.33902 4.12661 6 u
1.33543 4.13499 6 u
1.33169 4.14333 6 u
1.32781 4.15164 6 u
1.32378 4.15991 6 u
1.3196 4.16816 6 u
1.31528 4.17637 6 u
1.31081 4.18455 6 u
1.30619 4.19269 6 u
1.30143 4.20081 6 u
1.29652 4.20889 6 u
1.29147 4.21694 6 u
1.28627 4.22496 6 u
1.28092 4.23294 6 u
1.27542 4.2409 6 u
1.26979 4.24882 6 u
1.264 4.25671 6 u
1.25807 4.26456 6 u
1.25199 4.27239 6 u
1.24576 4.28018 6 u
1.23939 4.28794 6 u
1.23287 4.29566 6 u
1.22621 4.30336 6 u

1.39721 3.64426 6 u
1.40021 3.65042 6 u
1.40311 3.65668 6 u
1.40592 3.66302 6 u
1.40864 3.66945 6 u
1.41126 3.67597 6 u
1.41379 3.68259 6 u
1.41623 3.68929 6 u
1.41857 3.69608 6 u
1.42082 3.70296 6 u
1.42298 3.70993 6 u
1.42504 3.71699 6 u
1.42701 3.72413 6 u
1.42889 3.73137 6 u
1.43067 3.7387 6 u
1.43236 3.74612 6 u
1.43396 3.75362 6 u
1.43546 3.76122 6 u
1.43687 3.76891 6 u
1.43818 3.77668 6 u
1.43941 3.78455 6 u
1.44053 3.7925 6 u
1.44157 3.80054 6 u
1.44251 3.80868 6 u
1.44336 3.8169 6 u
1.44411 3.82521 6 u
1.44477 3.83361 6 u
1.44534 3.84211 6 u
1.44582 3.85069 6 u
1.4462 3.85936 6 u
1.44648 3.86812 6 u
1.44668 3.87697 6 u
1.44678 3.88591 6 u
1.44678 3.89494 6 u
1.4467 3.90405 6 u
1.44652 3.91326 6 u
1.44624 3.92256 6 u
1.44588 3.93195 6 u
1.44542 3.94142 6 u
1.44486 3.95099 6 u
1.44422 3.96065 6 u
1.4435 3.97031 6 u
1.44273 3.97991 6 u
1.44192 3.98943 6 u
1.44107 3.99889 6 u
1.44016 4.00827 6 u
1.43921 4.01758 6 u
1.43821 4.02683 6 u
1.43717 4.036 6 u
1.43608 4.04511 6 u
1.43494 4.05414 6 u
1.43376 4.0631 6 u
1.43252 4.072 6 u
1.43125 4.08082 6 u
1.42992 4.08957 6 u
1.42855 4.09825 6 u
1.42713 4.10687 6 u
1.42567 4.11541 6 u
1.42416 4.12388 6 u
1.4226 4.13228 6 u
1.42099 4.14061 6 u
1.41934 4.14888 6 u
1.41764 4.15707 6 u
1.4159 4.16519 6 u
1.41411 4.17324 6 u
1.41227 4.18122 6 u
1.41038 4.18913 6 u
1.40845 4.19697 6 u
1.40647 4.20474 6 u
1.40445 4.21244 6 u
1.40238 4.22007 6 u
1.40026 4.22763 6 u
1.39809 4.23512 6 u
1.39588 4.24254 6 u
1.39362 4.24988 6 u
1.39132 4.25716 6 u
1.38897 4.26437 6 u
1.38657 4.27151 6 u
1.38412 4.27858 6 u
1.38163 4.28557 6 u
1.37909 4.2925 6 u

1.48951 3.62564 6 u
1.49052 3.63157 6 u
1.49149 3.6376 6 u
1.49242 3.64372 6 u
1.49332 3.64994 6 u
1.49418 3.65626 6 u
1.495 3.66267 6 u
1.49579 3.66918 6 u
1.49654 3.67579 6 u
1.49726 3.6825 6 u
1.49794 3.6893 6 u
1.49859 3.69621 6 u
1.49919 3.7032 6 u
1.49976 3.7103 6 u
1.5003 3.71749 6 u
1.5008 3.72478 6 u
1.50126 3.73217 6 u
1.50169 3.73966 6 u
1.50208 3.74724 6 u
1.50244 3.75492 6 u
1.50275 3.7627 6 u
1.50304 3.77057 6 u
1.50328 3.77854 6 u
1.50349 3.78661 6 u
1.50367 3.79478 6 u
1.5038 3.80304 6 u
1.50391 3.8114 6 u
1.50397 3.81986 6 u
1.504 3.82842 6 u
1.50399 3.83707 6 u
1.50395 3.84582 6 u
1.50387 3.85467 6 u
1.50375 3.86362 6 u
1.5036 3.87266 6 u
1.50342 3.8818 6 u
1.50319 3.89104 6 u
1.50293 3.90037 6 u
1.50263 3.9098 6 u
1.5023 3.91933 6 u
1.50193 3.92896 6 u
1.50153 3.93868 6 u
1.50112 3.94841 6 u
1.50072 3.95805 6 u
1.50036 3.96759 6 u
1.50001 3.97704 6 u
1.49968 3.98641 6 u
1.49938 3.99568 6 u
1.4991 4.00486 6 u
1.49884 4.01395 6 u
1.4986 4.02294 6 u
1.49838 4.03185 6 u
1.49819 4.04067 6 u
1.49801 4.04939 6 u
1.49786 4.05802 6 u
1.49773 4.06656 6 u
1.49762 4.07502 6 u
1.49753 4.08337 6 u
1.49747 4.09164 6 u
1.49742 4.09982 6 u
1.4974 4.10791 6 u
1.4974 4.1159 6 u
1.49742 4.1238 6 u
1.49747 4.13162 6 u
1.49753 4.13934 6 u
1.49762 4.14697 6 u
1.49773 4.15451 6 u
1.49786 4.16195 6 u
1.49801 4.16931 6 u
1.49818 4.17658 6 u
1.49838 4.18375 6 u
1.49859 4.19083 6 u
1.49883 4.19783 6 u
1.49909 4.20473 6 u
1.49937 4.21154 6 u
1.49967 4.21825 6 u
1.5 4.22488 6 u
1.50035 4.23142 6 u
1.50071 4.23786 6 u
1.5011 4.24422 6 u
1.50152 4.25048 6 u
1.50195 4.25665 6 u

1.58181 3.60703 6 u
1.58075 3.61248 6 u
1.57971 3.61804 6 u
1.57869 3.6237 6 u
1.5777 3.62946 6 u
1.57672 3.63532 6 u
1.57577 3.64128 6 u
1.57484 3.64734 6 u
1.57393 3.65351 6 u
1.57304 3.65977 6 u
1.57218 3.66614 6 u
1.57133 3.67261 6 u
1.57051 3.67918 6 u
1.56971 3.68585 6 u
1.56893 3.69262 6 u
1.56817 3.69949 6 u
1.56744 3.70646 6 u
1.56672 3.71354 6 u
1.56603 3.72071 6 u
1.56536 3.72799 6 u
1.56471 3.73537 6 u
1.56408 3.74285 6 u
1.56347 3.75043 6 u
1.56289 3.75811 6 u
1.56233 3.76589 6 u
1.56179 3.77378 6 u
1.56127 3.78176 6 u
1.56077 3.78985 6 u
1.56029 3.79804 6 u
1.55984 3.80633 6 u
1.5594 3.81472 6 u
1.55899 3.82321 6 u
1.5586 3.8318 6 u
1.55823 3.84049 6 u
1.55789 3.84929 6 u
1.55756 3.85819 6 u
1.55726 3.86718 6 u
1.55698 3.87628 6 u
1.55671 3.88548 6 u
1.55648 3.89478 6 u
1.55626 3.90418 6 u
1.55609 3.91358 6 u
1.55601 3.92287 6 u
1.55602 3.93205 6 u
1.5561 3.94113 6 u
1.55627 3.95009 6 u
1.55653 3.95895 6 u
1.55686 3.9677 6 u
1.55728 3.97634 6 u
1.55779 3.98488 6 u
1.55837 3.9933 6 u
1.55904 4.00162 6 u
1.5598 4.00983 6 u
1.56063 4.01793 6 u
1.56156 4.02592 6 u
1.56256 4.03381 6 u
1.56365 4.04159 6 u
1.56482 4.04925 6 u
1.56607 4.05682 6 u
1.56741 4.06427 6 u
1.56884 4.07161 6 u
1.57034 4.07885 6 u
1.57193 4.08598 6 u
1.5736 4.093 6 u
1.57536 4.09991 6 u
1.5772 4.10671 6 u
1.57912 4.11341 6 u
1.58113 4.12 6 u
1.58322 4.12648 6 u
1.58539 4.13285 6 u
1.58765 4.13911 6 u
1.58999 4.14527 6 u
1.59241 4.15131 6 u
1.59492 4.15725 6 u
1.59751 4.16308 6 u
1.60019 4.16881 6 u
1.60294 4.17442 6 u
1.60578 4.17993 6 u
1.60871 4.18533 6 u
1.61172 4.19062 6 u
1.61481 4.1958 6 u

1.67411 3.58841 6 u
1.67132 3.59288 6 u
1.66859 3.59747 6 u
1.66593 3.60217 6 u
1.66334 3.60699 6 u
1.66081 3.61192 6 u
1.65835 3.61696 6 u
1.65595 3.62212 6 u
1.65363 3.6274 6 u
1.65136 3.63279 6 u
1.64917 3.6383 6 u
1.64704 3.64391 6 u
1.64497 3.64965 6 u
1.64297 3.6555 6 u
1.64104 3.66146 6 u
1.63918 3.66754 6 u
1.63738 3.67374 6 u
1.63565 3.68005 6 u
1.63398 3.68647 6 u
1.63238 3.69301 6 u
1.63085 3.69966 6 u
1.62938 3.70643 6 u
1.62798 3.71331 6 u
1.62664 3.72031 6 u
1.62537 3.72742 6 u
1.62417 3.73465 6 u
1.62303 3.74199 6 u
1.62196 3.74945 6 u
1.62096 3.75702 6 u
1.62002 3.7647 6 u
1.61915 3.7725 6 u
1.61834 3.78042 6 u
1.6176 3.78845 6 u
1.61693 3.7966 6 u
1.61632 3.80486 6 u
1.61578 3.81323 6 u
1.61531 3.82172 6 u
1.6149 3.83033 6 u
1.61456 3.83905 6 u
1.61428 3.84788 6 u
1.61407 3.85683 6 u
1.61398 3.86577 6 u
1.61404 3.87458 6 u
1.61428 3.88325 6 u
1.61467 3.89178 6 u
1.61523 3.90019 6 u
1.61595 3.90846 6 u
1.61684 3.91659 6 u
1.61789 3.9246 6 u
1.6191 3.93246 6 u
1.62047 3.9402 6 u
1.62201 3.9478 6 u
1.62371 3.95527 6 u
1.62558 3.9626 6 u
1.62761 3.9698 6 u
1.6298 3.97686 6 u
1.63215 3.98379 6 u
1.63467 3.99059 6 u
1.63736 3.99725 6 u
1.6402 4.00378 6 u
1.64321 4.01017 6 u
1.64638 4.01644 6 u
1.64972 4.02256 6 u
1.65322 4.02856 6 u
1.65688 4.03442 6 u
1.6607 4.04014 6 u
1.66469 4.04573 6 u
1.66885 4.05119 6 u
1.67316 4.05651 6 u
1.67764 4.0617 6 u
1.68228 4.06676 6 u
1.68709 4.07168 6 u
1.69206 4.07647 6 u
1.69719 4.08112 6 u
1.70249 4.08564 6 u
1.70794 4.09003 6 u
1.71357 4.09428 6 u
1.71935 4.0984 6 u
1.7253 4.10238 6 u
1.73141 4.10623 6 u
1.73769 4.10995 6 u

1.30491 3.66288 6 v
1.30952 3.66195 6 v
1.31414 3.66102 6 v
1.31875 3.66009 6 v
1.32337 3.65916 6 v
1.32798 3.65823 6 v
1.3326 3.65729 6 v
1.33721 3.65636 6 v
1.34183 3.65543 6 v
1.34644 3.6545 6 v
1.35106 3.65357 6 v
1.35567 3.65264 6 v
1.36029 3.65171 6 v
1.3649 3.65078 6 v
1.36952 3.64985 6 v
1.37413 3.64892 6 v
1.37875 3.64798 6 v
1.38336 3.64705 6 v
1.38798 3.64612 6 v
1.39259 3.64519 6 v
1.39721 3.64426 6 v
1.40183 3.64333 6 v
1.40644 3.6424 6 v
1.41106 3.64147 6 v
1.41567 3.64054 6 v
1.42029 3.63961 6 v
1.4249 3.63868 6 v
1.42952 3.63775 6 v
1.43413 3.63681 6 v
1.43875 3.63588 6 v
1.44336 3.63495 6 v
1.44798 3.63402 6 v
1.45259 3.63309 6 v
1.45721 3.63216 6 v
1.46182 3.63123 6 v
1.46644 3.6303 6 v
1.47105 3.62937 6 v
1.47566 3.62844 6 v
1.48028 3.62751 6 v
1.48489 3.62658 6 v
1.48951 3.62564 6 v
1.49412 3.62471 6 v
1.49874 3.62378 6 v
1.50335 3.62285 6 v
1.50797 3.62192 6 v
1.51258 3.62099 6 v
1.5172 3.62006 6 v
1.52181 3.61913 6 v
1.52643 3.6182 6 v
1.53104 3.61727 6 v
1.53566 3.61634 6 v
1.54027 3.61541 6 v
1.54489 3.61448 6 v
1.5495 3.61354 6 v
1.55412 3.61261 6 v
1.55873 3.61168 6 v
1.56335 3.61075 6 v
1.56796 3.60982 6 v
1.57258 3.60889 6 v
1.57719 3.60796 6 v
1.58181 3.60703 6 v
1.58642 3.6061 6 v
1.59104 3.60517 6 v
1.59565 3.60424 6 v
1.60027 3.60331 6 v
1.60488 3.60237 6 v
1.6095 3.60144 6 v
1.61412 3.60051 6 v
1.61873 3.59958 6 v
1.62335 3.59865 6 v
1.62796 3.59772 6 v
1.63258 3.59679 6 v
1.63719 3.59586 6 v
1.64181 3.59493 6 v
1.64642 3.594 6 v
1.65104 3.59306 6 v
1.65565 3.59213 6 v
1.66026 3.5912 6 v
1.66488 3.59027 6 v
1.66949 3.58934 6 v
1.67411 3.58841 6 v

1.36908 3.80382 6 v
1.37277 3.80292 6 v
1.37643 3.80201 6 v
1.38008 3.80109 6 v
1.38371 3.80017 6 v
1.38732 3.79924 6 v
1.39091 3.79831 6 v
1.39449 3.79737 6 v
1.39805 3.79642 6 v
1.40159 3.79546 6 v
1.40512 3.7945 6 v
1.40862 3.79354 6 v
1.41211 3.79256 6 v
1.41559 3.79158 6 v
1.41904 3.7906 6 v
1.42248 3.78961 6 v
1.4259 3.78861 6 v
1.4293 3.7876 6 v
1.43269 3.78659 6 v
1.43605 3.78557 6 v
1.43941 3.78455 6 v
1.44274 3.78351 6 v
1.44605 3.78248 6 v
1.44935 3.78143 6 v
1.45263 3.78038 6 v
1.4559 3.77932 6 v
1.45914 3.77826 6 v
1.46237 3.77719 6 v
1.46558 3.77612 6 v
1.46878 3.77503 6 v
1.47195 3.77394 6 v
1.47511 3.77285 6 v
1.47825 3.77175 6 v
1.48138 3.77064 6 v
1.48448 3.76952 6 v
1.48757 3.7684 6 v
1.49064 3.76727 6 v
1.4937 3.76614 6 v
1.49673 3.765 6 v
1.49975 3.76385 6 v
1.50275 3.7627 6 v
1.50575 3.76153 6 v
1.50876 3.76034 6 v
1.51178 3.75913 6 v
1.51481 3.7579 6 v
1.51785 3.75665 6 v
1.5209 3.75538 6 v
1.52396 3.75409 6 v
1.52703 3.75277 6 v
1.53012 3.75144 6 v
1.53321 3.75008 6 v
1.53631 3.7487 6 v
1.53943 3.74731 6 v
1.54255 3.74589 6 v
1.54568 3.74445 6 v
1.54883 3.74299 6 v
1.55198 3.74151 6 v
1.55515 3.74 6 v
1.55832 3.73848 6 v
1.56151 3.73693 6 v
1.56471 3.73537 6 v
1.56792 3.73378 6 v
1.57113 3.73218 6 v
1.57436 3.73055 6 v
1.5776 3.7289 6 v
1.58085 3.72723 6 v
1.58411 3.72554 6 v
1.58738 3.72382 6 v
1.59066 3.72209 6 v
1.59395 3.72034 6 v
1.59725 3.71856 6 v
1.60057 3.71677 6 v
1.60389 3.71495 6 v
1.60722 3.71311 6 v
1.61056 3.71125 6 v
1.61392 3.70937 6 v
1.61728 3.70747 6 v
1.62066 3.70555 6 v
1.62404 3.70361 6 v
1.62744 3.70164 6 v
1.63085 3.69966 6 v

1.37867 3.97039 6 v
1.38214 3.97019 6 v
1.38559 3.96997 6 v
1.38902 3.96971 6 v
1.39243 3.96942 6 v
1.39583 3.9691 6 v
1.3992 3.96875 6 v
1.40254 3.96837 6 v
1.40587 3.96796 6 v
1.40918 3.96752 6 v
1.41247 3.96705 6 v
1.41574 3.96654 6 v
1.41898 3.96601 6 v
1.42221 3.96545 6 v
1.42542 3.96485 6 v
1.4286 3.96423 6 v
1.43176 3.96357 6 v
1.43491 3.96289 6 v
1.43803 3.96217 6 v
1.44113 3.96142 6 v
1.44422 3.96065 6 v
1.44728 3.95984 6 v
1.45032 3.959 6 v
1.45334 3.95813 6 v
1.45634 3.95723 6 v
1.45932 3.9563 6 v
1.46227 3.95534 6 v
1.46521 3.95435 6 v
1.46813 3.95333 6 v
1.47103 3.95227 6 v
1.4739 3.95119 6 v
1.47676 3.95008 6 v
1.47959 3.94893 6 v
1.48241 3.94776 6 v
1.4852 3.94655 6 v
1.48797 3.94532 6 v
1.49072 3.94405 6 v
1.49346 3.94276 6 v
1.49617 3.94143 6 v
1.49886 3.94007 6 v
1.50153 3.93868 6 v
1.50419 3.93726 6 v
1.50686 3.93581 6 v
1.50954 3.93433 6 v
1.51223 3.93281 6 v
1.51492 3.93126 6 v
1.51762 3.92968 6 v
1.52033 3.92807 6 v
1.52305 3.92643 6 v
1.52578 3.92475 6 v
1.52851 3.92304 6 v
1.53125 3.9213 6 v
1.534 3.91953 6 v
1.53675 3.91772 6 v
1.53952 3.91588 6 v
1.54229 3.91401 6 v
1.54507 3.91211 6 v
1.54785 3.91018 6 v
1.55065 3.90821 6 v
1.55345 3.90621 6 v
1.55626 3.90418 6 v
1.55908 3.90212 6 v
1.5619 3.90003 6 v
1.56473 3.8979 6 v
1.56758 3.89574 6 v
1.57042 3.89355 6 v
1.57328 3.89133 6 v
1.57614 3.88907 6 v
1.57901 3.88678 6 v
1.58189 3.88446 6 v
1.58478 3.88211 6 v
1.58767 3.87973 6 v
1.59058 3.87731 6 v
1.59349 3.87487 6 v
1.5964 3.87239 6 v
1.59933 3.86987 6 v
1.60226 3.86733 6 v
1.6052 3.86475 6 v
1.60815 3.86214 6 v
1.61111 3.8595 6 v
1.61407 3.85683 6 v

1.33169 4.14333 6 v
1.33646 4.14371 6 v
1.3412 4.14405 6 v
1.34591 4.14432 6 v
1.35058 4.14454 6 v
1.35523 4.14471 6 v
1.35984 4.14482 6 v
1.36441 4.14488 6 v
1.36896 4.14488 6 v
1.37347 4.14483 6 v
1.37795 4.14472 6 v
1.3824 4.14456 6 v
1.38682 4.14434 6 v
1.3912 4.14407 6 v
1.39556 4.14374 6 v
1.39988 4.14335 6 v
1.40416 4.14292 6 v
1.40842 4.14242 6 v
1.41264 4.14188 6 v
1.41683 4.14127 6 v
1.42099 4.14061 6 v
1.42512 4.1399 6 v
1.42921 4.13913 6 v
1.43328 4.13831 6 v
1.43731 4.13743 6 v
1.4413 4.1365 6 v
1.44527 4.13551 6 v
1.4492 4.13447 6 v
1.4531 4.13337 6 v
1.45697 4.13222 6 v
1.46081 4.13101 6 v
1.46461 4.12974 6 v
1.46839 4.12843 6 v
1.47213 4.12705 6 v
1.47583 4.12562 6 v
1.47951 4.12414 6 v
1.48315 4.1226 6 v
1.48676 4.12101 6 v
1.49034 4.11936 6 v
1.49389 4.11766 6 v
1.4974 4.1159 6 v
1.5009 4.11409 6 v
1.50441 4.11224 6 v
1.50793 4.11035 6 v
1.51145 4.10842 6 v
1.51498 4.10644 6 v
1.51852 4.10441 6 v
1.52207 4.10235 6 v
1.52562 4.10024 6 v
1.52918 4.09809 6 v
1.53275 4.0959 6 v
1.53633 4.09366 6 v
1.53991 4.09139 6 v
1.5435 4.08906 6 v
1.5471 4.0867 6 v
1.5507 4.08429 6 v
1.55431 4.08184 6 v
1.55793 4.07935 6 v
1.56156 4.07681 6 v
1.56519 4.07423 6 v
1.56884 4.07161 6 v
1.57248 4.06895 6 v
1.57614 4.06624 6 v
1.5798 4.06349 6 v
1.58348 4.0607 6 v
1.58715 4.05786 6 v
1.59084 4.05498 6 v
1.59453 4.05206 6 v
1.59823 4.0491 6 v
1.60194 4.04609 6 v
1.60566 4.04304 6 v
1.60938 4.03994 6 v
1.61311 4.03681 6 v
1.61684 4.03363 6 v
1.62059 4.03041 6 v
1.62434 4.02714 6 v
1.6281 4.02383 6 v
1.63187 4.02048 6 v
1.63564 4.01709 6 v
1.63942 4.01365 6 v
1.64321 4.01017 6 v

1.22621 4.30336 6 v
1.23457 4.30341 6 v
1.24285 4.3034 6 v
1.25106 4.30332 6 v
1.25919 4.30319 6 v
1.26724 4.30299 6 v
1.27523 4.30273 6 v
1.28313 4.3024 6 v
1.29096 4.30202 6 v
1.29872 4.30157 6 v
1.3064 4.30106 6 v
1.31401 4.30048 6 v
1.32154 4.29984 6 v
1.329 4.29915 6 v
1.33638 4.29838 6 v
1.34368 4.29756 6 v
1.35092 4.29667 6 v
1.35807 4.29572 6 v
1.36515 4.29471 6 v
1.37216 4.29364 6 v
1.37909 4.2925 6 v
1.38595 4.2913 6 v
1.39273 4.29004 6 v
1.39943 4.28872 6 v
1.40606 4.28733 6 v
1.41262 4.28588 6 v
1.4191 4.28437 6 v
1.42551 4.2828 6 v
1.43184 4.28116 6 v
1.43809 4.27946 6 v
1.44427 4.2777 6 v
1.45038 4.27588 6 v
1.45641 4.27399 6 v
1.46236 4.27204 6 v
1.46824 4.27003 6 v
1.47405 4.26796 6 v
1.47978 4.26582 6 v
1.48543 4.26362 6 v
1.49101 4.26136 6 v
1.49652 4.25904 6 v
1.50195 4.25665 6 v
1.50736 4.2542 6 v
1.51279 4.25169 6 v
1.51824 4.24912 6 v
1.52372 4.24648 6 v
1.52923 4.24378 6 v
1.53476 4.24102 6 v
1.54031 4.2382 6 v
1.54589 4.23531 6 v
1.5515 4.23236 6 v
1.55713 4.22935 6 v
1.56278 4.22628 6 v
1.56846 4.22314 6 v
1.57417 4.21994 6 v
1.5799 4.21668 6 v
1.58566 4.21336 6 v
1.59144 4.20997 6 v
1.59724 4.20652 6 v
1.60307 4.20301 6 v
1.60893 4.19944 6 v
1.61481 4.1958 6 v
1.62072 4.1921 6 v
1.62665 4.18834 6 v
1.6326 4.18452 6 v
1.63858 4.18063 6 v
1.64459 4.17668 6 v
1.65062 4.17267 6 v
1.65668 4.1686 6 v
1.66276 4.16446 6 v
1.66887 4.16026 6 v
1.675 4.156 6 v
1.68115 4.15168 6 v
1.68734 4.14729 6 v
1.69354 4.14284 6 v
1.69977 4.13833 6 v
1.70603 4.13376 6 v
1.71231 4.12912 6 v
1.71862 4.12442 6 v
1.72495 4.11966 6 v
1.73131 4.11484 6 v
1.73769 4.10995 6 v

2.02495 3.49303 7 u
2.03038 3.49747 7 u
2.03571 3.50194 7 u
2.04095 3.50646 7 u
2.0461 3.51101 7 u
2.05115 3.51561 7 u
2.05611 3.52025 7 u
2.06098 3.52493 7 u
2.06575 3.52964 7 u
2.07043 3.5344 7 u
2.07502 3.5392 7 u
2.07951 3.54404 7 u
2.08391 3.54892 7 u
2.08822 3.55384 7 u
2.09243 3.55881 7 u
2.09655 3.56381 7 u
2.10057 3.56885 7 u
2.10451 3.57393 7 u
2.10835 3.57906 7 u
2.11209 3.58422 7 u
2.11574 3.58942 7 u
2.1193 3.59467 7 u
2.12277 3.59995 7 u
2.12614 3.60528 7 u
2.12942 3.61064 7 u
2.1326 3.61605 7 u
2.13569 3.6215 7 u
2.13869 3.62699 7 u
2.1416 3.63251 7 u
2.14441 3.63808 7 u
2.14713 3.64369 7 u
2.14975 3.64934 7 u
2.15228 3.65503 7 u
2.15472 3.66076 7 u
2.15706 3.66653 7 u
2.15931 3.67234 7 u
2.16147 3.67819 7 u
2.16353 3.68409 7 u
2.1655 3.69002 7 u
2.16738 3.69599 7 u
2.16916 3.702 7 u
2.17084 3.70806 7 u
2.1724 3.71414 7 u
2.17383 3.72026 7 u
2.17514 3.72642 7 u
2.17633 3.73261 7 u
2.1774 3.73883 7 u
2.17835 3.74509 7 u
2.17917 3.75138 7 u
2.17988 3.75771 7 u
2.18046 3.76407 7 u
2.18092 3.77047 7 u
2.18126 3.7769 7 u
2.18148 3.78336 7 u
2.18158 3.78987 7 u
2.18156 3.7964 7 u
2.18141 3.80297 7 u
2.18114 3.80957 7 u
2.18076 3.81621 7 u
2.18025 3.82289 7 u
2.17962 3.82959 7 u
2.17886 3.83634 7 u
2.17799 3.84311 7 u
2.17699 3.84992 7 u
2.17588 3.85677 7 u
2.17464 3.86365 7 u
2.17328 3.87057 7 u
2.1718 3.87752 7 u
2.1702 3.8845 7 u
2.16847 3.89152 7 u
2.16663 3.89857 7 u
2.16466 3.90566 7 u
2.16257 3.91278 7 u
2.16037 3.91994 7 u
2.15803 3.92713 7 u
2.15558 3.93436 7 u
2.15301 3.94162 7 u
2.15031 3.94892 7 u
2.1475 3.95625 7 u
2.14456 3.96361 7 u
2.1415 3.97101 7 u

2.10677 3.44624 7 u
2.11069 3.45113 7 u
2.11456 3.45606 7 u
2.11837 3.46105 7 u
2.12213 3.46608 7 u
2.12583 3.47115 7 u
2.12948 3.47628 7 u
2.13307 3.48145 7 u
2.13661 3.48667 7 u
2.1401 3.49193 7 u
2.14353 3.49725 7 u
2.1469 3.5026 7 u
2.15022 3.50801 7 u
2.15348 3.51346 7 u
2.15669 3.51896 7 u
2.15985 3.52451 7 u
2.16295 3.53011 7 u
2.16599 3.53575 7 u
2.16898 3.54143 7 u
2.17192 3.54717 7 u
2.1748 3.55295 7 u
2.17763 3.55878 7 u
2.1804 3.56466 7 u
2.18311 3.57058 7 u
2.18578 3.57655 7 u
2.18838 3.58257 7 u
2.19093 3.58863 7 u
2.19343 3.59474 7 u
2.19587 3.6009 7 u
2.19826 3.6071 7 u
2.2006 3.61336 7 u
2.20287 3.61966 7 u
2.2051 3.626 7 u
2.20726 3.63239 7 u
2.20938 3.63883 7 u
2.21144 3.64532 7 u
2.21344 3.65185 7 u
2.21539 3.65844 7 u
2.21728 3.66506 7 u
2.21912 3.67174 7 u
2.22091 3.67846 7 u
2.22265 3.6852 7 u
2.22435 3.69195 7 u
2.22602 3.69869 7 u
2.22765 3.70543 7 u
2.22924 3.71217 7 u
2.2308 3.71891 7 u
2.23232 3.72565 7 u
2.2338 3.73239 7 u
2.23525 3.73912 7 u
2.23666 3.74586 7 u
2.23804 3.75259 7 u
2.23938 3.75932 7 u
2.24068 3.76605 7 u
2.24194 3.77278 7 u
2.24317 3.77951 7 u
2.24436 3.78624 7 u
2.24552 3.79296 7 u
2.24664 3.79969 7 u
2.24772 3.80641 7 u
2.24877 3.81314 7 u
2.24978 3.81986 7 u
2.25076 3.82658 7 u
2.25169 3.8333 7 u
2.2526 3.84002 7 u
2.25346 3.84673 7 u
2.25429 3.85345 7 u
2.25508 3.86016 7 u
2.25584 3.86688 7 u
2.25656 3.87359 7 u
2.25724 3.8803 7 u
2.25788 3.88701 7 u
2.25849 3.89372 7 u
2.25907 3.90043 7 u
2.25961 3.90714 7 u
2.26011 3.91384 7 u
2.26057 3.92055 7 u
2.261 3.92725 7 u
2.26139 3.93395 7 u
2.26174 3.94065 7 u
2.26206 3.94735 7 u

2.18859 3.39944 7 u
2.19074 3.4048 7 u
2.19288 3.4102 7 u
2.19501 3.41565 7 u
2.19713 3.42114 7 u
2.19923 3.42668 7 u
2.20132 3.43227 7 u
2.20339 3.4379 7 u
2.20546 3.44358 7 u
2.20751 3.44931 7 u
2.20954 3.45508 7 u
2.21157 3.4609 7 u
2.21358 3.46676 7 u
2.21558 3.47268 7 u
2.21756 3.47863 7 u
2.21953 3.48464 7 u
2.22149 3.49069 7 u
2.22344 3.49679 7 u
2.22537 3.50293 7 u
2.22729 3.50912 7 u
2.2292 3.51535 7 u
2.23109 3.52164 7 u
2.23297 3.52796 7 u
2.23484 3.53434 7 u
2.23669 3.54076 7 u
2.23853 3.54723 7 u
2.24036 3.55374 7 u
2.24218 3.5603 7 u
2.24398 3.56691 7 u
2.24577 3.57356 7 u
2.24755 3.58026 7 u
2.24931 3.587 7 u
2.25106 3.5938 7 u
2.2528 3.60063 7 u
2.25453 3.60752 7 u
2.25624 3.61445 7 u
2.25794 3.62142 7 u
2.25962 3.62845 7 u
2.2613 3.63552 7 u
2.26296 3.64263 7 u
2.2646 3.6498 7 u
2.26626 3.65696 7 u
2.26793 3.6641 7 u
2.26964 3.6712 7 u
2.27136 3.67828 7 u
2.27312 3.68531 7 u
2.27489 3.69232 7 u
2.2767 3.6993 7 u
2.27852 3.70624 7 u
2.28037 3.71315 7 u
2.28225 3.72002 7 u
2.28415 3.72687 7 u
2.28608 3.73368 7 u
2.28803 3.74046 7 u
2.29001 3.7472 7 u
2.29201 3.75392 7 u
2.29404 3.7606 7 u
2.29609 3.76725 7 u
2.29817 3.77386 7 u
2.30027 3.78045 7 u
2.30239 3.787 7 u
2.30454 3.79352 7 u
2.30672 3.8 7 u
2.30892 3.80646 7 u
2.31115 3.81288 7 u
2.3134 3.81927 7 u
2.31567 3.82562 7 u
2.31797 3.83195 7 u
2.3203 3.83824 7 u
2.32265 3.8445 7 u
2.32503 3.85072 7 u
2.32743 3.85692 7 u
2.32985 3.86308 7 u
2.3323 3.86921 7 u
2.33478 3.8753 7 u
2.33728 3.88137 7 u
2.3398 3.8874 7 u
2.34235 3.8934 7 u
2.34493 3.89936 7 u
2.34753 3.9053 7 u
2.35015 3.9112 7 u

2.27041 3.35264 7 u
2.27067 3.35816 7 u
2.27096 3.36373 7 u
2.27129 3.36934 7 u
2.27164 3.375 7 u
2.27202 3.38069 7 u
2.27243 3.38643 7 u
2.27287 3.39222 7 u
2.27334 3.39804 7 u
2.27383 3.40391 7 u
2.27436 3.40983 7 u
2.27492 3.41578 7 u
2.27551 3.42178 7 u
2.27613 3.42783 7 u
2.27677 3.43391 7 u
2.27745 3.44004 7 u
2.27816 3.44622 7 u
2.27889 3.45243 7 u
2.27966 3.45869 7 u
2.28045 3.46499 7 u
2.28128 3.47134 7 u
2.28213 3.47773 7 u
2.28302 3.48416 7 u
2.28393 3.49064 7 u
2.28487 3.49716 7 u
2.28585 3.50372 7 u
2.28685 3.51033 7 u
2.28788 3.51698 7 u
2.28894 3.52367 7 u
2.29003 3.5304 7 u
2.29115 3.53718 7 u
2.2923 3.54401 7 u
2.29348 3.55087 7 u
2.29469 3.55778 7 u
2.29593 3.56473 7 u
2.2972 3.57173 7 u
2.2985 3.57877 7 u
2.29983 3.58585 7 u
2.30119 3.59297 7 u
2.30257 3.60014 7 u
2.30399 3.60735 7 u
2.30546 3.61456 7 u
2.307 3.6217 7 u
2.30862 3.62878 7 u
2.31031 3.6358 7 u
2.31208 3.64275 7 u
2.31392 3.64965 7 u
2.31583 3.65648 7 u
2.31782 3.66326 7 u
2.31989 3.66997 7 u
2.32202 3.67662 7 u
2.32424 3.68321 7 u
2.32652 3.68973 7 u
2.32888 3.6962 7 u
2.33132 3.7026 7 u
2.33383 3.70895 7 u
2.33641 3.71523 7 u
2.33907 3.72145 7 u
2.3418 3.72761 7 u
2.34461 3.7337 7 u
2.34749 3.73974 7 u
2.35045 3.74571 7 u
2.35348 3.75163 7 u
2.35658 3.75748 7 u
2.35976 3.76327 7 u
2.36302 3.769 7 u
2.36634 3.77467 7 u
2.36975 3.78027 7 u
2.37322 3.78582 7 u
2.37677 3.7913 7 u
2.3804 3.79672 7 u
2.3841 3.80208 7 u
2.38787 3.80738 7 u
2.39172 3.81262 7 u
2.39564 3.81779 7 u
2.39964 3.82291 7 u
2.40371 3.82796 7 u
2.40785 3.83295 7 u
2.41207 3.83788 7 u
2.41637 3.84275 7 u
2.42074 3.84756 7 u

2.35223 3.30584 7 u
2.35062 3.31092 7 u
2.34908 3.31605 7 u
2.3476 3.32122 7 u
2.3462 3.32643 7 u
2.34487 3.33169 7 u
2.34361 3.33698 7 u
2.34242 3.34232 7 u
2.34131 3.34771 7 u
2.34026 3.35313 7 u
2.33928 3.3586 7 u
2.33838 3.36411 7 u
2.33754 3.36966 7 u
2.33677 3.37526 7 u
2.33608 3.3809 7 u
2.33546 3.38658 7 u
2.3349 3.3923 7 u
2.33442 3.39807 7 u
2.33401 3.40388 7 u
2.33367 3.40973 7 u
2.3334 3.41562 7 u
2.3332 3.42156 7 u
2.33307 3.42754 7 u
2.33301 3.43357 7 u
2.33302 3.43963 7 u
2.3331 3.44574 7 u
2.33326 3.45189 7 u
2.33348 3.45808 7 u
2.33377 3.46432 7 u
2.33414 3.4706 7 u
2.33457 3.47692 7 u
2.33508 3.48328 7 u
2.33566 3.48969 7 u
2.3363 3.49614 7 u
2.33702 3.50263 7 u
2.33781 3.50917 7 u
2.33867 3.51574 7 u
2.3396 3.52236 7 u
2.3406 3.52903 7 u
2.34167 3.53573 7 u
2.34281 3.54248 7 u
2.34405 3.5492 7 u
2.34542 3.55584 7 u
2.3469 3.56238 7 u
2.34851 3.56884 7 u
2.35025 3.57521 7 u
2.3521 3.58148 7 u
2.35408 3.58767 7 u
2.35619 3.59376 7 u
2.35842 3.59977 7 u
2.36077 3.60569 7 u
2.36324 3.61151 7 u
2.36584 3.61725 7 u
2.36857 3.6229 7 u
2.37141 3.62846 7 u
2.37438 3.63392 7 u
2.37747 3.6393 7 u
2.38069 3.64459 7 u
2.38403 3.64979 7 u
2.3875 3.6549 7 u
2.39108 3.65992 7 u
2.3948 3.66484 7 u
2.39863 3.66968 7 u
2.40259 3.67443 7 u
2.40667 3.67909 7 u
2.41088 3.68366 7 u
2.41521 3.68814 7 u
2.41966 3.69253 7 u
2.42424 3.69683 7 u
2.42894 3.70105 7 u
2.43376 3.70517 7 u
2.43871 3.7092 7 u
2.44378 3.71314 7 u
2.44897 3.71699 7 u
2.45429 3.72075 7 u
2.45974 3.72443 7 u
2.4653 3.72801 7 u
2.47099 3.7315 7 u
2.4768 3.7349 7 u
2.48274 3.73822 7 u
2.4888 3.74144 7 u

2.02495 3.49303 7 v
2.02904 3.49069 7 v
2.03313 3.48835 7 v
2.03722 3.48601 7 v
2.04131 3.48367 7 v
2.0454 3.48133 7 v
2.0495 3.47899 7 v
2.05359 3.47665 7 v
2.05768 3.47431 7 v
2.06177 3.47197 7 v
2.06586 3.46963 7 v
2.06995 3.46729 7 v
2.07404 3.46496 7 v
2.07813 3.46262 7 v
2.08222 3.46028 7 v
2.08631 3.45794 7 v
2.09041 3.4556 7 v
2.0945 3.45326 7 v
2.09859 3.45092 7 v
2.10268 3.44858 7 v
2.10677 3.44624 7 v
2.11086 3.4439 7 v
2.11495 3.44156 7 v
2.11904 3.43922 7 v
2.12313 3.43688 7 v
2.12723 3.43454 7 v
2.13132 3.4322 7 v
2.13541 3.42986 7 v
2.1395 3.42752 7 v
2.14359 3.42518 7 v
2.14768 3.42284 7 v
2.15177 3.4205 7 v
2.15586 3.41816 7 v
2.15995 3.41582 7 v
2.16404 3.41348 7 v
2.16813 3.41114 7 v
2.17223 3.4088 7 v
2.17632 3.40646 7 v
2.18041 3.40412 7 v
2.1845 3.40178 7 v
2.18859 3.39944 7 v
2.19268 3.3971 7 v
2.19677 3.39476 7 v
2.20086 3.39242 7 v
2.20495 3.39008 7 v
2.20904 3.38774 7 v
2.21314 3.3854 7 v
2.21723 3.38306 7 v
2.22132 3.38072 7 v
2.22541 3.37838 7 v
2.2295 3.37604 7 v
2.23359 3.3737 7 v
2.23768 3.37136 7 v
2.24177 3.36902 7 v
2.24586 3.36668 7 v
2.24995 3.36434 7 v
2.25405 3.362 7 v
2.25814 3.35966 7 v
2.26223 3.35732 7 v
2.26632 3.35498 7 v
2.27041 3.35264 7 v
2.2745 3.3503 7 v
2.27859 3.34796 7 v
2.28268 3.34562 7 v
2.28677 3.34328 7 v
2.29087 3.34094 7 v
2.29496 3.3386 7 v
2.29905 3.33626 7 v
2.30314 3.33392 7 v
2.30723 3.33158 7 v
2.31132 3.32924 7 v
2.31541 3.3269 7 v
2.3195 3.32456 7 v
2.32359 3.32222 7 v
2.32768 3.31988 7 v
2.33178 3.31754 7 v
2.33587 3.3152 7 v
2.33996 3.31286 7 v
2.34405 3.31052 7 v
2.34814 3.30818 7 v
2.35223 3.30584 7 v

2.11574 3.58942 7 v
2.11881 3.58763 7 v
2.12186 3.58583 7 v
2.1249 3.58402 7 v
2.12793 3.58222 7 v
2.13094 3.58041 7 v
2.13395 3.5786 7 v
2.13694 3.57679 7 v
2.13993 3.57497 7 v
2.1429 3.57315 7 v
2.14585 3.57133 7 v
2.1488 3.5695 7 v
2.15174 3.56768 7 v
2.15466 3.56585 7 v
2.15757 3.56401 7 v
2.16047 3.56218 7 v
2.16336 3.56034 7 v
2.16624 3.55849 7 v
2.1691 3.55665 7 v
2.17196 3.5548 7 v
2.1748 3.55295 7 v
2.17763 3.5511 7 v
2.18045 3.54924 7 v
2.18326 3.54738 7 v
2.18605 3.54552 7 v
2.18884 3.54366 7 v
2.19161 3.54179 7 v
2.19437 3.53992 7 v
2.19712 3.53805 7 v
2.19986 3.53617 7 v
2.20258 3.53429 7 v
2.20529 3.53241 7 v
2.208 3.53053 7 v
2.21069 3.52864 7 v
2.21337 3.52675 7 v
2.21603 3.52486 7 v
2.21869 3.52296 7 v
2.22133 3.52107 7 v
2.22397 3.51916 7 v
2.22659 3.51726 7 v
2.2292 3.51535 7 v
2.2318 3.51343 7 v
2.2344 3.51148 7 v
2.23701 3.5095 7 v
2.23961 3.50749 7 v
2.24221 3.50545 7 v
2.24482 3.50338 7 v
2.24742 3.50128 7 v
2.25002 3.49915 7 v
2.25263 3.497 7 v
2.25523 3.49481 7 v
2.25784 3.49259 7 v
2.26044 3.49035 7 v
2.26305 3.48808 7 v
2.26565 3.48577 7 v
2.26825 3.48344 7 v
2.27086 3.48108 7 v
2.27346 3.47869 7 v
2.27607 3.47627 7 v
2.27867 3.47382 7 v
2.28128 3.47134 7 v
2.28388 3.46883 7 v
2.28649 3.4663 7 v
2.28909 3.46373 7 v
2.2917 3.46113 7 v
2.2943 3.45851 7 v
2.29691 3.45585 7 v
2.29952 3.45317 7 v
2.30212 3.45046 7 v
2.30473 3.44772 7 v
2.30733 3.44495 7 v
2.30994 3.44215 7 v
2.31254 3.43932 7 v
2.31515 3.43646 7 v
2.31776 3.43357 7 v
2.32036 3.43065 7 v
2.32297 3.4277 7 v
2.32558 3.42473 7 v
2.32818 3.42172 7 v
2.33079 3.41869 7 v
2.3334 3.41562 7 v

2.16916 3.702 7 v
2.17194 3.70095 7 v
2.1747 3.69988 7 v
2.17744 3.6988 7 v
2.18016 3.69771 7 v
2.18286 3.6966 7 v
2.18553 3.69548 7 v
2.18819 3.69435 7 v
2.19083 3.6932 7 v
2.19345 3.69204 7 v
2.19604 3.69087 7 v
2.19862 3.68969 7 v
2.20118 3.68849 7 v
2.20371 3.68728 7 v
2.20623 3.68606 7 v
2.20873 3.68483 7 v
2.2112 3.68358 7 v
2.21366 3.68232 7 v
2.2161 3.68104 7 v
2.21851 3.67976 7 v
2.22091 3.67846 7 v
2.22329 3.67715 7 v
2.22564 3.67582 7 v
2.22798 3.67449 7 v
2.23029 3.67314 7 v
2.23259 3.67177 7 v
2.23486 3.6704 7 v
2.23712 3.66901 7 v
2.23935 3.66761 7 v
2.24157 3.66619 7 v
2.24376 3.66477 7 v
2.24594 3.66333 7 v
2.24809 3.66188 7 v
2.25023 3.66041 7 v
2.25234 3.65893 7 v
2.25443 3.65744 7 v
2.25651 3.65594 7 v
2.25856 3.65442 7 v
2.2606 3.65289 7 v
2.26261 3.65135 7 v
2.2646 3.6498 7 v
2.26659 3.64821 7 v
2.26857 3.64656 7 v
2.27055 3.64486 7 v
2.27252 3.6431 7 v
2.2745 3.64129 7 v
2.27648 3.63942 7 v
2.27845 3.63749 7 v
2.28042 3.63551 7 v
2.2824 3.63347 7 v
2.28437 3.63138 7 v
2.28633 3.62923 7 v
2.2883 3.62702 7 v
2.29027 3.62476 7 v
2.29223 3.62244 7 v
2.2942 3.62007 7 v
2.29616 3.61764 7 v
2.29812 3.61515 7 v
2.30008 3.61261 7 v
2.30203 3.61001 7 v
2.30399 3.60735 7 v
2.30594 3.60464 7 v
2.3079 3.60188 7 v
2.30985 3.59905 7 v
2.3118 3.59617 7 v
2.31375 3.59324 7 v
2.3157 3.59025 7 v
2.31764 3.5872 7 v
2.31959 3.5841 7 v
2.32153 3.58094 7 v
2.32347 3.57772 7 v
2.32541 3.57445 7 v
2.32735 3.57112 7 v
2.32929 3.56774 7 v
2.33123 3.5643 7 v
2.33316 3.5608 7 v
2.33509 3.55725 7 v
2.33703 3.55364 7 v
2.33896 3.54998 7 v
2.34089 3.54626 7 v
2.34281 3.54248 7 v

2.17962 3.82959 7 v
2.18344 3.829 7 v
2.18723 3.82838 7 v
2.19098 3.82774 7 v
2.19469 3.82708 7 v
2.19836 3.82639 7 v
2.20199 3.82567 7 v
2.20559 3.82493 7 v
2.20914 3.82417 7 v
2.21266 3.82339 7 v
2.21614 3.82257 7 v
2.21957 3.82174 7 v
2.22297 3.82088 7 v
2.22633 3.82 7 v
2.22966 3.81909 7 v
2.23294 3.81816 7 v
2.23618 3.8172 7 v
2.23939 3.81622 7 v
2.24256 3.81522 7 v
2.24568 3.81419 7 v
2.24877 3.81314 7 v
2.25182 3.81206 7 v
2.25483 3.81096 7 v
2.25781 3.80983 7 v
2.26074 3.80868 7 v
2.26363 3.80751 7 v
2.26649 3.80631 7 v
2.26931 3.80509 7 v
2.27208 3.80384 7 v
2.27482 3.80257 7 v
2.27752 3.80128 7 v
2.28019 3.79996 7 v
2.28281 3.79861 7 v
2.28539 3.79725 7 v
2.28794 3.79586 7 v
2.29044 3.79444 7 v
2.29291 3.793 7 v
2.29534 3.79154 7 v
2.29773 3.79005 7 v
2.30008 3.78854 7 v
2.30239 3.787 7 v
2.30468 3.78541 7 v
2.30697 3.78374 7 v
2.30925 3.78199 7 v
2.31153 3.78015 7 v
2.31381 3.77824 7 v
2.31608 3.77624 7 v
2.31835 3.77416 7 v
2.32061 3.772 7 v
2.32287 3.76976 7 v
2.32513 3.76744 7 v
2.32738 3.76504 7 v
2.32963 3.76255 7 v
2.33188 3.75998 7 v
2.33412 3.75734 7 v
2.33636 3.75461 7 v
2.33859 3.7518 7 v
2.34082 3.7489 7 v
2.34305 3.74593 7 v
2.34527 3.74288 7 v
2.34749 3.73974 7 v
2.34971 3.73652 7 v
2.35192 3.73322 7 v
2.35413 3.72984 7 v
2.35633 3.72638 7 v
2.35853 3.72284 7 v
2.36073 3.71921 7 v
2.36292 3.71551 7 v
2.36511 3.71172 7 v
2.3673 3.70785 7 v
2.36948 3.7039 7 v
2.37165 3.69987 7 v
2.37383 3.69575 7 v
2.376 3.69156 7 v
2.37816 3.68728 7 v
2.38033 3.68292 7 v
2.38249 3.67849 7 v
2.38464 3.67396 7 v
2.38679 3.66936 7 v
2.38894 3.66468 7 v
2.39108 3.65992 7 v

2.1415 3.97101 7 v
2.1483 3.97012 7 v
2.15502 3.96921 7 v
2.16165 3.96826 7 v
2.16821 3.96728 7 v
2.17469 3.96627 7 v
2.18108 3.96522 7 v
2.18739 3.96415 7 v
2.19362 3.96305 7 v
2.19977 3.96191 7 v
2.20584 3.96074 7 v
2.21183 3.95954 7 v
2.21773 3.95831 7 v
2.22356 3.95705 7 v
2.2293 3.95576 7 v
2.23497 3.95444 7 v
2.24055 3.95308 7 v
2.24605 3.9517 7 v
2.25147 3.95028 7 v
2.25681 3.94883 7 v
2.26206 3.94735 7 v
2.26724 3.94584 7 v
2.27233 3.9443 7 v
2.27735 3.94273 7 v
2.28228 3.94112 7 v
2.28713 3.93949 7 v
2.2919 3.93782 7 v
2.29659 3.93612 7 v
2.30119 3.93439 7 v
2.30572 3.93263 7 v
2.31017 3.93084 7 v
2.31453 3.92901 7 v
2.31881 3.92716 7 v
2.32301 3.92527 7 v
2.32713 3.92336 7 v
2.33117 3.92141 7 v
2.33513 3.91943 7 v
2.33901 3.91742 7 v
2.3428 3.91538 7 v
2.34652 3.9133 7 v
2.35015 3.9112 7 v
2.35374 3.90903 7 v
2.35732 3.90675 7 v
2.3609 3.90436 7 v
2.36447 3.90187 7 v
2.36803 3.89927 7 v
2.37159 3.89657 7 v
2.37514 3.89376 7 v
2.37869 3.89084 7 v
2.38223 3.88782 7 v
2.38576 3.88469 7 v
2.38929 3.88145 7 v
2.39281 3.87811 7 v
2.39632 3.87467 7 v
2.39983 3.87111 7 v
2.40333 3.86745 7 v
2.40682 3.86369 7 v
2.41031 3.85981 7 v
2.41379 3.85584 7 v
2.41727 3.85175 7 v
2.42074 3.84756 7 v
2.4242 3.84326 7 v
2.42766 3.83886 7 v
2.43111 3.83435 7 v
2.43455 3.82973 7 v
2.43799 3.82501 7 v
2.44142 3.82018 7 v
2.44485 3.81525 7 v
2.44827 3.81021 7 v
2.45168 3.80506 7 v
2.45508 3.79981 7 v
2.45848 3.79445 7 v
2.46188 3.78899 7 v
2.46527 3.78341 7 v
2.46865 3.77774 7 v
2.47202 3.77195 7 v
2.47539 3.76606 7 v
2.47875 3.76007 7 v
2.48211 3.75396 7 v
2.48546 3.74775 7 v
2.4888 3.74144 7 v

2.62301 3.22343 8 u
2.62762 3.22631 8 u
2.63216 3.22923 8 u
2.63665 3.23221 8 u
2.64108 3.23523 8 u
2.64545 3.23831 8 u
2.64976 3.24143 8 u
2.65401 3.2446 8 u
2.6582 3.24782 8 u
2.66234 3.25109 8 u
2.66641 3.25441 8 u
2.67043 3.25777 8 u
2.67438 3.26119 8 u
2.67828 3.26466 8 u
2.68212 3.26817 8 u
2.6859 3.27173 8 u
2.68962 3.27535 8 u
2.69328 3.27901 8 u
2.69688 3.28272 8 u
2.70043 3.28648 8 u
2.70391 3.29029 8 u
2.70734 3.29414 8 u
2.7107 3.29805 8 u
2.71401 3.302 8 u
2.71726 3.30601 8 u
2.72045 3.31006 8 u
2.72358 3.31417 8 u
2.72665 3.31832 8 u
2.72966 3.32252 8 u
2.73261 3.32677 8 u
2.73551 3.33107 8 u
2.73834 3.33541 8 u
2.74112 3.33981 8 u
2.74383 3.34426 8 u
2.74649 3.34875 8 u
2.74909 3.3533 8 u
2.75163 3.35789 8 u
2.75411 3.36253 8 u
2.75653 3.36722 8 u
2.75889 3.37196 8 u
2.76119 3.37675 8 u
2.76343 3.38158 8 u
2.76557 3.38644 8 u
2.76763 3.39134 8 u
2.7696 3.39627 8 u
2.77149 3.40123 8 u
2.77328 3.40622 8 u
2.775 3.41125 8 u
2.77662 3.4163 8 u
2.77816 3.4214 8 u
2.77962 3.42652 8 u
2.78099 3.43168 8 u
2.78227 3.43687 8 u
2.78346 3.44209 8 u
2.78457 3.44734 8 u
2.78559 3.45263 8 u
2.78653 3.45795 8 u
2.78738 3.46331 8 u
2.78814 3.46869 8 u
2.78882 3.47411 8 u
2.78941 3.47956 8 u
2.78992 3.48505 8 u
2.79034 3.49056 8 u
2.79067 3.49611 8 u
2.79092 3.5017 8 u
2.79108 3.50731 8 u
2.79115 3.51296 8 u
2.79114 3.51864 8 u
2.79104 3.52435 8 u
2.79085 3.5301 8 u
2.79058 3.53588 8 u
2.79022 3.54169 8 u
2.78978 3.54753 8 u
2.78925 3.55341 8 u
2.78863 3.55932 8 u
2.78793 3.56526 8 u
2.78714 3.57123 8 u
2.78626 3.57724 8 u
2.7853 3.58328 8 u
2.78425 3.58935 8 u
2.78312 3.59546 8 u

2.73064 3.19427 8 u
2.7341 3.1979 8 u
2.73754 3.20157 8 u
2.74095 3.20527 8 u
2.74434 3.20901 8 u
2.74769 3.21279 8 u
2.75102 3.2166 8 u
2.75432 3.22046 8 u
2.7576 3.22434 8 u
2.76084 3.22827 8 u
2.76406 3.23223 8 u
2.76725 3.23623 8 u
2.77042 3.24026 8 u
2.77355 3.24433 8 u
2.77666 3.24844 8 u
2.77975 3.25258 8 u
2.7828 3.25677 8 u
2.78583 3.26098 8 u
2.78883 3.26524 8 u
2.7918 3.26953 8 u
2.79475 3.27386 8 u
2.79767 3.27822 8 u
2.80056 3.28262 8 u
2.80342 3.28706 8 u
2.80626 3.29154 8 u
2.80907 3.29605 8 u
2.81185 3.3006 8 u
2.8146 3.30518 8 u
2.81733 3.3098 8 u
2.82003 3.31446 8 u
2.8227 3.31916 8 u
2.82535 3.32389 8 u
2.82797 3.32866 8 u
2.83056 3.33346 8 u
2.83312 3.3383 8 u
2.83566 3.34318 8 u
2.83817 3.3481 8 u
2.84065 3.35305 8 u
2.8431 3.35804 8 u
2.84553 3.36306 8 u
2.84793 3.36813 8 u
2.85026 3.37323 8 u
2.85251 3.37839 8 u
2.85465 3.38361 8 u
2.8567 3.38887 8 u
2.85865 3.39419 8 u
2.86051 3.39957 8 u
2.86227 3.405 8 u
2.86394 3.41048 8 u
2.86551 3.41601 8 u
2.86698 3.4216 8 u
2.86836 3.42724 8 u
2.86964 3.43293 8 u
2.87082 3.43868 8 u
2.87191 3.44448 8 u
2.87291 3.45033 8 u
2.87381 3.45624 8 u
2.87461 3.46219 8 u
2.87531 3.46821 8 u
2.87592 3.47427 8 u
2.87643 3.48039 8 u
2.87685 3.48657 8 u
2.87717 3.49279 8 u
2.8774 3.49907 8 u
2.87753 3.50541 8 u
2.87756 3.51179 8 u
2.8775 3.51823 8 u
2.87734 3.52472 8 u
2.87708 3.53127 8 u
2.87673 3.53787 8 u
2.87629 3.54452 8 u
2.87574 3.55123 8 u
2.87511 3.55799 8 u
2.87437 3.5648 8 u
2.87354 3.57167 8 u
2.87261 3.57858 8 u
2.87159 3.58556 8 u
2.87047 3.59258 8 u
2.86926 3.59966 8 u
2.86795 3.60679 8 u
2.86654 3.61398 8 u

2.83826 3.16511 8 u
2.84083 3.16909 8 u
2.84338 3.17311 8 u
2.84593 3.17719 8 u
2.84846 3.18132 8 u
2.85099 3.1855 8 u
2.85351 3.18973 8 u
2.85602 3.19401 8 u
2.85852 3.19834 8 u
2.86102 3.20272 8 u
2.8635 3.20715 8 u
2.86598 3.21163 8 u
2.86844 3.21616 8 u
2.8709 3.22074 8 u
2.87335 3.22538 8 u
2.87579 3.23006 8 u
2.87822 3.23479 8 u
2.88065 3.23957 8 u
2.88306 3.24441 8 u
2.88547 3.24929 8 u
2.88787 3.25423 8 u
2.89026 3.25921 8 u
2.89264 3.26425 8 u
2.89501 3.26933 8 u
2.89737 3.27447 8 u
2.89972 3.27965 8 u
2.90207 3.28489 8 u
2.90441 3.29018 8 u
2.90673 3.29552 8 u
2.90905 3.3009 8 u
2.91136 3.30634 8 u
2.91366 3.31183 8 u
2.91596 3.31737 8 u
2.91824 3.32296 8 u
2.92052 3.3286 8 u
2.92279 3.33429 8 u
2.92504 3.34003 8 u
2.92729 3.34582 8 u
2.92953 3.35166 8 u
2.93177 3.35755 8 u
2.93399 3.36349 8 u
2.93616 3.36948 8 u
2.93825 3.37551 8 u
2.94024 3.38157 8 u
2.94214 3.38767 8 u
2.94395 3.3938 8 u
2.94567 3.39998 8 u
2.9473 3.40619 8 u
2.94883 3.41245 8 u
2.95028 3.41873 8 u
2.95163 3.42506 8 u
2.9529 3.43143 8 u
2.95407 3.43783 8 u
2.95515 3.44427 8 u
2.95614 3.45075 8 u
2.95704 3.45727 8 u
2.95785 3.46382 8 u
2.95857 3.47041 8 u
2.95919 3.47704 8 u
2.95973 3.48371 8 u
2.96017 3.49042 8 u
2.96053 3.49716 8 u
2.96079 3.50394 8 u
2.96096 3.51076 8 u
2.96104 3.51762 8 u
2.96103 3.52452 8 u
2.96093 3.53145 8 u
2.96074 3.53842 8 u
2.96045 3.54543 8 u
2.96008 3.55248 8 u
2.95961 3.55956 8 u
2.95906 3.56669 8 u
2.95841 3.57385 8 u
2.95767 3.58105 8 u
2.95684 3.58828 8 u
2.95592 3.59556 8 u
2.95491 3.60287 8 u
2.95381 3.61022 8 u
2.95261 3.61761 8 u
2.95133 3.62504 8 u
2.94996 3.6325 8 u

2.94589 3.13595 8 u
2.94755 3.14026 8 u
2.94922 3.14464 8 u
2.9509 3.14908 8 u
2.95259 3.15358 8 u
2.95429 3.15815 8 u
2.956 3.16279 8 u
2.95772 3.16749 8 u
2.95945 3.17226 8 u
2.96119 3.17709 8 u
2.96294 3.18198 8 u
2.9647 3.18695 8 u
2.96647 3.19197 8 u
2.96825 3.19706 8 u
2.97004 3.20222 8 u
2.97184 3.20744 8 u
2.97365 3.21273 8 u
2.97547 3.21809 8 u
2.9773 3.2235 8 u
2.97913 3.22899 8 u
2.98098 3.23453 8 u
2.98284 3.24015 8 u
2.98471 3.24583 8 u
2.98659 3.25157 8 u
2.98848 3.25738 8 u
2.99038 3.26325 8 u
2.99229 3.26919 8 u
2.99421 3.2752 8 u
2.99614 3.28127 8 u
2.99807 3.2874 8 u
3.00002 3.2936 8 u
3.00198 3.29987 8 u
3.00395 3.3062 8 u
3.00593 3.31259 8 u
3.00792 3.31906 8 u
3.00991 3.32558 8 u
3.01192 3.33217 8 u
3.01394 3.33883 8 u
3.01597 3.34555 8 u
3.01801 3.35234 8 u
3.02006 3.35919 8 u
3.02206 3.36608 8 u
3.02399 3.373 8 u
3.02583 3.37993 8 u
3.02758 3.38689 8 u
3.02924 3.39387 8 u
3.03082 3.40087 8 u
3.03232 3.40788 8 u
3.03373 3.41492 8 u
3.03505 3.42198 8 u
3.03628 3.42906 8 u
3.03743 3.43616 8 u
3.0385 3.44328 8 u
3.03948 3.45042 8 u
3.04037 3.45759 8 u
3.04117 3.46477 8 u
3.04189 3.47197 8 u
3.04253 3.4792 8 u
3.04308 3.48644 8 u
3.04354 3.49371 8 u
3.04391 3.50099 8 u
3.0442 3.5083 8 u
3.04441 3.51562 8 u
3.04452 3.52297 8 u
3.04456 3.53034 8 u
3.0445 3.53773 8 u
3.04436 3.54514 8 u
3.04414 3.55257 8 u
3.04382 3.56002 8 u
3.04343 3.56749 8 u
3.04294 3.57498 8 u
3.04237 3.58249 8 u
3.04171 3.59002 8 u
3.04097 3.59757 8 u
3.04014 3.60515 8 u
3.03923 3.61274 8 u
3.03823 3.62036 8 u
3.03714 3.62799 8 u
3.03597 3.63565 8 u
3.03471 3.64332 8 u
3.03337 3.65102 8 u

3.05351 3.10679 8 u
3.05403 3.11181 8 u
3.05459 3.11689 8 u
3.0552 3.12203 8 u
3.05584 3.12722 8 u
3.05653 3.13247 8 u
3.05726 3.13777 8 u
3.05803 3.14313 8 u
3.05884 3.14855 8 u
3.05969 3.15402 8 u
3.06059 3.15955 8 u
3.06152 3.16513 8 u
3.0625 3.17078 8 u
3.06352 3.17647 8 u
3.06458 3.18223 8 u
3.06569 3.18804 8 u
3.06683 3.1939 8 u
3.06802 3.19982 8 u
3.06924 3.2058 8 u
3.07051 3.21184 8 u
3.07182 3.21793 8 u
3.07318 3.22407 8 u
3.07457 3.23028 8 u
3.07601 3.23654 8 u
3.07749 3.24285 8 u
3.07901 3.24922 8 u
3.08057 3.25565 8 u
3.08217 3.26214 8 u
3.08381 3.26868 8 u
3.0855 3.27527 8 u
3.08723 3.28192 8 u
3.089 3.28863 8 u
3.09081 3.2954 8 u
3.09266 3.30222 8 u
3.09455 3.3091 8 u
3.09649 3.31603 8 u
3.09846 3.32302 8 u
3.10048 3.33007 8 u
3.10254 3.33717 8 u
3.10465 3.34433 8 u
3.10679 3.35154 8 u
3.10891 3.3588 8 u
3.11093 3.3661 8 u
3.11285 3.37343 8 u
3.11468 3.38079 8 u
3.11642 3.38819 8 u
3.11805 3.39563 8 u
3.1196 3.4031 8 u
3.12104 3.41061 8 u
3.12239 3.41816 8 u
3.12365 3.42573 8 u
3.12481 3.43335 8 u
3.12587 3.441 8 u
3.12684 3.44868 8 u
3.12771 3.4564 8 u
3.12849 3.46416 8 u
3.12917 3.47195 8 u
3.12975 3.47977 8 u
3.13024 3.48764 8 u
3.13063 3.49553 8 u
3.13093 3.50347 8 u
3.13113 3.51143 8 u
3.13124 3.51944 8 u
3.13125 3.52747 8 u
3.13117 3.53555 8 u
3.13098 3.54366 8 u
3.13071 3.5518 8 u
3.13034 3.55998 8 u
3.12987 3.5682 8 u
3.1293 3.57645 8 u
3.12864 3.58473 8 u
3.12789 3.59306 8 u
3.12704 3.60141 8 u
3.12609 3.6098 8 u
3.12505 3.61823 8 u
3.12391 3.62669 8 u
3.12267 3.63519 8 u
3.12134 3.64373 8 u
3.11992 3.6523 8 u
3.1184 3.6609 8 u
3.11678 3.66954 8 u

2.62301 3.22343 8 v
2.62839 3.22197 8 v
2.63377 3.22051 8 v
2.63915 3.21906 8 v
2.64454 3.2176 8 v
2.64992 3.21614 8 v
2.6553 3.21468 8 v
2.66068 3.21322 8 v
2.66606 3.21177 8 v
2.67144 3.21031 8 v
2.67682 3.20885 8 v
2.68221 3.20739 8 v
2.68759 3.20593 8 v
2.69297 3.20448 8 v
2.69835 3.20302 8 v
2.70373 3.20156 8 v
2.70911 3.2001 8 v
2.71449 3.19864 8 v
2.71988 3.19719 8 v
2.72526 3.19573 8 v
2.73064 3.19427 8 v
2.73602 3.19281 8 v
2.7414 3.19135 8 v
2.74678 3.1899 8 v
2.75216 3.18844 8 v
2.75755 3.18698 8 v
2.76293 3.18552 8 v
2.76831 3.18406 8 v
2.77369 3.18261 8 v
2.77907 3.18115 8 v
2.78445 3.17969 8 v
2.78983 3.17823 8 v
2.79521 3.17677 8 v
2.8006 3.17532 8 v
2.80598 3.17386 8 v
2.81136 3.1724 8 v
2.81674 3.17094 8 v
2.82212 3.16948 8 v
2.8275 3.16803 8 v
2.83288 3.16657 8 v
2.83826 3.16511 8 v
2.84365 3.16365 8 v
2.84903 3.16219 8 v
2.85441 3.16074 8 v
2.85979 3.15928 8 v
2.86517 3.15782 8 v
2.87055 3.15636 8 v
2.87593 3.1549 8 v
2.88131 3.15345 8 v
2.8867 3.15199 8 v
2.89208 3.15053 8 v
2.89746 3.14907 8 v
2.90284 3.14761 8 v
2.90822 3.14616 8 v
2.9136 3.1447 8 v
2.91898 3.14324 8 v
2.92436 3.14178 8 v
2.92975 3.14032 8 v
2.93513 3.13887 8 v
2.94051 3.13741 8 v
2.94589 3.13595 8 v
2.95127 3.13449 8 v
2.95665 3.13303 8 v
2.96203 3.13158 8 v
2.96741 3.13012 8 v
2.97279 3.12866 8 v
2.97818 3.1272 8 v
2.98356 3.12574 8 v
2.98894 3.12429 8 v
2.99432 3.12283 8 v
2.9997 3.12137 8 v
3.00508 3.11991 8 v
3.01046 3.11845 8 v
3.01584 3.117 8 v
3.02122 3.11554 8 v
3.0266 3.11408 8 v
3.03199 3.11262 8 v
3.03737 3.11116 8 v
3.04275 3.10971 8 v
3.04813 3.10825 8 v
3.05351 3.10679 8 v

2.70391 3.29029 8 v
2.7084 3.28954 8 v
2.71289 3.28879 8 v
2.71739 3.28803 8 v
2.7219 3.28726 8 v
2.72641 3.28648 8 v
2.73092 3.28569 8 v
2.73545 3.2849 8 v
2.73997 3.2841 8 v
2.74451 3.28329 8 v
2.74905 3.28247 8 v
2.75359 3.28165 8 v
2.75814 3.28081 8 v
2.7627 3.27997 8 v
2.76726 3.27912 8 v
2.77183 3.27827 8 v
2.7764 3.2774 8 v
2.78098 3.27653 8 v
2.78556 3.27564 8 v
2.79015 3.27476 8 v
2.79475 3.27386 8 v
2.79935 3.27295 8 v
2.80396 3.27204 8 v
2.80857 3.27112 8 v
2.81319 3.27019 8 v
2.81781 3.26925 8 v
2.82245 3.2683 8 v
2.82708 3.26735 8 v
2.83172 3.26639 8 v
2.83637 3.26542 8 v
2.84102 3.26444 8 v
2.84568 3.26346 8 v
2.85035 3.26246 8 v
2.85502 3.26146 8 v
2.85969 3.26045 8 v
2.86437 3.25943 8 v
2.86906 3.25841 8 v
2.87375 3.25738 8 v
2.87845 3.25633 8 v
2.88316 3.25528 8 v
2.88787 3.25423 8 v
2.89258 3.25317 8 v
2.89728 3.25212 8 v
2.90198 3.25108 8 v
2.90667 3.25004 8 v
2.91136 3.24901 8 v
2.91604 3.24799 8 v
2.92072 3.24698 8 v
2.92539 3.24598 8 v
2.93005 3.24498 8 v
2.93471 3.24399 8 v
2.93936 3.24301 8 v
2.94401 3.24204 8 v
2.94865 3.24108 8 v
2.95329 3.24012 8 v
2.95792 3.23917 8 v
2.96254 3.23823 8 v
2.96716 3.23729 8 v
2.97177 3.23637 8 v
2.97638 3.23545 8 v
2.98098 3.23453 8 v
2.98558 3.23363 8 v
2.99017 3.23274 8 v
2.99476 3.23185 8 v
2.99933 3.23097 8 v
3.00391 3.23009 8 v
3.00848 3.22923 8 v
3.01304 3.22837 8 v
3.01759 3.22752 8 v
3.02214 3.22668 8 v
3.02669 3.22585 8 v
3.03123 3.22502 8 v
3.03576 3.2242 8 v
3.04029 3.22339 8 v
3.04481 3.22259 8 v
3.04933 3.22179 8 v
3.05384 3.221 8 v
3.05834 3.22022 8 v
3.06284 3.21945 8 v
3.06734 3.21868 8 v
3.07182 3.21793 8 v

2.76119 3.37675 8 v
2.76555 3.37622 8 v
2.7699 3.37571 8 v
2.77425 3.3752 8 v
2.77859 3.37471 8 v
2.78294 3.37422 8 v
2.78728 3.37374 8 v
2.79163 3.37328 8 v
2.79597 3.37282 8 v
2.80031 3.37238 8 v
2.80464 3.37194 8 v
2.80898 3.37151 8 v
2.81331 3.3711 8 v
2.81765 3.37069 8 v
2.82198 3.37029 8 v
2.82631 3.36991 8 v
2.83063 3.36953 8 v
2.83496 3.36917 8 v
2.83928 3.36881 8 v
2.84361 3.36846 8 v
2.84793 3.36813 8 v
2.85225 3.3678 8 v
2.85656 3.36748 8 v
2.86088 3.36718 8 v
2.86519 3.36688 8 v
2.8695 3.36659 8 v
2.87382 3.36632 8 v
2.87812 3.36605 8 v
2.88243 3.36579 8 v
2.88674 3.36555 8 v
2.89104 3.36531 8 v
2.89534 3.36508 8 v
2.89964 3.36487 8 v
2.90394 3.36466 8 v
2.90824 3.36447 8 v
2.91254 3.36428 8 v
2.91683 3.3641 8 v
2.92112 3.36394 8 v
2.92541 3.36378 8 v
2.9297 3.36363 8 v
2.93399 3.36349 8 v
2.93828 3.36336 8 v
2.94257 3.36321 8 v
2.94686 3.36306 8 v
2.95115 3.3629 8 v
2.95544 3.36273 8 v
2.95974 3.36255 8 v
2.96404 3.36237 8 v
2.96834 3.36217 8 v
2.97264 3.36197 8 v
2.97694 3.36176 8 v
2.98124 3.36154 8 v
2.98555 3.36131 8 v
2.98986 3.36108 8 v
2.99417 3.36083 8 v
2.99848 3.36058 8 v
3.00279 3.36032 8 v
3.0071 3.36005 8 v
3.01142 3.35977 8 v
3.01574 3.35948 8 v
3.02006 3.35919 8 v
3.02438 3.35889 8 v
3.0287 3.35857 8 v
3.03302 3.35825 8 v
3.03735 3.35793 8 v
3.04168 3.35759 8 v
3.04601 3.35725 8 v
3.05034 3.35689 8 v
3.05467 3.35653 8 v
3.059 3.35616 8 v
3.06334 3.35578 8 v
3.06768 3.3554 8 v
3.07202 3.355 8 v
3.07636 3.3546 8 v
3.0807 3.35419 8 v
3.08504 3.35377 8 v
3.08939 3.35334 8 v
3.09374 3.3529 8 v
3.09809 3.35246 8 v
3.10244 3.352 8 v
3.10679 3.35154 8 v

2.78941 3.47956 8 v
2.79384 3.47939 8 v
2.79826 3.47923 8 v
2.80268 3.4791 8 v
2.80708 3.47899 8 v
2.81148 3.47891 8 v
2.81586 3.47885 8 v
2.82024 3.47881 8 v
2.82462 3.47879 8 v
2.82898 3.4788 8 v
2.83333 3.47883 8 v
2.83768 3.47888 8 v
2.84202 3.47896 8 v
2.84635 3.47906 8 v
2.85067 3.47918 8 v
2.85499 3.47932 8 v
2.85929 3.47949 8 v
2.86359 3.47968 8 v
2.86788 3.4799 8 v
2.87216 3.48013 8 v
2.87643 3.48039 8 v
2.8807 3.48068 8 v
2.88496 3.48098 8 v
2.8892 3.48131 8 v
2.89344 3.48166 8 v
2.89768 3.48204 8 v
2.9019 3.48244 8 v
2.90612 3.48286 8 v
2.91032 3.4833 8 v
2.91452 3.48377 8 v
2.91871 3.48426 8 v
2.9229 3.48477 8 v
2.92707 3.48531 8 v
2.93124 3.48586 8 v
2.9354 3.48645 8 v
2.93955 3.48705 8 v
2.94369 3.48768 8 v
2.94782 3.48833 8 v
2.95195 3.489 8 v
2.95606 3.4897 8 v
2.96017 3.49042 8 v
2.96428 3.49114 8 v
2.9684 3.49184 8 v
2.97253 3.49252 8 v
2.97666 3.49318 8 v
2.9808 3.49382 8 v
2.98495 3.49444 8 v
2.98911 3.49504 8 v
2.99328 3.49562 8 v
2.99745 3.49618 8 v
3.00163 3.49672 8 v
3.00582 3.49724 8 v
3.01002 3.49773 8 v
3.01423 3.49821 8 v
3.01845 3.49867 8 v
3.02267 3.49911 8 v
3.0269 3.49952 8 v
3.03114 3.49992 8 v
3.03539 3.5003 8 v
3.03965 3.50065 8 v
3.04391 3.50099 8 v
3.04819 3.50131 8 v
3.05247 3.5016 8 v
3.05676 3.50188 8 v
3.06105 3.50213 8 v
3.06536 3.50237 8 v
3.06967 3.50258 8 v
3.074 3.50278 8 v
3.07833 3.50295 8 v
3.08267 3.50311 8 v
3.08701 3.50324 8 v
3.09137 3.50335 8 v
3.09573 3.50345 8 v
3.1001 3.50352 8 v
3.10448 3.50357 8 v
3.10887 3.50361 8 v
3.11327 3.50362 8 v
3.11767 3.50361 8 v
3.12208 3.50358 8 v
3.1265 3.50353 8 v
3.13093 3.50347 8 v

2.78312 3.59546 8 v
2.78729 3.59639 8 v
2.79146 3.59731 8 v
2.79563 3.59824 8 v
2.7998 3.59916 8 v
2.80397 3.60009 8 v
2.80815 3.60102 8 v
2.81232 3.60194 8 v
2.81649 3.60287 8 v
2.82066 3.60379 8 v
2.82483 3.60472 8 v
2.829 3.60565 8 v
2.83317 3.60657 8 v
2.83734 3.6075 8 v
2.84151 3.60842 8 v
2.84568 3.60935 8 v
2.84986 3.61028 8 v
2.85403 3.6112 8 v
2.8582 3.61213 8 v
2.86237 3.61305 8 v
2.86654 3.61398 8 v
2.87071 3.61491 8 v
2.87488 3.61583 8 v
2.87905 3.61676 8 v
2.88322 3.61768 8 v
2.88739 3.61861 8 v
2.89156 3.61954 8 v
2.89573 3.62046 8 v
2.89991 3.62139 8 v
2.90408 3.62231 8 v
2.90825 3.62324 8 v
2.91242 3.62417 8 v
2.91659 3.62509 8 v
2.92076 3.62602 8 v
2.92493 3.62694 8 v
2.9291 3.62787 8 v
2.93327 3.6288 8 v
2.93744 3.62972 8 v
2.94161 3.63065 8 v
2.94578 3.63157 8 v
2.94996 3.6325 8 v
2.95413 3.63343 8 v
2.9583 3.63435 8 v
2.96247 3.63528 8 v
2.96664 3.6362 8 v
2.97081 3.63713 8 v
2.97498 3.63806 8 v
2.97915 3.63898 8 v
2.98332 3.63991 8 v
2.98749 3.64083 8 v
2.99166 3.64176 8 v
2.99583 3.64269 8 v
3 3.64361 8 v
3.00417 3.64454 8 v
3.00834 3.64546 8 v
3.01252 3.64639 8 v
3.01669 3.64732 8 v
3.02086 3.64824 8 v
3.02503 3.64917 8 v
3.0292 3.65009 8 v
3.03337 3.65102 8 v
3.03754 3.65195 8 v
3.04171 3.65287 8 v
3.04588 3.6538 8 v
3.05005 3.65472 8 v
3.05422 3.65565 8 v
3.05839 3.65658 8 v
3.06256 3.6575 8 v
3.06673 3.65843 8 v
3.0709 3.65935 8 v
3.07507 3.66028 8 v
3.07925 3.66121 8 v
3.08342 3.66213 8 v
3.08759 3.66306 8 v
3.09176 3.66398 8 v
3.09593 3.66491 8 v
3.1001 3.66584 8 v
3.10427 3.66676 8 v
3.10844 3.66769 8 v
3.11261 3.66861 8 v
3.11678 3.66954 8 v

0.825813 3.1301 9 u
0.823032 3.13628 9 u
0.820301 3.14243 9 u
0.817621 3.14857 9 u
0.81499 3.15469 9 u
0.812408 3.16079 9 u
0.809877 3.16687 9 u
0.807396 3.17294 9 u
0.804964 3.17898 9 u
0.802583 3.18501 9 u
0.800251 3.19101 9 u
0.797969 3.197 9 u
0.795737 3.20297 9 u
0.793555 3.20892 9 u
0.791423 3.21485 9 u
0.789341 3.22077 9 u
0.787309 3.22666 9 u
0.785326 3.23254 9 u
0.783394 3.23839 9 u
0.781511 3.24423 9 u
0.779678 3.25005 9 u
0.777895 3.25585 9 u
0.776162 3.26163 9 u
0.774479 3.2674 9 u
0.772846 3.27314 9 u
0.771263 3.27887 9 u
0.769729 3.28457 9 u
0.768246 3.29026 9 u
0.766812 3.29593 9 u
0.765428 3.30158 9 u
0.764095 3.30721 9 u
0.762811 3.31283 9 u
0.761577 3.31842 9 u
0.760392 3.324 9 u
0.759258 3.32955 9 u
0.758174 3.33509 9 u
0.757139 3.34061 9 u
0.756155 3.34611 9 u
0.75522 3.35159 9 u
0.754335 3.35706 9 u
0.7535 3.3625 9 u
0.752715 3.36796 9 u
0.75198 3.37348 9 u
0.751295 3.37906 9 u
0.750661 3.38469 9 u
0.750076 3.39038 9 u
0.749541 3.39612 9 u
0.749057 3.40192 9 u
0.748623 3.40778 9 u
0.748238 3.41369 9 u
0.747904 3.41966 9 u
0.74762 3.42569 9 u
0.747386 3.43177 9 u
0.747202 3.4379 9 u
0.747068 3.4441 9 u
0.746984 3.45035 9 u
0.746951 3.45666 9 u
0.746967 3.46302 9 u
0.747033 3.46944 9 u
0.74715 3.47591 9 u
0.747316 3.48244 9 u
0.747533 3.48903 9 u
0.7478 3.49567 9 u
0.748117 3.50237 9 u
0.748484 3.50913 9 u
0.748901 3.51594 9 u
0.749368 3.52281 9 u
0.749885 3.52973 9 u
0.750452 3.53672 9 u
0.75107 3.54375 9 u
0.751737 3.55085 9 u
0.752455 3.558 9 u
0.753222 3.5652 9 u
0.75404 3.57246 9 u
0.754908 3.57978 9 u
0.755826 3.58716 9 u
0.756793 3.59459 9 u
0.757811 3.60207 9 u
0.75888 3.60962 9 u
0.759998 3.61721 9 u
0.761166 3.62487 9 u

0.709267 3.11262 9 u
0.706973 3.11844 9 u
0.704716 3.12425 9 u
0.702497 3.13005 9 u
0.700316 3.13583 9 u
0.698172 3.14161 9 u
0.696065 3.14737 9 u
0.693996 3.15313 9 u
0.691964 3.15887 9 u
0.689969 3.1646 9 u
0.688013 3.17031 9 u
0.686093 3.17602 9 u
0.684211 3.18172 9 u
0.682366 3.1874 9 u
0.680559 3.19307 9 u
0.67879 3.19873 9 u
0.677058 3.20438 9 u
0.675363 3.21002 9 u
0.673706 3.21564 9 u
0.672086 3.22126 9 u
0.670503 3.22686 9 u
0.668958 3.23245 9 u
0.667451 3.23803 9 u
0.665981 3.2436 9 u
0.664548 3.24916 9 u
0.663153 3.25471 9 u
0.661796 3.26024 9 u
0.660475 3.26576 9 u
0.659193 3.27127 9 u
0.657947 3.27677 9 u
0.65674 3.28226 9 u
0.655569 3.28774 9 u
0.654436 3.2932 9 u
0.653341 3.29866 9 u
0.652283 3.3041 9 u
0.651262 3.30953 9 u
0.650279 3.31495 9 u
0.649333 3.32036 9 u
0.648425 3.32576 9 u
0.647555 3.33114 9 u
0.646721 3.33652 9 u
0.645925 3.3419 9 u
0.645163 3.34734 9 u
0.644438 3.35281 9 u
0.643748 3.35833 9 u
0.643094 3.36389 9 u
0.642476 3.36949 9 u
0.641893 3.37513 9 u
0.641346 3.38082 9 u
0.640835 3.38655 9 u
0.640359 3.39232 9 u
0.639919 3.39814 9 u
0.639515 3.404 9 u
0.639146 3.4099 9 u
0.638813 3.41584 9 u
0.638516 3.42182 9 u
0.638255 3.42785 9 u
0.638029 3.43392 9 u
0.637838 3.44003 9 u
0.637684 3.44619 9 u
0.637565 3.45239 9 u
0.637482 3.45863 9 u
0.637434 3.46491 9 u
0.637422 3.47124 9 u
0.637446 3.4776 9 u
0.637506 3.48401 9 u
0.637601 3.49047 9 u
0.637732 3.49696 9 u
0.637898 3.5035 9 u
0.6381 3.51008 9 u
0.638338 3.51671 9 u
0.638612 3.52337 9 u
0.638921 3.53008 9 u
0.639266 3.53683 9 u
0.639646 3.54362 9 u
0.640063 3.55046 9 u
0.640515 3.55734 9 u
0.641002 3.56426 9 u
0.641525 3.57122 9 u
0.642084 3.57823 9 u
0.642679 3.58528 9 u

0.592721 3.09513 9 u
0.590999 3.10081 9 u
0.5893 3.10647 9 u
0.587624 3.11213 9 u
0.585971 3.11777 9 u
0.584341 3.12341 9 u
0.582733 3.12904 9 u
0.581148 3.13466 9 u
0.579586 3.14027 9 u
0.578047 3.14587 9 u
0.576531 3.15146 9 u
0.575037 3.15704 9 u
0.573566 3.16262 9 u
0.572118 3.16818 9 u
0.570693 3.17374 9 u
0.569291 3.17929 9 u
0.567912 3.18482 9 u
0.566555 3.19035 9 u
0.565221 3.19587 9 u
0.56391 3.20138 9 u
0.562622 3.20689 9 u
0.561357 3.21238 9 u
0.560114 3.21786 9 u
0.558894 3.22334 9 u
0.557697 3.22881 9 u
0.556523 3.23426 9 u
0.555372 3.23971 9 u
0.554244 3.24515 9 u
0.553138 3.25058 9 u
0.552055 3.256 9 u
0.550995 3.26141 9 u
0.549958 3.26682 9 u
0.548944 3.27221 9 u
0.547952 3.2776 9 u
0.546983 3.28297 9 u
0.546037 3.28834 9 u
0.545114 3.2937 9 u
0.544214 3.29905 9 u
0.543336 3.30439 9 u
0.542482 3.30972 9 u
0.54165 3.31504 9 u
0.540842 3.32038 9 u
0.540057 3.32575 9 u
0.539296 3.33115 9 u
0.538559 3.33659 9 u
0.537847 3.34207 9 u
0.537158 3.34758 9 u
0.536492 3.35312 9 u
0.535851 3.3587 9 u
0.535234 3.36432 9 u
0.534641 3.36996 9 u
0.534071 3.37565 9 u
0.533525 3.38137 9 u
0.533004 3.38712 9 u
0.532506 3.39291 9 u
0.532032 3.39873 9 u
0.531582 3.40459 9 u
0.531156 3.41048 9 u
0.530754 3.41641 9 u
0.530375 3.42238 9 u
0.530021 3.42837 9 u
0.52969 3.43441 9 u
0.529384 3.44047 9 u
0.529101 3.44658 9 u
0.528842 3.45271 9 u
0.528607 3.45888 9 u
0.528396 3.46509 9 u
0.528209 3.47133 9 u
0.528045 3.47761 9 u
0.527906 3.48392 9 u
0.527791 3.49027 9 u
0.527699 3.49665 9 u
0.527631 3.50307 9 u
0.527587 3.50952 9 u
0.527568 3.516 9 u
0.527572 3.52252 9 u
0.527599 3.52908 9 u
0.527651 3.53567 9 u
0.527727 3.54229 9 u
0.527827 3.54895 9 u
0.52795 3.55565 9 u

0.476175 3.07765 9 u
0.474982 3.0833 9 u
0.473798 3.08894 9 u
0.472622 3.09457 9 u
0.471454 3.1002 9 u
0.470295 3.10582 9 u
0.469143 3.11144 9 u
0.468 3.11704 9 u
0.466865 3.12264 9 u
0.465739 3.12824 9 u
0.46462 3.13382 9 u
0.46351 3.13941 9 u
0.462408 3.14498 9 u
0.461314 3.15055 9 u
0.460228 3.15611 9 u
0.45915 3.16166 9 u
0.458081 3.16721 9 u
0.45702 3.17275 9 u
0.455967 3.17828 9 u
0.454922 3.18381 9 u
0.453886 3.18933 9 u
0.452857 3.19484 9 u
0.451837 3.20035 9 u
0.450825 3.20585 9 u
0.449822 3.21134 9 u
0.448826 3.21683 9 u
0.447839 3.22231 9 u
0.44686 3.22778 9 u
0.445889 3.23325 9 u
0.444926 3.23871 9 u
0.443972 3.24416 9 u
0.443026 3.24961 9 u
0.442088 3.25505 9 u
0.441158 3.26048 9 u
0.440236 3.26591 9 u
0.439323 3.27133 9 u
0.438418 3.27674 9 u
0.43752 3.28215 9 u
0.436632 3.28755 9 u
0.435751 3.29294 9 u
0.434879 3.29832 9 u
0.434016 3.30372 9 u
0.433165 3.30915 9 u
0.432326 3.3146 9 u
0.431499 3.32008 9 u
0.430683 3.32559 9 u
0.429878 3.33112 9 u
0.429086 3.33669 9 u
0.428305 3.34228 9 u
0.427536 3.3479 9 u
0.426778 3.35355 9 u
0.426032 3.35923 9 u
0.425298 3.36493 9 u
0.424575 3.37066 9 u
0.423864 3.37642 9 u
0.423164 3.38221 9 u
0.422477 3.38803 9 u
0.421801 3.39387 9 u
0.421136 3.39974 9 u
0.420483 3.40564 9 u
0.419842 3.41157 9 u
0.419213 3.41753 9 u
0.418595 3.42351 9 u
0.417989 3.42952 9 u
0.417394 3.43556 9 u
0.416811 3.44163 9 u
0.41624 3.44773 9 u
0.41568 3.45385 9 u
0.415132 3.46 9 u
0.414596 3.46618 9 u
0.414071 3.47239 9 u
0.413558 3.47862 9 u
0.413057 3.48489 9 u
0.412567 3.49118 9 u
0.412089 3.4975 9 u
0.411623 3.50385 9 u
0.411168 3.51022 9 u
0.410725 3.51662 9 u
0.410293 3.52306 9 u
0.409873 3.52952 9 u
0.409465 3.536 9 u

0.359628 3.06017 9 u
0.358793 3.06583 9 u
0.357955 3.07149 9 u
0.357112 3.07715 9 u
0.356265 3.08281 9 u
0.355414 3.08847 9 u
0.354558 3.09414 9 u
0.353699 3.0998 9 u
0.352835 3.10546 9 u
0.351967 3.11112 9 u
0.351095 3.11678 9 u
0.350219 3.12244 9 u
0.349339 3.1281 9 u
0.348454 3.13376 9 u
0.347566 3.13942 9 u
0.346673 3.14508 9 u
0.345776 3.15075 9 u
0.344875 3.15641 9 u
0.343969 3.16207 9 u
0.34306 3.16773 9 u
0.342146 3.17339 9 u
0.341229 3.17905 9 u
0.340307 3.18471 9 u
0.339381 3.19037 9 u
0.33845 3.19603 9 u
0.337516 3.20169 9 u
0.336577 3.20735 9 u
0.335634 3.21301 9 u
0.334687 3.21868 9 u
0.333736 3.22434 9 u
0.332781 3.23 9 u
0.331822 3.23566 9 u
0.330858 3.24132 9 u
0.32989 3.24698 9 u
0.328918 3.25264 9 u
0.327942 3.2583 9 u
0.326962 3.26396 9 u
0.325978 3.26962 9 u
0.324989 3.27528 9 u
0.323996 3.28094 9 u
0.322999 3.2866 9 u
0.321998 3.29227 9 u
0.320993 3.29796 9 u
0.319984 3.30366 9 u
0.31897 3.30938 9 u
0.317953 3.31512 9 u
0.316931 3.32087 9 u
0.315905 3.32664 9 u
0.314875 3.33242 9 u
0.31384 3.33823 9 u
0.312802 3.34405 9 u
0.311759 3.34988 9 u
0.310712 3.35573 9 u
0.309661 3.3616 9 u
0.308606 3.36749 9 u
0.307547 3.37339 9 u
0.306483 3.37931 9 u
0.305416 3.38524 9 u
0.304344 3.3912 9 u
0.303268 3.39717 9 u
0.302188 3.40315 9 u
0.301103 3.40915 9 u
0.300015 3.41517 9 u
0.298922 3.42121 9 u
0.297825 3.42726 9 u
0.296725 3.43333 9 u
0.295619 3.43941 9 u
0.29451 3.44552 9 u
0.293397 3.45164 9 u
0.292279 3.45777 9 u
0.291157 3.46392 9 u
0.290031 3.47009 9 u
0.288901 3.47628 9 u
0.287767 3.48248 9 u
0.286629 3.4887 9 u
0.285486 3.49493 9 u
0.28434 3.50119 9 u
0.283189 3.50745 9 u
0.282034 3.51374 9 u
0.280874 3.52004 9 u
0.279711 3.52636 9 u

0.825813 3.1301 9 v
0.819986 3.12923 9 v
0.814158 3.12835 9 v
0.808331 3.12748 9 v
0.802504 3.1266 9 v
0.796676 3.12573 9 v
0.790849 3.12486 9 v
0.785022 3.12398 9 v
0.779195 3.12311 9 v
0.773367 3.12223 9 v
0.76754 3.12136 9 v
0.761713 3.12049 9 v
0.755885 3.11961 9 v
0.750058 3.11874 9 v
0.744231 3.11786 9 v
0.738403 3.11699 9 v
0.732576 3.11612 9 v
0.726749 3.11524 9 v
0.720922 3.11437 9 v
0.715094 3.11349 9 v
0.709267 3.11262 9 v
0.70344 3.11174 9 v
0.697612 3.11087 9 v
0.691785 3.11 9 v
0.685958 3.10912 9 v
0.68013 3.10825 9 v
0.674303 3.10737 9 v
0.668476 3.1065 9 v
0.662649 3.10563 9 v
0.656821 3.10475 9 v
0.650994 3.10388 9 v
0.645167 3.103 9 v
0.639339 3.10213 9 v
0.633512 3.10125 9 v
0.627685 3.10038 9 v
0.621857 3.09951 9 v
0.61603 3.09863 9 v
0.610203 3.09776 9 v
0.604376 3.09688 9 v
0.598548 3.09601 9 v
0.592721 3.09513 9 v
0.586894 3.09426 9 v
0.581066 3.09339 9 v
0.575239 3.09251 9 v
0.569412 3.09164 9 v
0.563584 3.09076 9 v
0.557757 3.08989 9 v
0.55193 3.08902 9 v
0.546103 3.08814 9 v
0.540275 3.08727 9 v
0.534448 3.08639 9 v
0.528621 3.08552 9 v
0.522793 3.08464 9 v
0.516966 3.08377 9 v
0.511139 3.0829 9 v
0.505311 3.08202 9 v
0.499484 3.08115 9 v
0.493657 3.08027 9 v
0.487829 3.0794 9 v
0.482002 3.07853 9 v
0.476175 3.07765 9 v
0.470347 3.07678 9 v
0.46452 3.0759 9 v
0.458693 3.07503 9 v
0.452865 3.07415 9 v
0.447038 3.07328 9 v
0.441211 3.07241 9 v
0.435383 3.07153 9 v
0.429556 3.07066 9 v
0.423729 3.06978 9 v
0.417901 3.06891 9 v
0.412074 3.06804 9 v
0.406247 3.06716 9 v
0.400419 3.06629 9 v
0.394592 3.06541 9 v
0.388765 3.06454 9 v
0.382937 3.06367 9 v
0.37711 3.06279 9 v
0.371283 3.06192 9 v
0.365455 3.06104 9 v
0.359628 3.06017 9 v

0.779678 3.25005 9 v
0.774189 3.24881 9 v
0.768703 3.24759 9 v
0.76322 3.24637 9 v
0.75774 3.24516 9 v
0.752263 3.24395 9 v
0.74679 3.24276 9 v
0.74132 3.24157 9 v
0.735853 3.24039 9 v
0.730389 3.23922 9 v
0.724929 3.23805 9 v
0.719472 3.2369 9 v
0.714018 3.23575 9 v
0.708567 3.23461 9 v
0.70312 3.23348 9 v
0.697676 3.23236 9 v
0.692235 3.23124 9 v
0.686797 3.23014 9 v
0.681363 3.22904 9 v
0.675931 3.22794 9 v
0.670503 3.22686 9 v
0.665079 3.22579 9 v
0.659657 3.22472 9 v
0.654239 3.22366 9 v
0.648824 3.22261 9 v
0.643412 3.22157 9 v
0.638003 3.22053 9 v
0.632598 3.2195 9 v
0.627196 3.21849 9 v
0.621797 3.21748 9 v
0.616401 3.21647 9 v
0.611009 3.21548 9 v
0.605619 3.21449 9 v
0.600233 3.21351 9 v
0.594851 3.21254 9 v
0.589471 3.21158 9 v
0.584095 3.21062 9 v
0.578722 3.20968 9 v
0.573352 3.20874 9 v
0.567985 3.20781 9 v
0.562622 3.20689 9 v
0.557257 3.20597 9 v
0.551884 3.20506 9 v
0.546503 3.20415 9 v
0.541115 3.20325 9 v
0.535719 3.20235 9 v
0.530316 3.20145 9 v
0.524906 3.20056 9 v
0.519488 3.19967 9 v
0.514062 3.19879 9 v
0.508629 3.19791 9 v
0.503189 3.19703 9 v
0.497741 3.19616 9 v
0.492285 3.19529 9 v
0.486822 3.19443 9 v
0.481351 3.19357 9 v
0.475873 3.19271 9 v
0.470388 3.19186 9 v
0.464895 3.19101 9 v
0.459394 3.19017 9 v
0.453886 3.18933 9 v
0.44837 3.18849 9 v
0.442847 3.18766 9 v
0.437316 3.18683 9 v
0.431778 3.18601 9 v
0.426232 3.18519 9 v
0.420679 3.18438 9 v
0.415119 3.18357 9 v
0.40955 3.18276 9 v
0.403975 3.18196 9 v
0.398391 3.18116 9 v
0.392801 3.18036 9 v
0.387203 3.17957 9 v
0.381597 3.17878 9 v
0.375984 3.178 9 v
0.370363 3.17722 9 v
0.364735 3.17645 9 v
0.359099 3.17568 9 v
0.353455 3.17491 9 v
0.347805 3.17415 9 v
0.342146 3.17339 9 v

0.7535 3.3625 9 v
0.748121 3.36109 9 v
0.742745 3.3597 9 v
0.737374 3.35831 9 v
0.732008 3.35694 9 v
0.726645 3.35558 9 v
0.721287 3.35423 9 v
0.715933 3.35289 9 v
0.710584 3.35156 9 v
0.705238 3.35025 9 v
0.699897 3.34894 9 v
0.69456 3.34765 9 v
0.689228 3.34637 9 v
0.6839 3.3451 9 v
0.678576 3.34384 9 v
0.673256 3.34259 9 v
0.66794 3.34135 9 v
0.662629 3.34013 9 v
0.657322 3.33891 9 v
0.65202 3.33771 9 v
0.646721 3.33652 9 v
0.641427 3.33533 9 v
0.636137 3.33417 9 v
0.630852 3.33301 9 v
0.62557 3.33186 9 v
0.620293 3.33072 9 v
0.615021 3.3296 9 v
0.609752 3.32849 9 v
0.604488 3.32739 9 v
0.599228 3.32629 9 v
0.593972 3.32522 9 v
0.588721 3.32415 9 v
0.583474 3.32309 9 v
0.578231 3.32204 9 v
0.572992 3.32101 9 v
0.567758 3.31999 9 v
0.562528 3.31898 9 v
0.557302 3.31798 9 v
0.55208 3.31699 9 v
0.546863 3.31601 9 v
0.54165 3.31504 9 v
0.536433 3.31409 9 v
0.531203 3.31315 9 v
0.52596 3.31222 9 v
0.520704 3.3113 9 v
0.515436 3.31039 9 v
0.510155 3.3095 9 v
0.504861 3.30862 9 v
0.499554 3.30776 9 v
0.494235 3.3069 9 v
0.488903 3.30606 9 v
0.483558 3.30523 9 v
0.4782 3.30441 9 v
0.47283 3.30361 9 v
0.467446 3.30281 9 v
0.46205 3.30204 9 v
0.456642 3.30127 9 v
0.45122 3.30051 9 v
0.445786 3.29977 9 v
0.440339 3.29904 9 v
0.434879 3.29832 9 v
0.429406 3.29762 9 v
0.423921 3.29693 9 v
0.418422 3.29625 9 v
0.412911 3.29558 9 v
0.407388 3.29493 9 v
0.401851 3.29428 9 v
0.396302 3.29365 9 v
0.39074 3.29304 9 v
0.385165 3.29243 9 v
0.379578 3.29184 9 v
0.373977 3.29126 9 v
0.368364 3.29069 9 v
0.362738 3.29014 9 v
0.3571 3.2896 9 v
0.351448 3.28907 9 v
0.345784 3.28855 9 v
0.340107 3.28804 9 v
0.334417 3.28755 9 v
0.328715 3.28707 9 v
0.322999 3.2866 9 v

0.747316 3.48244 9 v
0.741777 3.4808 9 v
0.736242 3.47916 9 v
0.730713 3.47755 9 v
0.72519 3.47595 9 v
0.719672 3.47436 9 v
0.714159 3.47279 9 v
0.708652 3.47124 9 v
0.703151 3.46969 9 v
0.697655 3.46817 9 v
0.692165 3.46666 9 v
0.68668 3.46516 9 v
0.681201 3.46368 9 v
0.675727 3.46222 9 v
0.670259 3.46077 9 v
0.664796 3.45933 9 v
0.659339 3.45791 9 v
0.653887 3.45651 9 v
0.648441 3.45512 9 v
0.643 3.45375 9 v
0.637565 3.45239 9 v
0.632135 3.45104 9 v
0.626711 3.44971 9 v
0.621293 3.4484 9 v
0.61588 3.4471 9 v
0.610472 3.44582 9 v
0.60507 3.44455 9 v
0.599673 3.44329 9 v
0.594282 3.44206 9 v
0.588897 3.44083 9 v
0.583517 3.43962 9 v
0.578143 3.43843 9 v
0.572774 3.43725 9 v
0.56741 3.43609 9 v
0.562052 3.43494 9 v
0.5567 3.43381 9 v
0.551353 3.43269 9 v
0.546012 3.43159 9 v
0.540676 3.4305 9 v
0.535346 3.42943 9 v
0.530021 3.42837 9 v
0.524689 3.42733 9 v
0.519339 3.42632 9 v
0.513971 3.42532 9 v
0.508583 3.42434 9 v
0.503177 3.42339 9 v
0.497752 3.42245 9 v
0.492309 3.42154 9 v
0.486846 3.42065 9 v
0.481366 3.41978 9 v
0.475866 3.41892 9 v
0.470348 3.4181 9 v
0.464811 3.41729 9 v
0.459255 3.4165 9 v
0.453681 3.41573 9 v
0.448088 3.41499 9 v
0.442476 3.41426 9 v
0.436846 3.41356 9 v
0.431196 3.41287 9 v
0.425529 3.41221 9 v
0.419842 3.41157 9 v
0.414137 3.41095 9 v
0.408413 3.41035 9 v
0.402671 3.40977 9 v
0.396909 3.40922 9 v
0.391129 3.40868 9 v
0.385331 3.40817 9 v
0.379513 3.40767 9 v
0.373677 3.4072 9 v
0.367823 3.40675 9 v
0.361949 3.40631 9 v
0.356057 3.4059 9 v
0.350147 3.40551 9 v
0.344217 3.40515 9 v
0.338269 3.4048 9 v
0.332302 3.40447 9 v
0.326317 3.40416 9 v
0.320312 3.40388 9 v
0.314289 3.40362 9 v
0.308248 3.40337 9 v
0.302188 3.40315 9 v

0.761166 3.62487 9 v
0.755152 3.62265 9 v
0.749148 3.62046 9 v
0.743153 3.6183 9 v
0.737168 3.61616 9 v
0.731192 3.61404 9 v
0.725225 3.61195 9 v
0.719268 3.60988 9 v
0.71332 3.60784 9 v
0.707382 3.60582 9 v
0.701453 3.60383 9 v
0.695533 3.60186 9 v
0.689623 3.59992 9 v
0.683722 3.598 9 v
0.677831 3.59611 9 v
0.671948 3.59424 9 v
0.666076 3.5924 9 v
0.660212 3.59058 9 v
0.654359 3.58879 9 v
0.648514 3.58702 9 v
0.642679 3.58528 9 v
0.636853 3.58356 9 v
0.631037 3.58187 9 v
0.62523 3.5802 9 v
0.619433 3.57856 9 v
0.613644 3.57694 9 v
0.607866 3.57535 9 v
0.602096 3.57378 9 v
0.596336 3.57223 9 v
0.590586 3.57071 9 v
0.584845 3.56922 9 v
0.579113 3.56775 9 v
0.573391 3.56631 9 v
0.567678 3.56489 9 v
0.561974 3.56349 9 v
0.55628 3.56212 9 v
0.550595 3.56078 9 v
0.54492 3.55946 9 v
0.539254 3.55816 9 v
0.533597 3.55689 9 v
0.52795 3.55565 9 v
0.522293 3.55443 9 v
0.516609 3.55324 9 v
0.510896 3.55207 9 v
0.505155 3.55092 9 v
0.499385 3.5498 9 v
0.493588 3.54871 9 v
0.487762 3.54764 9 v
0.481908 3.54659 9 v
0.476026 3.54557 9 v
0.470116 3.54458 9 v
0.464178 3.54361 9 v
0.458211 3.54266 9 v
0.452217 3.54174 9 v
0.446194 3.54085 9 v
0.440143 3.53998 9 v
0.434064 3.53913 9 v
0.427956 3.53831 9 v
0.421821 3.53752 9 v
0.415657 3.53675 9 v
0.409465 3.536 9 v
0.403245 3.53528 9 v
0.396997 3.53459 9 v
0.390721 3.53392 9 v
0.384416 3.53327 9 v
0.378083 3.53265 9 v
0.371722 3.53206 9 v
0.365333 3.53149 9 v
0.358916 3.53094 9 v
0.35247 3.53043 9 v
0.345997 3.52993 9 v
0.339495 3.52946 9 v
0.332965 3.52902 9 v
0.326407 3.5286 9 v
0.319821 3.5282 9 v
0.313206 3.52783 9 v
0.306563 3.52749 9 v
0.299893 3.52717 9 v
0.293194 3.52687 9 v
0.286466 3.5266 9 v
0.279711 3.52636 9 v

0.825813 3.1301 10 u
0.823032 3.13628 10 u
0.820301 3.14243 10 u
0.817621 3.14857 10 u
0.81499 3.15469 10 u
0.812408 3.16079 10 u
0.809877 3.16687 10 u
0.807396 3.17294 10 u
0.804964 3.17898 10 u
0.802583 3.18501 10 u
0.800251 3.19101 10 u
0.797969 3.197 10 u
0.795737 3.20297 10 u
0.793555 3.20892 10 u
0.791423 3.21485 10 u
0.789341 3.22077 10 u
0.787309 3.22666 10 u
0.785326 3.23254 10 u
0.783394 3.23839 10 u
0.781511 3.24423 10 u
0.779678 3.25005 10 u
0.777895 3.25585 10 u
0.776162 3.26163 10 u
0.774479 3.2674 10 u
0.772846 3.27314 10 u
0.771263 3.27887 10 u
0.769729 3.28457 10 u
0.768246 3.29026 10 u
0.766812 3.29593 10 u
0.765428 3.30158 10 u
0.764095 3.30721 10 u
0.762811 3.31283 10 u
0.761577 3.31842 10 u
0.760392 3.324 10 u
0.759258 3.32955 10 u
0.758174 3.33509 10 u
0.757139 3.34061 10 u
0.756155 3.34611 10 u
0.75522 3.35159 10 u
0.754335 3.35706 10 u
0.7535 3.3625 10 u
0.752715 3.36796 10 u
0.75198 3.37348 10 u
0.751295 3.37906 10 u
0.750661 3.38469 10 u
0.750076 3.39038 10 u
0.749541 3.39612 10 u
0.749057 3.40192 10 u
0.748623 3.40778 10 u
0.748238 3.41369 10 u
0.747904 3.41966 10 u
0.74762 3.42569 10 u
0.747386 3.43177 10 u
0.747202 3.4379 10 u
0.747068 3.4441 10 u
0.746984 3.45035 10 u
0.746951 3.45666 10 u
0.746967 3.46302 10 u
0.747033 3.46944 10 u
0.74715 3.47591 10 u
0.747316 3.48244 10 u
0.747533 3.48903 10 u
0.7478 3.49567 10 u
0.748117 3.50237 10 u
0.748484 3.50913 10 u
0.748901 3.51594 10 u
0.749368 3.52281 10 u
0.749885 3.52973 10 u
0.750452 3.53672 10 u
0.75107 3.54375 10 u
0.751737 3.55085 10 u
0.752455 3.558 10 u
0.753222 3.5652 10 u
0.75404 3.57246 10 u
0.754908 3.57978 10 u
0.755826 3.58716 10 u
0.756793 3.59459 10 u
0.757811 3.60207 10 u
0.75888 3.60962 10 u
0.759998 3.61721 10 u
0.761166 3.62487 10 u

0.937364 3.23395 10 u
0.935584 3.23734 10 u
0.933842 3.24072 10 u
0.932136 3.2441 10 u
0.930468 3.24747 10 u
0.928837 3.25083 10 u
0.927243 3.25419 10 u
0.925686 3.25755 10 u
0.924167 3.26089 10 u
0.922685 3.26424 10 u
0.92124 3.26757 10 u
0.919833 3.2709 10 u
0.918463 3.27423 10 u
0.91713 3.27755 10 u
0.915834 3.28086 10 u
0.914576 3.28417 10 u
0.913355 3.28747 10 u
0.912171 3.29076 10 u
0.911024 3.29405 10 u
0.909915 3.29734 10 u
0.908843 3.30062 10 u
0.907808 3.30389 10 u
0.906811 3.30716 10 u
0.905851 3.31042 10 u
0.904928 3.31367 10 u
0.904042 3.31692 10 u
0.903194 3.32017 10 u
0.902382 3.3234 10 u
0.901609 3.32664 10 u
0.900872 3.32986 10 u
0.900173 3.33308 10 u
0.899511 3.3363 10 u
0.898886 3.33951 10 u
0.898298 3.34271 10 u
0.897748 3.34591 10 u
0.897235 3.3491 10 u
0.896759 3.35228 10 u
0.896321 3.35546 10 u
0.89592 3.35864 10 u
0.895556 3.36181 10 u
0.895229 3.36497 10 u
0.89494 3.36814 10 u
0.894689 3.37133 10 u
0.894477 3.37455 10 u
0.894302 3.37779 10 u
0.894166 3.38105 10 u
0.894068 3.38434 10 u
0.894008 3.38764 10 u
0.893986 3.39097 10 u
0.894002 3.39433 10 u
0.894057 3.3977 10 u
0.894149 3.4011 10 u
0.89428 3.40452 10 u
0.894449 3.40797 10 u
0.894656 3.41143 10 u
0.894902 3.41492 10 u
0.895185 3.41844 10 u
0.895507 3.42197 10 u
0.895866 3.42553 10 u
0.896264 3.42911 10 u
0.8967 3.43271 10 u
0.897175 3.43634 10 u
0.897687 3.43999 10 u
0.898237 3.44366 10 u
0.898826 3.44735 10 u
0.899453 3.45107 10 u
0.900118 3.45481 10 u
0.900821 3.45857 10 u
0.901562 3.46236 10 u
0.902342 3.46616 10 u
0.90316 3.46999 10 u
0.904015 3.47385 10 u
0.904909 3.47772 10 u
0.905841 3.48162 10 u
0.906812 3.48554 10 u
0.90782 3.48949 10 u
0.908867 3.49346 10 u
0.909951 3.49745 10 u
0.911074 3.50146 10 u
0.912235 3.50549 10 u
0.913435 3.50955 10 u

1.0922 3.27245 10 u
1.09092 3.2753 10 u
1.08966 3.27813 10 u
1.08842 3.28097 10 u
1.08721 3.28379 10 u
1.08602 3.28661 10 u
1.08485 3.28942 10 u
1.08371 3.29223 10 u
1.08259 3.29503 10 u
1.0815 3.29782 10 u
1.08043 3.3006 10 u
1.07938 3.30338 10 u
1.07836 3.30615 10 u
1.07736 3.30892 10 u
1.07639 3.31168 10 u
1.07544 3.31443 10 u
1.07451 3.31718 10 u
1.0736 3.31992 10 u
1.07272 3.32265 10 u
1.07187 3.32538 10 u
1.07104 3.32809 10 u
1.07023 3.33081 10 u
1.06944 3.33351 10 u
1.06868 3.33621 10 u
1.06795 3.33891 10 u
1.06723 3.34159 10 u
1.06654 3.34427 10 u
1.06588 3.34694 10 u
1.06523 3.34961 10 u
1.06462 3.35227 10 u
1.06402 3.35492 10 u
1.06345 3.35757 10 u
1.06291 3.36021 10 u
1.06238 3.36284 10 u
1.06188 3.36547 10 u
1.06141 3.36809 10 u
1.06096 3.3707 10 u
1.06053 3.37331 10 u
1.06013 3.37591 10 u
1.05975 3.3785 10 u
1.05939 3.38109 10 u
1.05906 3.38368 10 u
1.05875 3.38628 10 u
1.05846 3.38891 10 u
1.05819 3.39154 10 u
1.05795 3.39419 10 u
1.05773 3.39686 10 u
1.05754 3.39954 10 u
1.05737 3.40224 10 u
1.05722 3.40495 10 u
1.05709 3.40768 10 u
1.05698 3.41042 10 u
1.0569 3.41318 10 u
1.05684 3.41595 10 u
1.05681 3.41874 10 u
1.05679 3.42155 10 u
1.0568 3.42437 10 u
1.05684 3.4272 10 u
1.05689 3.43005 10 u
1.05697 3.43291 10 u
1.05707 3.43579 10 u
1.0572 3.43869 10 u
1.05734 3.4416 10 u
1.05751 3.44452 10 u
1.0577 3.44746 10 u
1.05792 3.45042 10 u
1.05816 3.45339 10 u
1.05842 3.45638 10 u
1.0587 3.45938 10 u
1.05901 3.46239 10 u
1.05934 3.46542 10 u
1.05969 3.46847 10 u
1.06007 3.47153 10 u
1.06046 3.47461 10 u
1.06089 3.4777 10 u
1.06133 3.48081 10 u
1.0618 3.48393 10 u
1.06229 3.48707 10 u
1.0628 3.49022 10 u
1.06333 3.49339 10 u
1.06389 3.49658 10 u

1.24372 3.2764 10 u
1.24275 3.28004 10 u
1.24179 3.28366 10 u
1.24084 3.28727 10 u
1.23991 3.29087 10 u
1.23899 3.29447 10 u
1.23807 3.29805 10 u
1.23717 3.30163 10 u
1.23628 3.3052 10 u
1.2354 3.30876 10 u
1.23453 3.31231 10 u
1.23367 3.31585 10 u
1.23282 3.31939 10 u
1.23198 3.32291 10 u
1.23116 3.32643 10 u
1.23034 3.32993 10 u
1.22954 3.33343 10 u
1.22874 3.33692 10 u
1.22796 3.3404 10 u
1.22719 3.34387 10 u
1.22643 3.34733 10 u
1.22568 3.35079 10 u
1.22494 3.35423 10 u
1.22421 3.35767 10 u
1.22349 3.36109 10 u
1.22279 3.36451 10 u
1.22209 3.36792 10 u
1.22141 3.37132 10 u
1.22073 3.37471 10 u
1.22007 3.3781 10 u
1.21942 3.38147 10 u
1.21878 3.38483 10 u
1.21815 3.38819 10 u
1.21753 3.39154 10 u
1.21692 3.39488 10 u
1.21633 3.39821 10 u
1.21574 3.40153 10 u
1.21516 3.40484 10 u
1.2146 3.40814 10 u
1.21405 3.41144 10 u
1.2135 3.41472 10 u
1.21297 3.41801 10 u
1.21245 3.42131 10 u
1.21193 3.42463 10 u
1.21142 3.42796 10 u
1.21093 3.43131 10 u
1.21044 3.43466 10 u
1.20995 3.43804 10 u
1.20948 3.44142 10 u
1.20902 3.44482 10 u
1.20856 3.44824 10 u
1.20812 3.45167 10 u
1.20768 3.45511 10 u
1.20725 3.45857 10 u
1.20683 3.46204 10 u
1.20642 3.46553 10 u
1.20601 3.46903 10 u
1.20562 3.47254 10 u
1.20523 3.47607 10 u
1.20486 3.47961 10 u
1.20449 3.48317 10 u
1.20413 3.48674 10 u
1.20377 3.49032 10 u
1.20343 3.49392 10 u
1.2031 3.49753 10 u
1.20277 3.50116 10 u
1.20245 3.5048 10 u
1.20215 3.50845 10 u
1.20185 3.51212 10 u
1.20155 3.51581 10 u
1.20127 3.5195 10 u
1.201 3.52321 10 u
1.20073 3.52694 10 u
1.20048 3.53068 10 u
1.20023 3.53443 10 u
1.19999 3.5382 10 u
1.19976 3.54198 10 u
1.19954 3.54578 10 u
1.19932 3.54959 10 u
1.19912 3.55341 10 u
1.19892 3.55725 10 u

1.34528 3.27661 10 u
1.34478 3.28144 10 u
1.34427 3.28627 10 u
1.34377 3.2911 10 u
1.34326 3.29592 10 u
1.34276 3.30075 10 u
1.34225 3.30558 10 u
1.34175 3.31041 10 u
1.34124 3.31524 10 u
1.34074 3.32007 10 u
1.34023 3.32489 10 u
1.33973 3.32972 10 u
1.33923 3.33455 10 u
1.33872 3.33938 10 u
1.33822 3.34421 10 u
1.33771 3.34904 10 u
1.33721 3.35387 10 u
1.3367 3.35869 10 u
1.3362 3.36352 10 u
1.33569 3.36835 10 u
1.33519 3.37318 10 u
1.33468 3.37801 10 u
1.33418 3.38284 10 u
1.33367 3.38766 10 u
1.33317 3.39249 10 u
1.33267 3.39732 10 u
1.33216 3.40215 10 u
1.33166 3.40698 10 u
1.33115 3.41181 10 u
1.33065 3.41663 10 u
1.33014 3.42146 10 u
1.32964 3.42629 10 u
1.32913 3.43112 10 u
1.32863 3.43595 10 u
1.32812 3.44078 10 u
1.32762 3.4456 10 u
1.32711 3.45043 10 u
1.32661 3.45526 10 u
1.3261 3.46009 10 u
1.3256 3.46492 10 u
1.32509 3.46975 10 u
1.32459 3.47457 10 u
1.32409 3.4794 10 u
1.32358 3.48423 10 u
1.32308 3.48906 10 u
1.32257 3.49389 10 u
1.32207 3.49871 10 u
1.32156 3.50354 10 u
1.32106 3.50837 10 u
1.32055 3.5132 10 u
1.32005 3.51803 10 u
1.31954 3.52286 10 u
1.31904 3.52768 10 u
1.31853 3.53251 10 u
1.31803 3.53734 10 u
1.31752 3.54217 10 u
1.31702 3.547 10 u
1.31652 3.55183 10 u
1.31601 3.55665 10 u
1.31551 3.56148 10 u
1.315 3.56631 10 u
1.3145 3.57114 10 u
1.31399 3.57597 10 u
1.31349 3.5808 10 u
1.31298 3.58562 10 u
1.31248 3.59045 10 u
1.31197 3.59528 10 u
1.31147 3.60011 10 u
1.31096 3.60494 10 u
1.31046 3.60977 10 u
1.30996 3.6146 10 u
1.30945 3.61942 10 u
1.30895 3.62425 10 u
1.30844 3.62908 10 u
1.30794 3.63391 10 u
1.30743 3.63874 10 u
1.30693 3.64357 10 u
1.30642 3.64839 10 u
1.30592 3.65322 10 u
1.30541 3.65805 10 u
1.30491 3.66288 10 u

0.825813 3.1301 10 v
0.830362 3.13684 10 v
0.83502 3.14343 10 v
0.839786 3.14984 10 v
0.84466 3.1561 10 v
0.849643 3.16219 10 v
0.854733 3.16812 10 v
0.859932 3.17388 10 v
0.865239 3.17948 10 v
0.870654 3.18492 10 v
0.876178 3.19019 10 v
0.881809 3.1953 10 v
0.887549 3.20025 10 v
0.893397 3.20503 10 v
0.899354 3.20965 10 v
0.905418 3.21411 10 v
0.911591 3.21841 10 v
0.917872 3.22254 10 v
0.924261 3.2265 10 v
0.930759 3.23031 10 v
0.937364 3.23395 10 v
0.944078 3.23742 10 v
0.950901 3.24074 10 v
0.957831 3.24389 10 v
0.964869 3.24688 10 v
0.972016 3.2497 10 v
0.979271 3.25236 10 v
0.986635 3.25486 10 v
0.994106 3.25719 10 v
1.00169 3.25936 10 v
1.00937 3.26137 10 v
1.01717 3.26321 10 v
1.02507 3.26489 10 v
1.03309 3.26641 10 v
1.04121 3.26776 10 v
1.04944 3.26895 10 v
1.05777 3.26998 10 v
1.06622 3.27084 10 v
1.07477 3.27154 10 v
1.08343 3.27208 10 v
1.0922 3.27245 10 v
1.10097 3.27274 10 v
1.1096 3.27301 10 v
1.11812 3.27328 10 v
1.1265 3.27354 10 v
1.13477 3.27379 10 v
1.1429 3.27403 10 v
1.15092 3.27426 10 v
1.1588 3.27448 10 v
1.16657 3.27469 10 v
1.1742 3.2749 10 v
1.18172 3.27509 10 v
1.18911 3.27527 10 v
1.19637 3.27545 10 v
1.20351 3.27561 10 v
1.21052 3.27577 10 v
1.21741 3.27591 10 v
1.22417 3.27605 10 v
1.23081 3.27618 10 v
1.23733 3.2763 10 v
1.24372 3.2764 10 v
1.24998 3.2765 10 v
1.25612 3.27659 10 v
1.26213 3.27667 10 v
1.26802 3.27675 10 v
1.27379 3.27681 10 v
1.27943 3.27686 10 v
1.28495 3.2769 10 v
1.29034 3.27694 10 v
1.2956 3.27696 10 v
1.30074 3.27698 10 v
1.30576 3.27698 10 v
1.31065 3.27698 10 v
1.31541 3.27696 10 v
1.32006 3.27694 10 v
1.32457 3.27691 10 v
1.32896 3.27687 10 v
1.33323 3.27682 10 v
1.33737 3.27676 10 v
1.34139 3.27669 10 v
1.34528 3.27661 10 v

0.779678 3.25005 10 v
0.785352 3.25313 10 v
0.791108 3.25615 10 v
0.796947 3.25911 10 v
0.802869 3.26201 10 v
0.808873 3.26486 10 v
0.81496 3.26764 10 v
0.821129 3.27037 10 v
0.827381 3.27305 10 v
0.833715 3.27566 10 v
0.840132 3.27822 10 v
0.846632 3.28072 10 v
0.853214 3.28316 10 v
0.859878 3.28554 10 v
0.866626 3.28787 10 v
0.873455 3.29014 10 v
0.880368 3.29235 10 v
0.887363 3.2945 10 v
0.89444 3.2966 10 v
0.9016 3.29864 10 v
0.908843 3.30062 10 v
0.916168 3.30254 10 v
0.923576 3.3044 10 v
0.931067 3.30621 10 v
0.938639 3.30796 10 v
0.946295 3.30965 10 v
0.954033 3.31128 10 v
0.961854 3.31286 10 v
0.969757 3.31438 10 v
0.977743 3.31584 10 v
0.985811 3.31724 10 v
0.993962 3.31859 10 v
1.0022 3.31987 10 v
1.01051 3.3211 10 v
1.01891 3.32228 10 v
1.02739 3.32339 10 v
1.03596 3.32445 10 v
1.0446 3.32544 10 v
1.05333 3.32639 10 v
1.06214 3.32727 10 v
1.07104 3.32809 10 v
1.07991 3.3289 10 v
1.08867 3.32972 10 v
1.09732 3.33056 10 v
1.10585 3.33141 10 v
1.11426 3.33228 10 v
1.12255 3.33317 10 v
1.13073 3.33408 10 v
1.13879 3.335 10 v
1.14673 3.33593 10 v
1.15456 3.33689 10 v
1.16227 3.33786 10 v
1.16987 3.33884 10 v
1.17735 3.33985 10 v
1.18471 3.34087 10 v
1.19195 3.3419 10 v
1.19908 3.34296 10 v
1.20609 3.34403 10 v
1.21299 3.34511 10 v
1.21977 3.34621 10 v
1.22643 3.34733 10 v
1.23297 3.34847 10 v
1.2394 3.34962 10 v
1.24571 3.35079 10 v
1.25191 3.35197 10 v
1.25799 3.35317 10 v
1.26395 3.35439 10 v
1.2698 3.35563 10 v
1.27553 3.35688 10 v
1.28114 3.35815 10 v
1.28664 3.35943 10 v
1.29202 3.36073 10 v
1.29728 3.36205 10 v
1.30243 3.36338 10 v
1.30746 3.36473 10 v
1.31237 3.3661 10 v
1.31717 3.36748 10 v
1.32185 3.36888 10 v
1.32641 3.3703 10 v
1.33086 3.37173 10 v
1.33519 3.37318 10 v

0.7535 3.3625 10 v
0.760054 3.3623 10 v
0.766664 3.36213 10 v
0.773329 3.362 10 v
0.780051 3.3619 10 v
0.786829 3.36184 10 v
0.793663 3.36181 10 v
0.800554 3.36181 10 v
0.8075 3.36185 10 v
0.814502 3.36192 10 v
0.821561 3.36203 10 v
0.828675 3.36217 10 v
0.835846 3.36234 10 v
0.843072 3.36255 10 v
0.850355 3.3628 10 v
0.857694 3.36307 10 v
0.865089 3.36338 10 v
0.87254 3.36373 10 v
0.880047 3.36411 10 v
0.88761 3.36452 10 v
0.895229 3.36497 10 v
0.902904 3.36545 10 v
0.910636 3.36597 10 v
0.918423 3.36652 10 v
0.926267 3.3671 10 v
0.934166 3.36772 10 v
0.942122 3.36837 10 v
0.950134 3.36906 10 v
0.958201 3.36978 10 v
0.966325 3.37053 10 v
0.974505 3.37132 10 v
0.982741 3.37215 10 v
0.991033 3.373 10 v
0.999382 3.37389 10 v
1.00779 3.37482 10 v
1.01625 3.37578 10 v
1.02476 3.37677 10 v
1.03334 3.3778 10 v
1.04196 3.37886 10 v
1.05065 3.37996 10 v
1.05939 3.38109 10 v
1.0681 3.38226 10 v
1.07671 3.38349 10 v
1.08522 3.38477 10 v
1.09361 3.3861 10 v
1.1019 3.38749 10 v
1.11009 3.38893 10 v
1.11817 3.39043 10 v
1.12614 3.39198 10 v
1.134 3.39358 10 v
1.14176 3.39523 10 v
1.14941 3.39694 10 v
1.15696 3.3987 10 v
1.1644 3.40052 10 v
1.17173 3.40239 10 v
1.17896 3.40431 10 v
1.18608 3.40629 10 v
1.1931 3.40831 10 v
1.20001 3.4104 10 v
1.20681 3.41253 10 v
1.2135 3.41472 10 v
1.22009 3.41697 10 v
1.22658 3.41926 10 v
1.23295 3.42161 10 v
1.23922 3.42402 10 v
1.24539 3.42647 10 v
1.25145 3.42898 10 v
1.2574 3.43155 10 v
1.26324 3.43417 10 v
1.26898 3.43684 10 v
1.27461 3.43956 10 v
1.28014 3.44234 10 v
1.28556 3.44517 10 v
1.29087 3.44805 10 v
1.29608 3.45099 10 v
1.30118 3.45398 10 v
1.30618 3.45703 10 v
1.31107 3.46013 10 v
1.31585 3.46328 10 v
1.32053 3.46649 10 v
1.32509 3.46975 10 v

0.747316 3.48244 10 v
0.754525 3.4787 10 v
0.76176 3.47509 10 v
0.769024 3.47162 10 v
0.776314 3.46827 10 v
0.783632 3.46506 10 v
0.790978 3.46198 10 v
0.798351 3.45903 10 v
0.805752 3.45621 10 v
0.81318 3.45353 10 v
0.820635 3.45098 10 v
0.828118 3.44856 10 v
0.835628 3.44627 10 v
0.843166 3.44411 10 v
0.850731 3.44209 10 v
0.858324 3.44019 10 v
0.865945 3.43843 10 v
0.873592 3.4368 10 v
0.881267 3.43531 10 v
0.88897 3.43394 10 v
0.8967 3.43271 10 v
0.904458 3.43161 10 v
0.912243 3.43064 10 v
0.920056 3.42981 10 v
0.927896 3.4291 10 v
0.935763 3.42853 10 v
0.943658 3.42809 10 v
0.95158 3.42778 10 v
0.95953 3.42761 10 v
0.967508 3.42756 10 v
0.975512 3.42765 10 v
0.983545 3.42787 10 v
0.991605 3.42822 10 v
0.999692 3.42871 10 v
1.00781 3.42932 10 v
1.01595 3.43007 10 v
1.02412 3.43095 10 v
1.03232 3.43196 10 v
1.04054 3.43311 10 v
1.04879 3.43438 10 v
1.05707 3.43579 10 v
1.06532 3.43731 10 v
1.07347 3.43892 10 v
1.08154 3.44062 10 v
1.08951 3.44241 10 v
1.09738 3.44428 10 v
1.10517 3.44625 10 v
1.11286 3.4483 10 v
1.12047 3.45045 10 v
1.12797 3.45268 10 v
1.13539 3.45501 10 v
1.14272 3.45742 10 v
1.14995 3.45992 10 v
1.15709 3.46252 10 v
1.16414 3.4652 10 v
1.17109 3.46797 10 v
1.17796 3.47083 10 v
1.18473 3.47378 10 v
1.19141 3.47682 10 v
1.19799 3.47995 10 v
1.20449 3.48317 10 v
1.21089 3.48647 10 v
1.2172 3.48987 10 v
1.22342 3.49336 10 v
1.22954 3.49693 10 v
1.23557 3.5006 10 v
1.24152 3.50435 10 v
1.24736 3.5082 10 v
1.25312 3.51213 10 v
1.25878 3.51615 10 v
1.26436 3.52027 10 v
1.26984 3.52447 10 v
1.27522 3.52876 10 v
1.28052 3.53314 10 v
1.28572 3.53761 10 v
1.29083 3.54217 10 v
1.29585 3.54682 10 v
1.30078 3.55156 10 v
1.30561 3.55639 10 v
1.31035 3.5613 10 v
1.315 3.56631 10 v

0.761166 3.62487 10 v
0.768822 3.61667 10 v
0.776474 3.60873 10 v
0.784122 3.60105 10 v
0.791765 3.59362 10 v
0.799403 3.58645 10 v
0.807037 3.57953 10 v
0.814666 3.57287 10 v
0.822291 3.56646 10 v
0.829911 3.56031 10 v
0.837527 3.55442 10 v
0.845138 3.54878 10 v
0.852745 3.5434 10 v
0.860347 3.53827 10 v
0.867944 3.5334 10 v
0.875537 3.52879 10 v
0.883126 3.52443 10 v
0.89071 3.52032 10 v
0.898289 3.51648 10 v
0.905864 3.51289 10 v
0.913435 3.50955 10 v
0.921 3.50647 10 v
0.928562 3.50365 10 v
0.936119 3.50108 10 v
0.943671 3.49877 10 v
0.951219 3.49671 10 v
0.958762 3.49491 10 v
0.9663 3.49337 10 v
0.973835 3.49208 10 v
0.981364 3.49105 10 v
0.988889 3.49027 10 v
0.99641 3.48975 10 v
1.00393 3.48948 10 v
1.01144 3.48948 10 v
1.01894 3.48972 10 v
1.02645 3.49022 10 v
1.03394 3.49098 10 v
1.04144 3.492 10 v
1.04893 3.49327 10 v
1.05641 3.49479 10 v
1.06389 3.49658 10 v
1.07133 3.49854 10 v
1.0787 3.50062 10 v
1.086 3.50281 10 v
1.09322 3.50511 10 v
1.10037 3.50753 10 v
1.10745 3.51006 10 v
1.11445 3.5127 10 v
1.12139 3.51545 10 v
1.12825 3.51831 10 v
1.13504 3.52129 10 v
1.14175 3.52438 10 v
1.14839 3.52758 10 v
1.15496 3.5309 10 v
1.16146 3.53433 10 v
1.16789 3.53787 10 v
1.17424 3.54152 10 v
1.18052 3.54528 10 v
1.18672 3.54916 10 v
1.19286 3.55315 10 v
1.19892 3.55725 10 v
1.20491 3.56146 10 v
1.21083 3.56579 10 v
1.21667 3.57023 10 v
1.22244 3.57478 10 v
1.22814 3.57944 10 v
1.23377 3.58422 10 v
1.23932 3.58911 10 v
1.2448 3.59411 10 v
1.25021 3.59922 10 v
1.25555 3.60444 10 v
1.26081 3.60978 10 v
1.266 3.61523 10 v
1.27112 3.6208 10 v
1.27616 3.62647 10 v
1.28114 3.63226 10 v
1.28604 3.63816 10 v
1.29086 3.64417 10 v
1.29562 3.65029 10 v
1.3003 3.65653 10 v
1.30491 3.66288 10 v

1.34528 3.27661 11 u
1.34478 3.28144 11 u
1.34427 3.28627 11 u
1.34377 3.2911 11 u
1.34326 3.29592 11 u
1.34276 3.30075 11 u
1.34225 3.30558 11 u
1.34175 3.31041 11 u
1.34124 3.31524 11 u
1.34074 3.32007 11 u
1.34023 3.32489 11 u
1.33973 3.32972 11 u
1.33923 3.33455 11 u
1.33872 3.33938 11 u
1.33822 3.34421 11 u
1.33771 3.34904 11 u
1.33721 3.35387 11 u
1.3367 3.35869 11 u
1.3362 3.36352 11 u
1.33569 3.36835 11 u
1.33519 3.37318 11 u
1.33468 3.37801 11 u
1.33418 3.38284 11 u
1.33367 3.38766 11 u
1.33317 3.39249 11 u
1.33267 3.39732 11 u
1.33216 3.40215 11 u
1.33166 3.40698 11 u
1.33115 3.41181 11 u
1.33065 3.41663 11 u
1.33014 3.42146 11 u
1.32964 3.42629 11 u
1.32913 3.43112 11 u
1.32863 3.43595 11 u
1.32812 3.44078 11 u
1.32762 3.4456 11 u
1.32711 3.45043 11 u
1.32661 3.45526 11 u
1.3261 3.46009 11 u
1.3256 3.46492 11 u
1.32509 3.46975 11 u
1.32459 3.47457 11 u
1.32409 3.4794 11 u
1.32358 3.48423 11 u
1.32308 3.48906 11 u
1.32257 3.49389 11 u
1.32207 3.49871 11 u
1.32156 3.50354 11 u
1.32106 3.50837 11 u
1.32055 3.5132 11 u
1.32005 3.51803 11 u
1.31954 3.52286 11 u
1.31904 3.52768 11 u
1.31853 3.53251 11 u
1.31803 3.53734 11 u
1.31752 3.54217 11 u
1.31702 3.547 11 u
1.31652 3.55183 11 u
1.31601 3.55665 11 u
1.31551 3.56148 11 u
1.315 3.56631 11 u
1.3145 3.57114 11 u
1.31399 3.57597 11 u
1.31349 3.5808 11 u
1.31298 3.58562 11 u
1.31248 3.59045 11 u
1.31197 3.59528 11 u
1.31147 3.60011 11 u
1.31096 3.60494 11 u
1.31046 3.60977 11 u
1.30996 3.6146 11 u
1.30945 3.61942 11 u
1.30895 3.62425 11 u
1.30844 3.62908 11 u
1.30794 3.63391 11 u
1.30743 3.63874 11 u
1.30693 3.64357 11 u
1.30642 3.64839 11 u
1.30592 3.65322 11 u
1.30541 3.65805 11 u
1.30491 3.66288 11 u

1.42041 3.27287 11 u
1.42003 3.27757 11 u
1.41965 3.28226 11 u
1.41927 3.28696 11 u
1.41889 3.29166 11 u
1.4185 3.29635 11 u
1.41812 3.30104 11 u
1.41773 3.30573 11 u
1.41734 3.31041 11 u
1.41695 3.3151 11 u
1.41656 3.31978 11 u
1.41616 3.32447 11 u
1.41577 3.32915 11 u
1.41537 3.33383 11 u
1.41497 3.3385 11 u
1.41457 3.34318 11 u
1.41416 3.34785 11 u
1.41376 3.35252 11 u
1.41335 3.35719 11 u
1.41294 3.36186 11 u
1.41253 3.36653 11 u
1.41212 3.37119 11 u
1.41171 3.37585 11 u
1.41129 3.38052 11 u
1.41088 3.38518 11 u
1.41046 3.38983 11 u
1.41004 3.39449 11 u
1.40961 3.39914 11 u
1.40919 3.4038 11 u
1.40876 3.40845 11 u
1.40833 3.4131 11 u
1.40791 3.41774 11 u
1.40747 3.42239 11 u
1.40704 3.42703 11 u
1.40661 3.43168 11 u
1.40617 3.43632 11 u
1.40573 3.44095 11 u
1.40529 3.44559 11 u
1.40485 3.45023 11 u
1.40441 3.45486 11 u
1.40396 3.45949 11 u
1.40352 3.46412 11 u
1.4031 3.46875 11 u
1.40269 3.47338 11 u
1.40229 3.47801 11 u
1.4019 3.48264 11 u
1.40153 3.48727 11 u
1.40118 3.49189 11 u
1.40084 3.49652 11 u
1.40051 3.50115 11 u
1.40019 3.50577 11 u
1.39989 3.5104 11 u
1.39961 3.51502 11 u
1.39933 3.51964 11 u
1.39907 3.52427 11 u
1.39883 3.52889 11 u
1.3986 3.53351 11 u
1.39838 3.53813 11 u
1.39818 3.54275 11 u
1.39799 3.54737 11 u
1.39781 3.55199 11 u
1.39765 3.55661 11 u
1.3975 3.56123 11 u
1.39737 3.56585 11 u
1.39725 3.57046 11 u
1.39714 3.57508 11 u
1.39705 3.5797 11 u
1.39697 3.58431 11 u
1.39691 3.58893 11 u
1.39685 3.59354 11 u
1.39682 3.59816 11 u
1.39679 3.60277 11 u
1.39679 3.60738 11 u
1.39679 3.61199 11 u
1.39681 3.6166 11 u
1.39684 3.62122 11 u
1.39689 3.62583 11 u
1.39695 3.63044 11 u
1.39702 3.63504 11 u
1.39711 3.63965 11 u
1.39721 3.64426 11 u

1.49262 3.26496 11 u
1.4921 3.26972 11 u
1.49158 3.27447 11 u
1.49108 3.27921 11 u
1.4906 3.28394 11 u
1.49012 3.28866 11 u
1.48966 3.29337 11 u
1.4892 3.29807 11 u
1.48876 3.30276 11 u
1.48833 3.30744 11 u
1.48792 3.3121 11 u
1.48751 3.31676 11 u
1.48712 3.32141 11 u
1.48674 3.32604 11 u
1.48637 3.33067 11 u
1.48601 3.33528 11 u
1.48567 3.33988 11 u
1.48534 3.34448 11 u
1.48501 3.34906 11 u
1.4847 3.35363 11 u
1.48441 3.35819 11 u
1.48412 3.36274 11 u
1.48385 3.36728 11 u
1.48359 3.37181 11 u
1.48334 3.37633 11 u
1.4831 3.38084 11 u
1.48287 3.38534 11 u
1.48266 3.38983 11 u
1.48246 3.39431 11 u
1.48227 3.39877 11 u
1.48209 3.40323 11 u
1.48192 3.40767 11 u
1.48177 3.41211 11 u
1.48162 3.41653 11 u
1.48149 3.42095 11 u
1.48138 3.42535 11 u
1.48127 3.42974 11 u
1.48117 3.43413 11 u
1.48109 3.4385 11 u
1.48102 3.44286 11 u
1.48096 3.44721 11 u
1.48091 3.45156 11 u
1.48088 3.45591 11 u
1.48086 3.46027 11 u
1.48085 3.46464 11 u
1.48086 3.46901 11 u
1.48088 3.47339 11 u
1.48091 3.47777 11 u
1.48096 3.48216 11 u
1.48102 3.48655 11 u
1.48109 3.49095 11 u
1.48118 3.49536 11 u
1.48128 3.49977 11 u
1.4814 3.50419 11 u
1.48152 3.50861 11 u
1.48166 3.51304 11 u
1.48182 3.51748 11 u
1.48198 3.52192 11 u
1.48216 3.52636 11 u
1.48236 3.53082 11 u
1.48257 3.53527 11 u
1.48279 3.53974 11 u
1.48302 3.54421 11 u
1.48327 3.54868 11 u
1.48353 3.55316 11 u
1.4838 3.55765 11 u
1.48409 3.56214 11 u
1.48439 3.56664 11 u
1.4847 3.57115 11 u
1.48503 3.57566 11 u
1.48537 3.58017 11 u
1.48572 3.58469 11 u
1.48609 3.58922 11 u
1.48647 3.59375 11 u
1.48687 3.59829 11 u
1.48727 3.60284 11 u
1.48769 3.60739 11 u
1.48813 3.61194 11 u
1.48858 3.6165 11 u
1.48904 3.62107 11 u
1.48951 3.62564 11 u

1.55859 3.25538 11 u
1.558 3.26023 11 u
1.55743 3.26505 11 u
1.55688 3.26985 11 u
1.55636 3.27463 11 u
1.55587 3.2794 11 u
1.5554 3.28414 11 u
1.55496 3.28887 11 u
1.55454 3.29358 11 u
1.55415 3.29826 11 u
1.55379 3.30293 11 u
1.55345 3.30758 11 u
1.55314 3.31221 11 u
1.55285 3.31682 11 u
1.55259 3.32142 11 u
1.55236 3.32599 11 u
1.55215 3.33054 11 u
1.55197 3.33508 11 u
1.55181 3.33959 11 u
1.55168 3.34409 11 u
1.55157 3.34857 11 u
1.55149 3.35302 11 u
1.55144 3.35746 11 u
1.55141 3.36188 11 u
1.55141 3.36628 11 u
1.55143 3.37066 11 u
1.55148 3.37503 11 u
1.55156 3.37937 11 u
1.55166 3.38369 11 u
1.55179 3.388 11 u
1.55194 3.39228 11 u
1.55212 3.39655 11 u
1.55232 3.4008 11 u
1.55255 3.40502 11 u
1.55281 3.40923 11 u
1.55309 3.41342 11 u
1.5534 3.41759 11 u
1.55373 3.42175 11 u
1.55409 3.42588 11 u
1.55448 3.42999 11 u
1.55489 3.43408 11 u
1.55532 3.43818 11 u
1.55576 3.44228 11 u
1.55622 3.44639 11 u
1.55669 3.45052 11 u
1.55717 3.45466 11 u
1.55766 3.45881 11 u
1.55817 3.46297 11 u
1.55868 3.46714 11 u
1.55921 3.47133 11 u
1.55976 3.47553 11 u
1.56031 3.47974 11 u
1.56088 3.48396 11 u
1.56146 3.48819 11 u
1.56205 3.49244 11 u
1.56265 3.4967 11 u
1.56327 3.50097 11 u
1.5639 3.50525 11 u
1.56454 3.50954 11 u
1.5652 3.51385 11 u
1.56586 3.51817 11 u
1.56654 3.5225 11 u
1.56724 3.52684 11 u
1.56794 3.53119 11 u
1.56866 3.53556 11 u
1.56938 3.53993 11 u
1.57013 3.54432 11 u
1.57088 3.54872 11 u
1.57165 3.55314 11 u
1.57242 3.55756 11 u
1.57322 3.562 11 u
1.57402 3.56645 11 u
1.57484 3.57091 11 u
1.57566 3.57538 11 u
1.5765 3.57987 11 u
1.57736 3.58436 11 u
1.57822 3.58887 11 u
1.5791 3.59339 11 u
1.57999 3.59793 11 u
1.58089 3.60247 11 u
1.58181 3.60703 11 u

1.615 3.24664 11 u
1.61475 3.2514 11 u
1.61453 3.25615 11 u
1.61433 3.26087 11 u
1.61416 3.26557 11 u
1.61401 3.27025 11 u
1.61389 3.27491 11 u
1.61379 3.27955 11 u
1.61372 3.28417 11 u
1.61367 3.28877 11 u
1.61365 3.29335 11 u
1.61365 3.29791 11 u
1.61368 3.30245 11 u
1.61373 3.30697 11 u
1.6138 3.31147 11 u
1.61391 3.31595 11 u
1.61403 3.32041 11 u
1.61418 3.32484 11 u
1.61436 3.32926 11 u
1.61456 3.33366 11 u
1.61479 3.33803 11 u
1.61504 3.34239 11 u
1.61531 3.34673 11 u
1.61562 3.35104 11 u
1.61594 3.35534 11 u
1.61629 3.35961 11 u
1.61667 3.36387 11 u
1.61707 3.3681 11 u
1.6175 3.37232 11 u
1.61795 3.37651 11 u
1.61842 3.38068 11 u
1.61892 3.38484 11 u
1.61945 3.38897 11 u
1.62 3.39308 11 u
1.62057 3.39717 11 u
1.62117 3.40125 11 u
1.6218 3.4053 11 u
1.62245 3.40933 11 u
1.62312 3.41334 11 u
1.62382 3.41733 11 u
1.62455 3.4213 11 u
1.6253 3.42527 11 u
1.62608 3.42924 11 u
1.62688 3.43323 11 u
1.6277 3.43723 11 u
1.62855 3.44124 11 u
1.62943 3.44526 11 u
1.63033 3.44929 11 u
1.63125 3.45333 11 u
1.6322 3.45738 11 u
1.63318 3.46144 11 u
1.63418 3.46552 11 u
1.63521 3.4696 11 u
1.63626 3.4737 11 u
1.63733 3.47781 11 u
1.63843 3.48192 11 u
1.63956 3.48605 11 u
1.64071 3.49019 11 u
1.64189 3.49434 11 u
1.64309 3.49851 11 u
1.64432 3.50268 11 u
1.64557 3.50686 11 u
1.64684 3.51105 11 u
1.64814 3.51526 11 u
1.64947 3.51948 11 u
1.65082 3.5237 11 u
1.6522 3.52794 11 u
1.6536 3.53219 11 u
1.65503 3.53645 11 u
1.65648 3.54072 11 u
1.65796 3.545 11 u
1.65946 3.54929 11 u
1.66099 3.55359 11 u
1.66254 3.55791 11 u
1.66412 3.56223 11 u
1.66572 3.56657 11 u
1.66735 3.57092 11 u
1.669 3.57527 11 u
1.67068 3.57964 11 u
1.67238 3.58402 11 u
1.67411 3.58841 11 u

1.34528 3.27661 11 v
1.34911 3.27652 11 v
1.35292 3.27642 11 v
1.35673 3.27631 11 v
1.36054 3.27619 11 v
1.36433 3.27606 11 v
1.36812 3.27592 11 v
1.3719 3.27577 11 v
1.37568 3.27561 11 v
1.37945 3.27544 11 v
1.38321 3.27526 11 v
1.38696 3.27507 11 v
1.3907 3.27486 11 v
1.39444 3.27465 11 v
1.39817 3.27443 11 v
1.4019 3.27419 11 v
1.40561 3.27395 11 v
1.40932 3.27369 11 v
1.41302 3.27343 11 v
1.41672 3.27315 11 v
1.42041 3.27287 11 v
1.42408 3.27257 11 v
1.42776 3.27226 11 v
1.43142 3.27195 11 v
1.43508 3.27162 11 v
1.43873 3.27128 11 v
1.44238 3.27093 11 v
1.44601 3.27057 11 v
1.44964 3.2702 11 v
1.45326 3.26982 11 v
1.45688 3.26943 11 v
1.46048 3.26903 11 v
1.46408 3.26862 11 v
1.46768 3.2682 11 v
1.47126 3.26777 11 v
1.47484 3.26733 11 v
1.47841 3.26687 11 v
1.48197 3.26641 11 v
1.48553 3.26594 11 v
1.48908 3.26545 11 v
1.49262 3.26496 11 v
1.49615 3.26446 11 v
1.49965 3.26397 11 v
1.50313 3.26347 11 v
1.50658 3.26298 11 v
1.51001 3.26249 11 v
1.51342 3.262 11 v
1.5168 3.26151 11 v
1.52016 3.26103 11 v
1.52349 3.26055 11 v
1.5268 3.26007 11 v
1.53009 3.25959 11 v
1.53335 3.25912 11 v
1.53659 3.25864 11 v
1.53981 3.25817 11 v
1.543 3.2577 11 v
1.54617 3.25723 11 v
1.54931 3.25677 11 v
1.55243 3.25631 11 v
1.55552 3.25584 11 v
1.55859 3.25538 11 v
1.56164 3.25493 11 v
1.56467 3.25447 11 v
1.56767 3.25402 11 v
1.57064 3.25357 11 v
1.57359 3.25312 11 v
1.57652 3.25267 11 v
1.57943 3.25223 11 v
1.58231 3.25179 11 v
1.58516 3.25135 11 v
1.58799 3.25091 11 v
1.5908 3.25047 11 v
1.59359 3.25004 11 v
1.59635 3.24961 11 v
1.59908 3.24918 11 v
1.6018 3.24875 11 v
1.60448 3.24832 11 v
1.60715 3.2479 11 v
1.60979 3.24748 11 v
1.61241 3.24706 11 v
1.615 3.24664 11 v

1.33519 3.37318 11 v
1.33919 3.37289 11 v
1.34317 3.37259 11 v
1.34714 3.37229 11 v
1.3511 3.37198 11 v
1.35504 3.37167 11 v
1.35897 3.37136 11 v
1.36288 3.37104 11 v
1.36678 3.37072 11 v
1.37067 3.37039 11 v
1.37454 3.37006 11 v
1.37841 3.36973 11 v
1.38225 3.36939 11 v
1.38609 3.36905 11 v
1.3899 3.3687 11 v
1.39371 3.36835 11 v
1.3975 3.36799 11 v
1.40128 3.36763 11 v
1.40505 3.36727 11 v
1.4088 3.3669 11 v
1.41253 3.36653 11 v
1.41626 3.36615 11 v
1.41997 3.36577 11 v
1.42366 3.36538 11 v
1.42735 3.36499 11 v
1.43101 3.3646 11 v
1.43467 3.3642 11 v
1.43831 3.3638 11 v
1.44194 3.3634 11 v
1.44555 3.36298 11 v
1.44915 3.36257 11 v
1.45274 3.36215 11 v
1.45631 3.36173 11 v
1.45987 3.3613 11 v
1.46342 3.36087 11 v
1.46695 3.36043 11 v
1.47047 3.35999 11 v
1.47398 3.35955 11 v
1.47747 3.3591 11 v
1.48094 3.35865 11 v
1.48441 3.35819 11 v
1.48786 3.35773 11 v
1.4913 3.35727 11 v
1.49473 3.35681 11 v
1.49816 3.35634 11 v
1.50157 3.35587 11 v
1.50497 3.3554 11 v
1.50836 3.35493 11 v
1.51175 3.35445 11 v
1.51512 3.35397 11 v
1.51848 3.35349 11 v
1.52184 3.35301 11 v
1.52518 3.35252 11 v
1.52851 3.35204 11 v
1.53184 3.35155 11 v
1.53515 3.35106 11 v
1.53845 3.35056 11 v
1.54175 3.35007 11 v
1.54503 3.34957 11 v
1.54831 3.34907 11 v
1.55157 3.34857 11 v
1.55483 3.34806 11 v
1.55807 3.34755 11 v
1.56131 3.34704 11 v
1.56453 3.34653 11 v
1.56775 3.34602 11 v
1.57095 3.3455 11 v
1.57415 3.34498 11 v
1.57733 3.34446 11 v
1.58051 3.34394 11 v
1.58367 3.34341 11 v
1.58683 3.34289 11 v
1.58998 3.34236 11 v
1.59311 3.34182 11 v
1.59624 3.34129 11 v
1.59935 3.34075 11 v
1.60246 3.34021 11 v
1.60556 3.33967 11 v
1.60864 3.33913 11 v
1.61172 3.33858 11 v
1.61479 3.33803 11 v

1.32509 3.46975 11 v
1.32908 3.46928 11 v
1.33307 3.46881 11 v
1.33704 3.46834 11 v
1.34102 3.46786 11 v
1.34499 3.46737 11 v
1.34895 3.46688 11 v
1.35291 3.46639 11 v
1.35687 3.46589 11 v
1.36082 3.46538 11 v
1.36476 3.46487 11 v
1.3687 3.46436 11 v
1.37264 3.46384 11 v
1.37657 3.46331 11 v
1.3805 3.46278 11 v
1.38442 3.46224 11 v
1.38834 3.4617 11 v
1.39225 3.46116 11 v
1.39616 3.46061 11 v
1.40006 3.46005 11 v
1.40396 3.45949 11 v
1.40786 3.45893 11 v
1.41175 3.45835 11 v
1.41563 3.45778 11 v
1.41951 3.4572 11 v
1.42339 3.45661 11 v
1.42726 3.45602 11 v
1.43112 3.45542 11 v
1.43498 3.45482 11 v
1.43884 3.45422 11 v
1.44269 3.4536 11 v
1.44654 3.45299 11 v
1.45038 3.45237 11 v
1.45422 3.45174 11 v
1.45806 3.45111 11 v
1.46189 3.45047 11 v
1.46571 3.44983 11 v
1.46953 3.44918 11 v
1.47334 3.44853 11 v
1.47715 3.44787 11 v
1.48096 3.44721 11 v
1.48476 3.44655 11 v
1.48855 3.44588 11 v
1.49232 3.44522 11 v
1.49609 3.44456 11 v
1.49984 3.4439 11 v
1.50359 3.44324 11 v
1.50732 3.44258 11 v
1.51104 3.44192 11 v
1.51476 3.44126 11 v
1.51846 3.4406 11 v
1.52215 3.43995 11 v
1.52583 3.43929 11 v
1.5295 3.43864 11 v
1.53316 3.43799 11 v
1.53681 3.43733 11 v
1.54045 3.43668 11 v
1.54407 3.43603 11 v
1.54769 3.43538 11 v
1.55129 3.43473 11 v
1.55489 3.43408 11 v
1.55847 3.43344 11 v
1.56205 3.43279 11 v
1.56561 3.43215 11 v
1.56916 3.4315 11 v
1.57271 3.43086 11 v
1.57624 3.43021 11 v
1.57976 3.42957 11 v
1.58327 3.42893 11 v
1.58677 3.42829 11 v
1.59025 3.42765 11 v
1.59373 3.42701 11 v
1.5972 3.42637 11 v
1.60065 3.42574 11 v
1.6041 3.4251 11 v
1.60754 3.42446 11 v
1.61096 3.42383 11 v
1.61437 3.4232 11 v
1.61778 3.42256 11 v
1.62117 3.42193 11 v
1.62455 3.4213 11 v

1.315 3.56631 11 v
1.3191 3.56565 11 v
1.32319 3.56499 11 v
1.3273 3.56432 11 v
1.33141 3.56364 11 v
1.33552 3.56296 11 v
1.33964 3.56227 11 v
1.34376 3.56157 11 v
1.34789 3.56087 11 v
1.35203 3.56016 11 v
1.35616 3.55945 11 v
1.36031 3.55873 11 v
1.36445 3.55801 11 v
1.36861 3.55728 11 v
1.37277 3.55654 11 v
1.37693 3.5558 11 v
1.38109 3.55505 11 v
1.38527 3.55429 11 v
1.38944 3.55353 11 v
1.39363 3.55276 11 v
1.39781 3.55199 11 v
1.402 3.55121 11 v
1.4062 3.55043 11 v
1.4104 3.54964 11 v
1.41461 3.54884 11 v
1.41882 3.54804 11 v
1.42303 3.54723 11 v
1.42725 3.54641 11 v
1.43148 3.54559 11 v
1.43571 3.54477 11 v
1.43995 3.54393 11 v
1.44419 3.54309 11 v
1.44843 3.54225 11 v
1.45268 3.5414 11 v
1.45694 3.54054 11 v
1.46119 3.53968 11 v
1.46546 3.53881 11 v
1.46973 3.53793 11 v
1.474 3.53705 11 v
1.47828 3.53617 11 v
1.48257 3.53527 11 v
1.48685 3.53438 11 v
1.49111 3.53349 11 v
1.49537 3.5326 11 v
1.49961 3.53172 11 v
1.50384 3.53084 11 v
1.50806 3.52997 11 v
1.51227 3.5291 11 v
1.51647 3.52824 11 v
1.52065 3.52737 11 v
1.52482 3.52652 11 v
1.52898 3.52566 11 v
1.53313 3.52481 11 v
1.53726 3.52397 11 v
1.54138 3.52313 11 v
1.54549 3.52229 11 v
1.54959 3.52146 11 v
1.55368 3.52063 11 v
1.55775 3.5198 11 v
1.56181 3.51898 11 v
1.56586 3.51817 11 v
1.5699 3.51735 11 v
1.57393 3.51654 11 v
1.57794 3.51574 11 v
1.58194 3.51494 11 v
1.58593 3.51414 11 v
1.58991 3.51335 11 v
1.59387 3.51256 11 v
1.59783 3.51178 11 v
1.60177 3.511 11 v
1.6057 3.51022 11 v
1.60961 3.50945 11 v
1.61352 3.50868 11 v
1.61741 3.50791 11 v
1.62129 3.50715 11 v
1.62516 3.5064 11 v
1.62901 3.50565 11 v
1.63286 3.5049 11 v
1.63669 3.50415 11 v
1.64051 3.50341 11 v
1.64432 3.50268 11 v

1.30491 3.66288 11 v
1.30952 3.66195 11 v
1.31414 3.66102 11 v
1.31875 3.66009 11 v
1.32337 3.65916 11 v
1.32798 3.65823 11 v
1.3326 3.65729 11 v
1.33721 3.65636 11 v
1.34183 3.65543 11 v
1.34644 3.6545 11 v
1.35106 3.65357 11 v
1.35567 3.65264 11 v
1.36029 3.65171 11 v
1.3649 3.65078 11 v
1.36952 3.64985 11 v
1.37413 3.64892 11 v
1.37875 3.64798 11 v
1.38336 3.64705 11 v
1.38798 3.64612 11 v
1.39259 3.64519 11 v
1.39721 3.64426 11 v
1.40183 3.64333 11 v
1.40644 3.6424 11 v
1.41106 3.64147 11 v
1.41567 3.64054 11 v
1.42029 3.63961 11 v
1.4249 3.63868 11 v
1.42952 3.63775 11 v
1.43413 3.63681 11 v
1.43875 3.63588 11 v
1.44336 3.63495 11 v
1.44798 3.63402 11 v
1.45259 3.63309 11 v
1.45721 3.63216 11 v
1.46182 3.63123 11 v
1.46644 3.6303 11 v
1.47105 3.62937 11 v
1.47566 3.62844 11 v
1.48028 3.62751 11 v
1.48489 3.62658 11 v
1.48951 3.62564 11 v
1.49412 3.62471 11 v
1.49874 3.62378 11 v
1.50335 3.62285 11 v
1.50797 3.62192 11 v
1.51258 3.62099 11 v
1.5172 3.62006 11 v
1.52181 3.61913 11 v
1.52643 3.6182 11 v
1.53104 3.61727 11 v
1.53566 3.61634 11 v
1.54027 3.61541 11 v
1.54489 3.61448 11 v
1.5495 3.61354 11 v
1.55412 3.61261 11 v
1.55873 3.61168 11 v
1.56335 3.61075 11 v
1.56796 3.60982 11 v
1.57258 3.60889 11 v
1.57719 3.60796 11 v
1.58181 3.60703 11 v
1.58642 3.6061 11 v
1.59104 3.60517 11 v
1.59565 3.60424 11 v
1.60027 3.60331 11 v
1.60488 3.60237 11 v
1.6095 3.60144 11 v
1.61412 3.60051 11 v
1.61873 3.59958 11 v
1.62335 3.59865 11 v
1.62796 3.59772 11 v
1.63258 3.59679 11 v
1.63719 3.59586 11 v
1.64181 3.59493 11 v
1.64642 3.594 11 v
1.65104 3.59306 11 v
1.65565 3.59213 11 v
1.66026 3.5912 11 v
1.66488 3.59027 11 v
1.66949 3.58934 11 v
1.67411 3.58841 11 v

1.615 3.24664 12 u
1.61475 3.2514 12 u
1.61453 3.25615 12 u
1.61433 3.26087 12 u
1.61416 3.26557 12 u
1.61401 3.27025 12 u
1.61389 3.27491 12 u
1.61379 3.27955 12 u
1.61372 3.28417 12 u
1.61367 3.28877 12 u
1.61365 3.29335 12 u
1.61365 3.29791 12 u
1.61368 3.30245 12 u
1.61373 3.30697 12 u
1.6138 3.31147 12 u
1.61391 3.31595 12 u
1.61403 3.32041 12 u
1.61418 3.32484 12 u
1.61436 3.32926 12 u
1.61456 3.33366 12 u
1.61479 3.33803 12 u
1.61504 3.34239 12 u
1.61531 3.34673 12 u
1.61562 3.35104 12 u
1.61594 3.35534 12 u
1.61629 3.35961 12 u
1.61667 3.36387 12 u
1.61707 3.3681 12 u
1.6175 3.37232 12 u
1.61795 3.37651 12 u
1.61842 3.38068 12 u
1.61892 3.38484 12 u
1.61945 3.38897 12 u
1.62 3.39308 12 u
1.62057 3.39717 12 u
1.62117 3.40125 12 u
1.6218 3.4053 12 u
1.62245 3.40933 12 u
1.62312 3.41334 12 u
1.62382 3.41733 12 u
1.62455 3.4213 12 u
1.6253 3.42527 12 u
1.62608 3.42924 12 u
1.62688 3.43323 12 u
1.6277 3.43723 12 u
1.62855 3.44124 12 u
1.62943 3.44526 12 u
1.63033 3.44929 12 u
1.63125 3.45333 12 u
1.6322 3.45738 12 u
1.63318 3.46144 12 u
1.63418 3.46552 12 u
1.63521 3.4696 12 u
1.63626 3.4737 12 u
1.63733 3.47781 12 u
1.63843 3.48192 12 u
1.63956 3.48605 12 u
1.64071 3.49019 12 u
1.64189 3.49434 12 u
1.64309 3.49851 12 u
1.64432 3.50268 12 u
1.64557 3.50686 12 u
1.64684 3.51105 12 u
1.64814 3.51526 12 u
1.64947 3.51948 12 u
1.65082 3.5237 12 u
1.6522 3.52794 12 u
1.6536 3.53219 12 u
1.65503 3.53645 12 u
1.65648 3.54072 12 u
1.65796 3.545 12 u
1.65946 3.54929 12 u
1.66099 3.55359 12 u
1.66254 3.55791 12 u
1.66412 3.56223 12 u
1.66572 3.56657 12 u
1.66735 3.57092 12 u
1.669 3.57527 12 u
1.67068 3.57964 12 u
1.67238 3.58402 12 u
1.67411 3.58841 12 u

1.68118 3.23457 12 u
1.6814 3.23812 12 u
1.68162 3.24166 12 u
1.68187 3.2452 12 u
1.68212 3.24873 12 u
1.68239 3.25225 12 u
1.68267 3.25576 12 u
1.68296 3.25927 12 u
1.68327 3.26277 12 u
1.68359 3.26626 12 u
1.68392 3.26975 12 u
1.68427 3.27323 12 u
1.68462 3.2767 12 u
1.68499 3.28017 12 u
1.68538 3.28363 12 u
1.68577 3.28708 12 u
1.68618 3.29052 12 u
1.6866 3.29396 12 u
1.68704 3.29739 12 u
1.68748 3.30082 12 u
1.68794 3.30424 12 u
1.68842 3.30765 12 u
1.6889 3.31105 12 u
1.6894 3.31445 12 u
1.68991 3.31784 12 u
1.69043 3.32122 12 u
1.69097 3.3246 12 u
1.69152 3.32797 12 u
1.69208 3.33133 12 u
1.69266 3.33469 12 u
1.69324 3.33804 12 u
1.69384 3.34138 12 u
1.69446 3.34471 12 u
1.69508 3.34804 12 u
1.69572 3.35136 12 u
1.69638 3.35468 12 u
1.69704 3.35799 12 u
1.69772 3.36129 12 u
1.69841 3.36458 12 u
1.69911 3.36787 12 u
1.69983 3.37115 12 u
1.70056 3.37443 12 u
1.7013 3.37772 12 u
1.70205 3.38103 12 u
1.70282 3.38434 12 u
1.70361 3.38766 12 u
1.7044 3.39099 12 u
1.70521 3.39433 12 u
1.70604 3.39769 12 u
1.70688 3.40105 12 u
1.70773 3.40442 12 u
1.70859 3.4078 12 u
1.70947 3.4112 12 u
1.71036 3.4146 12 u
1.71127 3.41801 12 u
1.71219 3.42143 12 u
1.71312 3.42487 12 u
1.71407 3.42831 12 u
1.71503 3.43176 12 u
1.716 3.43522 12 u
1.71699 3.4387 12 u
1.71799 3.44218 12 u
1.71901 3.44567 12 u
1.72004 3.44918 12 u
1.72108 3.45269 12 u
1.72213 3.45621 12 u
1.7232 3.45974 12 u
1.72428 3.46329 12 u
1.72538 3.46684 12 u
1.72649 3.4704 12 u
1.72761 3.47398 12 u
1.72875 3.47756 12 u
1.7299 3.48115 12 u
1.73107 3.48476 12 u
1.73224 3.48837 12 u
1.73344 3.492 12 u
1.73464 3.49563 12 u
1.73586 3.49927 12 u
1.73709 3.50293 12 u
1.73834 3.50659 12 u
1.7396 3.51026 12 u

1.77649 3.21501 12 u
1.77721 3.21781 12 u
1.77792 3.22062 12 u
1.77863 3.22343 12 u
1.77934 3.22624 12 u
1.78004 3.22905 12 u
1.78074 3.23186 12 u
1.78143 3.23467 12 u
1.78212 3.23748 12 u
1.7828 3.2403 12 u
1.78348 3.24311 12 u
1.78416 3.24593 12 u
1.78483 3.24875 12 u
1.7855 3.25157 12 u
1.78616 3.25439 12 u
1.78682 3.25721 12 u
1.78748 3.26004 12 u
1.78813 3.26286 12 u
1.78878 3.26569 12 u
1.78943 3.26852 12 u
1.79007 3.27135 12 u
1.7907 3.27418 12 u
1.79134 3.27701 12 u
1.79196 3.27984 12 u
1.79259 3.28268 12 u
1.79321 3.28551 12 u
1.79383 3.28835 12 u
1.79444 3.29119 12 u
1.79505 3.29403 12 u
1.79565 3.29687 12 u
1.79625 3.29971 12 u
1.79685 3.30255 12 u
1.79744 3.3054 12 u
1.79803 3.30824 12 u
1.79861 3.31109 12 u
1.79919 3.31394 12 u
1.79977 3.31679 12 u
1.80034 3.31964 12 u
1.80091 3.32249 12 u
1.80147 3.32534 12 u
1.80204 3.3282 12 u
1.80259 3.33106 12 u
1.80315 3.33393 12 u
1.8037 3.33682 12 u
1.80425 3.33972 12 u
1.80481 3.34263 12 u
1.80535 3.34556 12 u
1.8059 3.34849 12 u
1.80645 3.35144 12 u
1.80699 3.3544 12 u
1.80753 3.35738 12 u
1.80808 3.36036 12 u
1.80861 3.36336 12 u
1.80915 3.36637 12 u
1.80969 3.3694 12 u
1.81022 3.37244 12 u
1.81076 3.37549 12 u
1.81129 3.37855 12 u
1.81182 3.38162 12 u
1.81234 3.38471 12 u
1.81287 3.38781 12 u
1.81339 3.39092 12 u
1.81392 3.39404 12 u
1.81444 3.39718 12 u
1.81496 3.40033 12 u
1.81547 3.40349 12 u
1.81599 3.40667 12 u
1.8165 3.40985 12 u
1.81702 3.41305 12 u
1.81753 3.41627 12 u
1.81804 3.41949 12 u
1.81854 3.42273 12 u
1.81905 3.42598 12 u
1.81956 3.42924 12 u
1.82006 3.43251 12 u
1.82056 3.4358 12 u
1.82106 3.4391 12 u
1.82156 3.44241 12 u
1.82205 3.44574 12 u
1.82255 3.44908 12 u
1.82304 3.45242 12 u

1.87764 3.19295 12 u
1.87901 3.19555 12 u
1.88035 3.19816 12 u
1.88167 3.20078 12 u
1.88297 3.20341 12 u
1.88425 3.20606 12 u
1.88551 3.20871 12 u
1.88674 3.21137 12 u
1.88795 3.21404 12 u
1.88914 3.21672 12 u
1.89031 3.21941 12 u
1.89146 3.22211 12 u
1.89258 3.22482 12 u
1.89368 3.22754 12 u
1.89476 3.23027 12 u
1.89582 3.23301 12 u
1.89686 3.23576 12 u
1.89787 3.23852 12 u
1.89886 3.2413 12 u
1.89983 3.24408 12 u
1.90078 3.24687 12 u
1.90171 3.24967 12 u
1.90261 3.25248 12 u
1.90349 3.2553 12 u
1.90436 3.25813 12 u
1.90519 3.26097 12 u
1.90601 3.26382 12 u
1.90681 3.26668 12 u
1.90758 3.26955 12 u
1.90833 3.27243 12 u
1.90906 3.27532 12 u
1.90976 3.27822 12 u
1.91045 3.28113 12 u
1.91111 3.28405 12 u
1.91175 3.28698 12 u
1.91237 3.28992 12 u
1.91297 3.29287 12 u
1.91355 3.29583 12 u
1.9141 3.2988 12 u
1.91463 3.30178 12 u
1.91514 3.30477 12 u
1.91563 3.30778 12 u
1.9161 3.3108 12 u
1.91655 3.31384 12 u
1.91698 3.31689 12 u
1.91739 3.31997 12 u
1.91778 3.32306 12 u
1.91816 3.32617 12 u
1.91851 3.3293 12 u
1.91885 3.33244 12 u
1.91916 3.33561 12 u
1.91946 3.33879 12 u
1.91974 3.34199 12 u
1.92 3.3452 12 u
1.92024 3.34844 12 u
1.92046 3.35169 12 u
1.92066 3.35496 12 u
1.92084 3.35824 12 u
1.921 3.36155 12 u
1.92114 3.36487 12 u
1.92127 3.36821 12 u
1.92137 3.37157 12 u
1.92146 3.37495 12 u
1.92153 3.37834 12 u
1.92157 3.38175 12 u
1.9216 3.38518 12 u
1.92161 3.38862 12 u
1.9216 3.39209 12 u
1.92157 3.39557 12 u
1.92152 3.39907 12 u
1.92146 3.40259 12 u
1.92137 3.40612 12 u
1.92126 3.40968 12 u
1.92114 3.41325 12 u
1.921 3.41683 12 u
1.92083 3.42044 12 u
1.92065 3.42406 12 u
1.92045 3.4277 12 u
1.92023 3.43136 12 u
1.91999 3.43504 12 u
1.91973 3.43873 12 u

1.96131 3.17339 12 u
1.96359 3.1764 12 u
1.96582 3.17943 12 u
1.96802 3.18249 12 u
1.97019 3.18557 12 u
1.97231 3.18868 12 u
1.9744 3.19181 12 u
1.97645 3.19497 12 u
1.97847 3.19815 12 u
1.98044 3.20136 12 u
1.98238 3.20459 12 u
1.98428 3.20785 12 u
1.98614 3.21114 12 u
1.98797 3.21444 12 u
1.98976 3.21778 12 u
1.99151 3.22113 12 u
1.99322 3.22452 12 u
1.9949 3.22792 12 u
1.99654 3.23136 12 u
1.99814 3.23481 12 u
1.9997 3.2383 12 u
2.00123 3.24181 12 u
2.00272 3.24534 12 u
2.00417 3.2489 12 u
2.00558 3.25248 12 u
2.00696 3.25609 12 u
2.0083 3.25972 12 u
2.0096 3.26338 12 u
2.01086 3.26706 12 u
2.01209 3.27077 12 u
2.01328 3.2745 12 u
2.01443 3.27826 12 u
2.01554 3.28204 12 u
2.01662 3.28585 12 u
2.01766 3.28968 12 u
2.01866 3.29354 12 u
2.01962 3.29742 12 u
2.02055 3.30133 12 u
2.02144 3.30526 12 u
2.02229 3.30922 12 u
2.0231 3.3132 12 u
2.02388 3.31721 12 u
2.02462 3.32124 12 u
2.02532 3.3253 12 u
2.02598 3.32938 12 u
2.02661 3.33349 12 u
2.0272 3.33762 12 u
2.02775 3.34178 12 u
2.02826 3.34596 12 u
2.02874 3.35017 12 u
2.02918 3.3544 12 u
2.02958 3.35866 12 u
2.02994 3.36294 12 u
2.03027 3.36725 12 u
2.03056 3.37158 12 u
2.03081 3.37594 12 u
2.03103 3.38032 12 u
2.03121 3.38473 12 u
2.03135 3.38917 12 u
2.03145 3.39362 12 u
2.03151 3.39811 12 u
2.03154 3.40262 12 u
2.03153 3.40715 12 u
2.03148 3.41171 12 u
2.0314 3.41629 12 u
2.03128 3.4209 12 u
2.03112 3.42553 12 u
2.03092 3.43019 12 u
2.03068 3.43487 12 u
2.03041 3.43958 12 u
2.0301 3.44432 12 u
2.02976 3.44908 12 u
2.02937 3.45386 12 u
2.02895 3.45867 12 u
2.02849 3.4635 12 u
2.02799 3.46836 12 u
2.02746 3.47324 12 u
2.02689 3.47815 12 u
2.02628 3.48309 12 u
2.02563 3.48805 12 u
2.02495 3.49303 12 u

1.615 3.24664 12 v
1.61762 3.24621 12 v
1.62031 3.24577 12 v
1.62307 3.24531 12 v
1.6259 3.24483 12 v
1.62881 3.24433 12 v
1.63179 3.24381 12 v
1.63485 3.24327 12 v
1.63797 3.24271 12 v
1.64117 3.24214 12 v
1.64445 3.24154 12 v
1.64779 3.24093 12 v
1.65121 3.2403 12 v
1.6547 3.23965 12 v
1.65827 3.23898 12 v
1.6619 3.23829 12 v
1.66561 3.23759 12 v
1.66939 3.23686 12 v
1.67325 3.23612 12 v
1.67718 3.23535 12 v
1.68118 3.23457 12 v
1.68525 3.23377 12 v
1.6894 3.23295 12 v
1.69362 3.23212 12 v
1.69791 3.23126 12 v
1.70228 3.23038 12 v
1.70671 3.22949 12 v
1.71123 3.22858 12 v
1.71581 3.22765 12 v
1.72047 3.2267 12 v
1.72519 3.22573 12 v
1.73 3.22474 12 v
1.73487 3.22373 12 v
1.73982 3.22271 12 v
1.74484 3.22167 12 v
1.74993 3.2206 12 v
1.7551 3.21952 12 v
1.76034 3.21842 12 v
1.76565 3.2173 12 v
1.77104 3.21617 12 v
1.77649 3.21501 12 v
1.78197 3.21385 12 v
1.7874 3.21269 12 v
1.79278 3.21154 12 v
1.79812 3.2104 12 v
1.80342 3.20926 12 v
1.80867 3.20813 12 v
1.81388 3.207 12 v
1.81905 3.20589 12 v
1.82417 3.20477 12 v
1.82925 3.20367 12 v
1.83429 3.20257 12 v
1.83928 3.20147 12 v
1.84423 3.20039 12 v
1.84913 3.19931 12 v
1.85399 3.19823 12 v
1.85881 3.19716 12 v
1.86358 3.1961 12 v
1.86831 3.19504 12 v
1.873 3.19399 12 v
1.87764 3.19295 12 v
1.88224 3.19191 12 v
1.88679 3.19088 12 v
1.89131 3.18986 12 v
1.89577 3.18884 12 v
1.9002 3.18783 12 v
1.90458 3.18682 12 v
1.90891 3.18582 12 v
1.91321 3.18483 12 v
1.91746 3.18384 12 v
1.92166 3.18286 12 v
1.92582 3.18188 12 v
1.92994 3.18091 12 v
1.93401 3.17995 12 v
1.93804 3.179 12 v
1.94203 3.17805 12 v
1.94597 3.1771 12 v
1.94987 3.17616 12 v
1.95373 3.17523 12 v
1.95754 3.17431 12 v
1.96131 3.17339 12 v

1.61479 3.33803 12 v
1.61776 3.33632 12 v
1.6208 3.33461 12 v
1.62391 3.33291 12 v
1.6271 3.3312 12 v
1.63036 3.3295 12 v
1.63369 3.3278 12 v
1.6371 3.3261 12 v
1.64057 3.32441 12 v
1.64412 3.32271 12 v
1.64774 3.32102 12 v
1.65144 3.31933 12 v
1.6552 3.31765 12 v
1.65904 3.31596 12 v
1.66295 3.31428 12 v
1.66694 3.3126 12 v
1.67099 3.31092 12 v
1.67512 3.30925 12 v
1.67932 3.30758 12 v
1.6836 3.30591 12 v
1.68794 3.30424 12 v
1.69236 3.30257 12 v
1.69685 3.30091 12 v
1.70141 3.29925 12 v
1.70605 3.29759 12 v
1.71076 3.29593 12 v
1.71554 3.29427 12 v
1.72039 3.29262 12 v
1.72532 3.29097 12 v
1.73031 3.28932 12 v
1.73538 3.28768 12 v
1.74053 3.28603 12 v
1.74574 3.28439 12 v
1.75103 3.28275 12 v
1.75639 3.28112 12 v
1.76182 3.27948 12 v
1.76732 3.27785 12 v
1.7729 3.27622 12 v
1.77855 3.27459 12 v
1.78427 3.27297 12 v
1.79007 3.27135 12 v
1.79588 3.26974 12 v
1.80167 3.26818 12 v
1.80743 3.26666 12 v
1.81315 3.26518 12 v
1.81885 3.26374 12 v
1.82452 3.26233 12 v
1.83016 3.26097 12 v
1.83577 3.25965 12 v
1.84135 3.25836 12 v
1.8469 3.25712 12 v
1.85242 3.25591 12 v
1.85791 3.25475 12 v
1.86337 3.25362 12 v
1.86881 3.25254 12 v
1.87421 3.2515 12 v
1.87958 3.25049 12 v
1.88493 3.24952 12 v
1.89024 3.2486 12 v
1.89553 3.24771 12 v
1.90078 3.24687 12 v
1.90601 3.24606 12 v
1.9112 3.24529 12 v
1.91637 3.24457 12 v
1.92151 3.24388 12 v
1.92662 3.24323 12 v
1.9317 3.24263 12 v
1.93675 3.24206 12 v
1.94176 3.24153 12 v
1.94676 3.24104 12 v
1.95172 3.24059 12 v
1.95665 3.24018 12 v
1.96155 3.23982 12 v
1.96642 3.23949 12 v
1.97126 3.2392 12 v
1.97608 3.23895 12 v
1.98086 3.23874 12 v
1.98562 3.23857 12 v
1.99034 3.23844 12 v
1.99504 3.23835 12 v
1.9997 3.2383 12 v

1.62455 3.4213 12 v
1.62767 3.41862 12 v
1.63087 3.41596 12 v
1.63412 3.41332 12 v
1.63745 3.41069 12 v
1.64084 3.40809 12 v
1.6443 3.4055 12 v
1.64783 3.40293 12 v
1.65143 3.40038 12 v
1.65509 3.39784 12 v
1.65882 3.39532 12 v
1.66262 3.39283 12 v
1.66648 3.39035 12 v
1.67042 3.38788 12 v
1.67442 3.38544 12 v
1.67848 3.38301 12 v
1.68262 3.3806 12 v
1.68682 3.37821 12 v
1.69109 3.37584 12 v
1.69542 3.37349 12 v
1.69983 3.37115 12 v
1.7043 3.36883 12 v
1.70884 3.36653 12 v
1.71344 3.36425 12 v
1.71811 3.36198 12 v
1.72285 3.35974 12 v
1.72766 3.35751 12 v
1.73254 3.3553 12 v
1.73748 3.3531 12 v
1.74249 3.35093 12 v
1.74756 3.34877 12 v
1.75271 3.34663 12 v
1.75792 3.34451 12 v
1.7632 3.34241 12 v
1.76854 3.34033 12 v
1.77396 3.33826 12 v
1.77944 3.33621 12 v
1.78499 3.33418 12 v
1.7906 3.33217 12 v
1.79628 3.33017 12 v
1.80204 3.3282 12 v
1.80781 3.32627 12 v
1.81358 3.32442 12 v
1.81933 3.32265 12 v
1.82507 3.32096 12 v
1.83079 3.31935 12 v
1.83651 3.31783 12 v
1.84221 3.31638 12 v
1.84789 3.315 12 v
1.85357 3.31371 12 v
1.85923 3.3125 12 v
1.86488 3.31137 12 v
1.87051 3.31032 12 v
1.87614 3.30935 12 v
1.88175 3.30845 12 v
1.88734 3.30764 12 v
1.89293 3.30691 12 v
1.8985 3.30626 12 v
1.90406 3.30568 12 v
1.90961 3.30519 12 v
1.91514 3.30477 12 v
1.92066 3.30444 12 v
1.92617 3.30418 12 v
1.93166 3.30401 12 v
1.93714 3.30391 12 v
1.94261 3.30389 12 v
1.94807 3.30396 12 v
1.95351 3.3041 12 v
1.95894 3.30432 12 v
1.96436 3.30462 12 v
1.96976 3.305 12 v
1.97515 3.30547 12 v
1.98053 3.30601 12 v
1.9859 3.30663 12 v
1.99125 3.30733 12 v
1.99659 3.30811 12 v
2.00192 3.30897 12 v
2.00723 3.30991 12 v
2.01254 3.31092 12 v
2.01782 3.31202 12 v
2.0231 3.3132 12 v

1.64432 3.50268 12 v
1.6474 3.49917 12 v
1.65054 3.49569 12 v
1.65374 3.49225 12 v
1.65699 3.48883 12 v
1.66031 3.48545 12 v
1.66368 3.48211 12 v
1.66711 3.47879 12 v
1.6706 3.47551 12 v
1.67415 3.47227 12 v
1.67775 3.46905 12 v
1.68142 3.46587 12 v
1.68514 3.46272 12 v
1.68892 3.4596 12 v
1.69275 3.45652 12 v
1.69665 3.45346 12 v
1.7006 3.45045 12 v
1.70461 3.44746 12 v
1.70868 3.44451 12 v
1.71281 3.44158 12 v
1.71699 3.4387 12 v
1.72123 3.43584 12 v
1.72553 3.43302 12 v
1.72989 3.43023 12 v
1.73431 3.42747 12 v
1.73879 3.42475 12 v
1.74332 3.42206 12 v
1.74791 3.4194 12 v
1.75256 3.41677 12 v
1.75726 3.41418 12 v
1.76203 3.41162 12 v
1.76685 3.40909 12 v
1.77173 3.40659 12 v
1.77667 3.40413 12 v
1.78167 3.4017 12 v
1.78672 3.3993 12 v
1.79184 3.39694 12 v
1.79701 3.39461 12 v
1.80224 3.39231 12 v
1.80752 3.39004 12 v
1.81287 3.38781 12 v
1.81824 3.38565 12 v
1.82363 3.38362 12 v
1.82901 3.38171 12 v
1.8344 3.37993 12 v
1.8398 3.37827 12 v
1.8452 3.37673 12 v
1.8506 3.37532 12 v
1.85601 3.37403 12 v
1.86142 3.37287 12 v
1.86684 3.37182 12 v
1.87226 3.37091 12 v
1.87769 3.37011 12 v
1.88312 3.36944 12 v
1.88856 3.36889 12 v
1.894 3.36847 12 v
1.89944 3.36817 12 v
1.90489 3.368 12 v
1.91035 3.36794 12 v
1.91581 3.36802 12 v
1.92127 3.36821 12 v
1.92674 3.36853 12 v
1.93221 3.36897 12 v
1.93769 3.36954 12 v
1.94317 3.37023 12 v
1.94866 3.37105 12 v
1.95415 3.37198 12 v
1.95964 3.37305 12 v
1.96515 3.37423 12 v
1.97065 3.37554 12 v
1.97616 3.37697 12 v
1.98167 3.37853 12 v
1.98719 3.38021 12 v
1.99272 3.38201 12 v
1.99825 3.38394 12 v
2.00378 3.38599 12 v
2.00932 3.38817 12 v
2.01486 3.39047 12 v
2.02041 3.39289 12 v
2.02596 3.39544 12 v
2.03151 3.39811 12 v

1.67411 3.58841 12 v
1.67696 3.58402 12 v
1.67985 3.57968 12 v
1.68279 3.57539 12 v
1.68577 3.57116 12 v
1.6888 3.56697 12 v
1.69187 3.56283 12 v
1.69499 3.55875 12 v
1.69815 3.55471 12 v
1.70136 3.55073 12 v
1.70461 3.5468 12 v
1.70791 3.54292 12 v
1.71125 3.53909 12 v
1.71463 3.5353 12 v
1.71807 3.53158 12 v
1.72154 3.5279 12 v
1.72506 3.52427 12 v
1.72863 3.52069 12 v
1.73224 3.51716 12 v
1.7359 3.51369 12 v
1.7396 3.51026 12 v
1.74334 3.50689 12 v
1.74713 3.50357 12 v
1.75097 3.50029 12 v
1.75485 3.49707 12 v
1.75877 3.4939 12 v
1.76274 3.49078 12 v
1.76676 3.48771 12 v
1.77082 3.48469 12 v
1.77492 3.48172 12 v
1.77907 3.47881 12 v
1.78327 3.47594 12 v
1.78751 3.47312 12 v
1.79179 3.47036 12 v
1.79612 3.46764 12 v
1.8005 3.46498 12 v
1.80492 3.46237 12 v
1.80938 3.45981 12 v
1.81389 3.4573 12 v
1.81844 3.45483 12 v
1.82304 3.45242 12 v
1.82767 3.45013 12 v
1.83232 3.448 12 v
1.837 3.44604 12 v
1.84169 3.44425 12 v
1.84641 3.44263 12 v
1.85115 3.44118 12 v
1.85591 3.4399 12 v
1.86069 3.43879 12 v
1.86549 3.43785 12 v
1.87032 3.43708 12 v
1.87516 3.43648 12 v
1.88003 3.43605 12 v
1.88492 3.43579 12 v
1.88983 3.4357 12 v
1.89476 3.43578 12 v
1.89971 3.43603 12 v
1.90468 3.43645 12 v
1.90967 3.43704 12 v
1.91469 3.4378 12 v
1.91973 3.43873 12 v
1.92479 3.43983 12 v
1.92987 3.4411 12 v
1.93497 3.44254 12 v
1.94009 3.44415 12 v
1.94523 3.44593 12 v
1.9504 3.44788 12 v
1.95558 3.45 12 v
1.96079 3.45229 12 v
1.96602 3.45475 12 v
1.97127 3.45738 12 v
1.97654 3.46018 12 v
1.98184 3.46315 12 v
1.98715 3.46629 12 v
1.99249 3.4696 12 v
1.99784 3.47308 12 v
2.00322 3.47673 12 v
2.00862 3.48055 12 v
2.01404 3.48454 12 v
2.01949 3.4887 12 v
2.02495 3.49303 12 v

1.96131 3.17339 13 u
1.96359 3.1764 13 u
1.96582 3.17943 13 u
1.96802 3.18249 13 u
1.97019 3.18557 13 u
1.97231 3.18868 13 u
1.9744 3.19181 13 u
1.97645 3.19497 13 u
1.97847 3.19815 13 u
1.98044 3.20136 13 u
1.98238 3.20459 13 u
1.98428 3.20785 13 u
1.98614 3.21114 13 u
1.98797 3.21444 13 u
1.98976 3.21778 13 u
1.99151 3.22113 13 u
1.99322 3.22452 13 u
1.9949 3.22792 13 u
1.99654 3.23136 13 u
1.99814 3.23481 13 u
1.9997 3.2383 13 u
2.00123 3.24181 13 u
2.00272 3.24534 13 u
2.00417 3.2489 13 u
2.00558 3.25248 13 u
2.00696 3.25609 13 u
2.0083 3.25972 13 u
2.0096 3.26338 13 u
2.01086 3.26706 13 u
2.01209 3.27077 13 u
2.01328 3.2745 13 u
2.01443 3.27826 13 u
2.01554 3.28204 13 u
2.01662 3.28585 13 u
2.01766 3.28968 13 u
2.01866 3.29354 13 u
2.01962 3.29742 13 u
2.02055 3.30133 13 u
2.02144 3.30526 13 u
2.02229 3.30922 13 u
2.0231 3.3132 13 u
2.02388 3.31721 13 u
2.02462 3.32124 13 u
2.02532 3.3253 13 u
2.02598 3.32938 13 u
2.02661 3.33349 13 u
2.0272 3.33762 13 u
2.02775 3.34178 13 u
2.02826 3.34596 13 u
2.02874 3.35017 13 u
2.02918 3.3544 13 u
2.02958 3.35866 13 u
2.02994 3.36294 13 u
2.03027 3.36725 13 u
2.03056 3.37158 13 u
2.03081 3.37594 13 u
2.03103 3.38032 13 u
2.03121 3.38473 13 u
2.03135 3.38917 13 u
2.03145 3.39362 13 u
2.03151 3.39811 13 u
2.03154 3.40262 13 u
2.03153 3.40715 13 u
2.03148 3.41171 13 u
2.0314 3.41629 13 u
2.03128 3.4209 13 u
2.03112 3.42553 13 u
2.03092 3.43019 13 u
2.03068 3.43487 13 u
2.03041 3.43958 13 u
2.0301 3.44432 13 u
2.02976 3.44908 13 u
2.02937 3.45386 13 u
2.02895 3.45867 13 u
2.02849 3.4635 13 u
2.02799 3.46836 13 u
2.02746 3.47324 13 u
2.02689 3.47815 13 u
2.02628 3.48309 13 u
2.02563 3.48805 13 u
2.02495 3.49303 13 u

2.03436 3.15403 13 u
2.03604 3.15697 13 u
2.0377 3.15993 13 u
2.03934 3.1629 13 u
2.04095 3.16589 13 u
2.04255 3.16891 13 u
2.04412 3.17194 13 u
2.04568 3.17499 13 u
2.04721 3.17805 13 u
2.04872 3.18114 13 u
2.05021 3.18424 13 u
2.05168 3.18736 13 u
2.05312 3.1905 13 u
2.05455 3.19366 13 u
2.05595 3.19684 13 u
2.05733 3.20004 13 u
2.05869 3.20325 13 u
2.06003 3.20648 13 u
2.06135 3.20973 13 u
2.06265 3.213 13 u
2.06392 3.21629 13 u
2.06518 3.2196 13 u
2.06641 3.22292 13 u
2.06762 3.22626 13 u
2.06881 3.22962 13 u
2.06998 3.233 13 u
2.07113 3.2364 13 u
2.07225 3.23982 13 u
2.07336 3.24325 13 u
2.07444 3.24671 13 u
2.0755 3.25018 13 u
2.07654 3.25367 13 u
2.07756 3.25717 13 u
2.07856 3.2607 13 u
2.07953 3.26425 13 u
2.08049 3.26781 13 u
2.08142 3.27139 13 u
2.08233 3.27499 13 u
2.08322 3.27861 13 u
2.08409 3.28225 13 u
2.08494 3.2859 13 u
2.08577 3.28957 13 u
2.08658 3.29326 13 u
2.08739 3.29697 13 u
2.08817 3.3007 13 u
2.08894 3.30444 13 u
2.0897 3.3082 13 u
2.09044 3.31197 13 u
2.09117 3.31577 13 u
2.09188 3.31958 13 u
2.09258 3.32341 13 u
2.09327 3.32725 13 u
2.09394 3.33111 13 u
2.09459 3.33499 13 u
2.09523 3.33889 13 u
2.09586 3.3428 13 u
2.09647 3.34673 13 u
2.09707 3.35068 13 u
2.09765 3.35465 13 u
2.09821 3.35863 13 u
2.09877 3.36263 13 u
2.09931 3.36665 13 u
2.09983 3.37068 13 u
2.10034 3.37473 13 u
2.10083 3.3788 13 u
2.10131 3.38289 13 u
2.10178 3.38699 13 u
2.10223 3.39111 13 u
2.10267 3.39525 13 u
2.10309 3.3994 13 u
2.1035 3.40357 13 u
2.10389 3.40776 13 u
2.10427 3.41197 13 u
2.10463 3.41619 13 u
2.10498 3.42043 13 u
2.10532 3.42469 13 u
2.10564 3.42897 13 u
2.10594 3.43326 13 u
2.10623 3.43757 13 u
2.10651 3.44189 13 u
2.10677 3.44624 13 u

2.10366 3.13259 13 u
2.10465 3.13575 13 u
2.10565 3.13889 13 u
2.10665 3.14204 13 u
2.10765 3.14518 13 u
2.10865 3.14832 13 u
2.10965 3.15146 13 u
2.11066 3.15459 13 u
2.11167 3.15772 13 u
2.11268 3.16085 13 u
2.11369 3.16397 13 u
2.11471 3.1671 13 u
2.11573 3.17022 13 u
2.11675 3.17333 13 u
2.11777 3.17645 13 u
2.11879 3.17956 13 u
2.11982 3.18267 13 u
2.12085 3.18577 13 u
2.12188 3.18888 13 u
2.12291 3.19198 13 u
2.12395 3.19507 13 u
2.12499 3.19817 13 u
2.12603 3.20126 13 u
2.12707 3.20435 13 u
2.12811 3.20743 13 u
2.12916 3.21052 13 u
2.13021 3.2136 13 u
2.13126 3.21667 13 u
2.13231 3.21975 13 u
2.13337 3.22282 13 u
2.13442 3.22589 13 u
2.13548 3.22896 13 u
2.13654 3.23202 13 u
2.13761 3.23508 13 u
2.13867 3.23814 13 u
2.13974 3.24119 13 u
2.14081 3.24424 13 u
2.14189 3.24729 13 u
2.14296 3.25034 13 u
2.14404 3.25338 13 u
2.14512 3.25642 13 u
2.1462 3.25948 13 u
2.14728 3.26256 13 u
2.14836 3.26566 13 u
2.14944 3.2688 13 u
2.15052 3.27196 13 u
2.15161 3.27514 13 u
2.15269 3.27836 13 u
2.15377 3.2816 13 u
2.15485 3.28487 13 u
2.15594 3.28816 13 u
2.15702 3.29148 13 u
2.15811 3.29483 13 u
2.15919 3.2982 13 u
2.16027 3.3016 13 u
2.16136 3.30503 13 u
2.16244 3.30849 13 u
2.16353 3.31197 13 u
2.16462 3.31548 13 u
2.1657 3.31901 13 u
2.16679 3.32257 13 u
2.16788 3.32616 13 u
2.16896 3.32978 13 u
2.17005 3.33342 13 u
2.17114 3.33709 13 u
2.17223 3.34079 13 u
2.17332 3.34451 13 u
2.1744 3.34826 13 u
2.17549 3.35203 13 u
2.17658 3.35584 13 u
2.17767 3.35967 13 u
2.17876 3.36352 13 u
2.17985 3.36741 13 u
2.18095 3.37132 13 u
2.18204 3.37525 13 u
2.18313 3.37922 13 u
2.18422 3.38321 13 u
2.18531 3.38723 13 u
2.1864 3.39127 13 u
2.1875 3.39534 13 u
2.18859 3.39944 13 u

2.16755 3.10991 13 u
2.16796 3.11326 13 u
2.16839 3.11658 13 u
2.16885 3.11988 13 u
2.16933 3.12316 13 u
2.16983 3.12642 13 u
2.17036 3.12965 13 u
2.17092 3.13286 13 u
2.1715 3.13605 13 u
2.1721 3.13921 13 u
2.17273 3.14236 13 u
2.17339 3.14548 13 u
2.17406 3.14857 13 u
2.17477 3.15165 13 u
2.1755 3.1547 13 u
2.17625 3.15773 13 u
2.17703 3.16074 13 u
2.17783 3.16372 13 u
2.17865 3.16668 13 u
2.17951 3.16962 13 u
2.18038 3.17254 13 u
2.18128 3.17543 13 u
2.18221 3.17831 13 u
2.18316 3.18115 13 u
2.18413 3.18398 13 u
2.18513 3.18678 13 u
2.18616 3.18957 13 u
2.1872 3.19232 13 u
2.18828 3.19506 13 u
2.18938 3.19777 13 u
2.1905 3.20046 13 u
2.19165 3.20313 13 u
2.19282 3.20578 13 u
2.19402 3.2084 13 u
2.19524 3.211 13 u
2.19648 3.21358 13 u
2.19776 3.21613 13 u
2.19905 3.21866 13 u
2.20037 3.22117 13 u
2.20172 3.22366 13 u
2.20309 3.22612 13 u
2.20448 3.22859 13 u
2.20588 3.2311 13 u
2.2073 3.23364 13 u
2.20874 3.23622 13 u
2.21019 3.23883 13 u
2.21165 3.24148 13 u
2.21313 3.24416 13 u
2.21463 3.24688 13 u
2.21614 3.24964 13 u
2.21766 3.25243 13 u
2.2192 3.25525 13 u
2.22076 3.25812 13 u
2.22233 3.26101 13 u
2.22391 3.26394 13 u
2.22551 3.26691 13 u
2.22713 3.26992 13 u
2.22876 3.27295 13 u
2.2304 3.27603 13 u
2.23206 3.27914 13 u
2.23374 3.28228 13 u
2.23543 3.28546 13 u
2.23714 3.28868 13 u
2.23886 3.29193 13 u
2.24059 3.29522 13 u
2.24234 3.29854 13 u
2.24411 3.3019 13 u
2.24589 3.30529 13 u
2.24769 3.30872 13 u
2.2495 3.31219 13 u
2.25132 3.31569 13 u
2.25316 3.31922 13 u
2.25502 3.32279 13 u
2.25689 3.3264 13 u
2.25878 3.33004 13 u
2.26068 3.33372 13 u
2.26259 3.33743 13 u
2.26453 3.34118 13 u
2.26647 3.34497 13 u
2.26843 3.34878 13 u
2.27041 3.35264 13 u

2.22437 3.08681 13 u
2.22449 3.09004 13 u
2.22464 3.09324 13 u
2.22483 3.09642 13 u
2.22506 3.09957 13 u
2.22532 3.10269 13 u
2.22563 3.1058 13 u
2.22597 3.10887 13 u
2.22634 3.11192 13 u
2.22676 3.11495 13 u
2.22721 3.11795 13 u
2.22771 3.12093 13 u
2.22823 3.12388 13 u
2.2288 3.12681 13 u
2.2294 3.12971 13 u
2.23005 3.13258 13 u
2.23073 3.13544 13 u
2.23144 3.13826 13 u
2.2322 3.14106 13 u
2.23299 3.14384 13 u
2.23382 3.14659 13 u
2.23468 3.14932 13 u
2.23559 3.15202 13 u
2.23653 3.15469 13 u
2.23751 3.15734 13 u
2.23853 3.15997 13 u
2.23958 3.16257 13 u
2.24068 3.16515 13 u
2.24181 3.1677 13 u
2.24297 3.17022 13 u
2.24418 3.17272 13 u
2.24542 3.1752 13 u
2.2467 3.17765 13 u
2.24802 3.18007 13 u
2.24938 3.18247 13 u
2.25077 3.18485 13 u
2.2522 3.1872 13 u
2.25367 3.18952 13 u
2.25518 3.19182 13 u
2.25672 3.1941 13 u
2.2583 3.19635 13 u
2.25992 3.1986 13 u
2.26157 3.20087 13 u
2.26327 3.20317 13 u
2.265 3.2055 13 u
2.26677 3.20785 13 u
2.26857 3.21022 13 u
2.27042 3.21262 13 u
2.2723 3.21505 13 u
2.27422 3.2175 13 u
2.27617 3.21997 13 u
2.27816 3.22247 13 u
2.28019 3.225 13 u
2.28226 3.22755 13 u
2.28437 3.23012 13 u
2.28651 3.23272 13 u
2.28869 3.23535 13 u
2.29091 3.238 13 u
2.29316 3.24067 13 u
2.29545 3.24337 13 u
2.29778 3.2461 13 u
2.30015 3.24885 13 u
2.30255 3.25162 13 u
2.305 3.25442 13 u
2.30747 3.25725 13 u
2.30999 3.2601 13 u
2.31255 3.26297 13 u
2.31514 3.26587 13 u
2.31777 3.2688 13 u
2.32043 3.27174 13 u
2.32314 3.27472 13 u
2.32588 3.27772 13 u
2.32866 3.28074 13 u
2.33147 3.28379 13 u
2.33432 3.28687 13 u
2.33722 3.28997 13 u
2.34014 3.29309 13 u
2.34311 3.29624 13 u
2.34611 3.29942 13 u
2.34915 3.30262 13 u
2.35223 3.30584 13 u

1.96131 3.17339 13 v
1.96505 3.17247 13 v
1.96878 3.17155 13 v
1.97251 3.17062 13 v
1.97622 3.16968 13 v
1.97992 3.16875 13 v
1.98362 3.1678 13 v
1.9873 3.16685 13 v
1.99098 3.1659 13 v
1.99464 3.16494 13 v
1.9983 3.16397 13 v
2.00195 3.163 13 v
2.00559 3.16202 13 v
2.00922 3.16104 13 v
2.01284 3.16006 13 v
2.01645 3.15907 13 v
2.02005 3.15807 13 v
2.02364 3.15707 13 v
2.02722 3.15606 13 v
2.03079 3.15505 13 v
2.03436 3.15403 13 v
2.03791 3.15301 13 v
2.04146 3.15198 13 v
2.04499 3.15095 13 v
2.04852 3.14991 13 v
2.05203 3.14887 13 v
2.05554 3.14782 13 v
2.05904 3.14676 13 v
2.06253 3.14571 13 v
2.06601 3.14464 13 v
2.06948 3.14357 13 v
2.07294 3.1425 13 v
2.07639 3.14142 13 v
2.07983 3.14033 13 v
2.08326 3.13924 13 v
2.08669 3.13815 13 v
2.0901 3.13705 13 v
2.0935 3.13594 13 v
2.0969 3.13483 13 v
2.10028 3.13372 13 v
2.10366 3.13259 13 v
2.10702 3.13147 13 v
2.11037 3.13035 13 v
2.11369 3.12922 13 v
2.117 3.12809 13 v
2.1203 3.12696 13 v
2.12357 3.12583 13 v
2.12683 3.1247 13 v
2.13007 3.12357 13 v
2.13329 3.12244 13 v
2.13649 3.12131 13 v
2.13968 3.12017 13 v
2.14284 3.11903 13 v
2.14599 3.1179 13 v
2.14913 3.11676 13 v
2.15224 3.11562 13 v
2.15534 3.11448 13 v
2.15842 3.11334 13 v
2.16148 3.1122 13 v
2.16453 3.11106 13 v
2.16755 3.10991 13 v
2.17056 3.10877 13 v
2.17355 3.10762 13 v
2.17653 3.10647 13 v
2.17948 3.10532 13 v
2.18242 3.10418 13 v
2.18534 3.10302 13 v
2.18824 3.10187 13 v
2.19113 3.10072 13 v
2.194 3.09957 13 v
2.19685 3.09841 13 v
2.19968 3.09726 13 v
2.20249 3.0961 13 v
2.20529 3.09494 13 v
2.20807 3.09378 13 v
2.21083 3.09262 13 v
2.21357 3.09146 13 v
2.2163 3.0903 13 v
2.21901 3.08914 13 v
2.2217 3.08797 13 v
2.22437 3.08681 13 v

1.9997 3.2383 13 v
2.00301 3.23718 13 v
2.00631 3.23606 13 v
2.0096 3.23495 13 v
2.01288 3.23383 13 v
2.01615 3.23272 13 v
2.01941 3.23161 13 v
2.02266 3.23051 13 v
2.02589 3.2294 13 v
2.02912 3.2283 13 v
2.03234 3.2272 13 v
2.03554 3.2261 13 v
2.03874 3.225 13 v
2.04192 3.2239 13 v
2.0451 3.22281 13 v
2.04826 3.22172 13 v
2.05141 3.22063 13 v
2.05456 3.21954 13 v
2.05769 3.21846 13 v
2.06081 3.21737 13 v
2.06392 3.21629 13 v
2.06702 3.21521 13 v
2.07011 3.21413 13 v
2.07319 3.21306 13 v
2.07626 3.21198 13 v
2.07932 3.21091 13 v
2.08237 3.20984 13 v
2.08541 3.20877 13 v
2.08844 3.20771 13 v
2.09145 3.20664 13 v
2.09446 3.20558 13 v
2.09746 3.20452 13 v
2.10044 3.20346 13 v
2.10342 3.20241 13 v
2.10638 3.20135 13 v
2.10934 3.2003 13 v
2.11228 3.19925 13 v
2.11521 3.1982 13 v
2.11814 3.19716 13 v
2.12105 3.19611 13 v
2.12395 3.19507 13 v
2.12684 3.19403 13 v
2.12973 3.19297 13 v
2.13261 3.19191 13 v
2.13548 3.19084 13 v
2.13834 3.18976 13 v
2.14119 3.18867 13 v
2.14404 3.18758 13 v
2.14688 3.18647 13 v
2.14971 3.18536 13 v
2.15254 3.18423 13 v
2.15536 3.1831 13 v
2.15817 3.18196 13 v
2.16097 3.18082 13 v
2.16377 3.17966 13 v
2.16655 3.17849 13 v
2.16933 3.17732 13 v
2.17211 3.17614 13 v
2.17487 3.17495 13 v
2.17763 3.17375 13 v
2.18038 3.17254 13 v
2.18312 3.17132 13 v
2.18586 3.1701 13 v
2.18859 3.16887 13 v
2.19131 3.16762 13 v
2.19402 3.16637 13 v
2.19673 3.16511 13 v
2.19942 3.16385 13 v
2.20212 3.16257 13 v
2.2048 3.16129 13 v
2.20747 3.15999 13 v
2.21014 3.15869 13 v
2.2128 3.15738 13 v
2.21546 3.15606 13 v
2.2181 3.15473 13 v
2.22074 3.1534 13 v
2.22337 3.15205 13 v
2.22599 3.1507 13 v
2.22861 3.14934 13 v
2.23122 3.14797 13 v
2.23382 3.14659 13 v

2.0231 3.3132 13 v
2.02623 3.31189 13 v
2.02936 3.31057 13 v
2.03248 3.30924 13 v
2.0356 3.30791 13 v
2.03872 3.30658 13 v
2.04183 3.30524 13 v
2.04493 3.30389 13 v
2.04804 3.30254 13 v
2.05113 3.30119 13 v
2.05423 3.29982 13 v
2.05732 3.29846 13 v
2.0604 3.29708 13 v
2.06348 3.2957 13 v
2.06656 3.29432 13 v
2.06964 3.29293 13 v
2.0727 3.29154 13 v
2.07577 3.29013 13 v
2.07883 3.28873 13 v
2.08189 3.28732 13 v
2.08494 3.2859 13 v
2.08799 3.28448 13 v
2.09103 3.28305 13 v
2.09407 3.28162 13 v
2.09711 3.28018 13 v
2.10014 3.27874 13 v
2.10317 3.27729 13 v
2.10619 3.27583 13 v
2.10921 3.27437 13 v
2.11223 3.27291 13 v
2.11524 3.27144 13 v
2.11824 3.26996 13 v
2.12125 3.26848 13 v
2.12424 3.26699 13 v
2.12724 3.2655 13 v
2.13023 3.264 13 v
2.13321 3.26249 13 v
2.1362 3.26099 13 v
2.13917 3.25947 13 v
2.14215 3.25795 13 v
2.14512 3.25642 13 v
2.14808 3.2549 13 v
2.15104 3.25337 13 v
2.15399 3.25185 13 v
2.15693 3.25032 13 v
2.15987 3.2488 13 v
2.1628 3.24728 13 v
2.16572 3.24576 13 v
2.16864 3.24424 13 v
2.17154 3.24272 13 v
2.17445 3.24121 13 v
2.17734 3.23969 13 v
2.18023 3.23818 13 v
2.18311 3.23667 13 v
2.18599 3.23516 13 v
2.18885 3.23365 13 v
2.19171 3.23214 13 v
2.19457 3.23064 13 v
2.19741 3.22913 13 v
2.20025 3.22763 13 v
2.20309 3.22612 13 v
2.20591 3.22462 13 v
2.20873 3.22312 13 v
2.21154 3.22162 13 v
2.21435 3.22013 13 v
2.21715 3.21863 13 v
2.21994 3.21714 13 v
2.22272 3.21564 13 v
2.2255 3.21415 13 v
2.22827 3.21266 13 v
2.23104 3.21117 13 v
2.2338 3.20968 13 v
2.23655 3.2082 13 v
2.23929 3.20671 13 v
2.24203 3.20523 13 v
2.24476 3.20374 13 v
2.24748 3.20226 13 v
2.25019 3.20078 13 v
2.2529 3.1993 13 v
2.2556 3.19783 13 v
2.2583 3.19635 13 v

2.03151 3.39811 13 v
2.03486 3.39644 13 v
2.0382 3.39477 13 v
2.04155 3.39308 13 v
2.0449 3.39138 13 v
2.04825 3.38967 13 v
2.05161 3.38794 13 v
2.05496 3.38621 13 v
2.05832 3.38447 13 v
2.06168 3.38271 13 v
2.06504 3.38094 13 v
2.06841 3.37916 13 v
2.07177 3.37737 13 v
2.07514 3.37557 13 v
2.07851 3.37375 13 v
2.08188 3.37193 13 v
2.08526 3.37009 13 v
2.08863 3.36824 13 v
2.09201 3.36638 13 v
2.09539 3.36451 13 v
2.09877 3.36263 13 v
2.10215 3.36073 13 v
2.10554 3.35883 13 v
2.10892 3.35691 13 v
2.11231 3.35498 13 v
2.1157 3.35304 13 v
2.11909 3.35109 13 v
2.12249 3.34913 13 v
2.12588 3.34716 13 v
2.12928 3.34517 13 v
2.13268 3.34317 13 v
2.13608 3.34117 13 v
2.13949 3.33915 13 v
2.14289 3.33711 13 v
2.1463 3.33507 13 v
2.14971 3.33302 13 v
2.15312 3.33095 13 v
2.15654 3.32887 13 v
2.15995 3.32679 13 v
2.16337 3.32469 13 v
2.16679 3.32257 13 v
2.17021 3.32046 13 v
2.17362 3.31836 13 v
2.17702 3.31627 13 v
2.18041 3.31419 13 v
2.1838 3.31212 13 v
2.18718 3.31006 13 v
2.19055 3.308 13 v
2.19392 3.30596 13 v
2.19728 3.30393 13 v
2.20063 3.30192 13 v
2.20397 3.29991 13 v
2.20731 3.29791 13 v
2.21064 3.29592 13 v
2.21396 3.29394 13 v
2.21727 3.29197 13 v
2.22058 3.29001 13 v
2.22388 3.28806 13 v
2.22718 3.28613 13 v
2.23046 3.2842 13 v
2.23374 3.28228 13 v
2.23701 3.28038 13 v
2.24027 3.27848 13 v
2.24353 3.27659 13 v
2.24678 3.27472 13 v
2.25002 3.27285 13 v
2.25326 3.271 13 v
2.25649 3.26915 13 v
2.25971 3.26732 13 v
2.26292 3.26549 13 v
2.26612 3.26368 13 v
2.26932 3.26187 13 v
2.27251 3.26008 13 v
2.2757 3.2583 13 v
2.27888 3.25652 13 v
2.28204 3.25476 13 v
2.28521 3.25301 13 v
2.28836 3.25126 13 v
2.29151 3.24953 13 v
2.29465 3.24781 13 v
2.29778 3.2461 13 v

2.02495 3.49303 13 v
2.02904 3.49069 13 v
2.03313 3.48835 13 v
2.03722 3.48601 13 v
2.04131 3.48367 13 v
2.0454 3.48133 13 v
2.0495 3.47899 13 v
2.05359 3.47665 13 v
2.05768 3.47431 13 v
2.06177 3.47197 13 v
2.06586 3.46963 13 v
2.06995 3.46729 13 v
2.07404 3.46496 13 v
2.07813 3.46262 13 v
2.08222 3.46028 13 v
2.08631 3.45794 13 v
2.09041 3.4556 13 v
2.0945 3.45326 13 v
2.09859 3.45092 13 v
2.10268 3.44858 13 v
2.10677 3.44624 13 v
2.11086 3.4439 13 v
2.11495 3.44156 13 v
2.11904 3.43922 13 v
2.12313 3.43688 13 v
2.12723 3.43454 13 v
2.13132 3.4322 13 v
2.13541 3.42986 13 v
2.1395 3.42752 13 v
2.14359 3.42518 13 v
2.14768 3.42284 13 v
2.15177 3.4205 13 v
2.15586 3.41816 13 v
2.15995 3.41582 13 v
2.16404 3.41348 13 v
2.16813 3.41114 13 v
2.17223 3.4088 13 v
2.17632 3.40646 13 v
2.18041 3.40412 13 v
2.1845 3.40178 13 v
2.18859 3.39944 13 v
2.19268 3.3971 13 v
2.19677 3.39476 13 v
2.20086 3.39242 13 v
2.20495 3.39008 13 v
2.20904 3.38774 13 v
2.21314 3.3854 13 v
2.21723 3.38306 13 v
2.22132 3.38072 13 v
2.22541 3.37838 13 v
2.2295 3.37604 13 v
2.23359 3.3737 13 v
2.23768 3.37136 13 v
2.24177 3.36902 13 v
2.24586 3.36668 13 v
2.24995 3.36434 13 v
2.25405 3.362 13 v
2.25814 3.35966 13 v
2.26223 3.35732 13 v
2.26632 3.35498 13 v
2.27041 3.35264 13 v
2.2745 3.3503 13 v
2.27859 3.34796 13 v
2.28268 3.34562 13 v
2.28677 3.34328 13 v
2.29087 3.34094 13 v
2.29496 3.3386 13 v
2.29905 3.33626 13 v
2.30314 3.33392 13 v
2.30723 3.33158 13 v
2.31132 3.32924 13 v
2.31541 3.3269 13 v
2.3195 3.32456 13 v
2.32359 3.32222 13 v
2.32768 3.31988 13 v
2.33178 3.31754 13 v
2.33587 3.3152 13 v
2.33996 3.31286 13 v
2.34405 3.31052 13 v
2.34814 3.30818 13 v
2.35223 3.30584 13 v

2.22437 3.08681 14 u
2.22449 3.09004 14 u
2.22464 3.09324 14 u
2.22483 3.09642 14 u
2.22506 3.09957 14 u
2.22532 3.10269 14 u
2.22563 3.1058 14 u
2.22597 3.10887 14 u
2.22634 3.11192 14 u
2.22676 3.11495 14 u
2.22721 3.11795 14 u
2.22771 3.12093 14 u
2.22823 3.12388 14 u
2.2288 3.12681 14 u
2.2294 3.12971 14 u
2.23005 3.13258 14 u
2.23073 3.13544 14 u
2.23144 3.13826 14 u
2.2322 3.14106 14 u
2.23299 3.14384 14 u
2.23382 3.14659 14 u
2.23468 3.14932 14 u
2.23559 3.15202 14 u
2.23653 3.15469 14 u
2.23751 3.15734 14 u
2.23853 3.15997 14 u
2.23958 3.16257 14 u
2.24068 3.16515 14 u
2.24181 3.1677 14 u
2.24297 3.17022 14 u
2.24418 3.17272 14 u
2.24542 3.1752 14 u
2.2467 3.17765 14 u
2.24802 3.18007 14 u
2.24938 3.18247 14 u
2.25077 3.18485 14 u
2.2522 3.1872 14 u
2.25367 3.18952 14 u
2.25518 3.19182 14 u
2.25672 3.1941 14 u
2.2583 3.19635 14 u
2.25992 3.1986 14 u
2.26157 3.20087 14 u
2.26327 3.20317 14 u
2.265 3.2055 14 u
2.26677 3.20785 14 u
2.26857 3.21022 14 u
2.27042 3.21262 14 u
2.2723 3.21505 14 u
2.27422 3.2175 14 u
2.27617 3.21997 14 u
2.27816 3.22247 14 u
2.28019 3.225 14 u
2.28226 3.22755 14 u
2.28437 3.23012 14 u
2.28651 3.23272 14 u
2.28869 3.23535 14 u
2.29091 3.238 14 u
2.29316 3.24067 14 u
2.29545 3.24337 14 u
2.29778 3.2461 14 u
2.30015 3.24885 14 u
2.30255 3.25162 14 u
2.305 3.25442 14 u
2.30747 3.25725 14 u
2.30999 3.2601 14 u
2.31255 3.26297 14 u
2.31514 3.26587 14 u
2.31777 3.2688 14 u
2.32043 3.27174 14 u
2.32314 3.27472 14 u
2.32588 3.27772 14 u
2.32866 3.28074 14 u
2.33147 3.28379 14 u
2.33432 3.28687 14 u
2.33722 3.28997 14 u
2.34014 3.29309 14 u
2.34311 3.29624 14 u
2.34611 3.29942 14 u
2.34915 3.30262 14 u
2.35223 3.30584 14 u

2.28285 3.06111 14 u
2.2833 3.06348 14 u
2.28377 3.06583 14 u
2.28427 3.06816 14 u
2.28479 3.07048 14 u
2.28533 3.07278 14 u
2.2859 3.07506 14 u
2.28649 3.07733 14 u
2.2871 3.07958 14 u
2.28774 3.08181 14 u
2.28841 3.08402 14 u
2.2891 3.08622 14 u
2.28981 3.0884 14 u
2.29055 3.09056 14 u
2.29131 3.0927 14 u
2.29209 3.09483 14 u
2.2929 3.09694 14 u
2.29373 3.09903 14 u
2.29459 3.10111 14 u
2.29547 3.10317 14 u
2.29638 3.10521 14 u
2.29731 3.10723 14 u
2.29826 3.10924 14 u
2.29924 3.11123 14 u
2.30024 3.1132 14 u
2.30127 3.11515 14 u
2.30232 3.11709 14 u
2.30339 3.11901 14 u
2.30449 3.12091 14 u
2.30561 3.1228 14 u
2.30676 3.12466 14 u
2.30793 3.12651 14 u
2.30912 3.12835 14 u
2.31034 3.13016 14 u
2.31159 3.13196 14 u
2.31285 3.13374 14 u
2.31415 3.13551 14 u
2.31546 3.13725 14 u
2.3168 3.13898 14 u
2.31816 3.1407 14 u
2.31955 3.14239 14 u
2.32096 3.14409 14 u
2.3224 3.1458 14 u
2.32386 3.14753 14 u
2.32535 3.14929 14 u
2.32686 3.15106 14 u
2.32839 3.15285 14 u
2.32995 3.15466 14 u
2.33153 3.15649 14 u
2.33314 3.15834 14 u
2.33477 3.16021 14 u
2.33643 3.16209 14 u
2.33811 3.164 14 u
2.33982 3.16592 14 u
2.34155 3.16787 14 u
2.3433 3.16983 14 u
2.34508 3.17182 14 u
2.34688 3.17382 14 u
2.34871 3.17584 14 u
2.35056 3.17788 14 u
2.35244 3.17994 14 u
2.35434 3.18201 14 u
2.35626 3.18411 14 u
2.35821 3.18623 14 u
2.36019 3.18836 14 u
2.36219 3.19052 14 u
2.36421 3.19269 14 u
2.36626 3.19488 14 u
2.36833 3.1971 14 u
2.37042 3.19933 14 u
2.37255 3.20158 14 u
2.37469 3.20385 14 u
2.37686 3.20614 14 u
2.37905 3.20844 14 u
2.38127 3.21077 14 u
2.38352 3.21312 14 u
2.38578 3.21548 14 u
2.38807 3.21787 14 u
2.39039 3.22027 14 u
2.39273 3.22269 14 u
2.3951 3.22513 14 u

2.35174 3.03062 14 u
2.35285 3.03259 14 u
2.35397 3.03456 14 u
2.35509 3.03653 14 u
2.35621 3.03849 14 u
2.35734 3.04045 14 u
2.35847 3.04241 14 u
2.3596 3.04436 14 u
2.36074 3.04631 14 u
2.36188 3.04825 14 u
2.36302 3.05019 14 u
2.36417 3.05213 14 u
2.36533 3.05406 14 u
2.36648 3.05599 14 u
2.36764 3.05792 14 u
2.36881 3.05984 14 u
2.36998 3.06176 14 u
2.37115 3.06367 14 u
2.37232 3.06559 14 u
2.3735 3.06749 14 u
2.37468 3.0694 14 u
2.37587 3.0713 14 u
2.37706 3.07319 14 u
2.37826 3.07509 14 u
2.37945 3.07698 14 u
2.38066 3.07886 14 u
2.38186 3.08074 14 u
2.38307 3.08262 14 u
2.38428 3.0845 14 u
2.3855 3.08637 14 u
2.38672 3.08823 14 u
2.38794 3.0901 14 u
2.38917 3.09196 14 u
2.3904 3.09381 14 u
2.39164 3.09566 14 u
2.39288 3.09751 14 u
2.39412 3.09936 14 u
2.39537 3.1012 14 u
2.39662 3.10304 14 u
2.39787 3.10487 14 u
2.39913 3.1067 14 u
2.40039 3.10853 14 u
2.40167 3.11037 14 u
2.40296 3.11222 14 u
2.40425 3.11407 14 u
2.40556 3.11593 14 u
2.40687 3.1178 14 u
2.4082 3.11967 14 u
2.40954 3.12155 14 u
2.41088 3.12344 14 u
2.41224 3.12534 14 u
2.41361 3.12724 14 u
2.41499 3.12915 14 u
2.41638 3.13107 14 u
2.41778 3.13299 14 u
2.41918 3.13492 14 u
2.4206 3.13686 14 u
2.42203 3.1388 14 u
2.42347 3.14075 14 u
2.42492 3.14271 14 u
2.42638 3.14468 14 u
2.42785 3.14665 14 u
2.42934 3.14863 14 u
2.43083 3.15062 14 u
2.43233 3.15262 14 u
2.43384 3.15462 14 u
2.43536 3.15663 14 u
2.4369 3.15864 14 u
2.43844 3.16066 14 u
2.43999 3.16269 14 u
2.44155 3.16473 14 u
2.44313 3.16678 14 u
2.44471 3.16883 14 u
2.44631 3.17088 14 u
2.44791 3.17295 14 u
2.44953 3.17502 14 u
2.45115 3.1771 14 u
2.45279 3.17919 14 u
2.45443 3.18128 14 u
2.45609 3.18338 14 u
2.45775 3.18549 14 u

2.43187 2.97994 14 u
2.43379 2.98225 14 u
2.4357 2.98457 14 u
2.4376 2.98689 14 u
2.43947 2.98923 14 u
2.44132 2.99158 14 u
2.44316 2.99393 14 u
2.44498 2.9963 14 u
2.44678 2.99868 14 u
2.44856 3.00106 14 u
2.45032 3.00346 14 u
2.45206 3.00587 14 u
2.45379 3.00829 14 u
2.4555 3.01072 14 u
2.45719 3.01315 14 u
2.45886 3.0156 14 u
2.46051 3.01806 14 u
2.46214 3.02053 14 u
2.46376 3.02301 14 u
2.46535 3.0255 14 u
2.46693 3.028 14 u
2.46849 3.03051 14 u
2.47003 3.03303 14 u
2.47155 3.03556 14 u
2.47306 3.0381 14 u
2.47454 3.04065 14 u
2.47601 3.04321 14 u
2.47746 3.04578 14 u
2.47889 3.04836 14 u
2.4803 3.05096 14 u
2.48169 3.05356 14 u
2.48307 3.05617 14 u
2.48442 3.05879 14 u
2.48576 3.06142 14 u
2.48708 3.06407 14 u
2.48838 3.06672 14 u
2.48966 3.06938 14 u
2.49092 3.07205 14 u
2.49217 3.07474 14 u
2.4934 3.07743 14 u
2.4946 3.08013 14 u
2.4958 3.08284 14 u
2.49699 3.08554 14 u
2.49816 3.08824 14 u
2.49933 3.09094 14 u
2.50049 3.09363 14 u
2.50164 3.09632 14 u
2.50278 3.099 14 u
2.50391 3.10168 14 u
2.50503 3.10436 14 u
2.50614 3.10703 14 u
2.50725 3.1097 14 u
2.50834 3.11236 14 u
2.50943 3.11503 14 u
2.51051 3.11768 14 u
2.51158 3.12034 14 u
2.51263 3.12299 14 u
2.51368 3.12563 14 u
2.51473 3.12827 14 u
2.51576 3.13091 14 u
2.51678 3.13354 14 u
2.51779 3.13617 14 u
2.5188 3.1388 14 u
2.5198 3.14142 14 u
2.52078 3.14404 14 u
2.52176 3.14666 14 u
2.52273 3.14927 14 u
2.52369 3.15188 14 u
2.52464 3.15448 14 u
2.52558 3.15708 14 u
2.52651 3.15967 14 u
2.52744 3.16227 14 u
2.52835 3.16485 14 u
2.52926 3.16744 14 u
2.53016 3.17002 14 u
2.53104 3.17259 14 u
2.53192 3.17517 14 u
2.53279 3.17774 14 u
2.53365 3.1803 14 u
2.5345 3.18286 14 u
2.53535 3.18542 14 u

2.52406 2.89368 14 u
2.52678 2.89731 14 u
2.52946 2.90096 14 u
2.5321 2.90463 14 u
2.53471 2.90831 14 u
2.53728 2.91202 14 u
2.53981 2.91574 14 u
2.5423 2.91949 14 u
2.54476 2.92325 14 u
2.54717 2.92703 14 u
2.54956 2.93083 14 u
2.5519 2.93465 14 u
2.5542 2.93848 14 u
2.55647 2.94234 14 u
2.5587 2.94622 14 u
2.5609 2.95011 14 u
2.56305 2.95402 14 u
2.56517 2.95795 14 u
2.56725 2.9619 14 u
2.5693 2.96587 14 u
2.5713 2.96986 14 u
2.57327 2.97386 14 u
2.5752 2.97789 14 u
2.5771 2.98193 14 u
2.57895 2.98599 14 u
2.58077 2.99008 14 u
2.58255 2.99418 14 u
2.58429 2.9983 14 u
2.586 3.00243 14 u
2.58767 3.00659 14 u
2.5893 3.01076 14 u
2.59089 3.01496 14 u
2.59245 3.01917 14 u
2.59397 3.0234 14 u
2.59545 3.02765 14 u
2.59689 3.03192 14 u
2.5983 3.03621 14 u
2.59967 3.04052 14 u
2.601 3.04484 14 u
2.60229 3.04919 14 u
2.60355 3.05355 14 u
2.60477 3.05792 14 u
2.60595 3.06228 14 u
2.60709 3.06664 14 u
2.6082 3.07099 14 u
2.60927 3.07533 14 u
2.6103 3.07967 14 u
2.61129 3.084 14 u
2.61225 3.08833 14 u
2.61317 3.09265 14 u
2.61405 3.09696 14 u
2.61489 3.10127 14 u
2.6157 3.10557 14 u
2.61646 3.10986 14 u
2.6172 3.11415 14 u
2.61789 3.11843 14 u
2.61854 3.12271 14 u
2.61916 3.12698 14 u
2.61974 3.13124 14 u
2.62028 3.13549 14 u
2.62079 3.13974 14 u
2.62126 3.14399 14 u
2.62169 3.14823 14 u
2.62208 3.15246 14 u
2.62244 3.15668 14 u
2.62275 3.1609 14 u
2.62303 3.16511 14 u
2.62328 3.16932 14 u
2.62348 3.17352 14 u
2.62365 3.17771 14 u
2.62378 3.1819 14 u
2.62387 3.18608 14 u
2.62392 3.19026 14 u
2.62394 3.19443 14 u
2.62392 3.19859 14 u
2.62386 3.20274 14 u
2.62377 3.20689 14 u
2.62363 3.21104 14 u
2.62346 3.21517 14 u
2.62326 3.21931 14 u
2.62301 3.22343 14 u

2.22437 3.08681 14 v
2.22705 3.08564 14 v
2.22975 3.08446 14 v
2.23248 3.08326 14 v
2.23523 3.08205 14 v
2.23802 3.08083 14 v
2.24082 3.0796 14 v
2.24366 3.07836 14 v
2.24651 3.0771 14 v
2.2494 3.07584 14 v
2.25231 3.07456 14 v
2.25525 3.07327 14 v
2.25821 3.07196 14 v
2.2612 3.07065 14 v
2.26422 3.06932 14 v
2.26726 3.06798 14 v
2.27032 3.06663 14 v
2.27342 3.06527 14 v
2.27654 3.06389 14 v
2.27968 3.06251 14 v
2.28285 3.06111 14 v
2.28605 3.0597 14 v
2.28927 3.05827 14 v
2.29252 3.05684 14 v
2.2958 3.05539 14 v
2.2991 3.05393 14 v
2.30243 3.05246 14 v
2.30578 3.05098 14 v
2.30916 3.04949 14 v
2.31256 3.04798 14 v
2.316 3.04646 14 v
2.31945 3.04493 14 v
2.32294 3.04339 14 v
2.32645 3.04183 14 v
2.32998 3.04027 14 v
2.33354 3.03869 14 v
2.33713 3.0371 14 v
2.34074 3.0355 14 v
2.34438 3.03388 14 v
2.34805 3.03226 14 v
2.35174 3.03062 14 v
2.35546 3.02893 14 v
2.35921 3.02715 14 v
2.36299 3.02529 14 v
2.3668 3.02333 14 v
2.37064 3.02129 14 v
2.37451 3.01915 14 v
2.37841 3.01693 14 v
2.38234 3.01462 14 v
2.3863 3.01222 14 v
2.39029 3.00973 14 v
2.39432 3.00715 14 v
2.39837 3.00449 14 v
2.40245 3.00173 14 v
2.40656 2.99888 14 v
2.4107 2.99595 14 v
2.41487 2.99293 14 v
2.41908 2.98982 14 v
2.42331 2.98661 14 v
2.42757 2.98332 14 v
2.43187 2.97994 14 v
2.43619 2.97648 14 v
2.44054 2.97292 14 v
2.44492 2.96927 14 v
2.44934 2.96554 14 v
2.45378 2.96172 14 v
2.45826 2.9578 14 v
2.46276 2.9538 14 v
2.46729 2.94971 14 v
2.47186 2.94553 14 v
2.47645 2.94126 14 v
2.48108 2.9369 14 v
2.48573 2.93246 14 v
2.49042 2.92792 14 v
2.49513 2.9233 14 v
2.49988 2.91858 14 v
2.50466 2.91378 14 v
2.50946 2.90889 14 v
2.5143 2.90391 14 v
2.51916 2.89884 14 v
2.52406 2.89368 14 v

2.23382 3.14659 14 v
2.23657 3.14439 14 v
2.23936 3.1422 14 v
2.2422 3.14003 14 v
2.24507 3.13787 14 v
2.24798 3.13572 14 v
2.25093 3.13359 14 v
2.25392 3.13147 14 v
2.25695 3.12937 14 v
2.26002 3.12728 14 v
2.26313 3.1252 14 v
2.26628 3.12314 14 v
2.26946 3.12109 14 v
2.27269 3.11906 14 v
2.27596 3.11704 14 v
2.27926 3.11503 14 v
2.28261 3.11304 14 v
2.28599 3.11106 14 v
2.28941 3.1091 14 v
2.29288 3.10715 14 v
2.29638 3.10521 14 v
2.29992 3.10329 14 v
2.3035 3.10138 14 v
2.30712 3.09948 14 v
2.31078 3.0976 14 v
2.31448 3.09573 14 v
2.31822 3.09388 14 v
2.32199 3.09204 14 v
2.32581 3.09022 14 v
2.32967 3.0884 14 v
2.33356 3.08661 14 v
2.3375 3.08482 14 v
2.34147 3.08305 14 v
2.34549 3.0813 14 v
2.34954 3.07956 14 v
2.35363 3.07783 14 v
2.35776 3.07611 14 v
2.36194 3.07441 14 v
2.36615 3.07273 14 v
2.3704 3.07106 14 v
2.37468 3.0694 14 v
2.37901 3.06773 14 v
2.38336 3.06601 14 v
2.38775 3.06426 14 v
2.39216 3.06246 14 v
2.39661 3.06062 14 v
2.40108 3.05874 14 v
2.40559 3.05681 14 v
2.41013 3.05485 14 v
2.41469 3.05284 14 v
2.41929 3.05079 14 v
2.42392 3.0487 14 v
2.42858 3.04657 14 v
2.43326 3.04439 14 v
2.43798 3.04218 14 v
2.44273 3.03992 14 v
2.44751 3.03762 14 v
2.45232 3.03528 14 v
2.45716 3.03289 14 v
2.46203 3.03047 14 v
2.46693 3.028 14 v
2.47186 3.02549 14 v
2.47682 3.02294 14 v
2.48181 3.02035 14 v
2.48683 3.01771 14 v
2.49189 3.01503 14 v
2.49697 3.01231 14 v
2.50208 3.00955 14 v
2.50722 3.00675 14 v
2.5124 3.00391 14 v
2.5176 3.00102 14 v
2.52283 2.99809 14 v
2.5281 2.99512 14 v
2.53339 2.99211 14 v
2.53872 2.98906 14 v
2.54407 2.98596 14 v
2.54946 2.98283 14 v
2.55487 2.97965 14 v
2.56032 2.97643 14 v
2.5658 2.97316 14 v
2.5713 2.96986 14 v

2.2583 3.19635 14 v
2.26093 3.19322 14 v
2.2636 3.19013 14 v
2.26632 3.18709 14 v
2.26908 3.1841 14 v
2.2719 3.18115 14 v
2.27475 3.17824 14 v
2.27765 3.17539 14 v
2.2806 3.17257 14 v
2.2836 3.16981 14 v
2.28664 3.16709 14 v
2.28972 3.16441 14 v
2.29285 3.16178 14 v
2.29603 3.1592 14 v
2.29925 3.15666 14 v
2.30252 3.15417 14 v
2.30584 3.15172 14 v
2.3092 3.14932 14 v
2.3126 3.14696 14 v
2.31605 3.14465 14 v
2.31955 3.14239 14 v
2.3231 3.14017 14 v
2.32669 3.138 14 v
2.33032 3.13587 14 v
2.334 3.13379 14 v
2.33773 3.13175 14 v
2.3415 3.12976 14 v
2.34532 3.12782 14 v
2.34918 3.12592 14 v
2.35309 3.12407 14 v
2.35705 3.12226 14 v
2.36105 3.1205 14 v
2.3651 3.11878 14 v
2.36919 3.11711 14 v
2.37333 3.11549 14 v
2.37752 3.11391 14 v
2.38175 3.11238 14 v
2.38603 3.11089 14 v
2.39035 3.10945 14 v
2.39472 3.10805 14 v
2.39913 3.1067 14 v
2.40358 3.10537 14 v
2.40807 3.10404 14 v
2.41259 3.10272 14 v
2.41715 3.10139 14 v
2.42174 3.10006 14 v
2.42636 3.09873 14 v
2.43101 3.0974 14 v
2.4357 3.09608 14 v
2.44043 3.09475 14 v
2.44518 3.09342 14 v
2.44997 3.09209 14 v
2.4548 3.09076 14 v
2.45966 3.08944 14 v
2.46455 3.08811 14 v
2.46947 3.08678 14 v
2.47443 3.08545 14 v
2.47943 3.08412 14 v
2.48445 3.08279 14 v
2.48951 3.08146 14 v
2.4946 3.08013 14 v
2.49973 3.07881 14 v
2.50489 3.07748 14 v
2.51009 3.07615 14 v
2.51532 3.07482 14 v
2.52058 3.07349 14 v
2.52587 3.07216 14 v
2.5312 3.07083 14 v
2.53657 3.0695 14 v
2.54196 3.06817 14 v
2.54739 3.06684 14 v
2.55286 3.06552 14 v
2.55836 3.06419 14 v
2.56389 3.06286 14 v
2.56945 3.06153 14 v
2.57505 3.0602 14 v
2.58068 3.05887 14 v
2.58635 3.05754 14 v
2.59205 3.05621 14 v
2.59778 3.05488 14 v
2.60355 3.05355 14 v

2.29778 3.2461 14 v
2.30006 3.24206 14 v
2.30238 3.23809 14 v
2.30475 3.2342 14 v
2.30717 3.23039 14 v
2.30964 3.22666 14 v
2.31215 3.223 14 v
2.31472 3.21943 14 v
2.31733 3.21592 14 v
2.31999 3.2125 14 v
2.3227 3.20915 14 v
2.32546 3.20588 14 v
2.32826 3.20269 14 v
2.33111 3.19958 14 v
2.33402 3.19654 14 v
2.33697 3.19358 14 v
2.33996 3.1907 14 v
2.34301 3.18789 14 v
2.3461 3.18516 14 v
2.34925 3.18251 14 v
2.35244 3.17994 14 v
2.35568 3.17744 14 v
2.35896 3.17502 14 v
2.3623 3.17268 14 v
2.36568 3.17041 14 v
2.36912 3.16822 14 v
2.3726 3.16611 14 v
2.37612 3.16408 14 v
2.3797 3.16213 14 v
2.38333 3.16025 14 v
2.387 3.15844 14 v
2.39072 3.15672 14 v
2.39449 3.15507 14 v
2.39831 3.1535 14 v
2.40217 3.15201 14 v
2.40609 3.1506 14 v
2.41005 3.14926 14 v
2.41406 3.148 14 v
2.41812 3.14681 14 v
2.42223 3.14571 14 v
2.42638 3.14468 14 v
2.43058 3.14371 14 v
2.43481 3.14279 14 v
2.43908 3.1419 14 v
2.44337 3.14107 14 v
2.44771 3.14027 14 v
2.45207 3.13952 14 v
2.45647 3.13881 14 v
2.46091 3.13815 14 v
2.46538 3.13752 14 v
2.46988 3.13695 14 v
2.47442 3.13641 14 v
2.47899 3.13592 14 v
2.48359 3.13547 14 v
2.48823 3.13506 14 v
2.49291 3.1347 14 v
2.49761 3.13438 14 v
2.50235 3.13411 14 v
2.50713 3.13388 14 v
2.51194 3.13369 14 v
2.51678 3.13354 14 v
2.52166 3.13344 14 v
2.52657 3.13338 14 v
2.53151 3.13337 14 v
2.53649 3.1334 14 v
2.54151 3.13347 14 v
2.54655 3.13358 14 v
2.55164 3.13374 14 v
2.55675 3.13394 14 v
2.5619 3.13419 14 v
2.56708 3.13448 14 v
2.5723 3.13481 14 v
2.57755 3.13518 14 v
2.58284 3.1356 14 v
2.58816 3.13606 14 v
2.59351 3.13657 14 v
2.5989 3.13712 14 v
2.60432 3.13771 14 v
2.60978 3.13834 14 v
2.61527 3.13902 14 v
2.62079 3.13974 14 v

2.35223 3.30584 14 v
2.3539 3.30083 14 v
2.35563 3.29592 14 v
2.3574 3.29112 14 v
2.35922 3.28641 14 v
2.36109 3.28181 14 v
2.36301 3.27732 14 v
2.36498 3.27292 14 v
2.367 3.26863 14 v
2.36907 3.26444 14 v
2.37119 3.26035 14 v
2.37336 3.25637 14 v
2.37557 3.25249 14 v
2.37784 3.24871 14 v
2.38016 3.24503 14 v
2.38252 3.24146 14 v
2.38494 3.23799 14 v
2.3874 3.23462 14 v
2.38992 3.23136 14 v
2.39248 3.22819 14 v
2.3951 3.22513 14 v
2.39776 3.22218 14 v
2.40047 3.21932 14 v
2.40323 3.21657 14 v
2.40604 3.21392 14 v
2.40891 3.21137 14 v
2.41182 3.20893 14 v
2.41478 3.20659 14 v
2.41778 3.20435 14 v
2.42084 3.20221 14 v
2.42395 3.20018 14 v
2.42711 3.19825 14 v
2.43032 3.19642 14 v
2.43357 3.19469 14 v
2.43688 3.19307 14 v
2.44023 3.19155 14 v
2.44364 3.19013 14 v
2.44709 3.18882 14 v
2.4506 3.18761 14 v
2.45415 3.1865 14 v
2.45775 3.18549 14 v
2.4614 3.18458 14 v
2.46506 3.18377 14 v
2.46875 3.18305 14 v
2.47247 3.18243 14 v
2.47621 3.1819 14 v
2.47997 3.18147 14 v
2.48377 3.18113 14 v
2.48758 3.18089 14 v
2.49142 3.18075 14 v
2.49529 3.18069 14 v
2.49918 3.18074 14 v
2.5031 3.18088 14 v
2.50704 3.18111 14 v
2.51101 3.18144 14 v
2.515 3.18187 14 v
2.51902 3.18239 14 v
2.52307 3.183 14 v
2.52713 3.18371 14 v
2.53123 3.18452 14 v
2.53535 3.18542 14 v
2.53949 3.18642 14 v
2.54366 3.18751 14 v
2.54785 3.18869 14 v
2.55207 3.18998 14 v
2.55632 3.19135 14 v
2.56059 3.19282 14 v
2.56488 3.19439 14 v
2.5692 3.19605 14 v
2.57355 3.19781 14 v
2.57792 3.19966 14 v
2.58231 3.20161 14 v
2.58674 3.20366 14 v
2.59118 3.20579 14 v
2.59565 3.20803 14 v
2.60015 3.21036 14 v
2.60467 3.21278 14 v
2.60922 3.2153 14 v
2.61379 3.21792 14 v
2.61839 3.22063 14 v
2.62301 3.22343 14 v

2.52406 2.89368 15 u
2.52678 2.89731 15 u
2.52946 2.90096 15 u
2.5321 2.90463 15 u
2.53471 2.90831 15 u
2.53728 2.91202 15 u
2.53981 2.91574 15 u
2.5423 2.91949 15 u
2.54476 2.92325 15 u
2.54717 2.92703 15 u
2.54956 2.93083 15 u
2.5519 2.93465 15 u
2.5542 2.93848 15 u
2.55647 2.94234 15 u
2.5587 2.94622 15 u
2.5609 2.95011 15 u
2.56305 2.95402 15 u
2.56517 2.95795 15 u
2.56725 2.9619 15 u
2.5693 2.96587 15 u
2.5713 2.96986 15 u
2.57327 2.97386 15 u
2.5752 2.97789 15 u
2.5771 2.98193 15 u
2.57895 2.98599 15 u
2.58077 2.99008 15 u
2.58255 2.99418 15 u
2.58429 2.9983 15 u
2.586 3.00243 15 u
2.58767 3.00659 15 u
2.5893 3.01076 15 u
2.59089 3.01496 15 u
2.59245 3.01917 15 u
2.59397 3.0234 15 u
2.59545 3.02765 15 u
2.59689 3.03192 15 u
2.5983 3.03621 15 u
2.59967 3.04052 15 u
2.601 3.04484 15 u
2.60229 3.04919 15 u
2.60355 3.05355 15 u
2.60477 3.05792 15 u
2.60595 3.06228 15 u
2.60709 3.06664 15 u
2.6082 3.07099 15 u
2.60927 3.07533 15 u
2.6103 3.07967 15 u
2.61129 3.084 15 u
2.61225 3.08833 15 u
2.61317 3.09265 15 u
2.61405 3.09696 15 u
2.61489 3.10127 15 u
2.6157 3.10557 15 u
2.61646 3.10986 15 u
2.6172 3.11415 15 u
2.61789 3.11843 15 u
2.61854 3.12271 15 u
2.61916 3.12698 15 u
2.61974 3.13124 15 u
2.62028 3.13549 15 u
2.62079 3.13974 15 u
2.62126 3.14399 15 u
2.62169 3.14823 15 u
2.62208 3.15246 15 u
2.62244 3.15668 15 u
2.62275 3.1609 15 u
2.62303 3.16511 15 u
2.62328 3.16932 15 u
2.62348 3.17352 15 u
2.62365 3.17771 15 u
2.62378 3.1819 15 u
2.62387 3.18608 15 u
2.62392 3.19026 15 u
2.62394 3.19443 15 u
2.62392 3.19859 15 u
2.62386 3.20274 15 u
2.62377 3.20689 15 u
2.62363 3.21104 15 u
2.62346 3.21517 15 u
2.62326 3.21931 15 u
2.62301 3.22343 15 u

2.65809 2.86038 15 u
2.65986 2.86425 15 u
2.66162 2.86813 15 u
2.66335 2.87201 15 u
2.66507 2.87591 15 u
2.66677 2.87981 15 u
2.66845 2.88373 15 u
2.67011 2.88765 15 u
2.67176 2.89158 15 u
2.67338 2.89552 15 u
2.67499 2.89948 15 u
2.67657 2.90344 15 u
2.67814 2.9074 15 u
2.67969 2.91138 15 u
2.68122 2.91537 15 u
2.68274 2.91937 15 u
2.68423 2.92337 15 u
2.68571 2.92739 15 u
2.68716 2.93141 15 u
2.6886 2.93545 15 u
2.69002 2.93949 15 u
2.69142 2.94354 15 u
2.69281 2.94761 15 u
2.69417 2.95168 15 u
2.69552 2.95576 15 u
2.69684 2.95985 15 u
2.69815 2.96394 15 u
2.69944 2.96805 15 u
2.70071 2.97217 15 u
2.70196 2.9763 15 u
2.7032 2.98043 15 u
2.70441 2.98458 15 u
2.70561 2.98873 15 u
2.70679 2.99289 15 u
2.70795 2.99706 15 u
2.70909 3.00125 15 u
2.71021 3.00544 15 u
2.71132 3.00964 15 u
2.7124 3.01384 15 u
2.71347 3.01806 15 u
2.71451 3.02229 15 u
2.71554 3.02652 15 u
2.71653 3.03076 15 u
2.71749 3.035 15 u
2.71842 3.03925 15 u
2.71931 3.04349 15 u
2.72017 3.04774 15 u
2.72101 3.052 15 u
2.72181 3.05626 15 u
2.72258 3.06052 15 u
2.72331 3.06478 15 u
2.72402 3.06905 15 u
2.72469 3.07332 15 u
2.72533 3.07759 15 u
2.72594 3.08187 15 u
2.72652 3.08615 15 u
2.72707 3.09044 15 u
2.72758 3.09472 15 u
2.72806 3.09901 15 u
2.72851 3.10331 15 u
2.72893 3.10761 15 u
2.72932 3.11191 15 u
2.72967 3.11621 15 u
2.73 3.12052 15 u
2.73029 3.12483 15 u
2.73055 3.12915 15 u
2.73078 3.13346 15 u
2.73098 3.13779 15 u
2.73114 3.14211 15 u
2.73127 3.14644 15 u
2.73137 3.15077 15 u
2.73144 3.1551 15 u
2.73148 3.15944 15 u
2.73149 3.16378 15 u
2.73146 3.16813 15 u
2.7314 3.17248 15 u
2.73131 3.17683 15 u
2.73119 3.18118 15 u
2.73104 3.18554 15 u
2.73086 3.1899 15 u
2.73064 3.19427 15 u

2.79211 2.82708 15 u
2.79323 2.83114 15 u
2.79432 2.8352 15 u
2.79541 2.83926 15 u
2.79647 2.84332 15 u
2.79753 2.84739 15 u
2.79857 2.85146 15 u
2.79959 2.85553 15 u
2.8006 2.8596 15 u
2.80159 2.86368 15 u
2.80257 2.86776 15 u
2.80354 2.87184 15 u
2.80449 2.87592 15 u
2.80543 2.88 15 u
2.80635 2.88409 15 u
2.80726 2.88818 15 u
2.80815 2.89227 15 u
2.80903 2.89636 15 u
2.80989 2.90045 15 u
2.81074 2.90455 15 u
2.81157 2.90865 15 u
2.81239 2.91275 15 u
2.8132 2.91686 15 u
2.81399 2.92096 15 u
2.81477 2.92507 15 u
2.81553 2.92918 15 u
2.81627 2.93329 15 u
2.81701 2.93741 15 u
2.81772 2.94152 15 u
2.81843 2.94564 15 u
2.81912 2.94976 15 u
2.81979 2.95389 15 u
2.82045 2.95801 15 u
2.82109 2.96214 15 u
2.82172 2.96627 15 u
2.82234 2.9704 15 u
2.82294 2.97453 15 u
2.82353 2.97867 15 u
2.8241 2.98281 15 u
2.82466 2.98695 15 u
2.8252 2.99109 15 u
2.82573 2.99524 15 u
2.82625 2.9994 15 u
2.82676 3.00357 15 u
2.82726 3.00775 15 u
2.82775 3.01194 15 u
2.82823 3.01614 15 u
2.82869 3.02035 15 u
2.82915 3.02457 15 u
2.8296 3.02881 15 u
2.83003 3.03305 15 u
2.83046 3.0373 15 u
2.83087 3.04156 15 u
2.83128 3.04584 15 u
2.83167 3.05012 15 u
2.83206 3.05441 15 u
2.83243 3.05872 15 u
2.83279 3.06303 15 u
2.83315 3.06736 15 u
2.83349 3.07169 15 u
2.83382 3.07604 15 u
2.83414 3.08039 15 u
2.83445 3.08476 15 u
2.83475 3.08913 15 u
2.83504 3.09352 15 u
2.83532 3.09792 15 u
2.83559 3.10232 15 u
2.83585 3.10674 15 u
2.8361 3.11117 15 u
2.83634 3.11561 15 u
2.83657 3.12006 15 u
2.83678 3.12452 15 u
2.83699 3.12898 15 u
2.83718 3.13346 15 u
2.83737 3.13795 15 u
2.83755 3.14245 15 u
2.83771 3.14696 15 u
2.83786 3.15149 15 u
2.83801 3.15602 15 u
2.83814 3.16056 15 u
2.83826 3.16511 15 u

2.92614 2.79378 15 u
2.92659 2.79803 15 u
2.92703 2.80227 15 u
2.92746 2.80651 15 u
2.92788 2.81074 15 u
2.92828 2.81497 15 u
2.92868 2.8192 15 u
2.92907 2.82342 15 u
2.92944 2.82763 15 u
2.92981 2.83184 15 u
2.93016 2.83604 15 u
2.93051 2.84024 15 u
2.93084 2.84444 15 u
2.93116 2.84863 15 u
2.93147 2.85281 15 u
2.93178 2.85699 15 u
2.93207 2.86117 15 u
2.93235 2.86534 15 u
2.93262 2.8695 15 u
2.93288 2.87366 15 u
2.93313 2.87782 15 u
2.93336 2.88197 15 u
2.93359 2.88611 15 u
2.93381 2.89025 15 u
2.93402 2.89439 15 u
2.93421 2.89852 15 u
2.9344 2.90265 15 u
2.93457 2.90677 15 u
2.93474 2.91088 15 u
2.93489 2.91499 15 u
2.93503 2.9191 15 u
2.93517 2.9232 15 u
2.93529 2.9273 15 u
2.9354 2.93139 15 u
2.9355 2.93548 15 u
2.93559 2.93956 15 u
2.93567 2.94364 15 u
2.93574 2.94771 15 u
2.9358 2.95178 15 u
2.93585 2.95584 15 u
2.93589 2.9599 15 u
2.93592 2.96396 15 u
2.93597 2.96804 15 u
2.93603 2.97214 15 u
2.9361 2.97625 15 u
2.93618 2.98039 15 u
2.93628 2.98454 15 u
2.93638 2.9887 15 u
2.93649 2.99289 15 u
2.93662 2.99709 15 u
2.93675 3.00131 15 u
2.9369 3.00555 15 u
2.93706 3.0098 15 u
2.93723 3.01407 15 u
2.93741 3.01836 15 u
2.9376 3.02267 15 u
2.9378 3.02699 15 u
2.93801 3.03133 15 u
2.93823 3.03569 15 u
2.93847 3.04007 15 u
2.93871 3.04446 15 u
2.93897 3.04887 15 u
2.93923 3.0533 15 u
2.93951 3.05774 15 u
2.9398 3.0622 15 u
2.9401 3.06668 15 u
2.94041 3.07118 15 u
2.94073 3.07569 15 u
2.94106 3.08022 15 u
2.9414 3.08477 15 u
2.94175 3.08934 15 u
2.94212 3.09392 15 u
2.94249 3.09852 15 u
2.94288 3.10314 15 u
2.94328 3.10778 15 u
2.94369 3.11243 15 u
2.9441 3.1171 15 u
2.94453 3.12178 15 u
2.94497 3.12649 15 u
2.94543 3.13121 15 u
2.94589 3.13595 15 u

3.06017 2.76048 15 u
3.05967 2.76497 15 u
3.05919 2.76944 15 u
3.05871 2.7739 15 u
3.05824 2.77835 15 u
3.05778 2.78278 15 u
3.05732 2.78719 15 u
3.05688 2.79159 15 u
3.05644 2.79598 15 u
3.05601 2.80035 15 u
3.05559 2.80471 15 u
3.05518 2.80905 15 u
3.05478 2.81338 15 u
3.05438 2.81769 15 u
3.05399 2.82199 15 u
3.05361 2.82627 15 u
3.05324 2.83054 15 u
3.05288 2.8348 15 u
3.05253 2.83904 15 u
3.05218 2.84326 15 u
3.05184 2.84747 15 u
3.05152 2.85167 15 u
3.0512 2.85585 15 u
3.05088 2.86002 15 u
3.05058 2.86417 15 u
3.05028 2.86831 15 u
3.05 2.87244 15 u
3.04972 2.87655 15 u
3.04945 2.88064 15 u
3.04919 2.88472 15 u
3.04893 2.88879 15 u
3.04869 2.89284 15 u
3.04845 2.89687 15 u
3.04822 2.9009 15 u
3.048 2.9049 15 u
3.04779 2.9089 15 u
3.04758 2.91287 15 u
3.04739 2.91684 15 u
3.0472 2.92079 15 u
3.04702 2.92472 15 u
3.04685 2.92864 15 u
3.04669 2.93257 15 u
3.04655 2.93652 15 u
3.04643 2.9405 15 u
3.04632 2.94451 15 u
3.04623 2.94854 15 u
3.04615 2.9526 15 u
3.04609 2.95669 15 u
3.04605 2.96081 15 u
3.04603 2.96495 15 u
3.04602 2.96912 15 u
3.04603 2.97331 15 u
3.04605 2.97754 15 u
3.04609 2.98179 15 u
3.04615 2.98607 15 u
3.04623 2.99037 15 u
3.04632 2.9947 15 u
3.04643 2.99906 15 u
3.04655 3.00345 15 u
3.04669 3.00786 15 u
3.04685 3.0123 15 u
3.04702 3.01677 15 u
3.04722 3.02126 15 u
3.04742 3.02579 15 u
3.04765 3.03033 15 u
3.04789 3.03491 15 u
3.04815 3.03951 15 u
3.04842 3.04414 15 u
3.04871 3.0488 15 u
3.04902 3.05348 15 u
3.04935 3.05819 15 u
3.04969 3.06293 15 u
3.05005 3.0677 15 u
3.05042 3.07249 15 u
3.05081 3.07731 15 u
3.05122 3.08215 15 u
3.05165 3.08703 15 u
3.05209 3.09193 15 u
3.05254 3.09685 15 u
3.05302 3.10181 15 u
3.05351 3.10679 15 u

2.52406 2.89368 15 v
2.53076 2.89202 15 v
2.53746 2.89035 15 v
2.54416 2.88869 15 v
2.55087 2.88702 15 v
2.55757 2.88536 15 v
2.56427 2.88369 15 v
2.57097 2.88203 15 v
2.57767 2.88036 15 v
2.58437 2.8787 15 v
2.59107 2.87703 15 v
2.59778 2.87537 15 v
2.60448 2.8737 15 v
2.61118 2.87204 15 v
2.61788 2.87037 15 v
2.62458 2.86871 15 v
2.63128 2.86704 15 v
2.63798 2.86538 15 v
2.64469 2.86371 15 v
2.65139 2.86205 15 v
2.65809 2.86038 15 v
2.66479 2.85871 15 v
2.67149 2.85705 15 v
2.67819 2.85538 15 v
2.68489 2.85372 15 v
2.6916 2.85205 15 v
2.6983 2.85039 15 v
2.705 2.84872 15 v
2.7117 2.84706 15 v
2.7184 2.84539 15 v
2.7251 2.84373 15 v
2.7318 2.84206 15 v
2.7385 2.8404 15 v
2.74521 2.83873 15 v
2.75191 2.83707 15 v
2.75861 2.8354 15 v
2.76531 2.83374 15 v
2.77201 2.83207 15 v
2.77871 2.83041 15 v
2.78541 2.82874 15 v
2.79211 2.82708 15 v
2.79882 2.82541 15 v
2.80552 2.82375 15 v
2.81222 2.82208 15 v
2.81892 2.82042 15 v
2.82562 2.81876 15 v
2.83232 2.81709 15 v
2.83902 2.81543 15 v
2.84573 2.81376 15 v
2.85243 2.8121 15 v
2.85913 2.81043 15 v
2.86583 2.80877 15 v
2.87253 2.8071 15 v
2.87923 2.80544 15 v
2.88593 2.80377 15 v
2.89263 2.80211 15 v
2.89934 2.80044 15 v
2.90604 2.79878 15 v
2.91274 2.79711 15 v
2.91944 2.79545 15 v
2.92614 2.79378 15 v
2.93284 2.79212 15 v
2.93954 2.79045 15 v
2.94625 2.78878 15 v
2.95295 2.78712 15 v
2.95965 2.78545 15 v
2.96635 2.78379 15 v
2.97305 2.78212 15 v
2.97975 2.78046 15 v
2.98645 2.77879 15 v
2.99316 2.77713 15 v
2.99986 2.77546 15 v
3.00656 2.7738 15 v
3.01326 2.77213 15 v
3.01996 2.77047 15 v
3.02666 2.7688 15 v
3.03336 2.76714 15 v
3.04007 2.76547 15 v
3.04677 2.76381 15 v
3.05347 2.76214 15 v
3.06017 2.76048 15 v

2.5713 2.96986 15 v
2.57717 2.96835 15 v
2.58305 2.96684 15 v
2.58893 2.96533 15 v
2.59482 2.96382 15 v
2.60072 2.96231 15 v
2.60662 2.9608 15 v
2.61253 2.95928 15 v
2.61845 2.95777 15 v
2.62438 2.95625 15 v
2.63031 2.95473 15 v
2.63625 2.95322 15 v
2.64219 2.9517 15 v
2.64815 2.95017 15 v
2.65411 2.94865 15 v
2.66008 2.94713 15 v
2.66605 2.9456 15 v
2.67203 2.94408 15 v
2.67802 2.94255 15 v
2.68402 2.94102 15 v
2.69002 2.93949 15 v
2.69603 2.93796 15 v
2.70205 2.93643 15 v
2.70807 2.9349 15 v
2.71411 2.93336 15 v
2.72014 2.93183 15 v
2.72619 2.93029 15 v
2.73224 2.92875 15 v
2.7383 2.92721 15 v
2.74437 2.92567 15 v
2.75044 2.92413 15 v
2.75653 2.92259 15 v
2.76261 2.92104 15 v
2.76871 2.9195 15 v
2.77481 2.91795 15 v
2.78092 2.91641 15 v
2.78704 2.91486 15 v
2.79316 2.91331 15 v
2.79929 2.91176 15 v
2.80543 2.9102 15 v
2.81157 2.90865 15 v
2.81772 2.9071 15 v
2.82386 2.90555 15 v
2.82999 2.90399 15 v
2.83611 2.90244 15 v
2.84223 2.9009 15 v
2.84834 2.89935 15 v
2.85444 2.8978 15 v
2.86053 2.89626 15 v
2.86662 2.89471 15 v
2.8727 2.89317 15 v
2.87878 2.89163 15 v
2.88484 2.89009 15 v
2.8909 2.88855 15 v
2.89696 2.88702 15 v
2.903 2.88548 15 v
2.90904 2.88394 15 v
2.91507 2.88241 15 v
2.9211 2.88088 15 v
2.92711 2.87935 15 v
2.93313 2.87782 15 v
2.93913 2.87629 15 v
2.94512 2.87476 15 v
2.95111 2.87323 15 v
2.9571 2.87171 15 v
2.96307 2.87019 15 v
2.96904 2.86866 15 v
2.975 2.86714 15 v
2.98095 2.86562 15 v
2.9869 2.8641 15 v
2.99284 2.86258 15 v
2.99877 2.86107 15 v
3.0047 2.85955 15 v
3.01062 2.85804 15 v
3.01653 2.85653 15 v
3.02243 2.85501 15 v
3.02833 2.8535 15 v
3.03422 2.85199 15 v
3.0401 2.85049 15 v
3.04598 2.84898 15 v
3.05184 2.84747 15 v

2.60355 3.05355 15 v
2.6091 3.05199 15 v
2.61466 3.05042 15 v
2.62021 3.04886 15 v
2.62577 3.04729 15 v
2.63132 3.04573 15 v
2.63687 3.04417 15 v
2.64242 3.0426 15 v
2.64797 3.04104 15 v
2.65352 3.03948 15 v
2.65907 3.03791 15 v
2.66462 3.03635 15 v
2.67016 3.03479 15 v
2.67571 3.03322 15 v
2.68125 3.03166 15 v
2.6868 3.0301 15 v
2.69234 3.02854 15 v
2.69789 3.02698 15 v
2.70343 3.02541 15 v
2.70897 3.02385 15 v
2.71451 3.02229 15 v
2.72006 3.02073 15 v
2.7256 3.01917 15 v
2.73114 3.01761 15 v
2.73667 3.01605 15 v
2.74221 3.01449 15 v
2.74775 3.01292 15 v
2.75329 3.01136 15 v
2.75882 3.0098 15 v
2.76436 3.00824 15 v
2.76989 3.00668 15 v
2.77543 3.00512 15 v
2.78096 3.00356 15 v
2.78649 3.002 15 v
2.79202 3.00045 15 v
2.79755 2.99889 15 v
2.80309 2.99733 15 v
2.80862 2.99577 15 v
2.81414 2.99421 15 v
2.81967 2.99265 15 v
2.8252 2.99109 15 v
2.83073 2.98953 15 v
2.83626 2.98798 15 v
2.84178 2.98642 15 v
2.84731 2.98486 15 v
2.85284 2.9833 15 v
2.85838 2.98174 15 v
2.86391 2.98018 15 v
2.86944 2.97862 15 v
2.87497 2.97706 15 v
2.88051 2.9755 15 v
2.88604 2.97394 15 v
2.89158 2.97238 15 v
2.89711 2.97082 15 v
2.90265 2.96926 15 v
2.90819 2.9677 15 v
2.91373 2.96614 15 v
2.91926 2.96458 15 v
2.9248 2.96302 15 v
2.93034 2.96146 15 v
2.93589 2.9599 15 v
2.94143 2.95833 15 v
2.94697 2.95677 15 v
2.95251 2.95521 15 v
2.95806 2.95365 15 v
2.9636 2.95209 15 v
2.96915 2.95053 15 v
2.97469 2.94896 15 v
2.98024 2.9474 15 v
2.98578 2.94584 15 v
2.99133 2.94428 15 v
2.99688 2.94271 15 v
3.00243 2.94115 15 v
3.00798 2.93959 15 v
3.01353 2.93802 15 v
3.01908 2.93646 15 v
3.02463 2.9349 15 v
3.03019 2.93333 15 v
3.03574 2.93177 15 v
3.0413 2.9302 15 v
3.04685 2.92864 15 v

2.62079 3.13974 15 v
2.62627 3.13812 15 v
2.63175 3.13651 15 v
2.63722 3.13489 15 v
2.64268 3.13327 15 v
2.64813 3.13166 15 v
2.65357 3.13004 15 v
2.65901 3.12843 15 v
2.66444 3.12682 15 v
2.66986 3.12521 15 v
2.67527 3.1236 15 v
2.68067 3.122 15 v
2.68607 3.12039 15 v
2.69145 3.11879 15 v
2.69683 3.11719 15 v
2.7022 3.11559 15 v
2.70756 3.11399 15 v
2.71292 3.11239 15 v
2.71826 3.11079 15 v
2.7236 3.1092 15 v
2.72893 3.10761 15 v
2.73425 3.10601 15 v
2.73957 3.10442 15 v
2.74487 3.10283 15 v
2.75017 3.10125 15 v
2.75546 3.09966 15 v
2.76074 3.09808 15 v
2.76601 3.09649 15 v
2.77128 3.09491 15 v
2.77653 3.09333 15 v
2.78178 3.09175 15 v
2.78702 3.09017 15 v
2.79226 3.0886 15 v
2.79748 3.08702 15 v
2.8027 3.08545 15 v
2.8079 3.08388 15 v
2.8131 3.0823 15 v
2.8183 3.08074 15 v
2.82348 3.07917 15 v
2.82865 3.0776 15 v
2.83382 3.07604 15 v
2.83899 3.07447 15 v
2.84416 3.0729 15 v
2.84935 3.07134 15 v
2.85454 3.06977 15 v
2.85974 3.0682 15 v
2.86495 3.06662 15 v
2.87016 3.06505 15 v
2.87539 3.06347 15 v
2.88062 3.0619 15 v
2.88586 3.06032 15 v
2.89111 3.05874 15 v
2.89636 3.05716 15 v
2.90163 3.05558 15 v
2.9069 3.05399 15 v
2.91218 3.05241 15 v
2.91747 3.05082 15 v
2.92277 3.04923 15 v
2.92807 3.04764 15 v
2.93339 3.04605 15 v
2.93871 3.04446 15 v
2.94404 3.04286 15 v
2.94938 3.04127 15 v
2.95472 3.03967 15 v
2.96008 3.03807 15 v
2.96544 3.03647 15 v
2.97081 3.03487 15 v
2.97619 3.03327 15 v
2.98158 3.03167 15 v
2.98697 3.03006 15 v
2.99237 3.02845 15 v
2.99778 3.02684 15 v
3.0032 3.02523 15 v
3.00863 3.02362 15 v
3.01407 3.02201 15 v
3.01951 3.0204 15 v
3.02496 3.01878 15 v
3.03042 3.01716 15 v
3.03589 3.01554 15 v
3.04137 3.01392 15 v
3.04685 3.0123 15 v

2.62301 3.22343 15 v
2.62839 3.22197 15 v
2.63377 3.22051 15 v
2.63915 3.21906 15 v
2.64454 3.2176 15 v
2.64992 3.21614 15 v
2.6553 3.21468 15 v
2.66068 3.21322 15 v
2.66606 3.21177 15 v
2.67144 3.21031 15 v
2.67682 3.20885 15 v
2.68221 3.20739 15 v
2.68759 3.20593 15 v
2.69297 3.20448 15 v
2.69835 3.20302 15 v
2.70373 3.20156 15 v
2.70911 3.2001 15 v
2.71449 3.19864 15 v
2.71988 3.19719 15 v
2.72526 3.19573 15 v
2.73064 3.19427 15 v
2.73602 3.19281 15 v
2.7414 3.19135 15 v
2.74678 3.1899 15 v
2.75216 3.18844 15 v
2.75755 3.18698 15 v
2.76293 3.18552 15 v
2.76831 3.18406 15 v
2.77369 3.18261 15 v
2.77907 3.18115 15 v
2.78445 3.17969 15 v
2.78983 3.17823 15 v
2.79521 3.17677 15 v
2.8006 3.17532 15 v
2.80598 3.17386 15 v
2.81136 3.1724 15 v
2.81674 3.17094 15 v
2.82212 3.16948 15 v
2.8275 3.16803 15 v
2.83288 3.16657 15 v
2.83826 3.16511 15 v
2.84365 3.16365 15 v
2.84903 3.16219 15 v
2.85441 3.16074 15 v
2.85979 3.15928 15 v
2.86517 3.15782 15 v
2.87055 3.15636 15 v
2.87593 3.1549 15 v
2.88131 3.15345 15 v
2.8867 3.15199 15 v
2.89208 3.15053 15 v
2.89746 3.14907 15 v
2.90284 3.14761 15 v
2.90822 3.14616 15 v
2.9136 3.1447 15 v
2.91898 3.14324 15 v
2.92436 3.14178 15 v
2.92975 3.14032 15 v
2.93513 3.13887 15 v
2.94051 3.13741 15 v
2.94589 3.13595 15 v
2.95127 3.13449 15 v
2.95665 3.13303 15 v
2.96203 3.13158 15 v
2.96741 3.13012 15 v
2.97279 3.12866 15 v
2.97818 3.1272 15 v
2.98356 3.12574 15 v
2.98894 3.12429 15 v
2.99432 3.12283 15 v
2.9997 3.12137 15 v
3.00508 3.11991 15 v
3.01046 3.11845 15 v
3.01584 3.117 15 v
3.02122 3.11554 15 v
3.0266 3.11408 15 v
3.03199 3.11262 15 v
3.03737 3.11116 15 v
3.04275 3.10971 15 v
3.04813 3.10825 15 v
3.05351 3.10679 15 v

0.825813 3.1301 16 u
0.819986 3.12923 16 u
0.814158 3.12835 16 u
0.808331 3.12748 16 u
0.802504 3.1266 16 u
0.796676 3.12573 16 u
0.790849 3.12486 16 u
0.785022 3.12398 16 u
0.779195 3.12311 16 u
0.773367 3.12223 16 u
0.76754 3.12136 16 u
0.761713 3.12049 16 u
0.755885 3.11961 16 u
0.750058 3.11874 16 u
0.744231 3.11786 16 u
0.738403 3.11699 16 u
0.732576 3.11612 16 u
0.726749 3.11524 16 u
0.720922 3.11437 16 u
0.715094 3.11349 16 u
0.709267 3.11262 16 u
0.70344 3.11174 16 u
0.697612 3.11087 16 u
0.691785 3.11 16 u
0.685958 3.10912 16 u
0.68013 3.10825 16 u
0.674303 3.10737 16 u
0.668476 3.1065 16 u
0.662649 3.10563 16 u
0.656821 3.10475 16 u
0.650994 3.10388 16 u
0.645167 3.103 16 u
0.639339 3.10213 16 u
0.633512 3.10125 16 u
0.627685 3.10038 16 u
0.621857 3.09951 16 u
0.61603 3.09863 16 u
0.610203 3.09776 16 u
0.604376 3.09688 16 u
0.598548 3.09601 16 u
0.592721 3.09513 16 u
0.586894 3.09426 16 u
0.581066 3.09339 16 u
0.575239 3.09251 16 u
0.569412 3.09164 16 u
0.563584 3.09076 16 u
0.557757 3.08989 16 u
0.55193 3.08902 16 u
0.546103 3.08814 16 u
0.540275 3.08727 16 u
0.534448 3.08639 16 u
0.528621 3.08552 16 u
0.522793 3.08464 16 u
0.516966 3.08377 16 u
0.511139 3.0829 16 u
0.505311 3.08202 16 u
0.499484 3.08115 16 u
0.493657 3.08027 16 u
0.487829 3.0794 16 u
0.482002 3.07853 16 u
0.476175 3.07765 16 u
0.470347 3.07678 16 u
0.46452 3.0759 16 u
0.458693 3.07503 16 u
0.452865 3.07415 16 u
0.447038 3.07328 16 u
0.441211 3.07241 16 u
0.435383 3.07153 16 u
0.429556 3.07066 16 u
0.423729 3.06978 16 u
0.417901 3.06891 16 u
0.412074 3.06804 16 u
0.406247 3.06716 16 u
0.400419 3.06629 16 u
0.394592 3.06541 16 u
0.388765 3.06454 16 u
0.382937 3.06367 16 u
0.37711 3.06279 16 u
0.371283 3.06192 16 u
0.365455 3.06104 16 u
0.359628 3.06017 16 u

0.737571 2.80876 16 u
0.732992 2.80784 16 u
0.728414 2.80693 16 u
0.723835 2.80601 16 u
0.719257 2.8051 16 u
0.714678 2.80418 16 u
0.710099 2.80327 16 u
0.705521 2.80235 16 u
0.700942 2.80144 16 u
0.696364 2.80052 16 u
0.691785 2.7996 16 u
0.687206 2.79869 16 u
0.682628 2.79777 16 u
0.678049 2.79686 16 u
0.673471 2.79594 16 u
0.668892 2.79503 16 u
0.664313 2.79411 16 u
0.659735 2.7932 16 u
0.655156 2.79228 16 u
0.650578 2.79136 16 u
0.645999 2.79045 16 u
0.64142 2.78953 16 u
0.636842 2.78862 16 u
0.632263 2.7877 16 u
0.627685 2.78679 16 u
0.623106 2.78587 16 u
0.618527 2.78495 16 u
0.613949 2.78404 16 u
0.60937 2.78312 16 u
0.604792 2.78221 16 u
0.600213 2.78129 16 u
0.595634 2.78038 16 u
0.591056 2.77946 16 u
0.586477 2.77855 16 u
0.581899 2.77763 16 u
0.57732 2.77671 16 u
0.572741 2.7758 16 u
0.568163 2.77488 16 u
0.563584 2.77397 16 u
0.559006 2.77305 16 u
0.554427 2.77213 16 u
0.549848 2.77122 16 u
0.54527 2.7703 16 u
0.540691 2.76939 16 u
0.536113 2.76847 16 u
0.531534 2.76756 16 u
0.526955 2.76664 16 u
0.522377 2.76572 16 u
0.517798 2.76481 16 u
0.51322 2.76389 16 u
0.508641 2.76298 16 u
0.504062 2.76206 16 u
0.499484 2.76115 16 u
0.494905 2.76023 16 u
0.490327 2.75931 16 u
0.485748 2.7584 16 u
0.481169 2.75748 16 u
0.476591 2.75657 16 u
0.472012 2.75565 16 u
0.467434 2.75474 16 u
0.462855 2.75382 16 u
0.458276 2.7529 16 u
0.453698 2.75199 16 u
0.449119 2.75107 16 u
0.444541 2.75016 16 u
0.439962 2.74924 16 u
0.435383 2.74833 16 u
0.430805 2.74741 16 u
0.426226 2.74649 16 u
0.421648 2.74558 16 u
0.417069 2.74466 16 u
0.41249 2.74375 16 u
0.407912 2.74283 16 u
0.403333 2.74192 16 u
0.398755 2.741 16 u
0.394176 2.74008 16 u
0.389597 2.73917 16 u
0.385019 2.73825 16 u
0.38044 2.73734 16 u
0.375862 2.73642 16 u
0.371283 2.73551 16 u

0.845792 2.46744 16 u
0.840381 2.46599 16 u
0.83497 2.46453 16 u
0.829559 2.46308 16 u
0.824148 2.46162 16 u
0.818737 2.46016 16 u
0.813326 2.45871 16 u
0.807915 2.45725 16 u
0.802504 2.45579 16 u
0.797093 2.45434 16 u
0.791682 2.45288 16 u
0.786271 2.45142 16 u
0.78086 2.44997 16 u
0.775449 2.44851 16 u
0.770037 2.44705 16 u
0.764626 2.4456 16 u
0.759215 2.44414 16 u
0.753804 2.44268 16 u
0.748393 2.44123 16 u
0.742982 2.43977 16 u
0.737571 2.43831 16 u
0.73216 2.43686 16 u
0.726749 2.4354 16 u
0.721338 2.43394 16 u
0.715927 2.43249 16 u
0.710516 2.43103 16 u
0.705105 2.42957 16 u
0.699693 2.42812 16 u
0.694282 2.42666 16 u
0.688871 2.4252 16 u
0.68346 2.42375 16 u
0.678049 2.42229 16 u
0.672638 2.42083 16 u
0.667227 2.41938 16 u
0.661816 2.41792 16 u
0.656405 2.41646 16 u
0.650994 2.415 16 u
0.645583 2.41355 16 u
0.640172 2.41209 16 u
0.634761 2.41063 16 u
0.629349 2.40918 16 u
0.623938 2.40772 16 u
0.618527 2.40626 16 u
0.613116 2.40481 16 u
0.607705 2.40335 16 u
0.602294 2.40189 16 u
0.596883 2.40044 16 u
0.591472 2.39898 16 u
0.586061 2.39752 16 u
0.58065 2.39607 16 u
0.575239 2.39461 16 u
0.569828 2.39315 16 u
0.564417 2.3917 16 u
0.559006 2.39024 16 u
0.553594 2.38878 16 u
0.548183 2.38732 16 u
0.542772 2.38587 16 u
0.537361 2.38441 16 u
0.53195 2.38295 16 u
0.526539 2.3815 16 u
0.521128 2.38004 16 u
0.515717 2.37858 16 u
0.510306 2.37713 16 u
0.504895 2.37567 16 u
0.499484 2.37421 16 u
0.494073 2.37276 16 u
0.488662 2.3713 16 u
0.48325 2.36984 16 u
0.477839 2.36839 16 u
0.472428 2.36693 16 u
0.467017 2.36547 16 u
0.461606 2.36402 16 u
0.456195 2.36256 16 u
0.450784 2.3611 16 u
0.445373 2.35965 16 u
0.439962 2.35819 16 u
0.434551 2.35673 16 u
0.42914 2.35528 16 u
0.423729 2.35382 16 u
0.418318 2.35236 16 u
0.412906 2.3509 16 u

1.19043 2.21438 16 u
1.18313 2.21204 16 u
1.17582 2.20971 16 u
1.16852 2.20738 16 u
1.16121 2.20505 16 u
1.15391 2.20272 16 u
1.14661 2.20039 16 u
1.1393 2.19806 16 u
1.132 2.19573 16 u
1.12469 2.1934 16 u
1.11739 2.19107 16 u
1.11008 2.18874 16 u
1.10278 2.18641 16 u
1.09547 2.18407 16 u
1.08817 2.18174 16 u
1.08086 2.17941 16 u
1.07356 2.17708 16 u
1.06625 2.17475 16 u
1.05895 2.17242 16 u
1.05164 2.17009 16 u
1.04434 2.16776 16 u
1.03703 2.16543 16 u
1.02973 2.1631 16 u
1.02242 2.16077 16 u
1.01512 2.15844 16 u
1.00781 2.15611 16 u
1.00051 2.15377 16 u
0.993202 2.15144 16 u
0.985897 2.14911 16 u
0.978592 2.14678 16 u
0.971287 2.14445 16 u
0.963982 2.14212 16 u
0.956677 2.13979 16 u
0.949372 2.13746 16 u
0.942068 2.13513 16 u
0.934763 2.1328 16 u
0.927458 2.13047 16 u
0.920153 2.12814 16 u
0.912848 2.1258 16 u
0.905543 2.12347 16 u
0.898238 2.12114 16 u
0.890933 2.11881 16 u
0.883628 2.11648 16 u
0.876323 2.11415 16 u
0.869018 2.11182 16 u
0.861713 2.10949 16 u
0.854408 2.10716 16 u
0.847104 2.10483 16 u
0.839799 2.1025 16 u
0.832494 2.10016 16 u
0.825189 2.09783 16 u
0.817884 2.0955 16 u
0.810579 2.09317 16 u
0.803274 2.09084 16 u
0.795969 2.08851 16 u
0.788664 2.08618 16 u
0.781359 2.08385 16 u
0.774054 2.08152 16 u
0.766749 2.07919 16 u
0.759444 2.07686 16 u
0.752139 2.07452 16 u
0.744834 2.07219 16 u
0.737529 2.06986 16 u
0.730225 2.06753 16 u
0.72292 2.0652 16 u
0.715615 2.06287 16 u
0.70831 2.06054 16 u
0.701005 2.05821 16 u
0.6937 2.05588 16 u
0.686395 2.05355 16 u
0.67909 2.05121 16 u
0.671785 2.04888 16 u
0.66448 2.04655 16 u
0.657175 2.04422 16 u
0.64987 2.04189 16 u
0.642565 2.03956 16 u
0.63526 2.03723 16 u
0.627955 2.0349 16 u
0.62065 2.03257 16 u
0.613345 2.03024 16 u
0.60604 2.02791 16 u

1.4485 1.94799 16 u
1.44022 1.94545 16 u
1.43193 1.94291 16 u
1.42365 1.94037 16 u
1.41537 1.93783 16 u
1.40708 1.93529 16 u
1.3988 1.93276 16 u
1.39052 1.93022 16 u
1.38224 1.92768 16 u
1.37395 1.92514 16 u
1.36567 1.9226 16 u
1.35739 1.92006 16 u
1.3491 1.91752 16 u
1.34082 1.91498 16 u
1.33254 1.91244 16 u
1.32425 1.9099 16 u
1.31597 1.90737 16 u
1.30769 1.90483 16 u
1.29941 1.90229 16 u
1.29112 1.89975 16 u
1.28284 1.89721 16 u
1.27456 1.89467 16 u
1.26627 1.89213 16 u
1.25799 1.88959 16 u
1.24971 1.88705 16 u
1.24142 1.88451 16 u
1.23314 1.88197 16 u
1.22486 1.87943 16 u
1.21658 1.8769 16 u
1.20829 1.87436 16 u
1.20001 1.87182 16 u
1.19173 1.86928 16 u
1.18344 1.86674 16 u
1.17516 1.8642 16 u
1.16688 1.86166 16 u
1.15859 1.85912 16 u
1.15031 1.85658 16 u
1.14203 1.85404 16 u
1.13374 1.8515 16 u
1.12546 1.84896 16 u
1.11718 1.84642 16 u
1.1089 1.84389 16 u
1.10061 1.84135 16 u
1.09233 1.83881 16 u
1.08405 1.83627 16 u
1.07576 1.83373 16 u
1.06748 1.83119 16 u
1.0592 1.82865 16 u
1.05091 1.82611 16 u
1.04263 1.82357 16 u
1.03435 1.82103 16 u
1.02606 1.81849 16 u
1.01778 1.81595 16 u
1.0095 1.81342 16 u
1.00122 1.81088 16 u
0.992932 1.80834 16 u
0.984649 1.8058 16 u
0.976366 1.80326 16 u
0.968083 1.80072 16 u
0.9598 1.79818 16 u
0.951517 1.79564 16 u
0.943234 1.7931 16 u
0.93495 1.79056 16 u
0.926667 1.78802 16 u
0.918384 1.78548 16 u
0.910101 1.78295 16 u
0.901818 1.78041 16 u
0.893535 1.77787 16 u
0.885252 1.77533 16 u
0.876969 1.77279 16 u
0.868685 1.77025 16 u
0.860402 1.76771 16 u
0.852119 1.76517 16 u
0.843836 1.76263 16 u
0.835553 1.76009 16 u
0.82727 1.75756 16 u
0.818987 1.75502 16 u
0.810703 1.75248 16 u
0.80242 1.74994 16 u
0.794137 1.7474 16 u
0.785854 1.74486 16 u

0.825813 3.1301 16 v
0.817051 3.11633 16 v
0.808747 3.10231 16 v
0.800901 3.08805 16 v
0.793513 3.07356 16 v
0.786583 3.05882 16 v
0.78011 3.04384 16 v
0.774096 3.02861 16 v
0.768539 3.01315 16 v
0.76344 2.99745 16 v
0.758799 2.9815 16 v
0.754616 2.96531 16 v
0.750891 2.94888 16 v
0.747623 2.93221 16 v
0.744813 2.9153 16 v
0.742462 2.89815 16 v
0.740568 2.88075 16 v
0.739132 2.86312 16 v
0.738154 2.84524 16 v
0.737633 2.82712 16 v
0.737571 2.80876 16 v
0.738 2.79035 16 v
0.738953 2.77208 16 v
0.740431 2.75395 16 v
0.742433 2.73597 16 v
0.744959 2.71812 16 v
0.74801 2.70042 16 v
0.751586 2.68286 16 v
0.755686 2.66544 16 v
0.76031 2.64816 16 v
0.765459 2.63103 16 v
0.771132 2.61403 16 v
0.77733 2.59718 16 v
0.784052 2.58047 16 v
0.791299 2.5639 16 v
0.79907 2.54747 16 v
0.807366 2.53118 16 v
0.816186 2.51503 16 v
0.82553 2.49903 16 v
0.835399 2.48317 16 v
0.845792 2.46744 16 v
0.856777 2.45194 16 v
0.868419 2.43674 16 v
0.880719 2.42184 16 v
0.893676 2.40724 16 v
0.907291 2.39294 16 v
0.921564 2.37894 16 v
0.936494 2.36523 16 v
0.952082 2.35183 16 v
0.968328 2.33873 16 v
0.985231 2.32592 16 v
1.00279 2.31342 16 v
1.02101 2.30122 16 v
1.03989 2.28931 16 v
1.05942 2.27771 16 v
1.07961 2.2664 16 v
1.10046 2.2554 16 v
1.12197 2.24469 16 v
1.14413 2.23429 16 v
1.16695 2.22418 16 v
1.19043 2.21438 16 v
1.2137 2.20454 16 v
1.23587 2.19433 16 v
1.25695 2.18376 16 v
1.27694 2.17282 16 v
1.29585 2.16151 16 v
1.31366 2.14984 16 v
1.33038 2.13781 16 v
1.34601 2.1254 16 v
1.36055 2.11263 16 v
1.37399 2.0995 16 v
1.38635 2.08599 16 v
1.39762 2.07213 16 v
1.4078 2.05789 16 v
1.41688 2.04329 16 v
1.42488 2.02832 16 v
1.43178 2.01299 16 v
1.4376 1.99729 16 v
1.44232 1.98122 16 v
1.44596 1.96479 16 v
1.4485 1.94799 16 v

0.709267 3.11262 16 v
0.703098 3.0994 16 v
0.697246 3.08587 16 v
0.69171 3.07204 16 v
0.686491 3.05791 16 v
0.681587 3.04347 16 v
0.677 3.02873 16 v
0.67273 3.01368 16 v
0.668775 2.99834 16 v
0.665138 2.98268 16 v
0.661816 2.96673 16 v
0.658811 2.95047 16 v
0.656122 2.9339 16 v
0.653749 2.91703 16 v
0.651693 2.89986 16 v
0.649953 2.88239 16 v
0.64853 2.86461 16 v
0.647423 2.84652 16 v
0.646632 2.82814 16 v
0.646157 2.80944 16 v
0.645999 2.79045 16 v
0.646228 2.77138 16 v
0.646915 2.75246 16 v
0.648059 2.7337 16 v
0.649662 2.71509 16 v
0.651722 2.69664 16 v
0.65424 2.67834 16 v
0.657217 2.66019 16 v
0.660651 2.6422 16 v
0.664542 2.62436 16 v
0.668892 2.60668 16 v
0.6737 2.58915 16 v
0.678965 2.57177 16 v
0.684688 2.55455 16 v
0.690869 2.53748 16 v
0.697508 2.52057 16 v
0.704605 2.50381 16 v
0.71216 2.48721 16 v
0.720172 2.47075 16 v
0.728643 2.45446 16 v
0.737571 2.43831 16 v
0.747037 2.42237 16 v
0.757122 2.40669 16 v
0.767824 2.39126 16 v
0.779145 2.37608 16 v
0.791083 2.36115 16 v
0.80364 2.34648 16 v
0.816815 2.33207 16 v
0.830608 2.31791 16 v
0.845019 2.304 16 v
0.860048 2.29034 16 v
0.875696 2.27694 16 v
0.891961 2.26379 16 v
0.908845 2.2509 16 v
0.926346 2.23826 16 v
0.944466 2.22588 16 v
0.963204 2.21375 16 v
0.98256 2.20187 16 v
1.00253 2.19024 16 v
1.02313 2.17888 16 v
1.04434 2.16776 16 v
1.06538 2.15664 16 v
1.08546 2.14527 16 v
1.10458 2.13365 16 v
1.12274 2.12177 16 v
1.13994 2.10964 16 v
1.15618 2.09726 16 v
1.17147 2.08462 16 v
1.18579 2.07172 16 v
1.19915 2.05858 16 v
1.21156 2.04518 16 v
1.223 2.03152 16 v
1.23349 2.01761 16 v
1.24302 2.00345 16 v
1.25158 1.98904 16 v
1.25919 1.97437 16 v
1.26584 1.95944 16 v
1.27153 1.94427 16 v
1.27626 1.92883 16 v
1.28003 1.91315 16 v
1.28284 1.89721 16 v

0.592721 3.09513 16 v
0.589146 3.08246 16 v
0.585745 3.06943 16 v
0.582519 3.05603 16 v
0.579468 3.04226 16 v
0.576592 3.02812 16 v
0.57389 3.01362 16 v
0.571364 2.99875 16 v
0.569012 2.98352 16 v
0.566835 2.96792 16 v
0.564833 2.95195 16 v
0.563006 2.93562 16 v
0.561353 2.91892 16 v
0.559876 2.90185 16 v
0.558573 2.88442 16 v
0.557445 2.86662 16 v
0.556492 2.84846 16 v
0.555713 2.82993 16 v
0.55511 2.81103 16 v
0.554681 2.79176 16 v
0.554427 2.77213 16 v
0.554456 2.75241 16 v
0.554877 2.73284 16 v
0.555688 2.71345 16 v
0.556891 2.69422 16 v
0.558485 2.67515 16 v
0.560471 2.65625 16 v
0.562847 2.63752 16 v
0.565615 2.61896 16 v
0.568775 2.60056 16 v
0.572325 2.58233 16 v
0.576267 2.56427 16 v
0.5806 2.54637 16 v
0.585324 2.52864 16 v
0.59044 2.51107 16 v
0.595947 2.49367 16 v
0.601845 2.47644 16 v
0.608134 2.45938 16 v
0.614815 2.44248 16 v
0.621886 2.42574 16 v
0.629349 2.40918 16 v
0.637298 2.3928 16 v
0.645824 2.37663 16 v
0.654929 2.36067 16 v
0.664613 2.34491 16 v
0.674875 2.32936 16 v
0.685716 2.31403 16 v
0.697136 2.2989 16 v
0.709134 2.28397 16 v
0.72171 2.26926 16 v
0.734865 2.25475 16 v
0.748599 2.24046 16 v
0.762911 2.22637 16 v
0.777802 2.21249 16 v
0.793272 2.19881 16 v
0.80932 2.18535 16 v
0.825946 2.17209 16 v
0.843151 2.15904 16 v
0.860935 2.1462 16 v
0.879297 2.13357 16 v
0.898238 2.12114 16 v
0.917054 2.10875 16 v
0.935042 2.09622 16 v
0.952201 2.08354 16 v
0.968532 2.07073 16 v
0.984035 2.05777 16 v
0.998709 2.04467 16 v
1.01256 2.03143 16 v
1.02557 2.01805 16 v
1.03776 2.00452 16 v
1.04912 1.99086 16 v
1.05966 1.97705 16 v
1.06936 1.9631 16 v
1.07824 1.94901 16 v
1.08629 1.93478 16 v
1.0935 1.92041 16 v
1.0999 1.9059 16 v
1.10546 1.89124 16 v
1.11019 1.87644 16 v
1.1141 1.86151 16 v
1.11718 1.84642 16 v

0.476175 3.07765 16 v
0.475192 3.06553 16 v
0.474243 3.05299 16 v
0.473328 3.04001 16 v
0.472445 3.0266 16 v
0.471596 3.01277 16 v
0.47078 2.99851 16 v
0.469998 2.98382 16 v
0.469249 2.9687 16 v
0.468533 2.95315 16 v
0.46785 2.93717 16 v
0.467201 2.92077 16 v
0.466585 2.90393 16 v
0.466002 2.88667 16 v
0.465452 2.86898 16 v
0.464936 2.85086 16 v
0.464453 2.83231 16 v
0.464004 2.81333 16 v
0.463588 2.79392 16 v
0.463205 2.77408 16 v
0.462855 2.75382 16 v
0.462684 2.73343 16 v
0.462838 2.71322 16 v
0.463317 2.69319 16 v
0.46412 2.67334 16 v
0.465248 2.65366 16 v
0.466701 2.63417 16 v
0.468478 2.61485 16 v
0.47058 2.59572 16 v
0.473007 2.57676 16 v
0.475758 2.55798 16 v
0.478834 2.53938 16 v
0.482235 2.52096 16 v
0.48596 2.50272 16 v
0.49001 2.48466 16 v
0.494385 2.46677 16 v
0.499084 2.44907 16 v
0.504108 2.43154 16 v
0.509457 2.4142 16 v
0.51513 2.39703 16 v
0.521128 2.38004 16 v
0.527558 2.36322 16 v
0.534527 2.34657 16 v
0.542035 2.33007 16 v
0.550081 2.31374 16 v
0.558667 2.29757 16 v
0.567792 2.28157 16 v
0.577456 2.26572 16 v
0.587659 2.25004 16 v
0.598401 2.23452 16 v
0.609682 2.21917 16 v
0.621502 2.20397 16 v
0.633862 2.18894 16 v
0.64676 2.17407 16 v
0.660197 2.15936 16 v
0.674173 2.14482 16 v
0.688688 2.13043 16 v
0.703742 2.11621 16 v
0.719336 2.10215 16 v
0.735468 2.08826 16 v
0.752139 2.07452 16 v
0.768732 2.06086 16 v
0.784627 2.04716 16 v
0.799824 2.03344 16 v
0.814325 2.01968 16 v
0.828129 2.0059 16 v
0.841235 1.99208 16 v
0.853644 1.97824 16 v
0.865356 1.96437 16 v
0.87637 1.95047 16 v
0.886688 1.93654 16 v
0.896308 1.92258 16 v
0.905231 1.90859 16 v
0.913457 1.89458 16 v
0.920986 1.88053 16 v
0.927817 1.86646 16 v
0.933951 1.85235 16 v
0.939389 1.83822 16 v
0.944128 1.82405 16 v
0.948171 1.80986 16 v
0.951517 1.79564 16 v

0.359628 3.06017 16 v
0.361239 3.0486 16 v
0.362742 3.03654 16 v
0.364136 3.02399 16 v
0.365422 3.01095 16 v
0.3666 2.99742 16 v
0.36767 2.9834 16 v
0.368631 2.96888 16 v
0.369485 2.95388 16 v
0.37023 2.93838 16 v
0.370867 2.92239 16 v
0.371395 2.90591 16 v
0.371816 2.88895 16 v
0.372128 2.87148 16 v
0.372332 2.85353 16 v
0.372428 2.83509 16 v
0.372415 2.81615 16 v
0.372294 2.79673 16 v
0.372066 2.77681 16 v
0.371728 2.7564 16 v
0.371283 2.73551 16 v
0.370913 2.71446 16 v
0.3708 2.6936 16 v
0.370946 2.67293 16 v
0.37135 2.65246 16 v
0.372011 2.63218 16 v
0.372931 2.61208 16 v
0.374109 2.59218 16 v
0.375545 2.57248 16 v
0.377239 2.55296 16 v
0.379191 2.53363 16 v
0.381402 2.5145 16 v
0.38387 2.49556 16 v
0.386596 2.4768 16 v
0.389581 2.45824 16 v
0.392823 2.43988 16 v
0.396324 2.4217 16 v
0.400082 2.40371 16 v
0.404099 2.38592 16 v
0.408374 2.36832 16 v
0.412906 2.3509 16 v
0.417818 2.33365 16 v
0.423229 2.31651 16 v
0.42914 2.29948 16 v
0.43555 2.28258 16 v
0.442459 2.26578 16 v
0.449868 2.24911 16 v
0.457777 2.23255 16 v
0.466185 2.21611 16 v
0.475092 2.19979 16 v
0.484499 2.18358 16 v
0.494406 2.16749 16 v
0.504812 2.15151 16 v
0.515717 2.13565 16 v
0.527122 2.11991 16 v
0.539026 2.10428 16 v
0.55143 2.08878 16 v
0.564334 2.07338 16 v
0.577736 2.05811 16 v
0.591639 2.04295 16 v
0.60604 2.02791 16 v
0.620409 2.01296 16 v
0.634211 1.9981 16 v
0.647448 1.98333 16 v
0.660118 1.96863 16 v
0.672222 1.95402 16 v
0.68376 1.9395 16 v
0.694732 1.92505 16 v
0.705138 1.91069 16 v
0.714978 1.89642 16 v
0.724252 1.88222 16 v
0.732959 1.86811 16 v
0.741101 1.85408 16 v
0.748676 1.84014 16 v
0.755686 1.82628 16 v
0.762129 1.8125 16 v
0.768006 1.79881 16 v
0.773317 1.78519 16 v
0.778062 1.77167 16 v
0.782241 1.75822 16 v
0.785854 1.74486 16 v

1.4485 1.94799 17 u
1.44022 1.94545 17 u
1.43193 1.94291 17 u
1.42365 1.94037 17 u
1.41537 1.93783 17 u
1.40708 1.93529 17 u
1.3988 1.93276 17 u
1.39052 1.93022 17 u
1.38224 1.92768 17 u
1.37395 1.92514 17 u
1.36567 1.9226 17 u
1.35739 1.92006 17 u
1.3491 1.91752 17 u
1.34082 1.91498 17 u
1.33254 1.91244 17 u
1.32425 1.9099 17 u
1.31597 1.90737 17 u
1.30769 1.90483 17 u
1.29941 1.90229 17 u
1.29112 1.89975 17 u
1.28284 1.89721 17 u
1.27456 1.89467 17 u
1.26627 1.89213 17 u
1.25799 1.88959 17 u
1.24971 1.88705 17 u
1.24142 1.88451 17 u
1.23314 1.88197 17 u
1.22486 1.87943 17 u
1.21658 1.8769 17 u
1.20829 1.87436 17 u
1.20001 1.87182 17 u
1.19173 1.86928 17 u
1.18344 1.86674 17 u
1.17516 1.8642 17 u
1.16688 1.86166 17 u
1.15859 1.85912 17 u
1.15031 1.85658 17 u
1.14203 1.85404 17 u
1.13374 1.8515 17 u
1.12546 1.84896 17 u
1.11718 1.84642 17 u
1.1089 1.84389 17 u
1.10061 1.84135 17 u
1.09233 1.83881 17 u
1.08405 1.83627 17 u
1.07576 1.83373 17 u
1.06748 1.83119 17 u
1.0592 1.82865 17 u
1.05091 1.82611 17 u
1.04263 1.82357 17 u
1.03435 1.82103 17 u
1.02606 1.81849 17 u
1.01778 1.81595 17 u
1.0095 1.81342 17 u
1.00122 1.81088 17 u
0.992932 1.80834 17 u
0.984649 1.8058 17 u
0.976366 1.80326 17 u
0.968083 1.80072 17 u
0.9598 1.79818 17 u
0.951517 1.79564 17 u
0.943234 1.7931 17 u
0.93495 1.79056 17 u
0.926667 1.78802 17 u
0.918384 1.78548 17 u
0.910101 1.78295 17 u
0.901818 1.78041 17 u
0.893535 1.77787 17 u
0.885252 1.77533 17 u
0.876969 1.77279 17 u
0.868685 1.77025 17 u
0.860402 1.76771 17 u
0.852119 1.76517 17 u
0.843836 1.76263 17 u
0.835553 1.76009 17 u
0.82727 1.75756 17 u
0.818987 1.75502 17 u
0.810703 1.75248 17 u
0.80242 1.74994 17 u
0.794137 1.7474 17 u
0.785854 1.74486 17 u

1.41187 1.63331 17 u
1.40467 1.63121 17 u
1.39747 1.62911 17 u
1.39027 1.627 17 u
1.38307 1.6249 17 u
1.37587 1.6228 17 u
1.36867 1.6207 17 u
1.36147 1.6186 17 u
1.35427 1.6165 17 u
1.34707 1.61439 17 u
1.33987 1.61229 17 u
1.33266 1.61019 17 u
1.32546 1.60809 17 u
1.31826 1.60599 17 u
1.31106 1.60388 17 u
1.30386 1.60178 17 u
1.29666 1.59968 17 u
1.28946 1.59758 17 u
1.28226 1.59548 17 u
1.27506 1.59338 17 u
1.26786 1.59127 17 u
1.26065 1.58917 17 u
1.25345 1.58707 17 u
1.24625 1.58497 17 u
1.23905 1.58287 17 u
1.23185 1.58076 17 u
1.22465 1.57866 17 u
1.21745 1.57656 17 u
1.21025 1.57446 17 u
1.20305 1.57236 17 u
1.19585 1.57025 17 u
1.18865 1.56815 17 u
1.18144 1.56605 17 u
1.17424 1.56395 17 u
1.16704 1.56185 17 u
1.15984 1.55974 17 u
1.15264 1.55764 17 u
1.14544 1.55554 17 u
1.13824 1.55344 17 u
1.13104 1.55133 17 u
1.12384 1.54923 17 u
1.11664 1.54713 17 u
1.10944 1.54503 17 u
1.10224 1.54293 17 u
1.09503 1.54082 17 u
1.08783 1.53872 17 u
1.08063 1.53662 17 u
1.07343 1.53452 17 u
1.06623 1.53242 17 u
1.05903 1.53031 17 u
1.05183 1.52821 17 u
1.04463 1.52611 17 u
1.03743 1.52401 17 u
1.03023 1.52191 17 u
1.02303 1.5198 17 u
1.01583 1.5177 17 u
1.00862 1.5156 17 u
1.00142 1.5135 17 u
0.994222 1.5114 17 u
0.987022 1.50929 17 u
0.979821 1.50719 17 u
0.97262 1.50509 17 u
0.965419 1.50299 17 u
0.958218 1.50089 17 u
0.951017 1.49878 17 u
0.943816 1.49668 17 u
0.936615 1.49458 17 u
0.929414 1.49248 17 u
0.922213 1.49038 17 u
0.915013 1.48827 17 u
0.907812 1.48617 17 u
0.900611 1.48407 17 u
0.89341 1.48197 17 u
0.886209 1.47987 17 u
0.879008 1.47777 17 u
0.871807 1.47566 17 u
0.864606 1.47356 17 u
0.857405 1.47146 17 u
0.850204 1.46936 17 u
0.843003 1.46726 17 u
0.835802 1.46516 17 u

1.33862 1.3153 17 u
1.33271 1.31318 17 u
1.3268 1.31106 17 u
1.32089 1.30894 17 u
1.31498 1.30681 17 u
1.30907 1.30469 17 u
1.30316 1.30257 17 u
1.29724 1.30045 17 u
1.29133 1.29832 17 u
1.28542 1.2962 17 u
1.27951 1.29408 17 u
1.2736 1.29196 17 u
1.26769 1.28983 17 u
1.26178 1.28771 17 u
1.25587 1.28559 17 u
1.24996 1.28347 17 u
1.24405 1.28134 17 u
1.23814 1.27922 17 u
1.23223 1.2771 17 u
1.22632 1.27498 17 u
1.22041 1.27285 17 u
1.2145 1.27073 17 u
1.20858 1.26861 17 u
1.20267 1.26648 17 u
1.19676 1.26436 17 u
1.19085 1.26224 17 u
1.18494 1.26012 17 u
1.17903 1.25799 17 u
1.17312 1.25587 17 u
1.16721 1.25375 17 u
1.1613 1.25162 17 u
1.15539 1.2495 17 u
1.14948 1.24738 17 u
1.14357 1.24526 17 u
1.13766 1.24313 17 u
1.13175 1.24101 17 u
1.12584 1.23889 17 u
1.11993 1.23676 17 u
1.11402 1.23464 17 u
1.1081 1.23252 17 u
1.10219 1.23039 17 u
1.09628 1.22827 17 u
1.09037 1.22615 17 u
1.08446 1.22403 17 u
1.07855 1.2219 17 u
1.07264 1.21978 17 u
1.06673 1.21766 17 u
1.06082 1.21553 17 u
1.05491 1.21341 17 u
1.049 1.21129 17 u
1.04309 1.20917 17 u
1.03718 1.20704 17 u
1.03127 1.20492 17 u
1.02536 1.2028 17 u
1.01945 1.20067 17 u
1.01354 1.19855 17 u
1.00763 1.19643 17 u
1.00171 1.19431 17 u
0.995804 1.19218 17 u
0.989893 1.19006 17 u
0.983983 1.18794 17 u
0.978072 1.18581 17 u
0.972162 1.18369 17 u
0.966251 1.18157 17 u
0.960341 1.17945 17 u
0.95443 1.17732 17 u
0.948519 1.1752 17 u
0.942609 1.17308 17 u
0.936698 1.17096 17 u
0.930788 1.16883 17 u
0.924877 1.16671 17 u
0.918967 1.16459 17 u
0.913056 1.16246 17 u
0.907146 1.16034 17 u
0.901235 1.15822 17 u
0.895324 1.1561 17 u
0.889414 1.15397 17 u
0.883503 1.15185 17 u
0.877593 1.14973 17 u
0.871682 1.14761 17 u
0.865771 1.14548 17 u

1.3203 1.0306 17 u
1.31516 1.02804 17 u
1.31002 1.02548 17 u
1.30488 1.02292 17 u
1.29974 1.02036 17 u
1.2946 1.0178 17 u
1.28946 1.01524 17 u
1.28432 1.01268 17 u
1.27918 1.01012 17 u
1.27404 1.00756 17 u
1.2689 1.005 17 u
1.26376 1.00244 17 u
1.25862 0.999883 17 u
1.25348 0.997323 17 u
1.24834 0.994764 17 u
1.2432 0.992204 17 u
1.23806 0.989644 17 u
1.23292 0.987084 17 u
1.22778 0.984524 17 u
1.22263 0.981965 17 u
1.21749 0.979405 17 u
1.21235 0.976845 17 u
1.20721 0.974285 17 u
1.20207 0.971725 17 u
1.19693 0.969165 17 u
1.19179 0.966606 17 u
1.18665 0.964046 17 u
1.18151 0.961486 17 u
1.17637 0.958926 17 u
1.17123 0.956366 17 u
1.16609 0.953806 17 u
1.16095 0.951246 17 u
1.15581 0.948686 17 u
1.15067 0.946126 17 u
1.14553 0.943567 17 u
1.14039 0.941007 17 u
1.13524 0.938447 17 u
1.1301 0.935887 17 u
1.12496 0.933327 17 u
1.11982 0.930767 17 u
1.11468 0.928207 17 u
1.10954 0.925647 17 u
1.1044 0.923087 17 u
1.09926 0.920527 17 u
1.09412 0.917967 17 u
1.08898 0.915407 17 u
1.08384 0.912847 17 u
1.0787 0.910287 17 u
1.07356 0.907728 17 u
1.06842 0.905168 17 u
1.06328 0.902608 17 u
1.05814 0.900048 17 u
1.053 0.897488 17 u
1.04785 0.894928 17 u
1.04271 0.892368 17 u
1.03757 0.889808 17 u
1.03243 0.887248 17 u
1.02729 0.884689 17 u
1.02215 0.882129 17 u
1.01701 0.879569 17 u
1.01187 0.877009 17 u
1.00673 0.874449 17 u
1.00159 0.871889 17 u
0.996449 0.869329 17 u
0.991309 0.86677 17 u
0.986168 0.86421 17 u
0.981028 0.86165 17 u
0.975887 0.85909 17 u
0.970746 0.85653 17 u
0.965606 0.853971 17 u
0.960465 0.851411 17 u
0.955325 0.848851 17 u
0.950184 0.846291 17 u
0.945044 0.843731 17 u
0.939903 0.841172 17 u
0.934763 0.838612 17 u
0.929622 0.836052 17 u
0.924482 0.833492 17 u
0.919341 0.830933 17 u
0.914201 0.828373 17 u
0.909061 0.825813 17 u

1.43185 0.829143 17 u
1.42719 0.825438 17 u
1.42253 0.821734 17 u
1.41787 0.818029 17 u
1.4132 0.814325 17 u
1.40854 0.81062 17 u
1.40388 0.806916 17 u
1.39922 0.803212 17 u
1.39456 0.799507 17 u
1.3899 0.795803 17 u
1.38523 0.792098 17 u
1.38057 0.788394 17 u
1.37591 0.784689 17 u
1.37125 0.780985 17 u
1.36659 0.77728 17 u
1.36193 0.773576 17 u
1.35726 0.769871 17 u
1.3526 0.766167 17 u
1.34794 0.762462 17 u
1.34328 0.758758 17 u
1.33862 0.755053 17 u
1.33396 0.751349 17 u
1.32929 0.747644 17 u
1.32463 0.74394 17 u
1.31997 0.740235 17 u
1.31531 0.736531 17 u
1.31065 0.732826 17 u
1.30598 0.729122 17 u
1.30132 0.725417 17 u
1.29666 0.721713 17 u
1.292 0.718008 17 u
1.28734 0.714303 17 u
1.28268 0.710599 17 u
1.27801 0.706894 17 u
1.27335 0.70319 17 u
1.26869 0.699485 17 u
1.26403 0.695781 17 u
1.25937 0.692076 17 u
1.2547 0.688372 17 u
1.25004 0.684667 17 u
1.24538 0.680963 17 u
1.24072 0.677258 17 u
1.23606 0.673554 17 u
1.23139 0.669849 17 u
1.22673 0.666145 17 u
1.22207 0.66244 17 u
1.21741 0.658736 17 u
1.21275 0.655031 17 u
1.20808 0.651327 17 u
1.20342 0.647622 17 u
1.19876 0.643918 17 u
1.1941 0.640213 17 u
1.18944 0.636509 17 u
1.18478 0.632804 17 u
1.18011 0.6291 17 u
1.17545 0.625395 17 u
1.17079 0.621691 17 u
1.16613 0.617986 17 u
1.16147 0.614282 17 u
1.1568 0.610577 17 u
1.15214 0.606873 17 u
1.14748 0.603168 17 u
1.14282 0.599464 17 u
1.13816 0.595759 17 u
1.1335 0.592055 17 u
1.12883 0.58835 17 u
1.12417 0.584646 17 u
1.11951 0.580941 17 u
1.11485 0.577237 17 u
1.11019 0.573532 17 u
1.10553 0.569828 17 u
1.10086 0.566123 17 u
1.0962 0.562419 17 u
1.09154 0.558714 17 u
1.08688 0.55501 17 u
1.08222 0.551306 17 u
1.07756 0.547601 17 u
1.07289 0.543897 17 u
1.06823 0.540192 17 u
1.06357 0.536488 17 u
1.05891 0.532783 17 u

1.4485 1.94799 17 v
1.45031 1.93107 17 v
1.45173 1.91427 17 v
1.45277 1.8976 17 v
1.45343 1.88106 17 v
1.4537 1.86464 17 v
1.4536 1.84834 17 v
1.4531 1.83217 17 v
1.45223 1.81612 17 v
1.45097 1.8002 17 v
1.44933 1.7844 17 v
1.44731 1.76873 17 v
1.44491 1.75319 17 v
1.44212 1.73777 17 v
1.43895 1.72247 17 v
1.43539 1.7073 17 v
1.43145 1.69225 17 v
1.42713 1.67733 17 v
1.42243 1.66253 17 v
1.41734 1.64786 17 v
1.41187 1.63331 17 v
1.40631 1.61875 17 v
1.40095 1.60406 17 v
1.39579 1.58922 17 v
1.39083 1.57424 17 v
1.38607 1.55912 17 v
1.38151 1.54385 17 v
1.37715 1.52845 17 v
1.37298 1.5129 17 v
1.36902 1.49721 17 v
1.36526 1.48138 17 v
1.3617 1.46541 17 v
1.35833 1.4493 17 v
1.35517 1.43305 17 v
1.35221 1.41665 17 v
1.34944 1.40011 17 v
1.34688 1.38343 17 v
1.34451 1.36661 17 v
1.34235 1.34965 17 v
1.34038 1.33255 17 v
1.33862 1.3153 17 v
1.33699 1.29814 17 v
1.33544 1.28129 17 v
1.33396 1.26474 17 v
1.33256 1.24851 17 v
1.33123 1.23258 17 v
1.32998 1.21696 17 v
1.3288 1.20164 17 v
1.3277 1.18664 17 v
1.32667 1.17194 17 v
1.32572 1.15755 17 v
1.32484 1.14347 17 v
1.32403 1.1297 17 v
1.32331 1.11623 17 v
1.32265 1.10307 17 v
1.32207 1.09023 17 v
1.32157 1.07768 17 v
1.32114 1.06545 17 v
1.32079 1.05353 17 v
1.32051 1.04191 17 v
1.3203 1.0306 17 v
1.32043 1.0195 17 v
1.32112 1.00851 17 v
1.32239 0.997622 17 v
1.32423 0.986846 17 v
1.32665 0.976178 17 v
1.32964 0.965618 17 v
1.33321 0.955166 17 v
1.33735 0.944823 17 v
1.34207 0.934588 17 v
1.34736 0.924461 17 v
1.35322 0.914442 17 v
1.35966 0.904531 17 v
1.36668 0.894729 17 v
1.37426 0.885035 17 v
1.38242 0.875449 17 v
1.39116 0.865972 17 v
1.40047 0.856602 17 v
1.41036 0.847341 17 v
1.42082 0.838188 17 v
1.43185 0.829143 17 v

1.28284 1.89721 17 v
1.28502 1.88118 17 v
1.28689 1.86523 17 v
1.28845 1.84935 17 v
1.2897 1.83356 17 v
1.29064 1.81784 17 v
1.29128 1.80219 17 v
1.29161 1.78663 17 v
1.29163 1.77114 17 v
1.29134 1.75573 17 v
1.29075 1.74039 17 v
1.28985 1.72513 17 v
1.28863 1.70995 17 v
1.28711 1.69485 17 v
1.28529 1.67982 17 v
1.28315 1.66487 17 v
1.28071 1.65 17 v
1.27796 1.6352 17 v
1.2749 1.62048 17 v
1.27153 1.60584 17 v
1.26786 1.59127 17 v
1.2641 1.57668 17 v
1.26049 1.56194 17 v
1.25702 1.54707 17 v
1.2537 1.53205 17 v
1.25053 1.5169 17 v
1.2475 1.5016 17 v
1.24462 1.48617 17 v
1.24188 1.4706 17 v
1.23929 1.45489 17 v
1.23685 1.43904 17 v
1.23455 1.42304 17 v
1.23239 1.40691 17 v
1.23038 1.39064 17 v
1.22852 1.37424 17 v
1.22681 1.35769 17 v
1.22523 1.341 17 v
1.22381 1.32417 17 v
1.22253 1.3072 17 v
1.22139 1.2901 17 v
1.22041 1.27285 17 v
1.21953 1.25567 17 v
1.21873 1.23875 17 v
1.21801 1.2221 17 v
1.21736 1.2057 17 v
1.21679 1.18958 17 v
1.2163 1.17372 17 v
1.21588 1.15812 17 v
1.21555 1.14279 17 v
1.21528 1.12772 17 v
1.2151 1.11291 17 v
1.21499 1.09837 17 v
1.21496 1.0841 17 v
1.21501 1.07009 17 v
1.21513 1.05634 17 v
1.21533 1.04286 17 v
1.21561 1.02964 17 v
1.21597 1.01668 17 v
1.2164 1.00399 17 v
1.21691 0.991566 17 v
1.21749 0.979405 17 v
1.21839 0.967416 17 v
1.21983 0.955509 17 v
1.22181 0.943682 17 v
1.22434 0.931937 17 v
1.22741 0.920273 17 v
1.23102 0.90869 17 v
1.23517 0.897188 17 v
1.23987 0.885768 17 v
1.24511 0.874429 17 v
1.2509 0.86317 17 v
1.25723 0.851993 17 v
1.2641 0.840898 17 v
1.27151 0.829883 17 v
1.27947 0.818949 17 v
1.28797 0.808097 17 v
1.29701 0.797326 17 v
1.3066 0.786636 17 v
1.31673 0.776027 17 v
1.3274 0.765499 17 v
1.33862 0.755053 17 v

1.11718 1.84642 17 v
1.11973 1.83129 17 v
1.12204 1.81618 17 v
1.12412 1.8011 17 v
1.12597 1.78605 17 v
1.12758 1.77103 17 v
1.12897 1.75604 17 v
1.13012 1.74108 17 v
1.13103 1.72615 17 v
1.13171 1.71125 17 v
1.13216 1.69637 17 v
1.13238 1.68153 17 v
1.13236 1.66671 17 v
1.13211 1.65192 17 v
1.13163 1.63717 17 v
1.13091 1.62244 17 v
1.12997 1.60774 17 v
1.12878 1.59307 17 v
1.12737 1.57843 17 v
1.12572 1.56382 17 v
1.12384 1.54923 17 v
1.12189 1.5346 17 v
1.12003 1.51982 17 v
1.11826 1.50491 17 v
1.11658 1.48986 17 v
1.11499 1.47467 17 v
1.1135 1.45935 17 v
1.1121 1.44389 17 v
1.11078 1.42829 17 v
1.10956 1.41256 17 v
1.10844 1.39668 17 v
1.1074 1.38067 17 v
1.10646 1.36452 17 v
1.1056 1.34824 17 v
1.10484 1.33182 17 v
1.10417 1.31526 17 v
1.10359 1.29856 17 v
1.10311 1.28172 17 v
1.10271 1.26475 17 v
1.10241 1.24764 17 v
1.10219 1.23039 17 v
1.10207 1.21319 17 v
1.10202 1.19621 17 v
1.10205 1.17944 17 v
1.10216 1.1629 17 v
1.10235 1.14658 17 v
1.10262 1.13047 17 v
1.10297 1.11459 17 v
1.10339 1.09893 17 v
1.1039 1.08349 17 v
1.10448 1.06827 17 v
1.10515 1.05327 17 v
1.10589 1.03849 17 v
1.10671 1.02394 17 v
1.10761 1.0096 17 v
1.10859 0.995481 17 v
1.10965 0.981585 17 v
1.11079 0.96791 17 v
1.11201 0.954455 17 v
1.11331 0.941221 17 v
1.11468 0.928207 17 v
1.11635 0.915331 17 v
1.11854 0.902509 17 v
1.12123 0.889741 17 v
1.12444 0.877027 17 v
1.12816 0.864367 17 v
1.13239 0.851761 17 v
1.13713 0.83921 17 v
1.14239 0.826712 17 v
1.14815 0.814269 17 v
1.15443 0.80188 17 v
1.16122 0.789544 17 v
1.16853 0.777263 17 v
1.17634 0.765036 17 v
1.18467 0.752864 17 v
1.19351 0.740745 17 v
1.20286 0.72868 17 v
1.21272 0.71667 17 v
1.22309 0.704713 17 v
1.23398 0.692811 17 v
1.24538 0.680963 17 v

0.951517 1.79564 17 v
0.954434 1.7814 17 v
0.957194 1.76713 17 v
0.959796 1.75285 17 v
0.962239 1.73855 17 v
0.964524 1.72423 17 v
0.966651 1.70989 17 v
0.96862 1.69554 17 v
0.97043 1.68116 17 v
0.972083 1.66677 17 v
0.973577 1.65235 17 v
0.974913 1.63792 17 v
0.976091 1.62347 17 v
0.977111 1.609 17 v
0.977973 1.59451 17 v
0.978676 1.58001 17 v
0.979221 1.56548 17 v
0.979608 1.55094 17 v
0.979837 1.53637 17 v
0.979908 1.52179 17 v
0.979821 1.50719 17 v
0.979673 1.49251 17 v
0.979563 1.4777 17 v
0.97949 1.46275 17 v
0.979454 1.44767 17 v
0.979456 1.43245 17 v
0.979496 1.4171 17 v
0.979573 1.40161 17 v
0.979687 1.38598 17 v
0.979839 1.37022 17 v
0.980029 1.35433 17 v
0.980255 1.3383 17 v
0.98052 1.32213 17 v
0.980822 1.30583 17 v
0.981161 1.2894 17 v
0.981537 1.27282 17 v
0.981952 1.25612 17 v
0.982403 1.23928 17 v
0.982892 1.2223 17 v
0.983419 1.20519 17 v
0.983983 1.18794 17 v
0.984606 1.17071 17 v
0.985311 1.15366 17 v
0.986096 1.13679 17 v
0.986963 1.12009 17 v
0.987911 1.10357 17 v
0.98894 1.08723 17 v
0.990051 1.07106 17 v
0.991242 1.05507 17 v
0.992515 1.03926 17 v
0.993869 1.02363 17 v
0.995304 1.00817 17 v
0.99682 0.992889 17 v
0.998417 0.977784 17 v
1.0001 0.962857 17 v
1.00186 0.948107 17 v
1.0037 0.933533 17 v
1.00562 0.919137 17 v
1.00762 0.904917 17 v
1.00971 0.890875 17 v
1.01187 0.877009 17 v
1.01432 0.863245 17 v
1.01724 0.849509 17 v
1.02065 0.835799 17 v
1.02454 0.822116 17 v
1.02891 0.808461 17 v
1.03376 0.794832 17 v
1.03909 0.781231 17 v
1.0449 0.767656 17 v
1.0512 0.754109 17 v
1.05797 0.740589 17 v
1.06522 0.727095 17 v
1.07296 0.713629 17 v
1.08117 0.70019 17 v
1.08987 0.686778 17 v
1.09905 0.673393 17 v
1.1087 0.660035 17 v
1.11884 0.646704 17 v
1.12946 0.6334 17 v
1.14056 0.620123 17 v
1.15214 0.606873 17 v

0.785854 1.74486 17 v
0.789142 1.73151 17 v
0.792347 1.71809 17 v
0.795469 1.7046 17 v
0.798508 1.69105 17 v
0.801463 1.67743 17 v
0.804335 1.66375 17 v
0.807124 1.64999 17 v
0.809829 1.63618 17 v
0.812452 1.62229 17 v
0.814991 1.60834 17 v
0.817446 1.59432 17 v
0.819819 1.58023 17 v
0.822108 1.56608 17 v
0.824314 1.55186 17 v
0.826437 1.53758 17 v
0.828477 1.52323 17 v
0.830433 1.50881 17 v
0.832306 1.49432 17 v
0.834096 1.47977 17 v
0.835802 1.46516 17 v
0.837459 1.45044 17 v
0.839099 1.43559 17 v
0.840722 1.4206 17 v
0.842329 1.40548 17 v
0.843919 1.39023 17 v
0.845492 1.37485 17 v
0.847049 1.35933 17 v
0.848589 1.34368 17 v
0.850113 1.3279 17 v
0.851619 1.31198 17 v
0.85311 1.29593 17 v
0.854583 1.27975 17 v
0.85604 1.26343 17 v
0.85748 1.24698 17 v
0.858904 1.2304 17 v
0.86031 1.21368 17 v
0.861701 1.19683 17 v
0.863074 1.17985 17 v
0.864431 1.16273 17 v
0.865771 1.14548 17 v
0.867145 1.12824 17 v
0.868602 1.11112 17 v
0.870142 1.09414 17 v
0.871765 1.07729 17 v
0.873472 1.06057 17 v
0.875262 1.04399 17 v
0.877135 1.02754 17 v
0.879091 1.01122 17 v
0.881131 0.995038 17 v
0.883253 0.978988 17 v
0.88546 0.963071 17 v
0.887749 0.947288 17 v
0.890121 0.931637 17 v
0.892577 0.91612 17 v
0.895116 0.900736 17 v
0.897739 0.885485 17 v
0.900444 0.870367 17 v
0.903233 0.855382 17 v
0.906105 0.840531 17 v
0.909061 0.825813 17 v
0.912282 0.811161 17 v
0.915954 0.79651 17 v
0.920074 0.781858 17 v
0.924645 0.767207 17 v
0.929665 0.752555 17 v
0.935134 0.737904 17 v
0.941053 0.723252 17 v
0.947422 0.708601 17 v
0.95424 0.693949 17 v
0.961508 0.679298 17 v
0.969225 0.664647 17 v
0.977392 0.649995 17 v
0.986008 0.635344 17 v
0.995074 0.620692 17 v
1.00459 0.606041 17 v
1.01455 0.591389 17 v
1.02497 0.576738 17 v
1.03583 0.562086 17 v
1.04715 0.547435 17 v
1.05891 0.532783 17 v

1.43185 0.829143 18 u
1.42719 0.825438 18 u
1.42253 0.821734 18 u
1.41787 0.818029 18 u
1.4132 0.814325 18 u
1.40854 0.81062 18 u
1.40388 0.806916 18 u
1.39922 0.803212 18 u
1.39456 0.799507 18 u
1.3899 0.795803 18 u
1.38523 0.792098 18 u
1.38057 0.788394 18 u
1.37591 0.784689 18 u
1.37125 0.780985 18 u
1.36659 0.77728 18 u
1.36193 0.773576 18 u
1.35726 0.769871 18 u
1.3526 0.766167 18 u
1.34794 0.762462 18 u
1.34328 0.758758 18 u
1.33862 0.755053 18 u
1.33396 0.751349 18 u
1.32929 0.747644 18 u
1.32463 0.74394 18 u
1.31997 0.740235 18 u
1.31531 0.736531 18 u
1.31065 0.732826 18 u
1.30598 0.729122 18 u
1.30132 0.725417 18 u
1.29666 0.721713 18 u
1.292 0.718008 18 u
1.28734 0.714303 18 u
1.28268 0.710599 18 u
1.27801 0.706894 18 u
1.27335 0.70319 18 u
1.26869 0.699485 18 u
1.26403 0.695781 18 u
1.25937 0.692076 18 u
1.2547 0.688372 18 u
1.25004 0.684667 18 u
1.24538 0.680963 18 u
1.24072 0.677258 18 u
1.23606 0.673554 18 u
1.23139 0.669849 18 u
1.22673 0.666145 18 u
1.22207 0.66244 18 u
1.21741 0.658736 18 u
1.21275 0.655031 18 u
1.20808 0.651327 18 u
1.20342 0.647622 18 u
1.19876 0.643918 18 u
1.1941 0.640213 18 u
1.18944 0.636509 18 u
1.18478 0.632804 18 u
1.18011 0.6291 18 u
1.17545 0.625395 18 u
1.17079 0.621691 18 u
1.16613 0.617986 18 u
1.16147 0.614282 18 u
1.1568 0.610577 18 u
1.15214 0.606873 18 u
1.14748 0.603168 18 u
1.14282 0.599464 18 u
1.13816 0.595759 18 u
1.1335 0.592055 18 u
1.12883 0.58835 18 u
1.12417 0.584646 18 u
1.11951 0.580941 18 u
1.11485 0.577237 18 u
1.11019 0.573532 18 u
1.10553 0.569828 18 u
1.10086 0.566123 18 u
1.0962 0.562419 18 u
1.09154 0.558714 18 u
1.08688 0.55501 18 u
1.08222 0.551306 18 u
1.07756 0.547601 18 u
1.07289 0.543897 18 u
1.06823 0.540192 18 u
1.06357 0.536488 18 u
1.05891 0.532783 18 u

1.62665 0.732576 18 u
1.62332 0.727352 18 u
1.61999 0.722128 18 u
1.61666 0.716905 18 u
1.61333 0.711681 18 u
1.61 0.706457 18 u
1.60667 0.701233 18 u
1.60334 0.69601 18 u
1.60001 0.690786 18 u
1.59668 0.685562 18 u
1.59335 0.680338 18 u
1.59002 0.675115 18 u
1.58669 0.669891 18 u
1.58336 0.664667 18 u
1.58003 0.659443 18 u
1.5767 0.65422 18 u
1.57337 0.648996 18 u
1.57004 0.643772 18 u
1.56671 0.638548 18 u
1.56338 0.633325 18 u
1.56005 0.628101 18 u
1.55672 0.622877 18 u
1.55339 0.617653 18 u
1.55006 0.61243 18 u
1.54673 0.607206 18 u
1.5434 0.601982 18 u
1.54007 0.596758 18 u
1.53674 0.591535 18 u
1.53341 0.586311 18 u
1.53008 0.581087 18 u
1.52675 0.575863 18 u
1.52342 0.570639 18 u
1.52009 0.565416 18 u
1.51676 0.560192 18 u
1.51343 0.554968 18 u
1.5101 0.549744 18 u
1.50677 0.544521 18 u
1.50344 0.539297 18 u
1.50011 0.534073 18 u
1.49678 0.528849 18 u
1.49346 0.523625 18 u
1.49013 0.518402 18 u
1.4868 0.513178 18 u
1.48347 0.507954 18 u
1.48014 0.50273 18 u
1.47681 0.497507 18 u
1.47348 0.492283 18 u
1.47015 0.487059 18 u
1.46682 0.481835 18 u
1.46349 0.476612 18 u
1.46016 0.471388 18 u
1.45683 0.466164 18 u
1.4535 0.46094 18 u
1.45017 0.455716 18 u
1.44684 0.450493 18 u
1.44351 0.445269 18 u
1.44018 0.440045 18 u
1.43685 0.434821 18 u
1.43352 0.429598 18 u
1.43019 0.424374 18 u
1.42686 0.41915 18 u
1.42353 0.413926 18 u
1.4202 0.408703 18 u
1.41687 0.403479 18 u
1.41354 0.398255 18 u
1.41021 0.393031 18 u
1.40688 0.387808 18 u
1.40355 0.382584 18 u
1.40022 0.37736 18 u
1.39689 0.372136 18 u
1.39356 0.366913 18 u
1.39023 0.361689 18 u
1.3869 0.356465 18 u
1.38357 0.351241 18 u
1.38024 0.346018 18 u
1.37691 0.340794 18 u
1.37358 0.33557 18 u
1.37025 0.330346 18 u
1.36692 0.325123 18 u
1.36359 0.319899 18 u
1.36026 0.314675 18 u

1.82811 0.729246 18 u
1.82765 0.723127 18 u
1.82719 0.717009 18 u
1.82674 0.71089 18 u
1.82628 0.704771 18 u
1.82582 0.698653 18 u
1.82536 0.692534 18 u
1.82491 0.686415 18 u
1.82445 0.680297 18 u
1.82399 0.674178 18 u
1.82353 0.668059 18 u
1.82307 0.661941 18 u
1.82262 0.655822 18 u
1.82216 0.649703 18 u
1.8217 0.643585 18 u
1.82124 0.637466 18 u
1.82079 0.631347 18 u
1.82033 0.625229 18 u
1.81987 0.61911 18 u
1.81941 0.612991 18 u
1.81895 0.606873 18 u
1.8185 0.600754 18 u
1.81804 0.594635 18 u
1.81758 0.588517 18 u
1.81712 0.582398 18 u
1.81666 0.576279 18 u
1.81621 0.570161 18 u
1.81575 0.564042 18 u
1.81529 0.557923 18 u
1.81483 0.551805 18 u
1.81437 0.545686 18 u
1.81392 0.539567 18 u
1.81346 0.533449 18 u
1.813 0.52733 18 u
1.81254 0.521211 18 u
1.81208 0.515092 18 u
1.81163 0.508974 18 u
1.81117 0.502855 18 u
1.81071 0.496736 18 u
1.81025 0.490618 18 u
1.80979 0.484499 18 u
1.80934 0.47838 18 u
1.80888 0.472262 18 u
1.80842 0.466143 18 u
1.80796 0.460024 18 u
1.80751 0.453906 18 u
1.80705 0.447787 18 u
1.80659 0.441668 18 u
1.80613 0.435549 18 u
1.80567 0.429431 18 u
1.80522 0.423312 18 u
1.80476 0.417193 18 u
1.8043 0.411075 18 u
1.80384 0.404956 18 u
1.80338 0.398837 18 u
1.80293 0.392719 18 u
1.80247 0.3866 18 u
1.80201 0.380481 18 u
1.80155 0.374363 18 u
1.80109 0.368244 18 u
1.80064 0.362125 18 u
1.80018 0.356007 18 u
1.79972 0.349888 18 u
1.79926 0.343769 18 u
1.7988 0.337651 18 u
1.79835 0.331532 18 u
1.79789 0.325413 18 u
1.79743 0.319295 18 u
1.79697 0.313176 18 u
1.79652 0.307057 18 u
1.79606 0.300939 18 u
1.7956 0.29482 18 u
1.79514 0.288701 18 u
1.79468 0.282583 18 u
1.79423 0.276464 18 u
1.79377 0.270345 18 u
1.79331 0.264227 18 u
1.79285 0.258108 18 u
1.7924 0.251989 18 u
1.79194 0.245871 18 u
1.79148 0.239752 18 u

2.03623 0.74756 18 u
2.03916 0.741816 18 u
2.0421 0.736072 18 u
2.04503 0.730328 18 u
2.04797 0.724584 18 u
2.0509 0.71884 18 u
2.05384 0.713096 18 u
2.05677 0.707352 18 u
2.05971 0.701608 18 u
2.06264 0.695864 18 u
2.06557 0.69012 18 u
2.06851 0.684376 18 u
2.07144 0.678632 18 u
2.07438 0.672888 18 u
2.07731 0.667144 18 u
2.08025 0.6614 18 u
2.08318 0.655656 18 u
2.08612 0.649912 18 u
2.08905 0.644168 18 u
2.09198 0.638423 18 u
2.09492 0.632679 18 u
2.09785 0.626935 18 u
2.10079 0.621191 18 u
2.10372 0.615447 18 u
2.10666 0.609703 18 u
2.10959 0.603959 18 u
2.11253 0.598215 18 u
2.11546 0.592471 18 u
2.11839 0.586727 18 u
2.12133 0.580983 18 u
2.12426 0.575239 18 u
2.1272 0.569495 18 u
2.13013 0.563751 18 u
2.13307 0.558007 18 u
2.136 0.552263 18 u
2.13894 0.546519 18 u
2.14187 0.540774 18 u
2.1448 0.53503 18 u
2.14774 0.529286 18 u
2.15067 0.523542 18 u
2.15361 0.517798 18 u
2.15654 0.512054 18 u
2.15948 0.50631 18 u
2.16241 0.500566 18 u
2.16535 0.494822 18 u
2.16828 0.489078 18 u
2.17121 0.483334 18 u
2.17415 0.47759 18 u
2.17708 0.471846 18 u
2.18002 0.466102 18 u
2.18295 0.460358 18 u
2.18589 0.454614 18 u
2.18882 0.44887 18 u
2.19175 0.443125 18 u
2.19469 0.437381 18 u
2.19762 0.431637 18 u
2.20056 0.425893 18 u
2.20349 0.420149 18 u
2.20643 0.414405 18 u
2.20936 0.408661 18 u
2.2123 0.402917 18 u
2.21523 0.397173 18 u
2.21816 0.391429 18 u
2.2211 0.385685 18 u
2.22403 0.379941 18 u
2.22697 0.374197 18 u
2.2299 0.368453 18 u
2.23284 0.362709 18 u
2.23577 0.356965 18 u
2.23871 0.351221 18 u
2.24164 0.345477 18 u
2.24457 0.339732 18 u
2.24751 0.333988 18 u
2.25044 0.328244 18 u
2.25338 0.3225 18 u
2.25631 0.316756 18 u
2.25925 0.311012 18 u
2.26218 0.305268 18 u
2.26512 0.299524 18 u
2.26805 0.29378 18 u
2.27099 0.288036 18 u

2.25101 0.862442 18 u
2.25655 0.857447 18 u
2.26208 0.852452 18 u
2.26762 0.847457 18 u
2.27315 0.842463 18 u
2.27869 0.837468 18 u
2.28423 0.832473 18 u
2.28976 0.827478 18 u
2.2953 0.822483 18 u
2.30083 0.817488 18 u
2.30637 0.812494 18 u
2.31191 0.807499 18 u
2.31744 0.802504 18 u
2.32298 0.797509 18 u
2.32851 0.792514 18 u
2.33405 0.787519 18 u
2.33959 0.782524 18 u
2.34512 0.77753 18 u
2.35066 0.772535 18 u
2.35619 0.76754 18 u
2.36173 0.762545 18 u
2.36726 0.75755 18 u
2.3728 0.752555 18 u
2.37834 0.747561 18 u
2.38387 0.742566 18 u
2.38941 0.737571 18 u
2.39494 0.732576 18 u
2.40048 0.727581 18 u
2.40602 0.722586 18 u
2.41155 0.717592 18 u
2.41709 0.712597 18 u
2.42262 0.707602 18 u
2.42816 0.702607 18 u
2.43369 0.697612 18 u
2.43923 0.692617 18 u
2.44477 0.687623 18 u
2.4503 0.682628 18 u
2.45584 0.677633 18 u
2.46137 0.672638 18 u
2.46691 0.667643 18 u
2.47244 0.662648 18 u
2.47798 0.657654 18 u
2.48352 0.652659 18 u
2.48905 0.647664 18 u
2.49459 0.642669 18 u
2.50012 0.637674 18 u
2.50566 0.63268 18 u
2.5112 0.627685 18 u
2.51673 0.62269 18 u
2.52227 0.617695 18 u
2.5278 0.6127 18 u
2.53334 0.607705 18 u
2.53887 0.602711 18 u
2.54441 0.597716 18 u
2.54995 0.592721 18 u
2.55548 0.587726 18 u
2.56102 0.582731 18 u
2.56655 0.577736 18 u
2.57209 0.572742 18 u
2.57763 0.567747 18 u
2.58316 0.562752 18 u
2.5887 0.557757 18 u
2.59423 0.552762 18 u
2.59977 0.547767 18 u
2.6053 0.542773 18 u
2.61084 0.537778 18 u
2.61638 0.532783 18 u
2.62191 0.527788 18 u
2.62745 0.522793 18 u
2.63298 0.517798 18 u
2.63852 0.512803 18 u
2.64406 0.507809 18 u
2.64959 0.502814 18 u
2.65513 0.497819 18 u
2.66066 0.492824 18 u
2.6662 0.487829 18 u
2.67174 0.482834 18 u
2.67727 0.47784 18 u
2.68281 0.472845 18 u
2.68834 0.46785 18 u
2.69388 0.462855 18 u

1.43185 0.829143 18 v
1.44309 0.82036 18 v
1.45418 0.811994 18 v
1.4651 0.804044 18 v
1.47587 0.79651 18 v
1.48648 0.789392 18 v
1.49693 0.782691 18 v
1.50723 0.776406 18 v
1.51736 0.770537 18 v
1.52734 0.765084 18 v
1.53716 0.760048 18 v
1.54682 0.755428 18 v
1.55632 0.751224 18 v
1.56567 0.747436 18 v
1.57485 0.744064 18 v
1.58388 0.741109 18 v
1.59275 0.73857 18 v
1.60146 0.736447 18 v
1.61002 0.73474 18 v
1.61841 0.73345 18 v
1.62665 0.732576 18 v
1.6349 0.731935 18 v
1.64335 0.731344 18 v
1.65199 0.730803 18 v
1.66081 0.730312 18 v
1.66983 0.72987 18 v
1.67904 0.729479 18 v
1.68845 0.729138 18 v
1.69804 0.728846 18 v
1.70783 0.728605 18 v
1.7178 0.728413 18 v
1.72797 0.728272 18 v
1.73833 0.72818 18 v
1.74889 0.728139 18 v
1.75963 0.728147 18 v
1.77056 0.728205 18 v
1.78169 0.728314 18 v
1.79301 0.728472 18 v
1.80452 0.72868 18 v
1.81622 0.728938 18 v
1.82811 0.729246 18 v
1.84002 0.729608 18 v
1.85177 0.730029 18 v
1.86336 0.730507 18 v
1.8748 0.731044 18 v
1.88607 0.731639 18 v
1.89719 0.732293 18 v
1.90815 0.733005 18 v
1.91895 0.733775 18 v
1.92959 0.734603 18 v
1.94008 0.73549 18 v
1.95041 0.736434 18 v
1.96058 0.737438 18 v
1.97059 0.738499 18 v
1.98044 0.739619 18 v
1.99013 0.740797 18 v
1.99967 0.742033 18 v
2.00905 0.743327 18 v
2.01827 0.74468 18 v
2.02733 0.746091 18 v
2.03623 0.74756 18 v
2.04515 0.749271 18 v
2.05426 0.751407 18 v
2.06356 0.753966 18 v
2.07306 0.756951 18 v
2.08274 0.76036 18 v
2.09262 0.764193 18 v
2.10269 0.768451 18 v
2.11295 0.773134 18 v
2.1234 0.778241 18 v
2.13405 0.783773 18 v
2.14488 0.789729 18 v
2.15591 0.79611 18 v
2.16712 0.802916 18 v
2.17853 0.810146 18 v
2.19013 0.817801 18 v
2.20193 0.82588 18 v
2.21391 0.834383 18 v
2.22608 0.843312 18 v
2.23845 0.852665 18 v
2.25101 0.862442 18 v

1.33862 0.755053 18 v
1.35008 0.74485 18 v
1.36151 0.735053 18 v
1.37289 0.725662 18 v
1.38424 0.716676 18 v
1.39554 0.708096 18 v
1.4068 0.699923 18 v
1.41801 0.692155 18 v
1.42919 0.684792 18 v
1.44032 0.677836 18 v
1.45142 0.671285 18 v
1.46247 0.665141 18 v
1.47348 0.659402 18 v
1.48445 0.654069 18 v
1.49537 0.649142 18 v
1.50626 0.64462 18 v
1.5171 0.640505 18 v
1.5279 0.636795 18 v
1.53866 0.633491 18 v
1.54938 0.630593 18 v
1.56005 0.628101 18 v
1.57082 0.625873 18 v
1.58182 0.623768 18 v
1.59305 0.621785 18 v
1.60451 0.619926 18 v
1.61619 0.618189 18 v
1.62811 0.616575 18 v
1.64025 0.615084 18 v
1.65262 0.613716 18 v
1.66523 0.61247 18 v
1.67806 0.611347 18 v
1.69112 0.610347 18 v
1.7044 0.60947 18 v
1.71792 0.608716 18 v
1.73167 0.608084 18 v
1.74564 0.607575 18 v
1.75985 0.607189 18 v
1.77428 0.606926 18 v
1.78894 0.606785 18 v
1.80383 0.606768 18 v
1.81895 0.606873 18 v
1.83412 0.607095 18 v
1.84914 0.607431 18 v
1.86401 0.607878 18 v
1.87874 0.608438 18 v
1.89333 0.60911 18 v
1.90778 0.609895 18 v
1.92208 0.610792 18 v
1.93623 0.611801 18 v
1.95025 0.612923 18 v
1.96412 0.614157 18 v
1.97784 0.615503 18 v
1.99143 0.616962 18 v
2.00487 0.618534 18 v
2.01816 0.620217 18 v
2.03131 0.622013 18 v
2.04432 0.623922 18 v
2.05719 0.625943 18 v
2.06991 0.628076 18 v
2.08249 0.630321 18 v
2.09492 0.632679 18 v
2.10733 0.635298 18 v
2.11984 0.638324 18 v
2.13245 0.641758 18 v
2.14515 0.645599 18 v
2.15795 0.649849 18 v
2.17085 0.654507 18 v
2.18385 0.659572 18 v
2.19695 0.665046 18 v
2.21014 0.670927 18 v
2.22343 0.677217 18 v
2.23682 0.683914 18 v
2.25031 0.691019 18 v
2.26389 0.698532 18 v
2.27758 0.706453 18 v
2.29136 0.714782 18 v
2.30524 0.723519 18 v
2.31921 0.732664 18 v
2.33329 0.742216 18 v
2.34746 0.752177 18 v
2.36173 0.762545 18 v

1.24538 0.680963 18 v
1.25707 0.66934 18 v
1.26884 0.658112 18 v
1.28068 0.647279 18 v
1.2926 0.636842 18 v
1.30459 0.6268 18 v
1.31666 0.617154 18 v
1.3288 0.607903 18 v
1.34101 0.599048 18 v
1.3533 0.590588 18 v
1.36567 0.582523 18 v
1.37811 0.574854 18 v
1.39063 0.56758 18 v
1.40322 0.560702 18 v
1.41589 0.554219 18 v
1.42863 0.548132 18 v
1.44144 0.542439 18 v
1.45433 0.537143 18 v
1.4673 0.532242 18 v
1.48034 0.527736 18 v
1.49346 0.523625 18 v
1.50674 0.519811 18 v
1.52029 0.516191 18 v
1.53411 0.512768 18 v
1.5482 0.50954 18 v
1.56255 0.506508 18 v
1.57717 0.503671 18 v
1.59205 0.50103 18 v
1.6072 0.498585 18 v
1.62262 0.496335 18 v
1.6383 0.494281 18 v
1.65426 0.492422 18 v
1.67047 0.490759 18 v
1.68695 0.489292 18 v
1.7037 0.48802 18 v
1.72072 0.486944 18 v
1.738 0.486064 18 v
1.75555 0.485379 18 v
1.77337 0.48489 18 v
1.79145 0.484597 18 v
1.80979 0.484499 18 v
1.82821 0.484582 18 v
1.8465 0.484832 18 v
1.86466 0.485248 18 v
1.88269 0.485831 18 v
1.90059 0.48658 18 v
1.91836 0.487496 18 v
1.936 0.488578 18 v
1.95351 0.489827 18 v
1.9709 0.491242 18 v
1.98815 0.492824 18 v
2.00528 0.494572 18 v
2.02228 0.496487 18 v
2.03914 0.498568 18 v
2.05588 0.500816 18 v
2.07249 0.50323 18 v
2.08897 0.505811 18 v
2.10533 0.508558 18 v
2.12155 0.511471 18 v
2.13764 0.514552 18 v
2.15361 0.517798 18 v
2.16951 0.521324 18 v
2.18542 0.525241 18 v
2.20133 0.529549 18 v
2.21724 0.534248 18 v
2.23316 0.539339 18 v
2.24908 0.54482 18 v
2.26501 0.550694 18 v
2.28094 0.556958 18 v
2.29688 0.563614 18 v
2.31282 0.57066 18 v
2.32876 0.578099 18 v
2.34471 0.585928 18 v
2.36066 0.594149 18 v
2.37662 0.602761 18 v
2.39258 0.611764 18 v
2.40854 0.621158 18 v
2.42451 0.630944 18 v
2.44049 0.641121 18 v
2.45646 0.651689 18 v
2.47244 0.662648 18 v

1.15214 0.606873 18 v
1.16406 0.593829 18 v
1.17617 0.58117 18 v
1.18847 0.568897 18 v
1.20096 0.557008 18 v
1.21364 0.545504 18 v
1.22651 0.534385 18 v
1.23958 0.523652 18 v
1.25284 0.513303 18 v
1.26629 0.503339 18 v
1.27993 0.493761 18 v
1.29376 0.484567 18 v
1.30778 0.475759 18 v
1.32199 0.467335 18 v
1.3364 0.459296 18 v
1.351 0.451643 18 v
1.36579 0.444374 18 v
1.38077 0.437491 18 v
1.39594 0.430992 18 v
1.4113 0.424879 18 v
1.42686 0.41915 18 v
1.44266 0.413748 18 v
1.45876 0.408615 18 v
1.47518 0.40375 18 v
1.49189 0.399154 18 v
1.50891 0.394826 18 v
1.52623 0.390767 18 v
1.54385 0.386976 18 v
1.56178 0.383453 18 v
1.58002 0.380199 18 v
1.59855 0.377214 18 v
1.61739 0.374497 18 v
1.63654 0.372048 18 v
1.65599 0.369868 18 v
1.67574 0.367957 18 v
1.6958 0.366314 18 v
1.71616 0.364939 18 v
1.73682 0.363833 18 v
1.75779 0.362995 18 v
1.77906 0.362426 18 v
1.80064 0.362125 18 v
1.82231 0.362069 18 v
1.84386 0.362233 18 v
1.8653 0.362618 18 v
1.88663 0.363224 18 v
1.90784 0.36405 18 v
1.92894 0.365097 18 v
1.94992 0.366365 18 v
1.97079 0.367853 18 v
1.99155 0.369561 18 v
2.01219 0.371491 18 v
2.03271 0.373641 18 v
2.05313 0.376011 18 v
2.07342 0.378602 18 v
2.0936 0.381414 18 v
2.11367 0.384446 18 v
2.13363 0.387699 18 v
2.15347 0.391173 18 v
2.17319 0.394867 18 v
2.1928 0.398782 18 v
2.2123 0.402917 18 v
2.23169 0.40735 18 v
2.25099 0.412158 18 v
2.27021 0.41734 18 v
2.28933 0.422897 18 v
2.30837 0.428828 18 v
2.32731 0.435134 18 v
2.34617 0.441815 18 v
2.36494 0.44887 18 v
2.38362 0.4563 18 v
2.4022 0.464104 18 v
2.4207 0.472283 18 v
2.43911 0.480837 18 v
2.45743 0.489765 18 v
2.47566 0.499068 18 v
2.4938 0.508745 18 v
2.51185 0.518798 18 v
2.52981 0.529224 18 v
2.54769 0.540025 18 v
2.56547 0.551201 18 v
2.58316 0.562752 18 v

1.05891 0.532783 18 v
1.07105 0.518319 18 v
1.0835 0.504229 18 v
1.09626 0.490514 18 v
1.10932 0.477174 18 v
1.1227 0.464208 18 v
1.13638 0.451617 18 v
1.15037 0.4394 18 v
1.16466 0.427559 18 v
1.17927 0.416091 18 v
1.19418 0.404998 18 v
1.2094 0.39428 18 v
1.22493 0.383937 18 v
1.24077 0.373968 18 v
1.25692 0.364374 18 v
1.27337 0.355154 18 v
1.29013 0.346309 18 v
1.3072 0.337839 18 v
1.32458 0.329743 18 v
1.34227 0.322022 18 v
1.36026 0.314675 18 v
1.37858 0.307686 18 v
1.39724 0.301039 18 v
1.41624 0.294733 18 v
1.43558 0.288768 18 v
1.45527 0.283145 18 v
1.47529 0.277863 18 v
1.49566 0.272922 18 v
1.51637 0.268323 18 v
1.53741 0.264065 18 v
1.5588 0.260148 18 v
1.58054 0.256572 18 v
1.60261 0.253338 18 v
1.62502 0.250445 18 v
1.64778 0.247894 18 v
1.67088 0.245683 18 v
1.69431 0.243815 18 v
1.71809 0.242287 18 v
1.74221 0.241101 18 v
1.76668 0.240256 18 v
1.79148 0.239752 18 v
1.8164 0.239556 18 v
1.84123 0.239635 18 v
1.86595 0.239989 18 v
1.89058 0.240618 18 v
1.9151 0.241521 18 v
1.93953 0.242699 18 v
1.96385 0.244152 18 v
1.98808 0.245879 18 v
2.0122 0.247881 18 v
2.03623 0.250158 18 v
2.06015 0.25271 18 v
2.08398 0.255536 18 v
2.1077 0.258637 18 v
2.13133 0.262013 18 v
2.15485 0.265663 18 v
2.17828 0.269588 18 v
2.20161 0.273788 18 v
2.22483 0.278263 18 v
2.24796 0.283012 18 v
2.27099 0.288036 18 v
2.29387 0.293376 18 v
2.31657 0.299075 18 v
2.33909 0.305131 18 v
2.36143 0.311545 18 v
2.38358 0.318317 18 v
2.40555 0.325448 18 v
2.42733 0.332936 18 v
2.44894 0.340782 18 v
2.47035 0.348986 18 v
2.49159 0.357548 18 v
2.51264 0.366468 18 v
2.53351 0.375746 18 v
2.5542 0.385381 18 v
2.5747 0.395375 18 v
2.59503 0.405727 18 v
2.61516 0.416437 18 v
2.63512 0.427504 18 v
2.65489 0.43893 18 v
2.67448 0.450713 18 v
2.69388 0.462855 18 v

2.25101 0.862442 19 u
2.25655 0.857447 19 u
2.26208 0.852452 19 u
2.26762 0.847457 19 u
2.27315 0.842463 19 u
2.27869 0.837468 19 u
2.28423 0.832473 19 u
2.28976 0.827478 19 u
2.2953 0.822483 19 u
2.30083 0.817488 19 u
2.30637 0.812494 19 u
2.31191 0.807499 19 u
2.31744 0.802504 19 u
2.32298 0.797509 19 u
2.32851 0.792514 19 u
2.33405 0.787519 19 u
2.33959 0.782524 19 u
2.34512 0.77753 19 u
2.35066 0.772535 19 u
2.35619 0.76754 19 u
2.36173 0.762545 19 u
2.36726 0.75755 19 u
2.3728 0.752555 19 u
2.37834 0.747561 19 u
2.38387 0.742566 19 u
2.38941 0.737571 19 u
2.39494 0.732576 19 u
2.40048 0.727581 19 u
2.40602 0.722586 19 u
2.41155 0.717592 19 u
2.41709 0.712597 19 u
2.42262 0.707602 19 u
2.42816 0.702607 19 u
2.43369 0.697612 19 u
2.43923 0.692617 19 u
2.44477 0.687623 19 u
2.4503 0.682628 19 u
2.45584 0.677633 19 u
2.46137 0.672638 19 u
2.46691 0.667643 19 u
2.47244 0.662648 19 u
2.47798 0.657654 19 u
2.48352 0.652659 19 u
2.48905 0.647664 19 u
2.49459 0.642669 19 u
2.50012 0.637674 19 u
2.50566 0.63268 19 u
2.5112 0.627685 19 u
2.51673 0.62269 19 u
2.52227 0.617695 19 u
2.5278 0.6127 19 u
2.53334 0.607705 19 u
2.53887 0.602711 19 u
2.54441 0.597716 19 u
2.54995 0.592721 19 u
2.55548 0.587726 19 u
2.56102 0.582731 19 u
2.56655 0.577736 19 u
2.57209 0.572742 19 u
2.57763 0.567747 19 u
2.58316 0.562752 19 u
2.5887 0.557757 19 u
2.59423 0.552762 19 u
2.59977 0.547767 19 u
2.6053 0.542773 19 u
2.61084 0.537778 19 u
2.61638 0.532783 19 u
2.62191 0.527788 19 u
2.62745 0.522793 19 u
2.63298 0.517798 19 u
2.63852 0.512803 19 u
2.64406 0.507809 19 u
2.64959 0.502814 19 u
2.65513 0.497819 19 u
2.66066 0.492824 19 u
2.6662 0.487829 19 u
2.67174 0.482834 19 u
2.67727 0.47784 19 u
2.68281 0.472845 19 u
2.68834 0.46785 19 u
2.69388 0.462855 19 u

2.41583 1.04558 19 u
2.42233 1.04238 19 u
2.42882 1.03917 19 u
2.43531 1.03597 19 u
2.44181 1.03276 19 u
2.4483 1.02956 19 u
2.45479 1.02635 19 u
2.46129 1.02315 19 u
2.46778 1.01994 19 u
2.47427 1.01674 19 u
2.48077 1.01353 19 u
2.48726 1.01033 19 u
2.49375 1.00712 19 u
2.50025 1.00392 19 u
2.50674 1.00071 19 u
2.51323 0.99751 19 u
2.51973 0.994305 19 u
2.52622 0.9911 19 u
2.53271 0.987895 19 u
2.53921 0.98469 19 u
2.5457 0.981485 19 u
2.55219 0.97828 19 u
2.55869 0.975075 19 u
2.56518 0.97187 19 u
2.57167 0.968665 19 u
2.57817 0.96546 19 u
2.58466 0.962255 19 u
2.59115 0.95905 19 u
2.59765 0.955845 19 u
2.60414 0.95264 19 u
2.61063 0.949435 19 u
2.61713 0.94623 19 u
2.62362 0.943025 19 u
2.63011 0.93982 19 u
2.63661 0.936615 19 u
2.6431 0.93341 19 u
2.64959 0.930205 19 u
2.65609 0.927 19 u
2.66258 0.923795 19 u
2.66907 0.92059 19 u
2.67557 0.917385 19 u
2.68206 0.91418 19 u
2.68855 0.910975 19 u
2.69505 0.90777 19 u
2.70154 0.904565 19 u
2.70803 0.90136 19 u
2.71453 0.898155 19 u
2.72102 0.89495 19 u
2.72751 0.891745 19 u
2.73401 0.88854 19 u
2.7405 0.885335 19 u
2.74699 0.88213 19 u
2.75349 0.878925 19 u
2.75998 0.87572 19 u
2.76647 0.872515 19 u
2.77297 0.86931 19 u
2.77946 0.866105 19 u
2.78595 0.8629 19 u
2.79245 0.859695 19 u
2.79894 0.85649 19 u
2.80543 0.853285 19 u
2.81193 0.85008 19 u
2.81842 0.846875 19 u
2.82491 0.84367 19 u
2.83141 0.840465 19 u
2.8379 0.83726 19 u
2.84439 0.834055 19 u
2.85089 0.83085 19 u
2.85738 0.827645 19 u
2.86387 0.82444 19 u
2.87037 0.821235 19 u
2.87686 0.81803 19 u
2.88335 0.814825 19 u
2.88985 0.81162 19 u
2.89634 0.808415 19 u
2.90283 0.80521 19 u
2.90933 0.802005 19 u
2.91582 0.7988 19 u
2.92231 0.795595 19 u
2.92881 0.79239 19 u
2.9353 0.789184 19 u

2.49742 1.27535 19 u
2.50404 1.27356 19 u
2.51066 1.27177 19 u
2.51727 1.26998 19 u
2.52389 1.26819 19 u
2.53051 1.2664 19 u
2.53713 1.26461 19 u
2.54375 1.26282 19 u
2.55036 1.26103 19 u
2.55698 1.25924 19 u
2.5636 1.25745 19 u
2.57022 1.25566 19 u
2.57684 1.25387 19 u
2.58345 1.25208 19 u
2.59007 1.25029 19 u
2.59669 1.2485 19 u
2.60331 1.24671 19 u
2.60993 1.24492 19 u
2.61655 1.24313 19 u
2.62316 1.24134 19 u
2.62978 1.23955 19 u
2.6364 1.23776 19 u
2.64302 1.23597 19 u
2.64964 1.23418 19 u
2.65625 1.23239 19 u
2.66287 1.2306 19 u
2.66949 1.22881 19 u
2.67611 1.22702 19 u
2.68273 1.22523 19 u
2.68934 1.22344 19 u
2.69596 1.22165 19 u
2.70258 1.21986 19 u
2.7092 1.21807 19 u
2.71582 1.21628 19 u
2.72244 1.21449 19 u
2.72905 1.2127 19 u
2.73567 1.21091 19 u
2.74229 1.20912 19 u
2.74891 1.20733 19 u
2.75553 1.20554 19 u
2.76214 1.20376 19 u
2.76876 1.20197 19 u
2.77538 1.20018 19 u
2.782 1.19839 19 u
2.78862 1.1966 19 u
2.79524 1.19481 19 u
2.80185 1.19302 19 u
2.80847 1.19123 19 u
2.81509 1.18944 19 u
2.82171 1.18765 19 u
2.82833 1.18586 19 u
2.83495 1.18407 19 u
2.84156 1.18228 19 u
2.84818 1.18049 19 u
2.8548 1.1787 19 u
2.86142 1.17691 19 u
2.86804 1.17512 19 u
2.87465 1.17333 19 u
2.88127 1.17154 19 u
2.88789 1.16975 19 u
2.89451 1.16796 19 u
2.90113 1.16617 19 u
2.90774 1.16438 19 u
2.91436 1.16259 19 u
2.92098 1.1608 19 u
2.9276 1.15901 19 u
2.93422 1.15722 19 u
2.94084 1.15543 19 u
2.94745 1.15364 19 u
2.95407 1.15185 19 u
2.96069 1.15006 19 u
2.96731 1.14827 19 u
2.97393 1.14648 19 u
2.98054 1.14469 19 u
2.98716 1.1429 19 u
2.99378 1.14111 19 u
3.0004 1.13932 19 u
3.00702 1.13753 19 u
3.01363 1.13574 19 u
3.02025 1.13395 19 u
3.02687 1.13216 19 u

2.59065 1.5767 19 u
2.59702 1.57581 19 u
2.60339 1.57491 19 u
2.60976 1.57402 19 u
2.61613 1.57312 19 u
2.6225 1.57223 19 u
2.62887 1.57133 19 u
2.63523 1.57044 19 u
2.6416 1.56954 19 u
2.64797 1.56865 19 u
2.65434 1.56775 19 u
2.66071 1.56686 19 u
2.66708 1.56596 19 u
2.67345 1.56507 19 u
2.67981 1.56417 19 u
2.68618 1.56328 19 u
2.69255 1.56238 19 u
2.69892 1.56149 19 u
2.70529 1.56059 19 u
2.71166 1.5597 19 u
2.71802 1.5588 19 u
2.72439 1.55791 19 u
2.73076 1.55701 19 u
2.73713 1.55612 19 u
2.7435 1.55523 19 u
2.74987 1.55433 19 u
2.75623 1.55344 19 u
2.7626 1.55254 19 u
2.76897 1.55165 19 u
2.77534 1.55075 19 u
2.78171 1.54986 19 u
2.78808 1.54896 19 u
2.79445 1.54807 19 u
2.80081 1.54717 19 u
2.80718 1.54628 19 u
2.81355 1.54538 19 u
2.81992 1.54449 19 u
2.82629 1.54359 19 u
2.83266 1.5427 19 u
2.83902 1.5418 19 u
2.84539 1.54091 19 u
2.85176 1.54001 19 u
2.85813 1.53912 19 u
2.8645 1.53822 19 u
2.87087 1.53733 19 u
2.87723 1.53643 19 u
2.8836 1.53554 19 u
2.88997 1.53464 19 u
2.89634 1.53375 19 u
2.90271 1.53285 19 u
2.90908 1.53196 19 u
2.91544 1.53106 19 u
2.92181 1.53017 19 u
2.92818 1.52927 19 u
2.93455 1.52838 19 u
2.94092 1.52748 19 u
2.94729 1.52659 19 u
2.95366 1.52569 19 u
2.96002 1.5248 19 u
2.96639 1.5239 19 u
2.97276 1.52301 19 u
2.97913 1.52211 19 u
2.9855 1.52122 19 u
2.99187 1.52032 19 u
2.99823 1.51943 19 u
3.0046 1.51853 19 u
3.01097 1.51764 19 u
3.01734 1.51674 19 u
3.02371 1.51585 19 u
3.03008 1.51495 19 u
3.03645 1.51406 19 u
3.04281 1.51316 19 u
3.04918 1.51227 19 u
3.05555 1.51137 19 u
3.06192 1.51048 19 u
3.06829 1.50958 19 u
3.07466 1.50869 19 u
3.08102 1.50779 19 u
3.08739 1.5069 19 u
3.09376 1.506 19 u
3.10013 1.50511 19 u

2.66058 2.0279 19 u
2.66645 2.02669 19 u
2.67232 2.02549 19 u
2.67819 2.02428 19 u
2.68406 2.02307 19 u
2.68992 2.02186 19 u
2.69579 2.02066 19 u
2.70166 2.01945 19 u
2.70753 2.01824 19 u
2.7134 2.01704 19 u
2.71927 2.01583 19 u
2.72514 2.01462 19 u
2.73101 2.01342 19 u
2.73688 2.01221 19 u
2.74275 2.011 19 u
2.74861 2.00979 19 u
2.75448 2.00859 19 u
2.76035 2.00738 19 u
2.76622 2.00617 19 u
2.77209 2.00497 19 u
2.77796 2.00376 19 u
2.78383 2.00255 19 u
2.7897 2.00135 19 u
2.79557 2.00014 19 u
2.80144 1.99893 19 u
2.8073 1.99772 19 u
2.81317 1.99652 19 u
2.81904 1.99531 19 u
2.82491 1.9941 19 u
2.83078 1.9929 19 u
2.83665 1.99169 19 u
2.84252 1.99048 19 u
2.84839 1.98928 19 u
2.85426 1.98807 19 u
2.86013 1.98686 19 u
2.86599 1.98565 19 u
2.87186 1.98445 19 u
2.87773 1.98324 19 u
2.8836 1.98203 19 u
2.88947 1.98083 19 u
2.89534 1.97962 19 u
2.90121 1.97841 19 u
2.90708 1.97721 19 u
2.91295 1.976 19 u
2.91882 1.97479 19 u
2.92468 1.97358 19 u
2.93055 1.97238 19 u
2.93642 1.97117 19 u
2.94229 1.96996 19 u
2.94816 1.96876 19 u
2.95403 1.96755 19 u
2.9599 1.96634 19 u
2.96577 1.96514 19 u
2.97164 1.96393 19 u
2.97751 1.96272 19 u
2.98337 1.96151 19 u
2.98924 1.96031 19 u
2.99511 1.9591 19 u
3.00098 1.95789 19 u
3.00685 1.95669 19 u
3.01272 1.95548 19 u
3.01859 1.95427 19 u
3.02446 1.95307 19 u
3.03033 1.95186 19 u
3.0362 1.95065 19 u
3.04206 1.94944 19 u
3.04793 1.94824 19 u
3.0538 1.94703 19 u
3.05967 1.94582 19 u
3.06554 1.94462 19 u
3.07141 1.94341 19 u
3.07728 1.9422 19 u
3.08315 1.941 19 u
3.08902 1.93979 19 u
3.09489 1.93858 19 u
3.10076 1.93738 19 u
3.10662 1.93617 19 u
3.11249 1.93496 19 u
3.11836 1.93375 19 u
3.12423 1.93255 19 u
3.1301 1.93134 19 u

2.25101 0.862442 19 v
2.26344 0.87239 19 v
2.27543 0.882255 19 v
2.28698 0.892036 19 v
2.29809 0.901735 19 v
2.30876 0.91135 19 v
2.31899 0.920882 19 v
2.32877 0.93033 19 v
2.33812 0.939695 19 v
2.34702 0.948977 19 v
2.35548 0.958176 19 v
2.3635 0.967292 19 v
2.37108 0.976324 19 v
2.37822 0.985273 19 v
2.38492 0.994139 19 v
2.39117 1.00292 19 v
2.39699 1.01162 19 v
2.40236 1.02024 19 v
2.40729 1.02877 19 v
2.41178 1.03722 19 v
2.41583 1.04558 19 v
2.41968 1.05407 19 v
2.42354 1.06287 19 v
2.42744 1.07198 19 v
2.43135 1.08141 19 v
2.43529 1.09116 19 v
2.43926 1.10123 19 v
2.44325 1.11161 19 v
2.44727 1.1223 19 v
2.45131 1.13332 19 v
2.45538 1.14465 19 v
2.45947 1.15629 19 v
2.46359 1.16826 19 v
2.46773 1.18054 19 v
2.4719 1.19313 19 v
2.47609 1.20604 19 v
2.4803 1.21927 19 v
2.48455 1.23281 19 v
2.48881 1.24667 19 v
2.4931 1.26085 19 v
2.49742 1.27535 19 v
2.50177 1.29002 19 v
2.50614 1.30473 19 v
2.51056 1.31949 19 v
2.515 1.33428 19 v
2.51948 1.34912 19 v
2.52399 1.364 19 v
2.52854 1.37893 19 v
2.53312 1.39389 19 v
2.53773 1.40889 19 v
2.54237 1.42394 19 v
2.54705 1.43903 19 v
2.55176 1.45416 19 v
2.55651 1.46933 19 v
2.56129 1.48455 19 v
2.5661 1.4998 19 v
2.57094 1.5151 19 v
2.57582 1.53044 19 v
2.58073 1.54582 19 v
2.58568 1.56124 19 v
2.59065 1.5767 19 v
2.59557 1.59254 19 v
2.60034 1.60908 19 v
2.60496 1.62634 19 v
2.60943 1.6443 19 v
2.61375 1.66296 19 v
2.61793 1.68234 19 v
2.62195 1.70242 19 v
2.62582 1.72322 19 v
2.62954 1.74471 19 v
2.63311 1.76692 19 v
2.63653 1.78983 19 v
2.6398 1.81346 19 v
2.64292 1.83778 19 v
2.6459 1.86282 19 v
2.64872 1.88856 19 v
2.65139 1.91502 19 v
2.65391 1.94218 19 v
2.65628 1.97004 19 v
2.65851 1.99862 19 v
2.66058 2.0279 19 v

2.36173 0.762545 19 v
2.37579 0.773136 19 v
2.38934 0.783765 19 v
2.40238 0.794431 19 v
2.41491 0.805134 19 v
2.42692 0.815875 19 v
2.43842 0.826654 19 v
2.44941 0.83747 19 v
2.45989 0.848323 19 v
2.46986 0.859214 19 v
2.47931 0.870142 19 v
2.48825 0.881108 19 v
2.49669 0.892111 19 v
2.5046 0.903152 19 v
2.51201 0.91423 19 v
2.51891 0.925345 19 v
2.52529 0.936498 19 v
2.53116 0.947689 19 v
2.53652 0.958916 19 v
2.54137 0.970182 19 v
2.5457 0.981485 19 v
2.54979 0.992885 19 v
2.55388 1.00444 19 v
2.55799 1.01616 19 v
2.56212 1.02804 19 v
2.56625 1.04007 19 v
2.5704 1.05226 19 v
2.57456 1.06461 19 v
2.57873 1.07712 19 v
2.58292 1.08978 19 v
2.58712 1.10261 19 v
2.59133 1.11559 19 v
2.59555 1.12873 19 v
2.59978 1.14203 19 v
2.60403 1.15549 19 v
2.60829 1.1691 19 v
2.61257 1.18288 19 v
2.61685 1.19681 19 v
2.62115 1.2109 19 v
2.62546 1.22514 19 v
2.62978 1.23955 19 v
2.63411 1.25411 19 v
2.63846 1.26882 19 v
2.64281 1.28367 19 v
2.64716 1.29867 19 v
2.65153 1.31382 19 v
2.6559 1.32912 19 v
2.66029 1.34457 19 v
2.66468 1.36016 19 v
2.66908 1.3759 19 v
2.67349 1.39179 19 v
2.6779 1.40783 19 v
2.68233 1.42401 19 v
2.68676 1.44034 19 v
2.6912 1.45682 19 v
2.69565 1.47345 19 v
2.70011 1.49022 19 v
2.70458 1.50715 19 v
2.70905 1.52422 19 v
2.71353 1.54144 19 v
2.71802 1.5588 19 v
2.72244 1.57649 19 v
2.72672 1.59465 19 v
2.73084 1.61329 19 v
2.73481 1.63241 19 v
2.73863 1.65202 19 v
2.7423 1.6721 19 v
2.74582 1.69267 19 v
2.74919 1.71371 19 v
2.75241 1.73524 19 v
2.75548 1.75725 19 v
2.75841 1.77973 19 v
2.76118 1.8027 19 v
2.7638 1.82615 19 v
2.76627 1.85008 19 v
2.7686 1.87449 19 v
2.77077 1.89939 19 v
2.77279 1.92476 19 v
2.77466 1.95061 19 v
2.77639 1.97695 19 v
2.77796 2.00376 19 v

2.47244 0.662648 19 v
2.48814 0.673883 19 v
2.50325 0.685275 19 v
2.51777 0.696826 19 v
2.53172 0.708534 19 v
2.54508 0.720401 19 v
2.55786 0.732426 19 v
2.57005 0.74461 19 v
2.58167 0.756951 19 v
2.5927 0.769451 19 v
2.60314 0.782108 19 v
2.61301 0.794924 19 v
2.62229 0.807898 19 v
2.63099 0.821031 19 v
2.63911 0.834321 19 v
2.64664 0.84777 19 v
2.65359 0.861376 19 v
2.65996 0.875141 19 v
2.66574 0.889064 19 v
2.67095 0.903146 19 v
2.67557 0.917385 19 v
2.6799 0.931704 19 v
2.68423 0.946022 19 v
2.68855 0.960341 19 v
2.69288 0.974659 19 v
2.69721 0.988978 19 v
2.70154 1.0033 19 v
2.70587 1.01761 19 v
2.7102 1.03193 19 v
2.71453 1.04625 19 v
2.71886 1.06057 19 v
2.72318 1.07489 19 v
2.72751 1.08921 19 v
2.73184 1.10353 19 v
2.73617 1.11784 19 v
2.7405 1.13216 19 v
2.74483 1.14648 19 v
2.74916 1.1608 19 v
2.75349 1.17512 19 v
2.75782 1.18944 19 v
2.76214 1.20376 19 v
2.76647 1.2182 19 v
2.77077 1.2329 19 v
2.77506 1.24785 19 v
2.77933 1.26306 19 v
2.78358 1.27852 19 v
2.78782 1.29424 19 v
2.79204 1.31021 19 v
2.79624 1.32643 19 v
2.80043 1.3429 19 v
2.8046 1.35964 19 v
2.80876 1.37662 19 v
2.81289 1.39386 19 v
2.81701 1.41135 19 v
2.82112 1.4291 19 v
2.82521 1.4471 19 v
2.82928 1.46535 19 v
2.83333 1.48386 19 v
2.83737 1.50262 19 v
2.84139 1.52164 19 v
2.84539 1.54091 19 v
2.84931 1.56043 19 v
2.85308 1.58021 19 v
2.85671 1.60024 19 v
2.86018 1.62053 19 v
2.8635 1.64106 19 v
2.86667 1.66186 19 v
2.86969 1.6829 19 v
2.87256 1.70421 19 v
2.87529 1.72576 19 v
2.87786 1.74757 19 v
2.88028 1.76963 19 v
2.88255 1.79195 19 v
2.88468 1.81452 19 v
2.88665 1.83734 19 v
2.88847 1.86042 19 v
2.89015 1.88375 19 v
2.89167 1.90734 19 v
2.89304 1.93118 19 v
2.89427 1.95527 19 v
2.89534 1.97962 19 v

2.58316 0.562752 19 v
2.60048 0.574629 19 v
2.61715 0.586785 19 v
2.63317 0.59922 19 v
2.64853 0.611934 19 v
2.66324 0.624927 19 v
2.67729 0.638199 19 v
2.69069 0.65175 19 v
2.70344 0.665579 19 v
2.71553 0.679687 19 v
2.72697 0.694075 19 v
2.73776 0.708741 19 v
2.74789 0.723686 19 v
2.75737 0.73891 19 v
2.7662 0.754412 19 v
2.77437 0.770194 19 v
2.78189 0.786254 19 v
2.78876 0.802594 19 v
2.79497 0.819212 19 v
2.80053 0.836109 19 v
2.80543 0.853285 19 v
2.81001 0.870521 19 v
2.81457 0.8876 19 v
2.81911 0.90452 19 v
2.82365 0.921282 19 v
2.82817 0.937885 19 v
2.83268 0.954331 19 v
2.83718 0.970618 19 v
2.84166 0.986747 19 v
2.84614 1.00272 19 v
2.8506 1.01853 19 v
2.85504 1.03419 19 v
2.85948 1.04968 19 v
2.8639 1.06502 19 v
2.86831 1.0802 19 v
2.87271 1.09522 19 v
2.87709 1.11009 19 v
2.88147 1.12479 19 v
2.88583 1.13934 19 v
2.89017 1.15373 19 v
2.89451 1.16796 19 v
2.89882 1.18229 19 v
2.90308 1.19698 19 v
2.90731 1.21204 19 v
2.91149 1.22745 19 v
2.91563 1.24322 19 v
2.91973 1.25935 19 v
2.92379 1.27585 19 v
2.92781 1.2927 19 v
2.93178 1.30991 19 v
2.93572 1.32748 19 v
2.93961 1.34541 19 v
2.94346 1.36371 19 v
2.94727 1.38236 19 v
2.95103 1.40137 19 v
2.95476 1.42075 19 v
2.95844 1.44048 19 v
2.96208 1.46057 19 v
2.96568 1.48102 19 v
2.96924 1.50184 19 v
2.97276 1.52301 19 v
2.97618 1.54438 19 v
2.97945 1.56577 19 v
2.98257 1.58719 19 v
2.98555 1.60864 19 v
2.98837 1.63011 19 v
2.99104 1.65161 19 v
2.99356 1.67314 19 v
2.99594 1.6947 19 v
2.99816 1.71628 19 v
3.00023 1.73789 19 v
3.00215 1.75953 19 v
3.00393 1.78119 19 v
3.00555 1.80288 19 v
3.00702 1.8246 19 v
3.00835 1.84635 19 v
3.00952 1.86812 19 v
3.01055 1.88992 19 v
3.01142 1.91175 19 v
3.01215 1.9336 19 v
3.01272 1.95548 19 v

2.69388 0.462855 19 v
2.71283 0.475375 19 v
2.73106 0.488295 19 v
2.74856 0.501615 19 v
2.76534 0.515334 19 v
2.7814 0.529453 19 v
2.79673 0.543971 19 v
2.81133 0.558889 19 v
2.82521 0.574207 19 v
2.83837 0.589924 19 v
2.85081 0.60604 19 v
2.86251 0.622557 19 v
2.8735 0.639473 19 v
2.88376 0.656788 19 v
2.89329 0.674503 19 v
2.90211 0.692618 19 v
2.91019 0.711132 19 v
2.91756 0.730046 19 v
2.9242 0.749359 19 v
2.93011 0.769072 19 v
2.9353 0.789184 19 v
2.94012 0.809339 19 v
2.94491 0.829177 19 v
2.94967 0.848698 19 v
2.95441 0.867903 19 v
2.95913 0.886792 19 v
2.96382 0.905365 19 v
2.96848 0.923621 19 v
2.97313 0.94156 19 v
2.97774 0.959184 19 v
2.98233 0.976491 19 v
2.9869 0.993482 19 v
2.99144 1.01016 19 v
2.99596 1.02651 19 v
3.00045 1.04256 19 v
3.00491 1.05828 19 v
3.00935 1.07369 19 v
3.01377 1.08878 19 v
3.01816 1.10356 19 v
3.02253 1.11802 19 v
3.02687 1.13216 19 v
3.03117 1.14638 19 v
3.03539 1.16107 19 v
3.03956 1.17622 19 v
3.04365 1.19184 19 v
3.04768 1.20792 19 v
3.05165 1.22447 19 v
3.05554 1.24148 19 v
3.05937 1.25897 19 v
3.06313 1.27691 19 v
3.06683 1.29533 19 v
3.07046 1.31421 19 v
3.07402 1.33356 19 v
3.07752 1.35337 19 v
3.08095 1.37365 19 v
3.08431 1.39439 19 v
3.08761 1.4156 19 v
3.09084 1.43728 19 v
3.094 1.45942 19 v
3.0971 1.48203 19 v
3.10013 1.50511 19 v
3.10305 1.52832 19 v
3.10582 1.55133 19 v
3.10845 1.57414 19 v
3.11092 1.59675 19 v
3.11324 1.61916 19 v
3.11541 1.64137 19 v
3.11744 1.66338 19 v
3.11931 1.68519 19 v
3.12103 1.7068 19 v
3.12261 1.72821 19 v
3.12403 1.74942 19 v
3.1253 1.77044 19 v
3.12643 1.79125 19 v
3.1274 1.81186 19 v
3.12823 1.83227 19 v
3.1289 1.85249 19 v
3.12943 1.8725 19 v
3.1298 1.89231 19 v
3.13003 1.91193 19 v
3.1301 1.93134 19 v

2.66058 2.0279 20 u
2.66645 2.02669 20 u
2.67232 2.02549 20 u
2.67819 2.02428 20 u
2.68406 2.02307 20 u
2.68992 2.02186 20 u
2.69579 2.02066 20 u
2.70166 2.01945 20 u
2.70753 2.01824 20 u
2.7134 2.01704 20 u
2.71927 2.01583 20 u
2.72514 2.01462 20 u
2.73101 2.01342 20 u
2.73688 2.01221 20 u
2.74275 2.011 20 u
2.74861 2.00979 20 u
2.75448 2.00859 20 u
2.76035 2.00738 20 u
2.76622 2.00617 20 u
2.77209 2.00497 20 u
2.77796 2.00376 20 u
2.78383 2.00255 20 u
2.7897 2.00135 20 u
2.79557 2.00014 20 u
2.80144 1.99893 20 u
2.8073 1.99772 20 u
2.81317 1.99652 20 u
2.81904 1.99531 20 u
2.82491 1.9941 20 u
2.83078 1.9929 20 u
2.83665 1.99169 20 u
2.84252 1.99048 20 u
2.84839 1.98928 20 u
2.85426 1.98807 20 u
2.86013 1.98686 20 u
2.86599 1.98565 20 u
2.87186 1.98445 20 u
2.87773 1.98324 20 u
2.8836 1.98203 20 u
2.88947 1.98083 20 u
2.89534 1.97962 20 u
2.90121 1.97841 20 u
2.90708 1.97721 20 u
2.91295 1.976 20 u
2.91882 1.97479 20 u
2.92468 1.97358 20 u
2.93055 1.97238 20 u
2.93642 1.97117 20 u
2.94229 1.96996 20 u
2.94816 1.96876 20 u
2.95403 1.96755 20 u
2.9599 1.96634 20 u
2.96577 1.96514 20 u
2.97164 1.96393 20 u
2.97751 1.96272 20 u
2.98337 1.96151 20 u
2.98924 1.96031 20 u
2.99511 1.9591 20 u
3.00098 1.95789 20 u
3.00685 1.95669 20 u
3.01272 1.95548 20 u
3.01859 1.95427 20 u
3.02446 1.95307 20 u
3.03033 1.95186 20 u
3.0362 1.95065 20 u
3.04206 1.94944 20 u
3.04793 1.94824 20 u
3.0538 1.94703 20 u
3.05967 1.94582 20 u
3.06554 1.94462 20 u
3.07141 1.94341 20 u
3.07728 1.9422 20 u
3.08315 1.941 20 u
3.08902 1.93979 20 u
3.09489 1.93858 20 u
3.10076 1.93738 20 u
3.10662 1.93617 20 u
3.11249 1.93496 20 u
3.11836 1.93375 20 u
3.12423 1.93255 20 u
3.1301 1.93134 20 u

2.66828 2.30834 20 u
2.67396 2.30629 20 u
2.67964 2.30424 20 u
2.68532 2.30219 20 u
2.691 2.30015 20 u
2.69668 2.2981 20 u
2.70236 2.29605 20 u
2.70804 2.294 20 u
2.71371 2.29195 20 u
2.71939 2.2899 20 u
2.72507 2.28786 20 u
2.73075 2.28581 20 u
2.73643 2.28376 20 u
2.74211 2.28171 20 u
2.74779 2.27966 20 u
2.75347 2.27761 20 u
2.75915 2.27556 20 u
2.76483 2.27352 20 u
2.77051 2.27147 20 u
2.77619 2.26942 20 u
2.78186 2.26737 20 u
2.78754 2.26532 20 u
2.79322 2.26327 20 u
2.7989 2.26123 20 u
2.80458 2.25918 20 u
2.81026 2.25713 20 u
2.81594 2.25508 20 u
2.82162 2.25303 20 u
2.8273 2.25098 20 u
2.83298 2.24893 20 u
2.83865 2.24688 20 u
2.84433 2.24484 20 u
2.85001 2.24279 20 u
2.85569 2.24074 20 u
2.86137 2.23869 20 u
2.86705 2.23664 20 u
2.87273 2.23459 20 u
2.87841 2.23254 20 u
2.88409 2.2305 20 u
2.88977 2.22845 20 u
2.89544 2.2264 20 u
2.90112 2.22435 20 u
2.9068 2.2223 20 u
2.91248 2.22025 20 u
2.91816 2.2182 20 u
2.92384 2.21615 20 u
2.92952 2.21411 20 u
2.9352 2.21206 20 u
2.94088 2.21001 20 u
2.94655 2.20796 20 u
2.95223 2.20591 20 u
2.95791 2.20386 20 u
2.96359 2.20181 20 u
2.96927 2.19976 20 u
2.97495 2.19772 20 u
2.98063 2.19567 20 u
2.98631 2.19362 20 u
2.99199 2.19157 20 u
2.99767 2.18952 20 u
3.00335 2.18747 20 u
3.00902 2.18542 20 u
3.0147 2.18338 20 u
3.02038 2.18133 20 u
3.02606 2.17928 20 u
3.03174 2.17723 20 u
3.03742 2.17518 20 u
3.0431 2.17313 20 u
3.04878 2.17108 20 u
3.05446 2.16903 20 u
3.06014 2.16699 20 u
3.06582 2.16494 20 u
3.07149 2.16289 20 u
3.07717 2.16084 20 u
3.08285 2.15879 20 u
3.08853 2.15674 20 u
3.09421 2.15469 20 u
3.09989 2.15264 20 u
3.10557 2.1506 20 u
3.11125 2.14855 20 u
3.11693 2.1465 20 u
3.12261 2.14445 20 u

2.65142 2.55694 20 u
2.65703 2.55495 20 u
2.66264 2.55295 20 u
2.66825 2.55096 20 u
2.67386 2.54897 20 u
2.67947 2.54698 20 u
2.68508 2.54498 20 u
2.69069 2.54299 20 u
2.6963 2.541 20 u
2.70191 2.53901 20 u
2.70751 2.53701 20 u
2.71312 2.53502 20 u
2.71873 2.53303 20 u
2.72434 2.53104 20 u
2.72995 2.52904 20 u
2.73556 2.52705 20 u
2.74117 2.52506 20 u
2.74678 2.52307 20 u
2.75239 2.52107 20 u
2.75799 2.51908 20 u
2.7636 2.51709 20 u
2.76921 2.5151 20 u
2.77482 2.5131 20 u
2.78043 2.51111 20 u
2.78604 2.50912 20 u
2.79165 2.50712 20 u
2.79726 2.50513 20 u
2.80286 2.50314 20 u
2.80847 2.50115 20 u
2.81408 2.49915 20 u
2.81969 2.49716 20 u
2.8253 2.49517 20 u
2.83091 2.49318 20 u
2.83652 2.49118 20 u
2.84213 2.48919 20 u
2.84773 2.4872 20 u
2.85334 2.4852 20 u
2.85895 2.48321 20 u
2.86456 2.48122 20 u
2.87017 2.47923 20 u
2.87578 2.47723 20 u
2.88139 2.47524 20 u
2.88699 2.47325 20 u
2.8926 2.47125 20 u
2.89821 2.46926 20 u
2.90382 2.46727 20 u
2.90943 2.46528 20 u
2.91504 2.46328 20 u
2.92065 2.46129 20 u
2.92626 2.4593 20 u
2.93186 2.4573 20 u
2.93747 2.45531 20 u
2.94308 2.45332 20 u
2.94869 2.45133 20 u
2.9543 2.44933 20 u
2.95991 2.44734 20 u
2.96552 2.44535 20 u
2.97113 2.44335 20 u
2.97673 2.44136 20 u
2.98234 2.43937 20 u
2.98795 2.43738 20 u
2.99356 2.43538 20 u
2.99917 2.43339 20 u
3.00478 2.4314 20 u
3.01039 2.4294 20 u
3.016 2.42741 20 u
3.0216 2.42542 20 u
3.02721 2.42343 20 u
3.03282 2.42143 20 u
3.03843 2.41944 20 u
3.04404 2.41745 20 u
3.04965 2.41545 20 u
3.05526 2.41346 20 u
3.06087 2.41147 20 u
3.06648 2.40948 20 u
3.07209 2.40748 20 u
3.07769 2.40549 20 u
3.0833 2.4035 20 u
3.08891 2.40151 20 u
3.09452 2.39951 20 u
3.10013 2.39752 20 u

2.60502 2.75746 20 u
2.61089 2.75581 20 u
2.61677 2.75415 20 u
2.62265 2.75249 20 u
2.62852 2.75083 20 u
2.6344 2.74917 20 u
2.64028 2.74751 20 u
2.64615 2.74586 20 u
2.65203 2.7442 20 u
2.65791 2.74254 20 u
2.66378 2.74088 20 u
2.66966 2.73922 20 u
2.67554 2.73756 20 u
2.68142 2.73591 20 u
2.68729 2.73425 20 u
2.69317 2.73259 20 u
2.69905 2.73093 20 u
2.70492 2.72927 20 u
2.7108 2.72761 20 u
2.71668 2.72595 20 u
2.72255 2.7243 20 u
2.72843 2.72264 20 u
2.73431 2.72098 20 u
2.74018 2.71932 20 u
2.74606 2.71766 20 u
2.75194 2.716 20 u
2.75781 2.71435 20 u
2.76369 2.71269 20 u
2.76957 2.71103 20 u
2.77544 2.70937 20 u
2.78132 2.70771 20 u
2.7872 2.70605 20 u
2.79307 2.70439 20 u
2.79895 2.70274 20 u
2.80483 2.70108 20 u
2.8107 2.69942 20 u
2.81658 2.69776 20 u
2.82246 2.6961 20 u
2.82833 2.69444 20 u
2.83421 2.69278 20 u
2.84009 2.69113 20 u
2.84596 2.68947 20 u
2.85184 2.68781 20 u
2.85772 2.68615 20 u
2.86359 2.68449 20 u
2.86947 2.68283 20 u
2.87535 2.68117 20 u
2.88122 2.67952 20 u
2.8871 2.67786 20 u
2.89298 2.6762 20 u
2.89885 2.67454 20 u
2.90473 2.67288 20 u
2.91061 2.67122 20 u
2.91648 2.66956 20 u
2.92236 2.66791 20 u
2.92824 2.66625 20 u
2.93411 2.66459 20 u
2.93999 2.66293 20 u
2.94587 2.66127 20 u
2.95174 2.65961 20 u
2.95762 2.65795 20 u
2.9635 2.6563 20 u
2.96937 2.65464 20 u
2.97525 2.65298 20 u
2.98113 2.65132 20 u
2.987 2.64966 20 u
2.99288 2.648 20 u
2.99876 2.64635 20 u
3.00463 2.64469 20 u
3.01051 2.64303 20 u
3.01639 2.64137 20 u
3.02226 2.63971 20 u
3.02814 2.63805 20 u
3.03402 2.63639 20 u
3.03989 2.63474 20 u
3.04577 2.63308 20 u
3.05165 2.63142 20 u
3.05752 2.62976 20 u
3.0634 2.6281 20 u
3.06928 2.62644 20 u
3.07516 2.62479 20 u

2.52406 2.89368 20 u
2.53076 2.89202 20 u
2.53746 2.89035 20 u
2.54416 2.88869 20 u
2.55087 2.88702 20 u
2.55757 2.88536 20 u
2.56427 2.88369 20 u
2.57097 2.88203 20 u
2.57767 2.88036 20 u
2.58437 2.8787 20 u
2.59107 2.87703 20 u
2.59778 2.87537 20 u
2.60448 2.8737 20 u
2.61118 2.87204 20 u
2.61788 2.87037 20 u
2.62458 2.86871 20 u
2.63128 2.86704 20 u
2.63798 2.86538 20 u
2.64469 2.86371 20 u
2.65139 2.86205 20 u
2.65809 2.86038 20 u
2.66479 2.85871 20 u
2.67149 2.85705 20 u
2.67819 2.85538 20 u
2.68489 2.85372 20 u
2.6916 2.85205 20 u
2.6983 2.85039 20 u
2.705 2.84872 20 u
2.7117 2.84706 20 u
2.7184 2.84539 20 u
2.7251 2.84373 20 u
2.7318 2.84206 20 u
2.7385 2.8404 20 u
2.74521 2.83873 20 u
2.75191 2.83707 20 u
2.75861 2.8354 20 u
2.76531 2.83374 20 u
2.77201 2.83207 20 u
2.77871 2.83041 20 u
2.78541 2.82874 20 u
2.79211 2.82708 20 u
2.79882 2.82541 20 u
2.80552 2.82375 20 u
2.81222 2.82208 20 u
2.81892 2.82042 20 u
2.82562 2.81876 20 u
2.83232 2.81709 20 u
2.83902 2.81543 20 u
2.84573 2.81376 20 u
2.85243 2.8121 20 u
2.85913 2.81043 20 u
2.86583 2.80877 20 u
2.87253 2.8071 20 u
2.87923 2.80544 20 u
2.88593 2.80377 20 u
2.89263 2.80211 20 u
2.89934 2.80044 20 u
2.90604 2.79878 20 u
2.91274 2.79711 20 u
2.91944 2.79545 20 u
2.92614 2.79378 20 u
2.93284 2.79212 20 u
2.93954 2.79045 20 u
2.94625 2.78878 20 u
2.95295 2.78712 20 u
2.95965 2.78545 20 u
2.96635 2.78379 20 u
2.97305 2.78212 20 u
2.97975 2.78046 20 u
2.98645 2.77879 20 u
2.99316 2.77713 20 u
2.99986 2.77546 20 u
3.00656 2.7738 20 u
3.01326 2.77213 20 u
3.01996 2.77047 20 u
3.02666 2.7688 20 u
3.03336 2.76714 20 u
3.04007 2.76547 20 u
3.04677 2.76381 20 u
3.05347 2.76214 20 u
3.06017 2.76048 20 u

2.66058 2.0279 20 v
2.66155 2.04268 20 v
2.66246 2.05738 20 v
2.6633 2.072 20 v
2.66408 2.08654 20 v
2.66481 2.10099 20 v
2.66547 2.11538 20 v
2.66607 2.12968 20 v
2.66661 2.1439 20 v
2.66708 2.15804 20 v
2.6675 2.1721 20 v
2.66785 2.18608 20 v
2.66815 2.19998 20 v
2.66838 2.21381 20 v
2.66855 2.22755 20 v
2.66866 2.24121 20 v
2.66871 2.2548 20 v
2.66869 2.2683 20 v
2.66862 2.28173 20 v
2.66848 2.29507 20 v
2.66828 2.30834 20 v
2.66802 2.32153 20 v
2.6677 2.33463 20 v
2.66732 2.34766 20 v
2.66687 2.36061 20 v
2.66637 2.37347 20 v
2.6658 2.38626 20 v
2.66517 2.39897 20 v
2.66449 2.4116 20 v
2.66373 2.42415 20 v
2.66292 2.43662 20 v
2.66205 2.44901 20 v
2.66111 2.46132 20 v
2.66012 2.47355 20 v
2.65906 2.4857 20 v
2.65794 2.49777 20 v
2.65676 2.50977 20 v
2.65552 2.52168 20 v
2.65422 2.53351 20 v
2.65285 2.54527 20 v
2.65142 2.55694 20 v
2.64993 2.56849 20 v
2.64834 2.57989 20 v
2.64667 2.59112 20 v
2.64491 2.60219 20 v
2.64306 2.6131 20 v
2.64113 2.62385 20 v
2.63911 2.63444 20 v
2.63701 2.64487 20 v
2.63482 2.65513 20 v
2.63254 2.66524 20 v
2.63018 2.67519 20 v
2.62773 2.68497 20 v
2.62519 2.6946 20 v
2.62257 2.70406 20 v
2.61986 2.71336 20 v
2.61706 2.7225 20 v
2.61418 2.73149 20 v
2.61121 2.74031 20 v
2.60816 2.74897 20 v
2.60502 2.75746 20 v
2.60179 2.7658 20 v
2.59848 2.77398 20 v
2.59508 2.782 20 v
2.59159 2.78985 20 v
2.58802 2.79755 20 v
2.58436 2.80508 20 v
2.58061 2.81246 20 v
2.57678 2.81967 20 v
2.57286 2.82672 20 v
2.56886 2.83361 20 v
2.56477 2.84034 20 v
2.56059 2.84691 20 v
2.55632 2.85332 20 v
2.55197 2.85957 20 v
2.54754 2.86566 20 v
2.54302 2.87158 20 v
2.53841 2.87735 20 v
2.53371 2.88295 20 v
2.52893 2.8884 20 v
2.52406 2.89368 20 v

2.77796 2.00376 20 v
2.77868 2.01727 20 v
2.77935 2.03075 20 v
2.77996 2.04419 20 v
2.78051 2.05759 20 v
2.78101 2.07097 20 v
2.78146 2.0843 20 v
2.78185 2.0976 20 v
2.78218 2.11087 20 v
2.78246 2.1241 20 v
2.78268 2.1373 20 v
2.78285 2.15047 20 v
2.78296 2.16359 20 v
2.78302 2.17669 20 v
2.78302 2.18975 20 v
2.78297 2.20277 20 v
2.78286 2.21576 20 v
2.78269 2.22871 20 v
2.78247 2.24163 20 v
2.7822 2.25452 20 v
2.78186 2.26737 20 v
2.78148 2.28019 20 v
2.78104 2.29297 20 v
2.78054 2.30571 20 v
2.77999 2.31843 20 v
2.77938 2.3311 20 v
2.77871 2.34374 20 v
2.77799 2.35635 20 v
2.77722 2.36892 20 v
2.77639 2.38146 20 v
2.7755 2.39397 20 v
2.77456 2.40643 20 v
2.77357 2.41887 20 v
2.77252 2.43127 20 v
2.77141 2.44363 20 v
2.77025 2.45596 20 v
2.76903 2.46826 20 v
2.76776 2.48052 20 v
2.76643 2.49274 20 v
2.76504 2.50493 20 v
2.7636 2.51709 20 v
2.76211 2.52914 20 v
2.76055 2.54101 20 v
2.75894 2.5527 20 v
2.75727 2.56422 20 v
2.75554 2.57556 20 v
2.75375 2.58672 20 v
2.7519 2.5977 20 v
2.74999 2.60851 20 v
2.74803 2.61913 20 v
2.746 2.62958 20 v
2.74392 2.63985 20 v
2.74178 2.64995 20 v
2.73958 2.65986 20 v
2.73733 2.6696 20 v
2.73501 2.67916 20 v
2.73264 2.68854 20 v
2.7302 2.69775 20 v
2.72771 2.70678 20 v
2.72516 2.71563 20 v
2.72255 2.7243 20 v
2.71989 2.73279 20 v
2.71716 2.74111 20 v
2.71438 2.74924 20 v
2.71153 2.7572 20 v
2.70863 2.76499 20 v
2.70567 2.77259 20 v
2.70265 2.78002 20 v
2.69958 2.78726 20 v
2.69644 2.79434 20 v
2.69325 2.80123 20 v
2.68999 2.80794 20 v
2.68668 2.81448 20 v
2.68331 2.82084 20 v
2.67989 2.82702 20 v
2.6764 2.83303 20 v
2.67285 2.83885 20 v
2.66925 2.8445 20 v
2.66559 2.84997 20 v
2.66187 2.85527 20 v
2.65809 2.86038 20 v

2.89534 1.97962 20 v
2.89581 1.99186 20 v
2.89624 2.00412 20 v
2.89662 2.01638 20 v
2.89694 2.02865 20 v
2.89722 2.04093 20 v
2.89745 2.05323 20 v
2.89763 2.06553 20 v
2.89775 2.07784 20 v
2.89783 2.09017 20 v
2.89786 2.1025 20 v
2.89784 2.11485 20 v
2.89778 2.1272 20 v
2.89766 2.13956 20 v
2.89749 2.15194 20 v
2.89727 2.16432 20 v
2.89701 2.17672 20 v
2.89669 2.18912 20 v
2.89632 2.20154 20 v
2.89591 2.21396 20 v
2.89544 2.2264 20 v
2.89493 2.23884 20 v
2.89437 2.2513 20 v
2.89375 2.26376 20 v
2.89309 2.27624 20 v
2.89238 2.28873 20 v
2.89162 2.30122 20 v
2.89081 2.31373 20 v
2.88995 2.32625 20 v
2.88904 2.33877 20 v
2.88808 2.35131 20 v
2.88707 2.36386 20 v
2.88602 2.37641 20 v
2.88491 2.38898 20 v
2.88375 2.40156 20 v
2.88255 2.41414 20 v
2.88129 2.42674 20 v
2.87999 2.43935 20 v
2.87863 2.45197 20 v
2.87723 2.46459 20 v
2.87578 2.47723 20 v
2.87428 2.48978 20 v
2.87276 2.50213 20 v
2.87121 2.51429 20 v
2.86962 2.52625 20 v
2.86801 2.53801 20 v
2.86636 2.54958 20 v
2.86468 2.56096 20 v
2.86297 2.57214 20 v
2.86124 2.58313 20 v
2.85947 2.59392 20 v
2.85767 2.60452 20 v
2.85584 2.61492 20 v
2.85397 2.62513 20 v
2.85208 2.63514 20 v
2.85016 2.64496 20 v
2.84821 2.65458 20 v
2.84622 2.66401 20 v
2.84421 2.67324 20 v
2.84216 2.68228 20 v
2.84009 2.69113 20 v
2.83798 2.69977 20 v
2.83584 2.70823 20 v
2.83367 2.71649 20 v
2.83147 2.72455 20 v
2.82924 2.73242 20 v
2.82698 2.7401 20 v
2.82469 2.74758 20 v
2.82237 2.75486 20 v
2.82002 2.76195 20 v
2.81764 2.76885 20 v
2.81522 2.77555 20 v
2.81278 2.78205 20 v
2.8103 2.78836 20 v
2.8078 2.79448 20 v
2.80526 2.8004 20 v
2.80269 2.80612 20 v
2.80009 2.81166 20 v
2.79746 2.81699 20 v
2.79481 2.82213 20 v
2.79211 2.82708 20 v

3.01272 1.95548 20 v
3.01295 1.96645 20 v
3.01313 1.97748 20 v
3.01327 1.98857 20 v
3.01337 1.99971 20 v
3.01343 2.0109 20 v
3.01344 2.02215 20 v
3.0134 2.03346 20 v
3.01333 2.04482 20 v
3.01321 2.05623 20 v
3.01304 2.0677 20 v
3.01284 2.07923 20 v
3.01259 2.09081 20 v
3.01229 2.10244 20 v
3.01196 2.11413 20 v
3.01158 2.12587 20 v
3.01115 2.13767 20 v
3.01069 2.14953 20 v
3.01018 2.16144 20 v
3.00962 2.1734 20 v
3.00902 2.18542 20 v
3.00838 2.1975 20 v
3.0077 2.20963 20 v
3.00697 2.22181 20 v
3.0062 2.23405 20 v
3.00539 2.24635 20 v
3.00453 2.2587 20 v
3.00363 2.2711 20 v
3.00268 2.28356 20 v
3.00169 2.29608 20 v
3.00066 2.30865 20 v
2.99958 2.32127 20 v
2.99847 2.33395 20 v
2.9973 2.34669 20 v
2.9961 2.35948 20 v
2.99485 2.37232 20 v
2.99356 2.38522 20 v
2.99222 2.39818 20 v
2.99084 2.41119 20 v
2.98942 2.42426 20 v
2.98795 2.43738 20 v
2.98646 2.45042 20 v
2.98497 2.46325 20 v
2.98347 2.47587 20 v
2.98198 2.48827 20 v
2.98048 2.50047 20 v
2.97897 2.51245 20 v
2.97747 2.52422 20 v
2.97596 2.53578 20 v
2.97444 2.54712 20 v
2.97293 2.55826 20 v
2.97141 2.56918 20 v
2.96989 2.57989 20 v
2.96837 2.59039 20 v
2.96684 2.60068 20 v
2.96531 2.61076 20 v
2.96378 2.62062 20 v
2.96224 2.63027 20 v
2.9607 2.63971 20 v
2.95916 2.64894 20 v
2.95762 2.65795 20 v
2.95607 2.66676 20 v
2.95452 2.67535 20 v
2.95297 2.68373 20 v
2.95141 2.6919 20 v
2.94986 2.69986 20 v
2.9483 2.7076 20 v
2.94673 2.71513 20 v
2.94517 2.72246 20 v
2.9436 2.72956 20 v
2.94202 2.73646 20 v
2.94045 2.74315 20 v
2.93887 2.74962 20 v
2.93729 2.75588 20 v
2.9357 2.76193 20 v
2.93412 2.76777 20 v
2.93253 2.7734 20 v
2.93094 2.77881 20 v
2.92934 2.78401 20 v
2.92774 2.789 20 v
2.92614 2.79378 20 v

3.1301 1.93134 20 v
3.13008 1.94105 20 v
3.13003 1.95085 20 v
3.12993 1.96076 20 v
3.1298 1.97077 20 v
3.12963 1.98087 20 v
3.12943 1.99108 20 v
3.12918 2.00138 20 v
3.1289 2.01179 20 v
3.12858 2.02229 20 v
3.12823 2.0329 20 v
3.12783 2.04361 20 v
3.1274 2.05441 20 v
3.12693 2.06532 20 v
3.12643 2.07632 20 v
3.12589 2.08743 20 v
3.1253 2.09863 20 v
3.12469 2.10994 20 v
3.12403 2.12134 20 v
3.12334 2.13285 20 v
3.12261 2.14445 20 v
3.12184 2.15615 20 v
3.12103 2.16796 20 v
3.12019 2.17986 20 v
3.11931 2.19187 20 v
3.11839 2.20397 20 v
3.11744 2.21618 20 v
3.11644 2.22848 20 v
3.11541 2.24088 20 v
3.11435 2.25339 20 v
3.11324 2.26599 20 v
3.1121 2.27869 20 v
3.11092 2.2915 20 v
3.1097 2.3044 20 v
3.10845 2.3174 20 v
3.10715 2.33051 20 v
3.10582 2.34371 20 v
3.10446 2.35701 20 v
3.10305 2.37041 20 v
3.10161 2.38392 20 v
3.10013 2.39752 20 v
3.09864 2.41106 20 v
3.09718 2.42437 20 v
3.09575 2.43745 20 v
3.09434 2.4503 20 v
3.09295 2.46292 20 v
3.09159 2.47531 20 v
3.09025 2.48748 20 v
3.08894 2.49941 20 v
3.08765 2.51112 20 v
3.08639 2.5226 20 v
3.08516 2.53385 20 v
3.08395 2.54487 20 v
3.08276 2.55566 20 v
3.0816 2.56622 20 v
3.08046 2.57655 20 v
3.07935 2.58666 20 v
3.07826 2.59653 20 v
3.0772 2.60618 20 v
3.07617 2.6156 20 v
3.07516 2.62479 20 v
3.07417 2.63374 20 v
3.07321 2.64248 20 v
3.07227 2.65098 20 v
3.07136 2.65925 20 v
3.07047 2.66729 20 v
3.06961 2.67511 20 v
3.06877 2.68269 20 v
3.06796 2.69005 20 v
3.06718 2.69718 20 v
3.06641 2.70408 20 v
3.06568 2.71075 20 v
3.06497 2.71719 20 v
3.06428 2.7234 20 v
3.06362 2.72939 20 v
3.06298 2.73514 20 v
3.06237 2.74067 20 v
3.06178 2.74596 20 v
3.06122 2.75103 20 v
3.06068 2.75587 20 v
3.06017 2.76048 20 v

1.22621 4.30336 0 u
1.23083 4.30818 0 u
1.23537 4.31302 0 u
1.23984 4.31789 0 u
1.24423 4.32279 0 u
1.24855 4.32771 0 u
1.25279 4.33266 0 u
1.25695 4.33763 0 u
1.26105 4.34262 0 u
1.26506 4.34764 0 u
1.26901 4.35269 0 u
1.27287 4.35776 0 u
1.27666 4.36286 0 u
1.28038 4.36798 0 u
1.28402 4.37313 0 u
1.28759 4.3783 0 u
1.29108 4.3835 0 u
1.2945 4.38872 0 u
1.29784 4.39397 0 u
1.30111 4.39924 0 u
1.3043 4.40454 0 u
1.30742 4.40986 0 u
1.31046 4.41521 0 u
1.31343 4.42059 0 u
1.31632 4.42599 0 u
1.31914 4.43141 0 u
1.32188 4.43686 0 u
1.32455 4.44233 0 u
1.32714 4.44783 0 u
1.32966 4.45336 0 u
1.3321 4.45891 0 u
1.33447 4.46449 0 u
1.33676 4.47009 0 u
1.33898 4.47571 0 u
1.34112 4.48136 0 u
1.34319 4.48704 0 u
1.34518 4.49274 0 u
1.3471 4.49847 0 u
1.34894 4.50422 0 u
1.35071 4.51 0 u
1.3524 4.5158 0 u
1.35402 4.52163 0 u
1.35556 4.52748 0 u
1.35703 4.53336 0 u
1.35842 4.53926 0 u
1.35974 4.54519 0 u
1.36098 4.55114 0 u
1.36215 4.55712 0 u
1.36324 4.56312 0 u
1.36426 4.56915 0 u
1.3652 4.5752 0 u
1.36607 4.58128 0 u
1.36686 4.58738 0 u
1.36758 4.59351 0 u
1.36822 4.59966 0 u
1.36879 4.60584 0 u
1.36928 4.61204 0 u
1.3697 4.61827 0 u
1.37004 4.62452 0 u
1.37031 4.6308 0 u
1.3705 4.6371 0 u
1.37062 4.64343 0 u
1.37066 4.64978 0 u
1.37063 4.65616 0 u
1.37052 4.66256 0 u
1.37034 4.66899 0 u
1.37008 4.67544 0 u
1.36975 4.68192 0 u
1.36934 4.68842 0 u
1.36886 4.69495 0 u
1.3683 4.70151 0 u
1.36767 4.70808 0 u
1.36696 4.71469 0 u
1.36618 4.72131 0 u
1.36532 4.72797 0 u
1.36439 4.73465 0 u
1.36338 4.74135 0 u
1.3623 4.74808 0 u
1.36114 4.75483 0 u
1.35991 4.76161 0 u
1.3586 4.76841 0 u

1.22621 4.30336 1 u
1.23083 4.30818 1 u
1.23537 4.31302 1 u
1.23984 4.31789 1 u
1.24423 4.32279 1 u
1.24855 4.32771 1 u
1.25279 4.33266 1 u
1.25695 4.33763 1 u
1.26105 4.34262 1 u
1.26506 4.34764 1 u
1.26901 4.35269 1 u
1.27287 4.35776 1 u
1.27666 4.36286 1 u
1.28038 4.36798 1 u
1.28402 4.37313 1 u
1.28759 4.3783 1 u
1.29108 4.3835 1 u
1.2945 4.38872 1 u
1.29784 4.39397 1 u
1.30111 4.39924 1 u
1.3043 4.40454 1 u
1.30742 4.40986 1 u
1.31046 4.41521 1 u
1.31343 4.42059 1 u
1.31632 4.42599 1 u
1.31914 4.43141 1 u
1.32188 4.43686 1 u
1.32455 4.44233 1 u
1.32714 4.44783 1 u
1.32966 4.45336 1 u
1.3321 4.45891 1 u
1.33447 4.46449 1 u
1.33676 4.47009 1 u
1.33898 4.47571 1 u
1.34112 4.48136 1 u
1.34319 4.48704 1 u
1.34518 4.49274 1 u
1.3471 4.49847 1 u
1.34894 4.50422 1 u
1.35071 4.51 1 u
1.3524 4.5158 1 u
1.35402 4.52163 1 u
1.35556 4.52748 1 u
1.35703 4.53336 1 u
1.35842 4.53926 1 u
1.35974 4.54519 1 u
1.36098 4.55114 1 u
1.36215 4.55712 1 u
1.36324 4.56312 1 u
1.36426 4.56915 1 u
1.3652 4.5752 1 u
1.36607 4.58128 1 u
1.36686 4.58738 1 u
1.36758 4.59351 1 u
1.36822 4.59966 1 u
1.36879 4.60584 1 u
1.36928 4.61204 1 u
1.3697 4.61827 1 u
1.37004 4.62452 1 u
1.37031 4.6308 1 u
1.3705 4.6371 1 u
1.37062 4.64343 1 u
1.37066 4.64978 1 u
1.37063 4.65616 1 u
1.37052 4.66256 1 u
1.37034 4.66899 1 u
1.37008 4.67544 1 u
1.36975 4.68192 1 u
1.36934 4.68842 1 u
1.36886 4.69495 1 u
1.3683 4.70151 1 u
1.36767 4.70808 1 u
1.36696 4.71469 1 u
1.36618 4.72131 1 u
1.36532 4.72797 1 u
1.36439 4.73465 1 u
1.36338 4.74135 1 u
1.3623 4.74808 1 u
1.36114 4.75483 1 u
1.35991 4.76161 1 u
1.3586 4.76841 1 u

0.655013 4.33787 0 u
0.650863 4.3418 0 u
0.646713 4.34572 0 u
0.642563 4.34965 0 u
0.638412 4.35357 0 u
0.634262 4.3575 0 u
0.630112 4.36142 0 u
0.625962 4.36535 0 u
0.621812 4.36927 0 u
0.617662 4.3732 0 u
0.613511 4.37712 0 u
0.609361 4.38105 0 u
0.605211 4.38498 0 u
0.601061 4.3889 0 u
0.596911 4.39283 0 u
0.592761 4.39675 0 u
0.588611 4.40068 0 u
0.58446 4.4046 0 u
0.58031 4.40853 0 u
0.57616 4.41245 0 u
0.57201 4.41638 0 u
0.56786 4.4203 0 u
0.56371 4.42423 0 u
0.559559 4.42815 0 u
0.555409 4.43208 0 u
0.551259 4.436 0 u
0.547109 4.43993 0 u
0.542959 4.44385 0 u
0.538809 4.44778 0 u
0.534658 4.4517 0 u
0.530508 4.45563 0 u
0.526358 4.45955 0 u
0.522208 4.46348 0 u
0.518058 4.4674 0 u
0.513908 4.47133 0 u
0.509757 4.47525 0 u
0.505607 4.47918 0 u
0.501457 4.4831 0 u
0.497307 4.48703 0 u
0.493157 4.49095 0 u
0.489006 4.49488 0 u
0.484856 4.4988 0 u
0.480706 4.50273 0 u
0.476556 4.50665 0 u
0.472406 4.51058 0 u
0.468256 4.5145 0 u
0.464105 4.51843 0 u
0.459955 4.52235 0 u
0.455805 4.52628 0 u
0.451655 4.5302 0 u
0.447505 4.53413 0 u
0.443355 4.53805 0 u
0.439204 4.54198 0 u
0.435054 4.54591 0 u
0.430904 4.54983 0 u
0.426754 4.55376 0 u
0.422604 4.55768 0 u
0.418454 4.56161 0 u
0.414303 4.56553 0 u
0.410153 4.56946 0 u
0.406003 4.57338 0 u
0.401853 4.57731 0 u
0.397703 4.58123 0 u
0.393553 4.58516 0 u
0.389402 4.58908 0 u
0.385252 4.59301 0 u
0.381102 4.59693 0 u
0.376952 4.60086 0 u
0.372802 4.60478 0 u
0.368652 4.60871 0 u
0.364502 4.61263 0 u
0.360351 4.61655 0 u
0.356201 4.62048 0 u
0.352051 4.6244 0 u
0.347901 4.62833 0 u
0.343751 4.63225 0 u
0.339601 4.63618 0 u
0.33545 4.6401 0 u
0.3313 4.64403 0 u
0.32715 4.64795 0 u
0.323 4.65188 0 u

0.655013 4.33787 5 v
0.650863 4.3418 5 v
0.646713 4.34572 5 v
0.642563 4.34965 5 v
0.638412 4.35357 5 v
0.634262 4.3575 5 v
0.630112 4.36142 5 v
0.625962 4.36535 5 v
0.621812 4.36927 5 v
0.617662 4.3732 5 v
0.613511 4.37712 5 v
0.609361 4.38105 5 v
0.605211 4.38498 5 v
0.601061 4.3889 5 v
0.596911 4.39283 5 v
0.592761 4.39675 5 v
0.588611 4.40068 5 v
0.58446 4.4046 5 v
0.58031 4.40853 5 v
0.57616 4.41245 5 v
0.57201 4.41638 5 v
0.56786 4.4203 5 v
0.56371 4.42423 5 v
0.559559 4.42815 5 v
0.555409 4.43208 5 v
0.551259 4.436 5 v
0.547109 4.43993 5 v
0.542959 4.44385 5 v
0.538809 4.44778 5 v
0.534658 4.4517 5 v
0.530508 4.45563 5 v
0.526358 4.45955 5 v
0.522208 4.46348 5 v
0.518058 4.4674 5 v
0.513908 4.47133 5 v
0.509757 4.47525 5 v
0.505607 4.47918 5 v
0.501457 4.4831 5 v
0.497307 4.48703 5 v
0.493157 4.49095 5 v
0.489006 4.49488 5 v
0.484856 4.4988 5 v
0.480706 4.50273 5 v
0.476556 4.50665 5 v
0.472406 4.51058 5 v
0.468256 4.5145 5 v
0.464105 4.51843 5 v
0.459955 4.52235 5 v
0.455805 4.52628 5 v
0.451655 4.5302 5 v
0.447505 4.53413 5 v
0.443355 4.53805 5 v
0.439204 4.54198 5 v
0.435054 4.54591 5 v
0.430904 4.54983 5 v
0.426754 4.55376 5 v
0.422604 4.55768 5 v
0.418454 4.56161 5 v
0.414303 4.56553 5 v
0.410153 4.56946 5 v
0.406003 4.57338 5 v
0.401853 4.57731 5 v
0.397703 4.58123 5 v
0.393553 4.58516 5 v
0.389402 4.58908 5 v
0.385252 4.59301 5 v
0.381102 4.59693 5 v
0.376952 4.60086 5 v
0.372802 4.60478 5 v
0.368652 4.60871 5 v
0.364502 4.61263 5 v
0.360351 4.61655 5 v
0.356201 4.62048 5 v
0.352051 4.6244 5 v
0.347901 4.62833 5 v
0.343751 4.63225 5 v
0.339601 4.63618 5 v
0.33545 4.6401 5 v
0.3313 4.64403 5 v
0.32715 4.64795 5 v
0.323 4.65188 5 v

1.73769 4.10995 1 u
1.73846 4.11655 1 u
1.73928 4.12313 1 u
1.74012 4.12969 1 u
1.74101 4.13623 1 u
1.74194 4.14275 1 u
1.7429 4.14926 1 u
1.7439 4.15574 1 u
1.74493 4.16221 1 u
1.74601 4.16866 1 u
1.74712 4.17509 1 u
1.74826 4.1815 1 u
1.74945 4.18789 1 u
1.75067 4.19426 1 u
1.75193 4.20062 1 u
1.75323 4.20695 1 u
1.75457 4.21327 1 u
1.75594 4.21957 1 u
1.75735 4.22585 1 u
1.7588 4.23211 1 u
1.76028 4.23835 1 u
1.76181 4.24457 1 u
1.76337 4.25078 1 u
1.76497 4.25696 1 u
1.7666 4.26313 1 u
1.76827 4.26928 1 u
1.76998 4.27541 1 u
1.77173 4.28152 1 u
1.77351 4.28761 1 u
1.77534 4.29368 1 u
1.7772 4.29974 1 u
1.77909 4.30577 1 u
1.78103 4.31179 1 u
1.783 4.31779 1 u
1.78501 4.32377 1 u
1.78706 4.32973 1 u
1.78914 4.33567 1 u
1.79126 4.34159 1 u
1.79342 4.3475 1 u
1.79562 4.35338 1 u
1.79785 4.35925 1 u
1.80012 4.36511 1 u
1.80243 4.37098 1 u
1.80478 4.37685 1 u
1.80716 4.38273 1 u
1.80958 4.38862 1 u
1.81204 4.39451 1 u
1.81454 4.40041 1 u
1.81707 4.40631 1 u
1.81964 4.41222 1 u
1.82225 4.41814 1 u
1.8249 4.42406 1 u
1.82759 4.42999 1 u
1.83031 4.43593 1 u
1.83307 4.44187 1 u
1.83587 4.44782 1 u
1.8387 4.45377 1 u
1.84157 4.45974 1 u
1.84448 4.4657 1 u
1.84743 4.47168 1 u
1.85042 4.47766 1 u
1.85344 4.48364 1 u
1.8565 4.48964 1 u
1.8596 4.49564 1 u
1.86274 4.50164 1 u
1.86591 4.50765 1 u
1.86912 4.51367 1 u
1.87237 4.51969 1 u
1.87565 4.52572 1 u
1.87898 4.53176 1 u
1.88234 4.5378 1 u
1.88574 4.54385 1 u
1.88917 4.54991 1 u
1.89265 4.55597 1 u
1.89616 4.56204 1 u
1.89971 4.56811 1 u
1.9033 4.57419 1 u
1.90692 4.58028 1 u
1.91058 4.58637 1 u
1.91428 4.59247 1 u
1.91802 4.59858 1 u

1.73769 4.10995 2 u
1.73846 4.11655 2 u
1.73928 4.12313 2 u
1.74012 4.12969 2 u
1.74101 4.13623 2 u
1.74194 4.14275 2 u
1.7429 4.14926 2 u
1.7439 4.15574 2 u
1.74493 4.16221 2 u
1.74601 4.16866 2 u
1.74712 4.17509 2 u
1.74826 4.1815 2 u
1.74945 4.18789 2 u
1.75067 4.19426 2 u
1.75193 4.20062 2 u
1.75323 4.20695 2 u
1.75457 4.21327 2 u
1.75594 4.21957 2 u
1.75735 4.22585 2 u
1.7588 4.23211 2 u
1.76028 4.23835 2 u
1.76181 4.24457 2 u
1.76337 4.25078 2 u
1.76497 4.25696 2 u
1.7666 4.26313 2 u
1.76827 4.26928 2 u
1.76998 4.27541 2 u
1.77173 4.28152 2 u
1.77351 4.28761 2 u
1.77534 4.29368 2 u
1.7772 4.29974 2 u
1.77909 4.30577 2 u
1.78103 4.31179 2 u
1.783 4.31779 2 u
1.78501 4.32377 2 u
1.78706 4.32973 2 u
1.78914 4.33567 2 u
1.79126 4.34159 2 u
1.79342 4.3475 2 u
1.79562 4.35338 2 u
1.79785 4.35925 2 u
1.80012 4.36511 2 u
1.80243 4.37098 2 u
1.80478 4.37685 2 u
1.80716 4.38273 2 u
1.80958 4.38862 2 u
1.81204 4.39451 2 u
1.81454 4.40041 2 u
1.81707 4.40631 2 u
1.81964 4.41222 2 u
1.82225 4.41814 2 u
1.8249 4.42406 2 u
1.82759 4.42999 2 u
1.83031 4.43593 2 u
1.83307 4.44187 2 u
1.83587 4.44782 2 u
1.8387 4.45377 2 u
1.84157 4.45974 2 u
1.84448 4.4657 2 u
1.84743 4.47168 2 u
1.85042 4.47766 2 u
1.85344 4.48364 2 u
1.8565 4.48964 2 u
1.8596 4.49564 2 u
1.86274 4.50164 2 u
1.86591 4.50765 2 u
1.86912 4.51367 2 u
1.87237 4.51969 2 u
1.87565 4.52572 2 u
1.87898 4.53176 2 u
1.88234 4.5378 2 u
1.88574 4.54385 2 u
1.88917 4.54991 2 u
1.89265 4.55597 2 u
1.89616 4.56204 2 u
1.89971 4.56811 2 u
1.9033 4.57419 2 u
1.90692 4.58028 2 u
1.91058 4.58637 2 u
1.91428 4.59247 2 u
1.91802 4.59858 2 u

1.22621 4.30336 1 v
1.23457 4.30341 1 v
1.24285 4.3034 1 v
1.25106 4.30332 1 v
1.25919 4.30319 1 v
1.26724 4.30299 1 v
1.27523 4.30273 1 v
1.28313 4.3024 1 v
1.29096 4.30202 1 v
1.29872 4.30157 1 v
1.3064 4.30106 1 v
1.31401 4.30048 1 v
1.32154 4.29984 1 v
1.329 4.29915 1 v
1.33638 4.29838 1 v
1.34368 4.29756 1 v
1.35092 4.29667 1 v
1.35807 4.29572 1 v
1.36515 4.29471 1 v
1.37216 4.29364 1 v
1.37909 4.2925 1 v
1.38595 4.2913 1 v
1.39273 4.29004 1 v
1.39943 4.28872 1 v
1.40606 4.28733 1 v
1.41262 4.28588 1 v
1.4191 4.28437 1 v
1.42551 4.2828 1 v
1.43184 4.28116 1 v
1.43809 4.27946 1 v
1.44427 4.2777 1 v
1.45038 4.27588 1 v
1.45641 4.27399 1 v
1.46236 4.27204 1 v
1.46824 4.27003 1 v
1.47405 4.26796 1 v
1.47978 4.26582 1 v
1.48543 4.26362 1 v
1.49101 4.26136 1 v
1.49652 4.25904 1 v
1.50195 4.25665 1 v
1.50736 4.2542 1 v
1.51279 4.25169 1 v
1.51824 4.24912 1 v
1.52372 4.24648 1 v
1.52923 4.24378 1 v
1.53476 4.24102 1 v
1.54031 4.2382 1 v
1.54589 4.23531 1 v
1.5515 4.23236 1 v
1.55713 4.22935 1 v
1.56278 4.22628 1 v
1.56846 4.22314 1 v
1.57417 4.21994 1 v
1.5799 4.21668 1 v
1.58566 4.21336 1 v
1.59144 4.20997 1 v
1.59724 4.20652 1 v
1.60307 4.20301 1 v
1.60893 4.19944 1 v
1.61481 4.1958 1 v
1.62072 4.1921 1 v
1.62665 4.18834 1 v
1.6326 4.18452 1 v
1.63858 4.18063 1 v
1.64459 4.17668 1 v
1.65062 4.17267 1 v
1.65668 4.1686 1 v
1.66276 4.16446 1 v
1.66887 4.16026 1 v
1.675 4.156 1 v
1.68115 4.15168 1 v
1.68734 4.14729 1 v
1.69354 4.14284 1 v
1.69977 4.13833 1 v
1.70603 4.13376 1 v
1.71231 4.12912 1 v
1.71862 4.12442 1 v
1.72495 4.11966 1 v
1.73131 4.11484 1 v
1.73769 4.10995 1 v

1.22621 4.30336 6 v
1.23457 4.30341 6 v
1.24285 4.3034 6 v
1.25106 4.30332 6 v
1.25919 4.30319 6 v
1.26724 4.30299 6 v
1.27523 4.30273 6 v
1.28313 4.3024 6 v
1.29096 4.30202 6 v
1.29872 4.30157 6 v
1.3064 4.30106 6 v
1.31401 4.30048 6 v
1.32154 4.29984 6 v
1.329 4.29915 6 v
1.33638 4.29838 6 v
1.34368 4.29756 6 v
1.35092 4.29667 6 v
1.35807 4.29572 6 v
1.36515 4.29471 6 v
1.37216 4.29364 6 v
1.37909 4.2925 6 v
1.38595 4.2913 6 v
1.39273 4.29004 6 v
1.39943 4.28872 6 v
1.40606 4.28733 6 v
1.41262 4.28588 6 v
1.4191 4.28437 6 v
1.42551 4.2828 6 v
1.43184 4.28116 6 v
1.43809 4.27946 6 v
1.44427 4.2777 6 v
1.45038 4.27588 6 v
1.45641 4.27399 6 v
1.46236 4.27204 6 v
1.46824 4.27003 6 v
1.47405 4.26796 6 v
1.47978 4.26582 6 v
1.48543 4.26362 6 v
1.49101 4.26136 6 v
1.49652 4.25904 6 v
1.50195 4.25665 6 v
1.50736 4.2542 6 v
1.51279 4.25169 6 v
1.51824 4.24912 6 v
1.52372 4.24648 6 v
1.52923 4.24378 6 v
1.53476 4.24102 6 v
1.54031 4.2382 6 v
1.54589 4.23531 6 v
1.5515 4.23236 6 v
1.55713 4.22935 6 v
1.56278 4.22628 6 v
1.56846 4.22314 6 v
1.57417 4.21994 6 v
1.5799 4.21668 6 v
1.58566 4.21336 6 v
1.59144 4.20997 6 v
1.59724 4.20652 6 v
1.60307 4.20301 6 v
1.60893 4.19944 6 v
1.61481 4.1958 6 v
1.62072 4.1921 6 v
1.62665 4.18834 6 v
1.6326 4.18452 6 v
1.63858 4.18063 6 v
1.64459 4.17668 6 v
1.65062 4.17267 6 v
1.65668 4.1686 6 v
1.66276 4.16446 6 v
1.66887 4.16026 6 v
1.675 4.156 6 v
1.68115 4.15168 6 v
1.68734 4.14729 6 v
1.69354 4.14284 6 v
1.69977 4.13833 6 v
1.70603 4.13376 6 v
1.71231 4.12912 6 v
1.71862 4.12442 6 v
1.72495 4.11966 6 v
1.73131 4.11484 6 v
1.73769 4.10995 6 v

2.1415 3.97101 2 u
2.14552 3.97574 2 u
2.14952 3.98048 2 u
2.15349 3.98524 2 u
2.15744 3.99001 2 u
2.16136 3.99479 2 u
2.16526 3.99958 2 u
2.16913 4.00439 2 u
2.17298 4.0092 2 u
2.1768 4.01403 2 u
2.1806 4.01888 2 u
2.18437 4.02373 2 u
2.18812 4.0286 2 u
2.19184 4.03348 2 u
2.19553 4.03837 2 u
2.19921 4.04328 2 u
2.20285 4.0482 2 u
2.20647 4.05313 2 u
2.21007 4.05807 2 u
2.21364 4.06302 2 u
2.21719 4.06799 2 u
2.22071 4.07297 2 u
2.2242 4.07796 2 u
2.22768 4.08297 2 u
2.23112 4.08798 2 u
2.23454 4.09301 2 u
2.23794 4.09806 2 u
2.24131 4.10311 2 u
2.24466 4.10818 2 u
2.24798 4.11326 2 u
2.25127 4.11835 2 u
2.25454 4.12345 2 u
2.25779 4.12857 2 u
2.26101 4.1337 2 u
2.2642 4.13884 2 u
2.26737 4.14399 2 u
2.27052 4.14916 2 u
2.27364 4.15434 2 u
2.27673 4.15953 2 u
2.2798 4.16473 2 u
2.28285 4.16995 2 u
2.28587 4.17518 2 u
2.28887 4.18042 2 u
2.29184 4.18567 2 u
2.29478 4.19094 2 u
2.2977 4.19622 2 u
2.3006 4.20151 2 u
2.30347 4.20681 2 u
2.30631 4.21213 2 u
2.30913 4.21746 2 u
2.31193 4.2228 2 u
2.3147 4.22815 2 u
2.31744 4.23352 2 u
2.32017 4.23889 2 u
2.32286 4.24428 2 u
2.32553 4.24969 2 u
2.32818 4.2551 2 u
2.3308 4.26053 2 u
2.3334 4.26597 2 u
2.33597 4.27142 2 u
2.33851 4.27689 2 u
2.34103 4.28236 2 u
2.34353 4.28785 2 u
2.346 4.29336 2 u
2.34845 4.29887 2 u
2.35087 4.3044 2 u
2.35327 4.30994 2 u
2.35564 4.31549 2 u
2.35798 4.32106 2 u
2.36031 4.32663 2 u
2.3626 4.33222 2 u
2.36488 4.33782 2 u
2.36712 4.34344 2 u
2.36934 4.34906 2 u
2.37154 4.3547 2 u
2.37371 4.36036 2 u
2.37586 4.36602 2 u
2.37798 4.3717 2 u
2.38008 4.37738 2 u
2.38215 4.38309 2 u
2.3842 4.3888 2 u

2.1415 3.97101 3 u
2.14552 3.97574 3 u
2.14952 3.98048 3 u
2.15349 3.98524 3 u
2.15744 3.99001 3 u
2.16136 3.99479 3 u
2.16526 3.99958 3 u
2.16913 4.00439 3 u
2.17298 4.0092 3 u
2.1768 4.01403 3 u
2.1806 4.01888 3 u
2.18437 4.02373 3 u
2.18812 4.0286 3 u
2.19184 4.03348 3 u
2.19553 4.03837 3 u
2.19921 4.04328 3 u
2.20285 4.0482 3 u
2.20647 4.05313 3 u
2.21007 4.05807 3 u
2.21364 4.06302 3 u
2.21719 4.06799 3 u
2.22071 4.07297 3 u
2.2242 4.07796 3 u
2.22768 4.08297 3 u
2.23112 4.08798 3 u
2.23454 4.09301 3 u
2.23794 4.09806 3 u
2.24131 4.10311 3 u
2.24466 4.10818 3 u
2.24798 4.11326 3 u
2.25127 4.11835 3 u
2.25454 4.12345 3 u
2.25779 4.12857 3 u
2.26101 4.1337 3 u
2.2642 4.13884 3 u
2.26737 4.14399 3 u
2.27052 4.14916 3 u
2.27364 4.15434 3 u
2.27673 4.15953 3 u
2.2798 4.16473 3 u
2.28285 4.16995 3 u
2.28587 4.17518 3 u
2.28887 4.18042 3 u
2.29184 4.18567 3 u
2.29478 4.19094 3 u
2.2977 4.19622 3 u
2.3006 4.20151 3 u
2.30347 4.20681 3 u
2.30631 4.21213 3 u
2.30913 4.21746 3 u
2.31193 4.2228 3 u
2.3147 4.22815 3 u
2.31744 4.23352 3 u
2.32017 4.23889 3 u
2.32286 4.24428 3 u
2.32553 4.24969 3 u
2.32818 4.2551 3 u
2.3308 4.26053 3 u
2.3334 4.26597 3 u
2.33597 4.27142 3 u
2.33851 4.27689 3 u
2.34103 4.28236 3 u
2.34353 4.28785 3 u
2.346 4.29336 3 u
2.34845 4.29887 3 u
2.35087 4.3044 3 u
2.35327 4.30994 3 u
2.35564 4.31549 3 u
2.35798 4.32106 3 u
2.36031 4.32663 3 u
2.3626 4.33222 3 u
2.36488 4.33782 3 u
2.36712 4.34344 3 u
2.36934 4.34906 3 u
2.37154 4.3547 3 u
2.37371 4.36036 3 u
2.37586 4.36602 3 u
2.37798 4.3717 3 u
2.38008 4.37738 3 u
2.38215 4.38309 3 u
2.3842 4.3888 3 u

2.4888 3.74144 3 u
2.49103 3.7472 3 u
2.49327 3.75294 3 u
2.49552 3.75867 3 u
2.49777 3.76439 3 u
2.50003 3.7701 3 u
2.50229 3.77579 3 u
2.50456 3.78147 3 u
2.50684 3.78714 3 u
2.50912 3.7928 3 u
2.51141 3.79844 3 u
2.51371 3.80407 3 u
2.51601 3.80969 3 u
2.51832 3.8153 3 u
2.52063 3.82089 3 u
2.52295 3.82647 3 u
2.52528 3.83204 3 u
2.52761 3.83759 3 u
2.52995 3.84314 3 u
2.5323 3.84867 3 u
2.53465 3.85418 3 u
2.53701 3.85969 3 u
2.53937 3.86518 3 u
2.54174 3.87066 3 u
2.54412 3.87613 3 u
2.5465 3.88159 3 u
2.54889 3.88703 3 u
2.55129 3.89246 3 u
2.55369 3.89787 3 u
2.5561 3.90328 3 u
2.55851 3.90867 3 u
2.56093 3.91405 3 u
2.56336 3.91942 3 u
2.56579 3.92477 3 u
2.56823 3.93011 3 u
2.57068 3.93544 3 u
2.57313 3.94076 3 u
2.57559 3.94606 3 u
2.57805 3.95135 3 u
2.58052 3.95663 3 u
2.583 3.9619 3 u
2.5855 3.96715 3 u
2.58802 3.9724 3 u
2.59058 3.97762 3 u
2.59317 3.98284 3 u
2.59579 3.98804 3 u
2.59844 3.99324 3 u
2.60113 3.99842 3 u
2.60384 4.00358 3 u
2.60659 4.00874 3 u
2.60936 4.01388 3 u
2.61217 4.01901 3 u
2.61501 4.02413 3 u
2.61788 4.02923 3 u
2.62078 4.03432 3 u
2.62372 4.0394 3 u
2.62668 4.04447 3 u
2.62968 4.04952 3 u
2.6327 4.05457 3 u
2.63576 4.0596 3 u
2.63885 4.06461 3 u
2.64197 4.06962 3 u
2.64512 4.07461 3 u
2.64831 4.07959 3 u
2.65152 4.08456 3 u
2.65477 4.08952 3 u
2.65804 4.09446 3 u
2.66135 4.09939 3 u
2.66469 4.10431 3 u
2.66806 4.10922 3 u
2.67146 4.11411 3 u
2.6749 4.11899 3 u
2.67836 4.12386 3 u
2.68186 4.12871 3 u
2.68538 4.13356 3 u
2.68894 4.13839 3 u
2.69253 4.14321 3 u
2.69615 4.14802 3 u
2.6998 4.15281 3 u
2.70349 4.15759 3 u
2.7072 4.16236 3 u

2.4888 3.74144 4 u
2.49103 3.7472 4 u
2.49327 3.75294 4 u
2.49552 3.75867 4 u
2.49777 3.76439 4 u
2.50003 3.7701 4 u
2.50229 3.77579 4 u
2.50456 3.78147 4 u
2.50684 3.78714 4 u
2.50912 3.7928 4 u
2.51141 3.79844 4 u
2.51371 3.80407 4 u
2.51601 3.80969 4 u
2.51832 3.8153 4 u
2.52063 3.82089 4 u
2.52295 3.82647 4 u
2.52528 3.83204 4 u
2.52761 3.83759 4 u
2.52995 3.84314 4 u
2.5323 3.84867 4 u
2.53465 3.85418 4 u
2.53701 3.85969 4 u
2.53937 3.86518 4 u
2.54174 3.87066 4 u
2.54412 3.87613 4 u
2.5465 3.88159 4 u
2.54889 3.88703 4 u
2.55129 3.89246 4 u
2.55369 3.89787 4 u
2.5561 3.90328 4 u
2.55851 3.90867 4 u
2.56093 3.91405 4 u
2.56336 3.91942 4 u
2.56579 3.92477 4 u
2.56823 3.93011 4 u
2.57068 3.93544 4 u
2.57313 3.94076 4 u
2.57559 3.94606 4 u
2.57805 3.95135 4 u
2.58052 3.95663 4 u
2.583 3.9619 4 u
2.5855 3.96715 4 u
2.58802 3.9724 4 u
2.59058 3.97762 4 u
2.59317 3.98284 4 u
2.59579 3.98804 4 u
2.59844 3.99324 4 u
2.60113 3.99842 4 u
2.60384 4.00358 4 u
2.60659 4.00874 4 u
2.60936 4.01388 4 u
2.61217 4.01901 4 u
2.61501 4.02413 4 u
2.61788 4.02923 4 u
2.62078 4.03432 4 u
2.62372 4.0394 4 u
2.62668 4.04447 4 u
2.62968 4.04952 4 u
2.6327 4.05457 4 u
2.63576 4.0596 4 u
2.63885 4.06461 4 u
2.64197 4.06962 4 u
2.64512 4.07461 4 u
2.64831 4.07959 4 u
2.65152 4.08456 4 u
2.65477 4.08952 4 u
2.65804 4.09446 4 u
2.66135 4.09939 4 u
2.66469 4.10431 4 u
2.66806 4.10922 4 u
2.67146 4.11411 4 u
2.6749 4.11899 4 u
2.67836 4.12386 4 u
2.68186 4.12871 4 u
2.68538 4.13356 4 u
2.68894 4.13839 4 u
2.69253 4.14321 4 u
2.69615 4.14802 4 u
2.6998 4.15281 4 u
2.70349 4.15759 4 u
2.7072 4.16236 4 u

2.1415 3.97101 3 v
2.1483 3.97012 3 v
2.15502 3.96921 3 v
2.16165 3.96826 3 v
2.16821 3.96728 3 v
2.17469 3.96627 3 v
2.18108 3.96522 3 v
2.18739 3.96415 3 v
2.19362 3.96305 3 v
2.19977 3.96191 3 v
2.20584 3.96074 3 v
2.21183 3.95954 3 v
2.21773 3.95831 3 v
2.22356 3.95705 3 v
2.2293 3.95576 3 v
2.23497 3.95444 3 v
2.24055 3.95308 3 v
2.24605 3.9517 3 v
2.25147 3.95028 3 v
2.25681 3.94883 3 v
2.26206 3.94735 3 v
2.26724 3.94584 3 v
2.27233 3.9443 3 v
2.27735 3.94273 3 v
2.28228 3.94112 3 v
2.28713 3.93949 3 v
2.2919 3.93782 3 v
2.29659 3.93612 3 v
2.30119 3.93439 3 v
2.30572 3.93263 3 v
2.31017 3.93084 3 v
2.31453 3.92901 3 v
2.31881 3.92716 3 v
2.32301 3.92527 3 v
2.32713 3.92336 3 v
2.33117 3.92141 3 v
2.33513 3.91943 3 v
2.33901 3.91742 3 v
2.3428 3.91538 3 v
2.34652 3.9133 3 v
2.35015 3.9112 3 v
2.35374 3.90903 3 v
2.35732 3.90675 3 v
2.3609 3.90436 3 v
2.36447 3.90187 3 v
2.36803 3.89927 3 v
2.37159 3.89657 3 v
2.37514 3.89376 3 v
2.37869 3.89084 3 v
2.38223 3.88782 3 v
2.38576 3.88469 3 v
2.38929 3.88145 3 v
2.39281 3.87811 3 v
2.39632 3.87467 3 v
2.39983 3.87111 3 v
2.40333 3.86745 3 v
2.40682 3.86369 3 v
2.41031 3.85981 3 v
2.41379 3.85584 3 v
2.41727 3.85175 3 v
2.42074 3.84756 3 v
2.4242 3.84326 3 v
2.42766 3.83886 3 v
2.43111 3.83435 3 v
2.43455 3.82973 3 v
2.43799 3.82501 3 v
2.44142 3.82018 3 v
2.44485 3.81525 3 v
2.44827 3.81021 3 v
2.45168 3.80506 3 v
2.45508 3.79981 3 v
2.45848 3.79445 3 v
2.46188 3.78899 3 v
2.46527 3.78341 3 v
2.46865 3.77774 3 v
2.47202 3.77195 3 v
2.47539 3.76606 3 v
2.47875 3.76007 3 v
2.48211 3.75396 3 v
2.48546 3.74775 3 v
2.4888 3.74144 3 v

2.1415 3.97101 7 v
2.1483 3.97012 7 v
2.15502 3.96921 7 v
2.16165 3.96826 7 v
2.16821 3.96728 7 v
2.17469 3.96627 7 v
2.18108 3.96522 7 v
2.18739 3.96415 7 v
2.19362 3.96305 7 v
2.19977 3.96191 7 v
2.20584 3.96074 7 v
2.21183 3.95954 7 v
2.21773 3.95831 7 v
2.22356 3.95705 7 v
2.2293 3.95576 7 v
2.23497 3.95444 7 v
2.24055 3.95308 7 v
2.24605 3.9517 7 v
2.25147 3.95028 7 v
2.25681 3.94883 7 v
2.26206 3.94735 7 v
2.26724 3.94584 7 v
2.27233 3.9443 7 v
2.27735 3.94273 7 v
2.28228 3.94112 7 v
2.28713 3.93949 7 v
2.2919 3.93782 7 v
2.29659 3.93612 7 v
2.30119 3.93439 7 v
2.30572 3.93263 7 v
2.31017 3.93084 7 v
2.31453 3.92901 7 v
2.31881 3.92716 7 v
2.32301 3.92527 7 v
2.32713 3.92336 7 v
2.33117 3.92141 7 v
2.33513 3.91943 7 v
2.33901 3.91742 7 v
2.3428 3.91538 7 v
2.34652 3.9133 7 v
2.35015 3.9112 7 v
2.35374 3.90903 7 v
2.35732 3.90675 7 v
2.3609 3.90436 7 v
2.36447 3.90187 7 v
2.36803 3.89927 7 v
2.37159 3.89657 7 v
2.37514 3.89376 7 v
2.37869 3.89084 7 v
2.38223 3.88782 7 v
2.38576 3.88469 7 v
2.38929 3.88145 7 v
2.39281 3.87811 7 v
2.39632 3.87467 7 v
2.39983 3.87111 7 v
2.40333 3.86745 7 v
2.40682 3.86369 7 v
2.41031 3.85981 7 v
2.41379 3.85584 7 v
2.41727 3.85175 7 v
2.42074 3.84756 7 v
2.4242 3.84326 7 v
2.42766 3.83886 7 v
2.43111 3.83435 7 v
2.43455 3.82973 7 v
2.43799 3.82501 7 v
2.44142 3.82018 7 v
2.44485 3.81525 7 v
2.44827 3.81021 7 v
2.45168 3.80506 7 v
2.45508 3.79981 7 v
2.45848 3.79445 7 v
2.46188 3.78899 7 v
2.46527 3.78341 7 v
2.46865 3.77774 7 v
2.47202 3.77195 7 v
2.47539 3.76606 7 v
2.47875 3.76007 7 v
2.48211 3.75396 7 v
2.48546 3.74775 7 v
2.4888 3.74144 7 v

2.78312 3.59546 4 u
2.78729 3.59639 4 u
2.79146 3.59731 4 u
2.79563 3.59824 4 u
2.7998 3.59916 4 u
2.80397 3.60009 4 u
2.80815 3.60102 4 u
2.81232 3.60194 4 u
2.81649 3.60287 4 u
2.82066 3.60379 4 u
2.82483 3.60472 4 u
2.829 3.60565 4 u
2.83317 3.60657 4 u
2.83734 3.6075 4 u
2.84151 3.60842 4 u
2.84568 3.60935 4 u
2.84986 3.61028 4 u
2.85403 3.6112 4 u
2.8582 3.61213 4 u
2.86237 3.61305 4 u
2.86654 3.61398 4 u
2.87071 3.61491 4 u
2.87488 3.61583 4 u
2.87905 3.61676 4 u
2.88322 3.61768 4 u
2.88739 3.61861 4 u
2.89156 3.61954 4 u
2.89573 3.62046 4 u
2.89991 3.62139 4 u
2.90408 3.62231 4 u
2.90825 3.62324 4 u
2.91242 3.62417 4 u
2.91659 3.62509 4 u
2.92076 3.62602 4 u
2.92493 3.62694 4 u
2.9291 3.62787 4 u
2.93327 3.6288 4 u
2.93744 3.62972 4 u
2.94161 3.63065 4 u
2.94578 3.63157 4 u
2.94996 3.6325 4 u
2.95413 3.63343 4 u
2.9583 3.63435 4 u
2.96247 3.63528 4 u
2.96664 3.6362 4 u
2.97081 3.63713 4 u
2.97498 3.63806 4 u
2.97915 3.63898 4 u
2.98332 3.63991 4 u
2.98749 3.64083 4 u
2.99166 3.64176 4 u
2.99583 3.64269 4 u
3 3.64361 4 u
3.00417 3.64454 4 u
3.00834 3.64546 4 u
3.01252 3.64639 4 u
3.01669 3.64732 4 u
3.02086 3.64824 4 u
3.02503 3.64917 4 u
3.0292 3.65009 4 u
3.03337 3.65102 4 u
3.03754 3.65195 4 u
3.04171 3.65287 4 u
3.04588 3.6538 4 u
3.05005 3.65472 4 u
3.05422 3.65565 4 u
3.05839 3.65658 4 u
3.06256 3.6575 4 u
3.06673 3.65843 4 u
3.0709 3.65935 4 u
3.07507 3.66028 4 u
3.07925 3.66121 4 u
3.08342 3.66213 4 u
3.08759 3.66306 4 u
3.09176 3.66398 4 u
3.09593 3.66491 4 u
3.1001 3.66584 4 u
3.10427 3.66676 4 u
3.10844 3.66769 4 u
3.11261 3.66861 4 u
3.11678 3.66954 4 u

2.78312 3.59546 8 v
2.78729 3.59639 8 v
2.79146 3.59731 8 v
2.79563 3.59824 8 v
2.7998 3.59916 8 v
2.80397 3.60009 8 v
2.80815 3.60102 8 v
2.81232 3.60194 8 v
2.81649 3.60287 8 v
2.82066 3.60379 8 v
2.82483 3.60472 8 v
2.829 3.60565 8 v
2.83317 3.60657 8 v
2.83734 3.6075 8 v
2.84151 3.60842 8 v
2.84568 3.60935 8 v
2.84986 3.61028 8 v
2.85403 3.6112 8 v
2.8582 3.61213 8 v
2.86237 3.61305 8 v
2.86654 3.61398 8 v
2.87071 3.61491 8 v
2.87488 3.61583 8 v
2.87905 3.61676 8 v
2.88322 3.61768 8 v
2.88739 3.61861 8 v
2.89156 3.61954 8 v
2.89573 3.62046 8 v
2.89991 3.62139 8 v
2.90408 3.62231 8 v
2.90825 3.62324 8 v
2.91242 3.62417 8 v
2.91659 3.62509 8 v
2.92076 3.62602 8 v
2.92493 3.62694 8 v
2.9291 3.62787 8 v
2.93327 3.6288 8 v
2.93744 3.62972 8 v
2.94161 3.63065 8 v
2.94578 3.63157 8 v
2.94996 3.6325 8 v
2.95413 3.63343 8 v
2.9583 3.63435 8 v
2.96247 3.63528 8 v
2.96664 3.6362 8 v
2.97081 3.63713 8 v
2.97498 3.63806 8 v
2.97915 3.63898 8 v
2.98332 3.63991 8 v
2.98749 3.64083 8 v
2.99166 3.64176 8 v
2.99583 3.64269 8 v
3 3.64361 8 v
3.00417 3.64454 8 v
3.00834 3.64546 8 v
3.01252 3.64639 8 v
3.01669 3.64732 8 v
3.02086 3.64824 8 v
3.02503 3.64917 8 v
3.0292 3.65009 8 v
3.03337 3.65102 8 v
3.03754 3.65195 8 v
3.04171 3.65287 8 v
3.04588 3.6538 8 v
3.05005 3.65472 8 v
3.05422 3.65565 8 v
3.05839 3.65658 8 v
3.06256 3.6575 8 v
3.06673 3.65843 8 v
3.0709 3.65935 8 v
3.07507 3.66028 8 v
3.07925 3.66121 8 v
3.08342 3.66213 8 v
3.08759 3.66306 8 v
3.09176 3.66398 8 v
3.09593 3.66491 8 v
3.1001 3.66584 8 v
3.10427 3.66676 8 v
3.10844 3.66769 8 v
3.11261 3.66861 8 v
3.11678 3.66954 8 v

0.761166 3.62487 5 v
0.755152 3.62265 5 v
0.749148 3.62046 5 v
0.743153 3.6183 5 v
0.737168 3.61616 5 v
0.731192 3.61404 5 v
0.725225 3.61195 5 v
0.719268 3.60988 5 v
0.71332 3.60784 5 v
0.707382 3.60582 5 v
0.701453 3.60383 5 v
0.695533 3.60186 5 v
0.689623 3.59992 5 v
0.683722 3.598 5 v
0.677831 3.59611 5 v
0.671948 3.59424 5 v
0.666076 3.5924 5 v
0.660212 3.59058 5 v
0.654359 3.58879 5 v
0.648514 3.58702 5 v
0.642679 3.58528 5 v
0.636853 3.58356 5 v
0.631037 3.58187 5 v
0.62523 3.5802 5 v
0.619433 3.57856 5 v
0.613644 3.57694 5 v
0.607866 3.57535 5 v
0.602096 3.57378 5 v
0.596336 3.57223 5 v
0.590586 3.57071 5 v
0.584845 3.56922 5 v
0.579113 3.56775 5 v
0.573391 3.56631 5 v
0.567678 3.56489 5 v
0.561974 3.56349 5 v
0.55628 3.56212 5 v
0.550595 3.56078 5 v
0.54492 3.55946 5 v
0.539254 3.55816 5 v
0.533597 3.55689 5 v
0.52795 3.55565 5 v
0.522293 3.55443 5 v
0.516609 3.55324 5 v
0.510896 3.55207 5 v
0.505155 3.55092 5 v
0.499385 3.5498 5 v
0.493588 3.54871 5 v
0.487762 3.54764 5 v
0.481908 3.54659 5 v
0.476026 3.54557 5 v
0.470116 3.54458 5 v
0.464178 3.54361 5 v
0.458211 3.54266 5 v
0.452217 3.54174 5 v
0.446194 3.54085 5 v
0.440143 3.53998 5 v
0.434064 3.53913 5 v
0.427956 3.53831 5 v
0.421821 3.53752 5 v
0.415657 3.53675 5 v
0.409465 3.536 5 v
0.403245 3.53528 5 v
0.396997 3.53459 5 v
0.390721 3.53392 5 v
0.384416 3.53327 5 v
0.378083 3.53265 5 v
0.371722 3.53206 5 v
0.365333 3.53149 5 v
0.358916 3.53094 5 v
0.35247 3.53043 5 v
0.345997 3.52993 5 v
0.339495 3.52946 5 v
0.332965 3.52902 5 v
0.326407 3.5286 5 v
0.319821 3.5282 5 v
0.313206 3.52783 5 v
0.306563 3.52749 5 v
0.299893 3.52717 5 v
0.293194 3.52687 5 v
0.286466 3.5266 5 v
0.279711 3.52636 5 v

0.761166 3.62487 9 v
0.755152 3.62265 9 v
0.749148 3.62046 9 v
0.743153 3.6183 9 v
0.737168 3.61616 9 v
0.731192 3.61404 9 v
0.725225 3.61195 9 v
0.719268 3.60988 9 v
0.71332 3.60784 9 v
0.707382 3.60582 9 v
0.701453 3.60383 9 v
0.695533 3.60186 9 v
0.689623 3.59992 9 v
0.683722 3.598 9 v
0.677831 3.59611 9 v
0.671948 3.59424 9 v
0.666076 3.5924 9 v
0.660212 3.59058 9 v
0.654359 3.58879 9 v
0.648514 3.58702 9 v
0.642679 3.58528 9 v
0.636853 3.58356 9 v
0.631037 3.58187 9 v
0.62523 3.5802 9 v
0.619433 3.57856 9 v
0.613644 3.57694 9 v
0.607866 3.57535 9 v
0.602096 3.57378 9 v
0.596336 3.57223 9 v
0.590586 3.57071 9 v
0.584845 3.56922 9 v
0.579113 3.56775 9 v
0.573391 3.56631 9 v
0.567678 3.56489 9 v
0.561974 3.56349 9 v
0.55628 3.56212 9 v
0.550595 3.56078 9 v
0.54492 3.55946 9 v
0.539254 3.55816 9 v
0.533597 3.55689 9 v
0.52795 3.55565 9 v
0.522293 3.55443 9 v
0.516609 3.55324 9 v
0.510896 3.55207 9 v
0.505155 3.55092 9 v
0.499385 3.5498 9 v
0.493588 3.54871 9 v
0.487762 3.54764 9 v
0.481908 3.54659 9 v
0.476026 3.54557 9 v
0.470116 3.54458 9 v
0.464178 3.54361 9 v
0.458211 3.54266 9 v
0.452217 3.54174 9 v
0.446194 3.54085 9 v
0.440143 3.53998 9 v
0.434064 3.53913 9 v
0.427956 3.53831 9 v
0.421821 3.53752 9 v
0.415657 3.53675 9 v
0.409465 3.536 9 v
0.403245 3.53528 9 v
0.396997 3.53459 9 v
0.390721 3.53392 9 v
0.384416 3.53327 9 v
0.378083 3.53265 9 v
0.371722 3.53206 9 v
0.365333 3.53149 9 v
0.358916 3.53094 9 v
0.35247 3.53043 9 v
0.345997 3.52993 9 v
0.339495 3.52946 9 v
0.332965 3.52902 9 v
0.326407 3.5286 9 v
0.319821 3.5282 9 v
0.313206 3.52783 9 v
0.306563 3.52749 9 v
0.299893 3.52717 9 v
0.293194 3.52687 9 v
0.286466 3.5266 9 v
0.279711 3.52636 9 v

1.30491 3.66288 6 v
1.30952 3.66195 6 v
1.31414 3.66102 6 v
1.31875 3.66009 6 v
1.32337 3.65916 6 v
1.32798 3.65823 6 v
1.3326 3.65729 6 v
1.33721 3.65636 6 v
1.34183 3.65543 6 v
1.34644 3.6545 6 v
1.35106 3.65357 6 v
1.35567 3.65264 6 v
1.36029 3.65171 6 v
1.3649 3.65078 6 v
1.36952 3.64985 6 v
1.37413 3.64892 6 v
1.37875 3.64798 6 v
1.38336 3.64705 6 v
1.38798 3.64612 6 v
1.39259 3.64519 6 v
1.39721 3.64426 6 v
1.40183 3.64333 6 v
1.40644 3.6424 6 v
1.41106 3.64147 6 v
1.41567 3.64054 6 v
1.42029 3.63961 6 v
1.4249 3.63868 6 v
1.42952 3.63775 6 v
1.43413 3.63681 6 v
1.43875 3.63588 6 v
1.44336 3.63495 6 v
1.44798 3.63402 6 v
1.45259 3.63309 6 v
1.45721 3.63216 6 v
1.46182 3.63123 6 v
1.46644 3.6303 6 v
1.47105 3.62937 6 v
1.47566 3.62844 6 v
1.48028 3.62751 6 v
1.48489 3.62658 6 v
1.48951 3.62564 6 v
1.49412 3.62471 6 v
1.49874 3.62378 6 v
1.50335 3.62285 6 v
1.50797 3.62192 6 v
1.51258 3.62099 6 v
1.5172 3.62006 6 v
1.52181 3.61913 6 v
1.52643 3.6182 6 v
1.53104 3.61727 6 v
1.53566 3.61634 6 v
1.54027 3.61541 6 v
1.54489 3.61448 6 v
1.5495 3.61354 6 v
1.55412 3.61261 6 v
1.55873 3.61168 6 v
1.56335 3.61075 6 v
1.56796 3.60982 6 v
1.57258 3.60889 6 v
1.57719 3.60796 6 v
1.58181 3.60703 6 v
1.58642 3.6061 6 v
1.59104 3.60517 6 v
1.59565 3.60424 6 v
1.60027 3.60331 6 v
1.60488 3.60237 6 v
1.6095 3.60144 6 v
1.61412 3.60051 6 v
1.61873 3.59958 6 v
1.62335 3.59865 6 v
1.62796 3.59772 6 v
1.63258 3.59679 6 v
1.63719 3.59586 6 v
1.64181 3.59493 6 v
1.64642 3.594 6 v
1.65104 3.59306 6 v
1.65565 3.59213 6 v
1.66026 3.5912 6 v
1.66488 3.59027 6 v
1.66949 3.58934 6 v
1.67411 3.58841 6 v

1.30491 3.66288 11 v
1.30952 3.66195 11 v
1.31414 3.66102 11 v
1.31875 3.66009 11 v
1.32337 3.65916 11 v
1.32798 3.65823 11 v
1.3326 3.65729 11 v
1.33721 3.65636 11 v
1.34183 3.65543 11 v
1.34644 3.6545 11 v
1.35106 3.65357 11 v
1.35567 3.65264 11 v
1.36029 3.65171 11 v
1.3649 3.65078 11 v
1.36952 3.64985 11 v
1.37413 3.64892 11 v
1.37875 3.64798 11 v
1.38336 3.64705 11 v
1.38798 3.64612 11 v
1.39259 3.64519 11 v
1.39721 3.64426 11 v
1.40183 3.64333 11 v
1.40644 3.6424 11 v
1.41106 3.64147 11 v
1.41567 3.64054 11 v
1.42029 3.63961 11 v
1.4249 3.63868 11 v
1.42952 3.63775 11 v
1.43413 3.63681 11 v
1.43875 3.63588 11 v
1.44336 3.63495 11 v
1.44798 3.63402 11 v
1.45259 3.63309 11 v
1.45721 3.63216 11 v
1.46182 3.63123 11 v
1.46644 3.6303 11 v
1.47105 3.62937 11 v
1.47566 3.62844 11 v
1.48028 3.62751 11 v
1.48489 3.62658 11 v
1.48951 3.62564 11 v
1.49412 3.62471 11 v
1.49874 3.62378 11 v
1.50335 3.62285 11 v
1.50797 3.62192 11 v
1.51258 3.62099 11 v
1.5172 3.62006 11 v
1.52181 3.61913 11 v
1.52643 3.6182 11 v
1.53104 3.61727 11 v
1.53566 3.61634 11 v
1.54027 3.61541 11 v
1.54489 3.61448 11 v
1.5495 3.61354 11 v
1.55412 3.61261 11 v
1.55873 3.61168 11 v
1.56335 3.61075 11 v
1.56796 3.60982 11 v
1.57258 3.60889 11 v
1.57719 3.60796 11 v
1.58181 3.60703 11 v
1.58642 3.6061 11 v
1.59104 3.60517 11 v
1.59565 3.60424 11 v
1.60027 3.60331 11 v
1.60488 3.60237 11 v
1.6095 3.60144 11 v
1.61412 3.60051 11 v
1.61873 3.59958 11 v
1.62335 3.59865 11 v
1.62796 3.59772 11 v
1.63258 3.59679 11 v
1.63719 3.59586 11 v
1.64181 3.59493 11 v
1.64642 3.594 11 v
1.65104 3.59306 11 v
1.65565 3.59213 11 v
1.66026 3.5912 11 v
1.66488 3.59027 11 v
1.66949 3.58934 11 v
1.67411 3.58841 11 v

2.02495 3.49303 7 v
2.02904 3.49069 7 v
2.03313 3.48835 7 v
2.03722 3.48601 7 v
2.04131 3.48367 7 v
2.0454 3.48133 7 v
2.0495 3.47899 7 v
2.05359 3.47665 7 v
2.05768 3.47431 7 v
2.06177 3.47197 7 v
2.06586 3.46963 7 v
2.06995 3.46729 7 v
2.07404 3.46496 7 v
2.07813 3.46262 7 v
2.08222 3.46028 7 v
2.08631 3.45794 7 v
2.09041 3.4556 7 v
2.0945 3.45326 7 v
2.09859 3.45092 7 v
2.10268 3.44858 7 v
2.10677 3.44624 7 v
2.11086 3.4439 7 v
2.11495 3.44156 7 v
2.11904 3.43922 7 v
2.12313 3.43688 7 v
2.12723 3.43454 7 v
2.13132 3.4322 7 v
2.13541 3.42986 7 v
2.1395 3.42752 7 v
2.14359 3.42518 7 v
2.14768 3.42284 7 v
2.15177 3.4205 7 v
2.15586 3.41816 7 v
2.15995 3.41582 7 v
2.16404 3.41348 7 v
2.16813 3.41114 7 v
2.17223 3.4088 7 v
2.17632 3.40646 7 v
2.18041 3.40412 7 v
2.1845 3.40178 7 v
2.18859 3.39944 7 v
2.19268 3.3971 7 v
2.19677 3.39476 7 v
2.20086 3.39242 7 v
2.20495 3.39008 7 v
2.20904 3.38774 7 v
2.21314 3.3854 7 v
2.21723 3.38306 7 v
2.22132 3.38072 7 v
2.22541 3.37838 7 v
2.2295 3.37604 7 v
2.23359 3.3737 7 v
2.23768 3.37136 7 v
2.24177 3.36902 7 v
2.24586 3.36668 7 v
2.24995 3.36434 7 v
2.25405 3.362 7 v
2.25814 3.35966 7 v
2.26223 3.35732 7 v
2.26632 3.35498 7 v
2.27041 3.35264 7 v
2.2745 3.3503 7 v
2.27859 3.34796 7 v
2.28268 3.34562 7 v
2.28677 3.34328 7 v
2.29087 3.34094 7 v
2.29496 3.3386 7 v
2.29905 3.33626 7 v
2.30314 3.33392 7 v
2.30723 3.33158 7 v
2.31132 3.32924 7 v
2.31541 3.3269 7 v
2.3195 3.32456 7 v
2.32359 3.32222 7 v
2.32768 3.31988 7 v
2.33178 3.31754 7 v
2.33587 3.3152 7 v
2.33996 3.31286 7 v
2.34405 3.31052 7 v
2.34814 3.30818 7 v
2.35223 3.30584 7 v

2.02495 3.49303 13 v
2.02904 3.49069 13 v
2.03313 3.48835 13 v
2.03722 3.48601 13 v
2.04131 3.48367 13 v
2.0454 3.48133 13 v
2.0495 3.47899 13 v
2.05359 3.47665 13 v
2.05768 3.47431 13 v
2.06177 3.47197 13 v
2.06586 3.46963 13 v
2.06995 3.46729 13 v
2.07404 3.46496 13 v
2.07813 3.46262 13 v
2.08222 3.46028 13 v
2.08631 3.45794 13 v
2.09041 3.4556 13 v
2.0945 3.45326 13 v
2.09859 3.45092 13 v
2.10268 3.44858 13 v
2.10677 3.44624 13 v
2.11086 3.4439 13 v
2.11495 3.44156 13 v
2.11904 3.43922 13 v
2.12313 3.43688 13 v
2.12723 3.43454 13 v
2.13132 3.4322 13 v
2.13541 3.42986 13 v
2.1395 3.42752 13 v
2.14359 3.42518 13 v
2.14768 3.42284 13 v
2.15177 3.4205 13 v
2.15586 3.41816 13 v
2.15995 3.41582 13 v
2.16404 3.41348 13 v
2.16813 3.41114 13 v
2.17223 3.4088 13 v
2.17632 3.40646 13 v
2.18041 3.40412 13 v
2.1845 3.40178 13 v
2.18859 3.39944 13 v
2.19268 3.3971 13 v
2.19677 3.39476 13 v
2.20086 3.39242 13 v
2.20495 3.39008 13 v
2.20904 3.38774 13 v
2.21314 3.3854 13 v
2.21723 3.38306 13 v
2.22132 3.38072 13 v
2.22541 3.37838 13 v
2.2295 3.37604 13 v
2.23359 3.3737 13 v
2.23768 3.37136 13 v
2.24177 3.36902 13 v
2.24586 3.36668 13 v
2.24995 3.36434 13 v
2.25405 3.362 13 v
2.25814 3.35966 13 v
2.26223 3.35732 13 v
2.26632 3.35498 13 v
2.27041 3.35264 13 v
2.2745 3.3503 13 v
2.27859 3.34796 13 v
2.28268 3.34562 13 v
2.28677 3.34328 13 v
2.29087 3.34094 13 v
2.29496 3.3386 13 v
2.29905 3.33626 13 v
2.30314 3.33392 13 v
2.30723 3.33158 13 v
2.31132 3.32924 13 v
2.31541 3.3269 13 v
2.3195 3.32456 13 v
2.32359 3.32222 13 v
2.32768 3.31988 13 v
2.33178 3.31754 13 v
2.33587 3.3152 13 v
2.33996 3.31286 13 v
2.34405 3.31052 13 v
2.34814 3.30818 13 v
2.35223 3.30584 13 v

2.62301 3.22343 8 v
2.62839 3.22197 8 v
2.63377 3.22051 8 v
2.63915 3.21906 8 v
2.64454 3.2176 8 v
2.64992 3.21614 8 v
2.6553 3.21468 8 v
2.66068 3.21322 8 v
2.66606 3.21177 8 v
2.67144 3.21031 8 v
2.67682 3.20885 8 v
2.68221 3.20739 8 v
2.68759 3.20593 8 v
2.69297 3.20448 8 v
2.69835 3.20302 8 v
2.70373 3.20156 8 v
2.70911 3.2001 8 v
2.71449 3.19864 8 v
2.71988 3.19719 8 v
2.72526 3.19573 8 v
2.73064 3.19427 8 v
2.73602 3.19281 8 v
2.7414 3.19135 8 v
2.74678 3.1899 8 v
2.75216 3.18844 8 v
2.75755 3.18698 8 v
2.76293 3.18552 8 v
2.76831 3.18406 8 v
2.77369 3.18261 8 v
2.77907 3.18115 8 v
2.78445 3.17969 8 v
2.78983 3.17823 8 v
2.79521 3.17677 8 v
2.8006 3.17532 8 v
2.80598 3.17386 8 v
2.81136 3.1724 8 v
2.81674 3.17094 8 v
2.82212 3.16948 8 v
2.8275 3.16803 8 v
2.83288 3.16657 8 v
2.83826 3.16511 8 v
2.84365 3.16365 8 v
2.84903 3.16219 8 v
2.85441 3.16074 8 v
2.85979 3.15928 8 v
2.86517 3.15782 8 v
2.87055 3.15636 8 v
2.87593 3.1549 8 v
2.88131 3.15345 8 v
2.8867 3.15199 8 v
2.89208 3.15053 8 v
2.89746 3.14907 8 v
2.90284 3.14761 8 v
2.90822 3.14616 8 v
2.9136 3.1447 8 v
2.91898 3.14324 8 v
2.92436 3.14178 8 v
2.92975 3.14032 8 v
2.93513 3.13887 8 v
2.94051 3.13741 8 v
2.94589 3.13595 8 v
2.95127 3.13449 8 v
2.95665 3.13303 8 v
2.96203 3.13158 8 v
2.96741 3.13012 8 v
2.97279 3.12866 8 v
2.97818 3.1272 8 v
2.98356 3.12574 8 v
2.98894 3.12429 8 v
2.99432 3.12283 8 v
2.9997 3.12137 8 v
3.00508 3.11991 8 v
3.01046 3.11845 8 v
3.01584 3.117 8 v
3.02122 3.11554 8 v
3.0266 3.11408 8 v
3.03199 3.11262 8 v
3.03737 3.11116 8 v
3.04275 3.10971 8 v
3.04813 3.10825 8 v
3.05351 3.10679 8 v

2.62301 3.22343 15 v
2.62839 3.22197 15 v
2.63377 3.22051 15 v
2.63915 3.21906 15 v
2.64454 3.2176 15 v
2.64992 3.21614 15 v
2.6553 3.21468 15 v
2.66068 3.21322 15 v
2.66606 3.21177 15 v
2.67144 3.21031 15 v
2.67682 3.20885 15 v
2.68221 3.20739 15 v
2.68759 3.20593 15 v
2.69297 3.20448 15 v
2.69835 3.20302 15 v
2.70373 3.20156 15 v
2.70911 3.2001 15 v
2.71449 3.19864 15 v
2.71988 3.19719 15 v
2.72526 3.19573 15 v
2.73064 3.19427 15 v
2.73602 3.19281 15 v
2.7414 3.19135 15 v
2.74678 3.1899 15 v
2.75216 3.18844 15 v
2.75755 3.18698 15 v
2.76293 3.18552 15 v
2.76831 3.18406 15 v
2.77369 3.18261 15 v
2.77907 3.18115 15 v
2.78445 3.17969 15 v
2.78983 3.17823 15 v
2.79521 3.17677 15 v
2.8006 3.17532 15 v
2.80598 3.17386 15 v
2.81136 3.1724 15 v
2.81674 3.17094 15 v
2.82212 3.16948 15 v
2.8275 3.16803 15 v
2.83288 3.16657 15 v
2.83826 3.16511 15 v
2.84365 3.16365 15 v
2.84903 3.16219 15 v
2.85441 3.16074 15 v
2.85979 3.15928 15 v
2.86517 3.15782 15 v
2.87055 3.15636 15 v
2.87593 3.1549 15 v
2.88131 3.15345 15 v
2.8867 3.15199 15 v
2.89208 3.15053 15 v
2.89746 3.14907 15 v
2.90284 3.14761 15 v
2.90822 3.14616 15 v
2.9136 3.1447 15 v
2.91898 3.14324 15 v
2.92436 3.14178 15 v
2.92975 3.14032 15 v
2.93513 3.13887 15 v
2.94051 3.13741 15 v
2.94589 3.13595 15 v
2.95127 3.13449 15 v
2.95665 3.13303 15 v
2.96203 3.13158 15 v
2.96741 3.13012 15 v
2.97279 3.12866 15 v
2.97818 3.1272 15 v
2.98356 3.12574 15 v
2.98894 3.12429 15 v
2.99432 3.12283 15 v
2.9997 3.12137 15 v
3.00508 3.11991 15 v
3.01046 3.11845 15 v
3.01584 3.117 15 v
3.02122 3.11554 15 v
3.0266 3.11408 15 v
3.03199 3.11262 15 v
3.03737 3.11116 15 v
3.04275 3.10971 15 v
3.04813 3.10825 15 v
3.05351 3.10679 15 v

0.825813 3.1301 9 u
0.823032 3.13628 9 u
0.820301 3.14243 9 u
0.817621 3.14857 9 u
0.81499 3.15469 9 u
0.812408 3.16079 9 u
0.809877 3.16687 9 u
0.807396 3.17294 9 u
0.804964 3.17898 9 u
0.802583 3.18501 9 u
0.800251 3.19101 9 u
0.797969 3.197 9 u
0.795737 3.20297 9 u
0.793555 3.20892 9 u
0.791423 3.21485 9 u
0.789341 3.22077 9 u
0.787309 3.22666 9 u
0.785326 3.23254 9 u
0.783394 3.23839 9 u
0.781511 3.24423 9 u
0.779678 3.25005 9 u
0.777895 3.25585 9 u
0.776162 3.26163 9 u
0.774479 3.2674 9 u
0.772846 3.27314 9 u
0.771263 3.27887 9 u
0.769729 3.28457 9 u
0.768246 3.29026 9 u
0.766812 3.29593 9 u
0.765428 3.30158 9 u
0.764095 3.30721 9 u
0.762811 3.31283 9 u
0.761577 3.31842 9 u
0.760392 3.324 9 u
0.759258 3.32955 9 u
0.758174 3.33509 9 u
0.757139 3.34061 9 u
0.756155 3.34611 9 u
0.75522 3.35159 9 u
0.754335 3.35706 9 u
0.7535 3.3625 9 u
0.752715 3.36796 9 u
0.75198 3.37348 9 u
0.751295 3.37906 9 u
0.750661 3.38469 9 u
0.750076 3.39038 9 u
0.749541 3.39612 9 u
0.749057 3.40192 9 u
0.748623 3.40778 9 u
0.748238 3.41369 9 u
0.747904 3.41966 9 u
0.74762 3.42569 9 u
0.747386 3.43177 9 u
0.747202 3.4379 9 u
0.747068 3.4441 9 u
0.746984 3.45035 9 u
0.746951 3.45666 9 u
0.746967 3.46302 9 u
0.747033 3.46944 9 u
0.74715 3.47591 9 u
0.747316 3.48244 9 u
0.747533 3.48903 9 u
0.7478 3.49567 9 u
0.748117 3.50237 9 u
0.748484 3.50913 9 u
0.748901 3.51594 9 u
0.749368 3.52281 9 u
0.749885 3.52973 9 u
0.750452 3.53672 9 u
0.75107 3.54375 9 u
0.751737 3.55085 9 u
0.752455 3.558 9 u
0.753222 3.5652 9 u
0.75404 3.57246 9 u
0.754908 3.57978 9 u
0.755826 3.58716 9 u
0.756793 3.59459 9 u
0.757811 3.60207 9 u
0.75888 3.60962 9 u
0.759998 3.61721 9 u
0.761166 3.62487 9 u

0.825813 3.1301 10 u
0.823032 3.13628 10 u
0.820301 3.14243 10 u
0.817621 3.14857 10 u
0.81499 3.15469 10 u
0.812408 3.16079 10 u
0.809877 3.16687 10 u
0.807396 3.17294 10 u
0.804964 3.17898 10 u
0.802583 3.18501 10 u
0.800251 3.19101 10 u
0.797969 3.197 10 u
0.795737 3.20297 10 u
0.793555 3.20892 10 u
0.791423 3.21485 10 u
0.789341 3.22077 10 u
0.787309 3.22666 10 u
0.785326 3.23254 10 u
0.783394 3.23839 10 u
0.781511 3.24423 10 u
0.779678 3.25005 10 u
0.777895 3.25585 10 u
0.776162 3.26163 10 u
0.774479 3.2674 10 u
0.772846 3.27314 10 u
0.771263 3.27887 10 u
0.769729 3.28457 10 u
0.768246 3.29026 10 u
0.766812 3.29593 10 u
0.765428 3.30158 10 u
0.764095 3.30721 10 u
0.762811 3.31283 10 u
0.761577 3.31842 10 u
0.760392 3.324 10 u
0.759258 3.32955 10 u
0.758174 3.33509 10 u
0.757139 3.34061 10 u
0.756155 3.34611 10 u
0.75522 3.35159 10 u
0.754335 3.35706 10 u
0.7535 3.3625 10 u
0.752715 3.36796 10 u
0.75198 3.37348 10 u
0.751295 3.37906 10 u
0.750661 3.38469 10 u
0.750076 3.39038 10 u
0.749541 3.39612 10 u
0.749057 3.40192 10 u
0.748623 3.40778 10 u
0.748238 3.41369 10 u
0.747904 3.41966 10 u
0.74762 3.42569 10 u
0.747386 3.43177 10 u
0.747202 3.4379 10 u
0.747068 3.4441 10 u
0.746984 3.45035 10 u
0.746951 3.45666 10 u
0.746967 3.46302 10 u
0.747033 3.46944 10 u
0.74715 3.47591 10 u
0.747316 3.48244 10 u
0.747533 3.48903 10 u
0.7478 3.49567 10 u
0.748117 3.50237 10 u
0.748484 3.50913 10 u
0.748901 3.51594 10 u
0.749368 3.52281 10 u
0.749885 3.52973 10 u
0.750452 3.53672 10 u
0.75107 3.54375 10 u
0.751737 3.55085 10 u
0.752455 3.558 10 u
0.753222 3.5652 10 u
0.75404 3.57246 10 u
0.754908 3.57978 10 u
0.755826 3.58716 10 u
0.756793 3.59459 10 u
0.757811 3.60207 10 u
0.75888 3.60962 10 u
0.759998 3.61721 10 u
0.761166 3.62487 10 u

0.825813 3.1301 9 v
0.819986 3.12923 9 v
0.814158 3.12835 9 v
0.808331 3.12748 9 v
0.802504 3.1266 9 v
0.796676 3.12573 9 v
0.790849 3.12486 9 v
0.785022 3.12398 9 v
0.779195 3.12311 9 v
0.773367 3.12223 9 v
0.76754 3.12136 9 v
0.761713 3.12049 9 v
0.755885 3.11961 9 v
0.750058 3.11874 9 v
0.744231 3.11786 9 v
0.738403 3.11699 9 v
0.732576 3.11612 9 v
0.726749 3.11524 9 v
0.720922 3.11437 9 v
0.715094 3.11349 9 v
0.709267 3.11262 9 v
0.70344 3.11174 9 v
0.697612 3.11087 9 v
0.691785 3.11 9 v
0.685958 3.10912 9 v
0.68013 3.10825 9 v
0.674303 3.10737 9 v
0.668476 3.1065 9 v
0.662649 3.10563 9 v
0.656821 3.10475 9 v
0.650994 3.10388 9 v
0.645167 3.103 9 v
0.639339 3.10213 9 v
0.633512 3.10125 9 v
0.627685 3.10038 9 v
0.621857 3.09951 9 v
0.61603 3.09863 9 v
0.610203 3.09776 9 v
0.604376 3.09688 9 v
0.598548 3.09601 9 v
0.592721 3.09513 9 v
0.586894 3.09426 9 v
0.581066 3.09339 9 v
0.575239 3.09251 9 v
0.569412 3.09164 9 v
0.563584 3.09076 9 v
0.557757 3.08989 9 v
0.55193 3.08902 9 v
0.546103 3.08814 9 v
0.540275 3.08727 9 v
0.534448 3.08639 9 v
0.528621 3.08552 9 v
0.522793 3.08464 9 v
0.516966 3.08377 9 v
0.511139 3.0829 9 v
0.505311 3.08202 9 v
0.499484 3.08115 9 v
0.493657 3.08027 9 v
0.487829 3.0794 9 v
0.482002 3.07853 9 v
0.476175 3.07765 9 v
0.470347 3.07678 9 v
0.46452 3.0759 9 v
0.458693 3.07503 9 v
0.452865 3.07415 9 v
0.447038 3.07328 9 v
0.441211 3.07241 9 v
0.435383 3.07153 9 v
0.429556 3.07066 9 v
0.423729 3.06978 9 v
0.417901 3.06891 9 v
0.412074 3.06804 9 v
0.406247 3.06716 9 v
0.400419 3.06629 9 v
0.394592 3.06541 9 v
0.388765 3.06454 9 v
0.382937 3.06367 9 v
0.37711 3.06279 9 v
0.371283 3.06192 9 v
0.365455 3.06104 9 v
0.359628 3.06017 9 v

0.825813 3.1301 16 u
0.819986 3.12923 16 u
0.814158 3.12835 16 u
0.808331 3.12748 16 u
0.802504 3.1266 16 u
0.796676 3.12573 16 u
0.790849 3.12486 16 u
0.785022 3.12398 16 u
0.779195 3.12311 16 u
0.773367 3.12223 16 u
0.76754 3.12136 16 u
0.761713 3.12049 16 u
0.755885 3.11961 16 u
0.750058 3.11874 16 u
0.744231 3.11786 16 u
0.738403 3.11699 16 u
0.732576 3.11612 16 u
0.726749 3.11524 16 u
0.720922 3.11437 16 u
0.715094 3.11349 16 u
0.709267 3.11262 16 u
0.70344 3.11174 16 u
0.697612 3.11087 16 u
0.691785 3.11 16 u
0.685958 3.10912 16 u
0.68013 3.10825 16 u
0.674303 3.10737 16 u
0.668476 3.1065 16 u
0.662649 3.10563 16 u
0.656821 3.10475 16 u
0.650994 3.10388 16 u
0.645167 3.103 16 u
0.639339 3.10213 16 u
0.633512 3.10125 16 u
0.627685 3.10038 16 u
0.621857 3.09951 16 u
0.61603 3.09863 16 u
0.610203 3.09776 16 u
0.604376 3.09688 16 u
0.598548 3.09601 16 u
0.592721 3.09513 16 u
0.586894 3.09426 16 u
0.581066 3.09339 16 u
0.575239 3.09251 16 u
0.569412 3.09164 16 u
0.563584 3.09076 16 u
0.557757 3.08989 16 u
0.55193 3.08902 16 u
0.546103 3.08814 16 u
0.540275 3.08727 16 u
0.534448 3.08639 16 u
0.528621 3.08552 16 u
0.522793 3.08464 16 u
0.516966 3.08377 16 u
0.511139 3.0829 16 u
0.505311 3.08202 16 u
0.499484 3.08115 16 u
0.493657 3.08027 16 u
0.487829 3.0794 16 u
0.482002 3.07853 16 u
0.476175 3.07765 16 u
0.470347 3.07678 16 u
0.46452 3.0759 16 u
0.458693 3.07503 16 u
0.452865 3.07415 16 u
0.447038 3.07328 16 u
0.441211 3.07241 16 u
0.435383 3.07153 16 u
0.429556 3.07066 16 u
0.423729 3.06978 16 u
0.417901 3.06891 16 u
0.412074 3.06804 16 u
0.406247 3.06716 16 u
0.400419 3.06629 16 u
0.394592 3.06541 16 u
0.388765 3.06454 16 u
0.382937 3.06367 16 u
0.37711 3.06279 16 u
0.371283 3.06192 16 u
0.365455 3.06104 16 u
0.359628 3.06017 16 u

1.34528 3.27661 10 u
1.34478 3.28144 10 u
1.34427 3.28627 10 u
1.34377 3.2911 10 u
1.34326 3.29592 10 u
1.34276 3.30075 10 u
1.34225 3.30558 10 u
1.34175 3.31041 10 u
1.34124 3.31524 10 u
1.34074 3.32007 10 u
1.34023 3.32489 10 u
1.33973 3.32972 10 u
1.33923 3.33455 10 u
1.33872 3.33938 10 u
1.33822 3.34421 10 u
1.33771 3.34904 10 u
1.33721 3.35387 10 u
1.3367 3.35869 10 u
1.3362 3.36352 10 u
1.33569 3.36835 10 u
1.33519 3.37318 10 u
1.33468 3.37801 10 u
1.33418 3.38284 10 u
1.33367 3.38766 10 u
1.33317 3.39249 10 u
1.33267 3.39732 10 u
1.33216 3.40215 10 u
1.33166 3.40698 10 u
1.33115 3.41181 10 u
1.33065 3.41663 10 u
1.33014 3.42146 10 u
1.32964 3.42629 10 u
1.32913 3.43112 10 u
1.32863 3.43595 10 u
1.32812 3.44078 10 u
1.32762 3.4456 10 u
1.32711 3.45043 10 u
1.32661 3.45526 10 u
1.3261 3.46009 10 u
1.3256 3.46492 10 u
1.32509 3.46975 10 u
1.32459 3.47457 10 u
1.32409 3.4794 10 u
1.32358 3.48423 10 u
1.32308 3.48906 10 u
1.32257 3.49389 10 u
1.32207 3.49871 10 u
1.32156 3.50354 10 u
1.32106 3.50837 10 u
1.32055 3.5132 10 u
1.32005 3.51803 10 u
1.31954 3.52286 10 u
1.31904 3.52768 10 u
1.31853 3.53251 10 u
1.31803 3.53734 10 u
1.31752 3.54217 10 u
1.31702 3.547 10 u
1.31652 3.55183 10 u
1.31601 3.55665 10 u
1.31551 3.56148 10 u
1.315 3.56631 10 u
1.3145 3.57114 10 u
1.31399 3.57597 10 u
1.31349 3.5808 10 u
1.31298 3.58562 10 u
1.31248 3.59045 10 u
1.31197 3.59528 10 u
1.31147 3.60011 10 u
1.31096 3.60494 10 u
1.31046 3.60977 10 u
1.30996 3.6146 10 u
1.30945 3.61942 10 u
1.30895 3.62425 10 u
1.30844 3.62908 10 u
1.30794 3.63391 10 u
1.30743 3.63874 10 u
1.30693 3.64357 10 u
1.30642 3.64839 10 u
1.30592 3.65322 10 u
1.30541 3.65805 10 u
1.30491 3.66288 10 u

1.34528 3.27661 11 u
1.34478 3.28144 11 u
1.34427 3.28627 11 u
1.34377 3.2911 11 u
1.34326 3.29592 11 u
1.34276 3.30075 11 u
1.34225 3.30558 11 u
1.34175 3.31041 11 u
1.34124 3.31524 11 u
1.34074 3.32007 11 u
1.34023 3.32489 11 u
1.33973 3.32972 11 u
1.33923 3.33455 11 u
1.33872 3.33938 11 u
1.33822 3.34421 11 u
1.33771 3.34904 11 u
1.33721 3.35387 11 u
1.3367 3.35869 11 u
1.3362 3.36352 11 u
1.33569 3.36835 11 u
1.33519 3.37318 11 u
1.33468 3.37801 11 u
1.33418 3.38284 11 u
1.33367 3.38766 11 u
1.33317 3.39249 11 u
1.33267 3.39732 11 u
1.33216 3.40215 11 u
1.33166 3.40698 11 u
1.33115 3.41181 11 u
1.33065 3.41663 11 u
1.33014 3.42146 11 u
1.32964 3.42629 11 u
1.32913 3.43112 11 u
1.32863 3.43595 11 u
1.32812 3.44078 11 u
1.32762 3.4456 11 u
1.32711 3.45043 11 u
1.32661 3.45526 11 u
1.3261 3.46009 11 u
1.3256 3.46492 11 u
1.32509 3.46975 11 u
1.32459 3.47457 11 u
1.32409 3.4794 11 u
1.32358 3.48423 11 u
1.32308 3.48906 11 u
1.32257 3.49389 11 u
1.32207 3.49871 11 u
1.32156 3.50354 11 u
1.32106 3.50837 11 u
1.32055 3.5132 11 u
1.32005 3.51803 11 u
1.31954 3.52286 11 u
1.31904 3.52768 11 u
1.31853 3.53251 11 u
1.31803 3.53734 11 u
1.31752 3.54217 11 u
1.31702 3.547 11 u
1.31652 3.55183 11 u
1.31601 3.55665 11 u
1.31551 3.56148 11 u
1.315 3.56631 11 u
1.3145 3.57114 11 u
1.31399 3.57597 11 u
1.31349 3.5808 11 u
1.31298 3.58562 11 u
1.31248 3.59045 11 u
1.31197 3.59528 11 u
1.31147 3.60011 11 u
1.31096 3.60494 11 u
1.31046 3.60977 11 u
1.30996 3.6146 11 u
1.30945 3.61942 11 u
1.30895 3.62425 11 u
1.30844 3.62908 11 u
1.30794 3.63391 11 u
1.30743 3.63874 11 u
1.30693 3.64357 11 u
1.30642 3.64839 11 u
1.30592 3.65322 11 u
1.30541 3.65805 11 u
1.30491 3.66288 11 u

1.615 3.24664 11 u
1.61475 3.2514 11 u
1.61453 3.25615 11 u
1.61433 3.26087 11 u
1.61416 3.26557 11 u
1.61401 3.27025 11 u
1.61389 3.27491 11 u
1.61379 3.27955 11 u
1.61372 3.28417 11 u
1.61367 3.28877 11 u
1.61365 3.29335 11 u
1.61365 3.29791 11 u
1.61368 3.30245 11 u
1.61373 3.30697 11 u
1.6138 3.31147 11 u
1.61391 3.31595 11 u
1.61403 3.32041 11 u
1.61418 3.32484 11 u
1.61436 3.32926 11 u
1.61456 3.33366 11 u
1.61479 3.33803 11 u
1.61504 3.34239 11 u
1.61531 3.34673 11 u
1.61562 3.35104 11 u
1.61594 3.35534 11 u
1.61629 3.35961 11 u
1.61667 3.36387 11 u
1.61707 3.3681 11 u
1.6175 3.37232 11 u
1.61795 3.37651 11 u
1.61842 3.38068 11 u
1.61892 3.38484 11 u
1.61945 3.38897 11 u
1.62 3.39308 11 u
1.62057 3.39717 11 u
1.62117 3.40125 11 u
1.6218 3.4053 11 u
1.62245 3.40933 11 u
1.62312 3.41334 11 u
1.62382 3.41733 11 u
1.62455 3.4213 11 u
1.6253 3.42527 11 u
1.62608 3.42924 11 u
1.62688 3.43323 11 u
1.6277 3.43723 11 u
1.62855 3.44124 11 u
1.62943 3.44526 11 u
1.63033 3.44929 11 u
1.63125 3.45333 11 u
1.6322 3.45738 11 u
1.63318 3.46144 11 u
1.63418 3.46552 11 u
1.63521 3.4696 11 u
1.63626 3.4737 11 u
1.63733 3.47781 11 u
1.63843 3.48192 11 u
1.63956 3.48605 11 u
1.64071 3.49019 11 u
1.64189 3.49434 11 u
1.64309 3.49851 11 u
1.64432 3.50268 11 u
1.64557 3.50686 11 u
1.64684 3.51105 11 u
1.64814 3.51526 11 u
1.64947 3.51948 11 u
1.65082 3.5237 11 u
1.6522 3.52794 11 u
1.6536 3.53219 11 u
1.65503 3.53645 11 u
1.65648 3.54072 11 u
1.65796 3.545 11 u
1.65946 3.54929 11 u
1.66099 3.55359 11 u
1.66254 3.55791 11 u
1.66412 3.56223 11 u
1.66572 3.56657 11 u
1.66735 3.57092 11 u
1.669 3.57527 11 u
1.67068 3.57964 11 u
1.67238 3.58402 11 u
1.67411 3.58841 11 u

1.615 3.24664 12 u
1.61475 3.2514 12 u
1.61453 3.25615 12 u
1.61433 3.26087 12 u
1.61416 3.26557 12 u
1.61401 3.27025 12 u
1.61389 3.27491 12 u
1.61379 3.27955 12 u
1.61372 3.28417 12 u
1.61367 3.28877 12 u
1.61365 3.29335 12 u
1.61365 3.29791 12 u
1.61368 3.30245 12 u
1.61373 3.30697 12 u
1.6138 3.31147 12 u
1.61391 3.31595 12 u
1.61403 3.32041 12 u
1.61418 3.32484 12 u
1.61436 3.32926 12 u
1.61456 3.33366 12 u
1.61479 3.33803 12 u
1.61504 3.34239 12 u
1.61531 3.34673 12 u
1.61562 3.35104 12 u
1.61594 3.35534 12 u
1.61629 3.35961 12 u
1.61667 3.36387 12 u
1.61707 3.3681 12 u
1.6175 3.37232 12 u
1.61795 3.37651 12 u
1.61842 3.38068 12 u
1.61892 3.38484 12 u
1.61945 3.38897 12 u
1.62 3.39308 12 u
1.62057 3.39717 12 u
1.62117 3.40125 12 u
1.6218 3.4053 12 u
1.62245 3.40933 12 u
1.62312 3.41334 12 u
1.62382 3.41733 12 u
1.62455 3.4213 12 u
1.6253 3.42527 12 u
1.62608 3.42924 12 u
1.62688 3.43323 12 u
1.6277 3.43723 12 u
1.62855 3.44124 12 u
1.62943 3.44526 12 u
1.63033 3.44929 12 u
1.63125 3.45333 12 u
1.6322 3.45738 12 u
1.63318 3.46144 12 u
1.63418 3.46552 12 u
1.63521 3.4696 12 u
1.63626 3.4737 12 u
1.63733 3.47781 12 u
1.63843 3.48192 12 u
1.63956 3.48605 12 u
1.64071 3.49019 12 u
1.64189 3.49434 12 u
1.64309 3.49851 12 u
1.64432 3.50268 12 u
1.64557 3.50686 12 u
1.64684 3.51105 12 u
1.64814 3.51526 12 u
1.64947 3.51948 12 u
1.65082 3.5237 12 u
1.6522 3.52794 12 u
1.6536 3.53219 12 u
1.65503 3.53645 12 u
1.65648 3.54072 12 u
1.65796 3.545 12 u
1.65946 3.54929 12 u
1.66099 3.55359 12 u
1.66254 3.55791 12 u
1.66412 3.56223 12 u
1.66572 3.56657 12 u
1.66735 3.57092 12 u
1.669 3.57527 12 u
1.67068 3.57964 12 u
1.67238 3.58402 12 u
1.67411 3.58841 12 u

1.96131 3.17339 12 u
1.96359 3.1764 12 u
1.96582 3.17943 12 u
1.96802 3.18249 12 u
1.97019 3.18557 12 u
1.97231 3.18868 12 u
1.9744 3.19181 12 u
1.97645 3.19497 12 u
1.97847 3.19815 12 u
1.98044 3.20136 12 u
1.98238 3.20459 12 u
1.98428 3.20785 12 u
1.98614 3.21114 12 u
1.98797 3.21444 12 u
1.98976 3.21778 12 u
1.99151 3.22113 12 u
1.99322 3.22452 12 u
1.9949 3.22792 12 u
1.99654 3.23136 12 u
1.99814 3.23481 12 u
1.9997 3.2383 12 u
2.00123 3.24181 12 u
2.00272 3.24534 12 u
2.00417 3.2489 12 u
2.00558 3.25248 12 u
2.00696 3.25609 12 u
2.0083 3.25972 12 u
2.0096 3.26338 12 u
2.01086 3.26706 12 u
2.01209 3.27077 12 u
2.01328 3.2745 12 u
2.01443 3.27826 12 u
2.01554 3.28204 12 u
2.01662 3.28585 12 u
2.01766 3.28968 12 u
2.01866 3.29354 12 u
2.01962 3.29742 12 u
2.02055 3.30133 12 u
2.02144 3.30526 12 u
2.02229 3.30922 12 u
2.0231 3.3132 12 u
2.02388 3.31721 12 u
2.02462 3.32124 12 u
2.02532 3.3253 12 u
2.02598 3.32938 12 u
2.02661 3.33349 12 u
2.0272 3.33762 12 u
2.02775 3.34178 12 u
2.02826 3.34596 12 u
2.02874 3.35017 12 u
2.02918 3.3544 12 u
2.02958 3.35866 12 u
2.02994 3.36294 12 u
2.03027 3.36725 12 u
2.03056 3.37158 12 u
2.03081 3.37594 12 u
2.03103 3.38032 12 u
2.03121 3.38473 12 u
2.03135 3.38917 12 u
2.03145 3.39362 12 u
2.03151 3.39811 12 u
2.03154 3.40262 12 u
2.03153 3.40715 12 u
2.03148 3.41171 12 u
2.0314 3.41629 12 u
2.03128 3.4209 12 u
2.03112 3.42553 12 u
2.03092 3.43019 12 u
2.03068 3.43487 12 u
2.03041 3.43958 12 u
2.0301 3.44432 12 u
2.02976 3.44908 12 u
2.02937 3.45386 12 u
2.02895 3.45867 12 u
2.02849 3.4635 12 u
2.02799 3.46836 12 u
2.02746 3.47324 12 u
2.02689 3.47815 12 u
2.02628 3.48309 12 u
2.02563 3.48805 12 u
2.02495 3.49303 12 u

1.96131 3.17339 13 u
1.96359 3.1764 13 u
1.96582 3.17943 13 u
1.96802 3.18249 13 u
1.97019 3.18557 13 u
1.97231 3.18868 13 u
1.9744 3.19181 13 u
1.97645 3.19497 13 u
1.97847 3.19815 13 u
1.98044 3.20136 13 u
1.98238 3.20459 13 u
1.98428 3.20785 13 u
1.98614 3.21114 13 u
1.98797 3.21444 13 u
1.98976 3.21778 13 u
1.99151 3.22113 13 u
1.99322 3.22452 13 u
1.9949 3.22792 13 u
1.99654 3.23136 13 u
1.99814 3.23481 13 u
1.9997 3.2383 13 u
2.00123 3.24181 13 u
2.00272 3.24534 13 u
2.00417 3.2489 13 u
2.00558 3.25248 13 u
2.00696 3.25609 13 u
2.0083 3.25972 13 u
2.0096 3.26338 13 u
2.01086 3.26706 13 u
2.01209 3.27077 13 u
2.01328 3.2745 13 u
2.01443 3.27826 13 u
2.01554 3.28204 13 u
2.01662 3.28585 13 u
2.01766 3.28968 13 u
2.01866 3.29354 13 u
2.01962 3.29742 13 u
2.02055 3.30133 13 u
2.02144 3.30526 13 u
2.02229 3.30922 13 u
2.0231 3.3132 13 u
2.02388 3.31721 13 u
2.02462 3.32124 13 u
2.02532 3.3253 13 u
2.02598 3.32938 13 u
2.02661 3.33349 13 u
2.0272 3.33762 13 u
2.02775 3.34178 13 u
2.02826 3.34596 13 u
2.02874 3.35017 13 u
2.02918 3.3544 13 u
2.02958 3.35866 13 u
2.02994 3.36294 13 u
2.03027 3.36725 13 u
2.03056 3.37158 13 u
2.03081 3.37594 13 u
2.03103 3.38032 13 u
2.03121 3.38473 13 u
2.03135 3.38917 13 u
2.03145 3.39362 13 u
2.03151 3.39811 13 u
2.03154 3.40262 13 u
2.03153 3.40715 13 u
2.03148 3.41171 13 u
2.0314 3.41629 13 u
2.03128 3.4209 13 u
2.03112 3.42553 13 u
2.03092 3.43019 13 u
2.03068 3.43487 13 u
2.03041 3.43958 13 u
2.0301 3.44432 13 u
2.02976 3.44908 13 u
2.02937 3.45386 13 u
2.02895 3.45867 13 u
2.02849 3.4635 13 u
2.02799 3.46836 13 u
2.02746 3.47324 13 u
2.02689 3.47815 13 u
2.02628 3.48309 13 u
2.02563 3.48805 13 u
2.02495 3.49303 13 u

2.22437 3.08681 13 u
2.22449 3.09004 13 u
2.22464 3.09324 13 u
2.22483 3.09642 13 u
2.22506 3.09957 13 u
2.22532 3.10269 13 u
2.22563 3.1058 13 u
2.22597 3.10887 13 u
2.22634 3.11192 13 u
2.22676 3.11495 13 u
2.22721 3.11795 13 u
2.22771 3.12093 13 u
2.22823 3.12388 13 u
2.2288 3.12681 13 u
2.2294 3.12971 13 u
2.23005 3.13258 13 u
2.23073 3.13544 13 u
2.23144 3.13826 13 u
2.2322 3.14106 13 u
2.23299 3.14384 13 u
2.23382 3.14659 13 u
2.23468 3.14932 13 u
2.23559 3.15202 13 u
2.23653 3.15469 13 u
2.23751 3.15734 13 u
2.23853 3.15997 13 u
2.23958 3.16257 13 u
2.24068 3.16515 13 u
2.24181 3.1677 13 u
2.24297 3.17022 13 u
2.24418 3.17272 13 u
2.24542 3.1752 13 u
2.2467 3.17765 13 u
2.24802 3.18007 13 u
2.24938 3.18247 13 u
2.25077 3.18485 13 u
2.2522 3.1872 13 u
2.25367 3.18952 13 u
2.25518 3.19182 13 u
2.25672 3.1941 13 u
2.2583 3.19635 13 u
2.25992 3.1986 13 u
2.26157 3.20087 13 u
2.26327 3.20317 13 u
2.265 3.2055 13 u
2.26677 3.20785 13 u
2.26857 3.21022 13 u
2.27042 3.21262 13 u
2.2723 3.21505 13 u
2.27422 3.2175 13 u
2.27617 3.21997 13 u
2.27816 3.22247 13 u
2.28019 3.225 13 u
2.28226 3.22755 13 u
2.28437 3.23012 13 u
2.28651 3.23272 13 u
2.28869 3.23535 13 u
2.29091 3.238 13 u
2.29316 3.24067 13 u
2.29545 3.24337 13 u
2.29778 3.2461 13 u
2.30015 3.24885 13 u
2.30255 3.25162 13 u
2.305 3.25442 13 u
2.30747 3.25725 13 u
2.30999 3.2601 13 u
2.31255 3.26297 13 u
2.31514 3.26587 13 u
2.31777 3.2688 13 u
2.32043 3.27174 13 u
2.32314 3.27472 13 u
2.32588 3.27772 13 u
2.32866 3.28074 13 u
2.33147 3.28379 13 u
2.33432 3.28687 13 u
2.33722 3.28997 13 u
2.34014 3.29309 13 u
2.34311 3.29624 13 u
2.34611 3.29942 13 u
2.34915 3.30262 13 u
2.35223 3.30584 13 u

2.22437 3.08681 14 u
2.22449 3.09004 14 u
2.22464 3.09324 14 u
2.22483 3.09642 14 u
2.22506 3.09957 14 u
2.22532 3.10269 14 u
2.22563 3.1058 14 u
2.22597 3.10887 14 u
2.22634 3.11192 14 u
2.22676 3.11495 14 u
2.22721 3.11795 14 u
2.22771 3.12093 14 u
2.22823 3.12388 14 u
2.2288 3.12681 14 u
2.2294 3.12971 14 u
2.23005 3.13258 14 u
2.23073 3.13544 14 u
2.23144 3.13826 14 u
2.2322 3.14106 14 u
2.23299 3.14384 14 u
2.23382 3.14659 14 u
2.23468 3.14932 14 u
2.23559 3.15202 14 u
2.23653 3.15469 14 u
2.23751 3.15734 14 u
2.23853 3.15997 14 u
2.23958 3.16257 14 u
2.24068 3.16515 14 u
2.24181 3.1677 14 u
2.24297 3.17022 14 u
2.24418 3.17272 14 u
2.24542 3.1752 14 u
2.2467 3.17765 14 u
2.24802 3.18007 14 u
2.24938 3.18247 14 u
2.25077 3.18485 14 u
2.2522 3.1872 14 u
2.25367 3.18952 14 u
2.25518 3.19182 14 u
2.25672 3.1941 14 u
2.2583 3.19635 14 u
2.25992 3.1986 14 u
2.26157 3.20087 14 u
2.26327 3.20317 14 u
2.265 3.2055 14 u
2.26677 3.20785 14 u
2.26857 3.21022 14 u
2.27042 3.21262 14 u
2.2723 3.21505 14 u
2.27422 3.2175 14 u
2.27617 3.21997 14 u
2.27816 3.22247 14 u
2.28019 3.225 14 u
2.28226 3.22755 14 u
2.28437 3.23012 14 u
2.28651 3.23272 14 u
2.28869 3.23535 14 u
2.29091 3.238 14 u
2.29316 3.24067 14 u
2.29545 3.24337 14 u
2.29778 3.2461 14 u
2.30015 3.24885 14 u
2.30255 3.25162 14 u
2.305 3.25442 14 u
2.30747 3.25725 14 u
2.30999 3.2601 14 u
2.31255 3.26297 14 u
2.31514 3.26587 14 u
2.31777 3.2688 14 u
2.32043 3.27174 14 u
2.32314 3.27472 14 u
2.32588 3.27772 14 u
2.32866 3.28074 14 u
2.33147 3.28379 14 u
2.33432 3.28687 14 u
2.33722 3.28997 14 u
2.34014 3.29309 14 u
2.34311 3.29624 14 u
2.34611 3.29942 14 u
2.34915 3.30262 14 u
2.35223 3.30584 14 u

2.52406 2.89368 14 u
2.52678 2.89731 14 u
2.52946 2.90096 14 u
2.5321 2.90463 14 u
2.53471 2.90831 14 u
2.53728 2.91202 14 u
2.53981 2.91574 14 u
2.5423 2.91949 14 u
2.54476 2.92325 14 u
2.54717 2.92703 14 u
2.54956 2.93083 14 u
2.5519 2.93465 14 u
2.5542 2.93848 14 u
2.55647 2.94234 14 u
2.5587 2.94622 14 u
2.5609 2.95011 14 u
2.56305 2.95402 14 u
2.56517 2.95795 14 u
2.56725 2.9619 14 u
2.5693 2.96587 14 u
2.5713 2.96986 14 u
2.57327 2.97386 14 u
2.5752 2.97789 14 u
2.5771 2.98193 14 u
2.57895 2.98599 14 u
2.58077 2.99008 14 u
2.58255 2.99418 14 u
2.58429 2.9983 14 u
2.586 3.00243 14 u
2.58767 3.00659 14 u
2.5893 3.01076 14 u
2.59089 3.01496 14 u
2.59245 3.01917 14 u
2.59397 3.0234 14 u
2.59545 3.02765 14 u
2.59689 3.03192 14 u
2.5983 3.03621 14 u
2.59967 3.04052 14 u
2.601 3.04484 14 u
2.60229 3.04919 14 u
2.60355 3.05355 14 u
2.60477 3.05792 14 u
2.60595 3.06228 14 u
2.60709 3.06664 14 u
2.6082 3.07099 14 u
2.60927 3.07533 14 u
2.6103 3.07967 14 u
2.61129 3.084 14 u
2.61225 3.08833 14 u
2.61317 3.09265 14 u
2.61405 3.09696 14 u
2.61489 3.10127 14 u
2.6157 3.10557 14 u
2.61646 3.10986 14 u
2.6172 3.11415 14 u
2.61789 3.11843 14 u
2.61854 3.12271 14 u
2.61916 3.12698 14 u
2.61974 3.13124 14 u
2.62028 3.13549 14 u
2.62079 3.13974 14 u
2.62126 3.14399 14 u
2.62169 3.14823 14 u
2.62208 3.15246 14 u
2.62244 3.15668 14 u
2.62275 3.1609 14 u
2.62303 3.16511 14 u
2.62328 3.16932 14 u
2.62348 3.17352 14 u
2.62365 3.17771 14 u
2.62378 3.1819 14 u
2.62387 3.18608 14 u
2.62392 3.19026 14 u
2.62394 3.19443 14 u
2.62392 3.19859 14 u
2.62386 3.20274 14 u
2.62377 3.20689 14 u
2.62363 3.21104 14 u
2.62346 3.21517 14 u
2.62326 3.21931 14 u
2.62301 3.22343 14 u

2.52406 2.89368 15 u
2.52678 2.89731 15 u
2.52946 2.90096 15 u
2.5321 2.90463 15 u
2.53471 2.90831 15 u
2.53728 2.91202 15 u
2.53981 2.91574 15 u
2.5423 2.91949 15 u
2.54476 2.92325 15 u
2.54717 2.92703 15 u
2.54956 2.93083 15 u
2.5519 2.93465 15 u
2.5542 2.93848 15 u
2.55647 2.94234 15 u
2.5587 2.94622 15 u
2.5609 2.95011 15 u
2.56305 2.95402 15 u
2.56517 2.95795 15 u
2.56725 2.9619 15 u
2.5693 2.96587 15 u
2.5713 2.96986 15 u
2.57327 2.97386 15 u
2.5752 2.97789 15 u
2.5771 2.98193 15 u
2.57895 2.98599 15 u
2.58077 2.99008 15 u
2.58255 2.99418 15 u
2.58429 2.9983 15 u
2.586 3.00243 15 u
2.58767 3.00659 15 u
2.5893 3.01076 15 u
2.59089 3.01496 15 u
2.59245 3.01917 15 u
2.59397 3.0234 15 u
2.59545 3.02765 15 u
2.59689 3.03192 15 u
2.5983 3.03621 15 u
2.59967 3.04052 15 u
2.601 3.04484 15 u
2.60229 3.04919 15 u
2.60355 3.05355 15 u
2.60477 3.05792 15 u
2.60595 3.06228 15 u
2.60709 3.06664 15 u
2.6082 3.07099 15 u
2.60927 3.07533 15 u
2.6103 3.07967 15 u
2.61129 3.084 15 u
2.61225 3.08833 15 u
2.61317 3.09265 15 u
2.61405 3.09696 15 u
2.61489 3.10127 15 u
2.6157 3.10557 15 u
2.61646 3.10986 15 u
2.6172 3.11415 15 u
2.61789 3.11843 15 u
2.61854 3.12271 15 u
2.61916 3.12698 15 u
2.61974 3.13124 15 u
2.62028 3.13549 15 u
2.62079 3.13974 15 u
2.62126 3.14399 15 u
2.62169 3.14823 15 u
2.62208 3.15246 15 u
2.62244 3.15668 15 u
2.62275 3.1609 15 u
2.62303 3.16511 15 u
2.62328 3.16932 15 u
2.62348 3.17352 15 u
2.62365 3.17771 15 u
2.62378 3.1819 15 u
2.62387 3.18608 15 u
2.62392 3.19026 15 u
2.62394 3.19443 15 u
2.62392 3.19859 15 u
2.62386 3.20274 15 u
2.62377 3.20689 15 u
2.62363 3.21104 15 u
2.62346 3.21517 15 u
2.62326 3.21931 15 u
2.62301 3.22343 15 u

2.52406 2.89368 15 v
2.53076 2.89202 15 v
2.53746 2.89035 15 v
2.54416 2.88869 15 v
2.55087 2.88702 15 v
2.55757 2.88536 15 v
2.56427 2.88369 15 v
2.57097 2.88203 15 v
2.57767 2.88036 15 v
2.58437 2.8787 15 v
2.59107 2.87703 15 v
2.59778 2.87537 15 v
2.60448 2.8737 15 v
2.61118 2.87204 15 v
2.61788 2.87037 15 v
2.62458 2.86871 15 v
2.63128 2.86704 15 v
2.63798 2.86538 15 v
2.64469 2.86371 15 v
2.65139 2.86205 15 v
2.65809 2.86038 15 v
2.66479 2.85871 15 v
2.67149 2.85705 15 v
2.67819 2.85538 15 v
2.68489 2.85372 15 v
2.6916 2.85205 15 v
2.6983 2.85039 15 v
2.705 2.84872 15 v
2.7117 2.84706 15 v
2.7184 2.84539 15 v
2.7251 2.84373 15 v
2.7318 2.84206 15 v
2.7385 2.8404 15 v
2.74521 2.83873 15 v
2.75191 2.83707 15 v
2.75861 2.8354 15 v
2.76531 2.83374 15 v
2.77201 2.83207 15 v
2.77871 2.83041 15 v
2.78541 2.82874 15 v
2.79211 2.82708 15 v
2.79882 2.82541 15 v
2.80552 2.82375 15 v
2.81222 2.82208 15 v
2.81892 2.82042 15 v
2.82562 2.81876 15 v
2.83232 2.81709 15 v
2.83902 2.81543 15 v
2.84573 2.81376 15 v
2.85243 2.8121 15 v
2.85913 2.81043 15 v
2.86583 2.80877 15 v
2.87253 2.8071 15 v
2.87923 2.80544 15 v
2.88593 2.80377 15 v
2.89263 2.80211 15 v
2.89934 2.80044 15 v
2.90604 2.79878 15 v
2.91274 2.79711 15 v
2.91944 2.79545 15 v
2.92614 2.79378 15 v
2.93284 2.79212 15 v
2.93954 2.79045 15 v
2.94625 2.78878 15 v
2.95295 2.78712 15 v
2.95965 2.78545 15 v
2.96635 2.78379 15 v
2.97305 2.78212 15 v
2.97975 2.78046 15 v
2.98645 2.77879 15 v
2.99316 2.77713 15 v
2.99986 2.77546 15 v
3.00656 2.7738 15 v
3.01326 2.77213 15 v
3.01996 2.77047 15 v
3.02666 2.7688 15 v
3.03336 2.76714 15 v
3.04007 2.76547 15 v
3.04677 2.76381 15 v
3.05347 2.76214 15 v
3.06017 2.76048 15 v

2.52406 2.89368 20 u
2.53076 2.89202 20 u
2.53746 2.89035 20 u
2.54416 2.88869 20 u
2.55087 2.88702 20 u
2.55757 2.88536 20 u
2.56427 2.88369 20 u
2.57097 2.88203 20 u
2.57767 2.88036 20 u
2.58437 2.8787 20 u
2.59107 2.87703 20 u
2.59778 2.87537 20 u
2.60448 2.8737 20 u
2.61118 2.87204 20 u
2.61788 2.87037 20 u
2.62458 2.86871 20 u
2.63128 2.86704 20 u
2.63798 2.86538 20 u
2.64469 2.86371 20 u
2.65139 2.86205 20 u
2.65809 2.86038 20 u
2.66479 2.85871 20 u
2.67149 2.85705 20 u
2.67819 2.85538 20 u
2.68489 2.85372 20 u
2.6916 2.85205 20 u
2.6983 2.85039 20 u
2.705 2.84872 20 u
2.7117 2.84706 20 u
2.7184 2.84539 20 u
2.7251 2.84373 20 u
2.7318 2.84206 20 u
2.7385 2.8404 20 u
2.74521 2.83873 20 u
2.75191 2.83707 20 u
2.75861 2.8354 20 u
2.76531 2.83374 20 u
2.77201 2.83207 20 u
2.77871 2.83041 20 u
2.78541 2.82874 20 u
2.79211 2.82708 20 u
2.79882 2.82541 20 u
2.80552 2.82375 20 u
2.81222 2.82208 20 u
2.81892 2.82042 20 u
2.82562 2.81876 20 u
2.83232 2.81709 20 u
2.83902 2.81543 20 u
2.84573 2.81376 20 u
2.85243 2.8121 20 u
2.85913 2.81043 20 u
2.86583 2.80877 20 u
2.87253 2.8071 20 u
2.87923 2.80544 20 u
2.88593 2.80377 20 u
2.89263 2.80211 20 u
2.89934 2.80044 20 u
2.90604 2.79878 20 u
2.91274 2.79711 20 u
2.91944 2.79545 20 u
2.92614 2.79378 20 u
2.93284 2.79212 20 u
2.93954 2.79045 20 u
2.94625 2.78878 20 u
2.95295 2.78712 20 u
2.95965 2.78545 20 u
2.96635 2.78379 20 u
2.97305 2.78212 20 u
2.97975 2.78046 20 u
2.98645 2.77879 20 u
2.99316 2.77713 20 u
2.99986 2.77546 20 u
3.00656 2.7738 20 u
3.01326 2.77213 20 u
3.01996 2.77047 20 u
3.02666 2.7688 20 u
3.03336 2.76714 20 u
3.04007 2.76547 20 u
3.04677 2.76381 20 u
3.05347 2.76214 20 u
3.06017 2.76048 20 u

1.4485 1.94799 16 u
1.44022 1.94545 16 u
1.43193 1.94291 16 u
1.42365 1.94037 16 u
1.41537 1.93783 16 u
1.40708 1.93529 16 u
1.3988 1.93276 16 u
1.39052 1.93022 16 u
1.38224 1.92768 16 u
1.37395 1.92514 16 u
1.36567 1.9226 16 u
1.35739 1.92006 16 u
1.3491 1.91752 16 u
1.34082 1.91498 16 u
1.33254 1.91244 16 u
1.32425 1.9099 16 u
1.31597 1.90737 16 u
1.30769 1.90483 16 u
1.29941 1.90229 16 u
1.29112 1.89975 16 u
1.28284 1.89721 16 u
1.27456 1.89467 16 u
1.26627 1.89213 16 u
1.25799 1.88959 16 u
1.24971 1.88705 16 u
1.24142 1.88451 16 u
1.23314 1.88197 16 u
1.22486 1.87943 16 u
1.21658 1.8769 16 u
1.20829 1.87436 16 u
1.20001 1.87182 16 u
1.19173 1.86928 16 u
1.18344 1.86674 16 u
1.17516 1.8642 16 u
1.16688 1.86166 16 u
1.15859 1.85912 16 u
1.15031 1.85658 16 u
1.14203 1.85404 16 u
1.13374 1.8515 16 u
1.12546 1.84896 16 u
1.11718 1.84642 16 u
1.1089 1.84389 16 u
1.10061 1.84135 16 u
1.09233 1.83881 16 u
1.08405 1.83627 16 u
1.07576 1.83373 16 u
1.06748 1.83119 16 u
1.0592 1.82865 16 u
1.05091 1.82611 16 u
1.04263 1.82357 16 u
1.03435 1.82103 16 u
1.02606 1.81849 16 u
1.01778 1.81595 16 u
1.0095 1.81342 16 u
1.00122 1.81088 16 u
0.992932 1.80834 16 u
0.984649 1.8058 16 u
0.976366 1.80326 16 u
0.968083 1.80072 16 u
0.9598 1.79818 16 u
0.951517 1.79564 16 u
0.943234 1.7931 16 u
0.93495 1.79056 16 u
0.926667 1.78802 16 u
0.918384 1.78548 16 u
0.910101 1.78295 16 u
0.901818 1.78041 16 u
0.893535 1.77787 16 u
0.885252 1.77533 16 u
0.876969 1.77279 16 u
0.868685 1.77025 16 u
0.860402 1.76771 16 u
0.852119 1.76517 16 u
0.843836 1.76263 16 u
0.835553 1.76009 16 u
0.82727 1.75756 16 u
0.818987 1.75502 16 u
0.810703 1.75248 16 u
0.80242 1.74994 16 u
0.794137 1.7474 16 u
0.785854 1.74486 16 u

1.4485 1.94799 17 u
1.44022 1.94545 17 u
1.43193 1.94291 17 u
1.42365 1.94037 17 u
1.41537 1.93783 17 u
1.40708 1.93529 17 u
1.3988 1.93276 17 u
1.39052 1.93022 17 u
1.38224 1.92768 17 u
1.37395 1.92514 17 u
1.36567 1.9226 17 u
1.35739 1.92006 17 u
1.3491 1.91752 17 u
1.34082 1.91498 17 u
1.33254 1.91244 17 u
1.32425 1.9099 17 u
1.31597 1.90737 17 u
1.30769 1.90483 17 u
1.29941 1.90229 17 u
1.29112 1.89975 17 u
1.28284 1.89721 17 u
1.27456 1.89467 17 u
1.26627 1.89213 17 u
1.25799 1.88959 17 u
1.24971 1.88705 17 u
1.24142 1.88451 17 u
1.23314 1.88197 17 u
1.22486 1.87943 17 u
1.21658 1.8769 17 u
1.20829 1.87436 17 u
1.20001 1.87182 17 u
1.19173 1.86928 17 u
1.18344 1.86674 17 u
1.17516 1.8642 17 u
1.16688 1.86166 17 u
1.15859 1.85912 17 u
1.15031 1.85658 17 u
1.14203 1.85404 17 u
1.13374 1.8515 17 u
1.12546 1.84896 17 u
1.11718 1.84642 17 u
1.1089 1.84389 17 u
1.10061 1.84135 17 u
1.09233 1.83881 17 u
1.08405 1.83627 17 u
1.07576 1.83373 17 u
1.06748 1.83119 17 u
1.0592 1.82865 17 u
1.05091 1.82611 17 u
1.04263 1.82357 17 u
1.03435 1.82103 17 u
1.02606 1.81849 17 u
1.01778 1.81595 17 u
1.0095 1.81342 17 u
1.00122 1.81088 17 u
0.992932 1.80834 17 u
0.984649 1.8058 17 u
0.976366 1.80326 17 u
0.968083 1.80072 17 u
0.9598 1.79818 17 u
0.951517 1.79564 17 u
0.943234 1.7931 17 u
0.93495 1.79056 17 u
0.926667 1.78802 17 u
0.918384 1.78548 17 u
0.910101 1.78295 17 u
0.901818 1.78041 17 u
0.893535 1.77787 17 u
0.885252 1.77533 17 u
0.876969 1.77279 17 u
0.868685 1.77025 17 u
0.860402 1.76771 17 u
0.852119 1.76517 17 u
0.843836 1.76263 17 u
0.835553 1.76009 17 u
0.82727 1.75756 17 u
0.818987 1.75502 17 u
0.810703 1.75248 17 u
0.80242 1.74994 17 u
0.794137 1.7474 17 u
0.785854 1.74486 17 u

1.43185 0.829143 17 u
1.42719 0.825438 17 u
1.42253 0.821734 17 u
1.41787 0.818029 17 u
1.4132 0.814325 17 u
1.40854 0.81062 17 u
1.40388 0.806916 17 u
1.39922 0.803212 17 u
1.39456 0.799507 17 u
1.3899 0.795803 17 u
1.38523 0.792098 17 u
1.38057 0.788394 17 u
1.37591 0.784689 17 u
1.37125 0.780985 17 u
1.36659 0.77728 17 u
1.36193 0.773576 17 u
1.35726 0.769871 17 u
1.3526 0.766167 17 u
1.34794 0.762462 17 u
1.34328 0.758758 17 u
1.33862 0.755053 17 u
1.33396 0.751349 17 u
1.32929 0.747644 17 u
1.32463 0.74394 17 u
1.31997 0.740235 17 u
1.31531 0.736531 17 u
1.31065 0.732826 17 u
1.30598 0.729122 17 u
1.30132 0.725417 17 u
1.29666 0.721713 17 u
1.292 0.718008 17 u
1.28734 0.714303 17 u
1.28268 0.710599 17 u
1.27801 0.706894 17 u
1.27335 0.70319 17 u
1.26869 0.699485 17 u
1.26403 0.695781 17 u
1.25937 0.692076 17 u
1.2547 0.688372 17 u
1.25004 0.684667 17 u
1.24538 0.680963 17 u
1.24072 0.677258 17 u
1.23606 0.673554 17 u
1.23139 0.669849 17 u
1.22673 0.666145 17 u
1.22207 0.66244 17 u
1.21741 0.658736 17 u
1.21275 0.655031 17 u
1.20808 0.651327 17 u
1.20342 0.647622 17 u
1.19876 0.643918 17 u
1.1941 0.640213 17 u
1.18944 0.636509 17 u
1.18478 0.632804 17 u
1.18011 0.6291 17 u
1.17545 0.625395 17 u
1.17079 0.621691 17 u
1.16613 0.617986 17 u
1.16147 0.614282 17 u
1.1568 0.610577 17 u
1.15214 0.606873 17 u
1.14748 0.603168 17 u
1.14282 0.599464 17 u
1.13816 0.595759 17 u
1.1335 0.592055 17 u
1.12883 0.58835 17 u
1.12417 0.584646 17 u
1.11951 0.580941 17 u
1.11485 0.577237 17 u
1.11019 0.573532 17 u
1.10553 0.569828 17 u
1.10086 0.566123 17 u
1.0962 0.562419 17 u
1.09154 0.558714 17 u
1.08688 0.55501 17 u
1.08222 0.551306 17 u
1.07756 0.547601 17 u
1.07289 0.543897 17 u
1.06823 0.540192 17 u
1.06357 0.536488 17 u
1.05891 0.532783 17 u

1.43185 0.829143 18 u
1.42719 0.825438 18 u
1.42253 0.821734 18 u
1.41787 0.818029 18 u
1.4132 0.814325 18 u
1.40854 0.81062 18 u
1.40388 0.806916 18 u
1.39922 0.803212 18 u
1.39456 0.799507 18 u
1.3899 0.795803 18 u
1.38523 0.792098 18 u
1.38057 0.788394 18 u
1.37591 0.784689 18 u
1.37125 0.780985 18 u
1.36659 0.77728 18 u
1.36193 0.773576 18 u
1.35726 0.769871 18 u
1.3526 0.766167 18 u
1.34794 0.762462 18 u
1.34328 0.758758 18 u
1.33862 0.755053 18 u
1.33396 0.751349 18 u
1.32929 0.747644 18 u
1.32463 0.74394 18 u
1.31997 0.740235 18 u
1.31531 0.736531 18 u
1.31065 0.732826 18 u
1.30598 0.729122 18 u
1.30132 0.725417 18 u
1.29666 0.721713 18 u
1.292 0.718008 18 u
1.28734 0.714303 18 u
1.28268 0.710599 18 u
1.27801 0.706894 18 u
1.27335 0.70319 18 u
1.26869 0.699485 18 u
1.26403 0.695781 18 u
1.25937 0.692076 18 u
1.2547 0.688372 18 u
1.25004 0.684667 18 u
1.24538 0.680963 18 u
1.24072 0.677258 18 u
1.23606 0.673554 18 u
1.23139 0.669849 18 u
1.22673 0.666145 18 u
1.22207 0.66244 18 u
1.21741 0.658736 18 u
1.21275 0.655031 18 u
1.20808 0.651327 18 u
1.20342 0.647622 18 u
1.19876 0.643918 18 u
1.1941 0.640213 18 u
1.18944 0.636509 18 u
1.18478 0.632804 18 u
1.18011 0.6291 18 u
1.17545 0.625395 18 u
1.17079 0.621691 18 u
1.16613 0.617986 18 u
1.16147 0.614282 18 u
1.1568 0.610577 18 u
1.15214 0.606873 18 u
1.14748 0.603168 18 u
1.14282 0.599464 18 u
1.13816 0.595759 18 u
1.1335 0.592055 18 u
1.12883 0.58835 18 u
1.12417 0.584646 18 u
1.11951 0.580941 18 u
1.11485 0.577237 18 u
1.11019 0.573532 18 u
1.10553 0.569828 18 u
1.10086 0.566123 18 u
1.0962 0.562419 18 u
1.09154 0.558714 18 u
1.08688 0.55501 18 u
1.08222 0.551306 18 u
1.07756 0.547601 18 u
1.07289 0.543897 18 u
1.06823 0.540192 18 u
1.06357 0.536488 18 u
1.05891 0.532783 18 u

2.25101 0.862442 18 u
2.25655 0.857447 18 u
2.26208 0.852452 18 u
2.26762 0.847457 18 u
2.27315 0.842463 18 u
2.27869 0.837468 18 u
2.28423 0.832473 18 u
2.28976 0.827478 18 u
2.2953 0.822483 18 u
2.30083 0.817488 18 u
2.30637 0.812494 18 u
2.31191 0.807499 18 u
2.31744 0.802504 18 u
2.32298 0.797509 18 u
2.32851 0.792514 18 u
2.33405 0.787519 18 u
2.33959 0.782524 18 u
2.34512 0.77753 18 u
2.35066 0.772535 18 u
2.35619 0.76754 18 u
2.36173 0.762545 18 u
2.36726 0.75755 18 u
2.3728 0.752555 18 u
2.37834 0.747561 18 u
2.38387 0.742566 18 u
2.38941 0.737571 18 u
2.39494 0.732576 18 u
2.40048 0.727581 18 u
2.40602 0.722586 18 u
2.41155 0.717592 18 u
2.41709 0.712597 18 u
2.42262 0.707602 18 u
2.42816 0.702607 18 u
2.43369 0.697612 18 u
2.43923 0.692617 18 u
2.44477 0.687623 18 u
2.4503 0.682628 18 u
2.45584 0.677633 18 u
2.46137 0.672638 18 u
2.46691 0.667643 18 u
2.47244 0.662648 18 u
2.47798 0.657654 18 u
2.48352 0.652659 18 u
2.48905 0.647664 18 u
2.49459 0.642669 18 u
2.50012 0.637674 18 u
2.50566 0.63268 18 u
2.5112 0.627685 18 u
2.51673 0.62269 18 u
2.52227 0.617695 18 u
2.5278 0.6127 18 u
2.53334 0.607705 18 u
2.53887 0.602711 18 u
2.54441 0.597716 18 u
2.54995 0.592721 18 u
2.55548 0.587726 18 u
2.56102 0.582731 18 u
2.56655 0.577736 18 u
2.57209 0.572742 18 u
2.57763 0.567747 18 u
2.58316 0.562752 18 u
2.5887 0.557757 18 u
2.59423 0.552762 18 u
2.59977 0.547767 18 u
2.6053 0.542773 18 u
2.61084 0.537778 18 u
2.61638 0.532783 18 u
2.62191 0.527788 18 u
2.62745 0.522793 18 u
2.63298 0.517798 18 u
2.63852 0.512803 18 u
2.64406 0.507809 18 u
2.64959 0.502814 18 u
2.65513 0.497819 18 u
2.66066 0.492824 18 u
2.6662 0.487829 18 u
2.67174 0.482834 18 u
2.67727 0.47784 18 u
2.68281 0.472845 18 u
2.68834 0.46785 18 u
2.69388 0.462855 18 u

2.25101 0.862442 19 u
2.25655 0.857447 19 u
2.26208 0.852452 19 u
2.26762 0.847457 19 u
2.27315 0.842463 19 u
2.27869 0.837468 19 u
2.28423 0.832473 19 u
2.28976 0.827478 19 u
2.2953 0.822483 19 u
2.30083 0.817488 19 u
2.30637 0.812494 19 u
2.31191 0.807499 19 u
2.31744 0.802504 19 u
2.32298 0.797509 19 u
2.32851 0.792514 19 u
2.33405 0.787519 19 u
2.33959 0.782524 19 u
2.34512 0.77753 19 u
2.35066 0.772535 19 u
2.35619 0.76754 19 u
2.36173 0.762545 19 u
2.36726 0.75755 19 u
2.3728 0.752555 19 u
2.37834 0.747561 19 u
2.38387 0.742566 19 u
2.38941 0.737571 19 u
2.39494 0.732576 19 u
2.40048 0.727581 19 u
2.40602 0.722586 19 u
2.41155 0.717592 19 u
2.41709 0.712597 19 u
2.42262 0.707602 19 u
2.42816 0.702607 19 u
2.43369 0.697612 19 u
2.43923 0.692617 19 u
2.44477 0.687623 19 u
2.4503 0.682628 19 u
2.45584 0.677633 19 u
2.46137 0.672638 19 u
2.46691 0.667643 19 u
2.47244 0.662648 19 u
2.47798 0.657654 19 u
2.48352 0.652659 19 u
2.48905 0.647664 19 u
2.49459 0.642669 19 u
2.50012 0.637674 19 u
2.50566 0.63268 19 u
2.5112 0.627685 19 u
2.51673 0.62269 19 u
2.52227 0.617695 19 u
2.5278 0.6127 19 u
2.53334 0.607705 19 u
2.53887 0.602711 19 u
2.54441 0.597716 19 u
2.54995 0.592721 19 u
2.55548 0.587726 19 u
2.56102 0.582731 19 u
2.56655 0.577736 19 u
2.57209 0.572742 19 u
2.57763 0.567747 19 u
2.58316 0.562752 19 u
2.5887 0.557757 19 u
2.59423 0.552762 19 u
2.59977 0.547767 19 u
2.6053 0.542773 19 u
2.61084 0.537778 19 u
2.61638 0.532783 19 u
2.62191 0.527788 19 u
2.62745 0.522793 19 u
2.63298 0.517798 19 u
2.63852 0.512803 19 u
2.64406 0.507809 19 u
2.64959 0.502814 19 u
2.65513 0.497819 19 u
2.66066 0.492824 19 u
2.6662 0.487829 19 u
2.67174 0.482834 19 u
2.67727 0.47784 19 u
2.68281 0.472845 19 u
2.68834 0.46785 19 u
2.69388 0.462855 19 u

2.66058 2.0279 19 u
2.66645 2.02669 19 u
2.67232 2.02549 19 u
2.67819 2.02428 19 u
2.68406 2.02307 19 u
2.68992 2.02186 19 u
2.69579 2.02066 19 u
2.70166 2.01945 19 u
2.70753 2.01824 19 u
2.7134 2.01704 19 u
2.71927 2.01583 19 u
2.72514 2.01462 19 u
2.73101 2.01342 19 u
2.73688 2.01221 19 u
2.74275 2.011 19 u
2.74861 2.00979 19 u
2.75448 2.00859 19 u
2.76035 2.00738 19 u
2.76622 2.00617 19 u
2.77209 2.00497 19 u
2.77796 2.00376 19 u
2.78383 2.00255 19 u
2.7897 2.00135 19 u
2.79557 2.00014 19 u
2.80144 1.99893 19 u
2.8073 1.99772 19 u
2.81317 1.99652 19 u
2.81904 1.99531 19 u
2.82491 1.9941 19 u
2.83078 1.9929 19 u
2.83665 1.99169 19 u
2.84252 1.99048 19 u
2.84839 1.98928 19 u
2.85426 1.98807 19 u
2.86013 1.98686 19 u
2.86599 1.98565 19 u
2.87186 1.98445 19 u
2.87773 1.98324 19 u
2.8836 1.98203 19 u
2.88947 1.98083 19 u
2.89534 1.97962 19 u
2.90121 1.97841 19 u
2.90708 1.97721 19 u
2.91295 1.976 19 u
2.91882 1.97479 19 u
2.92468 1.97358 19 u
2.93055 1.97238 19 u
2.93642 1.97117 19 u
2.94229 1.96996 19 u
2.94816 1.96876 19 u
2.95403 1.96755 19 u
2.9599 1.96634 19 u
2.96577 1.96514 19 u
2.97164 1.96393 19 u
2.97751 1.96272 19 u
2.98337 1.96151 19 u
2.98924 1.96031 19 u
2.99511 1.9591 19 u
3.00098 1.95789 19 u
3.00685 1.95669 19 u
3.01272 1.95548 19 u
3.01859 1.95427 19 u
3.02446 1.95307 19 u
3.03033 1.95186 19 u
3.0362 1.95065 19 u
3.04206 1.94944 19 u
3.04793 1.94824 19 u
3.0538 1.94703 19 u
3.05967 1.94582 19 u
3.06554 1.94462 19 u
3.07141 1.94341 19 u
3.07728 1.9422 19 u
3.08315 1.941 19 u
3.08902 1.93979 19 u
3.09489 1.93858 19 u
3.10076 1.93738 19 u
3.10662 1.93617 19 u
3.11249 1.93496 19 u
3.11836 1.93375 19 u
3.12423 1.93255 19 u
3.1301 1.93134 19 u

2.66058 2.0279 20 u
2.66645 2.02669 20 u
2.67232 2.02549 20 u
2.67819 2.02428 20 u
2.68406 2.02307 20 u
2.68992 2.02186 20 u
2.69579 2.02066 20 u
2.70166 2.01945 20 u
2.70753 2.01824 20 u
2.7134 2.01704 20 u
2.71927 2.01583 20 u
2.72514 2.01462 20 u
2.73101 2.01342 20 u
2.73688 2.01221 20 u
2.74275 2.011 20 u
2.74861 2.00979 20 u
2.75448 2.00859 20 u
2.76035 2.00738 20 u
2.76622 2.00617 20 u
2.77209 2.00497 20 u
2.77796 2.00376 20 u
2.78383 2.00255 20 u
2.7897 2.00135 20 u
2.79557 2.00014 20 u
2.80144 1.99893 20 u
2.8073 1.99772 20 u
2.81317 1.99652 20 u
2.81904 1.99531 20 u
2.82491 1.9941 20 u
2.83078 1.9929 20 u
2.83665 1.99169 20 u
2.84252 1.99048 20 u
2.84839 1.98928 20 u
2.85426 1.98807 20 u
2.86013 1.98686 20 u
2.86599 1.98565 20 u
2.87186 1.98445 20 u
2.87773 1.98324 20 u
2.8836 1.98203 20 u
2.88947 1.98083 20 u
2.89534 1.97962 20 u
2.90121 1.97841 20 u
2.90708 1.97721 20 u
2.91295 1.976 20 u
2.91882 1.97479 20 u
2.92468 1.97358 20 u
2.93055 1.97238 20 u
2.93642 1.97117 20 u
2.94229 1.96996 20 u
2.94816 1.96876 20 u
2.95403 1.96755 20 u
2.9599 1.96634 20 u
2.96577 1.96514 20 u
2.97164 1.96393 20 u
2.97751 1.96272 20 u
2.98337 1.96151 20 u
2.98924 1.96031 20 u
2.99511 1.9591 20 u
3.00098 1.95789 20 u
3.00685 1.95669 20 u
3.01272 1.95548 20 u
3.01859 1.95427 20 u
3.02446 1.95307 20 u
3.03033 1.95186 20 u
3.0362 1.95065 20 u
3.04206 1.94944 20 u
3.04793 1.94824 20 u
3.0538 1.94703 20 u
3.05967 1.94582 20 u
3.06554 1.94462 20 u
3.07141 1.94341 20 u
3.07728 1.9422 20 u
3.08315 1.941 20 u
3.08902 1.93979 20 u
3.09489 1.93858 20 u
3.10076 1.93738 20 u
3.10662 1.93617 20 u
3.11249 1.93496 20 u
3.11836 1.93375 20 u
3.12423 1.93255 20 u
3.1301 1.93134 20 u

