solid Created by Gmsh
facet normal 0 0 1
  outer loop
    vertex -0.3778950107418795 -0.662495832836854 0
    vertex -0.4556564671582414 -0.6606838953475955 0
    vertex -0.4253681991245956 -0.7360758592448847 0
  endloop
endfacet
facet normal 0 0 1
  outer loop
    vertex -0.501462030938163 -0.06327292062751819 0
    vertex -0.5715392255576983 -0.01257948185168071 0
    vertex -0.5645154532531189 -0.1019016992777379 0
  endloop
endfacet
facet normal 0 0 1
  outer loop
    vertex -0.2429916609476956 0.3582424787821663 0
    vertex -0.2457073544221949 0.432083535269455 0
    vertex -0.3223480839701427 0.3917662569787226 0
  endloop
endfacet
facet normal 0 0 1
  outer loop
    vertex 0.5499321697530729 0.3719512819848318 0
    vertex 0.4749385546208731 0.3294914504807317 0
    vertex 0.5782729804315628 0.2987931639650115 0
  endloop
endfacet
facet normal 0 0 1
  outer loop
    vertex -0.3778950107418795 -0.662495832836854 0
    vertex -0.4253681991245956 -0.7360758592448847 0
    vertex -0.3522783931303673 -0.7213431187837946 0
  endloop
endfacet
facet normal 0 0 1
  outer loop
    vertex 0.4749385546208731 0.3294914504807317 0
    vertex 0.5190302709546349 0.2461282177911917 0
    vertex 0.5782729804315628 0.2987931639650115 0
  endloop
endfacet
facet normal 0 0 1
  outer loop
    vertex -0.3223480839701427 0.3917662569787226 0
    vertex -0.2457073544221949 0.432083535269455 0
    vertex -0.301660523732993 0.4540302647881781 0
  endloop
endfacet
facet normal 0 0 1
  outer loop
    vertex 0.1278823270882249 -0.3712247692171873 0
    vertex 0.05 -0.38 0
    vertex 0.1252941234221147 -0.4442326619476161 0
  endloop
endfacet
facet normal 0 0 1
  outer loop
    vertex 0.1252941234221147 -0.4442326619476161 0
    vertex 0.05 -0.38 0
    vertex 0.06498286514434351 -0.463120278495571 0
  endloop
endfacet
facet normal 0 0 1
  outer loop
    vertex 0.1184868121122332 -0.5312855348430141 0
    vertex 0.05641800087627936 -0.5884819471218056 0
    vertex 0.1337346359991461 -0.6245538320790501 0
  endloop
endfacet
facet normal 0 -0 1
  outer loop
    vertex -0.3705818661571095 0.4640768427135755 0
    vertex -0.3686664481991816 0.5503706404687227 0
    vertex -0.4484252319521647 0.5356501920633409 0
  endloop
endfacet
facet normal 0 0 1
  outer loop
    vertex 0.4994688314271576 0.5158743352575192 0
    vertex 0.4159386498861453 0.551435367509189 0
    vertex 0.4190420480357935 0.4756548337026199 0
  endloop
endfacet
facet normal 0 0 1
  outer loop
    vertex 0.01847758308660707 0.737633393609781 0
    vertex -0.05590167571032584 0.7148933721314046 0
    vertex 0.007752778416527587 0.6438052456848091 0
  endloop
endfacet
facet normal -0 0 1
  outer loop
    vertex 0.3505107227361433 -0.5004821596665396 0
    vertex 0.4350541093082164 -0.5216705696858542 0
    vertex 0.4115267791088065 -0.442524798917513 0
  endloop
endfacet
facet normal 0 0 1
  outer loop
    vertex -0.6601506736294636 0.2669581563226449 0
    vertex -0.749692234533779 0.2970207611980632 0
    vertex -0.7200360652079032 0.2259157117331231 0
  endloop
endfacet
facet normal -0 0 1
  outer loop
    vertex -0.5715392255576983 -0.01257948185168071 0
    vertex -0.501462030938163 -0.06327292062751819 0
    vertex -0.4938513682483463 0.01266218036140023 0
  endloop
endfacet
facet normal -0 0 1
  outer loop
    vertex -0.749692234533779 0.2970207611980632 0
    vertex -0.6601506736294636 0.2669581563226449 0
    vertex -0.6871256254652187 0.3405678411450493 0
  endloop
endfacet
facet normal 0 0 1
  outer loop
    vertex -0.1759027708389015 -0.566223498321083 0
    vertex -0.2504240820495711 -0.5879023314431092 0
    vertex -0.2096863116653547 -0.6541567685053462 0
  endloop
endfacet
facet normal 0 0 1
  outer loop
    vertex 0.4994688314271576 0.5158743352575192 0
    vertex 0.4190420480357935 0.4756548337026199 0
    vertex 0.4795122771275141 0.4422276522616309 0
  endloop
endfacet
facet normal 0 0 1
  outer loop
    vertex -0.4614100834247989 0.4570621976757863 0
    vertex -0.3705818661571095 0.4640768427135755 0
    vertex -0.4484252319521647 0.5356501920633409 0
  endloop
endfacet
facet normal 0 0 1
  outer loop
    vertex 0.04071961286254026 0.4504778441551788 0
    vertex -0.04200258945626176 0.4834045713960935 0
    vertex -0.03857596485563686 0.422644195603107 0
  endloop
endfacet
facet normal 0 0 1
  outer loop
    vertex 0.4350541093082164 -0.5216705696858542 0
    vertex 0.3505107227361433 -0.5004821596665396 0
    vertex 0.3729032825029352 -0.5626212351527212 0
  endloop
endfacet
facet normal 0 0 1
  outer loop
    vertex -0.2255915300371643 -0.7267543877015108 0
    vertex -0.2896027842214173 -0.6702605503195489 0
    vertex -0.2986922135538786 -0.7554711031045021 0
  endloop
endfacet
facet normal 0 0 1
  outer loop
    vertex 0.5948078681640099 -0.4776465914185395 0
    vertex 0.5899936698470507 -0.3871210773429856 0
    vertex 0.5215239566310998 -0.4209293415541355 0
  endloop
endfacet
facet normal 0 0 1
  outer loop
    vertex 0.2672933838823124 -0.4774900279141047 0
    vertex 0.2977348998754553 -0.5658268954543441 0
    vertex 0.3505107227361433 -0.5004821596665396 0
  endloop
endfacet
facet normal 0 -0 1
  outer loop
    vertex 0.4030513602560111 0.6336464468040386 0
    vertex 0.4592908392816759 0.6746226770328585 0
    vertex 0.3850936927267442 0.713963271686979 0
  endloop
endfacet
facet normal -0 0 1
  outer loop
    vertex 0.3326245217816457 0.6677757950972888 0
    vertex 0.4030513602560111 0.6336464468040386 0
    vertex 0.3850936927267442 0.713963271686979 0
  endloop
endfacet
facet normal 0 0 1
  outer loop
    vertex -0.1261093988309593 -0.6341533913238595 0
    vertex -0.1759027708389015 -0.566223498321083 0
    vertex -0.2096863116653547 -0.6541567685053462 0
  endloop
endfacet
facet normal 0 0 1
  outer loop
    vertex 0.5957081351602147 0.2267977002038698 0
    vertex 0.5190302709546349 0.2461282177911917 0
    vertex 0.5507362267646189 0.1722933182961924 0
  endloop
endfacet
facet normal 0 0 1
  outer loop
    vertex 0.4199614635444675 0.3926613291887843 0
    vertex 0.3445687601602919 0.4378651928415155 0
    vertex 0.3360740682424064 0.3622841679002615 0
  endloop
endfacet
facet normal 0 -0 1
  outer loop
    vertex -0.3029696438230118 0.312124260283375 0
    vertex -0.2429916609476956 0.3582424787821663 0
    vertex -0.3223480839701427 0.3917662569787226 0
  endloop
endfacet
facet normal 0 0 1
  outer loop
    vertex -0.1711751436407778 0.3998197547885937 0
    vertex -0.1682304924131703 0.3217043334259012 0
    vertex -0.08728846212989794 0.3623478820845673 0
  endloop
endfacet
facet normal 0 -0 1
  outer loop
    vertex 0.003758675156374213 0.3752076012120296 0
    vertex 0.04071961286254026 0.4504778441551788 0
    vertex -0.03857596485563686 0.422644195603107 0
  endloop
endfacet
facet normal 0 0 1
  outer loop
    vertex 0.3378073926957854 -0.4220365369603608 0
    vertex 0.2695572783148781 -0.3842796647051892 0
    vertex 0.2672933838823124 -0.4774900279141047 0
  endloop
endfacet
facet normal 0 0 1
  outer loop
    vertex -0.5715392255576983 -0.01257948185168071 0
    vertex -0.6364774361285717 -0.07376548852493928 0
    vertex -0.5645154532531189 -0.1019016992777379 0
  endloop
endfacet
facet normal 0 0 1
  outer loop
    vertex -0.05590167571032584 0.7148933721314046 0
    vertex -0.07339786882590997 0.6391090337594358 0
    vertex 0.007752778416527587 0.6438052456848091 0
  endloop
endfacet
facet normal 0 0 1
  outer loop
    vertex -0.3558787441311414 -0.1445098226370062 0
    vertex -0.4326674531693089 -0.1087622850444563 0
    vertex -0.424176952240661 -0.191221912617352 0
  endloop
endfacet
facet normal 0 0 1
  outer loop
    vertex 0.2977348998754553 -0.5658268954543441 0
    vertex 0.2672933838823124 -0.4774900279141047 0
    vertex 0.2332338331716045 -0.5459317705154846 0
  endloop
endfacet
facet normal 0 0 1
  outer loop
    vertex -0.7148933721314046 -0.05590167571032584 0
    vertex -0.6921533506530344 -0.1302809345072386 0
    vertex -0.6364774361285717 -0.07376548852493928 0
  endloop
endfacet
facet normal 0 0 1
  outer loop
    vertex -0.3558787441311414 -0.1445098226370062 0
    vertex -0.424176952240661 -0.191221912617352 0
    vertex -0.3426659633380654 -0.2106267428346493 0
  endloop
endfacet
facet normal -0 0 1
  outer loop
    vertex -0.4556564671582414 -0.6606838953475955 0
    vertex -0.3778950107418795 -0.662495832836854 0
    vertex -0.4072643464606009 -0.5942944943779158 0
  endloop
endfacet
facet normal 0 0 1
  outer loop
    vertex -0.01767423591133743 -0.5755493978337507 0
    vertex 0.002319974428321971 -0.6529549446848221 0
    vertex 0.05641800087627936 -0.5884819471218056 0
  endloop
endfacet
facet normal -0 0 1
  outer loop
    vertex -0.04200258945626176 0.4834045713960935 0
    vertex 0.04071961286254026 0.4504778441551788 0
    vertex 0.01417081379363662 0.5062731331328956 0
  endloop
endfacet
facet normal 0 0 1
  outer loop
    vertex 0.5190302709546349 0.2461282177911917 0
    vertex 0.4801085621602922 0.1941739099384319 0
    vertex 0.5507362267646189 0.1722933182961924 0
  endloop
endfacet
facet normal 0 0 1
  outer loop
    vertex -0.424176952240661 -0.191221912617352 0
    vertex -0.3810812137579474 -0.2584993039603811 0
    vertex -0.3426659633380654 -0.2106267428346493 0
  endloop
endfacet
facet normal 0 0 1
  outer loop
    vertex 0.3236410192850799 -0.2482214301223015 0
    vertex 0.333964802343215 -0.3409632651518676 0
    vertex 0.3851587585546455 -0.3020310578493233 0
  endloop
endfacet
facet normal 0 0 1
  outer loop
    vertex -0.07178980972238211 -0.4333373352792598 0
    vertex -0.1018593082731156 -0.3453391039671592 0
    vertex -0.1397075355330157 -0.4330181049826385 0
  endloop
endfacet
facet normal -0 0 1
  outer loop
    vertex 0.002319974428321971 -0.6529549446848221 0
    vertex 0.07515578669136985 -0.6547394375200558 0
    vertex 0.05641800087627936 -0.5884819471218056 0
  endloop
endfacet
facet normal 0 0 1
  outer loop
    vertex -0.5102730114277692 -0.2216872241810073 0
    vertex -0.5936289908025157 -0.2221563864199023 0
    vertex -0.5605593986859203 -0.3007372343786551 0
  endloop
endfacet
facet normal 0 0 1
  outer loop
    vertex 0.3378073926957854 -0.4220365369603608 0
    vertex 0.2672933838823124 -0.4774900279141047 0
    vertex 0.3505107227361433 -0.5004821596665396 0
  endloop
endfacet
facet normal 0 0 1
  outer loop
    vertex 0.3069769920993861 0.7472113501252982 0
    vertex 0.3326245217816457 0.6677757950972888 0
    vertex 0.3850936927267442 0.713963271686979 0
  endloop
endfacet
facet normal 0 0 1
  outer loop
    vertex -0.8058534580448845 0.2416153594773226 0
    vertex -0.783113436566522 0.1672361006804348 0
    vertex -0.7200360652079032 0.2259157117331231 0
  endloop
endfacet
facet normal 0 0 1
  outer loop
    vertex 0.08257683188984741 0.6823024883222246 0
    vertex 0.01847758308660707 0.737633393609781 0
    vertex 0.007752778416527587 0.6438052456848091 0
  endloop
endfacet
facet normal 0 0 1
  outer loop
    vertex 0.5948078681640099 -0.4776465914185395 0
    vertex 0.5215239566310998 -0.4209293415541355 0
    vertex 0.5167910365761786 -0.5021912177471509 0
  endloop
endfacet
facet normal 0 0 1
  outer loop
    vertex -0.5102730114277692 -0.2216872241810073 0
    vertex -0.5605593986859203 -0.3007372343786551 0
    vertex -0.487340997819672 -0.2906956739378143 0
  endloop
endfacet
facet normal 0 0 1
  outer loop
    vertex -0.3630561405535249 -0.07089478742529245 0
    vertex -0.3667284939091094 0.005983679515426673 0
    vertex -0.4323992208857451 -0.03074890326650938 0
  endloop
endfacet
facet normal 0 0 1
  outer loop
    vertex 0.003758675156374213 0.3752076012120296 0
    vertex 0.08598483828851883 0.3867301996447828 0
    vertex 0.04071961286254026 0.4504778441551788 0
  endloop
endfacet
facet normal 0 0 1
  outer loop
    vertex 0.199375156895817 -0.4222594481343976 0
    vertex 0.1278823270882249 -0.3712247692171873 0
    vertex 0.1252941234221147 -0.4442326619476161 0
  endloop
endfacet
facet normal 0 0 1
  outer loop
    vertex 0.471803364929681 -0.06129779299055251 0
    vertex 0.3912247693143248 -0.1078823266626378 0
    vertex 0.4703591497561415 -0.144573662054406 0
  endloop
endfacet
facet normal 0 0 1
  outer loop
    vertex 0.5325328999396307 -0.0213886964371288 0
    vertex 0.5359142964679907 -0.1058456077935376 0
    vertex 0.6091891013994305 -0.06573324942461549 0
  endloop
endfacet
facet normal 0 0 1
  outer loop
    vertex -0.1080670607109391 0.4417830791676657 0
    vertex -0.1711751436407778 0.3998197547885937 0
    vertex -0.08728846212989794 0.3623478820845673 0
  endloop
endfacet
facet normal -0 0 1
  outer loop
    vertex -0.2896027842214173 -0.6702605503195489 0
    vertex -0.2255915300371643 -0.7267543877015108 0
    vertex -0.2096863116653547 -0.6541567685053462 0
  endloop
endfacet
facet normal 0 0 1
  outer loop
    vertex 0.5899936698470507 -0.3871210773429856 0
    vertex 0.5948078681640099 -0.4776465914185395 0
    vertex 0.6611796375059378 -0.4183782884708458 0
  endloop
endfacet
facet normal 0 0 1
  outer loop
    vertex 0.05641800087627936 -0.5884819471218056 0
    vertex 0.07515578669136985 -0.6547394375200558 0
    vertex 0.1337346359991461 -0.6245538320790501 0
  endloop
endfacet
facet normal 0 -0 1
  outer loop
    vertex -0.2986922135538786 -0.7554711031045021 0
    vertex -0.2896027842214173 -0.6702605503195489 0
    vertex -0.3522783931303673 -0.7213431187837946 0
  endloop
endfacet
facet normal 0 -0 1
  outer loop
    vertex 0.3950740477406239 0.3230762042741613 0
    vertex 0.4199614635444675 0.3926613291887843 0
    vertex 0.3360740682424064 0.3622841679002615 0
  endloop
endfacet
facet normal 0 0 1
  outer loop
    vertex 0.1803392309825579 -0.5790701493487999 0
    vertex 0.1184868121122332 -0.5312855348430141 0
    vertex 0.1337346359991461 -0.6245538320790501 0
  endloop
endfacet
facet normal 0 0 1
  outer loop
    vertex 0.4682873543253744 -0.3823723163659634 0
    vertex 0.4115267791088065 -0.442524798917513 0
    vertex 0.4706302421717723 -0.4569862739391518 0
  endloop
endfacet
facet normal 0 0 1
  outer loop
    vertex 0.4051592943805261 -0.3745787152272974 0
    vertex 0.4115267791088065 -0.442524798917513 0
    vertex 0.4682873543253744 -0.3823723163659634 0
  endloop
endfacet
facet normal 0 0 1
  outer loop
    vertex 0.3326245217816457 0.6677757950972888 0
    vertex 0.3069769920993861 0.7472113501252982 0
    vertex 0.27109269028178 0.6883391951668365 0
  endloop
endfacet
facet normal 0 0 1
  outer loop
    vertex 0.1278823266535808 0.311224769316392 0
    vertex 0.2057899963968489 0.3606951355970163 0
    vertex 0.1479846151795836 0.3914345288121896 0
  endloop
endfacet
facet normal 0 0 1
  outer loop
    vertex -0.2912247693172861 0.04788232664966326 0
    vertex -0.3406991927301604 0.1257900257448232 0
    vertex -0.3710065004805128 0.06854670852450567 0
  endloop
endfacet
facet normal 0 0 1
  outer loop
    vertex -0.5238235104306401 -0.4390757871031012 0
    vertex -0.4505023347400525 -0.4069564513647478 0
    vertex -0.4982459102422904 -0.3554428569681817 0
  endloop
endfacet
facet normal 0 0 1
  outer loop
    vertex 0.7319642139905754 -0.233960866674897 0
    vertex 0.6605312607069216 -0.2724906178570377 0
    vertex 0.7202790277217486 -0.3155662706877511 0
  endloop
endfacet
facet normal -0 0 1
  outer loop
    vertex -0.6921533506530344 -0.1302809345072386 0
    vertex -0.6165677408687298 -0.1484109849485704 0
    vertex -0.6364774361285717 -0.07376548852493928 0
  endloop
endfacet
facet normal -0 0 1
  outer loop
    vertex 0.4159386498861453 0.551435367509189 0
    vertex 0.4994688314271576 0.5158743352575192 0
    vertex 0.4790882789173413 0.5980512925773525 0
  endloop
endfacet
facet normal 0 0 1
  outer loop
    vertex 0.4060293754498291 -0.2413740709298778 0
    vertex 0.3236410192850799 -0.2482214301223015 0
    vertex 0.3851587585546455 -0.3020310578493233 0
  endloop
endfacet
facet normal 0 0 1
  outer loop
    vertex -0.1018593082731156 -0.3453391039671592 0
    vertex -0.1734454925950809 -0.3775156805602263 0
    vertex -0.1397075355330157 -0.4330181049826385 0
  endloop
endfacet
facet normal 0 0 1
  outer loop
    vertex -0.3630561405535249 -0.07089478742529245 0
    vertex -0.4326674531693089 -0.1087622850444563 0
    vertex -0.3558787441311414 -0.1445098226370062 0
  endloop
endfacet
facet normal -0 0 1
  outer loop
    vertex 0.471803364929681 -0.06129779299055251 0
    vertex 0.5359142964679907 -0.1058456077935376 0
    vertex 0.5325328999396307 -0.0213886964371288 0
  endloop
endfacet
facet normal -0 0 1
  outer loop
    vertex 0.5359142964679907 -0.1058456077935376 0
    vertex 0.5972284299678537 -0.1513157507070461 0
    vertex 0.6091891013994305 -0.06573324942461549 0
  endloop
endfacet
facet normal 0 0 1
  outer loop
    vertex -0.3 -0.03 0
    vertex -0.3667284939091094 0.005983679515426673 0
    vertex -0.3630561405535249 -0.07089478742529245 0
  endloop
endfacet
facet normal 0 -0 1
  outer loop
    vertex -0.02788232710471139 0.3112247692134243 0
    vertex 0.003758675156374213 0.3752076012120296 0
    vertex -0.08728846212989794 0.3623478820845673 0
  endloop
endfacet
facet normal -0 0 1
  outer loop
    vertex -0.1682304924131703 0.3217043334259012 0
    vertex -0.1018593090842537 0.2853391035765357 0
    vertex -0.08728846212989794 0.3623478820845673 0
  endloop
endfacet
facet normal 0 -0 1
  outer loop
    vertex 0.05 0.32 0
    vertex 0.08598483828851883 0.3867301996447828 0
    vertex 0.003758675156374213 0.3752076012120296 0
  endloop
endfacet
facet normal 0 0 1
  outer loop
    vertex 0.3653391035748103 0.1218593090878364 0
    vertex 0.3912247692170108 0.0478823270889982 0
    vertex 0.4494546102389466 0.08679188814526639 0
  endloop
endfacet
facet normal 0 0 1
  outer loop
    vertex 0.2018593090981924 -0.3453391035698231 0
    vertex 0.1278823270882249 -0.3712247692171873 0
    vertex 0.199375156895817 -0.4222594481343976 0
  endloop
endfacet
facet normal 0 0 1
  outer loop
    vertex 0.3236410192850799 -0.2482214301223015 0
    vertex 0.2682214311722217 -0.3036410184477965 0
    vertex 0.333964802343215 -0.3409632651518676 0
  endloop
endfacet
facet normal -0 0 1
  outer loop
    vertex 0.2682214301407023 0.2436410192704057 0
    vertex 0.3236410184474094 0.188221431172707 0
    vertex 0.3589548137789457 0.2527559141973051 0
  endloop
endfacet
facet normal 0 0 1
  outer loop
    vertex -0.2653391035590204 -0.1818593091206246 0
    vertex -0.2912247692127715 -0.1078823271075716 0
    vertex -0.3558787441311414 -0.1445098226370062 0
  endloop
endfacet
facet normal 0 0 1
  outer loop
    vertex -0.0278823266511839 -0.371224769316939 0
    vertex -0.1018593082731156 -0.3453391039671592 0
    vertex -0.07178980972238211 -0.4333373352792598 0
  endloop
endfacet
facet normal 0 0 1
  outer loop
    vertex 0.4 -0.03 0
    vertex 0.3912247693143248 -0.1078823266626378 0
    vertex 0.471803364929681 -0.06129779299055251 0
  endloop
endfacet
facet normal -0 0 1
  outer loop
    vertex 0.1278823266535808 0.311224769316392 0
    vertex 0.2018593082757533 0.2853391039658889 0
    vertex 0.2057899963968489 0.3606951355970163 0
  endloop
endfacet
facet normal 0 -0 1
  outer loop
    vertex -0.2236410192983699 0.1882214301056364 0
    vertex -0.1682214312100727 0.2436410184176113 0
    vertex -0.2315621359161027 0.2789519381446405 0
  endloop
endfacet
facet normal 0 -0 1
  outer loop
    vertex -0.2912247693172861 0.04788232664966326 0
    vertex -0.2653391039733099 0.1218593082603435 0
    vertex -0.3406991927301604 0.1257900257448232 0
  endloop
endfacet
facet normal 0 0 1
  outer loop
    vertex 0.2695572783148781 -0.3842796647051892 0
    vertex 0.199375156895817 -0.4222594481343976 0
    vertex 0.2672933838823124 -0.4774900279141047 0
  endloop
endfacet
facet normal 0 -0 1
  outer loop
    vertex -0.749692234533779 0.2970207611980632 0
    vertex -0.6871256254652187 0.3405678411450493 0
    vertex -0.7666400907598691 0.3724209215859011 0
  endloop
endfacet
facet normal 0 0 1
  outer loop
    vertex 0.04071961286254026 0.4504778441551788 0
    vertex 0.1194106422590817 0.4527927317664238 0
    vertex 0.08214767086514425 0.5215739723030194 0
  endloop
endfacet
facet normal 0 0 1
  outer loop
    vertex -0.5941363532368815 0.4776418834665146 0
    vertex -0.6431327345964551 0.4055971067951089 0
    vertex -0.5678165188551574 0.4037256764663298 0
  endloop
endfacet
facet normal 0 0 1
  outer loop
    vertex -0.6617321102880704 0.005777090153060065 0
    vertex -0.7148933721314046 -0.05590167571032584 0
    vertex -0.6364774361285717 -0.07376548852493928 0
  endloop
endfacet
facet normal 0 0 1
  outer loop
    vertex -0.5605593986859203 -0.3007372343786551 0
    vertex -0.563178188214562 -0.3755430499462853 0
    vertex -0.4982459102422904 -0.3554428569681817 0
  endloop
endfacet
facet normal 0 0 1
  outer loop
    vertex -0.487340997819672 -0.2906956739378143 0
    vertex -0.5605593986859203 -0.3007372343786551 0
    vertex -0.4982459102422904 -0.3554428569681817 0
  endloop
endfacet
facet normal 0 0 1
  outer loop
    vertex -0.749692234533779 0.2970207611980632 0
    vertex -0.8058534580448845 0.2416153594773226 0
    vertex -0.7200360652079032 0.2259157117331231 0
  endloop
endfacet
facet normal -0 0 1
  outer loop
    vertex -0.783113436566522 0.1672361006804348 0
    vertex -0.7073290981945637 0.1497399075648465 0
    vertex -0.7200360652079032 0.2259157117331231 0
  endloop
endfacet
facet normal -0 0 1
  outer loop
    vertex -0.563178188214562 -0.3755430499462853 0
    vertex -0.5238235104306401 -0.4390757871031012 0
    vertex -0.4982459102422904 -0.3554428569681817 0
  endloop
endfacet
facet normal 0 0 1
  outer loop
    vertex 0.4569993013145776 -0.3050178078152718 0
    vertex 0.4051592943805261 -0.3745787152272974 0
    vertex 0.4682873543253744 -0.3823723163659634 0
  endloop
endfacet
facet normal 0 -0 1
  outer loop
    vertex -0.4556564671582414 -0.6606838953475955 0
    vertex -0.4072643464606009 -0.5942944943779158 0
    vertex -0.4820656582193211 -0.589307073054126 0
  endloop
endfacet
facet normal 0 0 1
  outer loop
    vertex 0.2046601933041589 -0.6694133291746618 0
    vertex 0.1803392309825579 -0.5790701493487999 0
    vertex 0.1337346359991461 -0.6245538320790501 0
  endloop
endfacet
facet normal 0 0 1
  outer loop
    vertex -0.3760333023585059 0.3266807547560675 0
    vertex -0.4177998728354326 0.2616526772131994 0
    vertex -0.3426665559439393 0.2537925458596755 0
  endloop
endfacet
facet normal 0 0 1
  outer loop
    vertex -0.5414487192233091 0.06469363323426855 0
    vertex -0.5715392255576983 -0.01257948185168071 0
    vertex -0.4938513682483463 0.01266218036140023 0
  endloop
endfacet
facet normal 0 0 1
  outer loop
    vertex 0.1465183611818279 0.6375902127321199 0
    vertex 0.08257683188984741 0.6823024883222246 0
    vertex 0.07923991194871913 0.6030414337915738 0
  endloop
endfacet
facet normal 0 -0 1
  outer loop
    vertex 0.4051592943805261 -0.3745787152272974 0
    vertex 0.4569993013145776 -0.3050178078152718 0
    vertex 0.3851587585546455 -0.3020310578493233 0
  endloop
endfacet
facet normal -0 0 1
  outer loop
    vertex -0.7666400907598691 0.3724209215859011 0
    vertex -0.6871256254652187 0.3405678411450493 0
    vertex -0.7026146694464279 0.4023933825515558 0
  endloop
endfacet
facet normal -0 0 1
  outer loop
    vertex 0.6091891013994305 -0.06573324942461549 0
    vertex 0.6873940454672376 -0.07459325148386864 0
    vertex 0.6644422234796347 -0.001534657723090688 0
  endloop
endfacet
facet normal -0 0 1
  outer loop
    vertex 0.03042409954936784 -0.5158763498276459 0
    vertex 0.1184868121122332 -0.5312855348430141 0
    vertex 0.06498286514434351 -0.463120278495571 0
  endloop
endfacet
facet normal 0 0 1
  outer loop
    vertex 0.4190420480357935 0.4756548337026199 0
    vertex 0.3445687601602919 0.4378651928415155 0
    vertex 0.4199614635444675 0.3926613291887843 0
  endloop
endfacet
facet normal 0 0 1
  outer loop
    vertex 0.1803392309825579 -0.5790701493487999 0
    vertex 0.2046601933041589 -0.6694133291746618 0
    vertex 0.2390015218870478 -0.6013830904378925 0
  endloop
endfacet
facet normal 0 0 1
  outer loop
    vertex -0.2236410184170403 -0.2482214312107888 0
    vertex -0.267341024620556 -0.3241772309503088 0
    vertex -0.2122246777842066 -0.3327497714234775 0
  endloop
endfacet
facet normal -0 0 1
  outer loop
    vertex 0.3653391035748103 0.1218593090878364 0
    vertex 0.4494546102389466 0.08679188814526639 0
    vertex 0.442660559729235 0.1506248241417542 0
  endloop
endfacet
facet normal 0 0 1
  outer loop
    vertex -0.2653391035590204 -0.1818593091206246 0
    vertex -0.3558787441311414 -0.1445098226370062 0
    vertex -0.3426659633380654 -0.2106267428346493 0
  endloop
endfacet
facet normal 0 0 1
  outer loop
    vertex -0.1682214300812713 -0.3036410193178004 0
    vertex -0.2236410184170403 -0.2482214312107888 0
    vertex -0.2122246777842066 -0.3327497714234775 0
  endloop
endfacet
facet normal 0 0 1
  outer loop
    vertex 0.5021772284933919 -0.5784532432606975 0
    vertex 0.5765564872907392 -0.5557132217821944 0
    vertex 0.5167910365761786 -0.5021912177471509 0
  endloop
endfacet
facet normal 0 0 1
  outer loop
    vertex 0.2682214301407023 0.2436410192704057 0
    vertex 0.3589548137789457 0.2527559141973051 0
    vertex 0.3248012433607596 0.3022714801775868 0
  endloop
endfacet
facet normal 0 0 1
  outer loop
    vertex -0.2236410192983699 0.1882214301056364 0
    vertex -0.2315621359161027 0.2789519381446405 0
    vertex -0.2822756731567165 0.2447985354980561 0
  endloop
endfacet
facet normal -0 0 1
  outer loop
    vertex 0.08598483828851883 0.3867301996447828 0
    vertex 0.1278823266535808 0.311224769316392 0
    vertex 0.1479846151795836 0.3914345288121896 0
  endloop
endfacet
facet normal 0 -0 1
  outer loop
    vertex -0.3667284939091094 0.005983679515426673 0
    vertex -0.2912247693172861 0.04788232664966326 0
    vertex -0.3710065004805128 0.06854670852450567 0
  endloop
endfacet
facet normal 0 0 1
  outer loop
    vertex 0.3950740477406239 0.3230762042741613 0
    vertex 0.4749385546208731 0.3294914504807317 0
    vertex 0.4199614635444675 0.3926613291887843 0
  endloop
endfacet
facet normal -0 0 1
  outer loop
    vertex 0.6611796375059378 -0.4183782884708458 0
    vertex 0.735925487910752 -0.4402182936748186 0
    vertex 0.7099288911091011 -0.3773978992248993 0
  endloop
endfacet
facet normal 0 -0 1
  outer loop
    vertex -0.6431327345964551 0.4055971067951089 0
    vertex -0.5941363532368815 0.4776418834665146 0
    vertex -0.6732068529646877 0.4665956441335118 0
  endloop
endfacet
facet normal 0 0 1
  outer loop
    vertex 0.3378073926957854 -0.4220365369603608 0
    vertex 0.3505107227361433 -0.5004821596665396 0
    vertex 0.4115267791088065 -0.442524798917513 0
  endloop
endfacet
facet normal 0 0 1
  outer loop
    vertex -0.08728846212989794 0.3623478820845673 0
    vertex 0.003758675156374213 0.3752076012120296 0
    vertex -0.03857596485563686 0.422644195603107 0
  endloop
endfacet
facet normal 0 0 1
  outer loop
    vertex 0.6091891013994305 -0.06573324942461549 0
    vertex 0.5972284299678537 -0.1513157507070461 0
    vertex 0.6540616971218781 -0.125359595864398 0
  endloop
endfacet
facet normal 0 0 1
  outer loop
    vertex 0.3755470588865331 0.7823771475219481 0
    vertex 0.3069769920993861 0.7472113501252982 0
    vertex 0.3850936927267442 0.713963271686979 0
  endloop
endfacet
facet normal 0 0 1
  outer loop
    vertex 0.735925487910752 -0.4402182936748186 0
    vertex 0.6611796375059378 -0.4183782884708458 0
    vertex 0.6750643334726956 -0.4793223582540398 0
  endloop
endfacet
facet normal 0 0 1
  outer loop
    vertex 0.199375156895817 -0.4222594481343976 0
    vertex 0.1252941234221147 -0.4442326619476161 0
    vertex 0.1874346946211348 -0.4997693479516028 0
  endloop
endfacet
facet normal 0 0 1
  outer loop
    vertex 0.471803364929681 -0.06129779299055251 0
    vertex 0.4703591497561415 -0.144573662054406 0
    vertex 0.5359142964679907 -0.1058456077935376 0
  endloop
endfacet
facet normal 0 0 1
  outer loop
    vertex -0.3630561405535249 -0.07089478742529245 0
    vertex -0.4323992208857451 -0.03074890326650938 0
    vertex -0.4326674531693089 -0.1087622850444563 0
  endloop
endfacet
facet normal -0 0 1
  outer loop
    vertex 0.04071961286254026 0.4504778441551788 0
    vertex 0.08598483828851883 0.3867301996447828 0
    vertex 0.1194106422590817 0.4527927317664238 0
  endloop
endfacet
facet normal 0 0 1
  outer loop
    vertex -0.4323992208857451 -0.03074890326650938 0
    vertex -0.3667284939091094 0.005983679515426673 0
    vertex -0.4306413703206798 0.04222487580256112 0
  endloop
endfacet
facet normal 0 0 1
  outer loop
    vertex 0.7319642139905754 -0.233960866674897 0
    vertex 0.7202790277217486 -0.3155662706877511 0
    vertex 0.7765670486652962 -0.29176376701408 0
  endloop
endfacet
facet normal 0 -0 1
  outer loop
    vertex 0.07923991194871913 0.6030414337915738 0
    vertex 0.08257683188984741 0.6823024883222246 0
    vertex 0.007752778416527587 0.6438052456848091 0
  endloop
endfacet
facet normal -0 0 1
  outer loop
    vertex 0.5190302709546349 0.2461282177911917 0
    vertex 0.5957081351602147 0.2267977002038698 0
    vertex 0.5782729804315628 0.2987931639650115 0
  endloop
endfacet
facet normal 0 -0 1
  outer loop
    vertex 0.5765564872907392 -0.5557132217821944 0
    vertex 0.5948078681640099 -0.4776465914185395 0
    vertex 0.5167910365761786 -0.5021912177471509 0
  endloop
endfacet
facet normal -0 0 1
  outer loop
    vertex 0.4350541093082164 -0.5216705696858542 0
    vertex 0.5021772284933919 -0.5784532432606975 0
    vertex 0.5167910365761786 -0.5021912177471509 0
  endloop
endfacet
facet normal 0 -0 1
  outer loop
    vertex 0.1184868121122332 -0.5312855348430141 0
    vertex 0.1252941234221147 -0.4442326619476161 0
    vertex 0.06498286514434351 -0.463120278495571 0
  endloop
endfacet
facet normal -0 0 1
  outer loop
    vertex 0.08257683188984741 0.6823024883222246 0
    vertex 0.1465183611818279 0.6375902127321199 0
    vertex 0.1537940412450947 0.7099366268408708 0
  endloop
endfacet
facet normal 0 0 1
  outer loop
    vertex -0.3029696438230118 0.312124260283375 0
    vertex -0.3760333023585059 0.3266807547560675 0
    vertex -0.3426665559439393 0.2537925458596755 0
  endloop
endfacet
facet normal 0 -0 1
  outer loop
    vertex -0.2477893256730688 0.5102563620235032 0
    vertex -0.2247228071545417 0.5942141171233811 0
    vertex -0.2969183094955776 0.5721406077809379 0
  endloop
endfacet
facet normal 0 0 1
  outer loop
    vertex 0.4795122771275141 0.4422276522616309 0
    vertex 0.4190420480357935 0.4756548337026199 0
    vertex 0.4199614635444675 0.3926613291887843 0
  endloop
endfacet
facet normal -0 0 1
  outer loop
    vertex -0.4253681991245956 -0.7360758592448847 0
    vertex -0.3698337580100656 -0.7824122484131838 0
    vertex -0.3522783931303673 -0.7213431187837946 0
  endloop
endfacet
facet normal 0 0 1
  outer loop
    vertex -0.4505023347400525 -0.4069564513647478 0
    vertex -0.5238235104306401 -0.4390757871031012 0
    vertex -0.4645102049750398 -0.471949023269688 0
  endloop
endfacet
facet normal 0 0 1
  outer loop
    vertex 0.08214767086514425 0.5215739723030194 0
    vertex 0.1194106422590817 0.4527927317664238 0
    vertex 0.1544395591309843 0.5043351697958558 0
  endloop
endfacet
facet normal 0 0 1
  outer loop
    vertex -0.6163739665561558 0.06740067986583716 0
    vertex -0.6617321102880704 0.005777090153060065 0
    vertex -0.5715392255576983 -0.01257948185168071 0
  endloop
endfacet
facet normal 0 0 1
  outer loop
    vertex -0.2255915300371643 -0.7267543877015108 0
    vertex -0.149599920876881 -0.7077869740194483 0
    vertex -0.2096863116653547 -0.6541567685053462 0
  endloop
endfacet
facet normal 0 0 1
  outer loop
    vertex -0.07566287578398499 -0.6871444842134667 0
    vertex -0.1261093988309593 -0.6341533913238595 0
    vertex -0.149599920876881 -0.7077869740194483 0
  endloop
endfacet
facet normal 0 0 1
  outer loop
    vertex 0.1874346946211348 -0.4997693479516028 0
    vertex 0.1252941234221147 -0.4442326619476161 0
    vertex 0.1184868121122332 -0.5312855348430141 0
  endloop
endfacet
facet normal 0 -0 1
  outer loop
    vertex -0.4326674531693089 -0.1087622850444563 0
    vertex -0.4323992208857451 -0.03074890326650938 0
    vertex -0.501462030938163 -0.06327292062751819 0
  endloop
endfacet
facet normal 0 0 1
  outer loop
    vertex 0.199375156895817 -0.4222594481343976 0
    vertex 0.1874346946211348 -0.4997693479516028 0
    vertex 0.2672933838823124 -0.4774900279141047 0
  endloop
endfacet
facet normal 0 0 1
  outer loop
    vertex -0.3029696438230118 0.312124260283375 0
    vertex -0.3223480839701427 0.3917662569787226 0
    vertex -0.3760333023585059 0.3266807547560675 0
  endloop
endfacet
facet normal 0 0 1
  outer loop
    vertex 0.5359142964679907 -0.1058456077935376 0
    vertex 0.4703591497561415 -0.144573662054406 0
    vertex 0.5326581233783412 -0.1858293182296112 0
  endloop
endfacet
facet normal 0 -0 1
  outer loop
    vertex -0.149599920876881 -0.7077869740194483 0
    vertex -0.1261093988309593 -0.6341533913238595 0
    vertex -0.2096863116653547 -0.6541567685053462 0
  endloop
endfacet
facet normal 0 0 1
  outer loop
    vertex -0.5715392255576983 -0.01257948185168071 0
    vertex -0.6617321102880704 0.005777090153060065 0
    vertex -0.6364774361285717 -0.07376548852493928 0
  endloop
endfacet
facet normal 0 0 1
  outer loop
    vertex 0.07923991194871913 0.6030414337915738 0
    vertex 0.007752778416527587 0.6438052456848091 0
    vertex 0.01633247599225268 0.5709963129862253 0
  endloop
endfacet
facet normal 0 0 1
  outer loop
    vertex -0.2896027842214173 -0.6702605503195489 0
    vertex -0.3778950107418795 -0.662495832836854 0
    vertex -0.3522783931303673 -0.7213431187837946 0
  endloop
endfacet
facet normal 0 0 1
  outer loop
    vertex -0.2457073544221949 0.432083535269455 0
    vertex -0.2477893256730688 0.5102563620235032 0
    vertex -0.301660523732993 0.4540302647881781 0
  endloop
endfacet
facet normal 0 -0 1
  outer loop
    vertex 0.6091891013994305 -0.06573324942461549 0
    vertex 0.6644422234796347 -0.001534657723090688 0
    vertex 0.594379832975525 0.0201578194479735 0
  endloop
endfacet
facet normal 0 0 1
  outer loop
    vertex 0.1874346946211348 -0.4997693479516028 0
    vertex 0.1184868121122332 -0.5312855348430141 0
    vertex 0.1803392309825579 -0.5790701493487999 0
  endloop
endfacet
facet normal 0 0 1
  outer loop
    vertex 0.5359142964679907 -0.1058456077935376 0
    vertex 0.5326581233783412 -0.1858293182296112 0
    vertex 0.5972284299678537 -0.1513157507070461 0
  endloop
endfacet
facet normal 0 0 1
  outer loop
    vertex -0.4326674531693089 -0.1087622850444563 0
    vertex -0.501462030938163 -0.06327292062751819 0
    vertex -0.5011066619696346 -0.1421905968772891 0
  endloop
endfacet
facet normal -0 0 1
  outer loop
    vertex 0.4630336150828211 0.01653771153464677 0
    vertex 0.5325328999396307 -0.0213886964371288 0
    vertex 0.5214767070390074 0.05301152731527942 0
  endloop
endfacet
facet normal 0 -0 1
  outer loop
    vertex -0.3686254811000867 -0.5262752851338246 0
    vertex -0.3336929540115899 -0.4559192555987406 0
    vertex -0.4058909065027221 -0.4636414111611081 0
  endloop
endfacet
facet normal -0 0 1
  outer loop
    vertex 0.4381924269794895 0.2602903331798352 0
    vertex 0.5190302709546349 0.2461282177911917 0
    vertex 0.4749385546208731 0.3294914504807317 0
  endloop
endfacet
facet normal 0 0 1
  outer loop
    vertex 0.4494546102389466 0.08679188814526639 0
    vertex 0.4630336150828211 0.01653771153464677 0
    vertex 0.5214767070390074 0.05301152731527942 0
  endloop
endfacet
facet normal 0 0 1
  outer loop
    vertex 0.5972284299678537 -0.1513157507070461 0
    vertex 0.5326581233783412 -0.1858293182296112 0
    vertex 0.5952364408021534 -0.2302082147834562 0
  endloop
endfacet
facet normal 0 0 1
  outer loop
    vertex 0.4630336150828211 0.01653771153464677 0
    vertex 0.471803364929681 -0.06129779299055251 0
    vertex 0.5325328999396307 -0.0213886964371288 0
  endloop
endfacet
facet normal 0 0 1
  outer loop
    vertex 0.4381924269794895 0.2602903331798352 0
    vertex 0.4801085621602922 0.1941739099384319 0
    vertex 0.5190302709546349 0.2461282177911917 0
  endloop
endfacet
facet normal 0 0 1
  outer loop
    vertex 0.333964802343215 -0.3409632651518676 0
    vertex 0.2695572783148781 -0.3842796647051892 0
    vertex 0.3378073926957854 -0.4220365369603608 0
  endloop
endfacet
facet normal 0 0 1
  outer loop
    vertex -0.5730057979761003 0.2686989911238054 0
    vertex -0.6601506736294636 0.2669581563226449 0
    vertex -0.610372155718008 0.1985184467222249 0
  endloop
endfacet
facet normal -0 0 1
  outer loop
    vertex 0.3589548137789457 0.2527559141973051 0
    vertex 0.4017477283501426 0.1954519990795184 0
    vertex 0.4381924269794895 0.2602903331798352 0
  endloop
endfacet
facet normal 0 0 1
  outer loop
    vertex 0.6605312607069216 -0.2724906178570377 0
    vertex 0.6562420922848364 -0.3474774395062015 0
    vertex 0.7202790277217486 -0.3155662706877511 0
  endloop
endfacet
facet normal 0 0 1
  outer loop
    vertex 0.03042409954936784 -0.5158763498276459 0
    vertex -0.04306720221913192 -0.5059944938508915 0
    vertex -0.01767423591133743 -0.5755493978337507 0
  endloop
endfacet
facet normal 0 0 1
  outer loop
    vertex -0.3810812137579474 -0.2584993039603811 0
    vertex -0.424176952240661 -0.191221912617352 0
    vertex -0.4456116691434066 -0.2535698319869168 0
  endloop
endfacet
facet normal 0 0 1
  outer loop
    vertex 0.000709290638001817 -0.4442068458595791 0
    vertex -0.07178980972238211 -0.4333373352792598 0
    vertex -0.04306720221913192 -0.5059944938508915 0
  endloop
endfacet
facet normal -0 0 1
  outer loop
    vertex 0.5919900167217841 -0.306684151192866 0
    vertex 0.6562420922848364 -0.3474774395062015 0
    vertex 0.6605312607069216 -0.2724906178570377 0
  endloop
endfacet
facet normal 0 0 1
  outer loop
    vertex 0.4051592943805261 -0.3745787152272974 0
    vertex 0.3378073926957854 -0.4220365369603608 0
    vertex 0.4115267791088065 -0.442524798917513 0
  endloop
endfacet
facet normal -0 0 1
  outer loop
    vertex 0.3950740477406239 0.3230762042741613 0
    vertex 0.4381924269794895 0.2602903331798352 0
    vertex 0.4749385546208731 0.3294914504807317 0
  endloop
endfacet
facet normal 0 0 1
  outer loop
    vertex -0.3396069536879812 -0.3222198025580679 0
    vertex -0.3810812137579474 -0.2584993039603811 0
    vertex -0.4258404666685785 -0.3241077372350709 0
  endloop
endfacet
facet normal 0 0 1
  outer loop
    vertex -0.08950081199877014 -0.56605643935269 0
    vertex -0.1759027708389015 -0.566223498321083 0
    vertex -0.1261093988309593 -0.6341533913238595 0
  endloop
endfacet
facet normal 0 0 1
  outer loop
    vertex -0.08950081199877014 -0.56605643935269 0
    vertex -0.1171474749090879 -0.4994127429255935 0
    vertex -0.1759027708389015 -0.566223498321083 0
  endloop
endfacet
facet normal -0 0 1
  outer loop
    vertex 0.2794108260202017 0.6293815400877281 0
    vertex 0.3475708351073785 0.5912516593303239 0
    vertex 0.3326245217816457 0.6677757950972888 0
  endloop
endfacet
facet normal 0 0 1
  outer loop
    vertex -0.267341024620556 -0.3241772309503088 0
    vertex -0.3017570472732172 -0.2554538786327612 0
    vertex -0.3396069536879812 -0.3222198025580679 0
  endloop
endfacet
facet normal -0 0 1
  outer loop
    vertex 0.2057899963968489 0.3606951355970163 0
    vertex 0.2677413742921609 0.3256562374405945 0
    vertex 0.2723261768972074 0.4003749948164055 0
  endloop
endfacet
facet normal 0 -0 1
  outer loop
    vertex -0.2457073544221949 0.432083535269455 0
    vertex -0.1759937789991857 0.4756997884311885 0
    vertex -0.2477893256730688 0.5102563620235032 0
  endloop
endfacet
facet normal 0 -0 1
  outer loop
    vertex -0.2315621359161027 0.2789519381446405 0
    vertex -0.1682304924131703 0.3217043334259012 0
    vertex -0.2429916609476956 0.3582424787821663 0
  endloop
endfacet
facet normal 0 -0 1
  outer loop
    vertex -0.3406991927301604 0.1257900257448232 0
    vertex -0.3056592025832521 0.1877402674847213 0
    vertex -0.3803780973552419 0.1923275947196067 0
  endloop
endfacet
facet normal 0 -0 1
  outer loop
    vertex -0.2429916609476956 0.3582424787821663 0
    vertex -0.1711751436407778 0.3998197547885937 0
    vertex -0.2457073544221949 0.432083535269455 0
  endloop
endfacet
facet normal -0 0 1
  outer loop
    vertex 0.2008552722998875 0.445729807736333 0
    vertex 0.2723261768972074 0.4003749948164055 0
    vertex 0.275430741622459 0.4790121682493469 0
  endloop
endfacet
facet normal 0 0 1
  outer loop
    vertex -0.6431327345964551 0.4055971067951089 0
    vertex -0.6093020190672203 0.337662403185687 0
    vertex -0.5678165188551574 0.4037256764663298 0
  endloop
endfacet
facet normal 0 -0 1
  outer loop
    vertex 0.2796783075934171 0.5571860407820717 0
    vertex 0.3475708351073785 0.5912516593303239 0
    vertex 0.2794108260202017 0.6293815400877281 0
  endloop
endfacet
facet normal -0 0 1
  outer loop
    vertex 0.3912247692170108 0.0478823270889982 0
    vertex 0.4630336150828211 0.01653771153464677 0
    vertex 0.4494546102389466 0.08679188814526639 0
  endloop
endfacet
facet normal 0 0 1
  outer loop
    vertex -0.537214990435857 0.1996904833606116 0
    vertex -0.5730057979761003 0.2686989911238054 0
    vertex -0.610372155718008 0.1985184467222249 0
  endloop
endfacet
facet normal 0 0 1
  outer loop
    vertex 0.4381924269794895 0.2602903331798352 0
    vertex 0.4017477283501426 0.1954519990795184 0
    vertex 0.4801085621602922 0.1941739099384319 0
  endloop
endfacet
facet normal 0 0 1
  outer loop
    vertex -0.3753865082588259 -0.3899917065513125 0
    vertex -0.4258404666685785 -0.3241077372350709 0
    vertex -0.4505023347400525 -0.4069564513647478 0
  endloop
endfacet
facet normal 0 0 1
  outer loop
    vertex -0.3406991927301604 0.1257900257448232 0
    vertex -0.3803780973552419 0.1923275947196067 0
    vertex -0.425738676125328 0.120852634910054 0
  endloop
endfacet
facet normal 0 0 1
  outer loop
    vertex 0.2695572783148781 -0.3842796647051892 0
    vertex 0.2018593090981924 -0.3453391035698231 0
    vertex 0.199375156895817 -0.4222594481343976 0
  endloop
endfacet
facet normal 0 -0 1
  outer loop
    vertex 0.2057899963968489 0.3606951355970163 0
    vertex 0.2723261768972074 0.4003749948164055 0
    vertex 0.2008552722998875 0.445729807736333 0
  endloop
endfacet
facet normal 0 0 1
  outer loop
    vertex -0.2982631046345149 -0.3876943372452317 0
    vertex -0.3396069536879812 -0.3222198025580679 0
    vertex -0.3753865082588259 -0.3899917065513125 0
  endloop
endfacet
facet normal 0 0 1
  outer loop
    vertex -0.3336929540115899 -0.4559192555987406 0
    vertex -0.3753865082588259 -0.3899917065513125 0
    vertex -0.4058909065027221 -0.4636414111611081 0
  endloop
endfacet
facet normal 0 -0 1
  outer loop
    vertex -0.425738676125328 0.120852634910054 0
    vertex -0.3803780973552419 0.1923275947196067 0
    vertex -0.4590231278436024 0.1954381521954058 0
  endloop
endfacet
facet normal 0 0 1
  outer loop
    vertex -0.04306720221913192 -0.5059944938508915 0
    vertex -0.1171474749090879 -0.4994127429255935 0
    vertex -0.08950081199877014 -0.56605643935269 0
  endloop
endfacet
facet normal 0 0 1
  outer loop
    vertex 0.2682214311722217 -0.3036410184477965 0
    vertex 0.2695572783148781 -0.3842796647051892 0
    vertex 0.333964802343215 -0.3409632651518676 0
  endloop
endfacet
facet normal 0 0 1
  outer loop
    vertex 0.000709290638001817 -0.4442068458595791 0
    vertex -0.04306720221913192 -0.5059944938508915 0
    vertex 0.03042409954936784 -0.5158763498276459 0
  endloop
endfacet
facet normal 0 0 1
  outer loop
    vertex 0.3236410184474094 0.188221431172707 0
    vertex 0.4017477283501426 0.1954519990795184 0
    vertex 0.3589548137789457 0.2527559141973051 0
  endloop
endfacet
facet normal 0 0 1
  outer loop
    vertex 0.333964802343215 -0.3409632651518676 0
    vertex 0.3378073926957854 -0.4220365369603608 0
    vertex 0.4051592943805261 -0.3745787152272974 0
  endloop
endfacet
facet normal 0 0 1
  outer loop
    vertex 0.5952364408021534 -0.2302082147834562 0
    vertex 0.5919900167217841 -0.306684151192866 0
    vertex 0.6605312607069216 -0.2724906178570377 0
  endloop
endfacet
facet normal 0 0 1
  outer loop
    vertex -0.2912247692127715 -0.1078823271075716 0
    vertex -0.3630561405535249 -0.07089478742529245 0
    vertex -0.3558787441311414 -0.1445098226370062 0
  endloop
endfacet
facet normal 0 0 1
  outer loop
    vertex 0.3589548137789457 0.2527559141973051 0
    vertex 0.4381924269794895 0.2602903331798352 0
    vertex 0.3950740477406239 0.3230762042741613 0
  endloop
endfacet
facet normal 0 0 1
  outer loop
    vertex 0.000709290638001817 -0.4442068458595791 0
    vertex -0.0278823266511839 -0.371224769316939 0
    vertex -0.07178980972238211 -0.4333373352792598 0
  endloop
endfacet
facet normal 0 0 1
  outer loop
    vertex 0.4630336150828211 0.01653771153464677 0
    vertex 0.4 -0.03 0
    vertex 0.471803364929681 -0.06129779299055251 0
  endloop
endfacet
facet normal 0 0 1
  outer loop
    vertex -0.2953182481746943 -0.5252109195530986 0
    vertex -0.3686254811000867 -0.5262752851338246 0
    vertex -0.3287138198783872 -0.5915892837921921 0
  endloop
endfacet
facet normal 0 0 1
  outer loop
    vertex 0.2008552722998875 0.445729807736333 0
    vertex 0.275430741622459 0.4790121682493469 0
    vertex 0.2116866794071052 0.5243249021597253 0
  endloop
endfacet
facet normal -0 0 1
  outer loop
    vertex -0.2457073544221949 0.432083535269455 0
    vertex -0.1711751436407778 0.3998197547885937 0
    vertex -0.1759937789991857 0.4756997884311885 0
  endloop
endfacet
facet normal 0 -0 1
  outer loop
    vertex -0.3396069536879812 -0.3222198025580679 0
    vertex -0.3017570472732172 -0.2554538786327612 0
    vertex -0.3810812137579474 -0.2584993039603811 0
  endloop
endfacet
facet normal 0 0 1
  outer loop
    vertex -0.2953182481746943 -0.5252109195530986 0
    vertex -0.3336929540115899 -0.4559192555987406 0
    vertex -0.3686254811000867 -0.5262752851338246 0
  endloop
endfacet
facet normal -0 0 1
  outer loop
    vertex 0.2116866794071052 0.5243249021597253 0
    vertex 0.275430741622459 0.4790121682493469 0
    vertex 0.2796783075934171 0.5571860407820717 0
  endloop
endfacet
facet normal 0 0 1
  outer loop
    vertex -0.267341024620556 -0.3241772309503088 0
    vertex -0.3396069536879812 -0.3222198025580679 0
    vertex -0.2982631046345149 -0.3876943372452317 0
  endloop
endfacet
facet normal 0 0 1
  outer loop
    vertex -0.425738676125328 0.120852634910054 0
    vertex -0.4590231278436024 0.1954381521954058 0
    vertex -0.5043480154968746 0.1316849254468832 0
  endloop
endfacet
facet normal 0 0 1
  outer loop
    vertex -0.04306720221913192 -0.5059944938508915 0
    vertex -0.07178980972238211 -0.4333373352792598 0
    vertex -0.1171474749090879 -0.4994127429255935 0
  endloop
endfacet
facet normal 0 0 1
  outer loop
    vertex -0.2315621359161027 0.2789519381446405 0
    vertex -0.2429916609476956 0.3582424787821663 0
    vertex -0.3029696438230118 0.312124260283375 0
  endloop
endfacet
facet normal -0 0 1
  outer loop
    vertex -0.2429916609476956 0.3582424787821663 0
    vertex -0.1682304924131703 0.3217043334259012 0
    vertex -0.1711751436407778 0.3998197547885937 0
  endloop
endfacet
facet normal -0 0 1
  outer loop
    vertex -0.6093020190672203 0.337662403185687 0
    vertex -0.5314287647060665 0.3347670643404562 0
    vertex -0.5678165188551574 0.4037256764663298 0
  endloop
endfacet
facet normal 0 -0 1
  outer loop
    vertex -0.5043480154968746 0.1316849254468832 0
    vertex -0.4590231278436024 0.1954381521954058 0
    vertex -0.537214990435857 0.1996904833606116 0
  endloop
endfacet
facet normal 0 0 1
  outer loop
    vertex -0.01767423591133743 -0.5755493978337507 0
    vertex -0.04306720221913192 -0.5059944938508915 0
    vertex -0.08950081199877014 -0.56605643935269 0
  endloop
endfacet
facet normal -0 0 1
  outer loop
    vertex 0.2796783075934171 0.5571860407820717 0
    vertex 0.3455947900024552 0.5151147099732146 0
    vertex 0.3475708351073785 0.5912516593303239 0
  endloop
endfacet
facet normal 0 0 1
  outer loop
    vertex -0.1682214312100727 0.2436410184176113 0
    vertex -0.1682304924131703 0.3217043334259012 0
    vertex -0.2315621359161027 0.2789519381446405 0
  endloop
endfacet
facet normal 0 -0 1
  outer loop
    vertex -0.5768156706082359 0.1326080557585017 0
    vertex -0.537214990435857 0.1996904833606116 0
    vertex -0.610372155718008 0.1985184467222249 0
  endloop
endfacet
facet normal 0 0 1
  outer loop
    vertex -0.2236410184170403 -0.2482214312107888 0
    vertex -0.3017570472732172 -0.2554538786327612 0
    vertex -0.267341024620556 -0.3241772309503088 0
  endloop
endfacet
facet normal 0 0 1
  outer loop
    vertex -0.3753865082588259 -0.3899917065513125 0
    vertex -0.4505023347400525 -0.4069564513647478 0
    vertex -0.4058909065027221 -0.4636414111611081 0
  endloop
endfacet
facet normal -0 0 1
  outer loop
    vertex 0.2126694528267202 0.5968775777043935 0
    vertex 0.2796783075934171 0.5571860407820717 0
    vertex 0.2794108260202017 0.6293815400877281 0
  endloop
endfacet
facet normal 0 0 1
  outer loop
    vertex -0.2896027842214173 -0.6702605503195489 0
    vertex -0.3287138198783872 -0.5915892837921921 0
    vertex -0.3778950107418795 -0.662495832836854 0
  endloop
endfacet
facet normal 0 -0 1
  outer loop
    vertex -0.3753865082588259 -0.3899917065513125 0
    vertex -0.3396069536879812 -0.3222198025580679 0
    vertex -0.4258404666685785 -0.3241077372350709 0
  endloop
endfacet
facet normal 0 0 1
  outer loop
    vertex 0.5919900167217841 -0.306684151192866 0
    vertex 0.5899936698470507 -0.3871210773429856 0
    vertex 0.6562420922848364 -0.3474774395062015 0
  endloop
endfacet
facet normal 0 0 1
  outer loop
    vertex 0.2018593082757533 0.2853391039658889 0
    vertex 0.2677413742921609 0.3256562374405945 0
    vertex 0.2057899963968489 0.3606951355970163 0
  endloop
endfacet
facet normal 0 0 1
  outer loop
    vertex -0.5043480154968746 0.1316849254468832 0
    vertex -0.537214990435857 0.1996904833606116 0
    vertex -0.5768156706082359 0.1326080557585017 0
  endloop
endfacet
facet normal 0 -0 1
  outer loop
    vertex -0.537214990435857 0.1996904833606116 0
    vertex -0.4951277326781446 0.2656221485099792 0
    vertex -0.5730057979761003 0.2686989911238054 0
  endloop
endfacet
facet normal 0 0 1
  outer loop
    vertex -0.2982631046345149 -0.3876943372452317 0
    vertex -0.3753865082588259 -0.3899917065513125 0
    vertex -0.3336929540115899 -0.4559192555987406 0
  endloop
endfacet
facet normal 0 0 1
  outer loop
    vertex 0.6562420922848364 -0.3474774395062015 0
    vertex 0.5899936698470507 -0.3871210773429856 0
    vertex 0.6611796375059378 -0.4183782884708458 0
  endloop
endfacet
facet normal 0 0 1
  outer loop
    vertex -0.424176952240661 -0.191221912617352 0
    vertex -0.5011066619696346 -0.1421905968772891 0
    vertex -0.5102730114277692 -0.2216872241810073 0
  endloop
endfacet
facet normal 0 0 1
  outer loop
    vertex 0.2682214311722217 -0.3036410184477965 0
    vertex 0.2018593090981924 -0.3453391035698231 0
    vertex 0.2695572783148781 -0.3842796647051892 0
  endloop
endfacet
facet normal 0 0 1
  outer loop
    vertex -0.2912247692127715 -0.1078823271075716 0
    vertex -0.3 -0.03 0
    vertex -0.3630561405535249 -0.07089478742529245 0
  endloop
endfacet
facet normal 0 0 1
  outer loop
    vertex 0.2116866794071052 0.5243249021597253 0
    vertex 0.2796783075934171 0.5571860407820717 0
    vertex 0.2126694528267202 0.5968775777043935 0
  endloop
endfacet
facet normal 0 0 1
  outer loop
    vertex -0.2653391039733099 0.1218593082603435 0
    vertex -0.3056592025832521 0.1877402674847213 0
    vertex -0.3406991927301604 0.1257900257448232 0
  endloop
endfacet
facet normal -0 0 1
  outer loop
    vertex 0.3236410184474094 0.188221431172707 0
    vertex 0.3653391035748103 0.1218593090878364 0
    vertex 0.4017477283501426 0.1954519990795184 0
  endloop
endfacet
facet normal 0 0 1
  outer loop
    vertex 0.05 -0.38 0
    vertex -0.0278823266511839 -0.371224769316939 0
    vertex 0.000709290638001817 -0.4442068458595791 0
  endloop
endfacet
facet normal 0 0 1
  outer loop
    vertex 0.3912247692170108 0.0478823270889982 0
    vertex 0.4 -0.03 0
    vertex 0.4630336150828211 0.01653771153464677 0
  endloop
endfacet
facet normal 0 0 1
  outer loop
    vertex -0.4326674531693089 -0.1087622850444563 0
    vertex -0.5011066619696346 -0.1421905968772891 0
    vertex -0.424176952240661 -0.191221912617352 0
  endloop
endfacet
facet normal 0 -0 1
  outer loop
    vertex -0.6601506736294636 0.2669581563226449 0
    vertex -0.6093020190672203 0.337662403185687 0
    vertex -0.6871256254652187 0.3405678411450493 0
  endloop
endfacet
facet normal 0 -0 1
  outer loop
    vertex -0.5730057979761003 0.2686989911238054 0
    vertex -0.5314287647060665 0.3347670643404562 0
    vertex -0.6093020190672203 0.337662403185687 0
  endloop
endfacet
facet normal 0 0 1
  outer loop
    vertex 0.3475708351073785 0.5912516593303239 0
    vertex 0.3455947900024552 0.5151147099732146 0
    vertex 0.4159386498861453 0.551435367509189 0
  endloop
endfacet
facet normal 0 0 1
  outer loop
    vertex 0.5952364408021534 -0.2302082147834562 0
    vertex 0.5283940923946113 -0.2640866426678349 0
    vertex 0.5919900167217841 -0.306684151192866 0
  endloop
endfacet
facet normal 0 -0 1
  outer loop
    vertex -0.5314287647060665 0.3347670643404562 0
    vertex -0.4901897204871153 0.3968283802448911 0
    vertex -0.5678165188551574 0.4037256764663298 0
  endloop
endfacet
facet normal 0 0 1
  outer loop
    vertex -0.5414487192233091 0.06469363323426855 0
    vertex -0.5768156706082359 0.1326080557585017 0
    vertex -0.6163739665561558 0.06740067986583716 0
  endloop
endfacet
facet normal 0 0 1
  outer loop
    vertex -0.02788232710471139 0.3112247692134243 0
    vertex 0.05 0.32 0
    vertex 0.003758675156374213 0.3752076012120296 0
  endloop
endfacet
facet normal 0 0 1
  outer loop
    vertex -0.1018593090842537 0.2853391035765357 0
    vertex -0.02788232710471139 0.3112247692134243 0
    vertex -0.08728846212989794 0.3623478820845673 0
  endloop
endfacet
facet normal 0 0 1
  outer loop
    vertex 0.5919900167217841 -0.306684151192866 0
    vertex 0.525940041096181 -0.3419001189609411 0
    vertex 0.5899936698470507 -0.3871210773429856 0
  endloop
endfacet
facet normal 0 0 1
  outer loop
    vertex -0.2504240820495711 -0.5879023314431092 0
    vertex -0.3287138198783872 -0.5915892837921921 0
    vertex -0.2896027842214173 -0.6702605503195489 0
  endloop
endfacet
facet normal -0 0 1
  outer loop
    vertex -0.5730057979761003 0.2686989911238054 0
    vertex -0.4951277326781446 0.2656221485099792 0
    vertex -0.5314287647060665 0.3347670643404562 0
  endloop
endfacet
facet normal -0 0 1
  outer loop
    vertex -0.1759937789991857 0.4756997884311885 0
    vertex -0.1080670607109391 0.4417830791676657 0
    vertex -0.1091002713629106 0.5121946291045054 0
  endloop
endfacet
facet normal 0 0 1
  outer loop
    vertex 0.2796783075934171 0.5571860407820717 0
    vertex 0.275430741622459 0.4790121682493469 0
    vertex 0.3455947900024552 0.5151147099732146 0
  endloop
endfacet
facet normal 0 -0 1
  outer loop
    vertex -0.1682214312100727 0.2436410184176113 0
    vertex -0.1018593090842537 0.2853391035765357 0
    vertex -0.1682304924131703 0.3217043334259012 0
  endloop
endfacet
facet normal 0 0 1
  outer loop
    vertex -0.2236410184170403 -0.2482214312107888 0
    vertex -0.2653391035590204 -0.1818593091206246 0
    vertex -0.3017570472732172 -0.2554538786327612 0
  endloop
endfacet
facet normal -0 0 1
  outer loop
    vertex -0.6871256254652187 0.3405678411450493 0
    vertex -0.6093020190672203 0.337662403185687 0
    vertex -0.6431327345964551 0.4055971067951089 0
  endloop
endfacet
facet normal 0 -0 1
  outer loop
    vertex 0.1473607398027467 0.5662277467523252 0
    vertex 0.2126694528267202 0.5968775777043935 0
    vertex 0.1465183611818279 0.6375902127321199 0
  endloop
endfacet
facet normal 0 -0 1
  outer loop
    vertex -0.3 -0.03 0
    vertex -0.2912247693172861 0.04788232664966326 0
    vertex -0.3667284939091094 0.005983679515426673 0
  endloop
endfacet
facet normal 0 0 1
  outer loop
    vertex -0.2544607141813979 -0.4596990454013684 0
    vertex -0.3336929540115899 -0.4559192555987406 0
    vertex -0.2953182481746943 -0.5252109195530986 0
  endloop
endfacet
facet normal -0 0 1
  outer loop
    vertex 0.05 0.32 0
    vertex 0.1278823266535808 0.311224769316392 0
    vertex 0.08598483828851883 0.3867301996447828 0
  endloop
endfacet
facet normal 0 0 1
  outer loop
    vertex -0.5730057979761003 0.2686989911238054 0
    vertex -0.6093020190672203 0.337662403185687 0
    vertex -0.6601506736294636 0.2669581563226449 0
  endloop
endfacet
facet normal 0 0 1
  outer loop
    vertex -0.3287138198783872 -0.5915892837921921 0
    vertex -0.3686254811000867 -0.5262752851338246 0
    vertex -0.4072643464606009 -0.5942944943779158 0
  endloop
endfacet
facet normal 0 0 1
  outer loop
    vertex 0.3653391039680636 -0.1818593082712375 0
    vertex 0.3236410192850799 -0.2482214301223015 0
    vertex 0.4060293754498291 -0.2413740709298778 0
  endloop
endfacet
facet normal -0 0 1
  outer loop
    vertex 0.2018593082757533 0.2853391039658889 0
    vertex 0.2682214301407023 0.2436410192704057 0
    vertex 0.2677413742921609 0.3256562374405945 0
  endloop
endfacet
facet normal 0 0 1
  outer loop
    vertex -0.4901897204871153 0.3968283802448911 0
    vertex -0.4122828497062356 0.3979496471159589 0
    vertex -0.4614100834247989 0.4570621976757863 0
  endloop
endfacet
facet normal 0 0 1
  outer loop
    vertex -0.1018593082731156 -0.3453391039671592 0
    vertex -0.1682214300812713 -0.3036410193178004 0
    vertex -0.1734454925950809 -0.3775156805602263 0
  endloop
endfacet
facet normal -0 0 1
  outer loop
    vertex -0.537214990435857 0.1996904833606116 0
    vertex -0.4590231278436024 0.1954381521954058 0
    vertex -0.4951277326781446 0.2656221485099792 0
  endloop
endfacet
facet normal 0 -0 1
  outer loop
    vertex -0.2653391039733099 0.1218593082603435 0
    vertex -0.2236410192983699 0.1882214301056364 0
    vertex -0.3056592025832521 0.1877402674847213 0
  endloop
endfacet
facet normal 0 0 1
  outer loop
    vertex 0.5899936698470507 -0.3871210773429856 0
    vertex 0.525940041096181 -0.3419001189609411 0
    vertex 0.5215239566310998 -0.4209293415541355 0
  endloop
endfacet
facet normal 0 0 1
  outer loop
    vertex -0.5414487192233091 0.06469363323426855 0
    vertex -0.6163739665561558 0.06740067986583716 0
    vertex -0.5715392255576983 -0.01257948185168071 0
  endloop
endfacet
facet normal 0 -0 1
  outer loop
    vertex -0.3778950107418795 -0.662495832836854 0
    vertex -0.3287138198783872 -0.5915892837921921 0
    vertex -0.4072643464606009 -0.5942944943779158 0
  endloop
endfacet
facet normal -0 0 1
  outer loop
    vertex -0.5314287647060665 0.3347670643404562 0
    vertex -0.4541100964682999 0.3323078682750488 0
    vertex -0.4901897204871153 0.3968283802448911 0
  endloop
endfacet
facet normal 0 0 1
  outer loop
    vertex 0.1473607398027467 0.5662277467523252 0
    vertex 0.1465183611818279 0.6375902127321199 0
    vertex 0.07923991194871913 0.6030414337915738 0
  endloop
endfacet
facet normal 0 0 1
  outer loop
    vertex -0.5043480154968746 0.1316849254468832 0
    vertex -0.5768156706082359 0.1326080557585017 0
    vertex -0.5414487192233091 0.06469363323426855 0
  endloop
endfacet
facet normal 0 0 1
  outer loop
    vertex 0.5952364408021534 -0.2302082147834562 0
    vertex 0.5326581233783412 -0.1858293182296112 0
    vertex 0.5283940923946113 -0.2640866426678349 0
  endloop
endfacet
facet normal 0 0 1
  outer loop
    vertex -0.2953182481746943 -0.5252109195530986 0
    vertex -0.3287138198783872 -0.5915892837921921 0
    vertex -0.2504240820495711 -0.5879023314431092 0
  endloop
endfacet
facet normal 0 -0 1
  outer loop
    vertex 0.2116866794071052 0.5243249021597253 0
    vertex 0.2126694528267202 0.5968775777043935 0
    vertex 0.1473607398027467 0.5662277467523252 0
  endloop
endfacet
facet normal 0 0 1
  outer loop
    vertex 0.5919900167217841 -0.306684151192866 0
    vertex 0.5283940923946113 -0.2640866426678349 0
    vertex 0.525940041096181 -0.3419001189609411 0
  endloop
endfacet
facet normal 0 0 1
  outer loop
    vertex 0.275430741622459 0.4790121682493469 0
    vertex 0.2723261768972074 0.4003749948164055 0
    vertex 0.3445687601602919 0.4378651928415155 0
  endloop
endfacet
facet normal -0 0 1
  outer loop
    vertex -0.4614100834247989 0.4570621976757863 0
    vertex -0.4122828497062356 0.3979496471159589 0
    vertex -0.3705818661571095 0.4640768427135755 0
  endloop
endfacet
facet normal 0 0 1
  outer loop
    vertex -0.1759937789991857 0.4756997884311885 0
    vertex -0.1711751436407778 0.3998197547885937 0
    vertex -0.1080670607109391 0.4417830791676657 0
  endloop
endfacet
facet normal 0 0 1
  outer loop
    vertex -0.1091002713629106 0.5121946291045054 0
    vertex -0.1080670607109391 0.4417830791676657 0
    vertex -0.04200258945626176 0.4834045713960935 0
  endloop
endfacet
facet normal 0 0 1
  outer loop
    vertex -0.2982631046345149 -0.3876943372452317 0
    vertex -0.3336929540115899 -0.4559192555987406 0
    vertex -0.2544607141813979 -0.4596990454013684 0
  endloop
endfacet
facet normal -0 0 1
  outer loop
    vertex -0.4590231278436024 0.1954381521954058 0
    vertex -0.3803780973552419 0.1923275947196067 0
    vertex -0.4177998728354326 0.2616526772131994 0
  endloop
endfacet
facet normal 0 0 1
  outer loop
    vertex 0.4159386498861453 0.551435367509189 0
    vertex 0.3455947900024552 0.5151147099732146 0
    vertex 0.4190420480357935 0.4756548337026199 0
  endloop
endfacet
facet normal 0 0 1
  outer loop
    vertex -0.7253150048853516 0.5102331788252134 0
    vertex -0.7996942636826532 0.4874931573467243 0
    vertex -0.7453196574045228 0.4405053616506442 0
  endloop
endfacet
facet normal 0 0 1
  outer loop
    vertex 0.7253150048853516 -0.5102331788252134 0
    vertex 0.7996942636826532 -0.4874931573467243 0
    vertex 0.735925487910752 -0.4402182936748186 0
  endloop
endfacet
facet normal 0 0 1
  outer loop
    vertex -0.8285934795232525 0.315994618274228 0
    vertex -0.8058534580448845 0.2416153594773226 0
    vertex -0.749692234533779 0.2970207611980632 0
  endloop
endfacet
facet normal 0 0 1
  outer loop
    vertex 0.3903738770712159 0.8513335010016456 0
    vertex 0.315994618274228 0.8285934795232525 0
    vertex 0.3755470588865331 0.7823771475219481 0
  endloop
endfacet
facet normal 0 0 1
  outer loop
    vertex -0.3903738770712159 -0.8513335010016456 0
    vertex -0.315994618274228 -0.8285934795232525 0
    vertex -0.3698337580100656 -0.7824122484131838 0
  endloop
endfacet
facet normal -0 0 1
  outer loop
    vertex -0.4901897204871153 0.3968283802448911 0
    vertex -0.4541100964682999 0.3323078682750488 0
    vertex -0.4122828497062356 0.3979496471159589 0
  endloop
endfacet
facet normal 0 0 1
  outer loop
    vertex -0.5314287647060665 0.3347670643404562 0
    vertex -0.4951277326781446 0.2656221485099792 0
    vertex -0.4541100964682999 0.3323078682750488 0
  endloop
endfacet
facet normal 0 0 1
  outer loop
    vertex 0.5329732003037002 0.6509357460880574 0
    vertex 0.5102331788252134 0.7253150048853516 0
    vertex 0.4592908392816759 0.6746226770328585 0
  endloop
endfacet
facet normal 0 0 1
  outer loop
    vertex -0.5329732003037002 -0.6509357460880574 0
    vertex -0.5102331788252134 -0.7253150048853516 0
    vertex -0.4556564671582414 -0.6606838953475955 0
  endloop
endfacet
facet normal 0 0 1
  outer loop
    vertex -0.5765564872907392 0.5557132217821944 0
    vertex -0.6509357460880574 0.5329732003037002 0
    vertex -0.5941363532368815 0.4776418834665146 0
  endloop
endfacet
facet normal 0 0 1
  outer loop
    vertex 0.8058534580448845 -0.2416153594773226 0
    vertex 0.783113436566522 -0.1672361006804348 0
    vertex 0.7319642139905754 -0.233960866674897 0
  endloop
endfacet
facet normal 0 0 1
  outer loop
    vertex 0.315994618274228 0.8285934795232525 0
    vertex 0.2416153594773226 0.8058534580448845 0
    vertex 0.3069769920993861 0.7472113501252982 0
  endloop
endfacet
facet normal 0 0 1
  outer loop
    vertex -0.315994618274228 -0.8285934795232525 0
    vertex -0.2416153594773226 -0.8058534580448845 0
    vertex -0.2986922135538786 -0.7554711031045021 0
  endloop
endfacet
facet normal 0 0 1
  outer loop
    vertex -0.5021772284933919 0.5784532432606975 0
    vertex -0.5765564872907392 0.5557132217821944 0
    vertex -0.5183354658391761 0.5082866595461941 0
  endloop
endfacet
facet normal 0 0 1
  outer loop
    vertex 0.3755470588865331 0.7823771475219481 0
    vertex 0.315994618274228 0.8285934795232525 0
    vertex 0.3069769920993861 0.7472113501252982 0
  endloop
endfacet
facet normal -0 0 1
  outer loop
    vertex -0.3698337580100656 -0.7824122484131838 0
    vertex -0.315994618274228 -0.8285934795232525 0
    vertex -0.2986922135538786 -0.7554711031045021 0
  endloop
endfacet
facet normal 0 0 1
  outer loop
    vertex 0.5557132217821944 0.5765564872907392 0
    vertex 0.5329732003037002 0.6509357460880574 0
    vertex 0.4790882789173413 0.5980512925773525 0
  endloop
endfacet
facet normal 0 0 1
  outer loop
    vertex -0.5765564872907392 0.5557132217821944 0
    vertex -0.5941363532368815 0.4776418834665146 0
    vertex -0.5183354658391761 0.5082866595461941 0
  endloop
endfacet
facet normal 0 0 1
  outer loop
    vertex 0.783113436566522 -0.1672361006804348 0
    vertex 0.7603734150881511 -0.09285684188352 0
    vertex 0.7113707758130278 -0.1494432128024299 0
  endloop
endfacet
facet normal 0 0 1
  outer loop
    vertex 0.5329732003037002 0.6509357460880574 0
    vertex 0.4592908392816759 0.6746226770328585 0
    vertex 0.4790882789173413 0.5980512925773525 0
  endloop
endfacet
facet normal 0 0 1
  outer loop
    vertex -0.3534187108987657 0.6239332862176826 0
    vertex -0.4277979696960951 0.6011932647391851 0
    vertex -0.3686664481991816 0.5503706404687227 0
  endloop
endfacet
facet normal 0 0 1
  outer loop
    vertex 0.2416153594773226 0.8058534580448845 0
    vertex 0.1672361006804348 0.783113436566522 0
    vertex 0.2239352726954965 0.7315502829610858 0
  endloop
endfacet
facet normal 0 0 1
  outer loop
    vertex -0.783113436566522 0.1672361006804348 0
    vertex -0.7603734150881511 0.09285684188352 0
    vertex -0.7073290981945637 0.1497399075648465 0
  endloop
endfacet
facet normal 0 0 1
  outer loop
    vertex -0.2416153594773226 -0.8058534580448845 0
    vertex -0.1672361006804348 -0.783113436566522 0
    vertex -0.2255915300371643 -0.7267543877015108 0
  endloop
endfacet
facet normal 0 0 1
  outer loop
    vertex -0.09285684188352 -0.7603734150881511 0
    vertex -0.01847758308660707 -0.737633393609781 0
    vertex -0.07566287578398499 -0.6871444842134667 0
  endloop
endfacet
facet normal 0 0 1
  outer loop
    vertex -0.5784532432606975 -0.5021772284933919 0
    vertex -0.5557132217821944 -0.5765564872907392 0
    vertex -0.5040902178594004 -0.5198208220158481 0
  endloop
endfacet
facet normal 0 0 1
  outer loop
    vertex -0.05590167571032584 0.7148933721314046 0
    vertex -0.1302809345072386 0.6921533506530344 0
    vertex -0.07339786882590997 0.6391090337594358 0
  endloop
endfacet
facet normal 0 0 1
  outer loop
    vertex 0.09285684188352 0.7603734150881511 0
    vertex 0.01847758308660707 0.737633393609781 0
    vertex 0.08257683188984741 0.6823024883222246 0
  endloop
endfacet
facet normal 0 0 1
  outer loop
    vertex -0.737633393609781 0.01847758308660707 0
    vertex -0.7148933721314046 -0.05590167571032584 0
    vertex -0.6617321102880704 0.005777090153060065 0
  endloop
endfacet
facet normal 0 0 1
  outer loop
    vertex -0.6921533506530344 -0.1302809345072386 0
    vertex -0.6694133291746618 -0.2046601933041589 0
    vertex -0.6165677408687298 -0.1484109849485704 0
  endloop
endfacet
facet normal 0 0 1
  outer loop
    vertex -0.6011932647391851 -0.4277979696960951 0
    vertex -0.5784532432606975 -0.5021772284933919 0
    vertex -0.5238235104306401 -0.4390757871031012 0
  endloop
endfacet
facet normal 0 0 1
  outer loop
    vertex -0.6694133291746618 -0.2046601933041589 0
    vertex -0.6466733076961722 -0.2790394521014625 0
    vertex -0.5936289908025157 -0.2221563864199023 0
  endloop
endfacet
facet normal 0 0 1
  outer loop
    vertex 0.5784532432606975 0.5021772284933919 0
    vertex 0.5557132217821944 0.5765564872907392 0
    vertex 0.4994688314271576 0.5158743352575192 0
  endloop
endfacet
facet normal 0 0 1
  outer loop
    vertex -0.4951277326781446 0.2656221485099792 0
    vertex -0.4590231278436024 0.1954381521954058 0
    vertex -0.4177998728354326 0.2616526772131994 0
  endloop
endfacet
facet normal 0 0 1
  outer loop
    vertex 0.5765564872907392 -0.5557132217821944 0
    vertex 0.6509357460880574 -0.5329732003037002 0
    vertex 0.5948078681640099 -0.4776465914185395 0
  endloop
endfacet
facet normal 0 0 1
  outer loop
    vertex 0.3455947900024552 0.5151147099732146 0
    vertex 0.275430741622459 0.4790121682493469 0
    vertex 0.3445687601602919 0.4378651928415155 0
  endloop
endfacet
facet normal 0 0 1
  outer loop
    vertex -0.6466733076961722 -0.2790394521014625 0
    vertex -0.6239332862176826 -0.3534187108987657 0
    vertex -0.5605593986859203 -0.3007372343786551 0
  endloop
endfacet
facet normal 0 0 1
  outer loop
    vertex -0.1302809345072386 0.6921533506530344 0
    vertex -0.2046601933041589 0.6694133291746618 0
    vertex -0.1515872551987856 0.6198611555713904 0
  endloop
endfacet
facet normal 0 0 1
  outer loop
    vertex 0.6239332862176826 0.3534187108987657 0
    vertex 0.6011932647391851 0.4277979696960951 0
    vertex 0.5499321697530729 0.3719512819848318 0
  endloop
endfacet
facet normal 0 0 1
  outer loop
    vertex 0.4277979696960951 -0.6011932647391851 0
    vertex 0.5021772284933919 -0.5784532432606975 0
    vertex 0.4350541093082164 -0.5216705696858542 0
  endloop
endfacet
facet normal 0 0 1
  outer loop
    vertex -0.6239332862176826 -0.3534187108987657 0
    vertex -0.6011932647391851 -0.4277979696960951 0
    vertex -0.563178188214562 -0.3755430499462853 0
  endloop
endfacet
facet normal 0 0 1
  outer loop
    vertex -0.2046601933041589 0.6694133291746618 0
    vertex -0.2790394521014625 0.6466733076961722 0
    vertex -0.2247228071545417 0.5942141171233811 0
  endloop
endfacet
facet normal 0 0 1
  outer loop
    vertex -0.01847758308660707 -0.737633393609781 0
    vertex 0.05590167571032584 -0.7148933721314046 0
    vertex 0.002319974428321971 -0.6529549446848221 0
  endloop
endfacet
facet normal 0 0 1
  outer loop
    vertex 0.1184868121122332 -0.5312855348430141 0
    vertex 0.03042409954936784 -0.5158763498276459 0
    vertex 0.05641800087627936 -0.5884819471218056 0
  endloop
endfacet
facet normal 0 0 1
  outer loop
    vertex 0.7603734150881511 -0.09285684188352 0
    vertex 0.737633393609781 -0.01847758308660707 0
    vertex 0.6873940454672376 -0.07459325148386864 0
  endloop
endfacet
facet normal 0 0 1
  outer loop
    vertex -0.3705818661571095 0.4640768427135755 0
    vertex -0.4122828497062356 0.3979496471159589 0
    vertex -0.3223480839701427 0.3917662569787226 0
  endloop
endfacet
facet normal 0 0 1
  outer loop
    vertex 0.737633393609781 -0.01847758308660707 0
    vertex 0.7148933721314046 0.05590167571032584 0
    vertex 0.6644422234796347 -0.001534657723090688 0
  endloop
endfacet
facet normal 0 -0 1
  outer loop
    vertex 0.7319642139905754 -0.233960866674897 0
    vertex 0.783113436566522 -0.1672361006804348 0
    vertex 0.7113707758130278 -0.1494432128024299 0
  endloop
endfacet
facet normal 0 0 1
  outer loop
    vertex -0.4541100964682999 0.3323078682750488 0
    vertex -0.4951277326781446 0.2656221485099792 0
    vertex -0.4177998728354326 0.2616526772131994 0
  endloop
endfacet
facet normal 0 0 1
  outer loop
    vertex 0.05590167571032584 -0.7148933721314046 0
    vertex 0.1302809345072386 -0.6921533506530344 0
    vertex 0.07515578669136985 -0.6547394375200558 0
  endloop
endfacet
facet normal 0 0 1
  outer loop
    vertex 0.7148933721314046 0.05590167571032584 0
    vertex 0.6921533506530344 0.1302809345072386 0
    vertex 0.6422001426763357 0.07434291566153566 0
  endloop
endfacet
facet normal 0 0 1
  outer loop
    vertex 0.6921533506530344 0.1302809345072386 0
    vertex 0.6694133291746618 0.2046601933041589 0
    vertex 0.6210745609335456 0.1498833674794546 0
  endloop
endfacet
facet normal 0 0 1
  outer loop
    vertex 0.6694133291746618 0.2046601933041589 0
    vertex 0.6466733076961722 0.2790394521014625 0
    vertex 0.5957081351602147 0.2267977002038698 0
  endloop
endfacet
facet normal 0 0 1
  outer loop
    vertex 0.2416153594773226 0.8058534580448845 0
    vertex 0.2239352726954965 0.7315502829610858 0
    vertex 0.3069769920993861 0.7472113501252982 0
  endloop
endfacet
facet normal 0 0 1
  outer loop
    vertex 0.2790394521014625 -0.6466733076961722 0
    vertex 0.3534187108987657 -0.6239332862176826 0
    vertex 0.2977348998754553 -0.5658268954543441 0
  endloop
endfacet
facet normal 0 0 1
  outer loop
    vertex 0.4190420480357935 0.4756548337026199 0
    vertex 0.3455947900024552 0.5151147099732146 0
    vertex 0.3445687601602919 0.4378651928415155 0
  endloop
endfacet
facet normal 0 -0 1
  outer loop
    vertex -0.2416153594773226 -0.8058534580448845 0
    vertex -0.2255915300371643 -0.7267543877015108 0
    vertex -0.2986922135538786 -0.7554711031045021 0
  endloop
endfacet
facet normal 0 -0 1
  outer loop
    vertex 0.4994688314271576 0.5158743352575192 0
    vertex 0.5557132217821944 0.5765564872907392 0
    vertex 0.4790882789173413 0.5980512925773525 0
  endloop
endfacet
facet normal -0 0 1
  outer loop
    vertex -0.5784532432606975 -0.5021772284933919 0
    vertex -0.5040902178594004 -0.5198208220158481 0
    vertex -0.5238235104306401 -0.4390757871031012 0
  endloop
endfacet
facet normal 0 0 1
  outer loop
    vertex -0.6165677408687298 -0.1484109849485704 0
    vertex -0.6694133291746618 -0.2046601933041589 0
    vertex -0.5936289908025157 -0.2221563864199023 0
  endloop
endfacet
facet normal 0 0 1
  outer loop
    vertex -0.07339786882590997 0.6391090337594358 0
    vertex -0.1302809345072386 0.6921533506530344 0
    vertex -0.1515872551987856 0.6198611555713904 0
  endloop
endfacet
facet normal 0 0 1
  outer loop
    vertex -0.5936289908025157 -0.2221563864199023 0
    vertex -0.6466733076961722 -0.2790394521014625 0
    vertex -0.5605593986859203 -0.3007372343786551 0
  endloop
endfacet
facet normal 0 0 1
  outer loop
    vertex 0.7603734150881511 -0.09285684188352 0
    vertex 0.6873940454672376 -0.07459325148386864 0
    vertex 0.7113707758130278 -0.1494432128024299 0
  endloop
endfacet
facet normal 0 0 1
  outer loop
    vertex -0.563178188214562 -0.3755430499462853 0
    vertex -0.6011932647391851 -0.4277979696960951 0
    vertex -0.5238235104306401 -0.4390757871031012 0
  endloop
endfacet
facet normal -0 0 1
  outer loop
    vertex -0.6239332862176826 -0.3534187108987657 0
    vertex -0.563178188214562 -0.3755430499462853 0
    vertex -0.5605593986859203 -0.3007372343786551 0
  endloop
endfacet
facet normal -0 0 1
  outer loop
    vertex -0.07566287578398499 -0.6871444842134667 0
    vertex -0.01847758308660707 -0.737633393609781 0
    vertex 0.002319974428321971 -0.6529549446848221 0
  endloop
endfacet
facet normal 0 0 1
  outer loop
    vertex -0.2046601933041589 0.6694133291746618 0
    vertex -0.2247228071545417 0.5942141171233811 0
    vertex -0.1515872551987856 0.6198611555713904 0
  endloop
endfacet
facet normal 0 -0 1
  outer loop
    vertex 0.6873940454672376 -0.07459325148386864 0
    vertex 0.737633393609781 -0.01847758308660707 0
    vertex 0.6644422234796347 -0.001534657723090688 0
  endloop
endfacet
facet normal 0 -0 1
  outer loop
    vertex 0.05590167571032584 -0.7148933721314046 0
    vertex 0.07515578669136985 -0.6547394375200558 0
    vertex 0.002319974428321971 -0.6529549446848221 0
  endloop
endfacet
facet normal 0 0 1
  outer loop
    vertex 0.7148933721314046 0.05590167571032584 0
    vertex 0.6422001426763357 0.07434291566153566 0
    vertex 0.6644422234796347 -0.001534657723090688 0
  endloop
endfacet
facet normal 0 -0 1
  outer loop
    vertex 0.6422001426763357 0.07434291566153566 0
    vertex 0.6921533506530344 0.1302809345072386 0
    vertex 0.6210745609335456 0.1498833674794546 0
  endloop
endfacet
facet normal 0 0 1
  outer loop
    vertex 0.6694133291746618 0.2046601933041589 0
    vertex 0.5957081351602147 0.2267977002038698 0
    vertex 0.6210745609335456 0.1498833674794546 0
  endloop
endfacet
facet normal -0 0 1
  outer loop
    vertex -0.2255915300371643 -0.7267543877015108 0
    vertex -0.1672361006804348 -0.783113436566522 0
    vertex -0.149599920876881 -0.7077869740194483 0
  endloop
endfacet
facet normal 0 -0 1
  outer loop
    vertex -0.09285684188352 -0.7603734150881511 0
    vertex -0.07566287578398499 -0.6871444842134667 0
    vertex -0.149599920876881 -0.7077869740194483 0
  endloop
endfacet
facet normal 0 0 1
  outer loop
    vertex -0.2504240820495711 -0.5879023314431092 0
    vertex -0.2896027842214173 -0.6702605503195489 0
    vertex -0.2096863116653547 -0.6541567685053462 0
  endloop
endfacet
facet normal 0 0 1
  outer loop
    vertex -0.1672361006804348 -0.783113436566522 0
    vertex -0.09285684188352 -0.7603734150881511 0
    vertex -0.149599920876881 -0.7077869740194483 0
  endloop
endfacet
facet normal 0 0 1
  outer loop
    vertex 0.4592908392816759 0.6746226770328585 0
    vertex 0.4405516435648328 0.7506213762206588 0
    vertex 0.3850936927267442 0.713963271686979 0
  endloop
endfacet
facet normal 0 0 1
  outer loop
    vertex 0.5499321697530729 0.3719512819848318 0
    vertex 0.539767573164976 0.4458092261506939 0
    vertex 0.4934855311013077 0.3869063936980326 0
  endloop
endfacet
facet normal -0 0 1
  outer loop
    vertex 0.5325328999396307 -0.0213886964371288 0
    vertex 0.6091891013994305 -0.06573324942461549 0
    vertex 0.594379832975525 0.0201578194479735 0
  endloop
endfacet
facet normal 0 0 1
  outer loop
    vertex -0.3534187108987657 0.6239332862176826 0
    vertex -0.3686664481991816 0.5503706404687227 0
    vertex -0.2969183094955776 0.5721406077809379 0
  endloop
endfacet
facet normal 0 0 1
  outer loop
    vertex 0.3505107227361433 -0.5004821596665396 0
    vertex 0.2977348998754553 -0.5658268954543441 0
    vertex 0.3729032825029352 -0.5626212351527212 0
  endloop
endfacet
facet normal 0 0 1
  outer loop
    vertex -0.2247228071545417 0.5942141171233811 0
    vertex -0.2790394521014625 0.6466733076961722 0
    vertex -0.2969183094955776 0.5721406077809379 0
  endloop
endfacet
facet normal -0 0 1
  outer loop
    vertex -0.5329732003037002 -0.6509357460880574 0
    vertex -0.4556564671582414 -0.6606838953475955 0
    vertex -0.4820656582193211 -0.589307073054126 0
  endloop
endfacet
facet normal 0 0 1
  outer loop
    vertex -0.5040902178594004 -0.5198208220158481 0
    vertex -0.5557132217821944 -0.5765564872907392 0
    vertex -0.4820656582193211 -0.589307073054126 0
  endloop
endfacet
facet normal 0 0 1
  outer loop
    vertex -0.2247228071545417 0.5942141171233811 0
    vertex -0.2477893256730688 0.5102563620235032 0
    vertex -0.168656633272653 0.5484108766963602 0
  endloop
endfacet
facet normal 0 0 1
  outer loop
    vertex -0.2790394521014625 0.6466733076961722 0
    vertex -0.3534187108987657 0.6239332862176826 0
    vertex -0.2969183094955776 0.5721406077809379 0
  endloop
endfacet
facet normal 0 0 1
  outer loop
    vertex 0.5214767070390074 0.05301152731527942 0
    vertex 0.5325328999396307 -0.0213886964371288 0
    vertex 0.594379832975525 0.0201578194479735 0
  endloop
endfacet
facet normal 0 0 1
  outer loop
    vertex 0.4994688314271576 0.5158743352575192 0
    vertex 0.4795122771275141 0.4422276522616309 0
    vertex 0.539767573164976 0.4458092261506939 0
  endloop
endfacet
facet normal 0 0 1
  outer loop
    vertex -0.2477893256730688 0.5102563620235032 0
    vertex -0.3173134024032206 0.5086466788910096 0
    vertex -0.301660523732993 0.4540302647881781 0
  endloop
endfacet
facet normal 0 0 1
  outer loop
    vertex -0.8513335010016456 0.3903738770712159 0
    vertex -0.8285934795232525 0.315994618274228 0
    vertex -0.7666400907598691 0.3724209215859011 0
  endloop
endfacet
facet normal 0 0 1
  outer loop
    vertex 0.5102331788252134 0.7253150048853516 0
    vertex 0.4874931573467243 0.7996942636826532 0
    vertex 0.4405516435648328 0.7506213762206588 0
  endloop
endfacet
facet normal 0 0 1
  outer loop
    vertex -0.5102331788252134 -0.7253150048853516 0
    vertex -0.4874931573467243 -0.7996942636826532 0
    vertex -0.4253681991245956 -0.7360758592448847 0
  endloop
endfacet
facet normal 0 0 1
  outer loop
    vertex -0.3223480839701427 0.3917662569787226 0
    vertex -0.4122828497062356 0.3979496471159589 0
    vertex -0.3760333023585059 0.3266807547560675 0
  endloop
endfacet
facet normal 0 0 1
  outer loop
    vertex -0.4541100964682999 0.3323078682750488 0
    vertex -0.4177998728354326 0.2616526772131994 0
    vertex -0.3760333023585059 0.3266807547560675 0
  endloop
endfacet
facet normal 0 0 1
  outer loop
    vertex 0.6873940454672376 -0.07459325148386864 0
    vertex 0.6091891013994305 -0.06573324942461549 0
    vertex 0.6540616971218781 -0.125359595864398 0
  endloop
endfacet
facet normal 0 0 1
  outer loop
    vertex -0.5557132217821944 -0.5765564872907392 0
    vertex -0.5329732003037002 -0.6509357460880574 0
    vertex -0.4820656582193211 -0.589307073054126 0
  endloop
endfacet
facet normal 0 0 1
  outer loop
    vertex 0.539767573164976 0.4458092261506939 0
    vertex 0.4795122771275141 0.4422276522616309 0
    vertex 0.4934855311013077 0.3869063936980326 0
  endloop
endfacet
facet normal 0 -0 1
  outer loop
    vertex -0.6617321102880704 0.005777090153060065 0
    vertex -0.6163739665561558 0.06740067986583716 0
    vertex -0.6879323275778595 0.07725356398101224 0
  endloop
endfacet
facet normal 0 0 1
  outer loop
    vertex -0.2504240820495711 -0.5879023314431092 0
    vertex -0.1759027708389015 -0.566223498321083 0
    vertex -0.2343981440740841 -0.5299214258653479 0
  endloop
endfacet
facet normal 0 0 1
  outer loop
    vertex 0.2239352726954965 0.7315502829610858 0
    vertex 0.1672361006804348 0.783113436566522 0
    vertex 0.1537940412450947 0.7099366268408708 0
  endloop
endfacet
facet normal 0 0 1
  outer loop
    vertex 0.09285684188352 0.7603734150881511 0
    vertex 0.08257683188984741 0.6823024883222246 0
    vertex 0.1537940412450947 0.7099366268408708 0
  endloop
endfacet
facet normal 0 0 1
  outer loop
    vertex 0.5326581233783412 -0.1858293182296112 0
    vertex 0.4703591497561415 -0.144573662054406 0
    vertex 0.469661588837577 -0.2207626443058245 0
  endloop
endfacet
facet normal 0 0 1
  outer loop
    vertex 0.3445687601602919 0.4378651928415155 0
    vertex 0.2723261768972074 0.4003749948164055 0
    vertex 0.3360740682424064 0.3622841679002615 0
  endloop
endfacet
facet normal 0 0 1
  outer loop
    vertex -0.7073290981945637 0.1497399075648465 0
    vertex -0.7603734150881511 0.09285684188352 0
    vertex -0.6879323275778595 0.07725356398101224 0
  endloop
endfacet
facet normal 0 0 1
  outer loop
    vertex -0.4177998728354326 0.2616526772131994 0
    vertex -0.3803780973552419 0.1923275947196067 0
    vertex -0.3426665559439393 0.2537925458596755 0
  endloop
endfacet
facet normal -0 0 1
  outer loop
    vertex -0.737633393609781 0.01847758308660707 0
    vertex -0.6617321102880704 0.005777090153060065 0
    vertex -0.6879323275778595 0.07725356398101224 0
  endloop
endfacet
facet normal -0 0 1
  outer loop
    vertex -0.5183354658391761 0.5082866595461941 0
    vertex -0.4614100834247989 0.4570621976757863 0
    vertex -0.4484252319521647 0.5356501920633409 0
  endloop
endfacet
facet normal 0 -0 1
  outer loop
    vertex 0.525940041096181 -0.3419001189609411 0
    vertex 0.5283940923946113 -0.2640866426678349 0
    vertex 0.4569993013145776 -0.3050178078152718 0
  endloop
endfacet
facet normal 0 -0 1
  outer loop
    vertex 0.6605312607069216 -0.2724906178570377 0
    vertex 0.7319642139905754 -0.233960866674897 0
    vertex 0.6596816127949259 -0.1977853607826363 0
  endloop
endfacet
facet normal 0 0 1
  outer loop
    vertex 0.6239332862176826 0.3534187108987657 0
    vertex 0.5499321697530729 0.3719512819848318 0
    vertex 0.5782729804315628 0.2987931639650115 0
  endloop
endfacet
facet normal 0 -0 1
  outer loop
    vertex 0.5957081351602147 0.2267977002038698 0
    vertex 0.6466733076961722 0.2790394521014625 0
    vertex 0.5782729804315628 0.2987931639650115 0
  endloop
endfacet
facet normal 0 0 1
  outer loop
    vertex 0.4703591497561415 -0.144573662054406 0
    vertex 0.3912247693143248 -0.1078823266626378 0
    vertex 0.4227468238049584 -0.1825479767750895 0
  endloop
endfacet
facet normal 0 0 1
  outer loop
    vertex 0.07923991194871913 0.6030414337915738 0
    vertex 0.01633247599225268 0.5709963129862253 0
    vertex 0.08214767086514425 0.5215739723030194 0
  endloop
endfacet
facet normal 0 0 1
  outer loop
    vertex -0.3686664481991816 0.5503706404687227 0
    vertex -0.3705818661571095 0.4640768427135755 0
    vertex -0.3173134024032206 0.5086466788910096 0
  endloop
endfacet
facet normal 0 0 1
  outer loop
    vertex 0.1473607398027467 0.5662277467523252 0
    vertex 0.07923991194871913 0.6030414337915738 0
    vertex 0.08214767086514425 0.5215739723030194 0
  endloop
endfacet
facet normal 0 0 1
  outer loop
    vertex 0.5972284299678537 -0.1513157507070461 0
    vertex 0.5952364408021534 -0.2302082147834562 0
    vertex 0.6596816127949259 -0.1977853607826363 0
  endloop
endfacet
facet normal -0 0 1
  outer loop
    vertex -0.1261093988309593 -0.6341533913238595 0
    vertex -0.07566287578398499 -0.6871444842134667 0
    vertex -0.05886582824915046 -0.623358075342651 0
  endloop
endfacet
facet normal -0 0 1
  outer loop
    vertex 0.5214767070390074 0.05301152731527942 0
    vertex 0.594379832975525 0.0201578194479735 0
    vertex 0.5764640955443462 0.09722833781759858 0
  endloop
endfacet
facet normal -0 0 1
  outer loop
    vertex -0.8285934795232525 0.315994618274228 0
    vertex -0.749692234533779 0.2970207611980632 0
    vertex -0.7666400907598691 0.3724209215859011 0
  endloop
endfacet
facet normal 0 0 1
  outer loop
    vertex -0.5021772284933919 0.5784532432606975 0
    vertex -0.5183354658391761 0.5082866595461941 0
    vertex -0.4484252319521647 0.5356501920633409 0
  endloop
endfacet
facet normal 0 -0 1
  outer loop
    vertex 0.4592908392816759 0.6746226770328585 0
    vertex 0.5102331788252134 0.7253150048853516 0
    vertex 0.4405516435648328 0.7506213762206588 0
  endloop
endfacet
facet normal 0 0 1
  outer loop
    vertex -0.4556564671582414 -0.6606838953475955 0
    vertex -0.5102331788252134 -0.7253150048853516 0
    vertex -0.4253681991245956 -0.7360758592448847 0
  endloop
endfacet
facet normal 0 0 1
  outer loop
    vertex -0.3686664481991816 0.5503706404687227 0
    vertex -0.4277979696960951 0.6011932647391851 0
    vertex -0.4484252319521647 0.5356501920633409 0
  endloop
endfacet
facet normal 0 0 1
  outer loop
    vertex 0.4199614635444675 0.3926613291887843 0
    vertex 0.4749385546208731 0.3294914504807317 0
    vertex 0.4934855311013077 0.3869063936980326 0
  endloop
endfacet
facet normal 0 0 1
  outer loop
    vertex -0.4122828497062356 0.3979496471159589 0
    vertex -0.4541100964682999 0.3323078682750488 0
    vertex -0.3760333023585059 0.3266807547560675 0
  endloop
endfacet
facet normal 0 0 1
  outer loop
    vertex -0.3686254811000867 -0.5262752851338246 0
    vertex -0.4058909065027221 -0.4636414111611081 0
    vertex -0.4382440553423834 -0.5302506447036348 0
  endloop
endfacet
facet normal -0 0 1
  outer loop
    vertex -0.2477893256730688 0.5102563620235032 0
    vertex -0.1759937789991857 0.4756997884311885 0
    vertex -0.168656633272653 0.5484108766963602 0
  endloop
endfacet
facet normal 0 0 1
  outer loop
    vertex -0.4258404666685785 -0.3241077372350709 0
    vertex -0.487340997819672 -0.2906956739378143 0
    vertex -0.4982459102422904 -0.3554428569681817 0
  endloop
endfacet
facet normal 0 0 1
  outer loop
    vertex 0.3326245217816457 0.6677757950972888 0
    vertex 0.3475708351073785 0.5912516593303239 0
    vertex 0.4030513602560111 0.6336464468040386 0
  endloop
endfacet
facet normal 0 0 1
  outer loop
    vertex -0.7253150048853516 0.5102331788252134 0
    vertex -0.7453196574045228 0.4405053616506442 0
    vertex -0.6732068529646877 0.4665956441335118 0
  endloop
endfacet
facet normal 0 0 1
  outer loop
    vertex -0.5941363532368815 0.4776418834665146 0
    vertex -0.6509357460880574 0.5329732003037002 0
    vertex -0.6732068529646877 0.4665956441335118 0
  endloop
endfacet
facet normal 0 0 1
  outer loop
    vertex 0.4569993013145776 -0.3050178078152718 0
    vertex 0.5283940923946113 -0.2640866426678349 0
    vertex 0.469661588837577 -0.2207626443058245 0
  endloop
endfacet
facet normal 0 -0 1
  outer loop
    vertex 0.2126694528267202 0.5968775777043935 0
    vertex 0.2794108260202017 0.6293815400877281 0
    vertex 0.2125158388121703 0.6657770075627814 0
  endloop
endfacet
facet normal -0 0 1
  outer loop
    vertex 0.4060293754498291 -0.2413740709298778 0
    vertex 0.4569993013145776 -0.3050178078152718 0
    vertex 0.469661588837577 -0.2207626443058245 0
  endloop
endfacet
facet normal 0 -0 1
  outer loop
    vertex 0.4277979696960951 -0.6011932647391851 0
    vertex 0.4350541093082164 -0.5216705696858542 0
    vertex 0.3729032825029352 -0.5626212351527212 0
  endloop
endfacet
facet normal -0 0 1
  outer loop
    vertex 0.2977348998754553 -0.5658268954543441 0
    vertex 0.3534187108987657 -0.6239332862176826 0
    vertex 0.3729032825029352 -0.5626212351527212 0
  endloop
endfacet
facet normal 0 0 1
  outer loop
    vertex -0.5768156706082359 0.1326080557585017 0
    vertex -0.610372155718008 0.1985184467222249 0
    vertex -0.6447240231828361 0.1344824573244395 0
  endloop
endfacet
facet normal 0 0 1
  outer loop
    vertex 0.8513335010016456 -0.3903738770712159 0
    vertex 0.8285934795232525 -0.315994618274228 0
    vertex 0.776018210122231 -0.3653492037848797 0
  endloop
endfacet
facet normal 0 -0 1
  outer loop
    vertex -0.4505023347400525 -0.4069564513647478 0
    vertex -0.4258404666685785 -0.3241077372350709 0
    vertex -0.4982459102422904 -0.3554428569681817 0
  endloop
endfacet
facet normal 0 0 1
  outer loop
    vertex -0.4614100834247989 0.4570621976757863 0
    vertex -0.5183354658391761 0.5082866595461941 0
    vertex -0.5266432804453273 0.4477061764938541 0
  endloop
endfacet
facet normal 0 0 1
  outer loop
    vertex 0.1672361006804348 0.783113436566522 0
    vertex 0.09285684188352 0.7603734150881511 0
    vertex 0.1537940412450947 0.7099366268408708 0
  endloop
endfacet
facet normal 0 -0 1
  outer loop
    vertex -0.4306413703206798 0.04222487580256112 0
    vertex -0.425738676125328 0.120852634910054 0
    vertex -0.4823462075228626 0.0750271906496032 0
  endloop
endfacet
facet normal -0 0 1
  outer loop
    vertex 0.1194106422590817 0.4527927317664238 0
    vertex 0.2008552722998875 0.445729807736333 0
    vertex 0.1544395591309843 0.5043351697958558 0
  endloop
endfacet
facet normal 0 0 1
  outer loop
    vertex -0.6364774361285717 -0.07376548852493928 0
    vertex -0.6165677408687298 -0.1484109849485704 0
    vertex -0.5645154532531189 -0.1019016992777379 0
  endloop
endfacet
facet normal 0 0 1
  outer loop
    vertex 0.1302809345072386 -0.6921533506530344 0
    vertex 0.2046601933041589 -0.6694133291746618 0
    vertex 0.1337346359991461 -0.6245538320790501 0
  endloop
endfacet
facet normal 0 0 1
  outer loop
    vertex 0.2239352726954965 0.7315502829610858 0
    vertex 0.1537940412450947 0.7099366268408708 0
    vertex 0.2125158388121703 0.6657770075627814 0
  endloop
endfacet
facet normal 0 0 1
  outer loop
    vertex -0.08950081199877014 -0.56605643935269 0
    vertex -0.1261093988309593 -0.6341533913238595 0
    vertex -0.05886582824915046 -0.623358075342651 0
  endloop
endfacet
facet normal 0 0 1
  outer loop
    vertex 0.6562420922848364 -0.3474774395062015 0
    vertex 0.6611796375059378 -0.4183782884708458 0
    vertex 0.7099288911091011 -0.3773978992248993 0
  endloop
endfacet
facet normal 0 -0 1
  outer loop
    vertex -0.1759027708389015 -0.566223498321083 0
    vertex -0.1171474749090879 -0.4994127429255935 0
    vertex -0.1897203558174342 -0.4900603422561133 0
  endloop
endfacet
facet normal 0 0 1
  outer loop
    vertex 0.05 -0.38 0
    vertex 0.000709290638001817 -0.4442068458595791 0
    vertex 0.06498286514434351 -0.463120278495571 0
  endloop
endfacet
facet normal 0 -0 1
  outer loop
    vertex -0.4323992208857451 -0.03074890326650938 0
    vertex -0.4306413703206798 0.04222487580256112 0
    vertex -0.4938513682483463 0.01266218036140023 0
  endloop
endfacet
facet normal 0 0 1
  outer loop
    vertex -0.267341024620556 -0.3241772309503088 0
    vertex -0.2982631046345149 -0.3876943372452317 0
    vertex -0.2336776674577591 -0.3930792994973942 0
  endloop
endfacet
facet normal 0 0 1
  outer loop
    vertex 0.002319974428321971 -0.6529549446848221 0
    vertex -0.01767423591133743 -0.5755493978337507 0
    vertex -0.05886582824915046 -0.623358075342651 0
  endloop
endfacet
facet normal 0 0 1
  outer loop
    vertex 0.6611796375059378 -0.4183782884708458 0
    vertex 0.5948078681640099 -0.4776465914185395 0
    vertex 0.6750643334726956 -0.4793223582540398 0
  endloop
endfacet
facet normal 0 -0 1
  outer loop
    vertex 0.2794108260202017 0.6293815400877281 0
    vertex 0.3326245217816457 0.6677757950972888 0
    vertex 0.27109269028178 0.6883391951668365 0
  endloop
endfacet
facet normal 0 0 1
  outer loop
    vertex 0.3912247693143248 -0.1078823266626378 0
    vertex 0.3653391039680636 -0.1818593082712375 0
    vertex 0.4227468238049584 -0.1825479767750895 0
  endloop
endfacet
facet normal 0 0 1
  outer loop
    vertex -0.7996942636826532 0.4874931573467243 0
    vertex -0.8740735224800404 0.464753135868209 0
    vertex -0.8029772749235439 0.4269505904867691 0
  endloop
endfacet
facet normal 0 0 1
  outer loop
    vertex -0.8740735224800404 0.464753135868209 0
    vertex -0.8513335010016456 0.3903738770712159 0
    vertex -0.8029772749235439 0.4269505904867691 0
  endloop
endfacet
facet normal 0 0 1
  outer loop
    vertex 0.4874931573467243 0.7996942636826532 0
    vertex 0.464753135868209 0.8740735224800404 0
    vertex 0.4269505904869706 0.802977274923923 0
  endloop
endfacet
facet normal 0 0 1
  outer loop
    vertex 0.464753135868209 0.8740735224800404 0
    vertex 0.3903738770712159 0.8513335010016456 0
    vertex 0.4269505904869706 0.802977274923923 0
  endloop
endfacet
facet normal 0 0 1
  outer loop
    vertex -0.4874931573467243 -0.7996942636826532 0
    vertex -0.464753135868209 -0.8740735224800404 0
    vertex -0.4269505904869706 -0.802977274923923 0
  endloop
endfacet
facet normal 0 0 1
  outer loop
    vertex -0.464753135868209 -0.8740735224800404 0
    vertex -0.3903738770712159 -0.8513335010016456 0
    vertex -0.4269505904869706 -0.802977274923923 0
  endloop
endfacet
facet normal 0 0 1
  outer loop
    vertex 0.4017477283501426 0.1954519990795184 0
    vertex 0.3653391035748103 0.1218593090878364 0
    vertex 0.442660559729235 0.1506248241417542 0
  endloop
endfacet
facet normal 0 -0 1
  outer loop
    vertex -0.3017570472732172 -0.2554538786327612 0
    vertex -0.2653391035590204 -0.1818593091206246 0
    vertex -0.3426659633380654 -0.2106267428346493 0
  endloop
endfacet
facet normal 0 -0 1
  outer loop
    vertex -0.4901897204871153 0.3968283802448911 0
    vertex -0.4614100834247989 0.4570621976757863 0
    vertex -0.5266432804453273 0.4477061764938541 0
  endloop
endfacet
facet normal 0 -0 1
  outer loop
    vertex 0.5283940923946113 -0.2640866426678349 0
    vertex 0.5326581233783412 -0.1858293182296112 0
    vertex 0.469661588837577 -0.2207626443058245 0
  endloop
endfacet
facet normal 0 0 1
  outer loop
    vertex -0.501462030938163 -0.06327292062751819 0
    vertex -0.4323992208857451 -0.03074890326650938 0
    vertex -0.4938513682483463 0.01266218036140023 0
  endloop
endfacet
facet normal 0 0 1
  outer loop
    vertex 0.2672933838823124 -0.4774900279141047 0
    vertex 0.1874346946211348 -0.4997693479516028 0
    vertex 0.2332338331716045 -0.5459317705154846 0
  endloop
endfacet
facet normal 0 0 1
  outer loop
    vertex -0.425738676125328 0.120852634910054 0
    vertex -0.5043480154968746 0.1316849254468832 0
    vertex -0.4823462075228626 0.0750271906496032 0
  endloop
endfacet
facet normal 0 -0 1
  outer loop
    vertex 0.2008552722998875 0.445729807736333 0
    vertex 0.2116866794071052 0.5243249021597253 0
    vertex 0.1544395591309843 0.5043351697958558 0
  endloop
endfacet
facet normal -0 0 1
  outer loop
    vertex -0.487340997819672 -0.2906956739378143 0
    vertex -0.4258404666685785 -0.3241077372350709 0
    vertex -0.4456116691434066 -0.2535698319869168 0
  endloop
endfacet
facet normal 0 0 1
  outer loop
    vertex -0.2544607141813979 -0.4596990454013684 0
    vertex -0.2953182481746943 -0.5252109195530986 0
    vertex -0.2343981440740841 -0.5299214258653479 0
  endloop
endfacet
facet normal 0 0 1
  outer loop
    vertex 0.5784532432606975 0.5021772284933919 0
    vertex 0.4994688314271576 0.5158743352575192 0
    vertex 0.539767573164976 0.4458092261506939 0
  endloop
endfacet
facet normal 0 -0 1
  outer loop
    vertex 0.5499321697530729 0.3719512819848318 0
    vertex 0.6011932647391851 0.4277979696960951 0
    vertex 0.539767573164976 0.4458092261506939 0
  endloop
endfacet
facet normal 0 0 1
  outer loop
    vertex 0.8058534580448845 -0.2416153594773226 0
    vertex 0.7319642139905754 -0.233960866674897 0
    vertex 0.7765670486652962 -0.29176376701408 0
  endloop
endfacet
facet normal 0 -0 1
  outer loop
    vertex 0.7253150048853516 -0.5102331788252134 0
    vertex 0.735925487910752 -0.4402182936748186 0
    vertex 0.6750643334726956 -0.4793223582540398 0
  endloop
endfacet
facet normal 0 0 1
  outer loop
    vertex 0.5948078681640099 -0.4776465914185395 0
    vertex 0.6509357460880574 -0.5329732003037002 0
    vertex 0.6750643334726956 -0.4793223582540398 0
  endloop
endfacet
facet normal 0 0 1
  outer loop
    vertex -0.5040902178594004 -0.5198208220158481 0
    vertex -0.4820656582193211 -0.589307073054126 0
    vertex -0.4382440553423834 -0.5302506447036348 0
  endloop
endfacet
facet normal 0 0 1
  outer loop
    vertex -0.7603734150881511 0.09285684188352 0
    vertex -0.737633393609781 0.01847758308660707 0
    vertex -0.6879323275778595 0.07725356398101224 0
  endloop
endfacet
facet normal 0 0 1
  outer loop
    vertex 0.6210745609335456 0.1498833674794546 0
    vertex 0.5957081351602147 0.2267977002038698 0
    vertex 0.5507362267646189 0.1722933182961924 0
  endloop
endfacet
facet normal 0 0 1
  outer loop
    vertex 0.7996942636826532 -0.4874931573467243 0
    vertex 0.8740735224800404 -0.464753135868209 0
    vertex 0.8034717619168978 -0.427213513884971 0
  endloop
endfacet
facet normal 0 0 1
  outer loop
    vertex 0.8740735224800404 -0.464753135868209 0
    vertex 0.8513335010016456 -0.3903738770712159 0
    vertex 0.8034717619168978 -0.427213513884971 0
  endloop
endfacet
facet normal 0 0 1
  outer loop
    vertex -0.6601506736294636 0.2669581563226449 0
    vertex -0.7200360652079032 0.2259157117331231 0
    vertex -0.6708938199279572 0.1938857124355829 0
  endloop
endfacet
facet normal 0 0 1
  outer loop
    vertex 0.2723261768972074 0.4003749948164055 0
    vertex 0.2677413742921609 0.3256562374405945 0
    vertex 0.3360740682424064 0.3622841679002615 0
  endloop
endfacet
facet normal 0 -0 1
  outer loop
    vertex -0.4258404666685785 -0.3241077372350709 0
    vertex -0.3810812137579474 -0.2584993039603811 0
    vertex -0.4456116691434066 -0.2535698319869168 0
  endloop
endfacet
facet normal 0 0 1
  outer loop
    vertex -0.1515872551987856 0.6198611555713904 0
    vertex -0.2247228071545417 0.5942141171233811 0
    vertex -0.168656633272653 0.5484108766963602 0
  endloop
endfacet
facet normal -0 0 1
  outer loop
    vertex -0.3803780973552419 0.1923275947196067 0
    vertex -0.3056592025832521 0.1877402674847213 0
    vertex -0.3426665559439393 0.2537925458596755 0
  endloop
endfacet
facet normal 0 0 1
  outer loop
    vertex 0.2677413742921609 0.3256562374405945 0
    vertex 0.2682214301407023 0.2436410192704057 0
    vertex 0.3248012433607596 0.3022714801775868 0
  endloop
endfacet
facet normal 0 0 1
  outer loop
    vertex -0.3056592025832521 0.1877402674847213 0
    vertex -0.2236410192983699 0.1882214301056364 0
    vertex -0.2822756731567165 0.2447985354980561 0
  endloop
endfacet
facet normal 0 0 1
  outer loop
    vertex -0.5936289908025157 -0.2221563864199023 0
    vertex -0.5102730114277692 -0.2216872241810073 0
    vertex -0.5579958723476575 -0.1683897624824808 0
  endloop
endfacet
facet normal 0 0 1
  outer loop
    vertex 0.4749385546208731 0.3294914504807317 0
    vertex 0.5499321697530729 0.3719512819848318 0
    vertex 0.4934855311013077 0.3869063936980326 0
  endloop
endfacet
facet normal 0 0 1
  outer loop
    vertex 0.6466733076961722 0.2790394521014625 0
    vertex 0.6239332862176826 0.3534187108987657 0
    vertex 0.5782729804315628 0.2987931639650115 0
  endloop
endfacet
facet normal -0 0 1
  outer loop
    vertex 0.7202790277217486 -0.3155662706877511 0
    vertex 0.776018210122231 -0.3653492037848797 0
    vertex 0.7765670486652962 -0.29176376701408 0
  endloop
endfacet
facet normal 0 0 1
  outer loop
    vertex 0.7319642139905754 -0.233960866674897 0
    vertex 0.7113707758130278 -0.1494432128024299 0
    vertex 0.6596816127949259 -0.1977853607826363 0
  endloop
endfacet
facet normal 0 0 1
  outer loop
    vertex -0.610372155718008 0.1985184467222249 0
    vertex -0.6601506736294636 0.2669581563226449 0
    vertex -0.6708938199279572 0.1938857124355829 0
  endloop
endfacet
facet normal 0 0 1
  outer loop
    vertex -0.5011066619696346 -0.1421905968772891 0
    vertex -0.501462030938163 -0.06327292062751819 0
    vertex -0.5645154532531189 -0.1019016992777379 0
  endloop
endfacet
facet normal -0 0 1
  outer loop
    vertex -0.4820656582193211 -0.589307073054126 0
    vertex -0.4072643464606009 -0.5942944943779158 0
    vertex -0.4382440553423834 -0.5302506447036348 0
  endloop
endfacet
facet normal 0 0 1
  outer loop
    vertex -0.4058909065027221 -0.4636414111611081 0
    vertex -0.4505023347400525 -0.4069564513647478 0
    vertex -0.4645102049750398 -0.471949023269688 0
  endloop
endfacet
facet normal 0 0 1
  outer loop
    vertex 0.525940041096181 -0.3419001189609411 0
    vertex 0.4569993013145776 -0.3050178078152718 0
    vertex 0.4682873543253744 -0.3823723163659634 0
  endloop
endfacet
facet normal 0 -0 1
  outer loop
    vertex 0.4159386498861453 0.551435367509189 0
    vertex 0.4790882789173413 0.5980512925773525 0
    vertex 0.4030513602560111 0.6336464468040386 0
  endloop
endfacet
facet normal 0 0 1
  outer loop
    vertex -0.6732068529646877 0.4665956441335118 0
    vertex -0.7453196574045228 0.4405053616506442 0
    vertex -0.7026146694464279 0.4023933825515558 0
  endloop
endfacet
facet normal 0 0 1
  outer loop
    vertex 0.4790882789173413 0.5980512925773525 0
    vertex 0.4592908392816759 0.6746226770328585 0
    vertex 0.4030513602560111 0.6336464468040386 0
  endloop
endfacet
facet normal 0 0 1
  outer loop
    vertex 0.1537940412450947 0.7099366268408708 0
    vertex 0.1465183611818279 0.6375902127321199 0
    vertex 0.2125158388121703 0.6657770075627814 0
  endloop
endfacet
facet normal 0 0 1
  outer loop
    vertex -0.1080670607109391 0.4417830791676657 0
    vertex -0.08728846212989794 0.3623478820845673 0
    vertex -0.03857596485563686 0.422644195603107 0
  endloop
endfacet
facet normal 0 0 1
  outer loop
    vertex -0.7073290981945637 0.1497399075648465 0
    vertex -0.6879323275778595 0.07725356398101224 0
    vertex -0.6447240231828361 0.1344824573244395 0
  endloop
endfacet
facet normal 0 0 1
  outer loop
    vertex -0.5941363532368815 0.4776418834665146 0
    vertex -0.5678165188551574 0.4037256764663298 0
    vertex -0.5266432804453273 0.4477061764938541 0
  endloop
endfacet
facet normal 0 0 1
  outer loop
    vertex -0.2969183094955776 0.5721406077809379 0
    vertex -0.3686664481991816 0.5503706404687227 0
    vertex -0.3173134024032206 0.5086466788910096 0
  endloop
endfacet
facet normal -0 0 1
  outer loop
    vertex 0.5952364408021534 -0.2302082147834562 0
    vertex 0.6605312607069216 -0.2724906178570377 0
    vertex 0.6596816127949259 -0.1977853607826363 0
  endloop
endfacet
facet normal 0 0 1
  outer loop
    vertex -0.1897203558174342 -0.4900603422561133 0
    vertex -0.2544607141813979 -0.4596990454013684 0
    vertex -0.2343981440740841 -0.5299214258653479 0
  endloop
endfacet
facet normal 0 0 1
  outer loop
    vertex 0.1473607398027467 0.5662277467523252 0
    vertex 0.08214767086514425 0.5215739723030194 0
    vertex 0.1544395591309843 0.5043351697958558 0
  endloop
endfacet
facet normal -0 0 1
  outer loop
    vertex 0.5972284299678537 -0.1513157507070461 0
    vertex 0.6596816127949259 -0.1977853607826363 0
    vertex 0.6540616971218781 -0.125359595864398 0
  endloop
endfacet
facet normal 0 0 1
  outer loop
    vertex -0.5102730114277692 -0.2216872241810073 0
    vertex -0.487340997819672 -0.2906956739378143 0
    vertex -0.4456116691434066 -0.2535698319869168 0
  endloop
endfacet
facet normal 0 0 1
  outer loop
    vertex 0.6644422234796347 -0.001534657723090688 0
    vertex 0.6422001426763357 0.07434291566153566 0
    vertex 0.594379832975525 0.0201578194479735 0
  endloop
endfacet
facet normal -0 0 1
  outer loop
    vertex -0.1897203558174342 -0.4900603422561133 0
    vertex -0.1171474749090879 -0.4994127429255935 0
    vertex -0.1397075355330157 -0.4330181049826385 0
  endloop
endfacet
facet normal 0 0 1
  outer loop
    vertex 0.5764640955443462 0.09722833781759858 0
    vertex 0.5507362267646189 0.1722933182961924 0
    vertex 0.5034834602460743 0.1256873009424205 0
  endloop
endfacet
facet normal 0 0 1
  outer loop
    vertex -0.4277979696960951 0.6011932647391851 0
    vertex -0.5021772284933919 0.5784532432606975 0
    vertex -0.4484252319521647 0.5356501920633409 0
  endloop
endfacet
facet normal 0 0 1
  outer loop
    vertex 0.776018210122231 -0.3653492037848797 0
    vertex 0.8285934795232525 -0.315994618274228 0
    vertex 0.7765670486652962 -0.29176376701408 0
  endloop
endfacet
facet normal 0 -0 1
  outer loop
    vertex 0.04071961286254026 0.4504778441551788 0
    vertex 0.08214767086514425 0.5215739723030194 0
    vertex 0.01417081379363662 0.5062731331328956 0
  endloop
endfacet
facet normal -0 0 1
  outer loop
    vertex 0.2125158388121703 0.6657770075627814 0
    vertex 0.2794108260202017 0.6293815400877281 0
    vertex 0.27109269028178 0.6883391951668365 0
  endloop
endfacet
facet normal 0 0 1
  outer loop
    vertex 0.01633247599225268 0.5709963129862253 0
    vertex -0.04490498939447923 0.5432033108668812 0
    vertex 0.01417081379363662 0.5062731331328956 0
  endloop
endfacet
facet normal 0 0 1
  outer loop
    vertex -0.424176952240661 -0.191221912617352 0
    vertex -0.5102730114277692 -0.2216872241810073 0
    vertex -0.4456116691434066 -0.2535698319869168 0
  endloop
endfacet
facet normal 0 0 1
  outer loop
    vertex -0.04490498939447923 0.5432033108668812 0
    vertex -0.04200258945626176 0.4834045713960935 0
    vertex 0.01417081379363662 0.5062731331328956 0
  endloop
endfacet
facet normal 0 0 1
  outer loop
    vertex 0.6210745609335456 0.1498833674794546 0
    vertex 0.5507362267646189 0.1722933182961924 0
    vertex 0.5764640955443462 0.09722833781759858 0
  endloop
endfacet
facet normal 0 0 1
  outer loop
    vertex 0.007752778416527587 0.6438052456848091 0
    vertex -0.07339786882590997 0.6391090337594358 0
    vertex -0.03100110366049203 0.6009832924733707 0
  endloop
endfacet
facet normal 0 0 1
  outer loop
    vertex -0.7453196574045228 0.4405053616506442 0
    vertex -0.7666400907598691 0.3724209215859011 0
    vertex -0.7026146694464279 0.4023933825515558 0
  endloop
endfacet
facet normal 0 0 1
  outer loop
    vertex -0.2477893256730688 0.5102563620235032 0
    vertex -0.2969183094955776 0.5721406077809379 0
    vertex -0.3173134024032206 0.5086466788910096 0
  endloop
endfacet
facet normal 0 -0 1
  outer loop
    vertex -0.4382440553423834 -0.5302506447036348 0
    vertex -0.4058909065027221 -0.4636414111611081 0
    vertex -0.4645102049750398 -0.471949023269688 0
  endloop
endfacet
facet normal 0 0 1
  outer loop
    vertex -0.1515872551987856 0.6198611555713904 0
    vertex -0.168656633272653 0.5484108766963602 0
    vertex -0.09644135361920504 0.5772937164119905 0
  endloop
endfacet
facet normal 0 0 1
  outer loop
    vertex -0.1759937789991857 0.4756997884311885 0
    vertex -0.1091002713629106 0.5121946291045054 0
    vertex -0.168656633272653 0.5484108766963602 0
  endloop
endfacet
facet normal 0 0 1
  outer loop
    vertex -0.5183354658391761 0.5082866595461941 0
    vertex -0.5941363532368815 0.4776418834665146 0
    vertex -0.5266432804453273 0.4477061764938541 0
  endloop
endfacet
facet normal -0 0 1
  outer loop
    vertex 0.3475708351073785 0.5912516593303239 0
    vertex 0.4159386498861453 0.551435367509189 0
    vertex 0.4030513602560111 0.6336464468040386 0
  endloop
endfacet
facet normal 0 -0 1
  outer loop
    vertex 0.3589548137789457 0.2527559141973051 0
    vertex 0.3950740477406239 0.3230762042741613 0
    vertex 0.3248012433607596 0.3022714801775868 0
  endloop
endfacet
facet normal 0 0 1
  outer loop
    vertex -0.2315621359161027 0.2789519381446405 0
    vertex -0.3029696438230118 0.312124260283375 0
    vertex -0.2822756731567165 0.2447985354980561 0
  endloop
endfacet
facet normal 0 0 1
  outer loop
    vertex -0.6509357460880574 0.5329732003037002 0
    vertex -0.7253150048853516 0.5102331788252134 0
    vertex -0.6732068529646877 0.4665956441335118 0
  endloop
endfacet
facet normal 0 0 1
  outer loop
    vertex 0.4115267791088065 -0.442524798917513 0
    vertex 0.4350541093082164 -0.5216705696858542 0
    vertex 0.4706302421717723 -0.4569862739391518 0
  endloop
endfacet
facet normal 0 -0 1
  outer loop
    vertex -0.4072643464606009 -0.5942944943779158 0
    vertex -0.3686254811000867 -0.5262752851338246 0
    vertex -0.4382440553423834 -0.5302506447036348 0
  endloop
endfacet
facet normal 0 0 1
  outer loop
    vertex 0.3534187108987657 -0.6239332862176826 0
    vertex 0.4277979696960951 -0.6011932647391851 0
    vertex 0.3729032825029352 -0.5626212351527212 0
  endloop
endfacet
facet normal 0 -0 1
  outer loop
    vertex 0.2790394521014625 -0.6466733076961722 0
    vertex 0.2977348998754553 -0.5658268954543441 0
    vertex 0.2390015218870478 -0.6013830904378925 0
  endloop
endfacet
facet normal 0 0 1
  outer loop
    vertex 0.5507362267646189 0.1722933182961924 0
    vertex 0.4801085621602922 0.1941739099384319 0
    vertex 0.5034834602460743 0.1256873009424205 0
  endloop
endfacet
facet normal -0 0 1
  outer loop
    vertex 0.1465183611818279 0.6375902127321199 0
    vertex 0.2126694528267202 0.5968775777043935 0
    vertex 0.2125158388121703 0.6657770075627814 0
  endloop
endfacet
facet normal 0 0 1
  outer loop
    vertex 0.4350541093082164 -0.5216705696858542 0
    vertex 0.5167910365761786 -0.5021912177471509 0
    vertex 0.4706302421717723 -0.4569862739391518 0
  endloop
endfacet
facet normal 0 -0 1
  outer loop
    vertex 0.594379832975525 0.0201578194479735 0
    vertex 0.6422001426763357 0.07434291566153566 0
    vertex 0.5764640955443462 0.09722833781759858 0
  endloop
endfacet
facet normal 0 -0 1
  outer loop
    vertex -0.6163739665561558 0.06740067986583716 0
    vertex -0.5768156706082359 0.1326080557585017 0
    vertex -0.6447240231828361 0.1344824573244395 0
  endloop
endfacet
facet normal 0 0 1
  outer loop
    vertex 0.5215239566310998 -0.4209293415541355 0
    vertex 0.4682873543253744 -0.3823723163659634 0
    vertex 0.4706302421717723 -0.4569862739391518 0
  endloop
endfacet
facet normal 0 -0 1
  outer loop
    vertex -0.5102730114277692 -0.2216872241810073 0
    vertex -0.5011066619696346 -0.1421905968772891 0
    vertex -0.5579958723476575 -0.1683897624824808 0
  endloop
endfacet
facet normal 0 0 1
  outer loop
    vertex 0.5034834602460743 0.1256873009424205 0
    vertex 0.4801085621602922 0.1941739099384319 0
    vertex 0.442660559729235 0.1506248241417542 0
  endloop
endfacet
facet normal 0 0 1
  outer loop
    vertex 0.2008552722998875 0.445729807736333 0
    vertex 0.1194106422590817 0.4527927317664238 0
    vertex 0.1479846151795836 0.3914345288121896 0
  endloop
endfacet
facet normal 0 0 1
  outer loop
    vertex -0.425738676125328 0.120852634910054 0
    vertex -0.4306413703206798 0.04222487580256112 0
    vertex -0.3710065004805128 0.06854670852450567 0
  endloop
endfacet
facet normal -0 0 1
  outer loop
    vertex -0.6879323275778595 0.07725356398101224 0
    vertex -0.6163739665561558 0.06740067986583716 0
    vertex -0.6447240231828361 0.1344824573244395 0
  endloop
endfacet
facet normal 0 -0 1
  outer loop
    vertex -0.6447240231828361 0.1344824573244395 0
    vertex -0.610372155718008 0.1985184467222249 0
    vertex -0.6708938199279572 0.1938857124355829 0
  endloop
endfacet
facet normal 0 0 1
  outer loop
    vertex -0.07566287578398499 -0.6871444842134667 0
    vertex 0.002319974428321971 -0.6529549446848221 0
    vertex -0.05886582824915046 -0.623358075342651 0
  endloop
endfacet
facet normal 0 0 1
  outer loop
    vertex -0.3705818661571095 0.4640768427135755 0
    vertex -0.3223480839701427 0.3917662569787226 0
    vertex -0.301660523732993 0.4540302647881781 0
  endloop
endfacet
facet normal 0 0 1
  outer loop
    vertex 0.776018210122231 -0.3653492037848797 0
    vertex 0.7202790277217486 -0.3155662706877511 0
    vertex 0.7099288911091011 -0.3773978992248993 0
  endloop
endfacet
facet normal -0 0 1
  outer loop
    vertex -0.1091002713629106 0.5121946291045054 0
    vertex -0.04200258945626176 0.4834045713960935 0
    vertex -0.04490498939447923 0.5432033108668812 0
  endloop
endfacet
facet normal 0 0 1
  outer loop
    vertex 0.03042409954936784 -0.5158763498276459 0
    vertex -0.01767423591133743 -0.5755493978337507 0
    vertex 0.05641800087627936 -0.5884819471218056 0
  endloop
endfacet
facet normal -0 0 1
  outer loop
    vertex 0.07515578669136985 -0.6547394375200558 0
    vertex 0.1302809345072386 -0.6921533506530344 0
    vertex 0.1337346359991461 -0.6245538320790501 0
  endloop
endfacet
facet normal 0 0 1
  outer loop
    vertex 0.3653391039680636 -0.1818593082712375 0
    vertex 0.4060293754498291 -0.2413740709298778 0
    vertex 0.4227468238049584 -0.1825479767750895 0
  endloop
endfacet
facet normal 0 0 1
  outer loop
    vertex 0.1874346946211348 -0.4997693479516028 0
    vertex 0.1803392309825579 -0.5790701493487999 0
    vertex 0.2332338331716045 -0.5459317705154846 0
  endloop
endfacet
facet normal 0 0 1
  outer loop
    vertex 0.2046601933041589 -0.6694133291746618 0
    vertex 0.2790394521014625 -0.6466733076961722 0
    vertex 0.2390015218870478 -0.6013830904378925 0
  endloop
endfacet
facet normal 0 0 1
  outer loop
    vertex -0.6431327345964551 0.4055971067951089 0
    vertex -0.6732068529646877 0.4665956441335118 0
    vertex -0.7026146694464279 0.4023933825515558 0
  endloop
endfacet
facet normal 0 0 1
  outer loop
    vertex -0.3406991927301604 0.1257900257448232 0
    vertex -0.425738676125328 0.120852634910054 0
    vertex -0.3710065004805128 0.06854670852450567 0
  endloop
endfacet
facet normal 0 0 1
  outer loop
    vertex 0.2057899963968489 0.3606951355970163 0
    vertex 0.2008552722998875 0.445729807736333 0
    vertex 0.1479846151795836 0.3914345288121896 0
  endloop
endfacet
facet normal 0 0 1
  outer loop
    vertex -0.01767423591133743 -0.5755493978337507 0
    vertex -0.08950081199877014 -0.56605643935269 0
    vertex -0.05886582824915046 -0.623358075342651 0
  endloop
endfacet
facet normal 0 0 1
  outer loop
    vertex 0.7202790277217486 -0.3155662706877511 0
    vertex 0.6562420922848364 -0.3474774395062015 0
    vertex 0.7099288911091011 -0.3773978992248993 0
  endloop
endfacet
facet normal -0 0 1
  outer loop
    vertex -0.168656633272653 0.5484108766963602 0
    vertex -0.1091002713629106 0.5121946291045054 0
    vertex -0.09644135361920504 0.5772937164119905 0
  endloop
endfacet
facet normal 0 0 1
  outer loop
    vertex 0.4795122771275141 0.4422276522616309 0
    vertex 0.4199614635444675 0.3926613291887843 0
    vertex 0.4934855311013077 0.3869063936980326 0
  endloop
endfacet
facet normal 0 -0 1
  outer loop
    vertex 0.6596816127949259 -0.1977853607826363 0
    vertex 0.7113707758130278 -0.1494432128024299 0
    vertex 0.6540616971218781 -0.125359595864398 0
  endloop
endfacet
facet normal 0 0 1
  outer loop
    vertex -0.07339786882590997 0.6391090337594358 0
    vertex -0.1515872551987856 0.6198611555713904 0
    vertex -0.09644135361920504 0.5772937164119905 0
  endloop
endfacet
facet normal 0 0 1
  outer loop
    vertex -0.04200258945626176 0.4834045713960935 0
    vertex -0.1080670607109391 0.4417830791676657 0
    vertex -0.03857596485563686 0.422644195603107 0
  endloop
endfacet
facet normal 0 -0 1
  outer loop
    vertex 0.5215239566310998 -0.4209293415541355 0
    vertex 0.525940041096181 -0.3419001189609411 0
    vertex 0.4682873543253744 -0.3823723163659634 0
  endloop
endfacet
facet normal -0 0 1
  outer loop
    vertex 0.333964802343215 -0.3409632651518676 0
    vertex 0.4051592943805261 -0.3745787152272974 0
    vertex 0.3851587585546455 -0.3020310578493233 0
  endloop
endfacet
facet normal 0 0 1
  outer loop
    vertex 0.000709290638001817 -0.4442068458595791 0
    vertex 0.03042409954936784 -0.5158763498276459 0
    vertex 0.06498286514434351 -0.463120278495571 0
  endloop
endfacet
facet normal 0 -0 1
  outer loop
    vertex -0.1171474749090879 -0.4994127429255935 0
    vertex -0.07178980972238211 -0.4333373352792598 0
    vertex -0.1397075355330157 -0.4330181049826385 0
  endloop
endfacet
facet normal 0 0 1
  outer loop
    vertex -0.2982631046345149 -0.3876943372452317 0
    vertex -0.2544607141813979 -0.4596990454013684 0
    vertex -0.2336776674577591 -0.3930792994973942 0
  endloop
endfacet
facet normal 0 0 1
  outer loop
    vertex 0.6422001426763357 0.07434291566153566 0
    vertex 0.6210745609335456 0.1498833674794546 0
    vertex 0.5764640955443462 0.09722833781759858 0
  endloop
endfacet
facet normal 0 0 1
  outer loop
    vertex 0.3950740477406239 0.3230762042741613 0
    vertex 0.3360740682424064 0.3622841679002615 0
    vertex 0.3248012433607596 0.3022714801775868 0
  endloop
endfacet
facet normal 0 0 1
  outer loop
    vertex 0.1194106422590817 0.4527927317664238 0
    vertex 0.08598483828851883 0.3867301996447828 0
    vertex 0.1479846151795836 0.3914345288121896 0
  endloop
endfacet
facet normal -0 0 1
  outer loop
    vertex -0.4306413703206798 0.04222487580256112 0
    vertex -0.3667284939091094 0.005983679515426673 0
    vertex -0.3710065004805128 0.06854670852450567 0
  endloop
endfacet
facet normal 0 0 1
  outer loop
    vertex -0.3029696438230118 0.312124260283375 0
    vertex -0.3426665559439393 0.2537925458596755 0
    vertex -0.2822756731567165 0.2447985354980561 0
  endloop
endfacet
facet normal -0 0 1
  outer loop
    vertex -0.8513335010016456 0.3903738770712159 0
    vertex -0.7666400907598691 0.3724209215859011 0
    vertex -0.8029772749235439 0.4269505904867691 0
  endloop
endfacet
facet normal 0 -0 1
  outer loop
    vertex 0.4405516435648328 0.7506213762206588 0
    vertex 0.4874931573467243 0.7996942636826532 0
    vertex 0.4269505904869706 0.802977274923923 0
  endloop
endfacet
facet normal 0 0 1
  outer loop
    vertex -0.4253681991245956 -0.7360758592448847 0
    vertex -0.4874931573467243 -0.7996942636826532 0
    vertex -0.4269505904869706 -0.802977274923923 0
  endloop
endfacet
facet normal 0 0 1
  outer loop
    vertex -0.267341024620556 -0.3241772309503088 0
    vertex -0.2336776674577591 -0.3930792994973942 0
    vertex -0.2122246777842066 -0.3327497714234775 0
  endloop
endfacet
facet normal 0 0 1
  outer loop
    vertex -0.1759027708389015 -0.566223498321083 0
    vertex -0.1897203558174342 -0.4900603422561133 0
    vertex -0.2343981440740841 -0.5299214258653479 0
  endloop
endfacet
facet normal 0 0 1
  outer loop
    vertex 0.3069769920993861 0.7472113501252982 0
    vertex 0.2239352726954965 0.7315502829610858 0
    vertex 0.27109269028178 0.6883391951668365 0
  endloop
endfacet
facet normal 0 0 1
  outer loop
    vertex 0.4569993013145776 -0.3050178078152718 0
    vertex 0.4060293754498291 -0.2413740709298778 0
    vertex 0.3851587585546455 -0.3020310578493233 0
  endloop
endfacet
facet normal 0 -0 1
  outer loop
    vertex 0.5167910365761786 -0.5021912177471509 0
    vertex 0.5215239566310998 -0.4209293415541355 0
    vertex 0.4706302421717723 -0.4569862739391518 0
  endloop
endfacet
facet normal 0 0 1
  outer loop
    vertex -0.3698337580100656 -0.7824122484131838 0
    vertex -0.2986922135538786 -0.7554711031045021 0
    vertex -0.3522783931303673 -0.7213431187837946 0
  endloop
endfacet
facet normal -0 0 1
  outer loop
    vertex -0.5414487192233091 0.06469363323426855 0
    vertex -0.4938513682483463 0.01266218036140023 0
    vertex -0.4823462075228626 0.0750271906496032 0
  endloop
endfacet
facet normal 0 0 1
  outer loop
    vertex -0.6165677408687298 -0.1484109849485704 0
    vertex -0.5936289908025157 -0.2221563864199023 0
    vertex -0.5579958723476575 -0.1683897624824808 0
  endloop
endfacet
facet normal -0 0 1
  outer loop
    vertex 0.735925487910752 -0.4402182936748186 0
    vertex 0.7996942636826532 -0.4874931573467243 0
    vertex 0.8034717619168978 -0.427213513884971 0
  endloop
endfacet
facet normal 0 0 1
  outer loop
    vertex -0.7200360652079032 0.2259157117331231 0
    vertex -0.7073290981945637 0.1497399075648465 0
    vertex -0.6708938199279572 0.1938857124355829 0
  endloop
endfacet
facet normal 0 0 1
  outer loop
    vertex -0.7453196574045228 0.4405053616506442 0
    vertex -0.7996942636826532 0.4874931573467243 0
    vertex -0.8029772749235439 0.4269505904867691 0
  endloop
endfacet
facet normal 0 0 1
  outer loop
    vertex 0.3903738770712159 0.8513335010016456 0
    vertex 0.3755470588865331 0.7823771475219481 0
    vertex 0.4269505904869706 0.802977274923923 0
  endloop
endfacet
facet normal 0 -0 1
  outer loop
    vertex -0.3903738770712159 -0.8513335010016456 0
    vertex -0.3698337580100656 -0.7824122484131838 0
    vertex -0.4269505904869706 -0.802977274923923 0
  endloop
endfacet
facet normal -0 0 1
  outer loop
    vertex 0.4494546102389466 0.08679188814526639 0
    vertex 0.5214767070390074 0.05301152731527942 0
    vertex 0.5034834602460743 0.1256873009424205 0
  endloop
endfacet
facet normal 0 0 1
  outer loop
    vertex 0.6011932647391851 0.4277979696960951 0
    vertex 0.5784532432606975 0.5021772284933919 0
    vertex 0.539767573164976 0.4458092261506939 0
  endloop
endfacet
facet normal 0 -0 1
  outer loop
    vertex -0.1897203558174342 -0.4900603422561133 0
    vertex -0.1397075355330157 -0.4330181049826385 0
    vertex -0.1966036518432483 -0.4328000554804987 0
  endloop
endfacet
facet normal 0 -0 1
  outer loop
    vertex 0.735925487910752 -0.4402182936748186 0
    vertex 0.776018210122231 -0.3653492037848797 0
    vertex 0.7099288911091011 -0.3773978992248993 0
  endloop
endfacet
facet normal 0 0 1
  outer loop
    vertex -0.5238235104306401 -0.4390757871031012 0
    vertex -0.5040902178594004 -0.5198208220158481 0
    vertex -0.4645102049750398 -0.471949023269688 0
  endloop
endfacet
facet normal 0 0 1
  outer loop
    vertex 0.08214767086514425 0.5215739723030194 0
    vertex 0.01633247599225268 0.5709963129862253 0
    vertex 0.01417081379363662 0.5062731331328956 0
  endloop
endfacet
facet normal 0 0 1
  outer loop
    vertex -0.5645154532531189 -0.1019016992777379 0
    vertex -0.6165677408687298 -0.1484109849485704 0
    vertex -0.5579958723476575 -0.1683897624824808 0
  endloop
endfacet
facet normal 0 0 1
  outer loop
    vertex -0.07339786882590997 0.6391090337594358 0
    vertex -0.09644135361920504 0.5772937164119905 0
    vertex -0.03100110366049203 0.6009832924733707 0
  endloop
endfacet
facet normal 0 0 1
  outer loop
    vertex 0.7113707758130278 -0.1494432128024299 0
    vertex 0.6873940454672376 -0.07459325148386864 0
    vertex 0.6540616971218781 -0.125359595864398 0
  endloop
endfacet
facet normal -0 0 1
  outer loop
    vertex -0.5678165188551574 0.4037256764663298 0
    vertex -0.4901897204871153 0.3968283802448911 0
    vertex -0.5266432804453273 0.4477061764938541 0
  endloop
endfacet
facet normal 0 0 1
  outer loop
    vertex 0.01633247599225268 0.5709963129862253 0
    vertex 0.007752778416527587 0.6438052456848091 0
    vertex -0.03100110366049203 0.6009832924733707 0
  endloop
endfacet
facet normal 0 0 1
  outer loop
    vertex 0.6509357460880574 -0.5329732003037002 0
    vertex 0.7253150048853516 -0.5102331788252134 0
    vertex 0.6750643334726956 -0.4793223582540398 0
  endloop
endfacet
facet normal 0 0 1
  outer loop
    vertex -0.2953182481746943 -0.5252109195530986 0
    vertex -0.2504240820495711 -0.5879023314431092 0
    vertex -0.2343981440740841 -0.5299214258653479 0
  endloop
endfacet
facet normal 0 0 1
  outer loop
    vertex 0.4801085621602922 0.1941739099384319 0
    vertex 0.4017477283501426 0.1954519990795184 0
    vertex 0.442660559729235 0.1506248241417542 0
  endloop
endfacet
facet normal 0 0 1
  outer loop
    vertex -0.3810812137579474 -0.2584993039603811 0
    vertex -0.3017570472732172 -0.2554538786327612 0
    vertex -0.3426659633380654 -0.2106267428346493 0
  endloop
endfacet
facet normal 0 0 1
  outer loop
    vertex 0.4060293754498291 -0.2413740709298778 0
    vertex 0.469661588837577 -0.2207626443058245 0
    vertex 0.4227468238049584 -0.1825479767750895 0
  endloop
endfacet
facet normal 0 0 1
  outer loop
    vertex -0.5011066619696346 -0.1421905968772891 0
    vertex -0.5645154532531189 -0.1019016992777379 0
    vertex -0.5579958723476575 -0.1683897624824808 0
  endloop
endfacet
facet normal 0 -0 1
  outer loop
    vertex -0.6871256254652187 0.3405678411450493 0
    vertex -0.6431327345964551 0.4055971067951089 0
    vertex -0.7026146694464279 0.4023933825515558 0
  endloop
endfacet
facet normal 0 -0 1
  outer loop
    vertex 0.469661588837577 -0.2207626443058245 0
    vertex 0.4703591497561415 -0.144573662054406 0
    vertex 0.4227468238049584 -0.1825479767750895 0
  endloop
endfacet
facet normal 0 -0 1
  outer loop
    vertex 0.5214767070390074 0.05301152731527942 0
    vertex 0.5764640955443462 0.09722833781759858 0
    vertex 0.5034834602460743 0.1256873009424205 0
  endloop
endfacet
facet normal 0 0 1
  outer loop
    vertex 0.2239352726954965 0.7315502829610858 0
    vertex 0.2125158388121703 0.6657770075627814 0
    vertex 0.27109269028178 0.6883391951668365 0
  endloop
endfacet
facet normal 0 0 1
  outer loop
    vertex -0.5043480154968746 0.1316849254468832 0
    vertex -0.5414487192233091 0.06469363323426855 0
    vertex -0.4823462075228626 0.0750271906496032 0
  endloop
endfacet
facet normal 0 0 1
  outer loop
    vertex 0.2116866794071052 0.5243249021597253 0
    vertex 0.1473607398027467 0.5662277467523252 0
    vertex 0.1544395591309843 0.5043351697958558 0
  endloop
endfacet
facet normal 0 0 1
  outer loop
    vertex 0.8285934795232525 -0.315994618274228 0
    vertex 0.8058534580448845 -0.2416153594773226 0
    vertex 0.7765670486652962 -0.29176376701408 0
  endloop
endfacet
facet normal 0 -0 1
  outer loop
    vertex -0.1734454925950809 -0.3775156805602263 0
    vertex -0.1682214300812713 -0.3036410193178004 0
    vertex -0.2122246777842066 -0.3327497714234775 0
  endloop
endfacet
facet normal -0 0 1
  outer loop
    vertex -0.5040902178594004 -0.5198208220158481 0
    vertex -0.4382440553423834 -0.5302506447036348 0
    vertex -0.4645102049750398 -0.471949023269688 0
  endloop
endfacet
facet normal 0 -0 1
  outer loop
    vertex -0.7666400907598691 0.3724209215859011 0
    vertex -0.7453196574045228 0.4405053616506442 0
    vertex -0.8029772749235439 0.4269505904867691 0
  endloop
endfacet
facet normal -0 0 1
  outer loop
    vertex 0.3755470588865331 0.7823771475219481 0
    vertex 0.4405516435648328 0.7506213762206588 0
    vertex 0.4269505904869706 0.802977274923923 0
  endloop
endfacet
facet normal 0 0 1
  outer loop
    vertex -0.3698337580100656 -0.7824122484131838 0
    vertex -0.4253681991245956 -0.7360758592448847 0
    vertex -0.4269505904869706 -0.802977274923923 0
  endloop
endfacet
facet normal 0 0 1
  outer loop
    vertex -0.4938513682483463 0.01266218036140023 0
    vertex -0.4306413703206798 0.04222487580256112 0
    vertex -0.4823462075228626 0.0750271906496032 0
  endloop
endfacet
facet normal 0 0 1
  outer loop
    vertex -0.3173134024032206 0.5086466788910096 0
    vertex -0.3705818661571095 0.4640768427135755 0
    vertex -0.301660523732993 0.4540302647881781 0
  endloop
endfacet
facet normal 0 0 1
  outer loop
    vertex 0.2977348998754553 -0.5658268954543441 0
    vertex 0.2332338331716045 -0.5459317705154846 0
    vertex 0.2390015218870478 -0.6013830904378925 0
  endloop
endfacet
facet normal 0 0 1
  outer loop
    vertex 0.776018210122231 -0.3653492037848797 0
    vertex 0.735925487910752 -0.4402182936748186 0
    vertex 0.8034717619168978 -0.427213513884971 0
  endloop
endfacet
facet normal 0 0 1
  outer loop
    vertex 0.8513335010016456 -0.3903738770712159 0
    vertex 0.776018210122231 -0.3653492037848797 0
    vertex 0.8034717619168978 -0.427213513884971 0
  endloop
endfacet
facet normal -0 0 1
  outer loop
    vertex -0.09644135361920504 0.5772937164119905 0
    vertex -0.04490498939447923 0.5432033108668812 0
    vertex -0.03100110366049203 0.6009832924733707 0
  endloop
endfacet
facet normal -0 0 1
  outer loop
    vertex -0.2544607141813979 -0.4596990454013684 0
    vertex -0.1897203558174342 -0.4900603422561133 0
    vertex -0.1966036518432483 -0.4328000554804987 0
  endloop
endfacet
facet normal 0 0 1
  outer loop
    vertex 0.4405516435648328 0.7506213762206588 0
    vertex 0.3755470588865331 0.7823771475219481 0
    vertex 0.3850936927267442 0.713963271686979 0
  endloop
endfacet
facet normal -0 0 1
  outer loop
    vertex -0.7073290981945637 0.1497399075648465 0
    vertex -0.6447240231828361 0.1344824573244395 0
    vertex -0.6708938199279572 0.1938857124355829 0
  endloop
endfacet
facet normal 0 -0 1
  outer loop
    vertex 0.4494546102389466 0.08679188814526639 0
    vertex 0.5034834602460743 0.1256873009424205 0
    vertex 0.442660559729235 0.1506248241417542 0
  endloop
endfacet
facet normal 0 0 1
  outer loop
    vertex 0.3360740682424064 0.3622841679002615 0
    vertex 0.2677413742921609 0.3256562374405945 0
    vertex 0.3248012433607596 0.3022714801775868 0
  endloop
endfacet
facet normal 0 0 1
  outer loop
    vertex -0.3426665559439393 0.2537925458596755 0
    vertex -0.3056592025832521 0.1877402674847213 0
    vertex -0.2822756731567165 0.2447985354980561 0
  endloop
endfacet
facet normal 0 0 1
  outer loop
    vertex 0.2332338331716045 -0.5459317705154846 0
    vertex 0.1803392309825579 -0.5790701493487999 0
    vertex 0.2390015218870478 -0.6013830904378925 0
  endloop
endfacet
facet normal 0 0 1
  outer loop
    vertex -0.1091002713629106 0.5121946291045054 0
    vertex -0.04490498939447923 0.5432033108668812 0
    vertex -0.09644135361920504 0.5772937164119905 0
  endloop
endfacet
facet normal 0 0 1
  outer loop
    vertex -0.2336776674577591 -0.3930792994973942 0
    vertex -0.2544607141813979 -0.4596990454013684 0
    vertex -0.1966036518432483 -0.4328000554804987 0
  endloop
endfacet
facet normal 0 0 1
  outer loop
    vertex -0.04490498939447923 0.5432033108668812 0
    vertex 0.01633247599225268 0.5709963129862253 0
    vertex -0.03100110366049203 0.6009832924733707 0
  endloop
endfacet
facet normal 0 0 1
  outer loop
    vertex -0.1734454925950809 -0.3775156805602263 0
    vertex -0.2336776674577591 -0.3930792994973942 0
    vertex -0.1966036518432483 -0.4328000554804987 0
  endloop
endfacet
facet normal 0 0 1
  outer loop
    vertex -0.1397075355330157 -0.4330181049826385 0
    vertex -0.1734454925950809 -0.3775156805602263 0
    vertex -0.1966036518432483 -0.4328000554804987 0
  endloop
endfacet
facet normal 0 0 1
  outer loop
    vertex -0.2336776674577591 -0.3930792994973942 0
    vertex -0.1734454925950809 -0.3775156805602263 0
    vertex -0.2122246777842066 -0.3327497714234775 0
  endloop
endfacet
endsolid Created by Gmsh
