# Visualization Mesh
# Format: x y patch_id direction
# Blank line separates different grid lines
# Total lines: 128

44.5379 7.27525 0 u
44.8578 6.69542 0 u
45.1207 6.08827 0 u
45.3411 5.46768 0 u
45.52 4.83562 0 u
45.6583 4.19405 0 u
45.7572 3.54494 0 u
45.8175 2.89026 0 u
45.8403 2.23197 0 u
45.8266 1.57205 0 u
45.7775 0.912449 0 u
45.6938 0.255145 0 u
45.5766 -0.397898 0 u
45.4269 -1.04471 0 u
45.2457 -1.68334 0 u
45.034 -2.3118 0 u
44.7928 -2.92813 0 u
44.5232 -3.53037 0 u
44.226 -4.11654 0 u
43.9023 -4.68469 0 u
43.545 -5.23887 0 u

51.2557 10.006 0 u
51.4234 9.23063 0 u
51.5693 8.45098 0 u
51.6992 7.66874 0 u
51.8135 6.88417 0 u
51.9123 6.09755 0 u
51.996 5.30914 0 u
52.065 4.51919 0 u
52.1194 3.72798 0 u
52.1595 2.93577 0 u
52.1858 2.14282 0 u
52.1984 1.3494 0 u
52.1977 0.555772 0 u
52.1839 -0.237796 0 u
52.1574 -1.03104 0 u
52.1184 -1.8237 0 u
52.0672 -2.61551 0 u
52.0042 -3.4062 0 u
51.9296 -4.19551 0 u
51.8437 -4.98317 0 u
51.7419 -5.76966 0 u

44.5379 7.27525 0 v
44.8738 7.41178 0 v
45.2097 7.54832 0 v
45.5456 7.68486 0 v
45.8815 7.82139 0 v
46.2174 7.95793 0 v
46.5533 8.09446 0 v
46.8891 8.231 0 v
47.225 8.36753 0 v
47.5609 8.50407 0 v
47.8968 8.6406 0 v
48.2327 8.77714 0 v
48.5686 8.91368 0 v
48.9045 9.05021 0 v
49.2404 9.18675 0 v
49.5762 9.32328 0 v
49.9121 9.45982 0 v
50.248 9.59635 0 v
50.5839 9.73289 0 v
50.9198 9.86943 0 v
51.2557 10.006 0 v

43.545 -5.23887 0 v
43.9549 -5.26541 0 v
44.3647 -5.29195 0 v
44.7746 -5.31849 0 v
45.1844 -5.34503 0 v
45.5943 -5.37157 0 v
46.0041 -5.39811 0 v
46.4139 -5.42465 0 v
46.8238 -5.45119 0 v
47.2336 -5.47773 0 v
47.6435 -5.50426 0 v
48.0533 -5.5308 0 v
48.4632 -5.55734 0 v
48.873 -5.58388 0 v
49.2829 -5.61042 0 v
49.6927 -5.63696 0 v
50.1026 -5.6635 0 v
50.5124 -5.69004 0 v
50.9223 -5.71658 0 v
51.3321 -5.74312 0 v
51.7419 -5.76966 0 v

32.7713 5.24989 1 u
33.3307 5.59218 1 u
33.8568 5.91363 1 u
34.407 6.25847 1 u
34.9784 6.61801 1 u
35.5679 6.98356 1 u
36.1729 7.34645 1 u
36.7902 7.69799 1 u
37.4171 8.0295 1 u
38.0507 8.33229 1 u
38.688 8.59768 1 u
39.3261 8.817 1 u
39.9622 8.98155 1 u
40.5933 9.08265 1 u
41.2165 9.11163 1 u
41.829 9.05979 1 u
42.4278 8.91846 1 u
43.01 8.67895 1 u
43.5728 8.33258 1 u
44.1132 7.87066 1 u
44.5387 7.27637 1 u

23.9671 12.9382 1 u
25.4417 13.5289 1 u
26.8131 14.1919 1 u
28.2791 14.8712 1 u
29.8232 15.547 1 u
31.4283 16.1994 1 u
33.0778 16.8088 1 u
34.7548 17.3552 1 u
36.4425 17.819 1 u
38.1241 18.1804 1 u
39.7828 18.4195 1 u
41.4019 18.5167 1 u
42.9644 18.4521 1 u
44.4536 18.206 1 u
45.8527 17.7585 1 u
47.1449 17.09 1 u
48.3134 16.1806 1 u
49.3413 15.0105 1 u
50.2119 13.56 1 u
50.9084 11.8093 1 u
51.2571 10.004 1 u

32.7713 5.24989 1 v
32.3311 5.63431 1 v
31.8908 6.01872 1 v
31.4506 6.40314 1 v
31.0104 6.78755 1 v
30.5702 7.17197 1 v
30.13 7.55638 1 v
29.6898 7.9408 1 v
29.2496 8.32521 1 v
28.8094 8.70963 1 v
28.3692 9.09404 1 v
27.929 9.47846 1 v
27.4888 9.86287 1 v
27.0486 10.2473 1 v
26.6083 10.6317 1 v
26.1681 11.0161 1 v
25.7279 11.4005 1 v
25.2877 11.7849 1 v
24.8475 12.1694 1 v
24.4073 12.5538 1 v
23.9671 12.9382 1 v

44.5387 7.27637 1 v
44.8746 7.41275 1 v
45.2106 7.54913 1 v
45.5465 7.68551 1 v
45.8824 7.82189 1 v
46.2183 7.95827 1 v
46.5542 8.09465 1 v
46.8902 8.23103 1 v
47.2261 8.36741 1 v
47.562 8.50379 1 v
47.8979 8.64017 1 v
48.2338 8.77655 1 v
48.5698 8.91293 1 v
48.9057 9.04932 1 v
49.2416 9.1857 1 v
49.5775 9.32208 1 v
49.9134 9.45846 1 v
50.2494 9.59484 1 v
50.5853 9.73122 1 v
50.9212 9.8676 1 v
51.2571 10.004 1 v

12.4697 8.71932 2 u
13.2285 8.01041 2 u
13.9873 7.30151 2 u
14.746 6.59261 2 u
15.5048 5.8837 2 u
16.2635 5.1748 2 u
17.0223 4.46589 2 u
17.7811 3.75699 2 u
18.5398 3.04809 2 u
19.2986 2.33918 2 u
20.0573 1.63028 2 u
20.8161 0.921376 2 u
21.5749 0.212473 2 u
22.3336 -0.496431 2 u
23.0924 -1.20533 2 u
23.8512 -1.91424 2 u
24.6099 -2.62314 2 u
25.3687 -3.33205 2 u
26.1274 -4.04095 2 u
26.8862 -4.74985 2 u
27.645 -5.45876 2 u

23.9667 12.9378 2 u
24.4069 12.5534 2 u
24.8472 12.169 2 u
25.2874 11.7846 2 u
25.7276 11.4002 2 u
26.1678 11.0158 2 u
26.6081 10.6314 2 u
27.0483 10.247 2 u
27.4885 9.86265 2 u
27.9287 9.47825 2 u
28.369 9.09385 2 u
28.8092 8.70945 2 u
29.2494 8.32506 2 u
29.6896 7.94066 2 u
30.1299 7.55626 2 u
30.5701 7.17187 2 u
31.0103 6.78747 2 u
31.4505 6.40307 2 u
31.8908 6.01868 2 u
32.331 5.63428 2 u
32.7712 5.24988 2 u

12.4697 8.71932 2 v
13.0574 8.89299 2 v
13.6435 9.07184 2 v
14.228 9.25568 2 v
14.8109 9.44428 2 v
15.3923 9.63743 2 v
15.9722 9.83493 2 v
16.5507 10.0366 2 v
17.1278 10.2421 2 v
17.7036 10.4514 2 v
18.2781 10.6642 2 v
18.8514 10.8802 2 v
19.4236 11.0994 2 v
19.9947 11.3214 2 v
20.5648 11.546 2 v
21.1339 11.7731 2 v
21.702 12.0025 2 v
22.2693 12.2338 2 v
22.8358 12.467 2 v
23.4016 12.7018 2 v
23.9667 12.9378 2 v

27.645 -5.45876 2 v
27.301 -4.84935 2 v
27.0204 -4.18409 2 v
26.8382 -3.5254 2 v
26.7483 -2.87481 2 v
26.7444 -2.23381 2 v
26.8202 -1.60393 2 v
26.9696 -0.986672 2 v
27.1862 -0.38356 2 v
27.464 0.203898 2 v
27.7965 0.774187 2 v
28.1777 1.32579 2 v
28.6013 1.85721 2 v
29.061 2.36691 2 v
29.5506 2.85339 2 v
30.0639 3.31513 2 v
30.5947 3.75063 2 v
31.1367 4.15836 2 v
31.6837 4.53682 2 v
32.2294 4.88448 2 v
32.7712 5.24988 2 v

43.5451 -5.23866 3 u
43.9548 -5.26508 3 u
44.3644 -5.29149 3 u
44.7741 -5.31791 3 u
45.1837 -5.34433 3 u
45.5934 -5.37075 3 u
46.003 -5.39717 3 u
46.4127 -5.42358 3 u
46.8223 -5.45 3 u
47.232 -5.47642 3 u
47.6416 -5.50284 3 u
48.0513 -5.52926 3 u
48.4609 -5.55567 3 u
48.8706 -5.58209 3 u
49.2802 -5.60851 3 u
49.6899 -5.63493 3 u
50.0995 -5.66135 3 u
50.5092 -5.68776 3 u
50.9188 -5.71418 3 u
51.3285 -5.7406 3 u
51.7381 -5.76702 3 u

27.6447 -5.45891 3 u
27.3952 -6.18308 3 u
27.1456 -6.90724 3 u
26.8961 -7.63141 3 u
26.6466 -8.35558 3 u
26.3971 -9.07974 3 u
26.1475 -9.80391 3 u
25.898 -10.5281 3 u
25.6485 -11.2522 3 u
25.399 -11.9764 3 u
25.1495 -12.7006 3 u
24.8999 -13.4247 3 u
24.6504 -14.1489 3 u
24.4009 -14.8731 3 u
24.1514 -15.5972 3 u
23.9018 -16.3214 3 u
23.6523 -17.0456 3 u
23.4028 -17.7697 3 u
23.1533 -18.4939 3 u
22.9038 -19.2181 3 u
22.6542 -19.9422 3 u

43.5451 -5.23866 3 v
42.9847 -6.03446 3 v
42.3753 -6.86048 3 v
41.6888 -7.60035 3 v
40.9349 -8.25234 3 v
40.1235 -8.81472 3 v
39.2642 -9.28578 3 v
38.3666 -9.66377 3 v
37.4406 -9.94699 3 v
36.4959 -10.1337 3 v
35.5421 -10.2221 3 v
34.5889 -10.2106 3 v
33.6462 -10.0975 3 v
32.7235 -9.88085 3 v
31.8306 -9.5591 3 v
30.9772 -9.13047 3 v
30.1731 -8.59325 3 v
29.4279 -7.94571 3 v
28.7513 -7.18612 3 v
28.1531 -6.31275 3 v
27.6447 -5.45891 3 v

51.7381 -5.76702 3 v
51.5862 -7.77079 3 v
51.2443 -9.88525 3 v
50.6608 -11.7512 3 v
49.8554 -13.3834 3 v
48.8476 -14.7967 3 v
47.657 -16.0059 3 v
46.3033 -17.0258 3 v
44.8059 -17.8712 3 v
43.1846 -18.557 3 v
41.4588 -19.0979 3 v
39.6482 -19.5087 3 v
37.7724 -19.8044 3 v
35.851 -19.9996 3 v
33.9035 -20.1092 3 v
31.9495 -20.1481 3 v
30.0087 -20.1309 3 v
28.1006 -20.0726 3 v
26.2448 -19.9879 3 v
24.4609 -19.8917 3 v
22.6542 -19.9422 3 v

8.00312 -19.9235 4 u
7.5705 -19.3845 4 u
7.13788 -18.8455 4 u
6.70526 -18.3065 4 u
6.27264 -17.7676 4 u
5.84003 -17.2286 4 u
5.40741 -16.6896 4 u
4.97479 -16.1506 4 u
4.54217 -15.6116 4 u
4.10955 -15.0726 4 u
3.67694 -14.5337 4 u
3.24432 -13.9947 4 u
2.8117 -13.4557 4 u
2.37908 -12.9167 4 u
1.94647 -12.3777 4 u
1.51385 -11.8388 4 u
1.08123 -11.2998 4 u
0.648611 -10.7608 4 u
0.215993 -10.2218 4 u
-0.216625 -9.68283 4 u
-0.649243 -9.14385 4 u

22.6531 -19.942 4 u
22.9027 -19.2178 4 u
23.1523 -18.4937 4 u
23.4018 -17.7695 4 u
23.6514 -17.0453 4 u
23.901 -16.3211 4 u
24.1506 -15.597 4 u
24.4002 -14.8728 4 u
24.6497 -14.1486 4 u
24.8993 -13.4244 4 u
25.1489 -12.7003 4 u
25.3985 -11.9761 4 u
25.6481 -11.2519 4 u
25.8977 -10.5277 4 u
26.1472 -9.80356 4 u
26.3968 -9.07938 4 u
26.6464 -8.35521 4 u
26.896 -7.63103 4 u
27.1456 -6.90685 4 u
27.3952 -6.18268 4 u
27.6447 -5.4585 4 u

8.00312 -19.9235 4 v
8.73561 -19.9243 4 v
9.46811 -19.9251 4 v
10.2006 -19.9259 4 v
10.9331 -19.9268 4 v
11.6656 -19.9276 4 v
12.3981 -19.9285 4 v
13.1306 -19.9294 4 v
13.8631 -19.9303 4 v
14.5956 -19.9312 4 v
15.3281 -19.9322 4 v
16.0606 -19.9331 4 v
16.7931 -19.9341 4 v
17.5256 -19.9351 4 v
18.2581 -19.936 4 v
18.9906 -19.937 4 v
19.7231 -19.938 4 v
20.4556 -19.939 4 v
21.1881 -19.94 4 v
21.9206 -19.941 4 v
22.6531 -19.942 4 v

-0.649243 -9.14385 4 v
0.765456 -8.95958 4 v
2.18016 -8.77531 4 v
3.59485 -8.59105 4 v
5.00955 -8.40678 4 v
6.42425 -8.22251 4 v
7.83895 -8.03824 4 v
9.25365 -7.85398 4 v
10.6683 -7.66971 4 v
12.083 -7.48544 4 v
13.4977 -7.30117 4 v
14.9124 -7.11691 4 v
16.3271 -6.93264 4 v
17.7418 -6.74837 4 v
19.1565 -6.56411 4 v
20.5712 -6.37984 4 v
21.9859 -6.19557 4 v
23.4006 -6.0113 4 v
24.8153 -5.82704 4 v
26.23 -5.64277 4 v
27.6447 -5.4585 4 v

0.0189515 6.67842 5 u
-0.0144582 5.88731 5 u
-0.0478679 5.0962 5 u
-0.0812776 4.30508 5 u
-0.114687 3.51397 5 u
-0.148097 2.72286 5 u
-0.181507 1.93174 5 u
-0.214916 1.14063 5 u
-0.248326 0.349515 5 u
-0.281736 -0.441599 5 u
-0.315146 -1.23271 5 u
-0.348555 -2.02383 5 u
-0.381965 -2.81494 5 u
-0.415375 -3.60605 5 u
-0.448784 -4.39717 5 u
-0.482194 -5.18828 5 u
-0.515604 -5.97939 5 u
-0.549013 -6.77051 5 u
-0.582423 -7.56162 5 u
-0.615833 -8.35273 5 u
-0.649243 -9.14385 5 u

12.4698 8.71934 5 u
13.2285 8.01044 5 u
13.9873 7.30155 5 u
14.746 6.59266 5 u
15.5048 5.88377 5 u
16.2635 5.17488 5 u
17.0223 4.46599 5 u
17.781 3.75709 5 u
18.5398 3.0482 5 u
19.2985 2.33931 5 u
20.0573 1.63042 5 u
20.816 0.921526 5 u
21.5748 0.212634 5 u
22.3335 -0.496258 5 u
23.0923 -1.20515 5 u
23.851 -1.91404 5 u
24.6097 -2.62293 5 u
25.3685 -3.33183 5 u
26.1272 -4.04072 5 u
26.886 -4.74961 5 u
27.6447 -5.4585 5 u

0.0189515 6.67842 5 v
0.651474 6.69441 5 v
1.28393 6.72091 5 v
1.91564 6.75776 5 v
2.54653 6.80469 5 v
3.17653 6.86145 5 v
3.80557 6.92779 5 v
4.43356 7.00345 5 v
5.06045 7.08818 5 v
5.68614 7.18172 5 v
6.31058 7.28381 5 v
6.93368 7.39421 5 v
7.55537 7.51266 5 v
8.17558 7.6389 5 v
8.79423 7.77268 5 v
9.41125 7.91374 5 v
10.0266 8.06183 5 v
10.6401 8.21669 5 v
11.2518 8.37807 5 v
11.8616 8.54572 5 v
12.4698 8.71934 5 v

-0.649243 -9.14385 5 v
0.765456 -8.95958 5 v
2.18016 -8.77531 5 v
3.59485 -8.59105 5 v
5.00955 -8.40678 5 v
6.42425 -8.22251 5 v
7.83895 -8.03824 5 v
9.25365 -7.85398 5 v
10.6683 -7.66971 5 v
12.083 -7.48544 5 v
13.4977 -7.30117 5 v
14.9124 -7.11691 5 v
16.3271 -6.93264 5 v
17.7418 -6.74837 5 v
19.1565 -6.56411 5 v
20.5712 -6.37984 5 v
21.9859 -6.19557 5 v
23.4006 -6.0113 5 v
24.8153 -5.82704 5 v
26.23 -5.64277 5 v
27.6447 -5.4585 5 v

-5.47733 -3.15051 6 u
-5.47961 -3.08636 6 u
-5.48174 -3.02227 6 u
-5.48372 -2.95823 6 u
-5.48556 -2.89424 6 u
-5.48727 -2.83029 6 u
-5.48886 -2.76637 6 u
-5.49035 -2.70247 6 u
-5.49174 -2.63858 6 u
-5.49305 -2.5747 6 u
-5.49429 -2.51082 6 u
-5.49546 -2.44694 6 u
-5.49658 -2.38303 6 u
-5.49767 -2.3191 6 u
-5.49872 -2.25514 6 u
-5.49975 -2.19113 6 u
-5.50077 -2.12708 6 u
-5.5018 -2.06297 6 u
-5.50284 -1.99879 6 u
-5.50391 -1.93455 6 u
-5.50501 -1.87022 6 u
-5.50615 -1.80581 6 u
-5.50736 -1.7413 6 u
-5.50863 -1.67668 6 u
-5.50998 -1.61196 6 u
-5.51142 -1.54711 6 u
-5.51296 -1.48214 6 u
-5.51461 -1.41703 6 u
-5.51639 -1.35177 6 u
-5.51829 -1.28637 6 u
-5.52034 -1.22081 6 u
-5.52255 -1.15508 6 u
-5.52492 -1.08917 6 u
-5.52747 -1.02308 6 u
-5.5302 -0.956803 6 u
-5.53314 -0.890325 6 u
-5.53628 -0.82364 6 u
-5.53964 -0.756742 6 u
-5.54323 -0.68962 6 u
-5.54707 -0.622269 6 u
-5.55116 -0.554679 6 u
-5.5555 -0.486847 6 u
-5.5601 -0.418781 6 u
-5.56495 -0.350493 6 u
-5.57003 -0.281998 6 u
-5.57533 -0.213306 6 u
-5.58084 -0.144431 6 u
-5.58656 -0.0753842 6 u
-5.59247 -0.00617915 6 u
-5.59856 0.063172 6 u
-5.60483 0.132657 6 u
-5.61126 0.202263 6 u
-5.61784 0.271977 6 u
-5.62457 0.341788 6 u
-5.63143 0.411682 6 u
-5.63841 0.481648 6 u
-5.64551 0.551672 6 u
-5.65271 0.621742 6 u
-5.66 0.691846 6 u
-5.66737 0.761971 6 u
-5.67482 0.832105 6 u
-5.68233 0.902235 6 u
-5.6899 0.972349 6 u
-5.6975 1.04243 6 u
-5.70515 1.11248 6 u
-5.71281 1.18247 6 u
-5.72049 1.25239 6 u
-5.72816 1.32224 6 u
-5.73584 1.39199 6 u
-5.74349 1.46164 6 u
-5.75112 1.53117 6 u
-5.75871 1.60058 6 u
-5.76626 1.66984 6 u
-5.77374 1.73895 6 u
-5.78116 1.80789 6 u
-5.7885 1.87666 6 u
-5.79576 1.94523 6 u
-5.80292 2.0136 6 u
-5.80997 2.08175 6 u
-5.8169 2.14968 6 u
-5.82371 2.21736 6 u
-5.83038 2.28479 6 u
-5.83692 2.35197 6 u
-5.84332 2.4189 6 u
-5.8496 2.48557 6 u
-5.85575 2.55199 6 u
-5.86178 2.61815 6 u
-5.8677 2.68407 6 u
-5.87349 2.74973 6 u
-5.87917 2.81514 6 u
-5.88475 2.8803 6 u
-5.89021 2.9452 6 u
-5.89557 3.00986 6 u
-5.90083 3.07426 6 u
-5.906 3.13842 6 u
-5.91107 3.20232 6 u
-5.91604 3.26597 6 u
-5.92093 3.32937 6 u
-5.92573 3.39252 6 u
-5.93045 3.45543 6 u
-5.93509 3.51808 6 u
-5.93965 3.58048 6 u
-5.94414 3.64264 6 u
-5.94856 3.70454 6 u
-5.95292 3.7662 6 u
-5.9572 3.82761 6 u
-5.96143 3.88877 6 u
-5.9656 3.94968 6 u
-5.96971 4.01034 6 u
-5.97377 4.07076 6 u
-5.97778 4.13093 6 u
-5.98175 4.19085 6 u
-5.98567 4.25052 6 u
-5.98955 4.30995 6 u
-5.99339 4.36913 6 u
-5.9972 4.42807 6 u
-6.00098 4.48675 6 u
-6.00474 4.5452 6 u
-6.00846 4.6034 6 u
-6.01217 4.66135 6 u
-6.01585 4.71905 6 u
-6.01952 4.77652 6 u
-6.02318 4.83376 6 u
-6.02682 4.8908 6 u
-6.03045 4.94765 6 u
-6.03407 5.00435 6 u
-6.03768 5.0609 6 u
-6.04128 5.11734 6 u
-6.04488 5.17368 6 u
-6.04847 5.22994 6 u
-6.05206 5.28614 6 u
-6.05564 5.34231 6 u
-6.05922 5.39846 6 u
-6.06281 5.45462 6 u
-6.06639 5.51081 6 u
-6.06998 5.56704 6 u
-6.07358 5.62335 6 u
-6.07718 5.67974 6 u
-6.08078 5.73625 6 u
-6.08439 5.79289 6 u
-6.08802 5.84968 6 u
-6.09165 5.90665 6 u
-6.0953 5.96381 6 u
-6.09896 6.02119 6 u
-6.10264 6.0788 6 u
-6.10633 6.13667 6 u
-6.11004 6.19483 6 u
-6.11377 6.25328 6 u
-6.11752 6.31205 6 u
-6.12129 6.37116 6 u
-6.12508 6.43064 6 u
-6.1289 6.4905 6 u
-6.13275 6.55077 6 u
-6.13662 6.61146 6 u
-6.14052 6.67259 6 u
-6.14445 6.7342 6 u
-6.14841 6.79629 6 u
-6.15241 6.85889 6 u
-6.15643 6.92203 6 u
-6.1605 6.98571 6 u
-6.1646 7.04997 6 u

-3.72504 -4.16691 6 u
-3.72932 -4.0852 6 u
-3.73358 -4.00386 6 u
-3.73782 -3.92288 6 u
-3.74205 -3.84224 6 u
-3.74626 -3.76192 6 u
-3.75046 -3.68191 6 u
-3.75466 -3.6022 6 u
-3.75885 -3.52277 6 u
-3.76303 -3.44361 6 u
-3.76721 -3.36469 6 u
-3.7714 -3.28601 6 u
-3.77558 -3.20755 6 u
-3.77978 -3.1293 6 u
-3.78398 -3.05123 6 u
-3.78819 -2.97334 6 u
-3.79242 -2.8956 6 u
-3.79666 -2.81802 6 u
-3.80092 -2.74056 6 u
-3.8052 -2.66321 6 u
-3.8095 -2.58596 6 u
-3.81382 -2.5088 6 u
-3.81818 -2.4317 6 u
-3.82256 -2.35466 6 u
-3.82698 -2.27766 6 u
-3.83143 -2.20068 6 u
-3.83592 -2.12371 6 u
-3.84045 -2.04673 6 u
-3.84501 -1.96972 6 u
-3.84963 -1.89268 6 u
-3.85429 -1.81559 6 u
-3.859 -1.73843 6 u
-3.86376 -1.66119 6 u
-3.86857 -1.58385 6 u
-3.87344 -1.50639 6 u
-3.87837 -1.42881 6 u
-3.88336 -1.35108 6 u
-3.88841 -1.2732 6 u
-3.89353 -1.19514 6 u
-3.89871 -1.11689 6 u
-3.90397 -1.03844 6 u
-3.9093 -0.959775 6 u
-3.91469 -0.880912 6 u
-3.92016 -0.801871 6 u
-3.92569 -0.722672 6 u
-3.93128 -0.643336 6 u
-3.93693 -0.563883 6 u
-3.94264 -0.484335 6 u
-3.9484 -0.40471 6 u
-3.95421 -0.325031 6 u
-3.96007 -0.245317 6 u
-3.96598 -0.165589 6 u
-3.97192 -0.0858679 6 u
-3.97791 -0.00617336 6 u
-3.98394 0.0734738 6 u
-3.99 0.153053 6 u
-3.99609 0.232544 6 u
-4.00221 0.311925 6 u
-4.00836 0.391178 6 u
-4.01453 0.47028 6 u
-4.02072 0.549212 6 u
-4.02693 0.627953 6 u
-4.03315 0.706482 6 u
-4.03939 0.78478 6 u
-4.04563 0.862825 6 u
-4.05189 0.940597 6 u
-4.05814 1.01808 6 u
-4.0644 1.09524 6 u
-4.07066 1.17207 6 u
-4.07692 1.24854 6 u
-4.08317 1.32464 6 u
-4.0894 1.40035 6 u
-4.09563 1.47563 6 u
-4.10184 1.55048 6 u
-4.10804 1.62488 6 u
-4.11421 1.69879 6 u
-4.12036 1.77221 6 u
-4.12649 1.8451 6 u
-4.13258 1.91746 6 u
-4.13865 1.98926 6 u
-4.14468 2.06048 6 u
-4.15068 2.1311 6 u
-4.15664 2.20113 6 u
-4.16256 2.27058 6 u
-4.16845 2.33947 6 u
-4.17431 2.40781 6 u
-4.18013 2.4756 6 u
-4.18592 2.54286 6 u
-4.19168 2.6096 6 u
-4.19742 2.67584 6 u
-4.20312 2.74158 6 u
-4.20879 2.80684 6 u
-4.21443 2.87162 6 u
-4.22005 2.93595 6 u
-4.22564 2.99983 6 u
-4.23121 3.06327 6 u
-4.23675 3.12628 6 u
-4.24226 3.18889 6 u
-4.24776 3.25109 6 u
-4.25323 3.3129 6 u
-4.25868 3.37434 6 u
-4.26411 3.43541 6 u
-4.26951 3.49612 6 u
-4.2749 3.5565 6 u
-4.28027 3.61654 6 u
-4.28563 3.67626 6 u
-4.29096 3.73568 6 u
-4.29628 3.7948 6 u
-4.30159 3.85364 6 u
-4.30688 3.9122 6 u
-4.31216 3.97051 6 u
-4.31742 4.02856 6 u
-4.32268 4.08638 6 u
-4.32792 4.14398 6 u
-4.33315 4.20136 6 u
-4.33837 4.25854 6 u
-4.34358 4.31554 6 u
-4.34878 4.37235 6 u
-4.35398 4.429 6 u
-4.35917 4.48549 6 u
-4.36436 4.54184 6 u
-4.36954 4.59807 6 u
-4.37472 4.65417 6 u
-4.37991 4.71019 6 u
-4.3851 4.76613 6 u
-4.39032 4.822 6 u
-4.39555 4.87784 6 u
-4.40081 4.93365 6 u
-4.40611 4.98946 6 u
-4.41144 5.04528 6 u
-4.41682 5.10113 6 u
-4.42224 5.15703 6 u
-4.42771 5.21299 6 u
-4.43325 5.26904 6 u
-4.43885 5.32519 6 u
-4.44451 5.38146 6 u
-4.45026 5.43787 6 u
-4.45608 5.49443 6 u
-4.46198 5.55117 6 u
-4.46798 5.60809 6 u
-4.47407 5.66523 6 u
-4.48027 5.72259 6 u
-4.48657 5.7802 6 u
-4.49298 5.83807 6 u
-4.4995 5.89622 6 u
-4.50615 5.95467 6 u
-4.51293 6.01344 6 u
-4.51984 6.07254 6 u
-4.52689 6.13199 6 u
-4.53408 6.19181 6 u
-4.54142 6.25203 6 u
-4.54891 6.31264 6 u
-4.55656 6.37368 6 u
-4.56438 6.43516 6 u
-4.57236 6.49711 6 u
-4.58052 6.55952 6 u
-4.58886 6.62244 6 u
-4.59739 6.68587 6 u
-4.6061 6.74982 6 u
-4.61502 6.81433 6 u
-4.62413 6.8794 6 u

-2.22513 -5.49299 6 u
-2.2344 -5.40923 6 u
-2.24343 -5.32585 6 u
-2.25224 -5.24282 6 u
-2.26082 -5.16013 6 u
-2.26918 -5.07775 6 u
-2.27732 -4.99566 6 u
-2.28526 -4.91384 6 u
-2.29299 -4.83227 6 u
-2.30053 -4.75094 6 u
-2.30788 -4.66981 6 u
-2.31504 -4.58887 6 u
-2.32202 -4.50809 6 u
-2.32883 -4.42747 6 u
-2.33547 -4.34696 6 u
-2.34196 -4.26657 6 u
-2.34828 -4.18625 6 u
-2.35445 -4.106 6 u
-2.36048 -4.02579 6 u
-2.36638 -3.9456 6 u
-2.37213 -3.86541 6 u
-2.37777 -3.78521 6 u
-2.38328 -3.70496 6 u
-2.38867 -3.62464 6 u
-2.39396 -3.54425 6 u
-2.39914 -3.46375 6 u
-2.40422 -3.38312 6 u
-2.40921 -3.30235 6 u
-2.41412 -3.22142 6 u
-2.41894 -3.14029 6 u
-2.42369 -3.05896 6 u
-2.42837 -2.9774 6 u
-2.43299 -2.89559 6 u
-2.43754 -2.8135 6 u
-2.44205 -2.73113 6 u
-2.44651 -2.64844 6 u
-2.45093 -2.56542 6 u
-2.45532 -2.48204 6 u
-2.45968 -2.39829 6 u
-2.46401 -2.31415 6 u
-2.46833 -2.22958 6 u
-2.47264 -2.14459 6 u
-2.47693 -2.05919 6 u
-2.48122 -1.97341 6 u
-2.48549 -1.88727 6 u
-2.48975 -1.80081 6 u
-2.49401 -1.71405 6 u
-2.49825 -1.62702 6 u
-2.50248 -1.53975 6 u
-2.50671 -1.45227 6 u
-2.51092 -1.36461 6 u
-2.51513 -1.27679 6 u
-2.51932 -1.18884 6 u
-2.52351 -1.10079 6 u
-2.52769 -1.01268 6 u
-2.53186 -0.924513 6 u
-2.53602 -0.836336 6 u
-2.54018 -0.748172 6 u
-2.54432 -0.66005 6 u
-2.54846 -0.571997 6 u
-2.5526 -0.484041 6 u
-2.55672 -0.396212 6 u
-2.56084 -0.308536 6 u
-2.56495 -0.221043 6 u
-2.56905 -0.13376 6 u
-2.57315 -0.046716 6 u
-2.57725 0.0400614 6 u
-2.58133 0.126544 6 u
-2.58542 0.212703 6 u
-2.58949 0.298511 6 u
-2.59356 0.38394 6 u
-2.59763 0.468961 6 u
-2.60169 0.553546 6 u
-2.60575 0.637667 6 u
-2.6098 0.721296 6 u
-2.61384 0.804404 6 u
-2.61789 0.886964 6 u
-2.62193 0.968947 6 u
-2.62597 1.05033 6 u
-2.63 1.13107 6 u
-2.63403 1.21115 6 u
-2.63806 1.29056 6 u
-2.64208 1.36928 6 u
-2.64611 1.44736 6 u
-2.65013 1.52479 6 u
-2.65415 1.60161 6 u
-2.65818 1.67782 6 u
-2.66221 1.75344 6 u
-2.66624 1.82849 6 u
-2.67028 1.90298 6 u
-2.67432 1.97694 6 u
-2.67836 2.05038 6 u
-2.68242 2.12331 6 u
-2.68648 2.19576 6 u
-2.69055 2.26774 6 u
-2.69463 2.33927 6 u
-2.69871 2.41036 6 u
-2.70281 2.48104 6 u
-2.70693 2.55131 6 u
-2.71105 2.6212 6 u
-2.71519 2.69072 6 u
-2.71934 2.75989 6 u
-2.72351 2.82872 6 u
-2.7277 2.89724 6 u
-2.7319 2.96546 6 u
-2.73612 3.0334 6 u
-2.74036 3.10107 6 u
-2.74462 3.16849 6 u
-2.7489 3.23568 6 u
-2.7532 3.30265 6 u
-2.75753 3.36943 6 u
-2.76188 3.43603 6 u
-2.76625 3.50246 6 u
-2.77065 3.56874 6 u
-2.77507 3.63489 6 u
-2.77952 3.70093 6 u
-2.784 3.76687 6 u
-2.78851 3.83274 6 u
-2.79304 3.89854 6 u
-2.79761 3.96429 6 u
-2.80221 4.03002 6 u
-2.80684 4.09573 6 u
-2.81151 4.16144 6 u
-2.81623 4.22716 6 u
-2.82099 4.29289 6 u
-2.82581 4.35865 6 u
-2.8307 4.42445 6 u
-2.83566 4.4903 6 u
-2.84069 4.5562 6 u
-2.8458 4.62216 6 u
-2.85101 4.6882 6 u
-2.8563 4.75433 6 u
-2.8617 4.82055 6 u
-2.86721 4.88688 6 u
-2.87282 4.95332 6 u
-2.87856 5.01988 6 u
-2.88443 5.08658 6 u
-2.89042 5.15342 6 u
-2.89656 5.22041 6 u
-2.90284 5.28756 6 u
-2.90927 5.35489 6 u
-2.91585 5.4224 6 u
-2.92261 5.4901 6 u
-2.92953 5.558 6 u
-2.93662 5.62611 6 u
-2.9439 5.69445 6 u
-2.95137 5.76301 6 u
-2.95903 5.83181 6 u
-2.96689 5.90087 6 u
-2.97496 5.97018 6 u
-2.98324 6.03976 6 u
-2.99174 6.10962 6 u
-3.00047 6.17977 6 u
-3.00943 6.25021 6 u
-3.01863 6.32097 6 u
-3.02807 6.39204 6 u
-3.03776 6.46344 6 u
-3.04771 6.53517 6 u
-3.05792 6.60725 6 u
-3.06841 6.67969 6 u
-3.07917 6.7525 6 u

-1.14937 -7.20122 6 u
-1.16113 -7.11521 6 u
-1.17247 -7.02907 6 u
-1.1834 -6.94279 6 u
-1.19393 -6.8564 6 u
-1.20406 -6.76987 6 u
-1.2138 -6.68323 6 u
-1.22317 -6.59647 6 u
-1.23217 -6.50959 6 u
-1.24081 -6.4226 6 u
-1.2491 -6.3355 6 u
-1.25705 -6.24828 6 u
-1.26467 -6.16096 6 u
-1.27197 -6.07354 6 u
-1.27895 -5.98602 6 u
-1.28563 -5.89839 6 u
-1.29202 -5.81067 6 u
-1.29812 -5.72285 6 u
-1.30394 -5.63495 6 u
-1.3095 -5.54695 6 u
-1.31479 -5.45886 6 u
-1.31984 -5.3707 6 u
-1.32464 -5.28245 6 u
-1.32922 -5.19411 6 u
-1.33357 -5.10571 6 u
-1.3377 -5.01722 6 u
-1.34164 -4.92867 6 u
-1.34537 -4.84004 6 u
-1.34893 -4.75135 6 u
-1.3523 -4.66259 6 u
-1.35551 -4.57377 6 u
-1.35855 -4.48489 6 u
-1.36145 -4.39596 6 u
-1.36421 -4.30696 6 u
-1.36683 -4.21792 6 u
-1.36933 -4.12882 6 u
-1.37172 -4.03968 6 u
-1.374 -3.95049 6 u
-1.37619 -3.86126 6 u
-1.37829 -3.77198 6 u
-1.38032 -3.68267 6 u
-1.38227 -3.59332 6 u
-1.38416 -3.50395 6 u
-1.38598 -3.41454 6 u
-1.38773 -3.32512 6 u
-1.38942 -3.23568 6 u
-1.39105 -3.14623 6 u
-1.39262 -3.05677 6 u
-1.39412 -2.9673 6 u
-1.39557 -2.87785 6 u
-1.39695 -2.78839 6 u
-1.39828 -2.69895 6 u
-1.39955 -2.60953 6 u
-1.40077 -2.52013 6 u
-1.40193 -2.43076 6 u
-1.40304 -2.34141 6 u
-1.40409 -2.25211 6 u
-1.40509 -2.16284 6 u
-1.40605 -2.07362 6 u
-1.40695 -1.98445 6 u
-1.4078 -1.89534 6 u
-1.40861 -1.80629 6 u
-1.40937 -1.7173 6 u
-1.41009 -1.62838 6 u
-1.41076 -1.53954 6 u
-1.41139 -1.45077 6 u
-1.41197 -1.36209 6 u
-1.41252 -1.2735 6 u
-1.41302 -1.185 6 u
-1.41349 -1.0966 6 u
-1.41392 -1.0083 6 u
-1.41431 -0.920116 6 u
-1.41467 -0.83204 6 u
-1.41499 -0.744082 6 u
-1.41528 -0.656247 6 u
-1.41553 -0.568539 6 u
-1.41575 -0.480962 6 u
-1.41595 -0.393523 6 u
-1.41611 -0.306225 6 u
-1.41624 -0.219073 6 u
-1.41635 -0.132073 6 u
-1.41643 -0.0452271 6 u
-1.41649 0.0414676 6 u
-1.41652 0.128016 6 u
-1.41654 0.214422 6 u
-1.41653 0.30069 6 u
-1.41652 0.386827 6 u
-1.41648 0.472835 6 u
-1.41644 0.558719 6 u
-1.41638 0.644485 6 u
-1.41632 0.730137 6 u
-1.41625 0.81568 6 u
-1.41618 0.901118 6 u
-1.41611 0.986456 6 u
-1.41604 1.0717 6 u
-1.41597 1.15685 6 u
-1.41591 1.24192 6 u
-1.41585 1.3269 6 u
-1.41581 1.41181 6 u
-1.41577 1.49664 6 u
-1.41575 1.58141 6 u
-1.41574 1.66612 6 u
-1.41576 1.75076 6 u
-1.41579 1.83536 6 u
-1.41584 1.9199 6 u
-1.41592 2.0044 6 u
-1.41602 2.08886 6 u
-1.41615 2.17329 6 u
-1.41631 2.25769 6 u
-1.4165 2.34206 6 u
-1.41673 2.42641 6 u
-1.41699 2.51074 6 u
-1.4173 2.59506 6 u
-1.41764 2.67938 6 u
-1.41802 2.76369 6 u
-1.41845 2.84801 6 u
-1.41893 2.93233 6 u
-1.41946 3.01666 6 u
-1.42003 3.10101 6 u
-1.42066 3.18538 6 u
-1.42135 3.26978 6 u
-1.42209 3.35421 6 u
-1.4229 3.43867 6 u
-1.42376 3.52316 6 u
-1.4247 3.60769 6 u
-1.4257 3.69225 6 u
-1.42678 3.77685 6 u
-1.42794 3.86149 6 u
-1.42917 3.94617 6 u
-1.43049 4.03089 6 u
-1.4319 4.11565 6 u
-1.4334 4.20046 6 u
-1.43499 4.28532 6 u
-1.43667 4.37022 6 u
-1.43846 4.45517 6 u
-1.44035 4.54017 6 u
-1.44235 4.62522 6 u
-1.44445 4.71032 6 u
-1.44667 4.79548 6 u
-1.44901 4.88069 6 u
-1.45147 4.96596 6 u
-1.45404 5.05129 6 u
-1.45675 5.13668 6 u
-1.45958 5.22213 6 u
-1.46255 5.30764 6 u
-1.46565 5.39322 6 u
-1.4689 5.47886 6 u
-1.47228 5.56456 6 u
-1.47581 5.65034 6 u
-1.47949 5.73619 6 u
-1.48333 5.8221 6 u
-1.48732 5.90809 6 u
-1.49146 5.99415 6 u
-1.49577 6.08029 6 u
-1.50025 6.1665 6 u
-1.50489 6.2528 6 u
-1.50971 6.33917 6 u
-1.5147 6.42562 6 u
-1.51987 6.51215 6 u
-1.52523 6.59877 6 u
-1.53076 6.68547 6 u

-0.649035 -9.14323 6 u
-0.64486 -9.04435 6 u
-0.640685 -8.94546 6 u
-0.63651 -8.84658 6 u
-0.632335 -8.74769 6 u
-0.62816 -8.64881 6 u
-0.623985 -8.54992 6 u
-0.61981 -8.45104 6 u
-0.615636 -8.35215 6 u
-0.611461 -8.25327 6 u
-0.607286 -8.15438 6 u
-0.603111 -8.0555 6 u
-0.598936 -7.95661 6 u
-0.594761 -7.85773 6 u
-0.590586 -7.75884 6 u
-0.586411 -7.65995 6 u
-0.582236 -7.56107 6 u
-0.578061 -7.46218 6 u
-0.573887 -7.3633 6 u
-0.569712 -7.26441 6 u
-0.565537 -7.16553 6 u
-0.561362 -7.06664 6 u
-0.557187 -6.96776 6 u
-0.553012 -6.86887 6 u
-0.548837 -6.76999 6 u
-0.544662 -6.6711 6 u
-0.540487 -6.57222 6 u
-0.536312 -6.47333 6 u
-0.532138 -6.37445 6 u
-0.527963 -6.27556 6 u
-0.523788 -6.17667 6 u
-0.519613 -6.07779 6 u
-0.515438 -5.9789 6 u
-0.511263 -5.88002 6 u
-0.507088 -5.78113 6 u
-0.502913 -5.68225 6 u
-0.498738 -5.58336 6 u
-0.494563 -5.48448 6 u
-0.490389 -5.38559 6 u
-0.486214 -5.28671 6 u
-0.482039 -5.18782 6 u
-0.477864 -5.08894 6 u
-0.473689 -4.99005 6 u
-0.469514 -4.89116 6 u
-0.465339 -4.79228 6 u
-0.461164 -4.69339 6 u
-0.456989 -4.59451 6 u
-0.452814 -4.49562 6 u
-0.44864 -4.39674 6 u
-0.444465 -4.29785 6 u
-0.44029 -4.19897 6 u
-0.436115 -4.10008 6 u
-0.43194 -4.0012 6 u
-0.427765 -3.90231 6 u
-0.42359 -3.80343 6 u
-0.419415 -3.70454 6 u
-0.41524 -3.60566 6 u
-0.411065 -3.50677 6 u
-0.406891 -3.40788 6 u
-0.402716 -3.309 6 u
-0.398541 -3.21011 6 u
-0.394366 -3.11123 6 u
-0.390191 -3.01234 6 u
-0.386016 -2.91346 6 u
-0.381841 -2.81457 6 u
-0.377666 -2.71569 6 u
-0.373491 -2.6168 6 u
-0.369316 -2.51792 6 u
-0.365142 -2.41903 6 u
-0.360967 -2.32015 6 u
-0.356792 -2.22126 6 u
-0.352617 -2.12238 6 u
-0.348442 -2.02349 6 u
-0.344267 -1.9246 6 u
-0.340092 -1.82572 6 u
-0.335917 -1.72683 6 u
-0.331742 -1.62795 6 u
-0.327567 -1.52906 6 u
-0.323393 -1.43018 6 u
-0.319218 -1.33129 6 u
-0.315043 -1.23241 6 u
-0.310868 -1.13352 6 u
-0.306693 -1.03464 6 u
-0.302518 -0.935752 6 u
-0.298343 -0.836866 6 u
-0.294168 -0.737981 6 u
-0.289993 -0.639096 6 u
-0.285818 -0.54021 6 u
-0.281643 -0.441325 6 u
-0.277469 -0.34244 6 u
-0.273294 -0.243554 6 u
-0.269119 -0.144669 6 u
-0.264944 -0.0457835 6 u
-0.260769 0.0531018 6 u
-0.256594 0.151987 6 u
-0.252419 0.250872 6 u
-0.248244 0.349758 6 u
-0.244069 0.448643 6 u
-0.239894 0.547528 6 u
-0.23572 0.646414 6 u
-0.231545 0.745299 6 u
-0.22737 0.844184 6 u
-0.223195 0.94307 6 u
-0.21902 1.04196 6 u
-0.214845 1.14084 6 u
-0.21067 1.23973 6 u
-0.206495 1.33861 6 u
-0.20232 1.4375 6 u
-0.198145 1.53638 6 u
-0.193971 1.63527 6 u
-0.189796 1.73415 6 u
-0.185621 1.83304 6 u
-0.181446 1.93192 6 u
-0.177271 2.03081 6 u
-0.173096 2.12969 6 u
-0.168921 2.22858 6 u
-0.164746 2.32746 6 u
-0.160571 2.42635 6 u
-0.156396 2.52524 6 u
-0.152222 2.62412 6 u
-0.148047 2.72301 6 u
-0.143872 2.82189 6 u
-0.139697 2.92078 6 u
-0.135522 3.01966 6 u
-0.131347 3.11855 6 u
-0.127172 3.21743 6 u
-0.122997 3.31632 6 u
-0.118822 3.4152 6 u
-0.114647 3.51409 6 u
-0.110473 3.61297 6 u
-0.106298 3.71186 6 u
-0.102123 3.81074 6 u
-0.0979479 3.90963 6 u
-0.093773 4.00852 6 u
-0.0895981 4.1074 6 u
-0.0854232 4.20629 6 u
-0.0812483 4.30517 6 u
-0.0770734 4.40406 6 u
-0.0728985 4.50294 6 u
-0.0687236 4.60183 6 u
-0.0645487 4.70071 6 u
-0.0603737 4.7996 6 u
-0.0561988 4.89848 6 u
-0.0520239 4.99737 6 u
-0.047849 5.09625 6 u
-0.0436741 5.19514 6 u
-0.0394992 5.29402 6 u
-0.0353243 5.39291 6 u
-0.0311494 5.4918 6 u
-0.0269745 5.59068 6 u
-0.0227996 5.68957 6 u
-0.0186247 5.78845 6 u
-0.0144498 5.88734 6 u
-0.0102749 5.98622 6 u
-0.00610004 6.08511 6 u
-0.00192514 6.18399 6 u
0.00224976 6.28288 6 u
0.00642466 6.38176 6 u
0.0105996 6.48065 6 u
0.0147745 6.57953 6 u
0.0189494 6.67842 6 u

-5.47733 -3.15051 6 v
-5.38645 -3.19595 6 v
-5.29578 -3.24186 6 v
-5.20535 -3.28825 6 v
-5.11517 -3.33515 6 v
-5.02527 -3.38257 6 v
-4.93566 -3.43052 6 v
-4.84638 -3.47902 6 v
-4.75745 -3.52809 6 v
-4.66887 -3.57774 6 v
-4.58069 -3.62799 6 v
-4.49292 -3.67885 6 v
-4.40557 -3.73035 6 v
-4.31869 -3.78249 6 v
-4.23228 -3.83529 6 v
-4.14636 -3.88877 6 v
-4.06097 -3.94295 6 v
-3.97612 -3.99783 6 v
-3.89183 -4.05344 6 v
-3.80813 -4.1098 6 v
-3.72504 -4.16691 6 v
-3.64258 -4.2248 6 v
-3.56078 -4.28347 6 v
-3.47965 -4.34296 6 v
-3.39921 -4.40326 6 v
-3.3195 -4.46441 6 v
-3.24053 -4.5264 6 v
-3.16232 -4.58927 6 v
-3.08489 -4.65302 6 v
-3.00828 -4.71768 6 v
-2.93249 -4.78325 6 v
-2.85756 -4.84976 6 v
-2.78349 -4.91722 6 v
-2.71033 -4.98564 6 v
-2.63808 -5.05505 6 v
-2.56678 -5.12545 6 v
-2.49643 -5.19687 6 v
-2.42708 -5.26931 6 v
-2.35872 -5.34281 6 v
-2.2914 -5.41736 6 v
-2.22513 -5.49299 6 v
-2.15993 -5.56971 6 v
-2.09582 -5.6475 6 v
-2.03282 -5.72633 6 v
-1.97095 -5.80617 6 v
-1.91022 -5.88701 6 v
-1.85066 -5.96882 6 v
-1.79228 -6.05156 6 v
-1.73511 -6.13522 6 v
-1.67915 -6.21977 6 v
-1.62443 -6.30518 6 v
-1.57097 -6.39144 6 v
-1.51878 -6.4785 6 v
-1.46788 -6.56635 6 v
-1.4183 -6.65497 6 v
-1.37005 -6.74432 6 v
-1.32314 -6.83438 6 v
-1.2776 -6.92513 6 v
-1.23345 -7.01653 6 v
-1.1907 -7.10857 6 v
-1.14937 -7.20122 6 v
-1.10948 -7.29445 6 v
-1.07105 -7.38824 6 v
-1.03409 -7.48256 6 v
-0.99863 -7.57739 6 v
-0.964682 -7.6727 6 v
-0.932266 -7.76846 6 v
-0.9014 -7.86466 6 v
-0.872102 -7.96126 6 v
-0.84439 -8.05823 6 v
-0.818284 -8.15557 6 v
-0.7938 -8.25322 6 v
-0.770958 -8.35119 6 v
-0.749776 -8.44942 6 v
-0.730273 -8.54791 6 v
-0.712465 -8.64663 6 v
-0.696373 -8.74554 6 v
-0.682014 -8.84463 6 v
-0.669407 -8.94387 6 v
-0.65857 -9.04323 6 v
-0.649035 -9.14323 6 v

-5.50501 -1.87022 6 v
-5.41673 -1.88853 6 v
-5.32869 -1.90888 6 v
-5.24092 -1.93123 6 v
-5.15342 -1.95556 6 v
-5.06624 -1.98182 6 v
-4.97938 -2.00999 6 v
-4.89286 -2.04004 6 v
-4.80672 -2.07192 6 v
-4.72097 -2.10561 6 v
-4.63562 -2.14107 6 v
-4.55071 -2.17828 6 v
-4.46626 -2.21719 6 v
-4.38228 -2.25777 6 v
-4.29879 -2.3 6 v
-4.21582 -2.34383 6 v
-4.13339 -2.38924 6 v
-4.05153 -2.43619 6 v
-3.97024 -2.48465 6 v
-3.88956 -2.53459 6 v
-3.8095 -2.58596 6 v
-3.73008 -2.63875 6 v
-3.65134 -2.69291 6 v
-3.57328 -2.74842 6 v
-3.49593 -2.80523 6 v
-3.41931 -2.86333 6 v
-3.34344 -2.92266 6 v
-3.26834 -2.98321 6 v
-3.19404 -3.04493 6 v
-3.12056 -3.1078 6 v
-3.04791 -3.17178 6 v
-2.97612 -3.23684 6 v
-2.90521 -3.30294 6 v
-2.8352 -3.37006 6 v
-2.76611 -3.43815 6 v
-2.69796 -3.50719 6 v
-2.63078 -3.57714 6 v
-2.56459 -3.64797 6 v
-2.4994 -3.71965 6 v
-2.43524 -3.79214 6 v
-2.37213 -3.86541 6 v
-2.31009 -3.93944 6 v
-2.2491 -4.01418 6 v
-2.18915 -4.08963 6 v
-2.13023 -4.16576 6 v
-2.07232 -4.24255 6 v
-2.01541 -4.31998 6 v
-1.95947 -4.39803 6 v
-1.90451 -4.47667 6 v
-1.85049 -4.55588 6 v
-1.79741 -4.63565 6 v
-1.74525 -4.71595 6 v
-1.694 -4.79675 6 v
-1.64363 -4.87804 6 v
-1.59415 -4.9598 6 v
-1.54552 -5.04199 6 v
-1.49774 -5.12461 6 v
-1.4508 -5.20763 6 v
-1.40467 -5.29103 6 v
-1.35934 -5.37478 6 v
-1.31479 -5.45886 6 v
-1.27102 -5.54326 6 v
-1.228 -5.62795 6 v
-1.18573 -5.71291 6 v
-1.14418 -5.79812 6 v
-1.10334 -5.88355 6 v
-1.0632 -5.96918 6 v
-1.02374 -6.055 6 v
-0.984946 -6.14098 6 v
-0.946804 -6.2271 6 v
-0.909298 -6.31333 6 v
-0.872413 -6.39966 6 v
-0.836135 -6.48606 6 v
-0.800449 -6.57252 6 v
-0.765338 -6.659 6 v
-0.73079 -6.74549 6 v
-0.696787 -6.83197 6 v
-0.663317 -6.91842 6 v
-0.630362 -7.00481 6 v
-0.59791 -7.09112 6 v
-0.565537 -7.16553 6 v

-5.55116 -0.554679 6 v
-5.46701 -0.554271 6 v
-5.38289 -0.556831 6 v
-5.29883 -0.562295 6 v
-5.21485 -0.570601 6 v
-5.13098 -0.581686 6 v
-5.04725 -0.595486 6 v
-4.96368 -0.611938 6 v
-4.8803 -0.630979 6 v
-4.79713 -0.652545 6 v
-4.71421 -0.676575 6 v
-4.63155 -0.703005 6 v
-4.54919 -0.73177 6 v
-4.46714 -0.76281 6 v
-4.38544 -0.79606 6 v
-4.30411 -0.831456 6 v
-4.22318 -0.868937 6 v
-4.14268 -0.908439 6 v
-4.06262 -0.949899 6 v
-3.98304 -0.993253 6 v
-3.90397 -1.03844 6 v
-3.82542 -1.08539 6 v
-3.74743 -1.13405 6 v
-3.67002 -1.18436 6 v
-3.59321 -1.23624 6 v
-3.51704 -1.28963 6 v
-3.44153 -1.34448 6 v
-3.36671 -1.40072 6 v
-3.2926 -1.45829 6 v
-3.21922 -1.51712 6 v
-3.14661 -1.57715 6 v
-3.0748 -1.63832 6 v
-3.00379 -1.70056 6 v
-2.93364 -1.76381 6 v
-2.86435 -1.82801 6 v
-2.79595 -1.8931 6 v
-2.72848 -1.959 6 v
-2.66196 -2.02567 6 v
-2.59641 -2.09303 6 v
-2.53186 -2.16102 6 v
-2.46833 -2.22958 6 v
-2.40585 -2.29866 6 v
-2.34439 -2.36822 6 v
-2.28393 -2.43826 6 v
-2.22444 -2.50874 6 v
-2.16588 -2.57965 6 v
-2.10823 -2.65098 6 v
-2.05145 -2.72271 6 v
-1.99553 -2.79481 6 v
-1.94043 -2.86726 6 v
-1.88613 -2.94006 6 v
-1.83259 -3.01318 6 v
-1.77978 -3.08661 6 v
-1.72768 -3.16031 6 v
-1.67625 -3.23429 6 v
-1.62548 -3.30851 6 v
-1.57532 -3.38295 6 v
-1.52576 -3.45761 6 v
-1.47675 -3.53247 6 v
-1.42828 -3.60749 6 v
-1.38032 -3.68267 6 v
-1.33283 -3.75799 6 v
-1.28578 -3.83342 6 v
-1.23915 -3.90896 6 v
-1.19292 -3.98457 6 v
-1.14704 -4.06025 6 v
-1.10149 -4.13597 6 v
-1.05625 -4.21172 6 v
-1.01128 -4.28748 6 v
-0.966548 -4.36322 6 v
-0.922037 -4.43894 6 v
-0.877712 -4.5146 6 v
-0.833545 -4.5902 6 v
-0.789507 -4.66572 6 v
-0.745569 -4.74113 6 v
-0.701702 -4.81642 6 v
-0.657878 -4.89157 6 v
-0.614067 -4.96655 6 v
-0.570241 -5.04137 6 v
-0.526371 -5.11598 6 v
-0.482039 -5.18782 6 v

-5.67482 0.832105 6 v
-5.59107 0.84101 6 v
-5.50727 0.847234 6 v
-5.42344 0.850821 6 v
-5.33961 0.851812 6 v
-5.25581 0.850249 6 v
-5.17206 0.846176 6 v
-5.0884 0.839634 6 v
-5.00485 0.830666 6 v
-4.92143 0.819314 6 v
-4.83818 0.80562 6 v
-4.75512 0.789628 6 v
-4.67228 0.771378 6 v
-4.58968 0.750914 6 v
-4.50736 0.728277 6 v
-4.42534 0.703511 6 v
-4.34365 0.676657 6 v
-4.26232 0.647758 6 v
-4.18136 0.616856 6 v
-4.10082 0.583993 6 v
-4.02072 0.549212 6 v
-3.94108 0.512555 6 v
-3.86193 0.474065 6 v
-3.7833 0.433783 6 v
-3.70522 0.391753 6 v
-3.62771 0.348016 6 v
-3.55081 0.302614 6 v
-3.47453 0.255591 6 v
-3.39891 0.206988 6 v
-3.32398 0.156848 6 v
-3.24975 0.105214 6 v
-3.17626 0.0521261 6 v
-3.10354 -0.00237159 6 v
-3.03161 -0.0582372 6 v
-2.9605 -0.115428 6 v
-2.89024 -0.173903 6 v
-2.82085 -0.233618 6 v
-2.75237 -0.294532 6 v
-2.68481 -0.356602 6 v
-2.61821 -0.419786 6 v
-2.5526 -0.484041 6 v
-2.48798 -0.549322 6 v
-2.42434 -0.615564 6 v
-2.36165 -0.6827 6 v
-2.29987 -0.750663 6 v
-2.23897 -0.819385 6 v
-2.1789 -0.888798 6 v
-2.11965 -0.958835 6 v
-2.06118 -1.02943 6 v
-2.00345 -1.10051 6 v
-1.94642 -1.17201 6 v
-1.89007 -1.24387 6 v
-1.83437 -1.31601 6 v
-1.77927 -1.38837 6 v
-1.72475 -1.46089 6 v
-1.67077 -1.53348 6 v
-1.61729 -1.60609 6 v
-1.56429 -1.67865 6 v
-1.51173 -1.75109 6 v
-1.45958 -1.82334 6 v
-1.4078 -1.89534 6 v
-1.35636 -1.96702 6 v
-1.30523 -2.0383 6 v
-1.25437 -2.10913 6 v
-1.20375 -2.17944 6 v
-1.15333 -2.24915 6 v
-1.10309 -2.3182 6 v
-1.05298 -2.38653 6 v
-1.00298 -2.45405 6 v
-0.953054 -2.52072 6 v
-0.903162 -2.58646 6 v
-0.853273 -2.6512 6 v
-0.803356 -2.71487 6 v
-0.753375 -2.77741 6 v
-0.703297 -2.83875 6 v
-0.653089 -2.89882 6 v
-0.602717 -2.95756 6 v
-0.552148 -3.01489 6 v
-0.501348 -3.07075 6 v
-0.450283 -3.12508 6 v
-0.398541 -3.21011 6 v

-5.82371 2.21736 6 v
-5.73884 2.22671 6 v
-5.65392 2.23422 6 v
-5.56898 2.23988 6 v
-5.48402 2.24371 6 v
-5.39909 2.24571 6 v
-5.31421 2.24589 6 v
-5.2294 2.24426 6 v
-5.14468 2.24081 6 v
-5.06009 2.23556 6 v
-4.97564 2.22851 6 v
-4.89136 2.21967 6 v
-4.80728 2.20905 6 v
-4.72342 2.19664 6 v
-4.6398 2.18246 6 v
-4.55646 2.16651 6 v
-4.47341 2.1488 6 v
-4.39068 2.12934 6 v
-4.3083 2.10813 6 v
-4.22629 2.08517 6 v
-4.14468 2.06048 6 v
-4.06349 2.03405 6 v
-3.98274 2.0059 6 v
-3.90247 1.97603 6 v
-3.82269 1.94445 6 v
-3.74343 1.91116 6 v
-3.66471 1.87617 6 v
-3.58657 1.83949 6 v
-3.50903 1.80112 6 v
-3.4321 1.76106 6 v
-3.35582 1.71933 6 v
-3.28021 1.67593 6 v
-3.2053 1.63086 6 v
-3.1311 1.58414 6 v
-3.05766 1.53576 6 v
-2.98498 1.48574 6 v
-2.9131 1.43408 6 v
-2.84204 1.38078 6 v
-2.77182 1.32586 6 v
-2.70248 1.26931 6 v
-2.63403 1.21115 6 v
-2.56649 1.1514 6 v
-2.49984 1.09016 6 v
-2.43405 1.02754 6 v
-2.36909 0.963675 6 v
-2.30492 0.89867 6 v
-2.24151 0.832649 6 v
-2.17883 0.765728 6 v
-2.11686 0.698028 6 v
-2.05555 0.629667 6 v
-1.99488 0.560762 6 v
-1.93482 0.491433 6 v
-1.87533 0.421798 6 v
-1.81639 0.351976 6 v
-1.75796 0.282085 6 v
-1.70001 0.212243 6 v
-1.6425 0.142569 6 v
-1.58542 0.0731826 6 v
-1.52872 0.0042009 6 v
-1.47237 -0.0642572 6 v
-1.41635 -0.132073 6 v
-1.36062 -0.199128 6 v
-1.30515 -0.265304 6 v
-1.24991 -0.330483 6 v
-1.19487 -0.394545 6 v
-1.13999 -0.457372 6 v
-1.08525 -0.518846 6 v
-1.03061 -0.578849 6 v
-0.976041 -0.637261 6 v
-0.921514 -0.693964 6 v
-0.866995 -0.748841 6 v
-0.812454 -0.801771 6 v
-0.757859 -0.852637 6 v
-0.703179 -0.90132 6 v
-0.648381 -0.947702 6 v
-0.593436 -0.991665 6 v
-0.53831 -1.03309 6 v
-0.482974 -1.07186 6 v
-0.427395 -1.10785 6 v
-0.371542 -1.14094 6 v
-0.315043 -1.23241 6 v

-5.93509 3.51808 6 v
-5.85075 3.523 6 v
-5.76634 3.52669 6 v
-5.68188 3.52913 6 v
-5.59738 3.53032 6 v
-5.51288 3.53024 6 v
-5.42839 3.52891 6 v
-5.34393 3.52631 6 v
-5.25952 3.52243 6 v
-5.17519 3.51727 6 v
-5.09096 3.51082 6 v
-5.00684 3.50308 6 v
-4.92287 3.49405 6 v
-4.83906 3.48371 6 v
-4.75543 3.47206 6 v
-4.672 3.45909 6 v
-4.5888 3.44481 6 v
-4.50584 3.42919 6 v
-4.42316 3.41225 6 v
-4.34076 3.39397 6 v
-4.25868 3.37434 6 v
-4.17692 3.35336 6 v
-4.09552 3.33103 6 v
-4.0145 3.30733 6 v
-3.93387 3.28227 6 v
-3.85366 3.25584 6 v
-3.77389 3.22803 6 v
-3.69458 3.19883 6 v
-3.61575 3.16825 6 v
-3.53743 3.13627 6 v
-3.45963 3.10288 6 v
-3.38237 3.06809 6 v
-3.30569 3.03189 6 v
-3.22959 2.99427 6 v
-3.1541 2.95523 6 v
-3.07925 2.91475 6 v
-3.00504 2.87284 6 v
-2.93151 2.82949 6 v
-2.85868 2.78468 6 v
-2.78657 2.73843 6 v
-2.71519 2.69072 6 v
-2.64457 2.64156 6 v
-2.57468 2.59106 6 v
-2.5055 2.53931 6 v
-2.43702 2.48645 6 v
-2.3692 2.43258 6 v
-2.30202 2.37781 6 v
-2.23546 2.32227 6 v
-2.16949 2.26606 6 v
-2.1041 2.20931 6 v
-2.03925 2.15211 6 v
-1.97493 2.0946 6 v
-1.91111 2.03688 6 v
-1.84777 1.97907 6 v
-1.78488 1.92128 6 v
-1.72242 1.86363 6 v
-1.66037 1.80623 6 v
-1.5987 1.74919 6 v
-1.53739 1.69263 6 v
-1.47641 1.63667 6 v
-1.41575 1.58141 6 v
-1.35538 1.52698 6 v
-1.29527 1.47348 6 v
-1.2354 1.42104 6 v
-1.17575 1.36976 6 v
-1.1163 1.31976 6 v
-1.05702 1.27115 6 v
-0.997879 1.22406 6 v
-0.938867 1.17858 6 v
-0.879955 1.13485 6 v
-0.82112 1.09296 6 v
-0.762338 1.05305 6 v
-0.703585 1.01521 6 v
-0.644838 0.979565 6 v
-0.586074 0.946232 6 v
-0.527269 0.915322 6 v
-0.468399 0.88695 6 v
-0.409441 0.86123 6 v
-0.350371 0.838277 6 v
-0.291166 0.818204 6 v
-0.231545 0.745299 6 v

-6.01585 4.71905 6 v
-5.93321 4.71789 6 v
-5.85048 4.71593 6 v
-5.76767 4.71318 6 v
-5.6848 4.70961 6 v
-5.60189 4.70525 6 v
-5.51895 4.70007 6 v
-5.43601 4.69409 6 v
-5.35306 4.6873 6 v
-5.27015 4.6797 6 v
-5.18727 4.67128 6 v
-5.10445 4.66204 6 v
-5.0217 4.65199 6 v
-4.93904 4.64111 6 v
-4.85649 4.62941 6 v
-4.77406 4.61689 6 v
-4.69177 4.60354 6 v
-4.60964 4.58937 6 v
-4.52769 4.57436 6 v
-4.44592 4.55852 6 v
-4.36436 4.54184 6 v
-4.28302 4.52433 6 v
-4.20192 4.50598 6 v
-4.12108 4.48679 6 v
-4.04051 4.46676 6 v
-3.96024 4.44588 6 v
-3.88027 4.42416 6 v
-3.80062 4.40159 6 v
-3.72131 4.37816 6 v
-3.64236 4.35389 6 v
-3.56378 4.32876 6 v
-3.48559 4.30277 6 v
-3.40781 4.27593 6 v
-3.33046 4.24822 6 v
-3.25354 4.21965 6 v
-3.17708 4.19022 6 v
-3.10109 4.15992 6 v
-3.02559 4.12875 6 v
-2.9506 4.09671 6 v
-2.87614 4.0638 6 v
-2.80221 4.03002 6 v
-2.72883 3.99537 6 v
-2.656 3.95991 6 v
-2.58369 3.92374 6 v
-2.5119 3.8869 6 v
-2.44061 3.8495 6 v
-2.3698 3.81158 6 v
-2.29946 3.77324 6 v
-2.22958 3.73455 6 v
-2.16014 3.69557 6 v
-2.09113 3.6564 6 v
-2.02253 3.61709 6 v
-1.95433 3.57772 6 v
-1.88651 3.53838 6 v
-1.81907 3.49913 6 v
-1.75198 3.46005 6 v
-1.68523 3.42121 6 v
-1.6188 3.38269 6 v
-1.55269 3.34456 6 v
-1.48688 3.3069 6 v
-1.42135 3.26978 6 v
-1.35609 3.23328 6 v
-1.29108 3.19747 6 v
-1.22632 3.16243 6 v
-1.16178 3.12822 6 v
-1.09746 3.09494 6 v
-1.03333 3.06264 6 v
-0.969381 3.03141 6 v
-0.905604 3.00131 6 v
-0.841981 2.97243 6 v
-0.778499 2.94484 6 v
-0.715141 2.91861 6 v
-0.651896 2.89382 6 v
-0.588746 2.87055 6 v
-0.52568 2.84886 6 v
-0.462681 2.82883 6 v
-0.399737 2.81054 6 v
-0.336832 2.79406 6 v
-0.273951 2.77946 6 v
-0.211082 2.76683 6 v
-0.148047 2.72301 6 v

-6.08802 5.84968 6 v
-6.00741 5.84352 6 v
-5.92673 5.83703 6 v
-5.84599 5.83022 6 v
-5.7652 5.82308 6 v
-5.68437 5.81562 6 v
-5.60352 5.80783 6 v
-5.52264 5.79973 6 v
-5.44175 5.7913 6 v
-5.36086 5.78255 6 v
-5.27999 5.77348 6 v
-5.19913 5.76408 6 v
-5.11831 5.75437 6 v
-5.03753 5.74434 6 v
-4.9568 5.73399 6 v
-4.87613 5.72332 6 v
-4.79553 5.71234 6 v
-4.71502 5.70103 6 v
-4.6346 5.68941 6 v
-4.55428 5.67748 6 v
-4.47407 5.66523 6 v
-4.39399 5.65266 6 v
-4.31404 5.63978 6 v
-4.23423 5.62659 6 v
-4.15458 5.61309 6 v
-4.07509 5.59927 6 v
-3.99577 5.58514 6 v
-3.91664 5.5707 6 v
-3.8377 5.55594 6 v
-3.75896 5.54088 6 v
-3.68044 5.52551 6 v
-3.60215 5.50983 6 v
-3.52409 5.49384 6 v
-3.44627 5.47754 6 v
-3.36871 5.46094 6 v
-3.29141 5.44403 6 v
-3.21439 5.42681 6 v
-3.13766 5.40929 6 v
-3.06122 5.39146 6 v
-2.98508 5.37333 6 v
-2.90927 5.35489 6 v
-2.83377 5.33616 6 v
-2.7586 5.31715 6 v
-2.68373 5.29791 6 v
-2.60917 5.27846 6 v
-2.53491 5.25884 6 v
-2.46093 5.23908 6 v
-2.38724 5.21921 6 v
-2.31382 5.19926 6 v
-2.24067 5.17928 6 v
-2.16778 5.15928 6 v
-2.09513 5.13931 6 v
-2.02274 5.11939 6 v
-1.95058 5.09956 6 v
-1.87865 5.07985 6 v
-1.80694 5.06029 6 v
-1.73544 5.04093 6 v
-1.66416 5.02177 6 v
-1.59307 5.00288 6 v
-1.52218 4.98426 6 v
-1.45147 4.96596 6 v
-1.38093 4.94801 6 v
-1.31057 4.93045 6 v
-1.24037 4.91329 6 v
-1.17033 4.89659 6 v
-1.10043 4.88036 6 v
-1.03067 4.86465 6 v
-0.961048 4.84948 6 v
-0.89155 4.83489 6 v
-0.822169 4.82091 6 v
-0.752898 4.80757 6 v
-0.683731 4.79491 6 v
-0.614659 4.78295 6 v
-0.545676 4.77174 6 v
-0.476773 4.7613 6 v
-0.407943 4.75166 6 v
-0.339179 4.74287 6 v
-0.270474 4.73494 6 v
-0.201819 4.72792 6 v
-0.133209 4.72184 6 v
-0.0645487 4.70071 6 v

-6.1646 7.04997 6 v
-6.08769 7.04072 6 v
-6.01077 7.03153 6 v
-5.93384 7.0224 6 v
-5.8569 7.01334 6 v
-5.77994 7.00435 6 v
-5.70298 6.99542 6 v
-5.62599 6.98658 6 v
-5.549 6.9778 6 v
-5.47199 6.96911 6 v
-5.39497 6.9605 6 v
-5.31794 6.95197 6 v
-5.2409 6.94353 6 v
-5.16385 6.93518 6 v
-5.08678 6.92691 6 v
-5.0097 6.91875 6 v
-4.93261 6.91067 6 v
-4.85551 6.9027 6 v
-4.77839 6.89483 6 v
-4.70127 6.88706 6 v
-4.62413 6.8794 6 v
-4.54698 6.87185 6 v
-4.46982 6.86441 6 v
-4.39265 6.85709 6 v
-4.31547 6.84988 6 v
-4.23828 6.84279 6 v
-4.16108 6.83582 6 v
-4.08386 6.82898 6 v
-4.00664 6.82226 6 v
-3.92941 6.81568 6 v
-3.85216 6.80922 6 v
-3.77491 6.8029 6 v
-3.69764 6.79672 6 v
-3.62037 6.79068 6 v
-3.54308 6.78478 6 v
-3.46579 6.77902 6 v
-3.38848 6.77341 6 v
-3.31117 6.76795 6 v
-3.23384 6.76264 6 v
-3.15651 6.75749 6 v
-3.07917 6.7525 6 v
-3.00181 6.74766 6 v
-2.92445 6.74298 6 v
-2.84708 6.73847 6 v
-2.76971 6.73411 6 v
-2.69232 6.72991 6 v
-2.61493 6.72586 6 v
-2.53752 6.72197 6 v
-2.46012 6.71824 6 v
-2.3827 6.71467 6 v
-2.30528 6.71125 6 v
-2.22785 6.70798 6 v
-2.15042 6.70487 6 v
-2.07298 6.70192 6 v
-1.99553 6.69911 6 v
-1.91808 6.69646 6 v
-1.84063 6.69396 6 v
-1.76317 6.69161 6 v
-1.6857 6.68942 6 v
-1.60823 6.68737 6 v
-1.53076 6.68547 6 v
-1.45329 6.68373 6 v
-1.37581 6.68213 6 v
-1.29833 6.68068 6 v
-1.22085 6.67938 6 v
-1.14336 6.67822 6 v
-1.06588 6.67722 6 v
-0.98839 6.67636 6 v
-0.910901 6.67564 6 v
-0.833411 6.67507 6 v
-0.75592 6.67465 6 v
-0.67843 6.67437 6 v
-0.600939 6.67423 6 v
-0.523448 6.67424 6 v
-0.445958 6.67438 6 v
-0.36847 6.67468 6 v
-0.290982 6.67511 6 v
-0.213496 6.67568 6 v
-0.136011 6.6764 6 v
-0.0585289 6.67725 6 v
0.0189494 6.67842 6 v

-12.7735 3.34067 6 u
-12.7673 3.40183 6 u
-12.7611 3.46277 6 u
-12.7549 3.52348 6 u
-12.7487 3.58399 6 u
-12.7425 3.64429 6 u
-12.7363 3.7044 6 u
-12.7301 3.76434 6 u
-12.7239 3.8241 6 u
-12.7177 3.88369 6 u
-12.7115 3.94314 6 u
-12.7053 4.00244 6 u
-12.6991 4.06161 6 u
-12.6929 4.12065 6 u
-12.6866 4.17957 6 u
-12.6804 4.2384 6 u
-12.6742 4.29712 6 u
-12.668 4.35576 6 u
-12.6618 4.41432 6 u
-12.6556 4.47282 6 u
-12.6494 4.53125 6 u
-12.6432 4.58964 6 u
-12.6369 4.64799 6 u
-12.6307 4.70631 6 u
-12.6245 4.76461 6 u
-12.6183 4.8229 6 u
-12.6121 4.88118 6 u
-12.6059 4.93948 6 u
-12.5997 4.99779 6 u
-12.5935 5.05613 6 u
-12.5872 5.11451 6 u
-12.581 5.17294 6 u
-12.5748 5.23142 6 u
-12.5686 5.28996 6 u
-12.5624 5.34858 6 u
-12.5562 5.40729 6 u
-12.55 5.46608 6 u
-12.5438 5.52498 6 u
-12.5376 5.584 6 u
-12.5313 5.64314 6 u
-12.5251 5.7024 6 u
-12.5189 5.76181 6 u
-12.5127 5.82135 6 u
-12.5065 5.881 6 u
-12.5003 5.94077 6 u
-12.4941 6.00063 6 u
-12.4879 6.06059 6 u
-12.4817 6.12062 6 u
-12.4755 6.18071 6 u
-12.4693 6.24087 6 u
-12.4631 6.30106 6 u
-12.4569 6.3613 6 u
-12.4507 6.42155 6 u
-12.4445 6.48182 6 u
-12.4382 6.5421 6 u
-12.432 6.60236 6 u
-12.4258 6.66261 6 u
-12.4196 6.72282 6 u
-12.4134 6.783 6 u
-12.4072 6.84313 6 u
-12.401 6.90319 6 u
-12.3948 6.96319 6 u
-12.3886 7.0231 6 u
-12.3824 7.08292 6 u
-12.3762 7.14263 6 u
-12.37 7.20223 6 u
-12.3638 7.2617 6 u
-12.3576 7.32104 6 u
-12.3514 7.38023 6 u
-12.3452 7.43927 6 u
-12.339 7.49813 6 u
-12.3327 7.55682 6 u
-12.3265 7.61532 6 u
-12.3203 7.67362 6 u
-12.3141 7.73171 6 u
-12.3079 7.78958 6 u
-12.3017 7.84722 6 u
-12.2955 7.90461 6 u
-12.2893 7.96175 6 u
-12.283 8.01863 6 u
-12.2768 8.07523 6 u

-10.9415 2.78121 6 u
-10.9369 2.83985 6 u
-10.9324 2.89904 6 u
-10.928 2.95876 6 u
-10.9237 3.01897 6 u
-10.9195 3.07966 6 u
-10.9155 3.1408 6 u
-10.9115 3.20237 6 u
-10.9076 3.26435 6 u
-10.9039 3.32671 6 u
-10.9002 3.38942 6 u
-10.8966 3.45247 6 u
-10.8931 3.51583 6 u
-10.8897 3.57948 6 u
-10.8864 3.64339 6 u
-10.8832 3.70754 6 u
-10.88 3.77191 6 u
-10.8769 3.83647 6 u
-10.8739 3.9012 6 u
-10.871 3.96608 6 u
-10.8681 4.03108 6 u
-10.8653 4.09618 6 u
-10.8625 4.16135 6 u
-10.8599 4.22658 6 u
-10.8572 4.29184 6 u
-10.8546 4.3571 6 u
-10.8521 4.42234 6 u
-10.8496 4.48754 6 u
-10.8472 4.55267 6 u
-10.8448 4.61771 6 u
-10.8424 4.68265 6 u
-10.8401 4.74744 6 u
-10.8378 4.81208 6 u
-10.8355 4.87653 6 u
-10.8333 4.94077 6 u
-10.8311 5.00479 6 u
-10.8289 5.06855 6 u
-10.8267 5.13203 6 u
-10.8246 5.19522 6 u
-10.8224 5.25807 6 u
-10.8203 5.32058 6 u
-10.8182 5.38273 6 u
-10.8161 5.44453 6 u
-10.814 5.50601 6 u
-10.8119 5.56719 6 u
-10.8098 5.6281 6 u
-10.8077 5.68877 6 u
-10.8057 5.74921 6 u
-10.8037 5.80946 6 u
-10.8017 5.86954 6 u
-10.7997 5.92947 6 u
-10.7977 5.98928 6 u
-10.7958 6.04899 6 u
-10.7938 6.10864 6 u
-10.7919 6.16824 6 u
-10.7901 6.22782 6 u
-10.7882 6.28741 6 u
-10.7864 6.34703 6 u
-10.7846 6.4067 6 u
-10.7829 6.46645 6 u
-10.7811 6.52631 6 u
-10.7794 6.5863 6 u
-10.7778 6.64644 6 u
-10.7762 6.70677 6 u
-10.7746 6.7673 6 u
-10.7731 6.82807 6 u
-10.7716 6.88909 6 u
-10.7701 6.95039 6 u
-10.7687 7.012 6 u
-10.7673 7.07394 6 u
-10.766 7.13623 6 u
-10.7648 7.19891 6 u
-10.7635 7.262 6 u
-10.7624 7.32552 6 u
-10.7612 7.38949 6 u
-10.7602 7.45395 6 u
-10.7592 7.51892 6 u
-10.7582 7.58442 6 u
-10.7573 7.65048 6 u
-10.7565 7.71712 6 u
-10.7557 7.78437 6 u

-9.20356 1.81089 6 u
-9.20657 1.88619 6 u
-9.2094 1.96153 6 u
-9.21206 2.03693 6 u
-9.21455 2.11235 6 u
-9.21688 2.1878 6 u
-9.21904 2.26327 6 u
-9.22106 2.33873 6 u
-9.22292 2.4142 6 u
-9.22465 2.48964 6 u
-9.22624 2.56507 6 u
-9.2277 2.64045 6 u
-9.22903 2.71579 6 u
-9.23024 2.79108 6 u
-9.23134 2.86631 6 u
-9.23233 2.94145 6 u
-9.23322 3.01652 6 u
-9.23401 3.09149 6 u
-9.23471 3.16636 6 u
-9.23532 3.24111 6 u
-9.23585 3.31574 6 u
-9.2363 3.39024 6 u
-9.23668 3.46459 6 u
-9.237 3.5388 6 u
-9.23726 3.61283 6 u
-9.23747 3.6867 6 u
-9.23762 3.76038 6 u
-9.23774 3.83388 6 u
-9.23781 3.90717 6 u
-9.23786 3.98024 6 u
-9.23788 4.0531 6 u
-9.23788 4.12573 6 u
-9.23786 4.19811 6 u
-9.23784 4.27024 6 u
-9.2378 4.34211 6 u
-9.23778 4.41372 6 u
-9.23775 4.48504 6 u
-9.23774 4.55607 6 u
-9.23775 4.6268 6 u
-9.23778 4.69722 6 u
-9.23784 4.76732 6 u
-9.23793 4.83709 6 u
-9.23805 4.90655 6 u
-9.2382 4.97572 6 u
-9.23838 5.04462 6 u
-9.23857 5.11326 6 u
-9.23878 5.18165 6 u
-9.239 5.24983 6 u
-9.23924 5.3178 6 u
-9.23947 5.38559 6 u
-9.23971 5.45321 6 u
-9.23995 5.52068 6 u
-9.24019 5.58802 6 u
-9.24041 5.65524 6 u
-9.24062 5.72237 6 u
-9.24082 5.78942 6 u
-9.241 5.85642 6 u
-9.24115 5.92337 6 u
-9.24128 5.9903 6 u
-9.24138 6.05722 6 u
-9.24145 6.12416 6 u
-9.24147 6.19113 6 u
-9.24146 6.25814 6 u
-9.2414 6.32523 6 u
-9.2413 6.3924 6 u
-9.24114 6.45967 6 u
-9.24093 6.52706 6 u
-9.24066 6.59459 6 u
-9.24033 6.66228 6 u
-9.23993 6.73015 6 u
-9.23947 6.7982 6 u
-9.23893 6.86647 6 u
-9.23831 6.93497 6 u
-9.23762 7.00371 6 u
-9.23684 7.07273 6 u
-9.23597 7.14202 6 u
-9.23502 7.21161 6 u
-9.23397 7.28153 6 u
-9.23282 7.35178 6 u
-9.23157 7.42239 6 u
-9.23021 7.49337 6 u

-7.51079 1.82713 6 u
-7.51734 1.90179 6 u
-7.52364 1.97629 6 u
-7.52971 2.05063 6 u
-7.53554 2.12479 6 u
-7.54114 2.19879 6 u
-7.54652 2.27261 6 u
-7.5517 2.34626 6 u
-7.55666 2.41973 6 u
-7.56143 2.49301 6 u
-7.566 2.56611 6 u
-7.57038 2.63901 6 u
-7.57459 2.71173 6 u
-7.57862 2.78425 6 u
-7.58249 2.85657 6 u
-7.58619 2.92869 6 u
-7.58974 3.0006 6 u
-7.59315 3.07231 6 u
-7.59642 3.1438 6 u
-7.59955 3.21508 6 u
-7.60256 3.28614 6 u
-7.60544 3.35698 6 u
-7.60822 3.4276 6 u
-7.61089 3.49799 6 u
-7.61345 3.56815 6 u
-7.61593 3.63808 6 u
-7.61832 3.70777 6 u
-7.62062 3.77722 6 u
-7.62286 3.84643 6 u
-7.62503 3.91539 6 u
-7.62714 3.9841 6 u
-7.62919 4.05257 6 u
-7.6312 4.12077 6 u
-7.63317 4.18872 6 u
-7.63511 4.25641 6 u
-7.63702 4.32383 6 u
-7.63891 4.39098 6 u
-7.64079 4.45787 6 u
-7.64266 4.52448 6 u
-7.64453 4.59081 6 u
-7.6464 4.65686 6 u
-7.64829 4.72263 6 u
-7.65019 4.78814 6 u
-7.6521 4.85339 6 u
-7.65401 4.91842 6 u
-7.65593 4.98323 6 u
-7.65784 5.04784 6 u
-7.65974 5.11228 6 u
-7.66164 5.17655 6 u
-7.66353 5.24067 6 u
-7.6654 5.30467 6 u
-7.66726 5.36856 6 u
-7.6691 5.43235 6 u
-7.67091 5.49606 6 u
-7.6727 5.55972 6 u
-7.67445 5.62334 6 u
-7.67618 5.68693 6 u
-7.67787 5.75051 6 u
-7.67952 5.8141 6 u
-7.68113 5.87772 6 u
-7.6827 5.94138 6 u
-7.68422 6.0051 6 u
-7.68568 6.06891 6 u
-7.6871 6.1328 6 u
-7.68845 6.19682 6 u
-7.68975 6.26096 6 u
-7.69098 6.32525 6 u
-7.69215 6.3897 6 u
-7.69325 6.45434 6 u
-7.69428 6.51917 6 u
-7.69523 6.58423 6 u
-7.6961 6.64951 6 u
-7.6969 6.71505 6 u
-7.6976 6.78085 6 u
-7.69822 6.84694 6 u
-7.69875 6.91334 6 u
-7.69919 6.98005 6 u
-7.69953 7.0471 6 u
-7.69977 7.11451 6 u
-7.69991 7.18228 6 u
-7.69994 7.25045 6 u

-5.82371 2.21736 6 u
-5.83038 2.28479 6 u
-5.83692 2.35197 6 u
-5.84332 2.4189 6 u
-5.8496 2.48557 6 u
-5.85575 2.55199 6 u
-5.86178 2.61815 6 u
-5.8677 2.68407 6 u
-5.87349 2.74973 6 u
-5.87917 2.81514 6 u
-5.88475 2.8803 6 u
-5.89021 2.9452 6 u
-5.89557 3.00986 6 u
-5.90083 3.07426 6 u
-5.906 3.13842 6 u
-5.91107 3.20232 6 u
-5.91604 3.26597 6 u
-5.92093 3.32937 6 u
-5.92573 3.39252 6 u
-5.93045 3.45543 6 u
-5.93509 3.51808 6 u
-5.93965 3.58048 6 u
-5.94414 3.64264 6 u
-5.94856 3.70454 6 u
-5.95292 3.7662 6 u
-5.9572 3.82761 6 u
-5.96143 3.88877 6 u
-5.9656 3.94968 6 u
-5.96971 4.01034 6 u
-5.97377 4.07076 6 u
-5.97778 4.13093 6 u
-5.98175 4.19085 6 u
-5.98567 4.25052 6 u
-5.98955 4.30995 6 u
-5.99339 4.36913 6 u
-5.9972 4.42807 6 u
-6.00098 4.48675 6 u
-6.00474 4.5452 6 u
-6.00846 4.6034 6 u
-6.01217 4.66135 6 u
-6.01585 4.71905 6 u
-6.01952 4.77652 6 u
-6.02318 4.83376 6 u
-6.02682 4.8908 6 u
-6.03045 4.94765 6 u
-6.03407 5.00435 6 u
-6.03768 5.0609 6 u
-6.04128 5.11734 6 u
-6.04488 5.17368 6 u
-6.04847 5.22994 6 u
-6.05206 5.28614 6 u
-6.05564 5.34231 6 u
-6.05922 5.39846 6 u
-6.06281 5.45462 6 u
-6.06639 5.51081 6 u
-6.06998 5.56704 6 u
-6.07358 5.62335 6 u
-6.07718 5.67974 6 u
-6.08078 5.73625 6 u
-6.08439 5.79289 6 u
-6.08802 5.84968 6 u
-6.09165 5.90665 6 u
-6.0953 5.96381 6 u
-6.09896 6.02119 6 u
-6.10264 6.0788 6 u
-6.10633 6.13667 6 u
-6.11004 6.19483 6 u
-6.11377 6.25328 6 u
-6.11752 6.31205 6 u
-6.12129 6.37116 6 u
-6.12508 6.43064 6 u
-6.1289 6.4905 6 u
-6.13275 6.55077 6 u
-6.13662 6.61146 6 u
-6.14052 6.67259 6 u
-6.14445 6.7342 6 u
-6.14841 6.79629 6 u
-6.15241 6.85889 6 u
-6.15643 6.92203 6 u
-6.1605 6.98571 6 u
-6.1646 7.04997 6 u

-12.7735 3.34067 6 v
-12.6789 3.35178 6 v
-12.5846 3.35736 6 v
-12.4907 3.35763 6 v
-12.3971 3.35284 6 v
-12.3039 3.34322 6 v
-12.211 3.32901 6 v
-12.1184 3.31045 6 v
-12.0261 3.28778 6 v
-11.9342 3.26123 6 v
-11.8426 3.23104 6 v
-11.7512 3.19745 6 v
-11.6602 3.16069 6 v
-11.5694 3.121 6 v
-11.4789 3.07863 6 v
-11.3887 3.0338 6 v
-11.2987 2.98676 6 v
-11.2091 2.93775 6 v
-11.1196 2.88699 6 v
-11.0304 2.83473 6 v
-10.9415 2.78121 6 v
-10.8528 2.72666 6 v
-10.7643 2.67131 6 v
-10.6761 2.61542 6 v
-10.588 2.55921 6 v
-10.5002 2.50293 6 v
-10.4126 2.44681 6 v
-10.3251 2.39108 6 v
-10.2379 2.33599 6 v
-10.1509 2.28177 6 v
-10.064 2.22866 6 v
-9.97727 2.1769 6 v
-9.89073 2.12673 6 v
-9.80434 2.07837 6 v
-9.71811 2.03208 6 v
-9.63203 1.98809 6 v
-9.54608 1.94663 6 v
-9.46027 1.90794 6 v
-9.37458 1.87226 6 v
-9.28901 1.83984 6 v
-9.20356 1.81089 6 v
-9.11821 1.78561 6 v
-9.03297 1.76391 6 v
-8.94782 1.74565 6 v
-8.86277 1.7307 6 v
-8.7778 1.71891 6 v
-8.69292 1.71015 6 v
-8.60812 1.70427 6 v
-8.52339 1.70114 6 v
-8.43873 1.70062 6 v
-8.35414 1.70257 6 v
-8.26961 1.70685 6 v
-8.18514 1.71331 6 v
-8.10071 1.72183 6 v
-8.01633 1.73225 6 v
-7.932 1.74445 6 v
-7.8477 1.75828 6 v
-7.76343 1.7736 6 v
-7.6792 1.79028 6 v
-7.59498 1.80817 6 v
-7.51079 1.82713 6 v
-7.42661 1.84703 6 v
-7.34244 1.86772 6 v
-7.25827 1.88907 6 v
-7.17411 1.91094 6 v
-7.08994 1.93318 6 v
-7.00576 1.95567 6 v
-6.92156 1.97825 6 v
-6.83735 2.00079 6 v
-6.75312 2.02315 6 v
-6.66886 2.04519 6 v
-6.58456 2.06677 6 v
-6.50023 2.08775 6 v
-6.41586 2.108 6 v
-6.33144 2.12737 6 v
-6.24698 2.14572 6 v
-6.16245 2.16292 6 v
-6.07787 2.17882 6 v
-5.99322 2.19329 6 v
-5.9085 2.20618 6 v
-5.82371 2.21736 6 v

-12.6494 4.53125 6 v
-12.554 4.53038 6 v
-12.4594 4.52604 6 v
-12.3656 4.51838 6 v
-12.2726 4.50758 6 v
-12.1803 4.49377 6 v
-12.0887 4.47711 6 v
-11.9978 4.45776 6 v
-11.9075 4.43586 6 v
-11.8179 4.41158 6 v
-11.7289 4.38507 6 v
-11.6405 4.35648 6 v
-11.5527 4.32597 6 v
-11.4654 4.29369 6 v
-11.3787 4.25979 6 v
-11.2925 4.22443 6 v
-11.2067 4.18776 6 v
-11.1214 4.14993 6 v
-11.0366 4.11111 6 v
-10.9521 4.07144 6 v
-10.8681 4.03108 6 v
-10.7844 3.99018 6 v
-10.7011 3.9489 6 v
-10.6181 3.90738 6 v
-10.5355 3.8658 6 v
-10.4531 3.82428 6 v
-10.3709 3.78301 6 v
-10.289 3.74211 6 v
-10.2074 3.70176 6 v
-10.1259 3.6621 6 v
-10.0446 3.6233 6 v
-9.96338 3.58549 6 v
-9.88234 3.54884 6 v
-9.8014 3.5135 6 v
-9.72054 3.47962 6 v
-9.63974 3.44736 6 v
-9.55898 3.41688 6 v
-9.47823 3.38832 6 v
-9.39747 3.36184 6 v
-9.31669 3.3376 6 v
-9.23585 3.31574 6 v
-9.15493 3.29639 6 v
-9.07394 3.27948 6 v
-8.99288 3.26493 6 v
-8.91173 3.25264 6 v
-8.83051 3.24251 6 v
-8.74921 3.23445 6 v
-8.66784 3.22837 6 v
-8.58638 3.22417 6 v
-8.50484 3.22175 6 v
-8.42323 3.22103 6 v
-8.34153 3.22191 6 v
-8.25975 3.22429 6 v
-8.17789 3.22808 6 v
-8.09595 3.23319 6 v
-8.01393 3.23951 6 v
-7.93182 3.24696 6 v
-7.84963 3.25545 6 v
-7.76736 3.26487 6 v
-7.685 3.27513 6 v
-7.60256 3.28614 6 v
-7.52003 3.29781 6 v
-7.43741 3.31003 6 v
-7.35471 3.32272 6 v
-7.27192 3.33578 6 v
-7.18905 3.34912 6 v
-7.10609 3.36264 6 v
-7.02303 3.37624 6 v
-6.93989 3.38984 6 v
-6.85666 3.40333 6 v
-6.77334 3.41664 6 v
-6.68993 3.42964 6 v
-6.60643 3.44227 6 v
-6.52284 3.45442 6 v
-6.43915 3.46599 6 v
-6.35538 3.47689 6 v
-6.27151 3.48703 6 v
-6.18754 3.49631 6 v
-6.10349 3.50465 6 v
-6.01934 3.51193 6 v
-5.93509 3.51808 6 v

-12.5251 5.7024 6 v
-12.4346 5.70028 6 v
-12.3447 5.69574 6 v
-12.2555 5.6889 6 v
-12.1669 5.67985 6 v
-12.0789 5.66871 6 v
-11.9915 5.65556 6 v
-11.9047 5.64053 6 v
-11.8185 5.62371 6 v
-11.7328 5.60521 6 v
-11.6476 5.58514 6 v
-11.563 5.56358 6 v
-11.4788 5.54067 6 v
-11.3951 5.51648 6 v
-11.3118 5.49114 6 v
-11.2289 5.46474 6 v
-11.1465 5.4374 6 v
-11.0644 5.4092 6 v
-10.9827 5.38026 6 v
-10.9013 5.35069 6 v
-10.8203 5.32058 6 v
-10.7396 5.29005 6 v
-10.6591 5.25919 6 v
-10.579 5.22811 6 v
-10.499 5.19691 6 v
-10.4193 5.16571 6 v
-10.3398 5.1346 6 v
-10.2605 5.10368 6 v
-10.1814 5.07307 6 v
-10.1024 5.04286 6 v
-10.0236 5.01317 6 v
-9.94482 4.98409 6 v
-9.86617 4.95573 6 v
-9.78758 4.9282 6 v
-9.70905 4.90159 6 v
-9.63055 4.87602 6 v
-9.55206 4.85159 6 v
-9.47357 4.8284 6 v
-9.39504 4.80655 6 v
-9.31647 4.78616 6 v
-9.23784 4.76732 6 v
-9.15912 4.75011 6 v
-9.08032 4.7345 6 v
-9.00143 4.72043 6 v
-8.92245 4.70783 6 v
-8.84338 4.69665 6 v
-8.76423 4.68682 6 v
-8.68498 4.67828 6 v
-8.60565 4.67097 6 v
-8.52622 4.66483 6 v
-8.44671 4.6598 6 v
-8.3671 4.65582 6 v
-8.2874 4.65281 6 v
-8.20761 4.65073 6 v
-8.12772 4.64952 6 v
-8.04774 4.6491 6 v
-7.96766 4.64942 6 v
-7.88749 4.65042 6 v
-7.80723 4.65203 6 v
-7.72686 4.6542 6 v
-7.6464 4.65686 6 v
-7.56585 4.65995 6 v
-7.48519 4.66342 6 v
-7.40443 4.66719 6 v
-7.32358 4.67121 6 v
-7.24262 4.67541 6 v
-7.16157 4.67974 6 v
-7.08041 4.68414 6 v
-6.99915 4.68853 6 v
-6.91779 4.69287 6 v
-6.83632 4.69708 6 v
-6.75475 4.70111 6 v
-6.67308 4.7049 6 v
-6.5913 4.70838 6 v
-6.50941 4.7115 6 v
-6.42742 4.71419 6 v
-6.34532 4.71638 6 v
-6.26312 4.71803 6 v
-6.18081 4.71907 6 v
-6.09838 4.71943 6 v
-6.01585 4.71905 6 v

-12.401 6.90319 6 v
-12.3163 6.89017 6 v
-12.232 6.87627 6 v
-12.1482 6.86155 6 v
-12.0649 6.84606 6 v
-11.982 6.82982 6 v
-11.8995 6.81288 6 v
-11.8174 6.7953 6 v
-11.7358 6.7771 6 v
-11.6545 6.75832 6 v
-11.5736 6.73903 6 v
-11.493 6.71924 6 v
-11.4128 6.69902 6 v
-11.3328 6.67839 6 v
-11.2532 6.6574 6 v
-11.1739 6.6361 6 v
-11.0949 6.61452 6 v
-11.0161 6.59271 6 v
-10.9375 6.57071 6 v
-10.8592 6.54856 6 v
-10.7811 6.52631 6 v
-10.7032 6.50399 6 v
-10.6255 6.48166 6 v
-10.548 6.45934 6 v
-10.4706 6.43709 6 v
-10.3934 6.41494 6 v
-10.3163 6.39294 6 v
-10.2393 6.37114 6 v
-10.1623 6.34956 6 v
-10.0855 6.32826 6 v
-10.0088 6.30728 6 v
-9.93204 6.28665 6 v
-9.85537 6.26643 6 v
-9.77871 6.24665 6 v
-9.70206 6.22735 6 v
-9.6254 6.20859 6 v
-9.54872 6.19039 6 v
-9.472 6.17281 6 v
-9.39522 6.15588 6 v
-9.31838 6.13965 6 v
-9.24145 6.12416 6 v
-9.16442 6.10944 6 v
-9.08729 6.09547 6 v
-9.01007 6.08223 6 v
-8.93275 6.06968 6 v
-8.85533 6.05781 6 v
-8.77782 6.04658 6 v
-8.7002 6.03597 6 v
-8.6225 6.02594 6 v
-8.54469 6.01647 6 v
-8.4668 6.00754 6 v
-8.3888 5.99911 6 v
-8.31072 5.99116 6 v
-8.23254 5.98365 6 v
-8.15426 5.97657 6 v
-8.0759 5.96988 6 v
-7.99744 5.96356 6 v
-7.91889 5.95758 6 v
-7.84025 5.9519 6 v
-7.76152 5.94651 6 v
-7.6827 5.94138 6 v
-7.60379 5.93647 6 v
-7.52478 5.93177 6 v
-7.44569 5.92723 6 v
-7.36652 5.92284 6 v
-7.28725 5.91857 6 v
-7.2079 5.91439 6 v
-7.12846 5.91026 6 v
-7.04893 5.90618 6 v
-6.96932 5.90209 6 v
-6.88962 5.89799 6 v
-6.80983 5.89384 6 v
-6.72996 5.88961 6 v
-6.65001 5.88527 6 v
-6.56997 5.88081 6 v
-6.48985 5.87618 6 v
-6.40965 5.87137 6 v
-6.32936 5.86634 6 v
-6.249 5.86107 6 v
-6.16855 5.85552 6 v
-6.08802 5.84968 6 v

-12.2768 8.07523 6 v
-12.2009 8.06164 6 v
-12.1249 8.04791 6 v
-12.0489 8.03403 6 v
-11.9729 8.02003 6 v
-11.8969 8.0059 6 v
-11.8209 7.99165 6 v
-11.7449 7.9773 6 v
-11.6689 7.96285 6 v
-11.5928 7.9483 6 v
-11.5168 7.93367 6 v
-11.4407 7.91896 6 v
-11.3646 7.90418 6 v
-11.2885 7.88934 6 v
-11.2125 7.87444 6 v
-11.1364 7.8595 6 v
-11.0602 7.84452 6 v
-10.9841 7.82951 6 v
-10.908 7.81448 6 v
-10.8318 7.79942 6 v
-10.7557 7.78437 6 v
-10.6795 7.76931 6 v
-10.6033 7.75425 6 v
-10.5271 7.73922 6 v
-10.4509 7.7242 6 v
-10.3747 7.70922 6 v
-10.2985 7.69427 6 v
-10.2223 7.67937 6 v
-10.146 7.66453 6 v
-10.0698 7.64974 6 v
-9.99352 7.63503 6 v
-9.91724 7.62039 6 v
-9.84095 7.60584 6 v
-9.76465 7.59137 6 v
-9.68834 7.57701 6 v
-9.61201 7.56276 6 v
-9.53568 7.54862 6 v
-9.45933 7.5346 6 v
-9.38297 7.52072 6 v
-9.3066 7.50697 6 v
-9.23021 7.49337 6 v
-9.15382 7.47992 6 v
-9.07741 7.46662 6 v
-9.00099 7.45347 6 v
-8.92455 7.44047 6 v
-8.84811 7.42761 6 v
-8.77165 7.4149 6 v
-8.69518 7.40232 6 v
-8.6187 7.38988 6 v
-8.54221 7.37758 6 v
-8.4657 7.36541 6 v
-8.38918 7.35337 6 v
-8.31265 7.34145 6 v
-8.2361 7.32966 6 v
-8.15955 7.318 6 v
-8.08298 7.30645 6 v
-8.0064 7.29502 6 v
-7.9298 7.28371 6 v
-7.85319 7.27251 6 v
-7.77657 7.26143 6 v
-7.69994 7.25045 6 v
-7.6233 7.23957 6 v
-7.54664 7.2288 6 v
-7.46997 7.21814 6 v
-7.39329 7.20757 6 v
-7.31659 7.19709 6 v
-7.23988 7.18672 6 v
-7.16316 7.17643 6 v
-7.08642 7.16623 6 v
-7.00968 7.15612 6 v
-6.93292 7.1461 6 v
-6.85614 7.13615 6 v
-6.77936 7.12629 6 v
-6.70256 7.1165 6 v
-6.62575 7.10679 6 v
-6.54892 7.09715 6 v
-6.47208 7.08759 6 v
-6.39523 7.07809 6 v
-6.31837 7.06865 6 v
-6.24149 7.05928 6 v
-6.1646 7.04997 6 v

-13.2704 -1.23119 6 u
-13.2642 -1.13845 6 u
-13.2581 -1.05279 6 u
-13.2519 -0.973689 6 u
-13.2458 -0.900607 6 u
-13.2396 -0.833016 6 u
-13.2334 -0.770386 6 u
-13.2272 -0.712187 6 u
-13.2209 -0.657889 6 u
-13.2147 -0.606962 6 u
-13.2085 -0.558876 6 u
-13.2022 -0.5131 6 u
-13.196 -0.469104 6 u
-13.1898 -0.426359 6 u
-13.1835 -0.384334 6 u
-13.1773 -0.342499 6 u
-13.171 -0.300324 6 u
-13.1648 -0.257279 6 u
-13.1586 -0.212833 6 u
-13.1523 -0.166457 6 u
-13.1461 -0.117619 6 u
-13.1399 -0.0659217 6 u
-13.1336 -0.0114833 6 u
-13.1274 0.0454454 6 u
-13.1212 0.104614 6 u
-13.115 0.165772 6 u
-13.1088 0.22867 6 u
-13.1026 0.293057 6 u
-13.0964 0.358683 6 u
-13.0902 0.425298 6 u
-13.0841 0.492651 6 u
-13.0779 0.560492 6 u
-13.0717 0.628572 6 u
-13.0655 0.696638 6 u
-13.0593 0.764442 6 u
-13.0531 0.831733 6 u
-13.0469 0.898261 6 u
-13.0407 0.963775 6 u
-13.0345 1.02803 6 u
-13.0283 1.09076 6 u
-13.0221 1.15173 6 u
-13.0159 1.21076 6 u
-13.0097 1.26793 6 u
-13.0035 1.32341 6 u
-12.9973 1.37735 6 u
-12.991 1.42992 6 u
-12.9848 1.48128 6 u
-12.9786 1.53159 6 u
-12.9724 1.581 6 u
-12.9661 1.62967 6 u
-12.9599 1.67778 6 u
-12.9537 1.72547 6 u
-12.9474 1.77292 6 u
-12.9412 1.82027 6 u
-12.935 1.86768 6 u
-12.9287 1.91533 6 u
-12.9225 1.96337 6 u
-12.9163 2.01195 6 u
-12.9101 2.06125 6 u
-12.9038 2.11141 6 u
-12.8976 2.16261 6 u
-12.8914 2.21495 6 u
-12.8852 2.26842 6 u
-12.879 2.32293 6 u
-12.8728 2.37842 6 u
-12.8665 2.43481 6 u
-12.8603 2.49204 6 u
-12.8541 2.55003 6 u
-12.8479 2.6087 6 u
-12.8417 2.668 6 u
-12.8355 2.72784 6 u
-12.8293 2.78816 6 u
-12.8231 2.84889 6 u
-12.8169 2.90995 6 u
-12.8107 2.97126 6 u
-12.8045 3.03277 6 u
-12.7983 3.0944 6 u
-12.7921 3.15608 6 u
-12.7859 3.21773 6 u
-12.7797 3.27928 6 u
-12.7735 3.34067 6 u

-11.2617 -1.43377 6 u
-11.2137 -1.30202 6 u
-11.173 -1.18464 6 u
-11.1392 -1.08064 6 u
-11.1118 -0.989037 6 u
-11.0904 -0.908845 6 u
-11.0746 -0.839074 6 u
-11.0639 -0.778738 6 u
-11.0578 -0.72685 6 u
-11.0559 -0.682423 6 u
-11.0578 -0.64447 6 u
-11.063 -0.612004 6 u
-11.0711 -0.584038 6 u
-11.0815 -0.559584 6 u
-11.094 -0.537656 6 u
-11.1079 -0.517268 6 u
-11.1229 -0.49743 6 u
-11.1385 -0.477158 6 u
-11.1543 -0.455464 6 u
-11.1698 -0.43136 6 u
-11.1846 -0.40386 6 u
-11.1982 -0.372189 6 u
-11.2108 -0.336422 6 u
-11.2221 -0.296847 6 u
-11.2324 -0.253753 6 u
-11.2416 -0.207426 6 u
-11.2496 -0.158154 6 u
-11.2567 -0.106225 6 u
-11.2627 -0.0519275 6 u
-11.2676 0.00445204 6 u
-11.2716 0.0626254 6 u
-11.2746 0.122305 6 u
-11.2766 0.183203 6 u
-11.2777 0.245031 6 u
-11.2779 0.307502 6 u
-11.2772 0.370329 6 u
-11.2756 0.433223 6 u
-11.2732 0.495897 6 u
-11.2699 0.558063 6 u
-11.2658 0.619433 6 u
-11.2609 0.67972 6 u
-11.2552 0.738697 6 u
-11.2488 0.79639 6 u
-11.2417 0.852881 6 u
-11.2341 0.908258 6 u
-11.2259 0.962605 6 u
-11.2171 1.01601 6 u
-11.208 1.06855 6 u
-11.1985 1.12032 6 u
-11.1886 1.17141 6 u
-11.1785 1.22188 6 u
-11.1682 1.27185 6 u
-11.1577 1.32138 6 u
-11.1471 1.37056 6 u
-11.1365 1.41948 6 u
-11.1259 1.46823 6 u
-11.1154 1.51689 6 u
-11.105 1.56554 6 u
-11.0948 1.61427 6 u
-11.0848 1.66317 6 u
-11.0752 1.71232 6 u
-11.0659 1.76179 6 u
-11.0569 1.81161 6 u
-11.0483 1.86179 6 u
-11.04 1.91234 6 u
-11.032 1.96328 6 u
-11.0243 2.01461 6 u
-11.0169 2.06634 6 u
-11.0098 2.1185 6 u
-11.003 2.17108 6 u
-10.9964 2.22411 6 u
-10.99 2.27758 6 u
-10.9838 2.33153 6 u
-10.9779 2.38595 6 u
-10.9722 2.44085 6 u
-10.9667 2.49626 6 u
-10.9613 2.55218 6 u
-10.9561 2.60862 6 u
-10.9511 2.6656 6 u
-10.9462 2.72312 6 u
-10.9415 2.78121 6 u

-9.28324 -1.83872 6 u
-9.28583 -1.73759 6 u
-9.287 -1.64709 6 u
-9.28688 -1.5664 6 u
-9.28563 -1.49469 6 u
-9.2834 -1.43114 6 u
-9.28033 -1.37493 6 u
-9.27657 -1.32524 6 u
-9.27226 -1.28124 6 u
-9.26757 -1.24212 6 u
-9.26262 -1.20704 6 u
-9.25758 -1.1752 6 u
-9.25258 -1.14576 6 u
-9.24778 -1.11791 6 u
-9.24333 -1.09081 6 u
-9.23936 -1.06366 6 u
-9.23603 -1.03563 6 u
-9.23349 -1.0059 6 u
-9.23188 -0.973635 6 u
-9.23135 -0.938026 6 u
-9.23205 -0.898247 6 u
-9.23407 -0.853699 6 u
-9.23732 -0.804676 6 u
-9.24166 -0.751694 6 u
-9.24692 -0.69527 6 u
-9.25298 -0.635922 6 u
-9.25967 -0.574165 6 u
-9.26685 -0.510517 6 u
-9.27438 -0.445494 6 u
-9.28211 -0.379613 6 u
-9.28988 -0.313391 6 u
-9.29756 -0.247344 6 u
-9.30499 -0.18199 6 u
-9.31204 -0.117844 6 u
-9.31854 -0.0554249 6 u
-9.32435 0.00475199 6 u
-9.32933 0.0621695 6 u
-9.33333 0.116311 6 u
-9.3362 0.166659 6 u
-9.33779 0.212698 6 u
-9.33796 0.253911 6 u
-9.33661 0.289948 6 u
-9.33381 0.321133 6 u
-9.32971 0.347956 6 u
-9.32444 0.370909 6 u
-9.31811 0.390481 6 u
-9.31088 0.407164 6 u
-9.30287 0.421448 6 u
-9.29421 0.433824 6 u
-9.28503 0.444784 6 u
-9.27546 0.454816 6 u
-9.26564 0.464413 6 u
-9.2557 0.474065 6 u
-9.24577 0.484263 6 u
-9.23598 0.495498 6 u
-9.22646 0.50826 6 u
-9.21734 0.52304 6 u
-9.20877 0.540329 6 u
-9.20086 0.560617 6 u
-9.19375 0.584396 6 u
-9.18757 0.612155 6 u
-9.18242 0.644268 6 u
-9.17828 0.680633 6 u
-9.17507 0.721028 6 u
-9.17273 0.765234 6 u
-9.17122 0.81303 6 u
-9.17045 0.864195 6 u
-9.17037 0.91851 6 u
-9.17091 0.975754 6 u
-9.17202 1.03571 6 u
-9.17363 1.09815 6 u
-9.17568 1.16285 6 u
-9.17811 1.22961 6 u
-9.18084 1.29819 6 u
-9.18383 1.36838 6 u
-9.18701 1.43995 6 u
-9.19032 1.51269 6 u
-9.19369 1.58637 6 u
-9.19706 1.66078 6 u
-9.20037 1.7357 6 u
-9.20356 1.81089 6 u

-7.33915 -2.3649 6 u
-7.34636 -2.3212 6 u
-7.35211 -2.27918 6 u
-7.3565 -2.23867 6 u
-7.35961 -2.19952 6 u
-7.36156 -2.16156 6 u
-7.36245 -2.12462 6 u
-7.36236 -2.08854 6 u
-7.3614 -2.05315 6 u
-7.35968 -2.01829 6 u
-7.35728 -1.9838 6 u
-7.35431 -1.94952 6 u
-7.35087 -1.91526 6 u
-7.34706 -1.88089 6 u
-7.34297 -1.84622 6 u
-7.33871 -1.81109 6 u
-7.33437 -1.77535 6 u
-7.33006 -1.73882 6 u
-7.32587 -1.70134 6 u
-7.32191 -1.66275 6 u
-7.31827 -1.62288 6 u
-7.31503 -1.58161 6 u
-7.31219 -1.539 6 u
-7.30974 -1.49513 6 u
-7.30765 -1.45009 6 u
-7.30592 -1.40399 6 u
-7.30451 -1.35691 6 u
-7.30342 -1.30895 6 u
-7.30262 -1.2602 6 u
-7.30209 -1.21075 6 u
-7.30183 -1.1607 6 u
-7.3018 -1.11014 6 u
-7.30199 -1.05917 6 u
-7.30239 -1.00787 6 u
-7.30297 -0.956339 6 u
-7.30372 -0.904673 6 u
-7.30461 -0.852963 6 u
-7.30563 -0.801303 6 u
-7.30677 -0.749786 6 u
-7.308 -0.698504 6 u
-7.3093 -0.647552 6 u
-7.31067 -0.596991 6 u
-7.3121 -0.546757 6 u
-7.31363 -0.496754 6 u
-7.31526 -0.446887 6 u
-7.317 -0.397059 6 u
-7.31888 -0.347176 6 u
-7.32091 -0.297142 6 u
-7.3231 -0.246862 6 u
-7.32548 -0.196239 6 u
-7.32805 -0.145178 6 u
-7.33083 -0.0935832 6 u
-7.33383 -0.0413597 6 u
-7.33708 0.0115885 6 u
-7.34059 0.065357 6 u
-7.34436 0.120041 6 u
-7.34843 0.175737 6 u
-7.3528 0.23254 6 u
-7.35749 0.290546 6 u
-7.36251 0.34985 6 u
-7.36789 0.410547 6 u
-7.37362 0.472705 6 u
-7.37968 0.536269 6 u
-7.38605 0.601158 6 u
-7.39269 0.66729 6 u
-7.39957 0.734581 6 u
-7.40667 0.80295 6 u
-7.41394 0.872315 6 u
-7.42136 0.942592 6 u
-7.4289 1.0137 6 u
-7.43653 1.08555 6 u
-7.44422 1.15808 6 u
-7.45192 1.23118 6 u
-7.45963 1.30479 6 u
-7.46729 1.37881 6 u
-7.47489 1.45317 6 u
-7.48239 1.52778 6 u
-7.48976 1.60257 6 u
-7.49697 1.67744 6 u
-7.50399 1.75232 6 u
-7.51079 1.82713 6 u

-5.47733 -3.15051 6 u
-5.47961 -3.08636 6 u
-5.48174 -3.02227 6 u
-5.48372 -2.95823 6 u
-5.48556 -2.89424 6 u
-5.48727 -2.83029 6 u
-5.48886 -2.76637 6 u
-5.49035 -2.70247 6 u
-5.49174 -2.63858 6 u
-5.49305 -2.5747 6 u
-5.49429 -2.51082 6 u
-5.49546 -2.44694 6 u
-5.49658 -2.38303 6 u
-5.49767 -2.3191 6 u
-5.49872 -2.25514 6 u
-5.49975 -2.19113 6 u
-5.50077 -2.12708 6 u
-5.5018 -2.06297 6 u
-5.50284 -1.99879 6 u
-5.50391 -1.93455 6 u
-5.50501 -1.87022 6 u
-5.50615 -1.80581 6 u
-5.50736 -1.7413 6 u
-5.50863 -1.67668 6 u
-5.50998 -1.61196 6 u
-5.51142 -1.54711 6 u
-5.51296 -1.48214 6 u
-5.51461 -1.41703 6 u
-5.51639 -1.35177 6 u
-5.51829 -1.28637 6 u
-5.52034 -1.22081 6 u
-5.52255 -1.15508 6 u
-5.52492 -1.08917 6 u
-5.52747 -1.02308 6 u
-5.5302 -0.956803 6 u
-5.53314 -0.890325 6 u
-5.53628 -0.82364 6 u
-5.53964 -0.756742 6 u
-5.54323 -0.68962 6 u
-5.54707 -0.622269 6 u
-5.55116 -0.554679 6 u
-5.5555 -0.486847 6 u
-5.5601 -0.418781 6 u
-5.56495 -0.350493 6 u
-5.57003 -0.281998 6 u
-5.57533 -0.213306 6 u
-5.58084 -0.144431 6 u
-5.58656 -0.0753842 6 u
-5.59247 -0.00617915 6 u
-5.59856 0.063172 6 u
-5.60483 0.132657 6 u
-5.61126 0.202263 6 u
-5.61784 0.271977 6 u
-5.62457 0.341788 6 u
-5.63143 0.411682 6 u
-5.63841 0.481648 6 u
-5.64551 0.551672 6 u
-5.65271 0.621742 6 u
-5.66 0.691846 6 u
-5.66737 0.761971 6 u
-5.67482 0.832105 6 u
-5.68233 0.902235 6 u
-5.6899 0.972349 6 u
-5.6975 1.04243 6 u
-5.70515 1.11248 6 u
-5.71281 1.18247 6 u
-5.72049 1.25239 6 u
-5.72816 1.32224 6 u
-5.73584 1.39199 6 u
-5.74349 1.46164 6 u
-5.75112 1.53117 6 u
-5.75871 1.60058 6 u
-5.76626 1.66984 6 u
-5.77374 1.73895 6 u
-5.78116 1.80789 6 u
-5.7885 1.87666 6 u
-5.79576 1.94523 6 u
-5.80292 2.0136 6 u
-5.80997 2.08175 6 u
-5.8169 2.14968 6 u
-5.82371 2.21736 6 u

-13.2704 -1.23119 6 v
-13.1711 -1.246 6 v
-13.0716 -1.25958 6 v
-12.9719 -1.27205 6 v
-12.8719 -1.28353 6 v
-12.7717 -1.29416 6 v
-12.6714 -1.30404 6 v
-12.5709 -1.31331 6 v
-12.4703 -1.32209 6 v
-12.3695 -1.33049 6 v
-12.2688 -1.33865 6 v
-12.1679 -1.34669 6 v
-12.067 -1.35472 6 v
-11.9661 -1.36288 6 v
-11.8653 -1.37129 6 v
-11.7644 -1.38006 6 v
-11.6637 -1.38933 6 v
-11.563 -1.39921 6 v
-11.4624 -1.40982 6 v
-11.362 -1.4213 6 v
-11.2617 -1.43377 6 v
-11.1616 -1.44731 6 v
-11.0617 -1.4619 6 v
-10.9619 -1.47748 6 v
-10.8623 -1.494 6 v
-10.7628 -1.5114 6 v
-10.6635 -1.52962 6 v
-10.5643 -1.5486 6 v
-10.4653 -1.56829 6 v
-10.3663 -1.58862 6 v
-10.2675 -1.60955 6 v
-10.1687 -1.63101 6 v
-10.0701 -1.65295 6 v
-9.97151 -1.6753 6 v
-9.87303 -1.69802 6 v
-9.77461 -1.72104 6 v
-9.67625 -1.74431 6 v
-9.57794 -1.76777 6 v
-9.47967 -1.79137 6 v
-9.38144 -1.81504 6 v
-9.28324 -1.83872 6 v
-9.18507 -1.86238 6 v
-9.08692 -1.88605 6 v
-8.98881 -1.90977 6 v
-8.89077 -1.93359 6 v
-8.79278 -1.95755 6 v
-8.69488 -1.9817 6 v
-8.59707 -2.00608 6 v
-8.49936 -2.03074 6 v
-8.40176 -2.05572 6 v
-8.30429 -2.08107 6 v
-8.20696 -2.10684 6 v
-8.10978 -2.13306 6 v
-8.01276 -2.1598 6 v
-7.91592 -2.18708 6 v
-7.81925 -2.21496 6 v
-7.72279 -2.24348 6 v
-7.62654 -2.27269 6 v
-7.5305 -2.30263 6 v
-7.4347 -2.33336 6 v
-7.33915 -2.3649 6 v
-7.24384 -2.3973 6 v
-7.14879 -2.43055 6 v
-7.05399 -2.46463 6 v
-6.95944 -2.49952 6 v
-6.86513 -2.53519 6 v
-6.77106 -2.57162 6 v
-6.67722 -2.6088 6 v
-6.58362 -2.64671 6 v
-6.49025 -2.68532 6 v
-6.3971 -2.72461 6 v
-6.30418 -2.76456 6 v
-6.21147 -2.80516 6 v
-6.11899 -2.84637 6 v
-6.02671 -2.88819 6 v
-5.93464 -2.93058 6 v
-5.84278 -2.97353 6 v
-5.75112 -3.01702 6 v
-5.65966 -3.06103 6 v
-5.5684 -3.10553 6 v
-5.47733 -3.15051 6 v

-13.1461 -0.117619 6 v
-13.0289 -0.128804 6 v
-12.9152 -0.140314 6 v
-12.8045 -0.15215 6 v
-12.6968 -0.164312 6 v
-12.5918 -0.176801 6 v
-12.4892 -0.189619 6 v
-12.3889 -0.202765 6 v
-12.2905 -0.21624 6 v
-12.194 -0.230045 6 v
-12.099 -0.24418 6 v
-12.0053 -0.258647 6 v
-11.9128 -0.273445 6 v
-11.8211 -0.288576 6 v
-11.73 -0.30404 6 v
-11.6394 -0.319838 6 v
-11.549 -0.335971 6 v
-11.4585 -0.352439 6 v
-11.3678 -0.369242 6 v
-11.2765 -0.386382 6 v
-11.1846 -0.40386 6 v
-11.0917 -0.421684 6 v
-10.998 -0.439901 6 v
-10.9034 -0.458568 6 v
-10.8081 -0.477738 6 v
-10.7121 -0.497468 6 v
-10.6155 -0.517813 6 v
-10.5183 -0.538828 6 v
-10.4206 -0.560569 6 v
-10.3224 -0.583091 6 v
-10.2239 -0.60645 6 v
-10.1251 -0.630701 6 v
-10.026 -0.655899 6 v
-9.92676 -0.682101 6 v
-9.82737 -0.70936 6 v
-9.72793 -0.737734 6 v
-9.62849 -0.767277 6 v
-9.52912 -0.798044 6 v
-9.42988 -0.830091 6 v
-9.33083 -0.863474 6 v
-9.23205 -0.898247 6 v
-9.13357 -0.934423 6 v
-9.03541 -0.97184 6 v
-8.93756 -1.01029 6 v
-8.84002 -1.04957 6 v
-8.74279 -1.08948 6 v
-8.64586 -1.1298 6 v
-8.54923 -1.17033 6 v
-8.45289 -1.21087 6 v
-8.35684 -1.25121 6 v
-8.26108 -1.29114 6 v
-8.1656 -1.33046 6 v
-8.07039 -1.36896 6 v
-7.97546 -1.40645 6 v
-7.8808 -1.4427 6 v
-7.7864 -1.47752 6 v
-7.69227 -1.51069 6 v
-7.59839 -1.54202 6 v
-7.50477 -1.5713 6 v
-7.41139 -1.59832 6 v
-7.31827 -1.62288 6 v
-7.22538 -1.64484 6 v
-7.13273 -1.66437 6 v
-7.04033 -1.68171 6 v
-6.94816 -1.69708 6 v
-6.85623 -1.71074 6 v
-6.76454 -1.72291 6 v
-6.67308 -1.73384 6 v
-6.58185 -1.74375 6 v
-6.49086 -1.75289 6 v
-6.4001 -1.7615 6 v
-6.30957 -1.7698 6 v
-6.21927 -1.77805 6 v
-6.1292 -1.78647 6 v
-6.03936 -1.7953 6 v
-5.94974 -1.80478 6 v
-5.86035 -1.81515 6 v
-5.77118 -1.82664 6 v
-5.68223 -1.83949 6 v
-5.59351 -1.85394 6 v
-5.50501 -1.87022 6 v

-13.0221 1.15173 6 v
-12.9235 1.09919 6 v
-12.8269 1.05123 6 v
-12.7324 1.00759 6 v
-12.6396 0.968027 6 v
-12.5485 0.932276 6 v
-12.4588 0.900083 6 v
-12.3703 0.871193 6 v
-12.283 0.84535 6 v
-12.1967 0.822297 6 v
-12.1111 0.801779 6 v
-12.0261 0.783541 6 v
-11.9416 0.767325 6 v
-11.8573 0.752876 6 v
-11.7732 0.739939 6 v
-11.6889 0.728257 6 v
-11.6045 0.717574 6 v
-11.5196 0.707635 6 v
-11.4341 0.698184 6 v
-11.348 0.688964 6 v
-11.2609 0.67972 6 v
-11.1727 0.670215 6 v
-11.0836 0.660293 6 v
-10.9934 0.649817 6 v
-10.9022 0.638648 6 v
-10.8101 0.626651 6 v
-10.7171 0.613687 6 v
-10.6231 0.59962 6 v
-10.5284 0.584313 6 v
-10.4328 0.567627 6 v
-10.3365 0.549427 6 v
-10.2394 0.529574 6 v
-10.1417 0.507932 6 v
-10.0432 0.484364 6 v
-9.94412 0.458731 6 v
-9.84441 0.430897 6 v
-9.74414 0.400725 6 v
-9.64332 0.368078 6 v
-9.54199 0.332818 6 v
-9.4402 0.294808 6 v
-9.33796 0.253911 6 v
-9.23533 0.210081 6 v
-9.13236 0.163641 6 v
-9.02914 0.115003 6 v
-8.92575 0.0645801 6 v
-8.82225 0.0127867 6 v
-8.71873 -0.0399643 6 v
-8.61526 -0.0932595 6 v
-8.51191 -0.146686 6 v
-8.40877 -0.199829 6 v
-8.30591 -0.252277 6 v
-8.2034 -0.303616 6 v
-8.10132 -0.353432 6 v
-7.99974 -0.401313 6 v
-7.89875 -0.446844 6 v
-7.79842 -0.489613 6 v
-7.69883 -0.529206 6 v
-7.60004 -0.56521 6 v
-7.50214 -0.597211 6 v
-7.4052 -0.624796 6 v
-7.3093 -0.647552 6 v
-7.21449 -0.665204 6 v
-7.12075 -0.678026 6 v
-7.028 -0.686434 6 v
-6.93621 -0.690839 6 v
-6.8453 -0.691657 6 v
-6.75524 -0.689301 6 v
-6.66595 -0.684184 6 v
-6.57739 -0.67672 6 v
-6.48951 -0.667324 6 v
-6.40223 -0.656407 6 v
-6.31552 -0.644385 6 v
-6.22931 -0.631671 6 v
-6.14356 -0.618678 6 v
-6.05819 -0.60582 6 v
-5.97316 -0.593511 6 v
-5.88842 -0.582165 6 v
-5.8039 -0.572195 6 v
-5.71956 -0.564015 6 v
-5.63533 -0.558038 6 v
-5.55116 -0.554679 6 v

-12.8976 2.16261 6 v
-12.8089 2.18179 6 v
-12.7199 2.19539 6 v
-12.6306 2.20361 6 v
-12.5411 2.20665 6 v
-12.4513 2.20471 6 v
-12.3613 2.19798 6 v
-12.271 2.18666 6 v
-12.1805 2.17095 6 v
-12.0897 2.15105 6 v
-11.9987 2.12716 6 v
-11.9074 2.09948 6 v
-11.8159 2.0682 6 v
-11.7241 2.03352 6 v
-11.6321 1.99565 6 v
-11.5399 1.95477 6 v
-11.4474 1.91109 6 v
-11.3547 1.86481 6 v
-11.2618 1.81612 6 v
-11.1686 1.76522 6 v
-11.0752 1.71232 6 v
-10.9816 1.65761 6 v
-10.8877 1.60134 6 v
-10.7937 1.54378 6 v
-10.6995 1.48516 6 v
-10.6052 1.42575 6 v
-10.5107 1.36581 6 v
-10.4161 1.30557 6 v
-10.3215 1.24531 6 v
-10.2268 1.18526 6 v
-10.1321 1.12569 6 v
-10.0373 1.06686 6 v
-9.94261 1.00901 6 v
-9.8479 0.952395 6 v
-9.75325 0.897276 6 v
-9.65866 0.843905 6 v
-9.56417 0.792535 6 v
-9.46979 0.743421 6 v
-9.37556 0.696817 6 v
-9.28147 0.652977 6 v
-9.18757 0.612155 6 v
-9.09387 0.574555 6 v
-9.00038 0.540173 6 v
-8.90711 0.508956 6 v
-8.81408 0.480851 6 v
-8.72131 0.455803 6 v
-8.62879 0.43376 6 v
-8.53655 0.414667 6 v
-8.44459 0.398471 6 v
-8.35293 0.385119 6 v
-8.26158 0.374556 6 v
-8.17056 0.366728 6 v
-8.07987 0.361583 6 v
-7.98953 0.359067 6 v
-7.89955 0.359126 6 v
-7.80994 0.361706 6 v
-7.72071 0.366753 6 v
-7.63188 0.374215 6 v
-7.54346 0.384037 6 v
-7.45545 0.396166 6 v
-7.36789 0.410547 6 v
-7.28076 0.427096 6 v
-7.19404 0.445599 6 v
-7.10772 0.465808 6 v
-7.02177 0.487479 6 v
-6.93616 0.510365 6 v
-6.85086 0.534219 6 v
-6.76584 0.558797 6 v
-6.68109 0.583851 6 v
-6.59657 0.609136 6 v
-6.51226 0.634405 6 v
-6.42814 0.659413 6 v
-6.34416 0.683913 6 v
-6.26032 0.707659 6 v
-6.17658 0.730406 6 v
-6.09291 0.751906 6 v
-6.0093 0.771915 6 v
-5.92571 0.790185 6 v
-5.84212 0.806471 6 v
-5.7585 0.820526 6 v
-5.67482 0.832105 6 v

-12.7735 3.34067 6 v
-12.6789 3.35178 6 v
-12.5846 3.35736 6 v
-12.4907 3.35763 6 v
-12.3971 3.35284 6 v
-12.3039 3.34322 6 v
-12.211 3.32901 6 v
-12.1184 3.31045 6 v
-12.0261 3.28778 6 v
-11.9342 3.26123 6 v
-11.8426 3.23104 6 v
-11.7512 3.19745 6 v
-11.6602 3.16069 6 v
-11.5694 3.121 6 v
-11.4789 3.07863 6 v
-11.3887 3.0338 6 v
-11.2987 2.98676 6 v
-11.2091 2.93775 6 v
-11.1196 2.88699 6 v
-11.0304 2.83473 6 v
-10.9415 2.78121 6 v
-10.8528 2.72666 6 v
-10.7643 2.67131 6 v
-10.6761 2.61542 6 v
-10.588 2.55921 6 v
-10.5002 2.50293 6 v
-10.4126 2.44681 6 v
-10.3251 2.39108 6 v
-10.2379 2.33599 6 v
-10.1509 2.28177 6 v
-10.064 2.22866 6 v
-9.97727 2.1769 6 v
-9.89073 2.12673 6 v
-9.80434 2.07837 6 v
-9.71811 2.03208 6 v
-9.63203 1.98809 6 v
-9.54608 1.94663 6 v
-9.46027 1.90794 6 v
-9.37458 1.87226 6 v
-9.28901 1.83984 6 v
-9.20356 1.81089 6 v
-9.11821 1.78561 6 v
-9.03297 1.76391 6 v
-8.94782 1.74565 6 v
-8.86277 1.7307 6 v
-8.7778 1.71891 6 v
-8.69292 1.71015 6 v
-8.60812 1.70427 6 v
-8.52339 1.70114 6 v
-8.43873 1.70062 6 v
-8.35414 1.70257 6 v
-8.26961 1.70685 6 v
-8.18514 1.71331 6 v
-8.10071 1.72183 6 v
-8.01633 1.73225 6 v
-7.932 1.74445 6 v
-7.8477 1.75828 6 v
-7.76343 1.7736 6 v
-7.6792 1.79028 6 v
-7.59498 1.80817 6 v
-7.51079 1.82713 6 v
-7.42661 1.84703 6 v
-7.34244 1.86772 6 v
-7.25827 1.88907 6 v
-7.17411 1.91094 6 v
-7.08994 1.93318 6 v
-7.00576 1.95567 6 v
-6.92156 1.97825 6 v
-6.83735 2.00079 6 v
-6.75312 2.02315 6 v
-6.66886 2.04519 6 v
-6.58456 2.06677 6 v
-6.50023 2.08775 6 v
-6.41586 2.108 6 v
-6.33144 2.12737 6 v
-6.24698 2.14572 6 v
-6.16245 2.16292 6 v
-6.07787 2.17882 6 v
-5.99322 2.19329 6 v
-5.9085 2.20618 6 v
-5.82371 2.21736 6 v

-13.8795 -14.6411 7 u
-13.8841 -14.6741 7 u
-13.8888 -14.7071 7 u
-13.8935 -14.7401 7 u
-13.8982 -14.773 7 u
-13.9028 -14.806 7 u
-13.9075 -14.839 7 u
-13.9122 -14.872 7 u
-13.9169 -14.9049 7 u
-13.9215 -14.9379 7 u
-13.9262 -14.9709 7 u
-13.9309 -15.0038 7 u
-13.9356 -15.0368 7 u
-13.9402 -15.0698 7 u
-13.9449 -15.1028 7 u
-13.9496 -15.1357 7 u
-13.9543 -15.1687 7 u
-13.9589 -15.2017 7 u
-13.9636 -15.2347 7 u
-13.9683 -15.2676 7 u
-13.973 -15.3006 7 u
-13.9776 -15.3336 7 u
-13.9823 -15.3665 7 u
-13.987 -15.3995 7 u
-13.9917 -15.4325 7 u
-13.9963 -15.4655 7 u
-14.001 -15.4984 7 u
-14.0057 -15.5314 7 u
-14.0104 -15.5644 7 u
-14.015 -15.5974 7 u
-14.0197 -15.6303 7 u
-14.0244 -15.6633 7 u
-14.029 -15.6963 7 u
-14.0337 -15.7292 7 u
-14.0384 -15.7622 7 u
-14.0431 -15.7952 7 u
-14.0477 -15.8282 7 u
-14.0524 -15.8611 7 u
-14.0571 -15.8941 7 u
-14.0618 -15.9271 7 u
-14.0664 -15.9601 7 u
-14.0711 -15.993 7 u
-14.0758 -16.026 7 u
-14.0805 -16.059 7 u
-14.0851 -16.0919 7 u
-14.0898 -16.1249 7 u
-14.0945 -16.1579 7 u
-14.0992 -16.1909 7 u
-14.1038 -16.2238 7 u
-14.1085 -16.2568 7 u
-14.1132 -16.2898 7 u
-14.1179 -16.3228 7 u
-14.1225 -16.3557 7 u
-14.1272 -16.3887 7 u
-14.1319 -16.4217 7 u
-14.1366 -16.4546 7 u
-14.1412 -16.4876 7 u
-14.1459 -16.5206 7 u
-14.1506 -16.5536 7 u
-14.1553 -16.5865 7 u
-14.1599 -16.6195 7 u
-14.1646 -16.6525 7 u
-14.1693 -16.6855 7 u
-14.174 -16.7184 7 u
-14.1786 -16.7514 7 u
-14.1833 -16.7844 7 u
-14.188 -16.8173 7 u
-14.1927 -16.8503 7 u
-14.1973 -16.8833 7 u
-14.202 -16.9163 7 u
-14.2067 -16.9492 7 u
-14.2114 -16.9822 7 u
-14.216 -17.0152 7 u
-14.2207 -17.0482 7 u
-14.2254 -17.0811 7 u
-14.2301 -17.1141 7 u
-14.2347 -17.1471 7 u
-14.2394 -17.18 7 u
-14.2441 -17.213 7 u
-14.2488 -17.246 7 u
-14.2534 -17.279 7 u
-14.2581 -17.3119 7 u
-14.2628 -17.3449 7 u
-14.2675 -17.3779 7 u
-14.2721 -17.4109 7 u
-14.2768 -17.4438 7 u
-14.2815 -17.4768 7 u
-14.2862 -17.5098 7 u
-14.2908 -17.5427 7 u
-14.2955 -17.5757 7 u
-14.3002 -17.6087 7 u
-14.3049 -17.6417 7 u
-14.3095 -17.6746 7 u
-14.3142 -17.7076 7 u
-14.3189 -17.7406 7 u
-14.3236 -17.7736 7 u
-14.3282 -17.8065 7 u
-14.3329 -17.8395 7 u
-14.3376 -17.8725 7 u
-14.3423 -17.9054 7 u
-14.3469 -17.9384 7 u
-14.3516 -17.9714 7 u
-14.3563 -18.0044 7 u
-14.361 -18.0373 7 u
-14.3656 -18.0703 7 u
-14.3703 -18.1033 7 u
-14.375 -18.1363 7 u
-14.3797 -18.1692 7 u
-14.3843 -18.2022 7 u
-14.389 -18.2352 7 u
-14.3937 -18.2681 7 u
-14.3984 -18.3011 7 u
-14.403 -18.3341 7 u
-14.4077 -18.3671 7 u
-14.4124 -18.4 7 u
-14.4171 -18.433 7 u
-14.4217 -18.466 7 u
-14.4264 -18.499 7 u
-14.4311 -18.5319 7 u
-14.4358 -18.5649 7 u
-14.4404 -18.5979 7 u
-14.4451 -18.6308 7 u
-14.4498 -18.6638 7 u
-14.4545 -18.6968 7 u
-14.4591 -18.7298 7 u
-14.4638 -18.7627 7 u
-14.4685 -18.7957 7 u
-14.4732 -18.8287 7 u
-14.4778 -18.8617 7 u
-14.4825 -18.8946 7 u
-14.4872 -18.9276 7 u
-14.4919 -18.9606 7 u
-14.4965 -18.9935 7 u
-14.5012 -19.0265 7 u
-14.5059 -19.0595 7 u
-14.5106 -19.0925 7 u
-14.5152 -19.1254 7 u
-14.5199 -19.1584 7 u
-14.5246 -19.1914 7 u
-14.5293 -19.2244 7 u
-14.5339 -19.2573 7 u
-14.5386 -19.2903 7 u
-14.5433 -19.3233 7 u
-14.548 -19.3563 7 u
-14.5526 -19.3892 7 u
-14.5573 -19.4222 7 u
-14.562 -19.4552 7 u
-14.5667 -19.4881 7 u
-14.5713 -19.5211 7 u
-14.576 -19.5541 7 u
-14.5807 -19.5871 7 u
-14.5854 -19.62 7 u
-14.59 -19.653 7 u
-14.5947 -19.686 7 u
-14.5994 -19.719 7 u
-14.6041 -19.7519 7 u
-14.6087 -19.7849 7 u
-14.6134 -19.8179 7 u
-14.6181 -19.8508 7 u
-14.6228 -19.8838 7 u
-14.6274 -19.9168 7 u

-11.8451 -15.4635 7 u
-11.8436 -15.5068 7 u
-11.8421 -15.5479 7 u
-11.8408 -15.5869 7 u
-11.8396 -15.6238 7 u
-11.8385 -15.6589 7 u
-11.8375 -15.6923 7 u
-11.8366 -15.7241 7 u
-11.8357 -15.7545 7 u
-11.835 -15.7836 7 u
-11.8343 -15.8114 7 u
-11.8337 -15.8383 7 u
-11.8332 -15.8642 7 u
-11.8327 -15.8894 7 u
-11.8322 -15.9139 7 u
-11.8318 -15.9379 7 u
-11.8315 -15.9616 7 u
-11.8312 -15.9851 7 u
-11.8309 -16.0084 7 u
-11.8306 -16.0318 7 u
-11.8303 -16.0554 7 u
-11.8301 -16.0793 7 u
-11.8298 -16.1034 7 u
-11.8296 -16.1279 7 u
-11.8293 -16.1526 7 u
-11.8291 -16.1776 7 u
-11.8288 -16.2029 7 u
-11.8286 -16.2284 7 u
-11.8284 -16.2541 7 u
-11.8282 -16.28 7 u
-11.828 -16.3061 7 u
-11.8278 -16.3324 7 u
-11.8275 -16.3589 7 u
-11.8273 -16.3855 7 u
-11.8271 -16.4122 7 u
-11.8269 -16.4391 7 u
-11.8267 -16.4661 7 u
-11.8265 -16.4932 7 u
-11.8263 -16.5204 7 u
-11.8261 -16.5477 7 u
-11.8259 -16.575 7 u
-11.8257 -16.6024 7 u
-11.8255 -16.6298 7 u
-11.8253 -16.6572 7 u
-11.8251 -16.6847 7 u
-11.8249 -16.7123 7 u
-11.8247 -16.7399 7 u
-11.8245 -16.7675 7 u
-11.8242 -16.7951 7 u
-11.824 -16.8228 7 u
-11.8238 -16.8505 7 u
-11.8236 -16.8783 7 u
-11.8234 -16.9061 7 u
-11.8232 -16.9339 7 u
-11.823 -16.9617 7 u
-11.8228 -16.9895 7 u
-11.8226 -17.0174 7 u
-11.8224 -17.0453 7 u
-11.8222 -17.0732 7 u
-11.822 -17.1011 7 u
-11.8218 -17.1291 7 u
-11.8216 -17.157 7 u
-11.8214 -17.185 7 u
-11.8212 -17.213 7 u
-11.821 -17.2409 7 u
-11.8208 -17.2689 7 u
-11.8206 -17.2969 7 u
-11.8204 -17.3249 7 u
-11.8202 -17.3529 7 u
-11.82 -17.381 7 u
-11.8198 -17.409 7 u
-11.8196 -17.437 7 u
-11.8194 -17.4651 7 u
-11.8192 -17.4931 7 u
-11.8191 -17.5211 7 u
-11.8189 -17.5492 7 u
-11.8187 -17.5772 7 u
-11.8185 -17.6052 7 u
-11.8183 -17.6333 7 u
-11.8181 -17.6613 7 u
-11.8179 -17.6894 7 u
-11.8177 -17.7174 7 u
-11.8176 -17.7454 7 u
-11.8174 -17.7734 7 u
-11.8172 -17.8014 7 u
-11.817 -17.8294 7 u
-11.8168 -17.8574 7 u
-11.8166 -17.8854 7 u
-11.8164 -17.9134 7 u
-11.8162 -17.9413 7 u
-11.8161 -17.9692 7 u
-11.8159 -17.9972 7 u
-11.8157 -18.025 7 u
-11.8155 -18.0529 7 u
-11.8153 -18.0807 7 u
-11.8152 -18.1086 7 u
-11.815 -18.1364 7 u
-11.8148 -18.1641 7 u
-11.8146 -18.1918 7 u
-11.8145 -18.2195 7 u
-11.8143 -18.2472 7 u
-11.8141 -18.2748 7 u
-11.814 -18.3024 7 u
-11.8138 -18.33 7 u
-11.8136 -18.3575 7 u
-11.8135 -18.385 7 u
-11.8133 -18.4124 7 u
-11.8132 -18.4397 7 u
-11.813 -18.4671 7 u
-11.8128 -18.4943 7 u
-11.8127 -18.5215 7 u
-11.8125 -18.5487 7 u
-11.8124 -18.5758 7 u
-11.8122 -18.6028 7 u
-11.812 -18.6297 7 u
-11.8119 -18.6566 7 u
-11.8117 -18.6835 7 u
-11.8115 -18.7102 7 u
-11.8114 -18.7369 7 u
-11.8112 -18.7635 7 u
-11.811 -18.79 7 u
-11.8108 -18.8164 7 u
-11.8107 -18.8427 7 u
-11.8105 -18.869 7 u
-11.8103 -18.8951 7 u
-11.8101 -18.921 7 u
-11.8099 -18.9468 7 u
-11.8097 -18.9724 7 u
-11.8095 -18.9978 7 u
-11.8094 -19.023 7 u
-11.8092 -19.048 7 u
-11.809 -19.0727 7 u
-11.8088 -19.0972 7 u
-11.8086 -19.1214 7 u
-11.8084 -19.1454 7 u
-11.8082 -19.169 7 u
-11.8081 -19.1923 7 u
-11.8079 -19.2153 7 u
-11.8077 -19.238 7 u
-11.8075 -19.2602 7 u
-11.8073 -19.2821 7 u
-11.8072 -19.3037 7 u
-11.807 -19.325 7 u
-11.8068 -19.3464 7 u
-11.8067 -19.368 7 u
-11.8065 -19.39 7 u
-11.8062 -19.4127 7 u
-11.806 -19.4362 7 u
-11.8058 -19.4608 7 u
-11.8055 -19.4867 7 u
-11.8052 -19.5141 7 u
-11.8048 -19.5431 7 u
-11.8044 -19.574 7 u
-11.804 -19.6071 7 u
-11.8035 -19.6424 7 u
-11.803 -19.6803 7 u
-11.8024 -19.7209 7 u
-11.8017 -19.7645 7 u
-11.801 -19.8112 7 u
-11.8003 -19.8612 7 u
-11.7994 -19.9148 7 u

-9.6944 -15.9024 7 u
-9.68695 -15.9446 7 u
-9.6799 -15.9844 7 u
-9.67325 -16.022 7 u
-9.66696 -16.0576 7 u
-9.66102 -16.0912 7 u
-9.65539 -16.1231 7 u
-9.65006 -16.1532 7 u
-9.645 -16.1819 7 u
-9.64018 -16.2091 7 u
-9.63558 -16.2351 7 u
-9.63118 -16.26 7 u
-9.62695 -16.284 7 u
-9.62287 -16.3071 7 u
-9.61891 -16.3295 7 u
-9.61505 -16.3514 7 u
-9.61126 -16.3728 7 u
-9.60753 -16.394 7 u
-9.60382 -16.415 7 u
-9.60011 -16.436 7 u
-9.59638 -16.4572 7 u
-9.59261 -16.4786 7 u
-9.58879 -16.5002 7 u
-9.58493 -16.5221 7 u
-9.58103 -16.5443 7 u
-9.57709 -16.5667 7 u
-9.57311 -16.5893 7 u
-9.56909 -16.6121 7 u
-9.56504 -16.6351 7 u
-9.56096 -16.6583 7 u
-9.55685 -16.6816 7 u
-9.55271 -16.7052 7 u
-9.54854 -16.7288 7 u
-9.54435 -16.7526 7 u
-9.54014 -16.7765 7 u
-9.5359 -16.8006 7 u
-9.53165 -16.8247 7 u
-9.52738 -16.8489 7 u
-9.52309 -16.8732 7 u
-9.51879 -16.8976 7 u
-9.51448 -16.922 7 u
-9.51016 -16.9465 7 u
-9.50583 -16.971 7 u
-9.50149 -16.9956 7 u
-9.49715 -17.0202 7 u
-9.49279 -17.0448 7 u
-9.48843 -17.0695 7 u
-9.48406 -17.0942 7 u
-9.47968 -17.1189 7 u
-9.47529 -17.1437 7 u
-9.4709 -17.1684 7 u
-9.46651 -17.1933 7 u
-9.4621 -17.2181 7 u
-9.45769 -17.243 7 u
-9.45328 -17.2679 7 u
-9.44886 -17.2928 7 u
-9.44443 -17.3178 7 u
-9.44 -17.3427 7 u
-9.43557 -17.3677 7 u
-9.43113 -17.3927 7 u
-9.42669 -17.4177 7 u
-9.42225 -17.4427 7 u
-9.4178 -17.4677 7 u
-9.41335 -17.4928 7 u
-9.4089 -17.5178 7 u
-9.40444 -17.5429 7 u
-9.39999 -17.5679 7 u
-9.39553 -17.593 7 u
-9.39106 -17.6181 7 u
-9.3866 -17.6432 7 u
-9.38213 -17.6682 7 u
-9.37767 -17.6933 7 u
-9.3732 -17.7184 7 u
-9.36872 -17.7435 7 u
-9.36425 -17.7686 7 u
-9.35978 -17.7937 7 u
-9.3553 -17.8188 7 u
-9.35082 -17.8439 7 u
-9.34635 -17.869 7 u
-9.34187 -17.8941 7 u
-9.33739 -17.9192 7 u
-9.33291 -17.9443 7 u
-9.32843 -17.9694 7 u
-9.32395 -17.9945 7 u
-9.31947 -18.0195 7 u
-9.31499 -18.0446 7 u
-9.31051 -18.0696 7 u
-9.30603 -18.0947 7 u
-9.30155 -18.1197 7 u
-9.29708 -18.1447 7 u
-9.2926 -18.1697 7 u
-9.28813 -18.1946 7 u
-9.28366 -18.2196 7 u
-9.2792 -18.2445 7 u
-9.27473 -18.2694 7 u
-9.27027 -18.2943 7 u
-9.26582 -18.3191 7 u
-9.26136 -18.344 7 u
-9.25691 -18.3688 7 u
-9.25247 -18.3935 7 u
-9.24803 -18.4182 7 u
-9.24359 -18.4429 7 u
-9.23916 -18.4676 7 u
-9.23474 -18.4922 7 u
-9.23032 -18.5168 7 u
-9.22591 -18.5414 7 u
-9.2215 -18.5659 7 u
-9.2171 -18.5903 7 u
-9.21271 -18.6147 7 u
-9.20832 -18.6391 7 u
-9.20394 -18.6634 7 u
-9.19957 -18.6876 7 u
-9.19521 -18.7118 7 u
-9.19086 -18.7359 7 u
-9.18651 -18.76 7 u
-9.18217 -18.784 7 u
-9.17784 -18.8079 7 u
-9.17353 -18.8318 7 u
-9.16922 -18.8556 7 u
-9.16492 -18.8793 7 u
-9.16063 -18.9029 7 u
-9.15635 -18.9265 7 u
-9.15209 -18.95 7 u
-9.14784 -18.9733 7 u
-9.14361 -18.9966 7 u
-9.1394 -19.0197 7 u
-9.13522 -19.0427 7 u
-9.13107 -19.0655 7 u
-9.12694 -19.0882 7 u
-9.12285 -19.1106 7 u
-9.1188 -19.1329 7 u
-9.11478 -19.155 7 u
-9.11081 -19.1768 7 u
-9.10688 -19.1984 7 u
-9.103 -19.2198 7 u
-9.09918 -19.2409 7 u
-9.0954 -19.2617 7 u
-9.09168 -19.2822 7 u
-9.08803 -19.3024 7 u
-9.08443 -19.3223 7 u
-9.0809 -19.3419 7 u
-9.07743 -19.3612 7 u
-9.07399 -19.3803 7 u
-9.07053 -19.3994 7 u
-9.06703 -19.4188 7 u
-9.06342 -19.4386 7 u
-9.05969 -19.459 7 u
-9.05578 -19.4801 7 u
-9.05166 -19.5023 7 u
-9.04728 -19.5256 7 u
-9.04261 -19.5503 7 u
-9.0376 -19.5766 7 u
-9.03221 -19.6046 7 u
-9.02641 -19.6345 7 u
-9.02015 -19.6666 7 u
-9.0134 -19.7009 7 u
-9.0061 -19.7378 7 u
-8.99823 -19.7773 7 u
-8.98975 -19.8197 7 u
-8.9806 -19.8652 7 u
-8.97075 -19.9139 7 u

-7.49942 -15.984 7 u
-7.48358 -16.0261 7 u
-7.46869 -16.0658 7 u
-7.45468 -16.1033 7 u
-7.44151 -16.1386 7 u
-7.42911 -16.172 7 u
-7.41744 -16.2036 7 u
-7.40644 -16.2335 7 u
-7.39605 -16.2618 7 u
-7.38623 -16.2888 7 u
-7.37692 -16.3144 7 u
-7.36805 -16.339 7 u
-7.35959 -16.3625 7 u
-7.35147 -16.3853 7 u
-7.34364 -16.4073 7 u
-7.33605 -16.4287 7 u
-7.32863 -16.4497 7 u
-7.32135 -16.4705 7 u
-7.31413 -16.4911 7 u
-7.30694 -16.5116 7 u
-7.29971 -16.5324 7 u
-7.2924 -16.5533 7 u
-7.285 -16.5746 7 u
-7.27752 -16.596 7 u
-7.26997 -16.6177 7 u
-7.26233 -16.6397 7 u
-7.25463 -16.6618 7 u
-7.24686 -16.6842 7 u
-7.23903 -16.7067 7 u
-7.23114 -16.7295 7 u
-7.2232 -16.7524 7 u
-7.2152 -16.7754 7 u
-7.20716 -16.7986 7 u
-7.19908 -16.822 7 u
-7.19096 -16.8454 7 u
-7.1828 -16.869 7 u
-7.17462 -16.8926 7 u
-7.1664 -16.9164 7 u
-7.15817 -16.9402 7 u
-7.14991 -16.9641 7 u
-7.14164 -16.988 7 u
-7.13336 -17.012 7 u
-7.12507 -17.036 7 u
-7.11677 -17.06 7 u
-7.10846 -17.0841 7 u
-7.10014 -17.1082 7 u
-7.09181 -17.1323 7 u
-7.08348 -17.1565 7 u
-7.07513 -17.1807 7 u
-7.06678 -17.2049 7 u
-7.05842 -17.2292 7 u
-7.05005 -17.2535 7 u
-7.04168 -17.2778 7 u
-7.0333 -17.3021 7 u
-7.02491 -17.3265 7 u
-7.01652 -17.3508 7 u
-7.00812 -17.3752 7 u
-6.99972 -17.3996 7 u
-6.99132 -17.4241 7 u
-6.98291 -17.4485 7 u
-6.97449 -17.4729 7 u
-6.96608 -17.4974 7 u
-6.95766 -17.5219 7 u
-6.94923 -17.5463 7 u
-6.94081 -17.5708 7 u
-6.93238 -17.5953 7 u
-6.92395 -17.6198 7 u
-6.91552 -17.6443 7 u
-6.90709 -17.6689 7 u
-6.89865 -17.6934 7 u
-6.89021 -17.7179 7 u
-6.88178 -17.7425 7 u
-6.87334 -17.767 7 u
-6.8649 -17.7915 7 u
-6.85646 -17.8161 7 u
-6.84802 -17.8406 7 u
-6.83959 -17.8652 7 u
-6.83115 -17.8897 7 u
-6.82271 -17.9142 7 u
-6.81427 -17.9388 7 u
-6.80584 -17.9633 7 u
-6.79741 -17.9878 7 u
-6.78898 -18.0124 7 u
-6.78055 -18.0369 7 u
-6.77212 -18.0614 7 u
-6.7637 -18.0859 7 u
-6.75528 -18.1104 7 u
-6.74687 -18.1349 7 u
-6.73846 -18.1593 7 u
-6.73006 -18.1838 7 u
-6.72166 -18.2082 7 u
-6.71327 -18.2327 7 u
-6.70489 -18.2571 7 u
-6.69651 -18.2814 7 u
-6.68815 -18.3058 7 u
-6.67979 -18.3301 7 u
-6.67144 -18.3544 7 u
-6.6631 -18.3787 7 u
-6.65478 -18.403 7 u
-6.64646 -18.4272 7 u
-6.63815 -18.4514 7 u
-6.62986 -18.4756 7 u
-6.62158 -18.4997 7 u
-6.61331 -18.5238 7 u
-6.60506 -18.5478 7 u
-6.59682 -18.5718 7 u
-6.5886 -18.5958 7 u
-6.58039 -18.6197 7 u
-6.57221 -18.6436 7 u
-6.56404 -18.6675 7 u
-6.55588 -18.6913 7 u
-6.54775 -18.715 7 u
-6.53964 -18.7387 7 u
-6.53155 -18.7623 7 u
-6.52348 -18.7859 7 u
-6.51544 -18.8094 7 u
-6.50741 -18.8328 7 u
-6.49941 -18.8562 7 u
-6.49144 -18.8795 7 u
-6.48349 -18.9028 7 u
-6.47557 -18.926 7 u
-6.46768 -18.9491 7 u
-6.45981 -18.9721 7 u
-6.45199 -18.995 7 u
-6.4442 -19.0178 7 u
-6.43646 -19.0405 7 u
-6.42878 -19.0631 7 u
-6.42114 -19.0855 7 u
-6.41357 -19.1077 7 u
-6.40606 -19.1297 7 u
-6.39862 -19.1516 7 u
-6.39126 -19.1732 7 u
-6.38397 -19.1946 7 u
-6.37677 -19.2158 7 u
-6.36965 -19.2367 7 u
-6.36263 -19.2574 7 u
-6.3557 -19.2778 7 u
-6.34888 -19.2979 7 u
-6.34216 -19.3177 7 u
-6.33556 -19.3372 7 u
-6.32907 -19.3563 7 u
-6.32269 -19.3751 7 u
-6.31637 -19.3938 7 u
-6.31005 -19.4125 7 u
-6.30366 -19.4314 7 u
-6.29714 -19.4506 7 u
-6.29044 -19.4705 7 u
-6.28349 -19.4912 7 u
-6.27622 -19.5128 7 u
-6.26858 -19.5355 7 u
-6.26051 -19.5596 7 u
-6.25194 -19.5851 7 u
-6.2428 -19.6124 7 u
-6.23305 -19.6416 7 u
-6.22261 -19.6728 7 u
-6.21143 -19.7063 7 u
-6.19944 -19.7422 7 u
-6.18659 -19.7807 7 u
-6.1728 -19.8221 7 u
-6.15802 -19.8664 7 u
-6.14219 -19.914 7 u

-5.32993 -15.6597 7 u
-5.30541 -15.7031 7 u
-5.28237 -15.744 7 u
-5.26071 -15.7827 7 u
-5.24036 -15.8194 7 u
-5.22123 -15.8541 7 u
-5.20323 -15.887 7 u
-5.18629 -15.9182 7 u
-5.17031 -15.9479 7 u
-5.15521 -15.9762 7 u
-5.14092 -16.0033 7 u
-5.12733 -16.0293 7 u
-5.11437 -16.0543 7 u
-5.10196 -16.0785 7 u
-5.09 -16.102 7 u
-5.07842 -16.125 7 u
-5.06713 -16.1475 7 u
-5.05604 -16.1698 7 u
-5.04508 -16.192 7 u
-5.03415 -16.2142 7 u
-5.02318 -16.2366 7 u
-5.01208 -16.2593 7 u
-5.00086 -16.2822 7 u
-4.98952 -16.3054 7 u
-4.97806 -16.3289 7 u
-4.9665 -16.3526 7 u
-4.95483 -16.3765 7 u
-4.94307 -16.4007 7 u
-4.93122 -16.4251 7 u
-4.91928 -16.4497 7 u
-4.90726 -16.4745 7 u
-4.89518 -16.4995 7 u
-4.88302 -16.5246 7 u
-4.87081 -16.5499 7 u
-4.85854 -16.5753 7 u
-4.84623 -16.6008 7 u
-4.83387 -16.6265 7 u
-4.82147 -16.6522 7 u
-4.80905 -16.678 7 u
-4.79661 -16.7039 7 u
-4.78414 -16.7299 7 u
-4.77167 -16.7559 7 u
-4.75918 -16.782 7 u
-4.74668 -16.8081 7 u
-4.73417 -16.8343 7 u
-4.72165 -16.8605 7 u
-4.70913 -16.8867 7 u
-4.69659 -16.913 7 u
-4.68405 -16.9394 7 u
-4.6715 -16.9657 7 u
-4.65894 -16.9921 7 u
-4.64638 -17.0185 7 u
-4.63381 -17.045 7 u
-4.62123 -17.0715 7 u
-4.60865 -17.098 7 u
-4.59607 -17.1245 7 u
-4.58348 -17.1511 7 u
-4.57088 -17.1776 7 u
-4.55829 -17.2042 7 u
-4.54569 -17.2308 7 u
-4.53309 -17.2575 7 u
-4.52049 -17.2841 7 u
-4.50788 -17.3108 7 u
-4.49528 -17.3374 7 u
-4.48267 -17.3641 7 u
-4.47007 -17.3908 7 u
-4.45746 -17.4175 7 u
-4.44486 -17.4442 7 u
-4.43226 -17.4709 7 u
-4.41965 -17.4976 7 u
-4.40705 -17.5243 7 u
-4.39445 -17.5511 7 u
-4.38186 -17.5778 7 u
-4.36926 -17.6045 7 u
-4.35667 -17.6313 7 u
-4.34408 -17.658 7 u
-4.3315 -17.6848 7 u
-4.31892 -17.7115 7 u
-4.30634 -17.7382 7 u
-4.29377 -17.765 7 u
-4.2812 -17.7917 7 u
-4.26864 -17.8185 7 u
-4.25608 -17.8452 7 u
-4.24353 -17.8719 7 u
-4.23099 -17.8986 7 u
-4.21846 -17.9253 7 u
-4.20594 -17.952 7 u
-4.19342 -17.9787 7 u
-4.18092 -18.0054 7 u
-4.16843 -18.032 7 u
-4.15595 -18.0587 7 u
-4.14348 -18.0853 7 u
-4.13103 -18.1119 7 u
-4.11859 -18.1384 7 u
-4.10617 -18.165 7 u
-4.09377 -18.1915 7 u
-4.08138 -18.218 7 u
-4.06901 -18.2445 7 u
-4.05665 -18.2709 7 u
-4.04432 -18.2973 7 u
-4.03201 -18.3237 7 u
-4.01971 -18.3501 7 u
-4.00744 -18.3764 7 u
-3.9952 -18.4026 7 u
-3.98298 -18.4289 7 u
-3.97078 -18.455 7 u
-3.95861 -18.4812 7 u
-3.94647 -18.5073 7 u
-3.93436 -18.5333 7 u
-3.92228 -18.5593 7 u
-3.91024 -18.5852 7 u
-3.89823 -18.6111 7 u
-3.88625 -18.6369 7 u
-3.87431 -18.6627 7 u
-3.86241 -18.6884 7 u
-3.85055 -18.714 7 u
-3.83873 -18.7395 7 u
-3.82695 -18.765 7 u
-3.81521 -18.7904 7 u
-3.80352 -18.8158 7 u
-3.79187 -18.841 7 u
-3.78027 -18.8662 7 u
-3.76873 -18.8913 7 u
-3.75724 -18.9162 7 u
-3.74582 -18.9411 7 u
-3.73447 -18.9658 7 u
-3.7232 -18.9904 7 u
-3.71202 -19.0147 7 u
-3.70092 -19.0389 7 u
-3.68993 -19.0629 7 u
-3.67903 -19.0867 7 u
-3.66825 -19.1103 7 u
-3.65758 -19.1336 7 u
-3.64703 -19.1567 7 u
-3.63661 -19.1795 7 u
-3.62632 -19.202 7 u
-3.61618 -19.2242 7 u
-3.60618 -19.2461 7 u
-3.59633 -19.2676 7 u
-3.58665 -19.2888 7 u
-3.57712 -19.3097 7 u
-3.56776 -19.3302 7 u
-3.55849 -19.3505 7 u
-3.54922 -19.3709 7 u
-3.53988 -19.3915 7 u
-3.53039 -19.4125 7 u
-3.52066 -19.4341 7 u
-3.51061 -19.4566 7 u
-3.50017 -19.4801 7 u
-3.48924 -19.5048 7 u
-3.47776 -19.5309 7 u
-3.46563 -19.5587 7 u
-3.45277 -19.5883 7 u
-3.43911 -19.6199 7 u
-3.42456 -19.6537 7 u
-3.40905 -19.69 7 u
-3.39248 -19.7289 7 u
-3.37478 -19.7706 7 u
-3.35587 -19.8154 7 u
-3.33566 -19.8634 7 u
-3.31407 -19.9148 7 u

-3.30891 -14.8114 7 u
-3.27777 -14.857 7 u
-3.24838 -14.9003 7 u
-3.22063 -14.9415 7 u
-3.19442 -14.9806 7 u
-3.16965 -15.018 7 u
-3.14622 -15.0536 7 u
-3.12401 -15.0876 7 u
-3.10294 -15.1203 7 u
-3.08289 -15.1516 7 u
-3.06375 -15.1818 7 u
-3.04544 -15.211 7 u
-3.02784 -15.2394 7 u
-3.01086 -15.267 7 u
-2.99438 -15.294 7 u
-2.97831 -15.3206 7 u
-2.96254 -15.3469 7 u
-2.94698 -15.373 7 u
-2.9315 -15.3991 7 u
-2.91602 -15.4253 7 u
-2.90043 -15.4518 7 u
-2.88465 -15.4787 7 u
-2.86866 -15.506 7 u
-2.85248 -15.5336 7 u
-2.83612 -15.5616 7 u
-2.81958 -15.5899 7 u
-2.80287 -15.6185 7 u
-2.78601 -15.6475 7 u
-2.76901 -15.6767 7 u
-2.75187 -15.7062 7 u
-2.73461 -15.736 7 u
-2.71722 -15.766 7 u
-2.69974 -15.7962 7 u
-2.68215 -15.8267 7 u
-2.66448 -15.8573 7 u
-2.64673 -15.8881 7 u
-2.62892 -15.9191 7 u
-2.61104 -15.9502 7 u
-2.59312 -15.9814 7 u
-2.57516 -16.0128 7 u
-2.55717 -16.0442 7 u
-2.53916 -16.0757 7 u
-2.52114 -16.1073 7 u
-2.50309 -16.139 7 u
-2.48503 -16.1707 7 u
-2.46696 -16.2025 7 u
-2.44887 -16.2344 7 u
-2.43076 -16.2663 7 u
-2.41265 -16.2983 7 u
-2.39452 -16.3303 7 u
-2.37638 -16.3624 7 u
-2.35823 -16.3945 7 u
-2.34008 -16.4267 7 u
-2.32191 -16.459 7 u
-2.30374 -16.4913 7 u
-2.28556 -16.5236 7 u
-2.26738 -16.5559 7 u
-2.24919 -16.5883 7 u
-2.231 -16.6207 7 u
-2.2128 -16.6532 7 u
-2.19461 -16.6857 7 u
-2.17641 -16.7182 7 u
-2.15822 -16.7507 7 u
-2.14002 -16.7832 7 u
-2.12182 -16.8158 7 u
-2.10363 -16.8484 7 u
-2.08544 -16.881 7 u
-2.06725 -16.9136 7 u
-2.04906 -16.9462 7 u
-2.03088 -16.9788 7 u
-2.0127 -17.0115 7 u
-1.99453 -17.0441 7 u
-1.97636 -17.0768 7 u
-1.9582 -17.1095 7 u
-1.94004 -17.1422 7 u
-1.92189 -17.1748 7 u
-1.90375 -17.2075 7 u
-1.88562 -17.2402 7 u
-1.8675 -17.2729 7 u
-1.84938 -17.3056 7 u
-1.83128 -17.3383 7 u
-1.81318 -17.371 7 u
-1.7951 -17.4036 7 u
-1.77703 -17.4363 7 u
-1.75898 -17.469 7 u
-1.74094 -17.5016 7 u
-1.72292 -17.5343 7 u
-1.70492 -17.5669 7 u
-1.68693 -17.5995 7 u
-1.66898 -17.6321 7 u
-1.65104 -17.6646 7 u
-1.63313 -17.6971 7 u
-1.61524 -17.7297 7 u
-1.59739 -17.7621 7 u
-1.57956 -17.7946 7 u
-1.56176 -17.827 7 u
-1.544 -17.8594 7 u
-1.52627 -17.8917 7 u
-1.50857 -17.924 7 u
-1.49091 -17.9563 7 u
-1.47329 -17.9885 7 u
-1.45571 -18.0207 7 u
-1.43816 -18.0528 7 u
-1.42067 -18.0849 7 u
-1.40321 -18.1169 7 u
-1.38581 -18.1488 7 u
-1.36846 -18.1807 7 u
-1.35115 -18.2126 7 u
-1.3339 -18.2443 7 u
-1.31671 -18.276 7 u
-1.29957 -18.3077 7 u
-1.2825 -18.3392 7 u
-1.26549 -18.3707 7 u
-1.24854 -18.4021 7 u
-1.23165 -18.4334 7 u
-1.21484 -18.4646 7 u
-1.1981 -18.4958 7 u
-1.18142 -18.5268 7 u
-1.16483 -18.5578 7 u
-1.14831 -18.5886 7 u
-1.13186 -18.6194 7 u
-1.1155 -18.65 7 u
-1.09923 -18.6805 7 u
-1.08306 -18.7109 7 u
-1.067 -18.7411 7 u
-1.05105 -18.7712 7 u
-1.03523 -18.801 7 u
-1.01954 -18.8306 7 u
-1.00399 -18.86 7 u
-0.988599 -18.8891 7 u
-0.973367 -18.918 7 u
-0.958305 -18.9466 7 u
-0.943422 -18.9748 7 u
-0.928727 -19.0028 7 u
-0.914229 -19.0303 7 u
-0.899936 -19.0575 7 u
-0.885858 -19.0844 7 u
-0.872004 -19.1108 7 u
-0.858383 -19.1368 7 u
-0.845003 -19.1623 7 u
-0.831873 -19.1874 7 u
-0.818984 -19.2121 7 u
-0.80625 -19.2365 7 u
-0.793568 -19.2609 7 u
-0.780834 -19.2856 7 u
-0.767945 -19.3108 7 u
-0.754795 -19.3368 7 u
-0.741283 -19.3637 7 u
-0.727302 -19.3919 7 u
-0.712751 -19.4215 7 u
-0.697525 -19.4529 7 u
-0.681521 -19.4863 7 u
-0.664634 -19.5219 7 u
-0.646761 -19.56 7 u
-0.627797 -19.6007 7 u
-0.60764 -19.6445 7 u
-0.586186 -19.6914 7 u
-0.563329 -19.7418 7 u
-0.538968 -19.7959 7 u
-0.512998 -19.854 7 u
-0.485314 -19.9162 7 u

-1.72351 -13.3143 7 u
-1.68511 -13.3674 7 u
-1.64861 -13.4181 7 u
-1.61391 -13.4666 7 u
-1.58088 -13.513 7 u
-1.5494 -13.5576 7 u
-1.51936 -13.6004 7 u
-1.49064 -13.6416 7 u
-1.46312 -13.6813 7 u
-1.43668 -13.7198 7 u
-1.4112 -13.7571 7 u
-1.38656 -13.7935 7 u
-1.36264 -13.829 7 u
-1.33933 -13.8638 7 u
-1.31651 -13.8981 7 u
-1.29405 -13.932 7 u
-1.27184 -13.9656 7 u
-1.24975 -13.9992 7 u
-1.22768 -14.0329 7 u
-1.2055 -14.0668 7 u
-1.18309 -14.1011 7 u
-1.16036 -14.1359 7 u
-1.13729 -14.1712 7 u
-1.11391 -14.207 7 u
-1.09023 -14.2432 7 u
-1.06626 -14.2799 7 u
-1.04202 -14.3171 7 u
-1.01752 -14.3546 7 u
-0.992786 -14.3926 7 u
-0.967822 -14.4309 7 u
-0.942648 -14.4695 7 u
-0.917277 -14.5085 7 u
-0.891725 -14.5478 7 u
-0.866007 -14.5874 7 u
-0.840138 -14.6273 7 u
-0.814133 -14.6674 7 u
-0.788007 -14.7077 7 u
-0.761775 -14.7483 7 u
-0.735453 -14.789 7 u
-0.709055 -14.8299 7 u
-0.682596 -14.8709 7 u
-0.656089 -14.9121 7 u
-0.629538 -14.9534 7 u
-0.602945 -14.9948 7 u
-0.576313 -15.0364 7 u
-0.549643 -15.078 7 u
-0.522936 -15.1197 7 u
-0.496196 -15.1615 7 u
-0.469423 -15.2035 7 u
-0.44262 -15.2455 7 u
-0.415789 -15.2876 7 u
-0.388932 -15.3297 7 u
-0.36205 -15.372 7 u
-0.335145 -15.4143 7 u
-0.30822 -15.4567 7 u
-0.281277 -15.4991 7 u
-0.254317 -15.5416 7 u
-0.227342 -15.5841 7 u
-0.200354 -15.6267 7 u
-0.173355 -15.6693 7 u
-0.146348 -15.712 7 u
-0.119333 -15.7547 7 u
-0.0923125 -15.7974 7 u
-0.0652867 -15.8401 7 u
-0.0382568 -15.8829 7 u
-0.0112237 -15.9257 7 u
0.0158116 -15.9685 7 u
0.0428482 -16.0113 7 u
0.0698851 -16.0541 7 u
0.0969214 -16.097 7 u
0.123956 -16.1399 7 u
0.150988 -16.1828 7 u
0.178017 -16.2257 7 u
0.205041 -16.2686 7 u
0.23206 -16.3115 7 u
0.259073 -16.3544 7 u
0.286078 -16.3973 7 u
0.313075 -16.4403 7 u
0.340063 -16.4832 7 u
0.367041 -16.5261 7 u
0.394007 -16.5691 7 u
0.420962 -16.612 7 u
0.447902 -16.6549 7 u
0.474826 -16.6978 7 u
0.501732 -16.7407 7 u
0.528617 -16.7836 7 u
0.555479 -16.8265 7 u
0.582317 -16.8693 7 u
0.609128 -16.9122 7 u
0.635909 -16.955 7 u
0.66266 -16.9978 7 u
0.689377 -17.0405 7 u
0.716059 -17.0832 7 u
0.742704 -17.1259 7 u
0.769308 -17.1685 7 u
0.795872 -17.2111 7 u
0.822391 -17.2537 7 u
0.848864 -17.2962 7 u
0.875289 -17.3387 7 u
0.901664 -17.3811 7 u
0.927986 -17.4234 7 u
0.954254 -17.4657 7 u
0.980462 -17.5079 7 u
1.00661 -17.5501 7 u
1.03268 -17.5922 7 u
1.05868 -17.6342 7 u
1.08461 -17.6761 7 u
1.11045 -17.718 7 u
1.1362 -17.7597 7 u
1.16186 -17.8014 7 u
1.18743 -17.8429 7 u
1.21289 -17.8844 7 u
1.23824 -17.9257 7 u
1.26349 -17.967 7 u
1.28861 -18.0081 7 u
1.31362 -18.049 7 u
1.3385 -18.0899 7 u
1.36325 -18.1306 7 u
1.38787 -18.1712 7 u
1.41234 -18.2116 7 u
1.43667 -18.2519 7 u
1.46085 -18.292 7 u
1.48487 -18.332 7 u
1.50872 -18.3717 7 u
1.53238 -18.4113 7 u
1.55585 -18.4505 7 u
1.57911 -18.4895 7 u
1.60215 -18.5283 7 u
1.62497 -18.5666 7 u
1.64754 -18.6047 7 u
1.66986 -18.6423 7 u
1.69191 -18.6796 7 u
1.71369 -18.7165 7 u
1.73518 -18.7529 7 u
1.75638 -18.7888 7 u
1.77726 -18.8243 7 u
1.79782 -18.8592 7 u
1.81805 -18.8936 7 u
1.83793 -18.9274 7 u
1.85746 -18.9607 7 u
1.87662 -18.9933 7 u
1.89542 -19.0254 7 u
1.91397 -19.0571 7 u
1.93238 -19.0888 7 u
1.95077 -19.1208 7 u
1.96928 -19.1534 7 u
1.98801 -19.1868 7 u
2.0071 -19.2215 7 u
2.02666 -19.2576 7 u
2.04682 -19.2955 7 u
2.06769 -19.3355 7 u
2.0894 -19.378 7 u
2.11208 -19.4231 7 u
2.13584 -19.4713 7 u
2.1608 -19.5227 7 u
2.18709 -19.5778 7 u
2.21483 -19.6368 7 u
2.24414 -19.7001 7 u
2.27514 -19.7678 7 u
2.30795 -19.8405 7 u
2.3427 -19.9182 7 u

-0.817439 -11.3241 7 u
-0.770289 -11.3967 7 u
-0.725094 -11.4662 7 u
-0.681724 -11.5326 7 u
-0.640049 -11.5962 7 u
-0.599939 -11.6572 7 u
-0.561265 -11.7158 7 u
-0.523895 -11.7722 7 u
-0.487701 -11.8266 7 u
-0.452553 -11.8792 7 u
-0.41832 -11.9302 7 u
-0.384873 -11.9797 7 u
-0.352082 -12.0281 7 u
-0.319816 -12.0756 7 u
-0.287947 -12.1222 7 u
-0.256343 -12.1682 7 u
-0.224876 -12.2139 7 u
-0.193416 -12.2594 7 u
-0.161831 -12.3049 7 u
-0.129994 -12.3507 7 u
-0.0977726 -12.3969 7 u
-0.0650636 -12.4437 7 u
-0.0318633 -12.4911 7 u
0.00180626 -12.5391 7 u
0.035923 -12.5876 7 u
0.070465 -12.6367 7 u
0.10541 -12.6863 7 u
0.140736 -12.7364 7 u
0.176422 -12.7869 7 u
0.212444 -12.8379 7 u
0.248782 -12.8893 7 u
0.285413 -12.941 7 u
0.322315 -12.9931 7 u
0.359466 -13.0455 7 u
0.396844 -13.0982 7 u
0.434427 -13.1512 7 u
0.472193 -13.2045 7 u
0.51012 -13.2579 7 u
0.548186 -13.3116 7 u
0.586369 -13.3654 7 u
0.624647 -13.4193 7 u
0.663002 -13.4734 7 u
0.701426 -13.5275 7 u
0.739917 -13.5818 7 u
0.778473 -13.6362 7 u
0.817091 -13.6906 7 u
0.855767 -13.7452 7 u
0.894499 -13.7998 7 u
0.933284 -13.8545 7 u
0.972119 -13.9093 7 u
1.011 -13.9642 7 u
1.04993 -14.0191 7 u
1.0889 -14.074 7 u
1.12791 -14.1291 7 u
1.16695 -14.1841 7 u
1.20602 -14.2392 7 u
1.24513 -14.2944 7 u
1.28427 -14.3495 7 u
1.32342 -14.4047 7 u
1.3626 -14.4599 7 u
1.4018 -14.5152 7 u
1.44102 -14.5704 7 u
1.48025 -14.6257 7 u
1.5195 -14.6809 7 u
1.55875 -14.7362 7 u
1.59802 -14.7915 7 u
1.63731 -14.8468 7 u
1.6766 -14.902 7 u
1.71591 -14.9573 7 u
1.75522 -15.0126 7 u
1.79454 -15.068 7 u
1.83387 -15.1233 7 u
1.8732 -15.1786 7 u
1.91255 -15.2339 7 u
1.95189 -15.2892 7 u
1.99124 -15.3445 7 u
2.0306 -15.3999 7 u
2.06996 -15.4552 7 u
2.10931 -15.5105 7 u
2.14867 -15.5658 7 u
2.18803 -15.6212 7 u
2.22739 -15.6765 7 u
2.26675 -15.7318 7 u
2.3061 -15.7871 7 u
2.34544 -15.8424 7 u
2.38478 -15.8977 7 u
2.42412 -15.953 7 u
2.46344 -16.0082 7 u
2.50275 -16.0635 7 u
2.54205 -16.1187 7 u
2.58133 -16.1739 7 u
2.6206 -16.229 7 u
2.65986 -16.2841 7 u
2.69909 -16.3392 7 u
2.7383 -16.3943 7 u
2.7775 -16.4493 7 u
2.81667 -16.5043 7 u
2.85581 -16.5593 7 u
2.89493 -16.6141 7 u
2.93403 -16.669 7 u
2.97309 -16.7238 7 u
3.01213 -16.7785 7 u
3.05113 -16.8332 7 u
3.09008 -16.8878 7 u
3.12899 -16.9424 7 u
3.16784 -16.9968 7 u
3.20663 -17.0512 7 u
3.24536 -17.1055 7 u
3.28401 -17.1597 7 u
3.32258 -17.2138 7 u
3.36106 -17.2678 7 u
3.39945 -17.3217 7 u
3.43775 -17.3754 7 u
3.47594 -17.4291 7 u
3.51402 -17.4826 7 u
3.55198 -17.5359 7 u
3.58981 -17.5892 7 u
3.62752 -17.6422 7 u
3.6651 -17.6952 7 u
3.70253 -17.7479 7 u
3.73981 -17.8005 7 u
3.77694 -17.8529 7 u
3.81389 -17.9052 7 u
3.85064 -17.9571 7 u
3.88717 -18.0089 7 u
3.92346 -18.0603 7 u
3.95948 -18.1114 7 u
3.99523 -18.1621 7 u
4.03066 -18.2124 7 u
4.06576 -18.2623 7 u
4.10052 -18.3118 7 u
4.1349 -18.3607 7 u
4.16888 -18.4091 7 u
4.20245 -18.457 7 u
4.23558 -18.5043 7 u
4.26825 -18.551 7 u
4.30044 -18.597 7 u
4.33213 -18.6424 7 u
4.36328 -18.687 7 u
4.3939 -18.7309 7 u
4.42394 -18.774 7 u
4.45343 -18.8163 7 u
4.48253 -18.8582 7 u
4.51144 -18.9 7 u
4.54037 -18.942 7 u
4.56953 -18.9845 7 u
4.5991 -19.0279 7 u
4.62931 -19.0726 7 u
4.66034 -19.1188 7 u
4.69241 -19.167 7 u
4.72572 -19.2174 7 u
4.76046 -19.2704 7 u
4.79685 -19.3264 7 u
4.83508 -19.3856 7 u
4.87536 -19.4484 7 u
4.9179 -19.5152 7 u
4.96288 -19.5864 7 u
5.01053 -19.6621 7 u
5.06104 -19.7429 7 u
5.11461 -19.8289 7 u
5.17144 -19.9207 7 u

-0.649527 -9.14321 7 u
-0.595447 -9.21058 7 u
-0.541367 -9.27796 7 u
-0.487287 -9.34534 7 u
-0.433207 -9.41271 7 u
-0.379127 -9.48009 7 u
-0.325048 -9.54747 7 u
-0.270968 -9.61484 7 u
-0.216888 -9.68222 7 u
-0.162808 -9.7496 7 u
-0.108728 -9.81697 7 u
-0.0546482 -9.88435 7 u
-0.000568369 -9.95173 7 u
0.0535115 -10.0191 7 u
0.107591 -10.0865 7 u
0.161671 -10.1539 7 u
0.215751 -10.2212 7 u
0.269831 -10.2886 7 u
0.323911 -10.356 7 u
0.377991 -10.4234 7 u
0.432071 -10.4907 7 u
0.48615 -10.5581 7 u
0.54023 -10.6255 7 u
0.59431 -10.6929 7 u
0.64839 -10.7602 7 u
0.70247 -10.8276 7 u
0.75655 -10.895 7 u
0.81063 -10.9624 7 u
0.86471 -11.0298 7 u
0.918789 -11.0971 7 u
0.972869 -11.1645 7 u
1.02695 -11.2319 7 u
1.08103 -11.2993 7 u
1.13511 -11.3666 7 u
1.18919 -11.434 7 u
1.24327 -11.5014 7 u
1.29735 -11.5688 7 u
1.35143 -11.6361 7 u
1.40551 -11.7035 7 u
1.45959 -11.7709 7 u
1.51367 -11.8383 7 u
1.56775 -11.9057 7 u
1.62183 -11.973 7 u
1.67591 -12.0404 7 u
1.72999 -12.1078 7 u
1.78407 -12.1752 7 u
1.83815 -12.2425 7 u
1.89223 -12.3099 7 u
1.94631 -12.3773 7 u
2.00039 -12.4447 7 u
2.05447 -12.512 7 u
2.10855 -12.5794 7 u
2.16263 -12.6468 7 u
2.21671 -12.7142 7 u
2.27079 -12.7815 7 u
2.32487 -12.8489 7 u
2.37895 -12.9163 7 u
2.43303 -12.9837 7 u
2.48711 -13.0511 7 u
2.54119 -13.1184 7 u
2.59527 -13.1858 7 u
2.64935 -13.2532 7 u
2.70343 -13.3206 7 u
2.75751 -13.3879 7 u
2.81158 -13.4553 7 u
2.86566 -13.5227 7 u
2.91974 -13.5901 7 u
2.97382 -13.6574 7 u
3.0279 -13.7248 7 u
3.08198 -13.7922 7 u
3.13606 -13.8596 7 u
3.19014 -13.927 7 u
3.24422 -13.9943 7 u
3.2983 -14.0617 7 u
3.35238 -14.1291 7 u
3.40646 -14.1965 7 u
3.46054 -14.2638 7 u
3.51462 -14.3312 7 u
3.5687 -14.3986 7 u
3.62278 -14.466 7 u
3.67686 -14.5333 7 u
3.73094 -14.6007 7 u
3.78502 -14.6681 7 u
3.8391 -14.7355 7 u
3.89318 -14.8029 7 u
3.94726 -14.8702 7 u
4.00134 -14.9376 7 u
4.05542 -15.005 7 u
4.1095 -15.0724 7 u
4.16358 -15.1397 7 u
4.21766 -15.2071 7 u
4.27174 -15.2745 7 u
4.32582 -15.3419 7 u
4.3799 -15.4092 7 u
4.43398 -15.4766 7 u
4.48806 -15.544 7 u
4.54214 -15.6114 7 u
4.59622 -15.6787 7 u
4.6503 -15.7461 7 u
4.70438 -15.8135 7 u
4.75846 -15.8809 7 u
4.81254 -15.9483 7 u
4.86662 -16.0156 7 u
4.9207 -16.083 7 u
4.97478 -16.1504 7 u
5.02886 -16.2178 7 u
5.08294 -16.2851 7 u
5.13702 -16.3525 7 u
5.1911 -16.4199 7 u
5.24518 -16.4873 7 u
5.29926 -16.5546 7 u
5.35334 -16.622 7 u
5.40742 -16.6894 7 u
5.4615 -16.7568 7 u
5.51558 -16.8242 7 u
5.56966 -16.8915 7 u
5.62374 -16.9589 7 u
5.67782 -17.0263 7 u
5.7319 -17.0937 7 u
5.78598 -17.161 7 u
5.84006 -17.2284 7 u
5.89414 -17.2958 7 u
5.94822 -17.3632 7 u
6.0023 -17.4305 7 u
6.05638 -17.4979 7 u
6.11046 -17.5653 7 u
6.16454 -17.6327 7 u
6.21862 -17.7001 7 u
6.2727 -17.7674 7 u
6.32678 -17.8348 7 u
6.38086 -17.9022 7 u
6.43494 -17.9696 7 u
6.48902 -18.0369 7 u
6.5431 -18.1043 7 u
6.59718 -18.1717 7 u
6.65126 -18.2391 7 u
6.70534 -18.3064 7 u
6.75942 -18.3738 7 u
6.8135 -18.4412 7 u
6.86758 -18.5086 7 u
6.92166 -18.5759 7 u
6.97573 -18.6433 7 u
7.02981 -18.7107 7 u
7.08389 -18.7781 7 u
7.13797 -18.8455 7 u
7.19205 -18.9128 7 u
7.24613 -18.9802 7 u
7.30021 -19.0476 7 u
7.35429 -19.115 7 u
7.40837 -19.1823 7 u
7.46245 -19.2497 7 u
7.51653 -19.3171 7 u
7.57061 -19.3845 7 u
7.62469 -19.4518 7 u
7.67877 -19.5192 7 u
7.73285 -19.5866 7 u
7.78693 -19.654 7 u
7.84101 -19.7214 7 u
7.89509 -19.7887 7 u
7.94917 -19.8561 7 u
8.00325 -19.9235 7 u

-13.8795 -14.6411 7 v
-13.7821 -14.6919 7 v
-13.6842 -14.7416 7 v
-13.5857 -14.7902 7 v
-13.4867 -14.8379 7 v
-13.3873 -14.8845 7 v
-13.2873 -14.9301 7 v
-13.1869 -14.9747 7 v
-13.086 -15.0182 7 v
-12.9847 -15.0608 7 v
-12.883 -15.1024 7 v
-12.7808 -15.1429 7 v
-12.6782 -15.1825 7 v
-12.5753 -15.221 7 v
-12.472 -15.2586 7 v
-12.3683 -15.2952 7 v
-12.2643 -15.3308 7 v
-12.16 -15.3654 7 v
-12.0553 -15.3991 7 v
-11.9504 -15.4318 7 v
-11.8451 -15.4635 7 v
-11.7396 -15.4942 7 v
-11.6339 -15.524 7 v
-11.5279 -15.5528 7 v
-11.4216 -15.5807 7 v
-11.3151 -15.6076 7 v
-11.2084 -15.6336 7 v
-11.1014 -15.6587 7 v
-10.9943 -15.6828 7 v
-10.8869 -15.706 7 v
-10.7793 -15.7283 7 v
-10.6716 -15.7497 7 v
-10.5636 -15.7702 7 v
-10.4555 -15.7898 7 v
-10.3472 -15.8085 7 v
-10.2388 -15.8263 7 v
-10.1302 -15.8433 7 v
-10.0214 -15.8594 7 v
-9.91254 -15.8746 7 v
-9.80353 -15.8889 7 v
-9.6944 -15.9024 7 v
-9.58516 -15.915 7 v
-9.47581 -15.9268 7 v
-9.36637 -15.9377 7 v
-9.25684 -15.9477 7 v
-9.14723 -15.9569 7 v
-9.03755 -15.9651 7 v
-8.92781 -15.9725 7 v
-8.81801 -15.979 7 v
-8.70817 -15.9846 7 v
-8.59829 -15.9892 7 v
-8.48839 -15.993 7 v
-8.37847 -15.9958 7 v
-8.26853 -15.9977 7 v
-8.1586 -15.9986 7 v
-8.04867 -15.9986 7 v
-7.93875 -15.9976 7 v
-7.82886 -15.9957 7 v
-7.719 -15.9927 7 v
-7.60919 -15.9889 7 v
-7.49942 -15.984 7 v
-7.38971 -15.9781 7 v
-7.28007 -15.9713 7 v
-7.17051 -15.9634 7 v
-7.06104 -15.9544 7 v
-6.95166 -15.9445 7 v
-6.8424 -15.9334 7 v
-6.73325 -15.9213 7 v
-6.62424 -15.9081 7 v
-6.51536 -15.8938 7 v
-6.40664 -15.8784 7 v
-6.29808 -15.8619 7 v
-6.18968 -15.8442 7 v
-6.08147 -15.8253 7 v
-5.97345 -15.8053 7 v
-5.86563 -15.7841 7 v
-5.75803 -15.7617 7 v
-5.65065 -15.738 7 v
-5.54349 -15.7132 7 v
-5.43659 -15.6871 7 v
-5.32993 -15.6597 7 v
-5.22355 -15.6311 7 v
-5.11747 -15.6012 7 v
-5.01174 -15.57 7 v
-4.9064 -15.5374 7 v
-4.80149 -15.5034 7 v
-4.69706 -15.4681 7 v
-4.59315 -15.4313 7 v
-4.4898 -15.393 7 v
-4.38705 -15.3533 7 v
-4.28495 -15.3121 7 v
-4.18354 -15.2693 7 v
-4.08287 -15.225 7 v
-3.98296 -15.1791 7 v
-3.88388 -15.1316 7 v
-3.78565 -15.0825 7 v
-3.68833 -15.0317 7 v
-3.59195 -14.9792 7 v
-3.49656 -14.9251 7 v
-3.4022 -14.8691 7 v
-3.30891 -14.8114 7 v
-3.21673 -14.7519 7 v
-3.12571 -14.6907 7 v
-3.03587 -14.6277 7 v
-2.94725 -14.563 7 v
-2.85988 -14.4966 7 v
-2.7738 -14.4286 7 v
-2.68905 -14.3589 7 v
-2.60565 -14.2875 7 v
-2.52365 -14.2146 7 v
-2.44308 -14.1401 7 v
-2.36396 -14.0641 7 v
-2.28635 -13.9865 7 v
-2.21027 -13.9075 7 v
-2.13575 -13.827 7 v
-2.06284 -13.745 7 v
-1.99156 -13.6616 7 v
-1.92196 -13.5768 7 v
-1.85406 -13.4907 7 v
-1.7879 -13.4032 7 v
-1.72351 -13.3143 7 v
-1.66093 -13.2242 7 v
-1.60017 -13.1328 7 v
-1.54121 -13.0403 7 v
-1.48407 -12.9465 7 v
-1.42874 -12.8516 7 v
-1.37523 -12.7557 7 v
-1.32354 -12.6587 7 v
-1.27366 -12.5607 7 v
-1.22561 -12.4618 7 v
-1.17937 -12.362 7 v
-1.13496 -12.2613 7 v
-1.09237 -12.1598 7 v
-1.05161 -12.0576 7 v
-1.01267 -11.9546 7 v
-0.975557 -11.851 7 v
-0.940273 -11.7467 7 v
-0.906818 -11.6418 7 v
-0.875193 -11.5364 7 v
-0.8454 -11.4305 7 v
-0.817439 -11.3241 7 v
-0.791313 -11.2173 7 v
-0.767025 -11.1101 7 v
-0.744581 -11.0025 7 v
-0.723984 -10.8947 7 v
-0.70524 -10.7865 7 v
-0.688353 -10.678 7 v
-0.673328 -10.5692 7 v
-0.660169 -10.4603 7 v
-0.648881 -10.3511 7 v
-0.639469 -10.2417 7 v
-0.631937 -10.1322 7 v
-0.62629 -10.0225 7 v
-0.622533 -9.9127 7 v
-0.620669 -9.80283 7 v
-0.620705 -9.6929 7 v
-0.622644 -9.58293 7 v
-0.626491 -9.47295 7 v
-0.632251 -9.36299 7 v
-0.639928 -9.25306 7 v
-0.649527 -9.14321 7 v

-13.973 -15.3006 7 v
-13.8638 -15.3494 7 v
-13.7551 -15.3968 7 v
-13.647 -15.4429 7 v
-13.5392 -15.4878 7 v
-13.4318 -15.5314 7 v
-13.3247 -15.5737 7 v
-13.2179 -15.6149 7 v
-13.1113 -15.6549 7 v
-13.0049 -15.6938 7 v
-12.8986 -15.7316 7 v
-12.7924 -15.7684 7 v
-12.6861 -15.804 7 v
-12.5798 -15.8387 7 v
-12.4734 -15.8724 7 v
-12.3669 -15.9051 7 v
-12.2602 -15.9369 7 v
-12.1532 -15.9678 7 v
-12.046 -15.9978 7 v
-11.9383 -16.027 7 v
-11.8303 -16.0554 7 v
-11.7219 -16.083 7 v
-11.613 -16.1098 7 v
-11.5036 -16.1358 7 v
-11.3939 -16.1611 7 v
-11.2838 -16.1855 7 v
-11.1733 -16.2092 7 v
-11.0624 -16.2321 7 v
-10.9513 -16.2542 7 v
-10.8397 -16.2755 7 v
-10.7279 -16.296 7 v
-10.6158 -16.3157 7 v
-10.5034 -16.3346 7 v
-10.3908 -16.3528 7 v
-10.2779 -16.3701 7 v
-10.1648 -16.3866 7 v
-10.0515 -16.4023 7 v
-9.93794 -16.4172 7 v
-9.82424 -16.4314 7 v
-9.71039 -16.4447 7 v
-9.59638 -16.4572 7 v
-9.48225 -16.4688 7 v
-9.36799 -16.4797 7 v
-9.25363 -16.4898 7 v
-9.13915 -16.499 7 v
-9.02458 -16.5074 7 v
-8.90992 -16.515 7 v
-8.79518 -16.5218 7 v
-8.68037 -16.5277 7 v
-8.56549 -16.5328 7 v
-8.45055 -16.537 7 v
-8.33556 -16.5404 7 v
-8.22053 -16.543 7 v
-8.10546 -16.5447 7 v
-7.99037 -16.5455 7 v
-7.87526 -16.5455 7 v
-7.76014 -16.5446 7 v
-7.64502 -16.5429 7 v
-7.5299 -16.5402 7 v
-7.41479 -16.5367 7 v
-7.29971 -16.5324 7 v
-7.18466 -16.5271 7 v
-7.06965 -16.5209 7 v
-6.9547 -16.5139 7 v
-6.83982 -16.5058 7 v
-6.72502 -16.4969 7 v
-6.61033 -16.487 7 v
-6.49575 -16.476 7 v
-6.3813 -16.4641 7 v
-6.26699 -16.4512 7 v
-6.15284 -16.4372 7 v
-6.03887 -16.4222 7 v
-5.92508 -16.4061 7 v
-5.81149 -16.3889 7 v
-5.69811 -16.3706 7 v
-5.58497 -16.3512 7 v
-5.47206 -16.3306 7 v
-5.35942 -16.3089 7 v
-5.24705 -16.286 7 v
-5.13496 -16.2619 7 v
-5.02318 -16.2366 7 v
-4.91171 -16.2101 7 v
-4.80059 -16.1823 7 v
-4.68986 -16.1533 7 v
-4.57955 -16.123 7 v
-4.46969 -16.0914 7 v
-4.36032 -16.0585 7 v
-4.25148 -16.0243 7 v
-4.14321 -15.9888 7 v
-4.03552 -15.9519 7 v
-3.92847 -15.9136 7 v
-3.82209 -15.8739 7 v
-3.71641 -15.8329 7 v
-3.61146 -15.7904 7 v
-3.50729 -15.7464 7 v
-3.40392 -15.7011 7 v
-3.3014 -15.6542 7 v
-3.19975 -15.6059 7 v
-3.09902 -15.5561 7 v
-2.99924 -15.5047 7 v
-2.90043 -15.4518 7 v
-2.80265 -15.3974 7 v
-2.70592 -15.3415 7 v
-2.61027 -15.284 7 v
-2.51575 -15.2251 7 v
-2.42237 -15.1647 7 v
-2.33019 -15.1029 7 v
-2.23922 -15.0397 7 v
-2.14951 -14.9751 7 v
-2.06109 -14.9092 7 v
-1.97399 -14.8419 7 v
-1.88824 -14.7733 7 v
-1.80389 -14.7035 7 v
-1.72095 -14.6323 7 v
-1.63948 -14.5599 7 v
-1.55949 -14.4864 7 v
-1.48103 -14.4116 7 v
-1.40412 -14.3357 7 v
-1.32881 -14.2586 7 v
-1.25512 -14.1804 7 v
-1.18309 -14.1011 7 v
-1.11275 -14.0207 7 v
-1.0441 -13.9394 7 v
-0.977139 -13.8572 7 v
-0.911873 -13.7741 7 v
-0.8483 -13.6902 7 v
-0.786419 -13.6057 7 v
-0.726231 -13.5206 7 v
-0.667735 -13.435 7 v
-0.610931 -13.349 7 v
-0.555819 -13.2626 7 v
-0.5024 -13.176 7 v
-0.450673 -13.0891 7 v
-0.400638 -13.0021 7 v
-0.352295 -12.9151 7 v
-0.305645 -12.8282 7 v
-0.260686 -12.7413 7 v
-0.21742 -12.6547 7 v
-0.175845 -12.5684 7 v
-0.135963 -12.4824 7 v
-0.0977726 -12.3969 7 v
-0.0612591 -12.3118 7 v
-0.0263465 -12.227 7 v
0.00705614 -12.1423 7 v
0.0390398 -12.0575 7 v
0.0696956 -11.9722 7 v
0.0991145 -11.8864 7 v
0.127387 -11.7996 7 v
0.154606 -11.7118 7 v
0.18086 -11.6227 7 v
0.206241 -11.5321 7 v
0.230841 -11.4397 7 v
0.254749 -11.3453 7 v
0.278058 -11.2486 7 v
0.300858 -11.1496 7 v
0.323241 -11.0478 7 v
0.345296 -10.9431 7 v
0.367116 -10.8353 7 v
0.388791 -10.7241 7 v
0.410412 -10.6093 7 v
0.432071 -10.4907 7 v

-14.0664 -15.9601 7 v
-13.9506 -15.9981 7 v
-13.8355 -16.0353 7 v
-13.7212 -16.0716 7 v
-13.6075 -16.1072 7 v
-13.4944 -16.1419 7 v
-13.3819 -16.1759 7 v
-13.2699 -16.2091 7 v
-13.1582 -16.2415 7 v
-13.0469 -16.2732 7 v
-12.9358 -16.3041 7 v
-12.825 -16.3343 7 v
-12.7143 -16.3638 7 v
-12.6037 -16.3925 7 v
-12.4931 -16.4206 7 v
-12.3824 -16.448 7 v
-12.2716 -16.4747 7 v
-12.1606 -16.5007 7 v
-12.0494 -16.5261 7 v
-11.9378 -16.5509 7 v
-11.8259 -16.575 7 v
-11.7135 -16.5985 7 v
-11.6007 -16.6214 7 v
-11.4875 -16.6437 7 v
-11.3739 -16.6653 7 v
-11.2598 -16.6863 7 v
-11.1455 -16.7066 7 v
-11.0307 -16.7264 7 v
-10.9156 -16.7454 7 v
-10.8003 -16.7638 7 v
-10.6846 -16.7816 7 v
-10.5686 -16.7987 7 v
-10.4523 -16.8151 7 v
-10.3358 -16.8309 7 v
-10.2191 -16.846 7 v
-10.1021 -16.8604 7 v
-9.98491 -16.8741 7 v
-9.86754 -16.8871 7 v
-9.75001 -16.8995 7 v
-9.63231 -16.9111 7 v
-9.51448 -16.922 7 v
-9.39653 -16.9322 7 v
-9.27845 -16.9418 7 v
-9.16027 -16.9506 7 v
-9.04199 -16.9586 7 v
-8.92362 -16.966 7 v
-8.80515 -16.9727 7 v
-8.68661 -16.9786 7 v
-8.568 -16.9838 7 v
-8.44932 -16.9882 7 v
-8.33058 -16.9919 7 v
-8.21179 -16.9949 7 v
-8.09296 -16.9971 7 v
-7.9741 -16.9986 7 v
-7.8552 -16.9994 7 v
-7.73629 -16.9994 7 v
-7.61736 -16.9986 7 v
-7.49842 -16.9971 7 v
-7.37948 -16.9948 7 v
-7.26056 -16.9918 7 v
-7.14164 -16.988 7 v
-7.02275 -16.9834 7 v
-6.9039 -16.978 7 v
-6.78509 -16.9719 7 v
-6.66634 -16.9649 7 v
-6.54765 -16.9571 7 v
-6.42906 -16.9484 7 v
-6.31055 -16.9389 7 v
-6.19216 -16.9285 7 v
-6.07388 -16.9173 7 v
-5.95574 -16.9051 7 v
-5.83773 -16.892 7 v
-5.71988 -16.8779 7 v
-5.6022 -16.8629 7 v
-5.4847 -16.8469 7 v
-5.36739 -16.83 7 v
-5.25029 -16.812 7 v
-5.1334 -16.7931 7 v
-5.01674 -16.7731 7 v
-4.90031 -16.752 7 v
-4.78414 -16.7299 7 v
-4.66824 -16.7067 7 v
-4.55263 -16.6825 7 v
-4.43735 -16.6571 7 v
-4.32242 -16.6306 7 v
-4.20788 -16.603 7 v
-4.09376 -16.5743 7 v
-3.98008 -16.5444 7 v
-3.86689 -16.5133 7 v
-3.75421 -16.481 7 v
-3.64206 -16.4476 7 v
-3.53049 -16.4129 7 v
-3.41953 -16.377 7 v
-3.30919 -16.3399 7 v
-3.19952 -16.3015 7 v
-3.09055 -16.2618 7 v
-2.9823 -16.2209 7 v
-2.8748 -16.1787 7 v
-2.7681 -16.1352 7 v
-2.66221 -16.0904 7 v
-2.55717 -16.0442 7 v
-2.45302 -15.9967 7 v
-2.34977 -15.9479 7 v
-2.24746 -15.8977 7 v
-2.14613 -15.8463 7 v
-2.0458 -15.7937 7 v
-1.94651 -15.7398 7 v
-1.84828 -15.6848 7 v
-1.75116 -15.6285 7 v
-1.65516 -15.5711 7 v
-1.56032 -15.5126 7 v
-1.46667 -15.453 7 v
-1.37425 -15.3923 7 v
-1.28308 -15.3306 7 v
-1.19319 -15.2678 7 v
-1.10462 -15.204 7 v
-1.0174 -15.1393 7 v
-0.931551 -15.0736 7 v
-0.847115 -15.0069 7 v
-0.764119 -14.9394 7 v
-0.682596 -14.8709 7 v
-0.60257 -14.8017 7 v
-0.524054 -14.7316 7 v
-0.447052 -14.6608 7 v
-0.37157 -14.5894 7 v
-0.297614 -14.5174 7 v
-0.22519 -14.445 7 v
-0.154304 -14.3721 7 v
-0.0849608 -14.2988 7 v
-0.0171673 -14.2253 7 v
0.0490712 -14.1516 7 v
0.113749 -14.0777 7 v
0.17686 -14.0038 7 v
0.238398 -13.93 7 v
0.298358 -13.8562 7 v
0.356734 -13.7825 7 v
0.41352 -13.7091 7 v
0.46871 -13.636 7 v
0.522298 -13.5633 7 v
0.574279 -13.491 7 v
0.624647 -13.4193 7 v
0.673425 -13.3481 7 v
0.72075 -13.2773 7 v
0.766788 -13.2067 7 v
0.811706 -13.1361 7 v
0.85567 -13.0653 7 v
0.898846 -12.9941 7 v
0.941401 -12.9222 7 v
0.983499 -12.8495 7 v
1.02531 -12.7758 7 v
1.067 -12.7008 7 v
1.10873 -12.6244 7 v
1.15067 -12.5463 7 v
1.19298 -12.4664 7 v
1.23584 -12.3845 7 v
1.2794 -12.3003 7 v
1.32384 -12.2136 7 v
1.36932 -12.1243 7 v
1.41601 -12.0321 7 v
1.46407 -11.9368 7 v
1.51367 -11.8383 7 v

-14.1599 -16.6195 7 v
-14.0383 -16.6513 7 v
-13.9176 -16.6823 7 v
-13.7977 -16.7126 7 v
-13.6786 -16.7422 7 v
-13.5603 -16.7711 7 v
-13.4425 -16.7993 7 v
-13.3254 -16.8268 7 v
-13.2088 -16.8537 7 v
-13.0925 -16.8799 7 v
-12.9767 -16.9054 7 v
-12.8611 -16.9304 7 v
-12.7457 -16.9547 7 v
-12.6305 -16.9785 7 v
-12.5153 -17.0016 7 v
-12.4002 -17.0242 7 v
-12.2849 -17.0463 7 v
-12.1695 -17.0677 7 v
-12.0539 -17.0887 7 v
-11.938 -17.1091 7 v
-11.8218 -17.1291 7 v
-11.7051 -17.1485 7 v
-11.588 -17.1674 7 v
-11.4704 -17.1859 7 v
-11.3525 -17.2038 7 v
-11.2343 -17.2212 7 v
-11.1156 -17.2381 7 v
-10.9967 -17.2545 7 v
-10.8774 -17.2704 7 v
-10.7578 -17.2857 7 v
-10.6379 -17.3005 7 v
-10.5177 -17.3147 7 v
-10.3973 -17.3284 7 v
-10.2766 -17.3415 7 v
-10.1558 -17.3541 7 v
-10.0347 -17.3662 7 v
-9.9134 -17.3776 7 v
-9.79194 -17.3885 7 v
-9.67033 -17.3988 7 v
-9.54857 -17.4085 7 v
-9.42669 -17.4177 7 v
-9.3047 -17.4262 7 v
-9.1826 -17.4342 7 v
-9.06041 -17.4415 7 v
-8.93813 -17.4483 7 v
-8.81576 -17.4545 7 v
-8.69332 -17.46 7 v
-8.57081 -17.465 7 v
-8.44823 -17.4693 7 v
-8.32559 -17.473 7 v
-8.2029 -17.4762 7 v
-8.08016 -17.4787 7 v
-7.95738 -17.4805 7 v
-7.83457 -17.4818 7 v
-7.71174 -17.4824 7 v
-7.58888 -17.4824 7 v
-7.46601 -17.4818 7 v
-7.34312 -17.4805 7 v
-7.22024 -17.4786 7 v
-7.09736 -17.4761 7 v
-6.97449 -17.4729 7 v
-6.85164 -17.4691 7 v
-6.72882 -17.4646 7 v
-6.60603 -17.4595 7 v
-6.48329 -17.4537 7 v
-6.3606 -17.4472 7 v
-6.23797 -17.4399 7 v
-6.11542 -17.432 7 v
-5.99295 -17.4233 7 v
-5.87057 -17.4139 7 v
-5.74829 -17.4037 7 v
-5.62612 -17.3928 7 v
-5.50407 -17.381 7 v
-5.38215 -17.3685 7 v
-5.26037 -17.3552 7 v
-5.13873 -17.341 7 v
-5.01725 -17.326 7 v
-4.89594 -17.3102 7 v
-4.7748 -17.2935 7 v
-4.65385 -17.2759 7 v
-4.53309 -17.2575 7 v
-4.41254 -17.2381 7 v
-4.29221 -17.2178 7 v
-4.17214 -17.1967 7 v
-4.05235 -17.1746 7 v
-3.93287 -17.1515 7 v
-3.81371 -17.1275 7 v
-3.69491 -17.1025 7 v
-3.5765 -17.0766 7 v
-3.45849 -17.0497 7 v
-3.34091 -17.0218 7 v
-3.2238 -16.9929 7 v
-3.10717 -16.9629 7 v
-2.99104 -16.932 7 v
-2.87546 -16.9 7 v
-2.76043 -16.8669 7 v
-2.64599 -16.8328 7 v
-2.53216 -16.7977 7 v
-2.41897 -16.7614 7 v
-2.30645 -16.7241 7 v
-2.19461 -16.6857 7 v
-2.08349 -16.6461 7 v
-1.97311 -16.6055 7 v
-1.8635 -16.5638 7 v
-1.75469 -16.5211 7 v
-1.64671 -16.4773 7 v
-1.5396 -16.4325 7 v
-1.43337 -16.3868 7 v
-1.32805 -16.34 7 v
-1.22369 -16.2924 7 v
-1.12029 -16.2438 7 v
-1.0179 -16.1943 7 v
-0.916548 -16.144 7 v
-0.816253 -16.0927 7 v
-0.717049 -16.0407 7 v
-0.618965 -15.9878 7 v
-0.522029 -15.9342 7 v
-0.42627 -15.8797 7 v
-0.331718 -15.8245 7 v
-0.238401 -15.7686 7 v
-0.146348 -15.712 7 v
-0.0555861 -15.6547 7 v
0.0338664 -15.5967 7 v
0.121994 -15.5382 7 v
0.208779 -15.4792 7 v
0.294208 -15.4198 7 v
0.378262 -15.3599 7 v
0.460927 -15.2998 7 v
0.542187 -15.2393 7 v
0.622024 -15.1787 7 v
0.700424 -15.1179 7 v
0.77737 -15.057 7 v
0.852846 -14.9961 7 v
0.926836 -14.9352 7 v
0.999323 -14.8745 7 v
1.07029 -14.8138 7 v
1.13973 -14.7534 7 v
1.20761 -14.6933 7 v
1.27393 -14.6335 7 v
1.33867 -14.5741 7 v
1.4018 -14.5152 7 v
1.46336 -14.4567 7 v
1.52351 -14.3986 7 v
1.58245 -14.3405 7 v
1.64037 -14.2825 7 v
1.6975 -14.2241 7 v
1.75402 -14.1653 7 v
1.81014 -14.1059 7 v
1.86606 -14.0456 7 v
1.92198 -13.9843 7 v
1.97811 -13.9217 7 v
2.03465 -13.8577 7 v
2.0918 -13.7921 7 v
2.14977 -13.7247 7 v
2.20874 -13.6553 7 v
2.26894 -13.5837 7 v
2.33056 -13.5097 7 v
2.39379 -13.4331 7 v
2.45886 -13.3537 7 v
2.52595 -13.2713 7 v
2.59527 -13.1858 7 v

-14.2534 -17.279 7 v
-14.1264 -17.3049 7 v
-14.0004 -17.3302 7 v
-13.8753 -17.3548 7 v
-13.751 -17.3788 7 v
-13.6276 -17.4022 7 v
-13.5048 -17.425 7 v
-13.3826 -17.4472 7 v
-13.2611 -17.4689 7 v
-13.1399 -17.49 7 v
-13.0192 -17.5106 7 v
-12.8988 -17.5306 7 v
-12.7787 -17.5501 7 v
-12.6588 -17.5691 7 v
-12.5389 -17.5877 7 v
-12.4191 -17.6057 7 v
-12.2993 -17.6233 7 v
-12.1793 -17.6405 7 v
-12.0591 -17.6572 7 v
-11.9387 -17.6735 7 v
-11.8179 -17.6894 7 v
-11.6968 -17.7048 7 v
-11.5752 -17.7199 7 v
-11.4533 -17.7346 7 v
-11.3309 -17.7489 7 v
-11.2083 -17.7628 7 v
-11.0853 -17.7762 7 v
-10.962 -17.7893 7 v
-10.8384 -17.8019 7 v
-10.7145 -17.8141 7 v
-10.5903 -17.8259 7 v
-10.4659 -17.8372 7 v
-10.3412 -17.8481 7 v
-10.2163 -17.8586 7 v
-10.0913 -17.8686 7 v
-9.96599 -17.8782 7 v
-9.84055 -17.8873 7 v
-9.71495 -17.896 7 v
-9.58921 -17.9042 7 v
-9.46336 -17.9119 7 v
-9.33739 -17.9192 7 v
-9.21133 -17.926 7 v
-9.08518 -17.9324 7 v
-8.95896 -17.9382 7 v
-8.83266 -17.9436 7 v
-8.70629 -17.9485 7 v
-8.57985 -17.953 7 v
-8.45336 -17.9569 7 v
-8.32681 -17.9604 7 v
-8.20021 -17.9634 7 v
-8.07356 -17.9659 7 v
-7.94688 -17.9678 7 v
-7.82016 -17.9693 7 v
-7.69342 -17.9704 7 v
-7.56665 -17.9709 7 v
-7.43986 -17.9709 7 v
-7.31306 -17.9704 7 v
-7.18626 -17.9694 7 v
-7.05945 -17.9679 7 v
-6.93264 -17.9658 7 v
-6.80584 -17.9633 7 v
-6.67905 -17.9603 7 v
-6.55229 -17.9567 7 v
-6.42555 -17.9526 7 v
-6.29884 -17.948 7 v
-6.17217 -17.9428 7 v
-6.04555 -17.937 7 v
-5.91897 -17.9307 7 v
-5.79246 -17.9238 7 v
-5.66601 -17.9162 7 v
-5.53963 -17.9081 7 v
-5.41333 -17.8994 7 v
-5.28712 -17.8901 7 v
-5.16099 -17.8801 7 v
-5.03497 -17.8695 7 v
-4.90904 -17.8582 7 v
-4.78323 -17.8463 7 v
-4.65753 -17.8337 7 v
-4.53195 -17.8204 7 v
-4.40651 -17.8064 7 v
-4.2812 -17.7917 7 v
-4.15604 -17.7763 7 v
-4.03103 -17.7602 7 v
-3.90621 -17.7434 7 v
-3.78159 -17.7258 7 v
-3.6572 -17.7075 7 v
-3.53304 -17.6885 7 v
-3.40915 -17.6686 7 v
-3.28553 -17.648 7 v
-3.16222 -17.6267 7 v
-3.03923 -17.6045 7 v
-2.91657 -17.5816 7 v
-2.79428 -17.5579 7 v
-2.67237 -17.5333 7 v
-2.55086 -17.508 7 v
-2.42976 -17.4818 7 v
-2.30911 -17.4548 7 v
-2.18891 -17.4269 7 v
-2.0692 -17.3982 7 v
-1.94998 -17.3687 7 v
-1.83128 -17.3383 7 v
-1.71312 -17.307 7 v
-1.59552 -17.2749 7 v
-1.47852 -17.2419 7 v
-1.36213 -17.2081 7 v
-1.24639 -17.1735 7 v
-1.13132 -17.1381 7 v
-1.01695 -17.102 7 v
-0.903311 -17.0651 7 v
-0.790421 -17.0274 7 v
-0.678311 -16.989 7 v
-0.567007 -16.95 7 v
-0.456536 -16.9102 7 v
-0.346926 -16.8697 7 v
-0.238203 -16.8286 7 v
-0.130393 -16.7869 7 v
-0.0235242 -16.7445 7 v
0.0823771 -16.7015 7 v
0.187284 -16.6579 7 v
0.29117 -16.6138 7 v
0.394007 -16.5691 7 v
0.49577 -16.5238 7 v
0.59643 -16.4781 7 v
0.695959 -16.4318 7 v
0.79433 -16.3852 7 v
0.891515 -16.3383 7 v
0.987486 -16.291 7 v
1.08222 -16.2434 7 v
1.17567 -16.1956 7 v
1.26784 -16.1476 7 v
1.35867 -16.0995 7 v
1.44816 -16.0514 7 v
1.53626 -16.0031 7 v
1.62295 -15.9549 7 v
1.70821 -15.9067 7 v
1.792 -15.8586 7 v
1.87431 -15.8107 7 v
1.95509 -15.7629 7 v
2.03432 -15.7154 7 v
2.11198 -15.6681 7 v
2.18803 -15.6212 7 v
2.2625 -15.5745 7 v
2.33557 -15.5281 7 v
2.40747 -15.4817 7 v
2.47844 -15.4352 7 v
2.54871 -15.3884 7 v
2.61851 -15.3411 7 v
2.68807 -15.2931 7 v
2.75763 -15.2443 7 v
2.82742 -15.1945 7 v
2.89768 -15.1436 7 v
2.96863 -15.0913 7 v
3.04051 -15.0376 7 v
3.11355 -14.9822 7 v
3.18798 -14.9249 7 v
3.26404 -14.8656 7 v
3.34195 -14.8042 7 v
3.42196 -14.7404 7 v
3.5043 -14.6741 7 v
3.58918 -14.6052 7 v
3.67686 -14.5333 7 v

-14.3469 -17.9384 7 v
-14.2146 -17.9582 7 v
-14.0834 -17.9775 7 v
-13.9531 -17.9963 7 v
-13.8238 -18.0145 7 v
-13.6952 -18.0323 7 v
-13.5674 -18.0495 7 v
-13.4403 -18.0663 7 v
-13.3138 -18.0826 7 v
-13.1878 -18.0985 7 v
-13.0622 -18.1139 7 v
-12.937 -18.129 7 v
-12.8121 -18.1436 7 v
-12.6874 -18.1578 7 v
-12.5629 -18.1716 7 v
-12.4384 -18.185 7 v
-12.3139 -18.1981 7 v
-12.1893 -18.2109 7 v
-12.0646 -18.2233 7 v
-11.9396 -18.2354 7 v
-11.8143 -18.2472 7 v
-11.6886 -18.2587 7 v
-11.5626 -18.2699 7 v
-11.4362 -18.2808 7 v
-11.3094 -18.2915 7 v
-11.1824 -18.3018 7 v
-11.055 -18.3118 7 v
-10.9273 -18.3215 7 v
-10.7993 -18.3309 7 v
-10.6711 -18.3399 7 v
-10.5426 -18.3487 7 v
-10.414 -18.3571 7 v
-10.285 -18.3653 7 v
-10.1559 -18.3731 7 v
-10.0267 -18.3805 7 v
-9.8972 -18.3876 7 v
-9.7676 -18.3944 7 v
-9.63787 -18.4009 7 v
-9.50802 -18.407 7 v
-9.37806 -18.4128 7 v
-9.24803 -18.4182 7 v
-9.11792 -18.4233 7 v
-8.98776 -18.4281 7 v
-8.85753 -18.4325 7 v
-8.72724 -18.4365 7 v
-8.5969 -18.4402 7 v
-8.46651 -18.4435 7 v
-8.33608 -18.4464 7 v
-8.20561 -18.449 7 v
-8.0751 -18.4513 7 v
-7.94455 -18.4531 7 v
-7.81398 -18.4546 7 v
-7.68338 -18.4558 7 v
-7.55276 -18.4566 7 v
-7.42213 -18.4569 7 v
-7.29147 -18.457 7 v
-7.16081 -18.4566 7 v
-7.03015 -18.4559 7 v
-6.89948 -18.4548 7 v
-6.76881 -18.4533 7 v
-6.63815 -18.4514 7 v
-6.5075 -18.4491 7 v
-6.37687 -18.4465 7 v
-6.24625 -18.4434 7 v
-6.11565 -18.44 7 v
-5.98507 -18.4361 7 v
-5.85453 -18.4318 7 v
-5.72402 -18.4271 7 v
-5.59354 -18.4219 7 v
-5.4631 -18.4163 7 v
-5.33271 -18.4103 7 v
-5.20236 -18.4038 7 v
-5.07207 -18.3968 7 v
-4.94183 -18.3894 7 v
-4.81165 -18.3815 7 v
-4.68153 -18.3731 7 v
-4.55148 -18.3643 7 v
-4.4215 -18.3549 7 v
-4.29159 -18.345 7 v
-4.16176 -18.3346 7 v
-4.03201 -18.3237 7 v
-3.90234 -18.3123 7 v
-3.77278 -18.3003 7 v
-3.64333 -18.2878 7 v
-3.514 -18.2748 7 v
-3.38482 -18.2612 7 v
-3.25579 -18.2471 7 v
-3.12692 -18.2324 7 v
-2.99824 -18.2172 7 v
-2.86976 -18.2014 7 v
-2.74148 -18.185 7 v
-2.61343 -18.168 7 v
-2.48561 -18.1505 7 v
-2.35805 -18.1323 7 v
-2.23075 -18.1136 7 v
-2.10373 -18.0943 7 v
-1.977 -18.0743 7 v
-1.85058 -18.0538 7 v
-1.72448 -18.0327 7 v
-1.59871 -18.0109 7 v
-1.47329 -17.9885 7 v
-1.34823 -17.9655 7 v
-1.22356 -17.9418 7 v
-1.0993 -17.9176 7 v
-0.975463 -17.8927 7 v
-0.852087 -17.8673 7 v
-0.729189 -17.8413 7 v
-0.606794 -17.8147 7 v
-0.484924 -17.7876 7 v
-0.363603 -17.76 7 v
-0.242855 -17.7318 7 v
-0.122703 -17.7031 7 v
-0.00316965 -17.6739 7 v
0.115721 -17.6442 7 v
0.233945 -17.614 7 v
0.351479 -17.5833 7 v
0.4683 -17.5522 7 v
0.584385 -17.5207 7 v
0.69971 -17.4887 7 v
0.814251 -17.4562 7 v
0.927986 -17.4234 7 v
1.04089 -17.3902 7 v
1.15292 -17.3566 7 v
1.26403 -17.3226 7 v
1.3742 -17.2884 7 v
1.48336 -17.2538 7 v
1.59149 -17.219 7 v
1.69854 -17.184 7 v
1.80447 -17.1489 7 v
1.90923 -17.1135 7 v
2.0128 -17.0781 7 v
2.11511 -17.0425 7 v
2.21614 -17.0069 7 v
2.31585 -16.9713 7 v
2.41418 -16.9357 7 v
2.5111 -16.9001 7 v
2.60657 -16.8646 7 v
2.70055 -16.8291 7 v
2.79299 -16.7938 7 v
2.88385 -16.7587 7 v
2.97309 -16.7238 7 v
3.06073 -16.689 7 v
3.14696 -16.6544 7 v
3.23206 -16.6197 7 v
3.31629 -16.5847 7 v
3.3999 -16.5495 7 v
3.48316 -16.5137 7 v
3.56633 -16.4773 7 v
3.64968 -16.4401 7 v
3.73345 -16.402 7 v
3.81792 -16.3628 7 v
3.90335 -16.3224 7 v
3.99 -16.2807 7 v
4.07813 -16.2375 7 v
4.168 -16.1926 7 v
4.25987 -16.1459 7 v
4.35401 -16.0973 7 v
4.45068 -16.0467 7 v
4.55013 -15.9938 7 v
4.65264 -15.9386 7 v
4.75846 -15.8809 7 v

-14.4404 -18.5979 7 v
-14.3032 -18.6101 7 v
-14.167 -18.622 7 v
-14.0318 -18.6335 7 v
-13.8975 -18.6448 7 v
-13.764 -18.6557 7 v
-13.6313 -18.6664 7 v
-13.4993 -18.6768 7 v
-13.3678 -18.6869 7 v
-13.2369 -18.6967 7 v
-13.1065 -18.7063 7 v
-12.9764 -18.7156 7 v
-12.8466 -18.7247 7 v
-12.7171 -18.7336 7 v
-12.5878 -18.7422 7 v
-12.4585 -18.7506 7 v
-12.3293 -18.7589 7 v
-12.2 -18.7669 7 v
-12.0705 -18.7748 7 v
-11.9409 -18.7825 7 v
-11.811 -18.79 7 v
-11.6808 -18.7974 7 v
-11.5502 -18.8046 7 v
-11.4194 -18.8116 7 v
-11.2882 -18.8185 7 v
-11.1567 -18.8252 7 v
-11.025 -18.8318 7 v
-10.893 -18.8381 7 v
-10.7608 -18.8443 7 v
-10.6283 -18.8503 7 v
-10.4956 -18.8561 7 v
-10.3628 -18.8618 7 v
-10.2297 -18.8672 7 v
-10.0965 -18.8724 7 v
-9.96313 -18.8774 7 v
-9.82963 -18.8822 7 v
-9.69601 -18.8868 7 v
-9.56229 -18.8912 7 v
-9.42847 -18.8953 7 v
-9.29458 -18.8992 7 v
-9.16063 -18.9029 7 v
-9.02663 -18.9064 7 v
-8.89259 -18.9096 7 v
-8.75851 -18.9126 7 v
-8.62439 -18.9153 7 v
-8.49024 -18.9179 7 v
-8.35606 -18.9201 7 v
-8.22184 -18.9222 7 v
-8.0876 -18.9239 7 v
-7.95334 -18.9255 7 v
-7.81905 -18.9268 7 v
-7.68475 -18.9278 7 v
-7.55043 -18.9286 7 v
-7.41609 -18.9292 7 v
-7.28174 -18.9295 7 v
-7.14739 -18.9295 7 v
-7.01303 -18.9293 7 v
-6.87866 -18.9289 7 v
-6.7443 -18.9282 7 v
-6.60993 -18.9272 7 v
-6.47557 -18.926 7 v
-6.34122 -18.9245 7 v
-6.20687 -18.9227 7 v
-6.07253 -18.9207 7 v
-5.93821 -18.9184 7 v
-5.8039 -18.9158 7 v
-5.6696 -18.913 7 v
-5.53532 -18.9099 7 v
-5.40106 -18.9064 7 v
-5.26682 -18.9027 7 v
-5.13259 -18.8987 7 v
-4.99839 -18.8944 7 v
-4.86422 -18.8897 7 v
-4.73007 -18.8848 7 v
-4.59595 -18.8795 7 v
-4.46185 -18.8739 7 v
-4.32779 -18.868 7 v
-4.19376 -18.8618 7 v
-4.05976 -18.8552 7 v
-3.9258 -18.8483 7 v
-3.79187 -18.841 7 v
-3.65798 -18.8334 7 v
-3.52414 -18.8255 7 v
-3.39036 -18.8171 7 v
-3.25663 -18.8085 7 v
-3.12298 -18.7994 7 v
-2.9894 -18.7901 7 v
-2.85591 -18.7803 7 v
-2.72251 -18.7702 7 v
-2.58921 -18.7597 7 v
-2.45602 -18.7488 7 v
-2.32295 -18.7376 7 v
-2.19001 -18.726 7 v
-2.05719 -18.714 7 v
-1.92452 -18.7017 7 v
-1.79199 -18.6889 7 v
-1.65962 -18.6758 7 v
-1.52742 -18.6623 7 v
-1.39538 -18.6484 7 v
-1.26353 -18.6341 7 v
-1.13186 -18.6194 7 v
-1.00039 -18.6043 7 v
-0.869138 -18.5888 7 v
-0.738113 -18.5729 7 v
-0.607337 -18.5567 7 v
-0.476828 -18.5401 7 v
-0.346604 -18.5231 7 v
-0.216681 -18.5058 7 v
-0.0870794 -18.4881 7 v
0.0421845 -18.4701 7 v
0.171092 -18.4517 7 v
0.299627 -18.4331 7 v
0.427769 -18.4141 7 v
0.555502 -18.3948 7 v
0.682808 -18.3753 7 v
0.809669 -18.3554 7 v
0.936067 -18.3352 7 v
1.06198 -18.3148 7 v
1.1874 -18.2941 7 v
1.31231 -18.2731 7 v
1.43667 -18.2519 7 v
1.56048 -18.2305 7 v
1.68369 -18.2088 7 v
1.80624 -18.1869 7 v
1.92809 -18.1648 7 v
2.04918 -18.1425 7 v
2.16946 -18.1201 7 v
2.28888 -18.0976 7 v
2.40739 -18.0749 7 v
2.52494 -18.0521 7 v
2.64147 -18.0293 7 v
2.75694 -18.0064 7 v
2.8713 -17.9834 7 v
2.98449 -17.9604 7 v
3.09645 -17.9375 7 v
3.20715 -17.9145 7 v
3.31653 -17.8916 7 v
3.42454 -17.8687 7 v
3.53112 -17.8459 7 v
3.63623 -17.8231 7 v
3.73981 -17.8005 7 v
3.84187 -17.778 7 v
3.94262 -17.7555 7 v
4.04233 -17.7329 7 v
4.14128 -17.7101 7 v
4.23972 -17.687 7 v
4.33794 -17.6634 7 v
4.4362 -17.6394 7 v
4.53477 -17.6147 7 v
4.63392 -17.5892 7 v
4.73392 -17.5629 7 v
4.83505 -17.5356 7 v
4.93756 -17.5072 7 v
5.04173 -17.4777 7 v
5.14783 -17.4468 7 v
5.25613 -17.4146 7 v
5.3669 -17.3808 7 v
5.48041 -17.3454 7 v
5.59692 -17.3083 7 v
5.71672 -17.2693 7 v
5.84006 -17.2284 7 v

-14.5339 -19.2573 7 v
-14.3915 -19.2549 7 v
-14.2502 -19.2531 7 v
-14.1099 -19.2518 7 v
-13.9704 -19.251 7 v
-13.8319 -19.2506 7 v
-13.6941 -19.2507 7 v
-13.557 -19.2512 7 v
-13.4205 -19.252 7 v
-13.2847 -19.2533 7 v
-13.1493 -19.2548 7 v
-13.0143 -19.2566 7 v
-12.8797 -19.2588 7 v
-12.7454 -19.2611 7 v
-12.6113 -19.2637 7 v
-12.4774 -19.2665 7 v
-12.3435 -19.2694 7 v
-12.2096 -19.2724 7 v
-12.0757 -19.2756 7 v
-11.9416 -19.2788 7 v
-11.8073 -19.2821 7 v
-11.6728 -19.2854 7 v
-11.538 -19.2888 7 v
-11.403 -19.2921 7 v
-11.2677 -19.2954 7 v
-11.1322 -19.2988 7 v
-10.9965 -19.3021 7 v
-10.8605 -19.3053 7 v
-10.7244 -19.3086 7 v
-10.5881 -19.3118 7 v
-10.4517 -19.3149 7 v
-10.3151 -19.318 7 v
-10.1783 -19.3211 7 v
-10.0415 -19.324 7 v
-9.9045 -19.3269 7 v
-9.76741 -19.3297 7 v
-9.63024 -19.3323 7 v
-9.49299 -19.3349 7 v
-9.35567 -19.3374 7 v
-9.21831 -19.3397 7 v
-9.0809 -19.3419 7 v
-8.94346 -19.344 7 v
-8.806 -19.3459 7 v
-8.66851 -19.3477 7 v
-8.531 -19.3493 7 v
-8.39347 -19.3508 7 v
-8.25592 -19.3522 7 v
-8.11835 -19.3534 7 v
-7.98077 -19.3545 7 v
-7.84317 -19.3554 7 v
-7.70556 -19.3562 7 v
-7.56793 -19.3568 7 v
-7.4303 -19.3574 7 v
-7.29266 -19.3577 7 v
-7.15501 -19.3579 7 v
-7.01735 -19.358 7 v
-6.8797 -19.358 7 v
-6.74204 -19.3578 7 v
-6.60438 -19.3574 7 v
-6.46672 -19.3569 7 v
-6.32907 -19.3563 7 v
-6.19142 -19.3555 7 v
-6.05378 -19.3546 7 v
-5.91614 -19.3535 7 v
-5.7785 -19.3523 7 v
-5.64087 -19.3509 7 v
-5.50325 -19.3493 7 v
-5.36563 -19.3476 7 v
-5.22802 -19.3458 7 v
-5.09041 -19.3437 7 v
-4.95281 -19.3415 7 v
-4.81521 -19.3392 7 v
-4.67762 -19.3366 7 v
-4.54004 -19.3339 7 v
-4.40246 -19.331 7 v
-4.26489 -19.3279 7 v
-4.12732 -19.3246 7 v
-3.98976 -19.3212 7 v
-3.85221 -19.3175 7 v
-3.71466 -19.3137 7 v
-3.57712 -19.3097 7 v
-3.43959 -19.3055 7 v
-3.30207 -19.301 7 v
-3.16456 -19.2964 7 v
-3.02706 -19.2916 7 v
-2.88959 -19.2866 7 v
-2.75213 -19.2814 7 v
-2.61471 -19.2759 7 v
-2.47731 -19.2703 7 v
-2.33994 -19.2645 7 v
-2.20261 -19.2585 7 v
-2.06531 -19.2523 7 v
-1.92806 -19.2459 7 v
-1.79085 -19.2393 7 v
-1.65368 -19.2325 7 v
-1.51657 -19.2255 7 v
-1.37951 -19.2183 7 v
-1.24251 -19.2109 7 v
-1.10557 -19.2032 7 v
-0.968687 -19.1954 7 v
-0.831873 -19.1874 7 v
-0.695129 -19.1792 7 v
-0.558464 -19.1708 7 v
-0.421888 -19.1622 7 v
-0.285411 -19.1535 7 v
-0.149042 -19.1445 7 v
-0.0127932 -19.1354 7 v
0.123327 -19.1261 7 v
0.259308 -19.1167 7 v
0.395141 -19.1071 7 v
0.530815 -19.0973 7 v
0.666319 -19.0875 7 v
0.801645 -19.0774 7 v
0.936783 -19.0673 7 v
1.07172 -19.0571 7 v
1.20645 -19.0467 7 v
1.34096 -19.0362 7 v
1.47524 -19.0256 7 v
1.60929 -19.015 7 v
1.74308 -19.0042 7 v
1.87662 -18.9933 7 v
2.00988 -18.9824 7 v
2.14282 -18.9714 7 v
2.27539 -18.9604 7 v
2.40755 -18.9493 7 v
2.53923 -18.9382 7 v
2.67039 -18.927 7 v
2.80099 -18.9158 7 v
2.93096 -18.9047 7 v
3.06026 -18.8935 7 v
3.18884 -18.8823 7 v
3.31665 -18.8712 7 v
3.44364 -18.8601 7 v
3.56975 -18.8491 7 v
3.69495 -18.8381 7 v
3.81917 -18.8272 7 v
3.94237 -18.8163 7 v
4.0645 -18.8056 7 v
4.1855 -18.7949 7 v
4.30533 -18.7844 7 v
4.42394 -18.774 7 v
4.54133 -18.7637 7 v
4.65774 -18.7535 7 v
4.77347 -18.7434 7 v
4.8888 -18.7335 7 v
5.00404 -18.7236 7 v
5.11949 -18.7137 7 v
5.23542 -18.7039 7 v
5.35215 -18.6942 7 v
5.46995 -18.6845 7 v
5.58914 -18.6748 7 v
5.71 -18.6651 7 v
5.83283 -18.6554 7 v
5.95792 -18.6457 7 v
6.08557 -18.6359 7 v
6.21607 -18.6261 7 v
6.34971 -18.6163 7 v
6.4868 -18.6063 7 v
6.62762 -18.5963 7 v
6.77248 -18.5862 7 v
6.92166 -18.5759 7 v

-14.6274 -19.9168 7 v
-14.486 -19.9167 7 v
-14.3446 -19.9165 7 v
-14.2032 -19.9164 7 v
-14.0618 -19.9163 7 v
-13.9204 -19.9162 7 v
-13.779 -19.9161 7 v
-13.6376 -19.916 7 v
-13.4962 -19.9158 7 v
-13.3548 -19.9157 7 v
-13.2134 -19.9156 7 v
-13.072 -19.9155 7 v
-12.9306 -19.9155 7 v
-12.7892 -19.9154 7 v
-12.6478 -19.9153 7 v
-12.5064 -19.9152 7 v
-12.365 -19.9151 7 v
-12.2236 -19.915 7 v
-12.0822 -19.9149 7 v
-11.9408 -19.9149 7 v
-11.7994 -19.9148 7 v
-11.658 -19.9147 7 v
-11.5166 -19.9147 7 v
-11.3752 -19.9146 7 v
-11.2337 -19.9146 7 v
-11.0923 -19.9145 7 v
-10.9509 -19.9144 7 v
-10.8095 -19.9144 7 v
-10.668 -19.9143 7 v
-10.5266 -19.9143 7 v
-10.3852 -19.9142 7 v
-10.2437 -19.9142 7 v
-10.1023 -19.9142 7 v
-9.96084 -19.9141 7 v
-9.8194 -19.9141 7 v
-9.67796 -19.9141 7 v
-9.53652 -19.914 7 v
-9.39507 -19.914 7 v
-9.25363 -19.914 7 v
-9.11219 -19.914 7 v
-8.97075 -19.9139 7 v
-8.82931 -19.9139 7 v
-8.68787 -19.9139 7 v
-8.54643 -19.9139 7 v
-8.405 -19.9139 7 v
-8.26356 -19.9139 7 v
-8.12212 -19.9139 7 v
-7.98069 -19.9139 7 v
-7.83926 -19.9139 7 v
-7.69782 -19.9139 7 v
-7.55639 -19.9139 7 v
-7.41496 -19.9139 7 v
-7.27354 -19.9139 7 v
-7.13211 -19.9139 7 v
-6.99069 -19.9139 7 v
-6.84926 -19.9139 7 v
-6.70784 -19.9139 7 v
-6.56643 -19.9139 7 v
-6.42501 -19.9139 7 v
-6.2836 -19.914 7 v
-6.14219 -19.914 7 v
-6.00078 -19.914 7 v
-5.85937 -19.914 7 v
-5.71797 -19.9141 7 v
-5.57657 -19.9141 7 v
-5.43517 -19.9141 7 v
-5.29377 -19.9142 7 v
-5.15237 -19.9142 7 v
-5.01097 -19.9142 7 v
-4.86957 -19.9143 7 v
-4.72817 -19.9143 7 v
-4.58677 -19.9143 7 v
-4.44537 -19.9144 7 v
-4.30396 -19.9144 7 v
-4.16256 -19.9145 7 v
-4.02115 -19.9145 7 v
-3.87974 -19.9146 7 v
-3.73833 -19.9146 7 v
-3.59691 -19.9147 7 v
-3.45549 -19.9147 7 v
-3.31407 -19.9148 7 v
-3.17264 -19.9148 7 v
-3.03121 -19.9149 7 v
-2.88978 -19.915 7 v
-2.74834 -19.915 7 v
-2.6069 -19.9151 7 v
-2.46546 -19.9152 7 v
-2.32402 -19.9152 7 v
-2.18257 -19.9153 7 v
-2.04113 -19.9154 7 v
-1.89968 -19.9154 7 v
-1.75824 -19.9155 7 v
-1.6168 -19.9156 7 v
-1.47535 -19.9157 7 v
-1.33391 -19.9157 7 v
-1.19247 -19.9158 7 v
-1.05103 -19.9159 7 v
-0.909598 -19.916 7 v
-0.768166 -19.9161 7 v
-0.626738 -19.9161 7 v
-0.485314 -19.9162 7 v
-0.343895 -19.9163 7 v
-0.20248 -19.9164 7 v
-0.061068 -19.9165 7 v
0.0803402 -19.9166 7 v
0.221745 -19.9167 7 v
0.363148 -19.9168 7 v
0.504548 -19.9169 7 v
0.645946 -19.917 7 v
0.787342 -19.9171 7 v
0.928738 -19.9172 7 v
1.07013 -19.9173 7 v
1.21153 -19.9174 7 v
1.35292 -19.9175 7 v
1.49431 -19.9176 7 v
1.63571 -19.9177 7 v
1.7771 -19.9178 7 v
1.9185 -19.9179 7 v
2.0599 -19.918 7 v
2.2013 -19.9181 7 v
2.3427 -19.9182 7 v
2.48411 -19.9183 7 v
2.62552 -19.9184 7 v
2.76693 -19.9186 7 v
2.90835 -19.9187 7 v
3.04976 -19.9188 7 v
3.19119 -19.9189 7 v
3.33261 -19.919 7 v
3.47404 -19.9191 7 v
3.61547 -19.9193 7 v
3.7569 -19.9194 7 v
3.89834 -19.9195 7 v
4.03978 -19.9196 7 v
4.18123 -19.9198 7 v
4.32267 -19.9199 7 v
4.46413 -19.92 7 v
4.60558 -19.9201 7 v
4.74704 -19.9203 7 v
4.88851 -19.9204 7 v
5.02997 -19.9205 7 v
5.17144 -19.9207 7 v
5.31292 -19.9208 7 v
5.4544 -19.9209 7 v
5.59589 -19.9211 7 v
5.73738 -19.9212 7 v
5.87889 -19.9213 7 v
6.0204 -19.9215 7 v
6.16192 -19.9216 7 v
6.30346 -19.9217 7 v
6.44501 -19.9219 7 v
6.58657 -19.922 7 v
6.72815 -19.9222 7 v
6.86975 -19.9223 7 v
7.01136 -19.9225 7 v
7.153 -19.9226 7 v
7.29465 -19.9227 7 v
7.43632 -19.9229 7 v
7.57802 -19.923 7 v
7.71974 -19.9232 7 v
7.86148 -19.9233 7 v
8.00325 -19.9235 7 v

-14.6296 -19.9154 8 u
-14.8705 -19.9168 8 u
-15.1118 -19.9179 8 u
-15.3535 -19.9189 8 u
-15.5956 -19.9196 8 u
-15.8379 -19.9201 8 u
-16.0806 -19.9204 8 u
-16.3235 -19.9206 8 u
-16.5666 -19.9207 8 u
-16.8099 -19.9207 8 u
-17.0533 -19.9206 8 u
-17.2968 -19.9204 8 u
-17.5404 -19.9203 8 u
-17.7841 -19.9201 8 u
-18.0277 -19.9199 8 u
-18.2713 -19.9198 8 u
-18.5149 -19.9197 8 u
-18.7583 -19.9198 8 u
-19.0016 -19.9199 8 u
-19.2447 -19.9202 8 u
-19.4876 -19.9206 8 u
-19.7303 -19.9213 8 u
-19.9727 -19.922 8 u
-20.215 -19.923 8 u
-20.4571 -19.924 8 u
-20.699 -19.9251 8 u
-20.9409 -19.9263 8 u
-21.1826 -19.9276 8 u
-21.4244 -19.9289 8 u
-21.666 -19.9302 8 u
-21.9077 -19.9315 8 u
-22.1495 -19.9328 8 u
-22.3912 -19.934 8 u
-22.6331 -19.9352 8 u
-22.8751 -19.9362 8 u
-23.1172 -19.9372 8 u
-23.3595 -19.938 8 u
-23.602 -19.9387 8 u
-23.8447 -19.9391 8 u
-24.0877 -19.9394 8 u
-24.3309 -19.9395 8 u
-24.5744 -19.9393 8 u
-24.8182 -19.9389 8 u
-25.0623 -19.9383 8 u
-25.3065 -19.9373 8 u
-25.5509 -19.9362 8 u
-25.7953 -19.9348 8 u
-26.0399 -19.9331 8 u
-26.2844 -19.9312 8 u
-26.529 -19.929 8 u
-26.7734 -19.9266 8 u
-27.0178 -19.9239 8 u
-27.2621 -19.9209 8 u
-27.5062 -19.9177 8 u
-27.75 -19.9141 8 u
-27.9937 -19.9104 8 u
-28.237 -19.9063 8 u
-28.4799 -19.9019 8 u
-28.7225 -19.8973 8 u
-28.9647 -19.8924 8 u
-29.2064 -19.8872 8 u
-29.4477 -19.8817 8 u
-29.6885 -19.8757 8 u
-29.9289 -19.8692 8 u
-30.169 -19.8619 8 u
-30.4088 -19.8538 8 u
-30.6485 -19.8447 8 u
-30.888 -19.8344 8 u
-31.1273 -19.8227 8 u
-31.3667 -19.8097 8 u
-31.6061 -19.795 8 u
-31.8455 -19.7786 8 u
-32.0851 -19.7603 8 u
-32.325 -19.7399 8 u
-32.565 -19.7174 8 u
-32.8054 -19.6926 8 u
-33.0462 -19.6653 8 u
-33.2873 -19.6353 8 u
-33.529 -19.6026 8 u
-33.7713 -19.567 8 u
-34.0141 -19.5284 8 u
-34.2575 -19.4865 8 u
-34.5012 -19.4412 8 u
-34.7447 -19.3922 8 u
-34.9878 -19.3391 8 u
-35.2298 -19.2819 8 u
-35.4705 -19.2202 8 u
-35.7095 -19.1537 8 u
-35.9463 -19.0822 8 u
-36.1806 -19.0055 8 u
-36.4119 -18.9232 8 u
-36.6398 -18.8352 8 u
-36.864 -18.7411 8 u
-37.084 -18.6407 8 u
-37.2994 -18.5338 8 u
-37.5099 -18.4201 8 u
-37.715 -18.2993 8 u
-37.9143 -18.1712 8 u
-38.1075 -18.0355 8 u
-38.2941 -17.892 8 u
-38.4736 -17.7403 8 u
-38.6459 -17.5805 8 u
-38.811 -17.4127 8 u
-38.969 -17.2373 8 u
-39.1202 -17.0549 8 u
-39.2645 -16.8659 8 u
-39.4024 -16.6706 8 u
-39.5338 -16.4694 8 u
-39.6589 -16.2629 8 u
-39.778 -16.0514 8 u
-39.8911 -15.8353 8 u
-39.9985 -15.6151 8 u
-40.1003 -15.3912 8 u
-40.1966 -15.1641 8 u
-40.2877 -14.934 8 u
-40.3737 -14.7015 8 u
-40.4547 -14.467 8 u
-40.5309 -14.2309 8 u
-40.6025 -13.9937 8 u
-40.6696 -13.7557 8 u
-40.7325 -13.5173 8 u
-40.7912 -13.279 8 u
-40.8459 -13.0407 8 u
-40.8968 -12.8025 8 u
-40.9441 -12.5643 8 u
-40.9878 -12.3261 8 u
-41.0282 -12.0878 8 u
-41.0655 -11.8494 8 u
-41.0997 -11.611 8 u
-41.131 -11.3724 8 u
-41.1597 -11.1336 8 u
-41.1858 -10.8946 8 u
-41.2096 -10.6554 8 u
-41.2311 -10.416 8 u
-41.2506 -10.1763 8 u
-41.2681 -9.93622 8 u
-41.284 -9.69584 8 u
-41.2982 -9.45509 8 u
-41.311 -9.21394 8 u
-41.3226 -8.97237 8 u
-41.3331 -8.73033 8 u
-41.3426 -8.48783 8 u
-41.351 -8.24491 8 u
-41.3583 -8.00163 8 u
-41.3643 -7.75806 8 u
-41.369 -7.51427 8 u
-41.3722 -7.27032 8 u
-41.3738 -7.02629 8 u
-41.3736 -6.78222 8 u
-41.3717 -6.5382 8 u
-41.3679 -6.29428 8 u
-41.362 -6.05054 8 u
-41.354 -5.80703 8 u
-41.3438 -5.56383 8 u
-41.3312 -5.321 8 u
-41.3162 -5.0786 8 u
-41.2986 -4.8367 8 u
-41.2783 -4.59537 8 u
-41.2552 -4.35467 8 u
-41.2293 -4.11468 8 u
-41.2003 -3.87544 8 u

-14.5359 -19.2561 8 u
-14.7667 -19.221 8 u
-14.9958 -19.1877 8 u
-15.2233 -19.1562 8 u
-15.4493 -19.1265 8 u
-15.6739 -19.0984 8 u
-15.8972 -19.0717 8 u
-16.1194 -19.0465 8 u
-16.3405 -19.0227 8 u
-16.5607 -19 8 u
-16.78 -18.9785 8 u
-16.9986 -18.9581 8 u
-17.2166 -18.9386 8 u
-17.434 -18.9199 8 u
-17.6511 -18.902 8 u
-17.8679 -18.8848 8 u
-18.0844 -18.8682 8 u
-18.301 -18.852 8 u
-18.5175 -18.8361 8 u
-18.7342 -18.8206 8 u
-18.9512 -18.8053 8 u
-19.1685 -18.7901 8 u
-19.3861 -18.775 8 u
-19.6041 -18.76 8 u
-19.8223 -18.7453 8 u
-20.0409 -18.7308 8 u
-20.2598 -18.7165 8 u
-20.4788 -18.7026 8 u
-20.6982 -18.689 8 u
-20.9177 -18.6757 8 u
-21.1374 -18.6629 8 u
-21.3573 -18.6505 8 u
-21.5774 -18.6385 8 u
-21.7976 -18.6271 8 u
-22.0179 -18.6162 8 u
-22.2383 -18.6059 8 u
-22.4588 -18.5962 8 u
-22.6794 -18.5871 8 u
-22.9 -18.5787 8 u
-23.1206 -18.571 8 u
-23.3412 -18.5641 8 u
-23.5618 -18.5579 8 u
-23.7824 -18.5524 8 u
-24.0029 -18.5475 8 u
-24.2233 -18.5429 8 u
-24.4437 -18.5388 8 u
-24.664 -18.5348 8 u
-24.8841 -18.5309 8 u
-25.1041 -18.5271 8 u
-25.3239 -18.5231 8 u
-25.5436 -18.5189 8 u
-25.763 -18.5143 8 u
-25.9823 -18.5093 8 u
-26.2013 -18.5037 8 u
-26.4201 -18.4974 8 u
-26.6386 -18.4904 8 u
-26.8568 -18.4824 8 u
-27.0747 -18.4735 8 u
-27.2923 -18.4634 8 u
-27.5095 -18.452 8 u
-27.7264 -18.4394 8 u
-27.9429 -18.4252 8 u
-28.159 -18.4095 8 u
-28.3745 -18.3922 8 u
-28.5895 -18.3731 8 u
-28.8039 -18.3522 8 u
-29.0176 -18.3294 8 u
-29.2305 -18.3045 8 u
-29.4427 -18.2776 8 u
-29.654 -18.2485 8 u
-29.8643 -18.2172 8 u
-30.0737 -18.1835 8 u
-30.282 -18.1473 8 u
-30.4891 -18.1086 8 u
-30.6952 -18.0673 8 u
-30.8999 -18.0232 8 u
-31.1034 -17.9764 8 u
-31.3055 -17.9266 8 u
-31.5062 -17.8739 8 u
-31.7054 -17.818 8 u
-31.9031 -17.7591 8 u
-32.0992 -17.6968 8 u
-32.2935 -17.6313 8 u
-32.486 -17.5625 8 u
-32.6765 -17.4904 8 u
-32.8649 -17.4148 8 u
-33.0511 -17.3359 8 u
-33.235 -17.2536 8 u
-33.4164 -17.1678 8 u
-33.5953 -17.0785 8 u
-33.7714 -16.9858 8 u
-33.9448 -16.8895 8 u
-34.1152 -16.7897 8 u
-34.2826 -16.6862 8 u
-34.4467 -16.5792 8 u
-34.6076 -16.4685 8 u
-34.7651 -16.3542 8 u
-34.919 -16.2361 8 u
-35.0692 -16.1144 8 u
-35.2157 -15.9889 8 u
-35.3583 -15.8596 8 u
-35.4969 -15.7265 8 u
-35.6315 -15.5897 8 u
-35.7622 -15.4493 8 u
-35.8891 -15.3054 8 u
-36.0123 -15.1581 8 u
-36.1317 -15.0075 8 u
-36.2476 -14.8536 8 u
-36.3599 -14.6966 8 u
-36.4687 -14.5365 8 u
-36.574 -14.3736 8 u
-36.676 -14.2077 8 u
-36.7747 -14.0392 8 u
-36.8702 -13.8679 8 u
-36.9626 -13.6942 8 u
-37.0518 -13.518 8 u
-37.138 -13.3394 8 u
-37.2213 -13.1585 8 u
-37.3017 -12.9755 8 u
-37.3792 -12.7904 8 u
-37.454 -12.6033 8 u
-37.5261 -12.4144 8 u
-37.5956 -12.2237 8 u
-37.6624 -12.0314 8 u
-37.7268 -11.8377 8 u
-37.7886 -11.6427 8 u
-37.8481 -11.4466 8 u
-37.9051 -11.2495 8 u
-37.9598 -11.0515 8 u
-38.0123 -10.8527 8 u
-38.0625 -10.6535 8 u
-38.1106 -10.4538 8 u
-38.1565 -10.2539 8 u
-38.2004 -10.0538 8 u
-38.2423 -9.85375 8 u
-38.2822 -9.65389 8 u
-38.3202 -9.45434 8 u
-38.3564 -9.25526 8 u
-38.3907 -9.05679 8 u
-38.4233 -8.85908 8 u
-38.4542 -8.66228 8 u
-38.4835 -8.46639 8 u
-38.5115 -8.27085 8 u
-38.5385 -8.07496 8 u
-38.5648 -7.87801 8 u
-38.5908 -7.67931 8 u
-38.6168 -7.47815 8 u
-38.6431 -7.27382 8 u
-38.6701 -7.06564 8 u
-38.698 -6.85289 8 u
-38.7273 -6.63487 8 u
-38.7582 -6.41089 8 u
-38.7911 -6.18023 8 u
-38.8262 -5.9422 8 u
-38.864 -5.69609 8 u
-38.9048 -5.4412 8 u
-38.9488 -5.17683 8 u
-38.9965 -4.90228 8 u
-39.0481 -4.61684 8 u
-39.1039 -4.31982 8 u
-39.1644 -4.0105 8 u

-14.4421 -18.5969 8 u
-14.6648 -18.58 8 u
-14.8852 -18.5628 8 u
-15.1034 -18.5454 8 u
-15.3197 -18.5276 8 u
-15.5341 -18.5097 8 u
-15.7467 -18.4915 8 u
-15.9578 -18.4731 8 u
-16.1675 -18.4546 8 u
-16.3759 -18.4359 8 u
-16.5831 -18.4171 8 u
-16.7893 -18.3982 8 u
-16.9946 -18.3792 8 u
-17.1992 -18.3603 8 u
-17.4033 -18.3412 8 u
-17.6069 -18.3222 8 u
-17.8102 -18.3033 8 u
-18.0133 -18.2843 8 u
-18.2164 -18.2655 8 u
-18.4197 -18.2468 8 u
-18.6232 -18.2282 8 u
-18.8271 -18.2097 8 u
-19.0313 -18.1914 8 u
-19.236 -18.1733 8 u
-19.4409 -18.1554 8 u
-19.6462 -18.1377 8 u
-19.8517 -18.1202 8 u
-20.0575 -18.1029 8 u
-20.2635 -18.0858 8 u
-20.4697 -18.069 8 u
-20.676 -18.0524 8 u
-20.8824 -18.0361 8 u
-21.089 -18.0201 8 u
-21.2956 -18.0044 8 u
-21.5023 -17.989 8 u
-21.709 -17.9738 8 u
-21.9157 -17.959 8 u
-22.1223 -17.9446 8 u
-22.3289 -17.9304 8 u
-22.5354 -17.9167 8 u
-22.7418 -17.9033 8 u
-22.948 -17.8902 8 u
-23.154 -17.8775 8 u
-23.3598 -17.865 8 u
-23.5654 -17.8527 8 u
-23.7708 -17.8405 8 u
-23.9758 -17.8284 8 u
-24.1806 -17.8163 8 u
-24.385 -17.8041 8 u
-24.5891 -17.7917 8 u
-24.7928 -17.7791 8 u
-24.996 -17.7663 8 u
-25.1989 -17.7531 8 u
-25.4013 -17.7396 8 u
-25.6032 -17.7255 8 u
-25.8045 -17.7109 8 u
-26.0054 -17.6958 8 u
-26.2056 -17.68 8 u
-26.4053 -17.6634 8 u
-26.6044 -17.6461 8 u
-26.8028 -17.6279 8 u
-27.0006 -17.6088 8 u
-27.1977 -17.5886 8 u
-27.394 -17.5673 8 u
-27.5895 -17.5448 8 u
-27.7843 -17.521 8 u
-27.9782 -17.4956 8 u
-28.1712 -17.4688 8 u
-28.3634 -17.4402 8 u
-28.5546 -17.4099 8 u
-28.7448 -17.3777 8 u
-28.934 -17.3436 8 u
-29.1222 -17.3073 8 u
-29.3092 -17.2689 8 u
-29.4952 -17.2281 8 u
-29.6801 -17.1849 8 u
-29.8637 -17.1392 8 u
-30.0462 -17.0909 8 u
-30.2273 -17.0399 8 u
-30.4073 -16.986 8 u
-30.5858 -16.9292 8 u
-30.7631 -16.8694 8 u
-30.9389 -16.8064 8 u
-31.1131 -16.7404 8 u
-31.2857 -16.6712 8 u
-31.4566 -16.5989 8 u
-31.6257 -16.5233 8 u
-31.7928 -16.4445 8 u
-31.9579 -16.3624 8 u
-32.1209 -16.277 8 u
-32.2817 -16.1883 8 u
-32.4402 -16.0962 8 u
-32.5962 -16.0008 8 u
-32.7498 -15.9018 8 u
-32.9008 -15.7995 8 u
-33.0491 -15.6936 8 u
-33.1947 -15.5842 8 u
-33.3373 -15.4712 8 u
-33.477 -15.3547 8 u
-33.6136 -15.2345 8 u
-33.747 -15.1107 8 u
-33.8772 -14.9832 8 u
-34.0042 -14.8522 8 u
-34.128 -14.7177 8 u
-34.2487 -14.5799 8 u
-34.3662 -14.439 8 u
-34.4807 -14.2949 8 u
-34.5921 -14.148 8 u
-34.7006 -13.9982 8 u
-34.8061 -13.8457 8 u
-34.9087 -13.6906 8 u
-35.0084 -13.5332 8 u
-35.1052 -13.3734 8 u
-35.1993 -13.2114 8 u
-35.2906 -13.0473 8 u
-35.3791 -12.8813 8 u
-35.465 -12.7135 8 u
-35.5482 -12.544 8 u
-35.6288 -12.3729 8 u
-35.7068 -12.2004 8 u
-35.7823 -12.0266 8 u
-35.8553 -11.8515 8 u
-35.9258 -11.6754 8 u
-35.9939 -11.4983 8 u
-36.0596 -11.3204 8 u
-36.1228 -11.1418 8 u
-36.1838 -10.9625 8 u
-36.2424 -10.7828 8 u
-36.2987 -10.6026 8 u
-36.3527 -10.4222 8 u
-36.4045 -10.2417 8 u
-36.4542 -10.0612 8 u
-36.5016 -9.88071 8 u
-36.5469 -9.70045 8 u
-36.5901 -9.52052 8 u
-36.6312 -9.34104 8 u
-36.6702 -9.16211 8 u
-36.7072 -8.98386 8 u
-36.7422 -8.80641 8 u
-36.7753 -8.62986 8 u
-36.8064 -8.45434 8 u
-36.8356 -8.27981 8 u
-36.863 -8.10565 8 u
-36.8886 -7.93107 8 u
-36.9125 -7.75531 8 u
-36.9348 -7.57757 8 u
-36.9556 -7.39708 8 u
-36.975 -7.21307 8 u
-36.993 -7.02475 8 u
-37.0096 -6.83134 8 u
-37.025 -6.63207 8 u
-37.0393 -6.42616 8 u
-37.0525 -6.21282 8 u
-37.0647 -5.99129 8 u
-37.076 -5.76078 8 u
-37.0864 -5.52051 8 u
-37.0961 -5.26971 8 u
-37.105 -5.00759 8 u
-37.1133 -4.73338 8 u
-37.1211 -4.4463 8 u
-37.1284 -4.14556 8 u

-14.3484 -17.9376 8 u
-14.5571 -17.925 8 u
-14.7634 -17.9113 8 u
-14.9673 -17.8964 8 u
-15.1689 -17.8805 8 u
-15.3685 -17.8636 8 u
-15.5662 -17.8457 8 u
-15.7621 -17.827 8 u
-15.9563 -17.8076 8 u
-16.1491 -17.7874 8 u
-16.3406 -17.7665 8 u
-16.5309 -17.7451 8 u
-16.7202 -17.7231 8 u
-16.9086 -17.7007 8 u
-17.0963 -17.6779 8 u
-17.2834 -17.6548 8 u
-17.4701 -17.6314 8 u
-17.6565 -17.6078 8 u
-17.8427 -17.5841 8 u
-18.029 -17.5603 8 u
-18.2155 -17.5365 8 u
-18.4022 -17.5128 8 u
-18.5893 -17.4891 8 u
-18.7766 -17.4655 8 u
-18.9641 -17.4419 8 u
-19.1518 -17.4183 8 u
-19.3397 -17.3946 8 u
-19.5277 -17.371 8 u
-19.7158 -17.3473 8 u
-19.904 -17.3236 8 u
-20.0922 -17.2998 8 u
-20.2805 -17.276 8 u
-20.4687 -17.252 8 u
-20.6569 -17.228 8 u
-20.845 -17.2038 8 u
-21.033 -17.1795 8 u
-21.2208 -17.155 8 u
-21.4085 -17.1304 8 u
-21.5959 -17.1056 8 u
-21.7832 -17.0806 8 u
-21.9701 -17.0553 8 u
-22.1568 -17.0299 8 u
-22.3432 -17.0043 8 u
-22.5292 -16.9785 8 u
-22.7149 -16.9526 8 u
-22.9002 -16.9266 8 u
-23.0852 -16.9005 8 u
-23.2697 -16.8744 8 u
-23.4539 -16.8483 8 u
-23.6376 -16.8223 8 u
-23.821 -16.7963 8 u
-24.0038 -16.7704 8 u
-24.1863 -16.7446 8 u
-24.3682 -16.719 8 u
-24.5496 -16.6936 8 u
-24.7306 -16.6684 8 u
-24.911 -16.6435 8 u
-25.0909 -16.6189 8 u
-25.2702 -16.5946 8 u
-25.449 -16.5706 8 u
-25.6272 -16.5471 8 u
-25.8048 -16.5239 8 u
-25.9818 -16.501 8 u
-26.1581 -16.4782 8 u
-26.3337 -16.4552 8 u
-26.5087 -16.4321 8 u
-26.6829 -16.4084 8 u
-26.8564 -16.3842 8 u
-27.0291 -16.3592 8 u
-27.2009 -16.3333 8 u
-27.372 -16.3063 8 u
-27.5421 -16.2779 8 u
-27.7114 -16.2482 8 u
-27.8798 -16.2167 8 u
-28.0472 -16.1835 8 u
-28.2136 -16.1484 8 u
-28.3791 -16.1111 8 u
-28.5435 -16.0715 8 u
-28.7069 -16.0294 8 u
-28.8692 -15.9846 8 u
-29.0304 -15.9371 8 u
-29.1904 -15.8865 8 u
-29.3492 -15.833 8 u
-29.5068 -15.7764 8 u
-29.663 -15.7167 8 u
-29.8177 -15.6538 8 u
-29.9708 -15.5878 8 u
-30.1224 -15.5186 8 u
-30.2723 -15.4461 8 u
-30.4204 -15.3704 8 u
-30.5666 -15.2913 8 u
-30.7109 -15.2089 8 u
-30.8532 -15.1231 8 u
-30.9933 -15.0339 8 u
-31.1313 -14.9413 8 u
-31.2671 -14.8451 8 u
-31.4005 -14.7454 8 u
-31.5315 -14.6422 8 u
-31.6599 -14.5353 8 u
-31.7858 -14.4248 8 u
-31.9091 -14.3107 8 u
-32.0296 -14.1928 8 u
-32.1474 -14.0714 8 u
-32.2625 -13.9466 8 u
-32.3749 -13.8185 8 u
-32.4847 -13.6873 8 u
-32.5918 -13.5532 8 u
-32.6963 -13.4162 8 u
-32.7982 -13.2766 8 u
-32.8976 -13.1345 8 u
-32.9944 -12.99 8 u
-33.0888 -12.8433 8 u
-33.1806 -12.6945 8 u
-33.2699 -12.5438 8 u
-33.3568 -12.3913 8 u
-33.4412 -12.2373 8 u
-33.5232 -12.0817 8 u
-33.6029 -11.9249 8 u
-33.6802 -11.7669 8 u
-33.7551 -11.6079 8 u
-33.8277 -11.448 8 u
-33.898 -11.2873 8 u
-33.9661 -11.1261 8 u
-34.0319 -10.9643 8 u
-34.0954 -10.8022 8 u
-34.1568 -10.6397 8 u
-34.216 -10.477 8 u
-34.273 -10.3142 8 u
-34.3279 -10.1514 8 u
-34.3807 -9.98864 8 u
-34.4314 -9.8261 8 u
-34.48 -9.66385 8 u
-34.5266 -9.502 8 u
-34.5712 -9.34063 8 u
-34.6138 -9.17986 8 u
-34.6545 -9.01978 8 u
-34.6932 -8.8605 8 u
-34.73 -8.70211 8 u
-34.7649 -8.54472 8 u
-34.798 -8.38842 8 u
-34.8292 -8.23332 8 u
-34.8586 -8.07937 8 u
-34.8862 -7.92587 8 u
-34.912 -7.77198 8 u
-34.936 -7.61687 8 u
-34.9583 -7.45968 8 u
-34.9789 -7.29958 8 u
-34.9977 -7.13573 8 u
-35.0148 -6.96728 8 u
-35.0302 -6.79339 8 u
-35.044 -6.61321 8 u
-35.056 -6.42591 8 u
-35.0665 -6.23065 8 u
-35.0753 -6.02657 8 u
-35.0824 -5.81285 8 u
-35.088 -5.58863 8 u
-35.092 -5.35307 8 u
-35.0944 -5.10533 8 u
-35.0953 -4.84457 8 u
-35.0946 -4.56995 8 u
-35.0924 -4.28063 8 u

-14.2546 -17.2784 8 u
-14.445 -17.2638 8 u
-14.6328 -17.248 8 u
-14.818 -17.2311 8 u
-15.001 -17.2131 8 u
-15.1818 -17.194 8 u
-15.3606 -17.1738 8 u
-15.5376 -17.1525 8 u
-15.7129 -17.1302 8 u
-15.8866 -17.1068 8 u
-16.059 -17.0825 8 u
-16.2301 -17.0572 8 u
-16.4002 -17.0309 8 u
-16.5693 -17.0037 8 u
-16.7377 -16.9755 8 u
-16.9054 -16.9465 8 u
-17.0728 -16.9166 8 u
-17.2398 -16.8858 8 u
-17.4066 -16.8542 8 u
-17.5735 -16.8217 8 u
-17.7405 -16.7885 8 u
-17.9078 -16.7545 8 u
-18.0754 -16.7198 8 u
-18.2432 -16.6844 8 u
-18.4112 -16.6484 8 u
-18.5793 -16.6117 8 u
-18.7475 -16.5746 8 u
-18.9157 -16.5369 8 u
-19.084 -16.4988 8 u
-19.2521 -16.4603 8 u
-19.4202 -16.4215 8 u
-19.5882 -16.3823 8 u
-19.7559 -16.3429 8 u
-19.9234 -16.3032 8 u
-20.0906 -16.2634 8 u
-20.2575 -16.2235 8 u
-20.4241 -16.1835 8 u
-20.5902 -16.1435 8 u
-20.7558 -16.1035 8 u
-20.9209 -16.0635 8 u
-21.0855 -16.0237 8 u
-21.2494 -15.984 8 u
-21.4128 -15.9446 8 u
-21.5757 -15.9054 8 u
-21.738 -15.8665 8 u
-21.8998 -15.828 8 u
-22.0612 -15.7899 8 u
-22.2222 -15.7523 8 u
-22.3827 -15.7152 8 u
-22.5429 -15.6787 8 u
-22.7027 -15.6428 8 u
-22.8623 -15.6076 8 u
-23.0215 -15.5731 8 u
-23.1805 -15.5394 8 u
-23.3393 -15.5065 8 u
-23.4979 -15.4745 8 u
-23.6563 -15.4435 8 u
-23.8146 -15.4134 8 u
-23.9728 -15.3844 8 u
-24.131 -15.3564 8 u
-24.289 -15.3297 8 u
-24.4471 -15.304 8 u
-24.6051 -15.2794 8 u
-24.7629 -15.2556 8 u
-24.9205 -15.2324 8 u
-25.0777 -15.2096 8 u
-25.2347 -15.1871 8 u
-25.3911 -15.1646 8 u
-25.5471 -15.1421 8 u
-25.7025 -15.1191 8 u
-25.8573 -15.0957 8 u
-26.0113 -15.0716 8 u
-26.1645 -15.0465 8 u
-26.3169 -15.0204 8 u
-26.4684 -14.993 8 u
-26.6188 -14.9642 8 u
-26.7682 -14.9336 8 u
-26.9164 -14.9013 8 u
-27.0634 -14.8669 8 u
-27.2092 -14.8303 8 u
-27.3535 -14.7912 8 u
-27.4965 -14.7496 8 u
-27.638 -14.7054 8 u
-27.778 -14.6585 8 u
-27.9166 -14.6089 8 u
-28.0537 -14.5565 8 u
-28.1892 -14.5014 8 u
-28.3231 -14.4436 8 u
-28.4555 -14.3829 8 u
-28.5864 -14.3193 8 u
-28.7156 -14.2529 8 u
-28.8431 -14.1836 8 u
-28.9691 -14.1114 8 u
-29.0933 -14.0362 8 u
-29.2159 -13.958 8 u
-29.3367 -13.8767 8 u
-29.4558 -13.7925 8 u
-29.5732 -13.7051 8 u
-29.6888 -13.6146 8 u
-29.8026 -13.521 8 u
-29.9146 -13.4242 8 u
-30.0247 -13.3242 8 u
-30.133 -13.2211 8 u
-30.2394 -13.115 8 u
-30.3439 -13.006 8 u
-30.4464 -12.8942 8 u
-30.547 -12.7796 8 u
-30.6456 -12.6625 8 u
-30.7421 -12.5428 8 u
-30.8366 -12.4208 8 u
-30.9291 -12.2964 8 u
-31.0194 -12.1698 8 u
-31.1076 -12.0411 8 u
-31.1937 -11.9104 8 u
-31.2776 -11.7778 8 u
-31.3593 -11.6433 8 u
-31.4387 -11.5071 8 u
-31.5159 -11.3693 8 u
-31.5908 -11.23 8 u
-31.6634 -11.0893 8 u
-31.7337 -10.9472 8 u
-31.8016 -10.8039 8 u
-31.8672 -10.6596 8 u
-31.9306 -10.5142 8 u
-31.9917 -10.3681 8 u
-32.0506 -10.2213 8 u
-32.1074 -10.0739 8 u
-32.1622 -9.92612 8 u
-32.2149 -9.77806 8 u
-32.2657 -9.62987 8 u
-32.3145 -9.48167 8 u
-32.3615 -9.3336 8 u
-32.4066 -9.18579 8 u
-32.45 -9.03839 8 u
-32.4916 -8.89153 8 u
-32.5316 -8.74534 8 u
-32.5699 -8.59995 8 u
-32.6066 -8.45551 8 u
-32.6418 -8.31215 8 u
-32.6756 -8.17001 8 u
-32.7078 -8.02922 8 u
-32.7387 -7.88975 8 u
-32.7682 -7.75093 8 u
-32.7963 -7.61194 8 u
-32.823 -7.47193 8 u
-32.8483 -7.33009 8 u
-32.8722 -7.18557 8 u
-32.8946 -7.03755 8 u
-32.9157 -6.88518 8 u
-32.9353 -6.72765 8 u
-32.9535 -6.56412 8 u
-32.9703 -6.39375 8 u
-32.9857 -6.21572 8 u
-32.9996 -6.02919 8 u
-33.0121 -5.83333 8 u
-33.0231 -5.62732 8 u
-33.0327 -5.4103 8 u
-33.0408 -5.18147 8 u
-33.0475 -4.93997 8 u
-33.0527 -4.68499 8 u
-33.0564 -4.41569 8 u

-14.1609 -16.6191 8 u
-14.3293 -16.5996 8 u
-14.4952 -16.5791 8 u
-14.6588 -16.5576 8 u
-14.8203 -16.5352 8 u
-14.9797 -16.5118 8 u
-15.1371 -16.4874 8 u
-15.2929 -16.462 8 u
-15.4469 -16.4355 8 u
-15.5995 -16.4079 8 u
-15.7507 -16.3791 8 u
-15.9007 -16.3492 8 u
-16.0496 -16.3181 8 u
-16.1975 -16.2858 8 u
-16.3446 -16.2522 8 u
-16.491 -16.2174 8 u
-16.6368 -16.1812 8 u
-16.7822 -16.1437 8 u
-16.9274 -16.1049 8 u
-17.0723 -16.0647 8 u
-17.2173 -16.023 8 u
-17.3623 -15.9799 8 u
-17.5075 -15.9355 8 u
-17.6527 -15.8898 8 u
-17.798 -15.8429 8 u
-17.9433 -15.7948 8 u
-18.0886 -15.7458 8 u
-18.2338 -15.6958 8 u
-18.379 -15.6449 8 u
-18.5242 -15.5933 8 u
-18.6692 -15.541 8 u
-18.8141 -15.488 8 u
-18.9589 -15.4346 8 u
-19.1035 -15.3807 8 u
-19.2479 -15.3264 8 u
-19.3921 -15.2718 8 u
-19.536 -15.2171 8 u
-19.6797 -15.1623 8 u
-19.823 -15.1074 8 u
-19.9661 -15.0526 8 u
-20.1088 -14.9979 8 u
-20.2512 -14.9435 8 u
-20.3932 -14.8893 8 u
-20.5348 -14.8354 8 u
-20.676 -14.782 8 u
-20.8169 -14.7289 8 u
-20.9573 -14.6763 8 u
-21.0974 -14.6243 8 u
-21.2371 -14.5728 8 u
-21.3764 -14.5219 8 u
-21.5152 -14.4717 8 u
-21.6537 -14.4223 8 u
-21.7917 -14.3736 8 u
-21.9294 -14.3257 8 u
-22.0666 -14.2787 8 u
-22.2034 -14.2325 8 u
-22.3397 -14.1874 8 u
-22.4756 -14.1433 8 u
-22.6111 -14.1002 8 u
-22.7461 -14.0583 8 u
-22.8807 -14.0175 8 u
-23.0149 -13.9779 8 u
-23.1486 -13.9395 8 u
-23.2818 -13.902 8 u
-23.4146 -13.8656 8 u
-23.547 -13.83 8 u
-23.6789 -13.7952 8 u
-23.8105 -13.7612 8 u
-23.9416 -13.7277 8 u
-24.0723 -13.6948 8 u
-24.2026 -13.6624 8 u
-24.3325 -13.6303 8 u
-24.462 -13.5986 8 u
-24.5912 -13.567 8 u
-24.7199 -13.5356 8 u
-24.8483 -13.5043 8 u
-24.9763 -13.4728 8 u
-25.104 -13.4413 8 u
-25.2313 -13.4096 8 u
-25.3582 -13.3775 8 u
-25.4848 -13.3451 8 u
-25.6111 -13.3123 8 u
-25.7369 -13.2788 8 u
-25.8622 -13.2446 8 u
-25.987 -13.2096 8 u
-26.111 -13.1735 8 u
-26.2343 -13.1362 8 u
-26.3568 -13.0977 8 u
-26.4784 -13.0577 8 u
-26.5989 -13.0162 8 u
-26.7184 -12.9729 8 u
-26.8367 -12.9278 8 u
-26.9537 -12.8807 8 u
-27.0695 -12.8314 8 u
-27.1838 -12.7799 8 u
-27.2966 -12.7259 8 u
-27.4078 -12.6694 8 u
-27.5174 -12.6102 8 u
-27.6252 -12.5482 8 u
-27.7312 -12.4832 8 u
-27.8353 -12.4151 8 u
-27.9374 -12.3437 8 u
-28.0375 -12.2692 8 u
-28.1357 -12.1915 8 u
-28.232 -12.1108 8 u
-28.3263 -12.0272 8 u
-28.4189 -11.9406 8 u
-28.5096 -11.8512 8 u
-28.5984 -11.759 8 u
-28.6855 -11.6641 8 u
-28.7708 -11.5665 8 u
-28.8544 -11.4664 8 u
-28.9363 -11.3639 8 u
-29.0165 -11.2588 8 u
-29.095 -11.1515 8 u
-29.1719 -11.0418 8 u
-29.2472 -10.93 8 u
-29.3209 -10.816 8 u
-29.3931 -10.6999 8 u
-29.4637 -10.5818 8 u
-29.5328 -10.4618 8 u
-29.6005 -10.3399 8 u
-29.6666 -10.2163 8 u
-29.7313 -10.0912 8 u
-29.7944 -9.96466 8 u
-29.856 -9.83689 8 u
-29.916 -9.70804 8 u
-29.9744 -9.57827 8 u
-30.0313 -9.44773 8 u
-30.0865 -9.31659 8 u
-30.1402 -9.185 8 u
-30.1921 -9.05312 8 u
-30.2425 -8.9211 8 u
-30.2911 -8.7891 8 u
-30.3381 -8.65729 8 u
-30.3834 -8.52582 8 u
-30.4269 -8.39484 8 u
-30.4687 -8.26452 8 u
-30.5088 -8.135 8 u
-30.5471 -8.00646 8 u
-30.5836 -7.87904 8 u
-30.6183 -7.75275 8 u
-30.6513 -7.62696 8 u
-30.6826 -7.50088 8 u
-30.7123 -7.37372 8 u
-30.7404 -7.2447 8 u
-30.7671 -7.11302 8 u
-30.7924 -6.97792 8 u
-30.8163 -6.83858 8 u
-30.8389 -6.69424 8 u
-30.8602 -6.5441 8 u
-30.8804 -6.38738 8 u
-30.8996 -6.22328 8 u
-30.9176 -6.05103 8 u
-30.9347 -5.86983 8 u
-30.9509 -5.6789 8 u
-30.9663 -5.47745 8 u
-30.9808 -5.2647 8 u
-30.9947 -5.03986 8 u
-31.0079 -4.80214 8 u
-31.0205 -4.55075 8 u

-14.0672 -15.9599 8 u
-14.2109 -15.9339 8 u
-14.3526 -15.9071 8 u
-14.4924 -15.8793 8 u
-14.6303 -15.8507 8 u
-14.7665 -15.8213 8 u
-14.9011 -15.7909 8 u
-15.0342 -15.7595 8 u
-15.1658 -15.7273 8 u
-15.2962 -15.6941 8 u
-15.4252 -15.6599 8 u
-15.5532 -15.6247 8 u
-15.6801 -15.5885 8 u
-15.8062 -15.5513 8 u
-15.9313 -15.513 8 u
-16.0558 -15.4737 8 u
-16.1796 -15.4334 8 u
-16.303 -15.3919 8 u
-16.4259 -15.3494 8 u
-16.5484 -15.3057 8 u
-16.6708 -15.2609 8 u
-16.793 -15.215 8 u
-16.9151 -15.1679 8 u
-17.037 -15.1198 8 u
-17.1589 -15.0706 8 u
-17.2806 -15.0203 8 u
-17.4022 -14.969 8 u
-17.5237 -14.9167 8 u
-17.6452 -14.8634 8 u
-17.7665 -14.8092 8 u
-17.8877 -14.754 8 u
-18.0088 -14.698 8 u
-18.1298 -14.641 8 u
-18.2507 -14.5832 8 u
-18.3715 -14.5246 8 u
-18.4923 -14.4651 8 u
-18.6129 -14.4049 8 u
-18.7335 -14.3439 8 u
-18.854 -14.2822 8 u
-18.9744 -14.2197 8 u
-19.0948 -14.1566 8 u
-19.215 -14.0928 8 u
-19.3352 -14.0284 8 u
-19.4552 -13.9635 8 u
-19.5751 -13.8981 8 u
-19.6947 -13.8324 8 u
-19.8142 -13.7664 8 u
-19.9334 -13.7001 8 u
-20.0523 -13.6337 8 u
-20.1709 -13.5672 8 u
-20.2891 -13.5007 8 u
-20.407 -13.4342 8 u
-20.5244 -13.3679 8 u
-20.6415 -13.3017 8 u
-20.758 -13.2359 8 u
-20.8741 -13.1704 8 u
-20.9896 -13.1053 8 u
-21.1046 -13.0407 8 u
-21.219 -12.9766 8 u
-21.3327 -12.9132 8 u
-21.4458 -12.8505 8 u
-21.5583 -12.7886 8 u
-21.6701 -12.7275 8 u
-21.7813 -12.6672 8 u
-21.8919 -12.6078 8 u
-22.002 -12.5492 8 u
-22.1116 -12.4915 8 u
-22.2207 -12.4348 8 u
-22.3294 -12.379 8 u
-22.4377 -12.3242 8 u
-22.5456 -12.2703 8 u
-22.6532 -12.2175 8 u
-22.7605 -12.1657 8 u
-22.8676 -12.1149 8 u
-22.9744 -12.0652 8 u
-23.0811 -12.0167 8 u
-23.1876 -11.9692 8 u
-23.2939 -11.9229 8 u
-23.4003 -11.8778 8 u
-23.5065 -11.8339 8 u
-23.6128 -11.7912 8 u
-23.7191 -11.7497 8 u
-23.8253 -11.7093 8 u
-23.9315 -11.6698 8 u
-24.0375 -11.6311 8 u
-24.1432 -11.593 8 u
-24.2487 -11.5553 8 u
-24.3538 -11.518 8 u
-24.4585 -11.4808 8 u
-24.5627 -11.4436 8 u
-24.6664 -11.4062 8 u
-24.7695 -11.3684 8 u
-24.8719 -11.3302 8 u
-24.9735 -11.2914 8 u
-25.0744 -11.2517 8 u
-25.1744 -11.2111 8 u
-25.2734 -11.1694 8 u
-25.3715 -11.1264 8 u
-25.4685 -11.082 8 u
-25.5644 -11.0359 8 u
-25.6592 -10.9882 8 u
-25.7527 -10.9385 8 u
-25.8449 -10.887 8 u
-25.9359 -10.8336 8 u
-26.0257 -10.7782 8 u
-26.1142 -10.7209 8 u
-26.2015 -10.6617 8 u
-26.2875 -10.6006 8 u
-26.3723 -10.5375 8 u
-26.4559 -10.4725 8 u
-26.5382 -10.4056 8 u
-26.6194 -10.3367 8 u
-26.6992 -10.2659 8 u
-26.7779 -10.1931 8 u
-26.8553 -10.1184 8 u
-26.9315 -10.0417 8 u
-27.0065 -9.96308 8 u
-27.0802 -9.88246 8 u
-27.1527 -9.79987 8 u
-27.224 -9.7153 8 u
-27.2941 -9.62875 8 u
-27.363 -9.54024 8 u
-27.4306 -9.44985 8 u
-27.497 -9.3577 8 u
-27.5621 -9.26389 8 u
-27.6259 -9.16853 8 u
-27.6884 -9.07175 8 u
-27.7496 -8.97363 8 u
-27.8095 -8.87431 8 u
-27.868 -8.77388 8 u
-27.9252 -8.67245 8 u
-27.981 -8.57015 8 u
-28.0354 -8.46707 8 u
-28.0883 -8.36332 8 u
-28.1399 -8.25903 8 u
-28.19 -8.15429 8 u
-28.2386 -8.04922 8 u
-28.2858 -7.94392 8 u
-28.3314 -7.83851 8 u
-28.3756 -7.7331 8 u
-28.4182 -7.6278 8 u
-28.4593 -7.52259 8 u
-28.4989 -7.41694 8 u
-28.537 -7.31018 8 u
-28.5737 -7.20165 8 u
-28.6089 -7.0907 8 u
-28.6427 -6.97667 8 u
-28.6751 -6.85888 8 u
-28.7062 -6.73669 8 u
-28.736 -6.60942 8 u
-28.7645 -6.47643 8 u
-28.7917 -6.33704 8 u
-28.8177 -6.19059 8 u
-28.8425 -6.03644 8 u
-28.8661 -5.87391 8 u
-28.8885 -5.70234 8 u
-28.9098 -5.52107 8 u
-28.9301 -5.32945 8 u
-28.9492 -5.1268 8 u
-28.9674 -4.91248 8 u
-28.9845 -4.68581 8 u

-13.9734 -15.3007 8 u
-14.0926 -15.27 8 u
-14.2101 -15.2384 8 u
-14.326 -15.2059 8 u
-14.4404 -15.1725 8 u
-14.5535 -15.1382 8 u
-14.6652 -15.1031 8 u
-14.7756 -15.067 8 u
-14.885 -15.0302 8 u
-14.9932 -14.9925 8 u
-15.1005 -14.9539 8 u
-15.2069 -14.9145 8 u
-15.3124 -14.8743 8 u
-15.4172 -14.8333 8 u
-15.5214 -14.7915 8 u
-15.625 -14.7488 8 u
-15.7281 -14.7054 8 u
-15.8308 -14.6613 8 u
-15.9331 -14.6163 8 u
-16.0353 -14.5706 8 u
-16.1373 -14.5242 8 u
-16.2392 -14.477 8 u
-16.341 -14.429 8 u
-16.4427 -14.3803 8 u
-16.5443 -14.3308 8 u
-16.6458 -14.2806 8 u
-16.7472 -14.2295 8 u
-16.8484 -14.1777 8 u
-16.9495 -14.125 8 u
-17.0503 -14.0715 8 u
-17.151 -14.0172 8 u
-17.2515 -13.9621 8 u
-17.3518 -13.9061 8 u
-17.4519 -13.8493 8 u
-17.5517 -13.7916 8 u
-17.6513 -13.733 8 u
-17.7506 -13.6736 8 u
-17.8496 -13.6132 8 u
-17.9484 -13.552 8 u
-18.0468 -13.4898 8 u
-18.1449 -13.4268 8 u
-18.2427 -13.3628 8 u
-18.3402 -13.2979 8 u
-18.4374 -13.2322 8 u
-18.5343 -13.1657 8 u
-18.6309 -13.0985 8 u
-18.7273 -13.0306 8 u
-18.8234 -12.9622 8 u
-18.9193 -12.8931 8 u
-19.015 -12.8236 8 u
-19.1105 -12.7535 8 u
-19.2057 -12.6831 8 u
-19.3008 -12.6123 8 u
-19.3957 -12.5413 8 u
-19.4905 -12.4699 8 u
-19.5851 -12.3984 8 u
-19.6796 -12.3267 8 u
-19.774 -12.255 8 u
-19.8683 -12.1832 8 u
-19.9625 -12.1114 8 u
-20.0566 -12.0397 8 u
-20.1507 -11.968 8 u
-20.2446 -11.8966 8 u
-20.3385 -11.8253 8 u
-20.4323 -11.7544 8 u
-20.5259 -11.6836 8 u
-20.6194 -11.6133 8 u
-20.7126 -11.5433 8 u
-20.8057 -11.4737 8 u
-20.8985 -11.4046 8 u
-20.9911 -11.336 8 u
-21.0835 -11.268 8 u
-21.1755 -11.2006 8 u
-21.2672 -11.1338 8 u
-21.3587 -11.0677 8 u
-21.4497 -11.0023 8 u
-21.5404 -10.9377 8 u
-21.6307 -10.8739 8 u
-21.7206 -10.811 8 u
-21.8101 -10.7489 8 u
-21.8991 -10.6879 8 u
-21.9877 -10.6278 8 u
-22.0758 -10.5686 8 u
-22.1634 -10.5103 8 u
-22.2506 -10.4529 8 u
-22.3373 -10.3962 8 u
-22.4236 -10.3403 8 u
-22.5094 -10.285 8 u
-22.5947 -10.2304 8 u
-22.6797 -10.1764 8 u
-22.7641 -10.1228 8 u
-22.8482 -10.0697 8 u
-22.9318 -10.017 8 u
-23.015 -9.96472 8 u
-23.0977 -9.91271 8 u
-23.18 -9.86095 8 u
-23.2619 -9.80939 8 u
-23.3434 -9.75797 8 u
-23.4245 -9.70664 8 u
-23.5051 -9.65536 8 u
-23.5854 -9.60406 8 u
-23.6652 -9.5527 8 u
-23.7447 -9.50122 8 u
-23.8237 -9.44959 8 u
-23.9022 -9.39774 8 u
-23.9803 -9.34564 8 u
-24.0579 -9.29324 8 u
-24.135 -9.24049 8 u
-24.2116 -9.18734 8 u
-24.2877 -9.13374 8 u
-24.3632 -9.07965 8 u
-24.4383 -9.02502 8 u
-24.5127 -8.96981 8 u
-24.5866 -8.91396 8 u
-24.6598 -8.85742 8 u
-24.7325 -8.80016 8 u
-24.8046 -8.74212 8 u
-24.876 -8.68326 8 u
-24.9468 -8.62352 8 u
-25.0169 -8.56287 8 u
-25.0863 -8.50125 8 u
-25.155 -8.43863 8 u
-25.223 -8.37501 8 u
-25.2903 -8.31044 8 u
-25.3567 -8.24492 8 u
-25.4222 -8.17849 8 u
-25.4869 -8.11116 8 u
-25.5506 -8.04297 8 u
-25.6134 -7.97394 8 u
-25.6752 -7.90409 8 u
-25.7359 -7.83345 8 u
-25.7955 -7.76204 8 u
-25.8539 -7.68989 8 u
-25.9112 -7.61702 8 u
-25.9673 -7.54345 8 u
-26.0221 -7.46922 8 u
-26.0757 -7.39434 8 u
-26.1279 -7.31884 8 u
-26.1787 -7.24275 8 u
-26.2281 -7.16608 8 u
-26.276 -7.08887 8 u
-26.3225 -7.01105 8 u
-26.3675 -6.93226 8 u
-26.411 -6.85202 8 u
-26.4531 -6.76987 8 u
-26.4938 -6.68537 8 u
-26.533 -6.59803 8 u
-26.571 -6.50742 8 u
-26.6075 -6.41305 8 u
-26.6428 -6.31448 8 u
-26.6767 -6.21125 8 u
-26.7093 -6.10288 8 u
-26.7407 -5.98893 8 u
-26.7708 -5.86893 8 u
-26.7997 -5.74242 8 u
-26.8274 -5.60894 8 u
-26.8539 -5.46803 8 u
-26.8793 -5.31923 8 u
-26.9035 -5.16207 8 u
-26.9265 -4.99611 8 u
-26.9485 -4.82087 8 u

-13.8797 -14.6414 8 u
-13.9621 -14.5979 8 u
-14.0442 -14.5538 8 u
-14.1259 -14.509 8 u
-14.2073 -14.4636 8 u
-14.2883 -14.4175 8 u
-14.3689 -14.3709 8 u
-14.4491 -14.3236 8 u
-14.529 -14.2758 8 u
-14.6085 -14.2273 8 u
-14.6876 -14.1784 8 u
-14.7664 -14.1289 8 u
-14.8449 -14.0788 8 u
-14.923 -14.0282 8 u
-15.0007 -13.9772 8 u
-15.0782 -13.9256 8 u
-15.1552 -13.8735 8 u
-15.232 -13.821 8 u
-15.3083 -13.768 8 u
-15.3844 -13.7146 8 u
-15.4601 -13.6607 8 u
-15.5355 -13.6064 8 u
-15.6106 -13.5517 8 u
-15.6854 -13.4966 8 u
-15.7599 -13.4411 8 u
-15.8341 -13.3853 8 u
-15.908 -13.3291 8 u
-15.9816 -13.2725 8 u
-16.055 -13.2156 8 u
-16.1281 -13.1584 8 u
-16.201 -13.1009 8 u
-16.2736 -13.0431 8 u
-16.346 -12.985 8 u
-16.4182 -12.9266 8 u
-16.4902 -12.8679 8 u
-16.562 -12.8091 8 u
-16.6336 -12.75 8 u
-16.7051 -12.6906 8 u
-16.7763 -12.6311 8 u
-16.8474 -12.5713 8 u
-16.9184 -12.5114 8 u
-16.9892 -12.4513 8 u
-17.0598 -12.3911 8 u
-17.1304 -12.3306 8 u
-17.2008 -12.2701 8 u
-17.2712 -12.2094 8 u
-17.3414 -12.1486 8 u
-17.4116 -12.0877 8 u
-17.4816 -12.0268 8 u
-17.5517 -11.9657 8 u
-17.6216 -11.9045 8 u
-17.6916 -11.8433 8 u
-17.7615 -11.7821 8 u
-17.8313 -11.7208 8 u
-17.9012 -11.6594 8 u
-17.971 -11.5981 8 u
-18.0409 -11.5368 8 u
-18.1107 -11.4754 8 u
-18.1806 -11.4141 8 u
-18.2506 -11.3528 8 u
-18.3205 -11.2915 8 u
-18.3906 -11.2303 8 u
-18.4606 -11.1692 8 u
-18.5308 -11.1081 8 u
-18.601 -11.0471 8 u
-18.6713 -10.9861 8 u
-18.7417 -10.9253 8 u
-18.8122 -10.8646 8 u
-18.8828 -10.804 8 u
-18.9536 -10.7435 8 u
-19.0244 -10.6831 8 u
-19.0953 -10.6229 8 u
-19.1664 -10.5628 8 u
-19.2376 -10.5029 8 u
-19.309 -10.4432 8 u
-19.3805 -10.3836 8 u
-19.4522 -10.3242 8 u
-19.5241 -10.2651 8 u
-19.5961 -10.2061 8 u
-19.6683 -10.1473 8 u
-19.7407 -10.0888 8 u
-19.8132 -10.0305 8 u
-19.886 -9.97238 8 u
-19.9589 -9.9145 8 u
-20.032 -9.85681 8 u
-20.1053 -9.79932 8 u
-20.1787 -9.742 8 u
-20.2522 -9.68486 8 u
-20.3259 -9.62786 8 u
-20.3997 -9.57102 8 u
-20.4736 -9.51431 8 u
-20.5476 -9.45772 8 u
-20.6216 -9.40125 8 u
-20.6958 -9.34488 8 u
-20.77 -9.2886 8 u
-20.8442 -9.2324 8 u
-20.9186 -9.17627 8 u
-20.9929 -9.1202 8 u
-21.0673 -9.06419 8 u
-21.1417 -9.0082 8 u
-21.2161 -8.95225 8 u
-21.2905 -8.89631 8 u
-21.3649 -8.84038 8 u
-21.4392 -8.78444 8 u
-21.5136 -8.72847 8 u
-21.5879 -8.67247 8 u
-21.6621 -8.61643 8 u
-21.7363 -8.56032 8 u
-21.8104 -8.50414 8 u
-21.8845 -8.44788 8 u
-21.9585 -8.39152 8 u
-22.0324 -8.33505 8 u
-22.1062 -8.27845 8 u
-22.1799 -8.22172 8 u
-22.2534 -8.16484 8 u
-22.3269 -8.10779 8 u
-22.4002 -8.05058 8 u
-22.4734 -7.99317 8 u
-22.5464 -7.93557 8 u
-22.6193 -7.87775 8 u
-22.692 -7.81971 8 u
-22.7646 -7.76143 8 u
-22.8369 -7.70288 8 u
-22.909 -7.64403 8 u
-22.9808 -7.58485 8 u
-23.0524 -7.52532 8 u
-23.1236 -7.46541 8 u
-23.1945 -7.40507 8 u
-23.265 -7.3443 8 u
-23.3351 -7.28305 8 u
-23.4048 -7.22129 8 u
-23.474 -7.159 8 u
-23.5427 -7.09615 8 u
-23.6109 -7.03271 8 u
-23.6786 -6.96864 8 u
-23.7457 -6.90392 8 u
-23.8121 -6.83853 8 u
-23.878 -6.77242 8 u
-23.9432 -6.70557 8 u
-24.0077 -6.63795 8 u
-24.0715 -6.56953 8 u
-24.1345 -6.50028 8 u
-24.1966 -6.43014 8 u
-24.2575 -6.35907 8 u
-24.317 -6.28701 8 u
-24.3749 -6.21391 8 u
-24.4311 -6.13971 8 u
-24.4853 -6.06437 8 u
-24.5372 -5.98782 8 u
-24.5867 -5.91001 8 u
-24.6337 -5.83089 8 u
-24.6777 -5.75041 8 u
-24.7188 -5.66852 8 u
-24.7566 -5.58515 8 u
-24.7909 -5.50026 8 u
-24.8216 -5.41379 8 u
-24.8483 -5.3257 8 u
-24.871 -5.23591 8 u
-24.8894 -5.14439 8 u
-24.9034 -5.05108 8 u
-24.9125 -4.95593 8 u

-14.6296 -19.9154 8 v
-14.6249 -19.8824 8 v
-14.6203 -19.8494 8 v
-14.6156 -19.8165 8 v
-14.6109 -19.7835 8 v
-14.6062 -19.7506 8 v
-14.6015 -19.7176 8 v
-14.5968 -19.6846 8 v
-14.5921 -19.6517 8 v
-14.5874 -19.6187 8 v
-14.5828 -19.5857 8 v
-14.5781 -19.5528 8 v
-14.5734 -19.5198 8 v
-14.5687 -19.4869 8 v
-14.564 -19.4539 8 v
-14.5593 -19.4209 8 v
-14.5546 -19.388 8 v
-14.5499 -19.355 8 v
-14.5453 -19.322 8 v
-14.5406 -19.2891 8 v
-14.5359 -19.2561 8 v
-14.5312 -19.2232 8 v
-14.5265 -19.1902 8 v
-14.5218 -19.1572 8 v
-14.5171 -19.1243 8 v
-14.5124 -19.0913 8 v
-14.5078 -19.0583 8 v
-14.5031 -19.0254 8 v
-14.4984 -18.9924 8 v
-14.4937 -18.9595 8 v
-14.489 -18.9265 8 v
-14.4843 -18.8935 8 v
-14.4796 -18.8606 8 v
-14.4749 -18.8276 8 v
-14.4703 -18.7946 8 v
-14.4656 -18.7617 8 v
-14.4609 -18.7287 8 v
-14.4562 -18.6958 8 v
-14.4515 -18.6628 8 v
-14.4468 -18.6298 8 v
-14.4421 -18.5969 8 v
-14.4374 -18.5639 8 v
-14.4328 -18.531 8 v
-14.4281 -18.498 8 v
-14.4234 -18.465 8 v
-14.4187 -18.4321 8 v
-14.414 -18.3991 8 v
-14.4093 -18.3661 8 v
-14.4046 -18.3332 8 v
-14.3999 -18.3002 8 v
-14.3953 -18.2673 8 v
-14.3906 -18.2343 8 v
-14.3859 -18.2013 8 v
-14.3812 -18.1684 8 v
-14.3765 -18.1354 8 v
-14.3718 -18.1024 8 v
-14.3671 -18.0695 8 v
-14.3625 -18.0365 8 v
-14.3578 -18.0036 8 v
-14.3531 -17.9706 8 v
-14.3484 -17.9376 8 v
-14.3437 -17.9047 8 v
-14.339 -17.8717 8 v
-14.3343 -17.8387 8 v
-14.3296 -17.8058 8 v
-14.325 -17.7728 8 v
-14.3203 -17.7399 8 v
-14.3156 -17.7069 8 v
-14.3109 -17.6739 8 v
-14.3062 -17.641 8 v
-14.3015 -17.608 8 v
-14.2968 -17.575 8 v
-14.2921 -17.5421 8 v
-14.2875 -17.5091 8 v
-14.2828 -17.4762 8 v
-14.2781 -17.4432 8 v
-14.2734 -17.4102 8 v
-14.2687 -17.3773 8 v
-14.264 -17.3443 8 v
-14.2593 -17.3114 8 v
-14.2546 -17.2784 8 v
-14.25 -17.2454 8 v
-14.2453 -17.2125 8 v
-14.2406 -17.1795 8 v
-14.2359 -17.1465 8 v
-14.2312 -17.1136 8 v
-14.2265 -17.0806 8 v
-14.2218 -17.0477 8 v
-14.2171 -17.0147 8 v
-14.2125 -16.9817 8 v
-14.2078 -16.9488 8 v
-14.2031 -16.9158 8 v
-14.1984 -16.8828 8 v
-14.1937 -16.8499 8 v
-14.189 -16.8169 8 v
-14.1843 -16.784 8 v
-14.1796 -16.751 8 v
-14.175 -16.718 8 v
-14.1703 -16.6851 8 v
-14.1656 -16.6521 8 v
-14.1609 -16.6191 8 v
-14.1562 -16.5862 8 v
-14.1515 -16.5532 8 v
-14.1468 -16.5203 8 v
-14.1421 -16.4873 8 v
-14.1375 -16.4543 8 v
-14.1328 -16.4214 8 v
-14.1281 -16.3884 8 v
-14.1234 -16.3554 8 v
-14.1187 -16.3225 8 v
-14.114 -16.2895 8 v
-14.1093 -16.2566 8 v
-14.1046 -16.2236 8 v
-14.1 -16.1906 8 v
-14.0953 -16.1577 8 v
-14.0906 -16.1247 8 v
-14.0859 -16.0918 8 v
-14.0812 -16.0588 8 v
-14.0765 -16.0258 8 v
-14.0718 -15.9929 8 v
-14.0672 -15.9599 8 v
-14.0625 -15.9269 8 v
-14.0578 -15.894 8 v
-14.0531 -15.861 8 v
-14.0484 -15.8281 8 v
-14.0437 -15.7951 8 v
-14.039 -15.7621 8 v
-14.0343 -15.7292 8 v
-14.0297 -15.6962 8 v
-14.025 -15.6632 8 v
-14.0203 -15.6303 8 v
-14.0156 -15.5973 8 v
-14.0109 -15.5644 8 v
-14.0062 -15.5314 8 v
-14.0015 -15.4984 8 v
-13.9968 -15.4655 8 v
-13.9922 -15.4325 8 v
-13.9875 -15.3995 8 v
-13.9828 -15.3666 8 v
-13.9781 -15.3336 8 v
-13.9734 -15.3007 8 v
-13.9687 -15.2677 8 v
-13.964 -15.2347 8 v
-13.9593 -15.2018 8 v
-13.9547 -15.1688 8 v
-13.95 -15.1358 8 v
-13.9453 -15.1029 8 v
-13.9406 -15.0699 8 v
-13.9359 -15.037 8 v
-13.9312 -15.004 8 v
-13.9265 -14.971 8 v
-13.9218 -14.9381 8 v
-13.9172 -14.9051 8 v
-13.9125 -14.8722 8 v
-13.9078 -14.8392 8 v
-13.9031 -14.8062 8 v
-13.8984 -14.7733 8 v
-13.8937 -14.7403 8 v
-13.889 -14.7073 8 v
-13.8843 -14.6744 8 v
-13.8797 -14.6414 8 v

-19.4876 -19.9206 8 v
-19.4335 -19.7998 8 v
-19.3837 -19.6893 8 v
-19.3381 -19.5884 8 v
-19.2963 -19.4968 8 v
-19.2581 -19.4137 8 v
-19.2233 -19.3387 8 v
-19.1916 -19.271 8 v
-19.1627 -19.2102 8 v
-19.1365 -19.1557 8 v
-19.1127 -19.1069 8 v
-19.091 -19.0632 8 v
-19.0712 -19.0241 8 v
-19.053 -18.9889 8 v
-19.0362 -18.9571 8 v
-19.0206 -18.9281 8 v
-19.0059 -18.9014 8 v
-18.9918 -18.8763 8 v
-18.9782 -18.8523 8 v
-18.9647 -18.8288 8 v
-18.9512 -18.8053 8 v
-18.9373 -18.7812 8 v
-18.9232 -18.7565 8 v
-18.9087 -18.7311 8 v
-18.894 -18.7052 8 v
-18.8789 -18.6787 8 v
-18.8636 -18.6517 8 v
-18.848 -18.6242 8 v
-18.8321 -18.5962 8 v
-18.816 -18.5676 8 v
-18.7996 -18.5387 8 v
-18.7829 -18.5092 8 v
-18.766 -18.4794 8 v
-18.7489 -18.4492 8 v
-18.7316 -18.4186 8 v
-18.714 -18.3876 8 v
-18.6962 -18.3563 8 v
-18.6783 -18.3247 8 v
-18.6601 -18.2928 8 v
-18.6417 -18.2606 8 v
-18.6232 -18.2282 8 v
-18.6044 -18.1955 8 v
-18.5856 -18.1626 8 v
-18.5665 -18.1295 8 v
-18.5472 -18.0961 8 v
-18.5278 -18.0626 8 v
-18.5082 -18.0288 8 v
-18.4885 -17.9949 8 v
-18.4685 -17.9607 8 v
-18.4484 -17.9263 8 v
-18.4281 -17.8918 8 v
-18.4076 -17.857 8 v
-18.387 -17.8221 8 v
-18.3662 -17.787 8 v
-18.3452 -17.7517 8 v
-18.324 -17.7162 8 v
-18.3027 -17.6806 8 v
-18.2811 -17.6448 8 v
-18.2594 -17.6089 8 v
-18.2375 -17.5728 8 v
-18.2155 -17.5365 8 v
-18.1932 -17.5001 8 v
-18.1708 -17.4636 8 v
-18.1482 -17.4269 8 v
-18.1255 -17.3901 8 v
-18.1025 -17.3532 8 v
-18.0795 -17.3162 8 v
-18.0562 -17.279 8 v
-18.0328 -17.2418 8 v
-18.0092 -17.2044 8 v
-17.9855 -17.167 8 v
-17.9616 -17.1295 8 v
-17.9376 -17.0918 8 v
-17.9135 -17.0541 8 v
-17.8892 -17.0164 8 v
-17.8647 -16.9785 8 v
-17.8401 -16.9406 8 v
-17.8154 -16.9027 8 v
-17.7906 -16.8647 8 v
-17.7656 -16.8266 8 v
-17.7405 -16.7885 8 v
-17.7153 -16.7504 8 v
-17.6899 -16.7122 8 v
-17.6645 -16.674 8 v
-17.6389 -16.6358 8 v
-17.6132 -16.5976 8 v
-17.5875 -16.5593 8 v
-17.5616 -16.5211 8 v
-17.5356 -16.4828 8 v
-17.5095 -16.4445 8 v
-17.4833 -16.4062 8 v
-17.4571 -16.3678 8 v
-17.4307 -16.3295 8 v
-17.4043 -16.2912 8 v
-17.3778 -16.2528 8 v
-17.3512 -16.2145 8 v
-17.3246 -16.1762 8 v
-17.2978 -16.1379 8 v
-17.2711 -16.0996 8 v
-17.2442 -16.0613 8 v
-17.2173 -16.023 8 v
-17.1903 -15.9848 8 v
-17.1633 -15.9465 8 v
-17.1362 -15.9083 8 v
-17.1091 -15.8701 8 v
-17.082 -15.8319 8 v
-17.0548 -15.7937 8 v
-17.0275 -15.7556 8 v
-17.0002 -15.7175 8 v
-16.9729 -15.6793 8 v
-16.9456 -15.6412 8 v
-16.9182 -15.6031 8 v
-16.8908 -15.5651 8 v
-16.8633 -15.527 8 v
-16.8359 -15.489 8 v
-16.8084 -15.4509 8 v
-16.7809 -15.4129 8 v
-16.7534 -15.3749 8 v
-16.7259 -15.3369 8 v
-16.6983 -15.2989 8 v
-16.6708 -15.2609 8 v
-16.6432 -15.223 8 v
-16.6157 -15.185 8 v
-16.5881 -15.1471 8 v
-16.5607 -15.1093 8 v
-16.5332 -15.0715 8 v
-16.5058 -15.0338 8 v
-16.4786 -14.9963 8 v
-16.4513 -14.9588 8 v
-16.4243 -14.9215 8 v
-16.3973 -14.8843 8 v
-16.3704 -14.8473 8 v
-16.3437 -14.8105 8 v
-16.3172 -14.7738 8 v
-16.2909 -14.7374 8 v
-16.2647 -14.7012 8 v
-16.2388 -14.6652 8 v
-16.213 -14.6295 8 v
-16.1875 -14.5941 8 v
-16.1623 -14.559 8 v
-16.1373 -14.5242 8 v
-16.1125 -14.4896 8 v
-16.0879 -14.4552 8 v
-16.0631 -14.4208 8 v
-16.0382 -14.3861 8 v
-16.0128 -14.3511 8 v
-15.9867 -14.3155 8 v
-15.9599 -14.2792 8 v
-15.9322 -14.242 8 v
-15.9033 -14.2037 8 v
-15.8731 -14.1641 8 v
-15.8414 -14.1231 8 v
-15.8081 -14.0805 8 v
-15.7729 -14.0361 8 v
-15.7356 -13.9898 8 v
-15.6962 -13.9413 8 v
-15.6545 -13.8905 8 v
-15.6101 -13.8372 8 v
-15.5631 -13.7813 8 v
-15.5132 -13.7225 8 v
-15.4601 -13.6607 8 v

-24.3309 -19.9395 8 v
-24.2289 -19.7882 8 v
-24.1354 -19.6499 8 v
-24.0497 -19.5239 8 v
-23.9714 -19.4094 8 v
-23.9001 -19.3058 8 v
-23.8352 -19.2123 8 v
-23.7763 -19.1282 8 v
-23.723 -19.0528 8 v
-23.6747 -18.9854 8 v
-23.631 -18.9252 8 v
-23.5914 -18.8715 8 v
-23.5554 -18.8237 8 v
-23.5226 -18.781 8 v
-23.4924 -18.7426 8 v
-23.4645 -18.7079 8 v
-23.4383 -18.6761 8 v
-23.4133 -18.6466 8 v
-23.3891 -18.6186 8 v
-23.3652 -18.5913 8 v
-23.3412 -18.5641 8 v
-23.3166 -18.5364 8 v
-23.2913 -18.508 8 v
-23.2655 -18.479 8 v
-23.239 -18.4495 8 v
-23.212 -18.4193 8 v
-23.1843 -18.3885 8 v
-23.1561 -18.3571 8 v
-23.1273 -18.3252 8 v
-23.0979 -18.2927 8 v
-23.0681 -18.2597 8 v
-23.0376 -18.2262 8 v
-23.0067 -18.1922 8 v
-22.9752 -18.1577 8 v
-22.9433 -18.1227 8 v
-22.9109 -18.0872 8 v
-22.8779 -18.0513 8 v
-22.8446 -18.0149 8 v
-22.8107 -17.9781 8 v
-22.7765 -17.9409 8 v
-22.7418 -17.9033 8 v
-22.7066 -17.8653 8 v
-22.6711 -17.8268 8 v
-22.6351 -17.788 8 v
-22.5988 -17.7488 8 v
-22.5621 -17.7091 8 v
-22.525 -17.669 8 v
-22.4875 -17.6284 8 v
-22.4496 -17.5874 8 v
-22.4114 -17.5459 8 v
-22.3729 -17.5039 8 v
-22.334 -17.4614 8 v
-22.2948 -17.4185 8 v
-22.2552 -17.375 8 v
-22.2154 -17.331 8 v
-22.1752 -17.2864 8 v
-22.1348 -17.2413 8 v
-22.094 -17.1957 8 v
-22.053 -17.1495 8 v
-22.0117 -17.1027 8 v
-21.9701 -17.0553 8 v
-21.9283 -17.0074 8 v
-21.8862 -16.9589 8 v
-21.8439 -16.9098 8 v
-21.8013 -16.8603 8 v
-21.7585 -16.8103 8 v
-21.7154 -16.7598 8 v
-21.672 -16.7089 8 v
-21.6284 -16.6576 8 v
-21.5846 -16.606 8 v
-21.5405 -16.5541 8 v
-21.4961 -16.5019 8 v
-21.4515 -16.4494 8 v
-21.4066 -16.3966 8 v
-21.3615 -16.3437 8 v
-21.3161 -16.2906 8 v
-21.2705 -16.2374 8 v
-21.2246 -16.1841 8 v
-21.1785 -16.1306 8 v
-21.1321 -16.0772 8 v
-21.0855 -16.0237 8 v
-21.0386 -15.9702 8 v
-20.9915 -15.9168 8 v
-20.9441 -15.8634 8 v
-20.8965 -15.8102 8 v
-20.8487 -15.7571 8 v
-20.8007 -15.7041 8 v
-20.7524 -15.6514 8 v
-20.704 -15.5988 8 v
-20.6553 -15.5466 8 v
-20.6065 -15.4946 8 v
-20.5575 -15.443 8 v
-20.5083 -15.3917 8 v
-20.4589 -15.3408 8 v
-20.4093 -15.2903 8 v
-20.3596 -15.2403 8 v
-20.3097 -15.1907 8 v
-20.2597 -15.1417 8 v
-20.2095 -15.0932 8 v
-20.1592 -15.0452 8 v
-20.1088 -14.9979 8 v
-20.0583 -14.9512 8 v
-20.0076 -14.9051 8 v
-19.9568 -14.8596 8 v
-19.906 -14.8147 8 v
-19.8551 -14.7704 8 v
-19.8042 -14.7265 8 v
-19.7532 -14.6832 8 v
-19.7022 -14.6404 8 v
-19.6512 -14.598 8 v
-19.6003 -14.556 8 v
-19.5493 -14.5145 8 v
-19.4984 -14.4734 8 v
-19.4476 -14.4327 8 v
-19.3968 -14.3924 8 v
-19.3462 -14.3523 8 v
-19.2956 -14.3126 8 v
-19.2452 -14.2732 8 v
-19.1949 -14.2341 8 v
-19.1447 -14.1952 8 v
-19.0948 -14.1566 8 v
-19.045 -14.1182 8 v
-18.9954 -14.0799 8 v
-18.946 -14.0419 8 v
-18.8968 -14.0041 8 v
-18.8478 -13.9665 8 v
-18.7991 -13.9291 8 v
-18.7506 -13.892 8 v
-18.7023 -13.855 8 v
-18.6543 -13.8182 8 v
-18.6066 -13.7816 8 v
-18.5591 -13.7453 8 v
-18.5118 -13.7091 8 v
-18.4649 -13.6731 8 v
-18.4183 -13.6373 8 v
-18.3719 -13.6018 8 v
-18.3259 -13.5664 8 v
-18.2801 -13.5312 8 v
-18.2347 -13.4962 8 v
-18.1897 -13.4614 8 v
-18.1449 -13.4268 8 v
-18.1005 -13.3923 8 v
-18.0561 -13.3578 8 v
-18.0114 -13.3231 8 v
-17.9662 -13.2881 8 v
-17.9201 -13.2524 8 v
-17.8729 -13.2159 8 v
-17.8241 -13.1785 8 v
-17.7736 -13.1398 8 v
-17.721 -13.0998 8 v
-17.6661 -13.0581 8 v
-17.6084 -13.0147 8 v
-17.5477 -12.9693 8 v
-17.4838 -12.9218 8 v
-17.4162 -12.8718 8 v
-17.3448 -12.8193 8 v
-17.2691 -12.7641 8 v
-17.189 -12.7058 8 v
-17.104 -12.6445 8 v
-17.0139 -12.5797 8 v
-16.9184 -12.5114 8 v

-29.2064 -19.8872 8 v
-29.0547 -19.7272 8 v
-28.9153 -19.5812 8 v
-28.7877 -19.4484 8 v
-28.6712 -19.328 8 v
-28.565 -19.2192 8 v
-28.4683 -19.1213 8 v
-28.3806 -19.0334 8 v
-28.3011 -18.9547 8 v
-28.229 -18.8844 8 v
-28.1638 -18.8218 8 v
-28.1045 -18.766 8 v
-28.0506 -18.7162 8 v
-28.0014 -18.6716 8 v
-27.956 -18.6315 8 v
-27.9139 -18.5951 8 v
-27.8742 -18.5614 8 v
-27.8364 -18.5299 8 v
-27.7996 -18.4995 8 v
-27.7632 -18.4696 8 v
-27.7264 -18.4394 8 v
-27.6887 -18.4081 8 v
-27.6499 -18.3757 8 v
-27.6102 -18.3422 8 v
-27.5694 -18.3076 8 v
-27.5277 -18.272 8 v
-27.485 -18.2353 8 v
-27.4414 -18.1977 8 v
-27.397 -18.159 8 v
-27.3516 -18.1194 8 v
-27.3055 -18.0789 8 v
-27.2585 -18.0375 8 v
-27.2107 -17.9951 8 v
-27.1621 -17.952 8 v
-27.1128 -17.908 8 v
-27.0628 -17.8632 8 v
-27.0121 -17.8176 8 v
-26.9607 -17.7712 8 v
-26.9087 -17.7241 8 v
-26.8561 -17.6763 8 v
-26.8028 -17.6279 8 v
-26.749 -17.5787 8 v
-26.6946 -17.529 8 v
-26.6397 -17.4786 8 v
-26.5842 -17.4276 8 v
-26.5282 -17.376 8 v
-26.4716 -17.3239 8 v
-26.4145 -17.2712 8 v
-26.3569 -17.2181 8 v
-26.2987 -17.1644 8 v
-26.2401 -17.1102 8 v
-26.181 -17.0556 8 v
-26.1213 -17.0006 8 v
-26.0612 -16.9451 8 v
-26.0006 -16.8893 8 v
-25.9395 -16.8331 8 v
-25.8779 -16.7765 8 v
-25.8159 -16.7196 8 v
-25.7535 -16.6624 8 v
-25.6905 -16.6049 8 v
-25.6272 -16.5471 8 v
-25.5634 -16.489 8 v
-25.4992 -16.4307 8 v
-25.4346 -16.3722 8 v
-25.3696 -16.3133 8 v
-25.3043 -16.2542 8 v
-25.2386 -16.1948 8 v
-25.1725 -16.1351 8 v
-25.1061 -16.0752 8 v
-25.0394 -16.0149 8 v
-24.9724 -15.9543 8 v
-24.9051 -15.8933 8 v
-24.8376 -15.8321 8 v
-24.7697 -15.7705 8 v
-24.7017 -15.7086 8 v
-24.6334 -15.6464 8 v
-24.5649 -15.5837 8 v
-24.4962 -15.5208 8 v
-24.4273 -15.4574 8 v
-24.3582 -15.3937 8 v
-24.289 -15.3297 8 v
-24.2197 -15.2652 8 v
-24.1502 -15.2004 8 v
-24.0806 -15.1353 8 v
-24.0108 -15.0699 8 v
-23.941 -15.0043 8 v
-23.871 -14.9385 8 v
-23.8009 -14.8725 8 v
-23.7307 -14.8064 8 v
-23.6603 -14.7402 8 v
-23.5899 -14.674 8 v
-23.5194 -14.6077 8 v
-23.4487 -14.5415 8 v
-23.378 -14.4754 8 v
-23.3072 -14.4094 8 v
-23.2363 -14.3435 8 v
-23.1654 -14.2778 8 v
-23.0943 -14.2123 8 v
-23.0232 -14.1471 8 v
-22.952 -14.0821 8 v
-22.8807 -14.0175 8 v
-22.8094 -13.9533 8 v
-22.738 -13.8894 8 v
-22.6666 -13.826 8 v
-22.5951 -13.7631 8 v
-22.5236 -13.7007 8 v
-22.452 -13.6389 8 v
-22.3804 -13.5776 8 v
-22.3087 -13.5169 8 v
-22.237 -13.4569 8 v
-22.1652 -13.3976 8 v
-22.0934 -13.339 8 v
-22.0216 -13.2812 8 v
-21.9497 -13.2242 8 v
-21.8778 -13.168 8 v
-21.8059 -13.1127 8 v
-21.7339 -13.0583 8 v
-21.6619 -13.0049 8 v
-21.5899 -12.9524 8 v
-21.5179 -12.9009 8 v
-21.4458 -12.8505 8 v
-21.3738 -12.8012 8 v
-21.3018 -12.7529 8 v
-21.2298 -12.7057 8 v
-21.158 -12.6595 8 v
-21.0863 -12.6143 8 v
-21.0148 -12.57 8 v
-20.9435 -12.5267 8 v
-20.8725 -12.4844 8 v
-20.8018 -12.4429 8 v
-20.7314 -12.4023 8 v
-20.6615 -12.3626 8 v
-20.592 -12.3237 8 v
-20.523 -12.2856 8 v
-20.4545 -12.2483 8 v
-20.3865 -12.2117 8 v
-20.3192 -12.1759 8 v
-20.2525 -12.1408 8 v
-20.1864 -12.1064 8 v
-20.1211 -12.0727 8 v
-20.0566 -12.0397 8 v
-19.9928 -12.0072 8 v
-19.9293 -11.9752 8 v
-19.8658 -11.9435 8 v
-19.8016 -11.9119 8 v
-19.7364 -11.8803 8 v
-19.6697 -11.8485 8 v
-19.6011 -11.8163 8 v
-19.53 -11.7836 8 v
-19.4561 -11.7503 8 v
-19.3788 -11.7161 8 v
-19.2977 -11.6809 8 v
-19.2123 -11.6445 8 v
-19.1222 -11.6068 8 v
-19.027 -11.5675 8 v
-18.926 -11.5266 8 v
-18.819 -11.4839 8 v
-18.7054 -11.4392 8 v
-18.5848 -11.3924 8 v
-18.4566 -11.3432 8 v
-18.3205 -11.2915 8 v

-34.0141 -19.5284 8 v
-33.8037 -19.3282 8 v
-33.6101 -19.1458 8 v
-33.4322 -18.98 8 v
-33.2692 -18.8299 8 v
-33.1201 -18.6945 8 v
-32.9839 -18.5729 8 v
-32.8597 -18.464 8 v
-32.7465 -18.3669 8 v
-32.6434 -18.2805 8 v
-32.5494 -18.204 8 v
-32.4636 -18.1362 8 v
-32.385 -18.0762 8 v
-32.3128 -18.0231 8 v
-32.2458 -17.9757 8 v
-32.1833 -17.9333 8 v
-32.1242 -17.8947 8 v
-32.0676 -17.8589 8 v
-32.0125 -17.8251 8 v
-31.958 -17.7921 8 v
-31.9031 -17.7591 8 v
-31.8471 -17.7251 8 v
-31.7898 -17.6901 8 v
-31.7313 -17.6542 8 v
-31.6716 -17.6172 8 v
-31.6107 -17.5794 8 v
-31.5487 -17.5406 8 v
-31.4857 -17.5011 8 v
-31.4216 -17.4607 8 v
-31.3565 -17.4196 8 v
-31.2905 -17.3778 8 v
-31.2235 -17.3353 8 v
-31.1556 -17.2922 8 v
-31.087 -17.2485 8 v
-31.0175 -17.2042 8 v
-30.9472 -17.1594 8 v
-30.8762 -17.1142 8 v
-30.8046 -17.0685 8 v
-30.7322 -17.0224 8 v
-30.6593 -16.976 8 v
-30.5858 -16.9292 8 v
-30.5118 -16.8822 8 v
-30.4373 -16.8349 8 v
-30.3623 -16.7874 8 v
-30.2868 -16.7395 8 v
-30.2109 -16.6914 8 v
-30.1345 -16.6431 8 v
-30.0577 -16.5944 8 v
-29.9805 -16.5455 8 v
-29.903 -16.4963 8 v
-29.8251 -16.4468 8 v
-29.7468 -16.3971 8 v
-29.6682 -16.3471 8 v
-29.5894 -16.2968 8 v
-29.5102 -16.2462 8 v
-29.4308 -16.1954 8 v
-29.3511 -16.1443 8 v
-29.2712 -16.0929 8 v
-29.1911 -16.0412 8 v
-29.1108 -15.9893 8 v
-29.0304 -15.9371 8 v
-28.9498 -15.8846 8 v
-28.869 -15.8317 8 v
-28.788 -15.7786 8 v
-28.7067 -15.725 8 v
-28.6253 -15.6711 8 v
-28.5435 -15.6167 8 v
-28.4614 -15.5619 8 v
-28.379 -15.5065 8 v
-28.2962 -15.4506 8 v
-28.213 -15.3942 8 v
-28.1294 -15.3371 8 v
-28.0453 -15.2794 8 v
-27.9608 -15.2211 8 v
-27.8758 -15.162 8 v
-27.7902 -15.1022 8 v
-27.7041 -15.0417 8 v
-27.6174 -14.9803 8 v
-27.5301 -14.9182 8 v
-27.4421 -14.8552 8 v
-27.3535 -14.7912 8 v
-27.2642 -14.7264 8 v
-27.1743 -14.6607 8 v
-27.0837 -14.594 8 v
-26.9926 -14.5266 8 v
-26.9009 -14.4582 8 v
-26.8087 -14.3891 8 v
-26.716 -14.3191 8 v
-26.6229 -14.2484 8 v
-26.5294 -14.1769 8 v
-26.4355 -14.1046 8 v
-26.3413 -14.0316 8 v
-26.2468 -13.9579 8 v
-26.152 -13.8835 8 v
-26.0571 -13.8085 8 v
-25.9619 -13.7328 8 v
-25.8667 -13.6564 8 v
-25.7713 -13.5795 8 v
-25.6758 -13.5019 8 v
-25.5803 -13.4238 8 v
-25.4848 -13.3451 8 v
-25.3894 -13.266 8 v
-25.294 -13.1863 8 v
-25.1987 -13.1064 8 v
-25.1035 -13.0262 8 v
-25.0084 -12.9459 8 v
-24.9135 -12.8655 8 v
-24.8188 -12.7852 8 v
-24.7242 -12.705 8 v
-24.6299 -12.6251 8 v
-24.5358 -12.5456 8 v
-24.4419 -12.4665 8 v
-24.3484 -12.3879 8 v
-24.2551 -12.31 8 v
-24.1622 -12.2329 8 v
-24.0697 -12.1566 8 v
-23.9775 -12.0812 8 v
-23.8856 -12.0069 8 v
-23.7943 -11.9337 8 v
-23.7033 -11.8618 8 v
-23.6128 -11.7912 8 v
-23.5228 -11.722 8 v
-23.4333 -11.6543 8 v
-23.3442 -11.588 8 v
-23.2556 -11.5231 8 v
-23.1675 -11.4598 8 v
-23.0798 -11.3979 8 v
-22.9926 -11.3374 8 v
-22.9059 -11.2785 8 v
-22.8196 -11.221 8 v
-22.7337 -11.165 8 v
-22.6483 -11.1105 8 v
-22.5634 -11.0574 8 v
-22.4788 -11.0059 8 v
-22.3947 -10.9559 8 v
-22.3111 -10.9074 8 v
-22.2279 -10.8605 8 v
-22.1451 -10.815 8 v
-22.0627 -10.7711 8 v
-21.9807 -10.7287 8 v
-21.8991 -10.6879 8 v
-21.8179 -10.6485 8 v
-21.7367 -10.6107 8 v
-21.6549 -10.5742 8 v
-21.5721 -10.5391 8 v
-21.4879 -10.5051 8 v
-21.4018 -10.4724 8 v
-21.3134 -10.4406 8 v
-21.2222 -10.4099 8 v
-21.1277 -10.3801 8 v
-21.0294 -10.3511 8 v
-20.927 -10.3228 8 v
-20.8199 -10.2952 8 v
-20.7077 -10.2682 8 v
-20.59 -10.2417 8 v
-20.4662 -10.2156 8 v
-20.3359 -10.1899 8 v
-20.1987 -10.1644 8 v
-20.054 -10.1391 8 v
-19.9015 -10.1139 8 v
-19.7407 -10.0888 8 v

-38.4736 -17.7403 8 v
-38.1432 -17.5296 8 v
-37.8403 -17.3371 8 v
-37.5635 -17.1618 8 v
-37.3112 -17.0028 8 v
-37.082 -16.859 8 v
-36.8741 -16.7294 8 v
-36.6862 -16.6131 8 v
-36.5167 -16.5092 8 v
-36.364 -16.4165 8 v
-36.2267 -16.3341 8 v
-36.1031 -16.261 8 v
-35.9918 -16.1962 8 v
-35.8912 -16.1388 8 v
-35.7998 -16.0878 8 v
-35.7161 -16.0421 8 v
-35.6384 -16.0008 8 v
-35.5653 -15.9629 8 v
-35.4953 -15.9274 8 v
-35.4268 -15.8932 8 v
-35.3583 -15.8596 8 v
-35.2885 -15.8255 8 v
-35.2172 -15.7909 8 v
-35.1444 -15.7558 8 v
-35.0703 -15.7202 8 v
-34.9949 -15.6842 8 v
-34.9182 -15.6477 8 v
-34.8403 -15.6109 8 v
-34.7613 -15.5737 8 v
-34.6812 -15.5362 8 v
-34.6001 -15.4984 8 v
-34.5181 -15.4603 8 v
-34.4352 -15.422 8 v
-34.3514 -15.3835 8 v
-34.2669 -15.3449 8 v
-34.1816 -15.306 8 v
-34.0958 -15.2671 8 v
-34.0093 -15.228 8 v
-33.9223 -15.189 8 v
-33.8349 -15.1498 8 v
-33.747 -15.1107 8 v
-33.6588 -15.0716 8 v
-33.5703 -15.0326 8 v
-33.4814 -14.9935 8 v
-33.3921 -14.9544 8 v
-33.3025 -14.9152 8 v
-33.2125 -14.876 8 v
-33.1221 -14.8367 8 v
-33.0313 -14.7974 8 v
-32.9401 -14.7579 8 v
-32.8485 -14.7182 8 v
-32.7565 -14.6785 8 v
-32.6641 -14.6385 8 v
-32.5713 -14.5984 8 v
-32.478 -14.5581 8 v
-32.3843 -14.5175 8 v
-32.2902 -14.4767 8 v
-32.1956 -14.4356 8 v
-32.1006 -14.3943 8 v
-32.0051 -14.3526 8 v
-31.9091 -14.3107 8 v
-31.8126 -14.2684 8 v
-31.7157 -14.2258 8 v
-31.6184 -14.1829 8 v
-31.5206 -14.1397 8 v
-31.4225 -14.0962 8 v
-31.3239 -14.0525 8 v
-31.225 -14.0086 8 v
-31.1258 -13.9644 8 v
-31.0262 -13.9201 8 v
-30.9263 -13.8755 8 v
-30.8261 -13.8308 8 v
-30.7257 -13.786 8 v
-30.625 -13.741 8 v
-30.524 -13.696 8 v
-30.4229 -13.6508 8 v
-30.3215 -13.6056 8 v
-30.22 -13.5603 8 v
-30.1183 -13.5149 8 v
-30.0165 -13.4695 8 v
-29.9146 -13.4242 8 v
-29.8125 -13.3788 8 v
-29.7103 -13.3333 8 v
-29.608 -13.2877 8 v
-29.5056 -13.2419 8 v
-29.403 -13.1958 8 v
-29.3002 -13.1493 8 v
-29.1972 -13.1023 8 v
-29.0941 -13.0548 8 v
-28.9907 -13.0067 8 v
-28.8871 -12.958 8 v
-28.7832 -12.9084 8 v
-28.6791 -12.858 8 v
-28.5747 -12.8067 8 v
-28.4701 -12.7543 8 v
-28.3651 -12.701 8 v
-28.2598 -12.6464 8 v
-28.1542 -12.5906 8 v
-28.0482 -12.5335 8 v
-27.9419 -12.475 8 v
-27.8353 -12.4151 8 v
-27.7282 -12.3536 8 v
-27.6208 -12.2907 8 v
-27.5131 -12.2263 8 v
-27.405 -12.1607 8 v
-27.2967 -12.0938 8 v
-27.1882 -12.0256 8 v
-27.0794 -11.9564 8 v
-26.9705 -11.8862 8 v
-26.8614 -11.815 8 v
-26.7521 -11.7428 8 v
-26.6428 -11.6699 8 v
-26.5334 -11.5962 8 v
-26.424 -11.5218 8 v
-26.3145 -11.4468 8 v
-26.2051 -11.3713 8 v
-26.0957 -11.2953 8 v
-25.9864 -11.219 8 v
-25.8772 -11.1423 8 v
-25.7681 -11.0653 8 v
-25.6592 -10.9882 8 v
-25.5504 -10.911 8 v
-25.4419 -10.8338 8 v
-25.3337 -10.7567 8 v
-25.2258 -10.68 8 v
-25.1183 -10.6037 8 v
-25.0113 -10.528 8 v
-24.9047 -10.453 8 v
-24.7986 -10.3788 8 v
-24.6932 -10.3057 8 v
-24.5883 -10.2336 8 v
-24.4842 -10.1628 8 v
-24.3807 -10.0933 8 v
-24.2781 -10.0254 8 v
-24.1762 -9.95918 8 v
-24.0753 -9.89472 8 v
-23.9753 -9.83219 8 v
-23.8762 -9.77172 8 v
-23.7782 -9.71345 8 v
-23.6812 -9.65752 8 v
-23.5854 -9.60406 8 v
-23.4906 -9.55317 8 v
-23.3965 -9.50479 8 v
-23.3025 -9.45882 8 v
-23.2082 -9.41516 8 v
-23.1129 -9.37373 8 v
-23.0161 -9.33441 8 v
-22.9174 -9.29712 8 v
-22.8161 -9.26175 8 v
-22.7119 -9.22821 8 v
-22.6041 -9.19641 8 v
-22.4923 -9.16624 8 v
-22.3758 -9.13761 8 v
-22.2542 -9.11042 8 v
-22.127 -9.08457 8 v
-21.9937 -9.05997 8 v
-21.8536 -9.03651 8 v
-21.7064 -9.01411 8 v
-21.5514 -8.99267 8 v
-21.3881 -8.97208 8 v
-21.2161 -8.95225 8 v

-40.7325 -13.5173 8 v
-40.3808 -13.4322 8 v
-40.0588 -13.3533 8 v
-39.7648 -13.2803 8 v
-39.4972 -13.2129 8 v
-39.2542 -13.1506 8 v
-39.0343 -13.0932 8 v
-38.8358 -13.0403 8 v
-38.6571 -12.9916 8 v
-38.4965 -12.9467 8 v
-38.3523 -12.9052 8 v
-38.223 -12.8668 8 v
-38.1068 -12.8312 8 v
-38.0022 -12.798 8 v
-37.9074 -12.7668 8 v
-37.8209 -12.7373 8 v
-37.7409 -12.7092 8 v
-37.6659 -12.6821 8 v
-37.5942 -12.6557 8 v
-37.5241 -12.6295 8 v
-37.454 -12.6033 8 v
-37.3825 -12.5768 8 v
-37.3095 -12.5499 8 v
-37.2349 -12.5226 8 v
-37.1588 -12.4951 8 v
-37.0812 -12.4672 8 v
-37.0023 -12.439 8 v
-36.922 -12.4106 8 v
-36.8405 -12.3819 8 v
-36.7578 -12.353 8 v
-36.6738 -12.3239 8 v
-36.5888 -12.2946 8 v
-36.5027 -12.2652 8 v
-36.4156 -12.2356 8 v
-36.3276 -12.2059 8 v
-36.2386 -12.1761 8 v
-36.1488 -12.1462 8 v
-36.0582 -12.1163 8 v
-35.9669 -12.0864 8 v
-35.8749 -12.0565 8 v
-35.7823 -12.0266 8 v
-35.6891 -11.9967 8 v
-35.5954 -11.9668 8 v
-35.5011 -11.937 8 v
-35.4062 -11.9073 8 v
-35.3109 -11.8777 8 v
-35.215 -11.8481 8 v
-35.1187 -11.8186 8 v
-35.0218 -11.7893 8 v
-34.9245 -11.76 8 v
-34.8268 -11.7308 8 v
-34.7286 -11.7018 8 v
-34.63 -11.673 8 v
-34.531 -11.6442 8 v
-34.4316 -11.6156 8 v
-34.3319 -11.5872 8 v
-34.2317 -11.559 8 v
-34.1312 -11.5309 8 v
-34.0304 -11.5031 8 v
-33.9292 -11.4754 8 v
-33.8277 -11.448 8 v
-33.7259 -11.4207 8 v
-33.6239 -11.3937 8 v
-33.5215 -11.3669 8 v
-33.4188 -11.3404 8 v
-33.3158 -11.314 8 v
-33.2125 -11.2879 8 v
-33.1089 -11.262 8 v
-33.005 -11.2364 8 v
-32.9008 -11.211 8 v
-32.7962 -11.1858 8 v
-32.6914 -11.1608 8 v
-32.5863 -11.1361 8 v
-32.4808 -11.1117 8 v
-32.375 -11.0874 8 v
-32.2689 -11.0634 8 v
-32.1625 -11.0397 8 v
-32.0558 -11.0162 8 v
-31.9488 -10.993 8 v
-31.8414 -10.97 8 v
-31.7337 -10.9472 8 v
-31.6257 -10.9247 8 v
-31.5174 -10.9024 8 v
-31.4088 -10.8802 8 v
-31.2999 -10.8581 8 v
-31.1908 -10.836 8 v
-31.0814 -10.8138 8 v
-30.9718 -10.7915 8 v
-30.8619 -10.769 8 v
-30.7519 -10.7462 8 v
-30.6417 -10.7232 8 v
-30.5313 -10.6998 8 v
-30.4208 -10.6759 8 v
-30.3101 -10.6516 8 v
-30.1993 -10.6266 8 v
-30.0884 -10.6011 8 v
-29.9774 -10.5748 8 v
-29.8664 -10.5479 8 v
-29.7552 -10.5201 8 v
-29.644 -10.4914 8 v
-29.5328 -10.4618 8 v
-29.4216 -10.4312 8 v
-29.3104 -10.3996 8 v
-29.1991 -10.3669 8 v
-29.0878 -10.3331 8 v
-28.9764 -10.2983 8 v
-28.865 -10.2624 8 v
-28.7535 -10.2253 8 v
-28.6419 -10.187 8 v
-28.5302 -10.1476 8 v
-28.4185 -10.1069 8 v
-28.3066 -10.065 8 v
-28.1947 -10.0219 8 v
-28.0826 -9.97746 8 v
-27.9704 -9.93174 8 v
-27.8581 -9.88469 8 v
-27.7456 -9.83629 8 v
-27.633 -9.78652 8 v
-27.5202 -9.73536 8 v
-27.4072 -9.68278 8 v
-27.2941 -9.62875 8 v
-27.1808 -9.5733 8 v
-27.0674 -9.51658 8 v
-26.9539 -9.45879 8 v
-26.8405 -9.40011 8 v
-26.7271 -9.34076 8 v
-26.614 -9.28091 8 v
-26.501 -9.22077 8 v
-26.3884 -9.16054 8 v
-26.2761 -9.1004 8 v
-26.1643 -9.04056 8 v
-26.053 -8.9812 8 v
-25.9423 -8.92253 8 v
-25.8323 -8.86474 8 v
-25.723 -8.80803 8 v
-25.6144 -8.75258 8 v
-25.5068 -8.6986 8 v
-25.4001 -8.64628 8 v
-25.2944 -8.59582 8 v
-25.1898 -8.54741 8 v
-25.0863 -8.50125 8 v
-24.984 -8.45746 8 v
-24.8824 -8.41591 8 v
-24.7812 -8.3764 8 v
-24.6799 -8.33873 8 v
-24.5781 -8.30268 8 v
-24.4754 -8.26806 8 v
-24.3712 -8.23467 8 v
-24.2652 -8.20229 8 v
-24.1569 -8.17074 8 v
-24.046 -8.13981 8 v
-23.9319 -8.10928 8 v
-23.8142 -8.07897 8 v
-23.6926 -8.04867 8 v
-23.5664 -8.01817 8 v
-23.4355 -7.98727 8 v
-23.2991 -7.95577 8 v
-23.1571 -7.92347 8 v
-23.0088 -7.89016 8 v
-22.854 -7.85564 8 v
-22.692 -7.81971 8 v

-41.3331 -8.73033 8 v
-41.0316 -8.74117 8 v
-40.7552 -8.74979 8 v
-40.5025 -8.75629 8 v
-40.272 -8.76081 8 v
-40.0623 -8.76346 8 v
-39.8721 -8.76437 8 v
-39.6999 -8.76366 8 v
-39.5442 -8.76145 8 v
-39.4038 -8.75787 8 v
-39.277 -8.75303 8 v
-39.1626 -8.74705 8 v
-39.0592 -8.74006 8 v
-38.9652 -8.73218 8 v
-38.8793 -8.72353 8 v
-38.8001 -8.71423 8 v
-38.7261 -8.7044 8 v
-38.6559 -8.69418 8 v
-38.5881 -8.68366 8 v
-38.5214 -8.67299 8 v
-38.4542 -8.66228 8 v
-38.3854 -8.65163 8 v
-38.3149 -8.64105 8 v
-38.2426 -8.63054 8 v
-38.1686 -8.62009 8 v
-38.093 -8.60969 8 v
-38.0159 -8.59933 8 v
-37.9373 -8.589 8 v
-37.8573 -8.5787 8 v
-37.7759 -8.56842 8 v
-37.6932 -8.55816 8 v
-37.6092 -8.54789 8 v
-37.524 -8.53762 8 v
-37.4377 -8.52734 8 v
-37.3503 -8.51704 8 v
-37.2618 -8.5067 8 v
-37.1724 -8.49633 8 v
-37.0821 -8.48592 8 v
-36.991 -8.47546 8 v
-36.899 -8.46493 8 v
-36.8064 -8.45434 8 v
-36.713 -8.44367 8 v
-36.619 -8.43293 8 v
-36.5243 -8.42212 8 v
-36.429 -8.41126 8 v
-36.3331 -8.40034 8 v
-36.2366 -8.38937 8 v
-36.1395 -8.37835 8 v
-36.0418 -8.36729 8 v
-35.9435 -8.3562 8 v
-35.8447 -8.34508 8 v
-35.7454 -8.33393 8 v
-35.6455 -8.32276 8 v
-35.5451 -8.31158 8 v
-35.4442 -8.30039 8 v
-35.3429 -8.28919 8 v
-35.241 -8.278 8 v
-35.1387 -8.26681 8 v
-35.036 -8.25563 8 v
-34.9328 -8.24447 8 v
-34.8292 -8.23332 8 v
-34.7252 -8.22221 8 v
-34.6208 -8.21113 8 v
-34.5161 -8.2001 8 v
-34.4111 -8.18912 8 v
-34.3057 -8.17821 8 v
-34.2001 -8.16738 8 v
-34.0942 -8.15663 8 v
-33.9881 -8.14598 8 v
-33.8819 -8.13543 8 v
-33.7754 -8.125 8 v
-33.6688 -8.11469 8 v
-33.5622 -8.10452 8 v
-33.4554 -8.0945 8 v
-33.3486 -8.08462 8 v
-33.2417 -8.07492 8 v
-33.1348 -8.06539 8 v
-33.028 -8.05604 8 v
-32.9212 -8.04689 8 v
-32.8145 -8.03795 8 v
-32.7078 -8.02922 8 v
-32.6013 -8.0207 8 v
-32.4949 -8.0124 8 v
-32.3887 -8.00429 8 v
-32.2825 -7.99635 8 v
-32.1763 -7.98856 8 v
-32.0703 -7.98092 8 v
-31.9642 -7.9734 8 v
-31.8583 -7.96598 8 v
-31.7523 -7.95866 8 v
-31.6463 -7.9514 8 v
-31.5403 -7.9442 8 v
-31.4343 -7.93704 8 v
-31.3282 -7.9299 8 v
-31.2221 -7.92276 8 v
-31.116 -7.9156 8 v
-31.0097 -7.90842 8 v
-30.9034 -7.90119 8 v
-30.7969 -7.89389 8 v
-30.6903 -7.88652 8 v
-30.5836 -7.87904 8 v
-30.4767 -7.87145 8 v
-30.3697 -7.86367 8 v
-30.2625 -7.85567 8 v
-30.1552 -7.84738 8 v
-30.0477 -7.83874 8 v
-29.9401 -7.82969 8 v
-29.8323 -7.82018 8 v
-29.7244 -7.81014 8 v
-29.6164 -7.79953 8 v
-29.5081 -7.78828 8 v
-29.3998 -7.77632 8 v
-29.2913 -7.76362 8 v
-29.1827 -7.7501 8 v
-29.0739 -7.73571 8 v
-28.965 -7.72039 8 v
-28.8559 -7.70408 8 v
-28.7467 -7.68672 8 v
-28.6373 -7.66827 8 v
-28.5279 -7.64864 8 v
-28.4182 -7.6278 8 v
-28.3085 -7.60571 8 v
-28.1987 -7.58245 8 v
-28.0888 -7.55813 8 v
-27.979 -7.53286 8 v
-27.8693 -7.50675 8 v
-27.7598 -7.47991 8 v
-27.6504 -7.45245 8 v
-27.5414 -7.42448 8 v
-27.4327 -7.3961 8 v
-27.3244 -7.36744 8 v
-27.2165 -7.33859 8 v
-27.1091 -7.30967 8 v
-27.0024 -7.28079 8 v
-26.8962 -7.25205 8 v
-26.7908 -7.22357 8 v
-26.6861 -7.19546 8 v
-26.5822 -7.16783 8 v
-26.4792 -7.14077 8 v
-26.3771 -7.11442 8 v
-26.276 -7.08887 8 v
-26.1759 -7.06419 8 v
-26.0765 -7.04027 8 v
-25.9776 -7.01697 8 v
-25.8789 -6.99414 8 v
-25.7799 -6.97161 8 v
-25.6805 -6.94926 8 v
-25.5804 -6.92691 8 v
-25.4792 -6.90444 8 v
-25.3766 -6.88167 8 v
-25.2723 -6.85847 8 v
-25.1661 -6.83469 8 v
-25.0576 -6.81017 8 v
-24.9465 -6.78476 8 v
-24.8325 -6.75832 8 v
-24.7154 -6.7307 8 v
-24.5948 -6.70173 8 v
-24.4704 -6.67129 8 v
-24.3419 -6.6392 8 v
-24.2091 -6.60533 8 v
-24.0715 -6.56953 8 v

-41.2003 -3.87544 8 v
-41.0985 -3.8822 8 v
-40.9967 -3.88895 8 v
-40.8949 -3.8957 8 v
-40.7931 -3.90246 8 v
-40.6913 -3.90921 8 v
-40.5895 -3.91596 8 v
-40.4877 -3.92271 8 v
-40.3859 -3.92947 8 v
-40.2841 -3.93622 8 v
-40.1823 -3.94297 8 v
-40.0805 -3.94973 8 v
-39.9788 -3.95648 8 v
-39.877 -3.96323 8 v
-39.7752 -3.96999 8 v
-39.6734 -3.97674 8 v
-39.5716 -3.98349 8 v
-39.4698 -3.99024 8 v
-39.368 -3.997 8 v
-39.2662 -4.00375 8 v
-39.1644 -4.0105 8 v
-39.0626 -4.01726 8 v
-38.9608 -4.02401 8 v
-38.859 -4.03076 8 v
-38.7572 -4.03752 8 v
-38.6554 -4.04427 8 v
-38.5536 -4.05102 8 v
-38.4518 -4.05777 8 v
-38.35 -4.06453 8 v
-38.2482 -4.07128 8 v
-38.1464 -4.07803 8 v
-38.0446 -4.08479 8 v
-37.9428 -4.09154 8 v
-37.841 -4.09829 8 v
-37.7392 -4.10505 8 v
-37.6374 -4.1118 8 v
-37.5356 -4.11855 8 v
-37.4338 -4.12531 8 v
-37.332 -4.13206 8 v
-37.2302 -4.13881 8 v
-37.1284 -4.14556 8 v
-37.0266 -4.15232 8 v
-36.9248 -4.15907 8 v
-36.823 -4.16582 8 v
-36.7212 -4.17258 8 v
-36.6194 -4.17933 8 v
-36.5176 -4.18608 8 v
-36.4158 -4.19284 8 v
-36.314 -4.19959 8 v
-36.2122 -4.20634 8 v
-36.1104 -4.21309 8 v
-36.0086 -4.21985 8 v
-35.9068 -4.2266 8 v
-35.805 -4.23335 8 v
-35.7032 -4.24011 8 v
-35.6014 -4.24686 8 v
-35.4996 -4.25361 8 v
-35.3978 -4.26037 8 v
-35.296 -4.26712 8 v
-35.1942 -4.27387 8 v
-35.0924 -4.28063 8 v
-34.9906 -4.28738 8 v
-34.8888 -4.29413 8 v
-34.787 -4.30088 8 v
-34.6852 -4.30764 8 v
-34.5834 -4.31439 8 v
-34.4816 -4.32114 8 v
-34.3798 -4.3279 8 v
-34.278 -4.33465 8 v
-34.1762 -4.3414 8 v
-34.0744 -4.34816 8 v
-33.9726 -4.35491 8 v
-33.8708 -4.36166 8 v
-33.769 -4.36841 8 v
-33.6672 -4.37517 8 v
-33.5654 -4.38192 8 v
-33.4636 -4.38867 8 v
-33.3618 -4.39543 8 v
-33.26 -4.40218 8 v
-33.1582 -4.40893 8 v
-33.0564 -4.41569 8 v
-32.9546 -4.42244 8 v
-32.8528 -4.42919 8 v
-32.751 -4.43595 8 v
-32.6492 -4.4427 8 v
-32.5474 -4.44945 8 v
-32.4456 -4.4562 8 v
-32.3439 -4.46296 8 v
-32.2421 -4.46971 8 v
-32.1403 -4.47646 8 v
-32.0385 -4.48322 8 v
-31.9367 -4.48997 8 v
-31.8349 -4.49672 8 v
-31.7331 -4.50348 8 v
-31.6313 -4.51023 8 v
-31.5295 -4.51698 8 v
-31.4277 -4.52373 8 v
-31.3259 -4.53049 8 v
-31.2241 -4.53724 8 v
-31.1223 -4.54399 8 v
-31.0205 -4.55075 8 v
-30.9187 -4.5575 8 v
-30.8169 -4.56425 8 v
-30.7151 -4.57101 8 v
-30.6133 -4.57776 8 v
-30.5115 -4.58451 8 v
-30.4097 -4.59127 8 v
-30.3079 -4.59802 8 v
-30.2061 -4.60477 8 v
-30.1043 -4.61152 8 v
-30.0025 -4.61828 8 v
-29.9007 -4.62503 8 v
-29.7989 -4.63178 8 v
-29.6971 -4.63854 8 v
-29.5953 -4.64529 8 v
-29.4935 -4.65204 8 v
-29.3917 -4.6588 8 v
-29.2899 -4.66555 8 v
-29.1881 -4.6723 8 v
-29.0863 -4.67905 8 v
-28.9845 -4.68581 8 v
-28.8827 -4.69256 8 v
-28.7809 -4.69931 8 v
-28.6791 -4.70607 8 v
-28.5773 -4.71282 8 v
-28.4755 -4.71957 8 v
-28.3737 -4.72633 8 v
-28.2719 -4.73308 8 v
-28.1701 -4.73983 8 v
-28.0683 -4.74659 8 v
-27.9665 -4.75334 8 v
-27.8647 -4.76009 8 v
-27.7629 -4.76684 8 v
-27.6611 -4.7736 8 v
-27.5593 -4.78035 8 v
-27.4575 -4.7871 8 v
-27.3557 -4.79386 8 v
-27.2539 -4.80061 8 v
-27.1521 -4.80736 8 v
-27.0503 -4.81412 8 v
-26.9485 -4.82087 8 v
-26.8467 -4.82762 8 v
-26.7449 -4.83437 8 v
-26.6431 -4.84113 8 v
-26.5413 -4.84788 8 v
-26.4395 -4.85463 8 v
-26.3377 -4.86139 8 v
-26.2359 -4.86814 8 v
-26.1341 -4.87489 8 v
-26.0323 -4.88165 8 v
-25.9305 -4.8884 8 v
-25.8287 -4.89515 8 v
-25.7269 -4.90191 8 v
-25.6251 -4.90866 8 v
-25.5233 -4.91541 8 v
-25.4215 -4.92216 8 v
-25.3197 -4.92892 8 v
-25.2179 -4.93567 8 v
-25.1161 -4.94242 8 v
-25.0143 -4.94918 8 v
-24.9125 -4.95593 8 v

-41.2067 -3.86916 9 u
-41.1049 -3.87599 9 u
-41.003 -3.88281 9 u
-40.9012 -3.88963 9 u
-40.7993 -3.89645 9 u
-40.6975 -3.90327 9 u
-40.5956 -3.91009 9 u
-40.4938 -3.91691 9 u
-40.3919 -3.92373 9 u
-40.2901 -3.93055 9 u
-40.1882 -3.93738 9 u
-40.0864 -3.9442 9 u
-39.9845 -3.95102 9 u
-39.8827 -3.95784 9 u
-39.7808 -3.96466 9 u
-39.679 -3.97148 9 u
-39.5771 -3.9783 9 u
-39.4753 -3.98512 9 u
-39.3734 -3.99194 9 u
-39.2716 -3.99877 9 u
-39.1697 -4.00559 9 u
-39.0679 -4.01241 9 u
-38.966 -4.01923 9 u
-38.8642 -4.02605 9 u
-38.7623 -4.03287 9 u
-38.6605 -4.03969 9 u
-38.5586 -4.04651 9 u
-38.4568 -4.05333 9 u
-38.3549 -4.06016 9 u
-38.2531 -4.06698 9 u
-38.1512 -4.0738 9 u
-38.0494 -4.08062 9 u
-37.9475 -4.08744 9 u
-37.8457 -4.09426 9 u
-37.7438 -4.10108 9 u
-37.642 -4.1079 9 u
-37.5401 -4.11472 9 u
-37.4383 -4.12155 9 u
-37.3364 -4.12837 9 u
-37.2346 -4.13519 9 u
-37.1327 -4.14201 9 u
-37.0309 -4.14883 9 u
-36.929 -4.15565 9 u
-36.8272 -4.16247 9 u
-36.7253 -4.16929 9 u
-36.6235 -4.17611 9 u
-36.5216 -4.18294 9 u
-36.4198 -4.18976 9 u
-36.3179 -4.19658 9 u
-36.2161 -4.2034 9 u
-36.1142 -4.21022 9 u
-36.0124 -4.21704 9 u
-35.9105 -4.22386 9 u
-35.8087 -4.23068 9 u
-35.7068 -4.2375 9 u
-35.605 -4.24432 9 u
-35.5031 -4.25115 9 u
-35.4013 -4.25797 9 u
-35.2994 -4.26479 9 u
-35.1976 -4.27161 9 u
-35.0957 -4.27843 9 u
-34.9939 -4.28525 9 u
-34.892 -4.29207 9 u
-34.7902 -4.29889 9 u
-34.6883 -4.30571 9 u
-34.5865 -4.31254 9 u
-34.4846 -4.31936 9 u
-34.3827 -4.32618 9 u
-34.2809 -4.333 9 u
-34.179 -4.33982 9 u
-34.0772 -4.34664 9 u
-33.9753 -4.35346 9 u
-33.8735 -4.36028 9 u
-33.7716 -4.3671 9 u
-33.6698 -4.37393 9 u
-33.5679 -4.38075 9 u
-33.4661 -4.38757 9 u
-33.3642 -4.39439 9 u
-33.2624 -4.40121 9 u
-33.1605 -4.40803 9 u
-33.0587 -4.41485 9 u
-32.9568 -4.42167 9 u
-32.855 -4.42849 9 u
-32.7531 -4.43532 9 u
-32.6513 -4.44214 9 u
-32.5494 -4.44896 9 u
-32.4476 -4.45578 9 u
-32.3457 -4.4626 9 u
-32.2439 -4.46942 9 u
-32.142 -4.47624 9 u
-32.0402 -4.48306 9 u
-31.9383 -4.48988 9 u
-31.8365 -4.49671 9 u
-31.7346 -4.50353 9 u
-31.6328 -4.51035 9 u
-31.5309 -4.51717 9 u
-31.4291 -4.52399 9 u
-31.3272 -4.53081 9 u
-31.2254 -4.53763 9 u
-31.1235 -4.54445 9 u
-31.0217 -4.55127 9 u
-30.9198 -4.5581 9 u
-30.818 -4.56492 9 u
-30.7161 -4.57174 9 u
-30.6143 -4.57856 9 u
-30.5124 -4.58538 9 u
-30.4106 -4.5922 9 u
-30.3087 -4.59902 9 u
-30.2069 -4.60584 9 u
-30.105 -4.61266 9 u
-30.0032 -4.61948 9 u
-29.9013 -4.62631 9 u
-29.7995 -4.63313 9 u
-29.6976 -4.63995 9 u
-29.5958 -4.64677 9 u
-29.4939 -4.65359 9 u
-29.3921 -4.66041 9 u
-29.2902 -4.66723 9 u
-29.1884 -4.67405 9 u
-29.0865 -4.68087 9 u
-28.9847 -4.6877 9 u
-28.8828 -4.69452 9 u
-28.781 -4.70134 9 u
-28.6791 -4.70816 9 u
-28.5773 -4.71498 9 u
-28.4754 -4.7218 9 u
-28.3736 -4.72862 9 u
-28.2717 -4.73544 9 u
-28.1699 -4.74226 9 u
-28.068 -4.74909 9 u
-27.9662 -4.75591 9 u
-27.8643 -4.76273 9 u
-27.7625 -4.76955 9 u
-27.6606 -4.77637 9 u
-27.5588 -4.78319 9 u
-27.4569 -4.79001 9 u
-27.3551 -4.79683 9 u
-27.2532 -4.80365 9 u
-27.1514 -4.81048 9 u
-27.0495 -4.8173 9 u
-26.9477 -4.82412 9 u
-26.8458 -4.83094 9 u
-26.744 -4.83776 9 u
-26.6421 -4.84458 9 u
-26.5402 -4.8514 9 u
-26.4384 -4.85822 9 u
-26.3365 -4.86504 9 u
-26.2347 -4.87187 9 u
-26.1328 -4.87869 9 u
-26.031 -4.88551 9 u
-25.9291 -4.89233 9 u
-25.8273 -4.89915 9 u
-25.7254 -4.90597 9 u
-25.6236 -4.91279 9 u
-25.5217 -4.91961 9 u
-25.4199 -4.92643 9 u
-25.318 -4.93325 9 u
-25.2162 -4.94008 9 u
-25.1143 -4.9469 9 u
-25.0125 -4.95372 9 u
-24.9106 -4.96054 9 u

-40.3645 0.854882 9 u
-40.0769 0.815332 9 u
-39.8133 0.777966 9 u
-39.5724 0.742661 9 u
-39.3529 0.709294 9 u
-39.1534 0.677742 9 u
-38.9725 0.647881 9 u
-38.8089 0.619589 9 u
-38.6612 0.592743 9 u
-38.5281 0.567219 9 u
-38.4082 0.542894 9 u
-38.3001 0.519646 9 u
-38.2025 0.49735 9 u
-38.1141 0.475885 9 u
-38.0334 0.455127 9 u
-37.9591 0.434953 9 u
-37.8899 0.41524 9 u
-37.8244 0.395864 9 u
-37.7613 0.376703 9 u
-37.6991 0.357634 9 u
-37.6366 0.338533 9 u
-37.5725 0.319298 9 u
-37.5068 0.299906 9 u
-37.4395 0.280354 9 u
-37.3707 0.260639 9 u
-37.3003 0.24076 9 u
-37.2285 0.220714 9 u
-37.1553 0.200497 9 u
-37.0808 0.180108 9 u
-37.005 0.159544 9 u
-36.9281 0.138802 9 u
-36.8499 0.11788 9 u
-36.7707 0.0967753 9 u
-36.6905 0.075485 9 u
-36.6093 0.0540068 9 u
-36.5271 0.0323381 9 u
-36.4441 0.0104763 9 u
-36.3603 -0.0115811 9 u
-36.2758 -0.0338368 9 u
-36.1906 -0.0562932 9 u
-36.1047 -0.078953 9 u
-36.0183 -0.101819 9 u
-35.9313 -0.124896 9 u
-35.8438 -0.148189 9 u
-35.7557 -0.171703 9 u
-35.6671 -0.195442 9 u
-35.5779 -0.219412 9 u
-35.4882 -0.243618 9 u
-35.3979 -0.268064 9 u
-35.3071 -0.292756 9 u
-35.2158 -0.317699 9 u
-35.124 -0.342897 9 u
-35.0317 -0.368356 9 u
-34.9389 -0.39408 9 u
-34.8455 -0.420074 9 u
-34.7517 -0.446344 9 u
-34.6574 -0.472894 9 u
-34.5626 -0.499729 9 u
-34.4673 -0.526855 9 u
-34.3715 -0.554275 9 u
-34.2753 -0.581996 9 u
-34.1786 -0.610026 9 u
-34.0815 -0.63839 9 u
-33.9839 -0.667115 9 u
-33.8859 -0.696231 9 u
-33.7876 -0.725766 9 u
-33.6888 -0.755748 9 u
-33.5897 -0.786206 9 u
-33.4903 -0.817169 9 u
-33.3905 -0.848664 9 u
-33.2904 -0.88072 9 u
-33.1901 -0.913366 9 u
-33.0894 -0.946629 9 u
-32.9886 -0.98054 9 u
-32.8875 -1.01513 9 u
-32.7861 -1.05041 9 u
-32.6846 -1.08643 9 u
-32.5829 -1.12322 9 u
-32.4811 -1.16079 9 u
-32.3791 -1.19917 9 u
-32.2769 -1.23841 9 u
-32.1747 -1.27851 9 u
-32.0723 -1.31947 9 u
-31.9698 -1.36129 9 u
-31.8672 -1.40396 9 u
-31.7645 -1.44746 9 u
-31.6616 -1.49178 9 u
-31.5585 -1.53693 9 u
-31.4552 -1.58288 9 u
-31.3518 -1.62963 9 u
-31.2482 -1.67716 9 u
-31.1444 -1.72547 9 u
-31.0404 -1.77455 9 u
-30.9362 -1.8244 9 u
-30.8318 -1.87498 9 u
-30.7272 -1.92631 9 u
-30.6223 -1.97837 9 u
-30.5171 -2.03115 9 u
-30.4118 -2.08464 9 u
-30.3061 -2.13883 9 u
-30.2002 -2.19371 9 u
-30.094 -2.24925 9 u
-29.9876 -2.30532 9 u
-29.881 -2.36177 9 u
-29.7742 -2.41844 9 u
-29.6673 -2.47518 9 u
-29.5604 -2.53184 9 u
-29.4534 -2.58827 9 u
-29.3465 -2.64431 9 u
-29.2397 -2.69982 9 u
-29.1329 -2.75463 9 u
-29.0264 -2.8086 9 u
-28.92 -2.86157 9 u
-28.8139 -2.91339 9 u
-28.708 -2.96392 9 u
-28.6025 -3.01299 9 u
-28.4974 -3.06045 9 u
-28.3927 -3.10616 9 u
-28.2884 -3.14995 9 u
-28.1847 -3.19168 9 u
-28.0815 -3.23119 9 u
-27.9789 -3.26838 9 u
-27.8769 -3.30328 9 u
-27.7755 -3.33597 9 u
-27.6746 -3.36654 9 u
-27.5744 -3.39506 9 u
-27.4748 -3.42163 9 u
-27.3758 -3.44632 9 u
-27.2774 -3.46921 9 u
-27.1796 -3.49039 9 u
-27.0824 -3.50993 9 u
-26.9859 -3.52792 9 u
-26.8899 -3.54445 9 u
-26.7945 -3.55958 9 u
-26.6998 -3.57341 9 u
-26.6057 -3.58602 9 u
-26.5122 -3.59748 9 u
-26.4193 -3.60788 9 u
-26.327 -3.61731 9 u
-26.2354 -3.62583 9 u
-26.1444 -3.63354 9 u
-26.0539 -3.6405 9 u
-25.9639 -3.64669 9 u
-25.874 -3.65207 9 u
-25.7841 -3.6566 9 u
-25.694 -3.66025 9 u
-25.6033 -3.66298 9 u
-25.5119 -3.66476 9 u
-25.4196 -3.66554 9 u
-25.3261 -3.6653 9 u
-25.2312 -3.66398 9 u
-25.1347 -3.66157 9 u
-25.0364 -3.65801 9 u
-24.936 -3.65327 9 u
-24.8334 -3.64732 9 u
-24.7282 -3.64011 9 u
-24.6203 -3.63162 9 u
-24.5094 -3.6218 9 u
-24.3954 -3.61061 9 u
-24.278 -3.59803 9 u
-24.1569 -3.58401 9 u

-38.6318 5.30804 9 u
-38.3329 5.17216 9 u
-38.0592 5.04713 9 u
-37.8094 4.93234 9 u
-37.5821 4.82717 9 u
-37.3757 4.73102 9 u
-37.189 4.64327 9 u
-37.0205 4.56332 9 u
-36.8688 4.49055 9 u
-36.7325 4.42436 9 u
-36.6101 4.36413 9 u
-36.5004 4.30925 9 u
-36.4018 4.25911 9 u
-36.313 4.21311 9 u
-36.2326 4.17063 9 u
-36.1591 4.13106 9 u
-36.0912 4.09379 9 u
-36.0274 4.05821 9 u
-35.9663 4.02371 9 u
-35.9065 3.98968 9 u
-35.8467 3.95551 9 u
-35.7856 3.92069 9 u
-35.723 3.88513 9 u
-35.6591 3.84885 9 u
-35.5937 3.81187 9 u
-35.5271 3.7742 9 u
-35.4591 3.73586 9 u
-35.3899 3.69685 9 u
-35.3196 3.65721 9 u
-35.248 3.61694 9 u
-35.1754 3.57605 9 u
-35.1016 3.53457 9 u
-35.0269 3.49252 9 u
-34.9511 3.44989 9 u
-34.8744 3.40672 9 u
-34.7968 3.36302 9 u
-34.7183 3.3188 9 u
-34.6391 3.27408 9 u
-34.559 3.22887 9 u
-34.4782 3.18319 9 u
-34.3967 3.13706 9 u
-34.3145 3.09049 9 u
-34.2317 3.04346 9 u
-34.1483 2.99596 9 u
-34.0643 2.94798 9 u
-33.9797 2.8995 9 u
-33.8945 2.85052 9 u
-33.8087 2.801 9 u
-33.7224 2.75095 9 u
-33.6356 2.70034 9 u
-33.5483 2.64916 9 u
-33.4605 2.59739 9 u
-33.3722 2.54503 9 u
-33.2834 2.49205 9 u
-33.1942 2.43845 9 u
-33.1046 2.3842 9 u
-33.0146 2.3293 9 u
-32.9241 2.27372 9 u
-32.8333 2.21746 9 u
-32.7421 2.1605 9 u
-32.6506 2.10282 9 u
-32.5587 2.04441 9 u
-32.4665 1.98525 9 u
-32.374 1.92531 9 u
-32.2811 1.86458 9 u
-32.1879 1.80302 9 u
-32.0943 1.74062 9 u
-32.0004 1.67736 9 u
-31.9062 1.61321 9 u
-31.8116 1.54814 9 u
-31.7167 1.48214 9 u
-31.6215 1.41518 9 u
-31.5259 1.34725 9 u
-31.43 1.27831 9 u
-31.3338 1.20834 9 u
-31.2372 1.13733 9 u
-31.1402 1.06525 9 u
-31.043 0.992072 9 u
-30.9453 0.91778 9 u
-30.8474 0.842348 9 u
-30.7491 0.765755 9 u
-30.6504 0.688 9 u
-30.5514 0.609177 9 u
-30.4521 0.5294 9 u
-30.3526 0.448784 9 u
-30.2527 0.367446 9 u
-30.1526 0.2855 9 u
-30.0522 0.203062 9 u
-29.9516 0.120247 9 u
-29.8508 0.0371711 9 u
-29.7498 -0.0460511 9 u
-29.6486 -0.129304 9 u
-29.5473 -0.212472 9 u
-29.4458 -0.29544 9 u
-29.3442 -0.378093 9 u
-29.2425 -0.460315 9 u
-29.1406 -0.541991 9 u
-29.0387 -0.623006 9 u
-28.9367 -0.703243 9 u
-28.8347 -0.782588 9 u
-28.7327 -0.860926 9 u
-28.6306 -0.938134 9 u
-28.5286 -1.01406 9 u
-28.4266 -1.08856 9 u
-28.3248 -1.16147 9 u
-28.2232 -1.23264 9 u
-28.1218 -1.30191 9 u
-28.0207 -1.36913 9 u
-27.92 -1.43414 9 u
-27.8196 -1.49679 9 u
-27.7196 -1.55692 9 u
-27.6202 -1.61438 9 u
-27.5213 -1.66901 9 u
-27.4229 -1.72066 9 u
-27.3252 -1.76918 9 u
-27.2282 -1.8144 9 u
-27.1319 -1.85618 9 u
-27.0364 -1.89436 9 u
-26.9418 -1.92878 9 u
-26.848 -1.95929 9 u
-26.7552 -1.98573 9 u
-26.6633 -2.00803 9 u
-26.5723 -2.02638 9 u
-26.4821 -2.04107 9 u
-26.3927 -2.05237 9 u
-26.3038 -2.06056 9 u
-26.2155 -2.06593 9 u
-26.1277 -2.06874 9 u
-26.0402 -2.06927 9 u
-25.9529 -2.06782 9 u
-25.8659 -2.06464 9 u
-25.7789 -2.06002 9 u
-25.6919 -2.05424 9 u
-25.6048 -2.04758 9 u
-25.5175 -2.04031 9 u
-25.43 -2.03271 9 u
-25.342 -2.02507 9 u
-25.2536 -2.01765 9 u
-25.1647 -2.01074 9 u
-25.0751 -2.00461 9 u
-24.9848 -1.99955 9 u
-24.8937 -1.99585 9 u
-24.8016 -1.9939 9 u
-24.7083 -1.99411 9 u
-24.6137 -1.99688 9 u
-24.5177 -2.00264 9 u
-24.42 -2.01178 9 u
-24.3205 -2.02472 9 u
-24.2191 -2.04186 9 u
-24.1155 -2.06362 9 u
-24.0097 -2.0904 9 u
-23.9014 -2.12262 9 u
-23.7905 -2.16068 9 u
-23.6768 -2.20499 9 u
-23.5602 -2.25596 9 u
-23.4405 -2.31401 9 u
-23.3175 -2.37953 9 u
-23.1911 -2.45294 9 u
-23.0611 -2.53466 9 u
-22.9274 -2.62508 9 u
-22.7897 -2.72461 9 u

-35.6047 9.00341 9 u
-35.3422 8.76489 9 u
-35.1017 8.54638 9 u
-34.882 8.34677 9 u
-34.6819 8.16494 9 u
-34.5001 7.99975 9 u
-34.3354 7.85011 9 u
-34.1866 7.71487 9 u
-34.0525 7.59294 9 u
-33.9317 7.48317 9 u
-33.8232 7.38446 9 u
-33.7256 7.29569 9 u
-33.6377 7.21574 9 u
-33.5583 7.14348 9 u
-33.4861 7.07779 9 u
-33.42 7.01756 9 u
-33.3586 6.96167 9 u
-33.3009 6.90899 9 u
-33.2454 6.85841 9 u
-33.191 6.80881 9 u
-33.1365 6.75906 9 u
-33.0809 6.70825 9 u
-33.0239 6.6562 9 u
-32.9657 6.60294 9 u
-32.9062 6.54852 9 u
-32.8455 6.49295 9 u
-32.7838 6.43627 9 u
-32.7209 6.37851 9 u
-32.657 6.31969 9 u
-32.5922 6.25986 9 u
-32.5264 6.19903 9 u
-32.4597 6.13725 9 u
-32.3922 6.07453 9 u
-32.3239 6.01091 9 u
-32.2548 5.94642 9 u
-32.1851 5.88109 9 u
-32.1147 5.81494 9 u
-32.0438 5.74802 9 u
-31.9723 5.68035 9 u
-31.9003 5.61196 9 u
-31.8278 5.54288 9 u
-31.755 5.47314 9 u
-31.6817 5.40273 9 u
-31.6081 5.33167 9 u
-31.534 5.25995 9 u
-31.4595 5.18757 9 u
-31.3846 5.11454 9 u
-31.3092 5.04085 9 u
-31.2334 4.9665 9 u
-31.1572 4.8915 9 u
-31.0805 4.81584 9 u
-31.0034 4.73953 9 u
-30.9258 4.66257 9 u
-30.8478 4.58496 9 u
-30.7692 4.50669 9 u
-30.6903 4.42777 9 u
-30.6108 4.3482 9 u
-30.5309 4.26797 9 u
-30.4504 4.1871 9 u
-30.3695 4.10558 9 u
-30.2881 4.02341 9 u
-30.2061 3.94059 9 u
-30.1237 3.85714 9 u
-30.0408 3.77308 9 u
-29.9574 3.68841 9 u
-29.8736 3.60317 9 u
-29.7893 3.51735 9 u
-29.7046 3.43099 9 u
-29.6194 3.34409 9 u
-29.5338 3.25667 9 u
-29.4478 3.16876 9 u
-29.3614 3.08036 9 u
-29.2746 2.99149 9 u
-29.1875 2.90216 9 u
-29.0999 2.81241 9 u
-29.012 2.72223 9 u
-28.9238 2.63165 9 u
-28.8352 2.54068 9 u
-28.7463 2.44935 9 u
-28.6571 2.35766 9 u
-28.5675 2.26563 9 u
-28.4777 2.17331 9 u
-28.3876 2.0809 9 u
-28.2974 1.98861 9 u
-28.2069 1.89665 9 u
-28.1164 1.80526 9 u
-28.0259 1.71466 9 u
-27.9353 1.62506 9 u
-27.8448 1.53668 9 u
-27.7543 1.44975 9 u
-27.664 1.36449 9 u
-27.5739 1.28112 9 u
-27.4841 1.19986 9 u
-27.3945 1.12092 9 u
-27.3053 1.04454 9 u
-27.2165 0.970934 9 u
-27.1281 0.900318 9 u
-27.0402 0.832917 9 u
-26.9528 0.768951 9 u
-26.866 0.708641 9 u
-26.7799 0.652209 9 u
-26.6944 0.599821 9 u
-26.6095 0.551435 9 u
-26.5251 0.506954 9 u
-26.4412 0.46628 9 u
-26.3576 0.429318 9 u
-26.2743 0.39597 9 u
-26.1912 0.36614 9 u
-26.1082 0.339731 9 u
-26.0253 0.316647 9 u
-25.9423 0.29679 9 u
-25.8591 0.280064 9 u
-25.7758 0.266373 9 u
-25.6921 0.255619 9 u
-25.6081 0.247705 9 u
-25.5236 0.242536 9 u
-25.4386 0.240014 9 u
-25.353 0.240043 9 u
-25.2666 0.242526 9 u
-25.1795 0.247366 9 u
-25.0915 0.254466 9 u
-25.0026 0.26368 9 u
-24.9128 0.274657 9 u
-24.8224 0.286999 9 u
-24.7313 0.300306 9 u
-24.6397 0.314177 9 u
-24.5477 0.328213 9 u
-24.4554 0.342014 9 u
-24.3629 0.355181 9 u
-24.2704 0.367314 9 u
-24.1779 0.378012 9 u
-24.0855 0.386876 9 u
-23.9934 0.393507 9 u
-23.9017 0.397505 9 u
-23.8105 0.398469 9 u
-23.7199 0.396001 9 u
-23.6299 0.389699 9 u
-23.5408 0.379166 9 u
-23.4526 0.364 9 u
-23.3654 0.343802 9 u
-23.2793 0.318172 9 u
-23.1944 0.286689 9 u
-23.1104 0.24884 9 u
-23.0268 0.204093 9 u
-22.9433 0.151913 9 u
-22.8593 0.0917661 9 u
-22.7747 0.0231197 9 u
-22.6888 -0.0545605 9 u
-22.6014 -0.141808 9 u
-22.512 -0.239157 9 u
-22.4202 -0.347141 9 u
-22.3257 -0.466293 9 u
-22.228 -0.597147 9 u
-22.1266 -0.740237 9 u
-22.0213 -0.896098 9 u
-21.9116 -1.06526 9 u
-21.7972 -1.24826 9 u
-21.6775 -1.44563 9 u
-21.5522 -1.65791 9 u
-21.4209 -1.88562 9 u
-21.2832 -2.12931 9 u

-31.2032 10.7732 9 u
-31.0374 10.4971 9 u
-30.8849 10.2448 9 u
-30.7448 10.0149 9 u
-30.6163 9.80624 9 u
-30.4988 9.61737 9 u
-30.3915 9.44701 9 u
-30.2937 9.29384 9 u
-30.2045 9.15652 9 u
-30.1233 9.03375 9 u
-30.0493 8.9242 9 u
-29.9818 8.82654 9 u
-29.92 8.73945 9 u
-29.8632 8.6616 9 u
-29.8106 8.59168 9 u
-29.7615 8.52836 9 u
-29.7151 8.47032 9 u
-29.6707 8.41624 9 u
-29.6276 8.36479 9 u
-29.5849 8.31465 9 u
-29.542 8.26449 9 u
-29.4982 8.21322 9 u
-29.4535 8.16065 9 u
-29.4078 8.1068 9 u
-29.3612 8.05171 9 u
-29.3137 7.99541 9 u
-29.2653 7.93792 9 u
-29.216 7.87928 9 u
-29.166 7.81953 9 u
-29.1151 7.75869 9 u
-29.0634 7.69678 9 u
-29.011 7.63386 9 u
-28.9578 7.56994 9 u
-28.904 7.50505 9 u
-28.8494 7.43923 9 u
-28.7942 7.37251 9 u
-28.7383 7.30491 9 u
-28.6818 7.23648 9 u
-28.6247 7.16724 9 u
-28.5671 7.09722 9 u
-28.5089 7.02645 9 u
-28.4501 6.95496 9 u
-28.3909 6.88279 9 u
-28.3311 6.80996 9 u
-28.2709 6.7365 9 u
-28.2103 6.66244 9 u
-28.1491 6.58781 9 u
-28.0876 6.51263 9 u
-28.0256 6.43693 9 u
-27.9633 6.36075 9 u
-27.9005 6.28412 9 u
-27.8374 6.20705 9 u
-27.7739 6.12958 9 u
-27.7101 6.05174 9 u
-27.646 5.97356 9 u
-27.5816 5.89506 9 u
-27.5168 5.81628 9 u
-27.4519 5.73723 9 u
-27.3866 5.65797 9 u
-27.3211 5.5785 9 u
-27.2554 5.49885 9 u
-27.1894 5.41909 9 u
-27.1233 5.3393 9 u
-27.0569 5.25962 9 u
-26.9902 5.18018 9 u
-26.9232 5.10109 9 u
-26.856 5.02249 9 u
-26.7884 4.94449 9 u
-26.7205 4.86722 9 u
-26.6522 4.79082 9 u
-26.5836 4.71539 9 u
-26.5146 4.64108 9 u
-26.4451 4.56799 9 u
-26.3753 4.49627 9 u
-26.305 4.42603 9 u
-26.2343 4.3574 9 u
-26.163 4.2905 9 u
-26.0913 4.22545 9 u
-26.0191 4.1624 9 u
-25.9463 4.10145 9 u
-25.873 4.04273 9 u
-25.7992 3.98635 9 u
-25.7248 3.93228 9 u
-25.6498 3.8805 9 u
-25.5744 3.83097 9 u
-25.4985 3.78364 9 u
-25.4222 3.73848 9 u
-25.3455 3.69545 9 u
-25.2683 3.65452 9 u
-25.1908 3.61564 9 u
-25.113 3.57878 9 u
-25.0348 3.5439 9 u
-24.9564 3.51097 9 u
-24.8776 3.47993 9 u
-24.7986 3.45077 9 u
-24.7194 3.42343 9 u
-24.64 3.39789 9 u
-24.5604 3.3741 9 u
-24.4807 3.35202 9 u
-24.4009 3.33162 9 u
-24.3209 3.31287 9 u
-24.2409 3.29567 9 u
-24.1608 3.27983 9 u
-24.0807 3.26508 9 u
-24.0007 3.25117 9 u
-23.9208 3.23785 9 u
-23.841 3.22485 9 u
-23.7613 3.21194 9 u
-23.6819 3.19885 9 u
-23.6027 3.18533 9 u
-23.5238 3.17113 9 u
-23.4452 3.15598 9 u
-23.367 3.13965 9 u
-23.2892 3.12187 9 u
-23.2119 3.10239 9 u
-23.135 3.08095 9 u
-23.0587 3.05731 9 u
-22.9829 3.0312 9 u
-22.9078 3.00238 9 u
-22.8333 2.97059 9 u
-22.7595 2.93557 9 u
-22.6864 2.89713 9 u
-22.614 2.85522 9 u
-22.5423 2.80989 9 u
-22.4711 2.76116 9 u
-22.4005 2.70904 9 u
-22.3304 2.65358 9 u
-22.2608 2.59478 9 u
-22.1916 2.53268 9 u
-22.1228 2.4673 9 u
-22.0544 2.39867 9 u
-21.9862 2.3268 9 u
-21.9182 2.25173 9 u
-21.8505 2.17349 9 u
-21.7829 2.09208 9 u
-21.7155 2.00755 9 u
-21.6481 1.91991 9 u
-21.5808 1.82919 9 u
-21.5134 1.73542 9 u
-21.446 1.63861 9 u
-21.3784 1.5388 9 u
-21.3107 1.43593 9 u
-21.2427 1.32961 9 u
-21.174 1.21938 9 u
-21.1046 1.10477 9 u
-21.0342 0.985312 9 u
-20.9626 0.860543 9 u
-20.8896 0.729996 9 u
-20.815 0.593205 9 u
-20.7386 0.449703 9 u
-20.6601 0.299025 9 u
-20.5793 0.140703 9 u
-20.4962 -0.0257272 9 u
-20.4103 -0.200733 9 u
-20.3216 -0.384781 9 u
-20.2298 -0.578336 9 u
-20.1347 -0.781865 9 u
-20.0361 -0.995835 9 u
-19.9337 -1.22071 9 u
-19.8275 -1.45696 9 u
-19.7171 -1.70505 9 u

-26.4141 10.7843 9 u
-26.3081 10.5536 9 u
-26.2103 10.3428 9 u
-26.1204 10.1507 9 u
-26.0377 9.97633 9 u
-25.962 9.8185 9 u
-25.8926 9.67615 9 u
-25.8291 9.54817 9 u
-25.7711 9.43348 9 u
-25.718 9.33098 9 u
-25.6694 9.23959 9 u
-25.6248 9.1582 9 u
-25.5837 9.08572 9 u
-25.5457 9.02106 9 u
-25.5103 8.96313 9 u
-25.477 8.91082 9 u
-25.4453 8.86306 9 u
-25.4147 8.81874 9 u
-25.3849 8.77677 9 u
-25.3552 8.73605 9 u
-25.3253 8.6955 9 u
-25.2947 8.65421 9 u
-25.2634 8.61203 9 u
-25.2314 8.56899 9 u
-25.1986 8.52513 9 u
-25.1653 8.48049 9 u
-25.1312 8.43511 9 u
-25.0965 8.38903 9 u
-25.0613 8.34228 9 u
-25.0254 8.29489 9 u
-24.9889 8.24692 9 u
-24.9519 8.19838 9 u
-24.9143 8.14933 9 u
-24.8762 8.0998 9 u
-24.8377 8.04983 9 u
-24.7986 7.99945 9 u
-24.7591 7.9487 9 u
-24.7191 7.89762 9 u
-24.6787 7.84625 9 u
-24.6379 7.79462 9 u
-24.5967 7.74278 9 u
-24.5551 7.69075 9 u
-24.5132 7.63855 9 u
-24.4709 7.5862 9 u
-24.4282 7.53372 9 u
-24.3851 7.48111 9 u
-24.3417 7.42839 9 u
-24.2979 7.37557 9 u
-24.2537 7.32268 9 u
-24.2091 7.26972 9 u
-24.1642 7.2167 9 u
-24.1189 7.16365 9 u
-24.0732 7.11058 9 u
-24.0271 7.0575 9 u
-23.9806 7.00442 9 u
-23.9337 6.95136 9 u
-23.8865 6.89834 9 u
-23.8389 6.84537 9 u
-23.7908 6.79246 9 u
-23.7424 6.73962 9 u
-23.6936 6.68688 9 u
-23.6445 6.63424 9 u
-23.5949 6.58172 9 u
-23.5449 6.52932 9 u
-23.4946 6.47704 9 u
-23.4439 6.4249 9 u
-23.3928 6.37291 9 u
-23.3413 6.32106 9 u
-23.2895 6.26937 9 u
-23.2373 6.21785 9 u
-23.1847 6.1665 9 u
-23.1318 6.11533 9 u
-23.0785 6.06435 9 u
-23.0249 6.01356 9 u
-22.9709 5.96298 9 u
-22.9166 5.9126 9 u
-22.8619 5.86245 9 u
-22.8069 5.81251 9 u
-22.7516 5.76281 9 u
-22.6959 5.71335 9 u
-22.6399 5.66414 9 u
-22.5836 5.61516 9 u
-22.527 5.56636 9 u
-22.4701 5.51767 9 u
-22.413 5.46899 9 u
-22.3556 5.42025 9 u
-22.2981 5.37138 9 u
-22.2403 5.32229 9 u
-22.1824 5.27291 9 u
-22.1244 5.22316 9 u
-22.0663 5.17296 9 u
-22.0082 5.12224 9 u
-21.9499 5.07091 9 u
-21.8917 5.0189 9 u
-21.8335 4.96614 9 u
-21.7752 4.91253 9 u
-21.7171 4.858 9 u
-21.659 4.80248 9 u
-21.601 4.74589 9 u
-21.5432 4.68815 9 u
-21.4855 4.62918 9 u
-21.428 4.56892 9 u
-21.3707 4.50734 9 u
-21.3135 4.44445 9 u
-21.2566 4.38024 9 u
-21.1999 4.31471 9 u
-21.1435 4.24784 9 u
-21.0873 4.17965 9 u
-21.0313 4.11011 9 u
-20.9756 4.03924 9 u
-20.9202 3.96701 9 u
-20.865 3.89344 9 u
-20.8102 3.81851 9 u
-20.7556 3.74222 9 u
-20.7014 3.66457 9 u
-20.6475 3.58554 9 u
-20.5939 3.50515 9 u
-20.5406 3.42337 9 u
-20.4878 3.34022 9 u
-20.4353 3.25568 9 u
-20.3831 3.16974 9 u
-20.3314 3.08243 9 u
-20.28 2.99379 9 u
-20.229 2.90391 9 u
-20.1784 2.81285 9 u
-20.1282 2.72069 9 u
-20.0783 2.62751 9 u
-20.0288 2.53337 9 u
-19.9797 2.43835 9 u
-19.9309 2.34253 9 u
-19.8826 2.24598 9 u
-19.8345 2.14877 9 u
-19.7869 2.05098 9 u
-19.7396 1.95268 9 u
-19.6926 1.85395 9 u
-19.6461 1.75485 9 u
-19.5998 1.65546 9 u
-19.5539 1.55586 9 u
-19.5084 1.45613 9 u
-19.4632 1.35632 9 u
-19.4184 1.25652 9 u
-19.3738 1.15671 9 u
-19.3292 1.05645 9 u
-19.2843 0.955246 9 u
-19.2387 0.852565 9 u
-19.192 0.747892 9 u
-19.1438 0.640708 9 u
-19.0939 0.530495 9 u
-19.0419 0.416735 9 u
-18.9874 0.29891 9 u
-18.9301 0.1765 9 u
-18.8696 0.0489879 9 u
-18.8056 -0.0841449 9 u
-18.7377 -0.223417 9 u
-18.6656 -0.369346 9 u
-18.5889 -0.522452 9 u
-18.5073 -0.683252 9 u
-18.4204 -0.852264 9 u
-18.3278 -1.03001 9 u
-18.2293 -1.217 9 u
-18.1244 -1.41376 9 u

-21.677 10.0733 9 u
-21.6045 9.88682 9 u
-21.5378 9.71622 9 u
-21.4767 9.56057 9 u
-21.4208 9.419 9 u
-21.3698 9.29059 9 u
-21.3234 9.17447 9 u
-21.2811 9.06972 9 u
-21.2428 8.97546 9 u
-21.2079 8.8908 9 u
-21.1763 8.81482 9 u
-21.1474 8.74665 9 u
-21.1211 8.68538 9 u
-21.097 8.63012 9 u
-21.0747 8.57997 9 u
-21.0539 8.53404 9 u
-21.0342 8.49143 9 u
-21.0153 8.45125 9 u
-20.9969 8.4126 9 u
-20.9787 8.37458 9 u
-20.9602 8.3363 9 u
-20.9412 8.29703 9 u
-20.9218 8.25664 9 u
-20.9017 8.2152 9 u
-20.8812 8.17273 9 u
-20.8602 8.1293 9 u
-20.8386 8.08495 9 u
-20.8166 8.03972 9 u
-20.7941 7.99366 9 u
-20.7712 7.94683 9 u
-20.7478 7.89926 9 u
-20.724 7.851 9 u
-20.6998 7.8021 9 u
-20.6752 7.7526 9 u
-20.6502 7.70256 9 u
-20.6247 7.65202 9 u
-20.599 7.60103 9 u
-20.5728 7.54963 9 u
-20.5463 7.49787 9 u
-20.5195 7.44579 9 u
-20.4923 7.39345 9 u
-20.4648 7.34089 9 u
-20.437 7.28813 9 u
-20.409 7.2352 9 u
-20.3807 7.18211 9 u
-20.3521 7.1289 9 u
-20.3234 7.07557 9 u
-20.2944 7.02216 9 u
-20.2653 6.96869 9 u
-20.236 6.91517 9 u
-20.2066 6.86164 9 u
-20.1771 6.80811 9 u
-20.1474 6.75461 9 u
-20.1177 6.70115 9 u
-20.088 6.64777 9 u
-20.0582 6.59447 9 u
-20.0284 6.5413 9 u
-19.9986 6.48826 9 u
-19.9688 6.43537 9 u
-19.9391 6.38267 9 u
-19.9094 6.33018 9 u
-19.8798 6.2779 9 u
-19.8503 6.2258 9 u
-19.8208 6.17386 9 u
-19.7914 6.12202 9 u
-19.762 6.07025 9 u
-19.7327 6.01851 9 u
-19.7033 5.96676 9 u
-19.674 5.91497 9 u
-19.6446 5.86308 9 u
-19.6152 5.81107 9 u
-19.5857 5.75888 9 u
-19.5562 5.7065 9 u
-19.5267 5.65386 9 u
-19.497 5.60094 9 u
-19.4673 5.5477 9 u
-19.4374 5.4941 9 u
-19.4074 5.44009 9 u
-19.3773 5.38563 9 u
-19.347 5.3307 9 u
-19.3166 5.27525 9 u
-19.286 5.21923 9 u
-19.2553 5.16264 9 u
-19.2244 5.10543 9 u
-19.1933 5.0476 9 u
-19.1621 4.98912 9 u
-19.1307 4.92995 9 u
-19.0992 4.87009 9 u
-19.0676 4.80951 9 u
-19.0358 4.74818 9 u
-19.0039 4.68608 9 u
-18.9719 4.62319 9 u
-18.9398 4.55948 9 u
-18.9076 4.49493 9 u
-18.8753 4.42952 9 u
-18.8429 4.36323 9 u
-18.8104 4.29603 9 u
-18.7778 4.22789 9 u
-18.7452 4.1588 9 u
-18.7125 4.08874 9 u
-18.6797 4.01767 9 u
-18.6469 3.94558 9 u
-18.614 3.87251 9 u
-18.5811 3.79848 9 u
-18.5482 3.72353 9 u
-18.5154 3.6477 9 u
-18.4825 3.57102 9 u
-18.4497 3.49352 9 u
-18.417 3.41523 9 u
-18.3843 3.33621 9 u
-18.3518 3.25647 9 u
-18.3194 3.17605 9 u
-18.2871 3.09499 9 u
-18.255 3.01332 9 u
-18.2231 2.93108 9 u
-18.1913 2.84831 9 u
-18.1598 2.76503 9 u
-18.1285 2.68128 9 u
-18.0974 2.5971 9 u
-18.0667 2.51252 9 u
-18.0362 2.42757 9 u
-18.0059 2.3423 9 u
-17.976 2.25674 9 u
-17.9464 2.17095 9 u
-17.9169 2.08497 9 u
-17.8877 1.99884 9 u
-17.8587 1.91262 9 u
-17.8299 1.82634 9 u
-17.8012 1.74006 9 u
-17.7726 1.65382 9 u
-17.7441 1.56767 9 u
-17.7157 1.48166 9 u
-17.6874 1.39582 9 u
-17.6591 1.31021 9 u
-17.6308 1.22487 9 u
-17.6025 1.13986 9 u
-17.5742 1.0552 9 u
-17.5459 0.970965 9 u
-17.5174 0.887185 9 u
-17.4889 0.803909 9 u
-17.4603 0.721185 9 u
-17.4314 0.638997 9 u
-17.4022 0.557081 9 u
-17.3723 0.475115 9 u
-17.3415 0.392774 9 u
-17.3096 0.309732 9 u
-17.2762 0.225667 9 u
-17.2411 0.140253 9 u
-17.204 0.0531664 9 u
-17.1648 -0.0359172 9 u
-17.1231 -0.127322 9 u
-17.0787 -0.221373 9 u
-17.0312 -0.318394 9 u
-16.9806 -0.418709 9 u
-16.9265 -0.522642 9 u
-16.8686 -0.630519 9 u
-16.8066 -0.742663 9 u
-16.7405 -0.859399 9 u
-16.6697 -0.981051 9 u
-16.5942 -1.10794 9 u
-16.5137 -1.2404 9 u

-16.9722 9.07751 9 u
-16.9512 8.91315 9 u
-16.9316 8.76259 9 u
-16.9134 8.62505 9 u
-16.8965 8.49973 9 u
-16.8809 8.38586 9 u
-16.8663 8.28267 9 u
-16.8528 8.18936 9 u
-16.8402 8.10515 9 u
-16.8286 8.02927 9 u
-16.8177 7.96093 9 u
-16.8075 7.89936 9 u
-16.7979 7.84376 9 u
-16.7888 7.79336 9 u
-16.7803 7.74738 9 u
-16.772 7.70504 9 u
-16.7641 7.66554 9 u
-16.7563 7.62813 9 u
-16.7487 7.592 9 u
-16.7411 7.55638 9 u
-16.7335 7.5205 9 u
-16.7257 7.48369 9 u
-16.7177 7.44586 9 u
-16.7097 7.40704 9 u
-16.7015 7.36725 9 u
-16.6932 7.32652 9 u
-16.6847 7.28488 9 u
-16.6761 7.24236 9 u
-16.6674 7.199 9 u
-16.6585 7.1548 9 u
-16.6495 7.10982 9 u
-16.6404 7.06407 9 u
-16.6312 7.01758 9 u
-16.6219 6.97039 9 u
-16.6124 6.92252 9 u
-16.6028 6.874 9 u
-16.5931 6.82485 9 u
-16.5833 6.77512 9 u
-16.5733 6.72482 9 u
-16.5633 6.67398 9 u
-16.5531 6.62264 9 u
-16.5428 6.57082 9 u
-16.5325 6.51854 9 u
-16.522 6.46579 9 u
-16.5114 6.41261 9 u
-16.5007 6.359 9 u
-16.4899 6.30496 9 u
-16.4791 6.25052 9 u
-16.4682 6.19568 9 u
-16.4571 6.14045 9 u
-16.4461 6.08485 9 u
-16.4349 6.02889 9 u
-16.4237 5.97258 9 u
-16.4124 5.91592 9 u
-16.401 5.85894 9 u
-16.3896 5.80164 9 u
-16.3782 5.74404 9 u
-16.3667 5.68614 9 u
-16.3551 5.62796 9 u
-16.3435 5.56951 9 u
-16.3319 5.5108 9 u
-16.3203 5.45185 9 u
-16.3086 5.39265 9 u
-16.2969 5.33323 9 u
-16.2852 5.27359 9 u
-16.2734 5.21375 9 u
-16.2617 5.15371 9 u
-16.25 5.09348 9 u
-16.2382 5.03309 9 u
-16.2265 4.97252 9 u
-16.2148 4.91181 9 u
-16.2031 4.85095 9 u
-16.1915 4.78996 9 u
-16.1799 4.72885 9 u
-16.1683 4.66763 9 u
-16.1568 4.6063 9 u
-16.1453 4.54489 9 u
-16.1339 4.4834 9 u
-16.1225 4.42183 9 u
-16.1112 4.36021 9 u
-16.0999 4.29855 9 u
-16.0888 4.23683 9 u
-16.0777 4.17507 9 u
-16.0667 4.11325 9 u
-16.0557 4.05135 9 u
-16.0448 3.98937 9 u
-16.034 3.92728 9 u
-16.0232 3.86508 9 u
-16.0124 3.80275 9 u
-16.0017 3.74029 9 u
-15.9911 3.67768 9 u
-15.9805 3.6149 9 u
-15.9699 3.55194 9 u
-15.9593 3.4888 9 u
-15.9487 3.42546 9 u
-15.9382 3.3619 9 u
-15.9277 3.29811 9 u
-15.9172 3.23409 9 u
-15.9067 3.16981 9 u
-15.8962 3.10527 9 u
-15.8857 3.04046 9 u
-15.8752 2.97535 9 u
-15.8646 2.90997 9 u
-15.8541 2.84431 9 u
-15.8435 2.7784 9 u
-15.8329 2.71222 9 u
-15.8222 2.6458 9 u
-15.8114 2.57914 9 u
-15.8006 2.51226 9 u
-15.7897 2.44515 9 u
-15.7787 2.37783 9 u
-15.7676 2.31031 9 u
-15.7564 2.24259 9 u
-15.7451 2.17469 9 u
-15.7337 2.10661 9 u
-15.7221 2.03836 9 u
-15.7104 1.96995 9 u
-15.6985 1.90139 9 u
-15.6865 1.83269 9 u
-15.6743 1.76385 9 u
-15.6619 1.69489 9 u
-15.6493 1.62582 9 u
-15.6365 1.55666 9 u
-15.6236 1.48746 9 u
-15.6105 1.41825 9 u
-15.5973 1.34907 9 u
-15.5839 1.27995 9 u
-15.5703 1.21092 9 u
-15.5567 1.14203 9 u
-15.5429 1.07331 9 u
-15.529 1.0048 9 u
-15.515 0.936524 9 u
-15.501 0.868526 9 u
-15.4868 0.800841 9 u
-15.4726 0.733505 9 u
-15.4583 0.666552 9 u
-15.444 0.600019 9 u
-15.4296 0.533942 9 u
-15.4151 0.468356 9 u
-15.4007 0.403297 9 u
-15.3862 0.338801 9 u
-15.3717 0.274854 9 u
-15.357 0.211239 9 u
-15.3421 0.147693 9 u
-15.3266 0.083948 9 u
-15.3106 0.0197398 9 u
-15.2937 -0.0451973 9 u
-15.276 -0.111129 9 u
-15.2572 -0.178321 9 u
-15.2371 -0.247038 9 u
-15.2157 -0.317546 9 u
-15.1928 -0.390111 9 u
-15.1682 -0.464998 9 u
-15.1417 -0.542473 9 u
-15.1133 -0.622801 9 u
-15.0828 -0.706247 9 u
-15.0499 -0.793078 9 u
-15.0147 -0.883558 9 u
-14.9768 -0.977954 9 u
-14.9362 -1.07653 9 u
-14.8927 -1.17955 9 u

-12.2767 8.07543 9 u
-12.2829 8.01726 9 u
-12.2891 7.9591 9 u
-12.2953 7.90093 9 u
-12.3015 7.84276 9 u
-12.3077 7.7846 9 u
-12.3139 7.72643 9 u
-12.3201 7.66827 9 u
-12.3264 7.6101 9 u
-12.3326 7.55194 9 u
-12.3388 7.49377 9 u
-12.345 7.43561 9 u
-12.3512 7.37744 9 u
-12.3574 7.31927 9 u
-12.3636 7.26111 9 u
-12.3699 7.20294 9 u
-12.3761 7.14478 9 u
-12.3823 7.08661 9 u
-12.3885 7.02845 9 u
-12.3947 6.97028 9 u
-12.4009 6.91212 9 u
-12.4071 6.85395 9 u
-12.4134 6.79578 9 u
-12.4196 6.73762 9 u
-12.4258 6.67945 9 u
-12.432 6.62129 9 u
-12.4382 6.56312 9 u
-12.4444 6.50496 9 u
-12.4506 6.44679 9 u
-12.4568 6.38862 9 u
-12.4631 6.33046 9 u
-12.4693 6.27229 9 u
-12.4755 6.21413 9 u
-12.4817 6.15596 9 u
-12.4879 6.0978 9 u
-12.4941 6.03963 9 u
-12.5003 5.98147 9 u
-12.5066 5.9233 9 u
-12.5128 5.86513 9 u
-12.519 5.80697 9 u
-12.5252 5.7488 9 u
-12.5314 5.69064 9 u
-12.5376 5.63247 9 u
-12.5438 5.57431 9 u
-12.5501 5.51614 9 u
-12.5563 5.45798 9 u
-12.5625 5.39981 9 u
-12.5687 5.34164 9 u
-12.5749 5.28348 9 u
-12.5811 5.22531 9 u
-12.5873 5.16715 9 u
-12.5935 5.10898 9 u
-12.5998 5.05082 9 u
-12.606 4.99265 9 u
-12.6122 4.93448 9 u
-12.6184 4.87632 9 u
-12.6246 4.81815 9 u
-12.6308 4.75999 9 u
-12.637 4.70182 9 u
-12.6433 4.64366 9 u
-12.6495 4.58549 9 u
-12.6557 4.52733 9 u
-12.6619 4.46916 9 u
-12.6681 4.41099 9 u
-12.6743 4.35283 9 u
-12.6805 4.29466 9 u
-12.6868 4.2365 9 u
-12.693 4.17833 9 u
-12.6992 4.12017 9 u
-12.7054 4.062 9 u
-12.7116 4.00383 9 u
-12.7178 3.94567 9 u
-12.724 3.8875 9 u
-12.7303 3.82934 9 u
-12.7365 3.77117 9 u
-12.7427 3.71301 9 u
-12.7489 3.65484 9 u
-12.7551 3.59668 9 u
-12.7613 3.53851 9 u
-12.7675 3.48034 9 u
-12.7737 3.42218 9 u
-12.78 3.36401 9 u
-12.7862 3.30585 9 u
-12.7924 3.24768 9 u
-12.7986 3.18952 9 u
-12.8048 3.13135 9 u
-12.811 3.07319 9 u
-12.8172 3.01502 9 u
-12.8235 2.95685 9 u
-12.8297 2.89869 9 u
-12.8359 2.84052 9 u
-12.8421 2.78236 9 u
-12.8483 2.72419 9 u
-12.8545 2.66603 9 u
-12.8607 2.60786 9 u
-12.867 2.54969 9 u
-12.8732 2.49153 9 u
-12.8794 2.43336 9 u
-12.8856 2.3752 9 u
-12.8918 2.31703 9 u
-12.898 2.25887 9 u
-12.9042 2.2007 9 u
-12.9104 2.14254 9 u
-12.9167 2.08437 9 u
-12.9229 2.0262 9 u
-12.9291 1.96804 9 u
-12.9353 1.90987 9 u
-12.9415 1.85171 9 u
-12.9477 1.79354 9 u
-12.9539 1.73538 9 u
-12.9602 1.67721 9 u
-12.9664 1.61905 9 u
-12.9726 1.56088 9 u
-12.9788 1.50271 9 u
-12.985 1.44455 9 u
-12.9912 1.38638 9 u
-12.9974 1.32822 9 u
-13.0037 1.27005 9 u
-13.0099 1.21189 9 u
-13.0161 1.15372 9 u
-13.0223 1.09555 9 u
-13.0285 1.03739 9 u
-13.0347 0.979223 9 u
-13.0409 0.921058 9 u
-13.0471 0.862892 9 u
-13.0534 0.804727 9 u
-13.0596 0.746561 9 u
-13.0658 0.688395 9 u
-13.072 0.63023 9 u
-13.0782 0.572064 9 u
-13.0844 0.513899 9 u
-13.0906 0.455733 9 u
-13.0969 0.397567 9 u
-13.1031 0.339402 9 u
-13.1093 0.281236 9 u
-13.1155 0.223071 9 u
-13.1217 0.164905 9 u
-13.1279 0.106739 9 u
-13.1341 0.0485737 9 u
-13.1404 -0.00959189 9 u
-13.1466 -0.0677575 9 u
-13.1528 -0.125923 9 u
-13.159 -0.184089 9 u
-13.1652 -0.242254 9 u
-13.1714 -0.30042 9 u
-13.1776 -0.358586 9 u
-13.1838 -0.416751 9 u
-13.1901 -0.474917 9 u
-13.1963 -0.533082 9 u
-13.2025 -0.591248 9 u
-13.2087 -0.649414 9 u
-13.2149 -0.707579 9 u
-13.2211 -0.765745 9 u
-13.2273 -0.82391 9 u
-13.2336 -0.882076 9 u
-13.2398 -0.940242 9 u
-13.246 -0.998407 9 u
-13.2522 -1.05657 9 u
-13.2584 -1.11474 9 u
-13.2646 -1.1729 9 u
-13.2708 -1.23107 9 u

-41.2067 -3.86916 9 v
-41.1822 -3.63248 9 v
-41.1559 -3.39551 9 v
-41.1278 -3.15829 9 v
-41.098 -2.92089 9 v
-41.0664 -2.68338 9 v
-41.033 -2.44579 9 v
-40.9977 -2.2082 9 v
-40.9606 -1.97066 9 v
-40.9217 -1.73323 9 v
-40.8808 -1.49597 9 v
-40.8381 -1.25892 9 v
-40.7934 -1.02216 9 v
-40.7468 -0.785739 9 v
-40.6982 -0.549714 9 v
-40.6476 -0.314142 9 v
-40.5951 -0.0790826 9 v
-40.5405 0.155407 9 v
-40.4839 0.38927 9 v
-40.4252 0.622447 9 v
-40.3645 0.854882 9 v
-40.3017 1.08652 9 v
-40.2367 1.31734 9 v
-40.1695 1.54732 9 v
-40.1 1.77643 9 v
-40.0282 2.00467 9 v
-39.9541 2.23199 9 v
-39.8775 2.4584 9 v
-39.7983 2.68385 9 v
-39.7166 2.90834 9 v
-39.6323 3.13185 9 v
-39.5453 3.35434 9 v
-39.4556 3.57581 9 v
-39.363 3.79623 9 v
-39.2676 4.01558 9 v
-39.1693 4.23384 9 v
-39.068 4.45098 9 v
-38.9636 4.667 9 v
-38.8562 4.88186 9 v
-38.7456 5.09555 9 v
-38.6318 5.30804 9 v
-38.5147 5.51928 9 v
-38.3942 5.72909 9 v
-38.2704 5.93723 9 v
-38.1432 6.14348 9 v
-38.0125 6.34762 9 v
-37.8784 6.54942 9 v
-37.7406 6.74866 9 v
-37.5993 6.94511 9 v
-37.4543 7.13855 9 v
-37.3055 7.32875 9 v
-37.1531 7.5155 9 v
-36.9969 7.69855 9 v
-36.8368 7.8777 9 v
-36.6728 8.05272 9 v
-36.5049 8.22337 9 v
-36.333 8.38944 9 v
-36.1571 8.55071 9 v
-35.9771 8.70694 9 v
-35.793 8.85791 9 v
-35.6047 9.00341 9 v
-35.4122 9.14324 9 v
-35.2157 9.27741 9 v
-35.0154 9.40596 9 v
-34.8114 9.52893 9 v
-34.604 9.64637 9 v
-34.3932 9.75831 9 v
-34.1794 9.86482 9 v
-33.9627 9.96591 9 v
-33.7432 10.0616 9 v
-33.5212 10.1521 9 v
-33.2969 10.2372 9 v
-33.0704 10.3171 9 v
-32.842 10.3918 9 v
-32.6117 10.4614 9 v
-32.3799 10.5259 9 v
-32.1466 10.5853 9 v
-31.9121 10.6397 9 v
-31.6766 10.6891 9 v
-31.4402 10.7336 9 v
-31.2032 10.7732 9 v
-30.9657 10.808 9 v
-30.7277 10.8382 9 v
-30.4893 10.8638 9 v
-30.2506 10.8851 9 v
-30.0115 10.9023 9 v
-29.7722 10.9155 9 v
-29.5326 10.925 9 v
-29.2929 10.9308 9 v
-29.0529 10.9332 9 v
-28.8129 10.9324 9 v
-28.5727 10.9285 9 v
-28.3326 10.9217 9 v
-28.0924 10.9122 9 v
-27.8522 10.9001 9 v
-27.6121 10.8857 9 v
-27.3721 10.8691 9 v
-27.1323 10.8504 9 v
-26.8927 10.83 9 v
-26.6533 10.8079 9 v
-26.4141 10.7843 9 v
-26.1753 10.7593 9 v
-25.9367 10.7331 9 v
-25.6985 10.7057 9 v
-25.4605 10.677 9 v
-25.2227 10.6471 9 v
-24.9852 10.6161 9 v
-24.7479 10.5839 9 v
-24.5108 10.5506 9 v
-24.274 10.5162 9 v
-24.0373 10.4808 9 v
-23.8007 10.4442 9 v
-23.5643 10.4067 9 v
-23.3281 10.3682 9 v
-23.092 10.3288 9 v
-22.8559 10.2884 9 v
-22.62 10.2471 9 v
-22.3842 10.2049 9 v
-22.1484 10.1618 9 v
-21.9127 10.118 9 v
-21.677 10.0733 9 v
-21.4414 10.0278 9 v
-21.2058 9.98166 9 v
-20.9702 9.9348 9 v
-20.7346 9.8873 9 v
-20.4991 9.8392 9 v
-20.2636 9.79055 9 v
-20.0282 9.74141 9 v
-19.7928 9.6918 9 v
-19.5575 9.64178 9 v
-19.3222 9.5914 9 v
-19.0869 9.5407 9 v
-18.8517 9.48972 9 v
-18.6165 9.43852 9 v
-18.3814 9.38713 9 v
-18.1464 9.3356 9 v
-17.9114 9.28398 9 v
-17.6765 9.23232 9 v
-17.4417 9.18065 9 v
-17.2069 9.12903 9 v
-16.9722 9.07751 9 v
-16.7376 9.02611 9 v
-16.503 8.97484 9 v
-16.2684 8.92371 9 v
-16.034 8.87272 9 v
-15.7995 8.82187 9 v
-15.565 8.77115 9 v
-15.3306 8.72057 9 v
-15.0961 8.67012 9 v
-14.8616 8.61982 9 v
-14.627 8.56964 9 v
-14.3924 8.51961 9 v
-14.1578 8.46971 9 v
-13.923 8.41995 9 v
-13.6882 8.37032 9 v
-13.4533 8.32083 9 v
-13.2182 8.27148 9 v
-12.9831 8.22226 9 v
-12.7477 8.17318 9 v
-12.5123 8.12423 9 v
-12.2767 8.07543 9 v

-39.1697 -4.00559 9 v
-39.0594 -3.71948 9 v
-38.9552 -3.44431 9 v
-38.8566 -3.17947 9 v
-38.7633 -2.92435 9 v
-38.6749 -2.67833 9 v
-38.5908 -2.44079 9 v
-38.5107 -2.21112 9 v
-38.4341 -1.9887 9 v
-38.3607 -1.77292 9 v
-38.2899 -1.56317 9 v
-38.2214 -1.35882 9 v
-38.1548 -1.15926 9 v
-38.0896 -0.963876 9 v
-38.0253 -0.772055 9 v
-37.9616 -0.583181 9 v
-37.898 -0.396638 9 v
-37.8342 -0.21181 9 v
-37.7696 -0.0280825 9 v
-37.7039 0.15516 9 v
-37.6366 0.338533 9 v
-37.5673 0.522524 9 v
-37.4961 0.707106 9 v
-37.4228 0.892127 9 v
-37.3474 1.07743 9 v
-37.27 1.26287 9 v
-37.1905 1.44828 9 v
-37.1088 1.63352 9 v
-37.0251 1.81842 9 v
-36.9391 2.00284 9 v
-36.8511 2.18662 9 v
-36.7608 2.36961 9 v
-36.6683 2.55166 9 v
-36.5736 2.7326 9 v
-36.4766 2.91229 9 v
-36.3774 3.09058 9 v
-36.2759 3.2673 9 v
-36.1721 3.44231 9 v
-36.066 3.61545 9 v
-35.9575 3.78657 9 v
-35.8467 3.95551 9 v
-35.7335 4.12213 9 v
-35.6179 4.28637 9 v
-35.5 4.44814 9 v
-35.3797 4.60739 9 v
-35.257 4.76405 9 v
-35.132 4.91805 9 v
-35.0046 5.06934 9 v
-34.8749 5.21784 9 v
-34.7429 5.36349 9 v
-34.6085 5.50623 9 v
-34.4717 5.64599 9 v
-34.3326 5.7827 9 v
-34.1912 5.91631 9 v
-34.0475 6.04674 9 v
-33.9015 6.17394 9 v
-33.7531 6.29783 9 v
-33.6024 6.41835 9 v
-33.4494 6.53544 9 v
-33.2941 6.64904 9 v
-33.1365 6.75906 9 v
-32.9767 6.86548 9 v
-32.8145 6.96833 9 v
-32.6501 7.06764 9 v
-32.4835 7.16347 9 v
-32.3147 7.25588 9 v
-32.1438 7.34491 9 v
-31.9707 7.43061 9 v
-31.7956 7.51303 9 v
-31.6184 7.59222 9 v
-31.4392 7.66823 9 v
-31.258 7.74112 9 v
-31.0748 7.81092 9 v
-30.8897 7.8777 9 v
-30.7026 7.94149 9 v
-30.5137 8.00236 9 v
-30.3229 8.06034 9 v
-30.1304 8.1155 9 v
-29.936 8.16788 9 v
-29.7399 8.21752 9 v
-29.542 8.26449 9 v
-29.3424 8.30882 9 v
-29.1413 8.35056 9 v
-28.9385 8.38973 9 v
-28.7343 8.42637 9 v
-28.5287 8.46052 9 v
-28.3218 8.49219 9 v
-28.1136 8.52144 9 v
-27.9042 8.54829 9 v
-27.6936 8.57278 9 v
-27.4821 8.59493 9 v
-27.2696 8.61478 9 v
-27.0561 8.63237 9 v
-26.8419 8.64773 9 v
-26.6269 8.66089 9 v
-26.4112 8.67188 9 v
-26.195 8.68074 9 v
-25.9782 8.68749 9 v
-25.7609 8.69219 9 v
-25.5433 8.69484 9 v
-25.3253 8.6955 9 v
-25.1071 8.69419 9 v
-24.8887 8.69095 9 v
-24.6701 8.6858 9 v
-24.4514 8.67877 9 v
-24.2326 8.6699 9 v
-24.0137 8.65921 9 v
-23.7948 8.64675 9 v
-23.5758 8.63252 9 v
-23.3569 8.61658 9 v
-23.1381 8.59895 9 v
-22.9193 8.57965 9 v
-22.7007 8.55872 9 v
-22.4822 8.5362 9 v
-22.2639 8.5121 9 v
-22.0459 8.48647 9 v
-21.8281 8.45933 9 v
-21.6106 8.43071 9 v
-21.3934 8.40065 9 v
-21.1766 8.36917 9 v
-20.9602 8.3363 9 v
-20.7442 8.30209 9 v
-20.5286 8.26663 9 v
-20.3135 8.22999 9 v
-20.0989 8.19229 9 v
-19.8847 8.1536 9 v
-19.6709 8.11404 9 v
-19.4577 8.07369 9 v
-19.2449 8.03264 9 v
-19.0327 7.991 9 v
-18.8209 7.94886 9 v
-18.6097 7.9063 9 v
-18.399 7.86343 9 v
-18.1888 7.82034 9 v
-17.9792 7.77713 9 v
-17.7701 7.73388 9 v
-17.5616 7.6907 9 v
-17.3537 7.64767 9 v
-17.1464 7.6049 9 v
-16.9396 7.56248 9 v
-16.7335 7.5205 9 v
-16.5279 7.47905 9 v
-16.3226 7.43823 9 v
-16.1175 7.39812 9 v
-15.9122 7.35882 9 v
-15.7066 7.32041 9 v
-15.5002 7.28298 9 v
-15.293 7.24663 9 v
-15.0846 7.21143 9 v
-14.8748 7.17749 9 v
-14.6633 7.14489 9 v
-14.4499 7.11371 9 v
-14.2343 7.08405 9 v
-14.0163 7.056 9 v
-13.7956 7.02964 9 v
-13.572 7.00507 9 v
-13.3452 6.98237 9 v
-13.1149 6.96164 9 v
-12.8809 6.94296 9 v
-12.643 6.92642 9 v
-12.4009 6.91212 9 v

-37.1327 -4.14201 9 v
-37.0808 -3.85777 9 v
-37.03 -3.58642 9 v
-36.9801 -3.32722 9 v
-36.9311 -3.07946 9 v
-36.8827 -2.84241 9 v
-36.8348 -2.61535 9 v
-36.787 -2.39755 9 v
-36.7394 -2.18828 9 v
-36.6916 -1.98682 9 v
-36.6435 -1.79245 9 v
-36.5949 -1.60444 9 v
-36.5456 -1.42206 9 v
-36.4955 -1.24459 9 v
-36.4443 -1.07132 9 v
-36.3919 -0.901497 9 v
-36.338 -0.734415 9 v
-36.2826 -0.569345 9 v
-36.2253 -0.405561 9 v
-36.1661 -0.242339 9 v
-36.1047 -0.078953 9 v
-36.041 0.0851704 9 v
-35.975 0.250005 9 v
-35.9067 0.415375 9 v
-35.836 0.581101 9 v
-35.763 0.747009 9 v
-35.6877 0.912921 9 v
-35.6102 1.07866 9 v
-35.5303 1.24405 9 v
-35.4482 1.40891 9 v
-35.3638 1.57307 9 v
-35.2771 1.73635 9 v
-35.1882 1.89857 9 v
-35.097 2.05956 9 v
-35.0036 2.21913 9 v
-34.908 2.37712 9 v
-34.8101 2.53335 9 v
-34.71 2.68763 9 v
-34.6078 2.83979 9 v
-34.5033 2.98966 9 v
-34.3967 3.13706 9 v
-34.2879 3.28184 9 v
-34.1769 3.42398 9 v
-34.0637 3.5635 9 v
-33.9485 3.70039 9 v
-33.8311 3.83468 9 v
-33.7116 3.96637 9 v
-33.5901 4.09547 9 v
-33.4665 4.22199 9 v
-33.3408 4.34594 9 v
-33.2131 4.46734 9 v
-33.0834 4.58619 9 v
-32.9517 4.7025 9 v
-32.818 4.81629 9 v
-32.6823 4.92756 9 v
-32.5447 5.03632 9 v
-32.4051 5.14259 9 v
-32.2636 5.24636 9 v
-32.1203 5.34767 9 v
-31.975 5.4465 9 v
-31.8278 5.54288 9 v
-31.6788 5.63682 9 v
-31.528 5.72837 9 v
-31.3753 5.81757 9 v
-31.2208 5.90449 9 v
-31.0645 5.98917 9 v
-30.9063 6.07166 9 v
-30.7464 6.15202 9 v
-30.5847 6.2303 9 v
-30.4212 6.30656 9 v
-30.256 6.38083 9 v
-30.089 6.45319 9 v
-29.9203 6.52367 9 v
-29.7498 6.59233 9 v
-29.5776 6.65923 9 v
-29.4037 6.72442 9 v
-29.2281 6.78794 9 v
-29.0508 6.84985 9 v
-28.8718 6.9102 9 v
-28.6912 6.96905 9 v
-28.5089 7.02645 9 v
-28.3249 7.08242 9 v
-28.1394 7.13688 9 v
-27.9523 7.18974 9 v
-27.7638 7.24089 9 v
-27.5738 7.29023 9 v
-27.3825 7.33765 9 v
-27.1899 7.38305 9 v
-26.9961 7.42634 9 v
-26.8012 7.46739 9 v
-26.6051 7.50612 9 v
-26.4079 7.54242 9 v
-26.2098 7.57619 9 v
-26.0108 7.60732 9 v
-25.8109 7.63571 9 v
-25.6102 7.66126 9 v
-25.4087 7.68387 9 v
-25.2066 7.70343 9 v
-25.0038 7.71983 9 v
-24.8005 7.73298 9 v
-24.5967 7.74278 9 v
-24.3924 7.74915 9 v
-24.1878 7.75221 9 v
-23.9828 7.75207 9 v
-23.7775 7.74888 9 v
-23.5719 7.74277 9 v
-23.3662 7.73389 9 v
-23.1603 7.72235 9 v
-22.9543 7.70831 9 v
-22.7482 7.69189 9 v
-22.5422 7.67324 9 v
-22.3362 7.65248 9 v
-22.1303 7.62976 9 v
-21.9245 7.6052 9 v
-21.7189 7.57895 9 v
-21.5136 7.55114 9 v
-21.3086 7.52191 9 v
-21.1039 7.49139 9 v
-20.8996 7.45972 9 v
-20.6957 7.42702 9 v
-20.4923 7.39345 9 v
-20.2894 7.35912 9 v
-20.0871 7.32409 9 v
-19.8854 7.28839 9 v
-19.6842 7.25209 9 v
-19.4836 7.21521 9 v
-19.2836 7.17779 9 v
-19.0842 7.1399 9 v
-18.8855 7.10156 9 v
-18.6873 7.06282 9 v
-18.4898 7.02372 9 v
-18.293 6.98431 9 v
-18.0968 6.94463 9 v
-17.9014 6.90473 9 v
-17.7066 6.86464 9 v
-17.5125 6.8244 9 v
-17.3191 6.78407 9 v
-17.1265 6.74369 9 v
-16.9346 6.70329 9 v
-16.7435 6.66293 9 v
-16.5531 6.62264 9 v
-16.3635 6.58245 9 v
-16.1743 6.54231 9 v
-15.9854 6.50215 9 v
-15.7964 6.4619 9 v
-15.607 6.42149 9 v
-15.4169 6.38084 9 v
-15.2259 6.3399 9 v
-15.0336 6.29859 9 v
-14.8399 6.25684 9 v
-14.6443 6.21459 9 v
-14.4466 6.17176 9 v
-14.2465 6.12828 9 v
-14.0437 6.08408 9 v
-13.838 6.0391 9 v
-13.629 5.99326 9 v
-13.4165 5.9465 9 v
-13.2001 5.89874 9 v
-12.9797 5.84992 9 v
-12.7548 5.79996 9 v
-12.5252 5.7488 9 v

-35.0957 -4.27843 9 v
-35.0633 -4.00347 9 v
-35.0307 -3.74266 9 v
-34.9979 -3.49523 9 v
-34.9647 -3.2604 9 v
-34.931 -3.0374 9 v
-34.8967 -2.82543 9 v
-34.8616 -2.62373 9 v
-34.8255 -2.43152 9 v
-34.7885 -2.24803 9 v
-34.7502 -2.07246 9 v
-34.7107 -1.90405 9 v
-34.6698 -1.74202 9 v
-34.6273 -1.58558 9 v
-34.5831 -1.43397 9 v
-34.5371 -1.2864 9 v
-34.4892 -1.1421 9 v
-34.4391 -1.00029 9 v
-34.3869 -0.860182 9 v
-34.3323 -0.721012 9 v
-34.2753 -0.581996 9 v
-34.2157 -0.442516 9 v
-34.1535 -0.30258 9 v
-34.0889 -0.162357 9 v
-34.0217 -0.0220148 9 v
-33.9522 0.118279 9 v
-33.8803 0.258357 9 v
-33.8061 0.398052 9 v
-33.7296 0.537194 9 v
-33.6508 0.675618 9 v
-33.5699 0.813154 9 v
-33.4868 0.949636 9 v
-33.4017 1.08489 9 v
-33.3145 1.21876 9 v
-33.2253 1.35107 9 v
-33.1341 1.48166 9 v
-33.041 1.61035 9 v
-32.9461 1.73698 9 v
-32.8493 1.86138 9 v
-32.7508 1.98338 9 v
-32.6506 2.10282 9 v
-32.5486 2.21957 9 v
-32.445 2.33366 9 v
-32.3397 2.44518 9 v
-32.2327 2.5542 9 v
-32.124 2.66081 9 v
-32.0136 2.76507 9 v
-31.9015 2.86708 9 v
-31.7878 2.96691 9 v
-31.6723 3.06463 9 v
-31.555 3.16033 9 v
-31.4361 3.25409 9 v
-31.3155 3.34598 9 v
-31.1931 3.43608 9 v
-31.069 3.52448 9 v
-30.9432 3.61125 9 v
-30.8157 3.69647 9 v
-30.6864 3.78021 9 v
-30.5553 3.86256 9 v
-30.4226 3.9436 9 v
-30.2881 4.02341 9 v
-30.1518 4.10206 9 v
-30.0138 4.17964 9 v
-29.8741 4.25626 9 v
-29.7327 4.33199 9 v
-29.5897 4.40693 9 v
-29.445 4.48118 9 v
-29.2986 4.55482 9 v
-29.1506 4.62795 9 v
-29.0011 4.70065 9 v
-28.8499 4.77303 9 v
-28.6972 4.84517 9 v
-28.5429 4.91716 9 v
-28.3871 4.9891 9 v
-28.2298 5.06107 9 v
-28.071 5.13318 9 v
-27.9108 5.2055 9 v
-27.749 5.27814 9 v
-27.5859 5.35119 9 v
-27.4213 5.42473 9 v
-27.2554 5.49885 9 v
-27.0881 5.57359 9 v
-26.9194 5.64868 9 v
-26.7494 5.7238 9 v
-26.5781 5.79861 9 v
-26.4056 5.87279 9 v
-26.2319 5.94602 9 v
-26.0571 6.01795 9 v
-25.8811 6.08828 9 v
-25.704 6.15665 9 v
-25.5258 6.22276 9 v
-25.3467 6.28628 9 v
-25.1665 6.34686 9 v
-24.9854 6.40419 9 v
-24.8033 6.45794 9 v
-24.6204 6.50779 9 v
-24.4366 6.55339 9 v
-24.252 6.59443 9 v
-24.0666 6.63058 9 v
-23.8805 6.6615 9 v
-23.6936 6.68688 9 v
-23.5061 6.70648 9 v
-23.318 6.72049 9 v
-23.1294 6.72917 9 v
-22.9403 6.7328 9 v
-22.7508 6.73166 9 v
-22.5609 6.72603 9 v
-22.3709 6.71618 9 v
-22.1806 6.7024 9 v
-21.9902 6.68494 9 v
-21.7998 6.6641 9 v
-21.6095 6.64015 9 v
-21.4192 6.61336 9 v
-21.2291 6.58401 9 v
-21.0393 6.55239 9 v
-20.8498 6.51875 9 v
-20.6606 6.48339 9 v
-20.4719 6.44657 9 v
-20.2838 6.40858 9 v
-20.0963 6.36969 9 v
-19.9094 6.33018 9 v
-19.7232 6.29028 9 v
-19.5378 6.25006 9 v
-19.3532 6.20957 9 v
-19.1693 6.16883 9 v
-18.9862 6.12787 9 v
-18.8038 6.08674 9 v
-18.6222 6.04546 9 v
-18.4413 6.00407 9 v
-18.2612 5.9626 9 v
-18.0819 5.92109 9 v
-17.9034 5.87956 9 v
-17.7256 5.83805 9 v
-17.5486 5.7966 9 v
-17.3724 5.75524 9 v
-17.197 5.714 9 v
-17.0224 5.67292 9 v
-16.8486 5.63202 9 v
-16.6756 5.59135 9 v
-16.5033 5.55093 9 v
-16.3319 5.5108 9 v
-16.1612 5.47097 9 v
-15.9911 5.43132 9 v
-15.8211 5.3917 9 v
-15.6509 5.35198 9 v
-15.4803 5.31201 9 v
-15.3089 5.27164 9 v
-15.1364 5.23075 9 v
-14.9625 5.18917 9 v
-14.7868 5.14678 9 v
-14.6091 5.10343 9 v
-14.429 5.05896 9 v
-14.2463 5.01325 9 v
-14.0605 4.96615 9 v
-13.8714 4.91752 9 v
-13.6787 4.86721 9 v
-13.4821 4.81507 9 v
-13.2811 4.76098 9 v
-13.0756 4.70478 9 v
-12.8651 4.64633 9 v
-12.6495 4.58549 9 v

-33.0587 -4.41485 9 v
-33.0348 -4.16632 9 v
-33.0095 -3.93147 9 v
-32.9828 -3.70959 9 v
-32.9546 -3.49999 9 v
-32.925 -3.30195 9 v
-32.8938 -3.11476 9 v
-32.861 -2.93772 9 v
-32.8266 -2.77013 9 v
-32.7906 -2.61127 9 v
-32.7529 -2.46044 9 v
-32.7135 -2.31694 9 v
-32.6724 -2.18005 9 v
-32.6295 -2.04907 9 v
-32.5848 -1.9233 9 v
-32.5383 -1.80203 9 v
-32.4899 -1.68455 9 v
-32.4396 -1.57015 9 v
-32.3873 -1.45813 9 v
-32.3331 -1.34779 9 v
-32.2769 -1.23841 9 v
-32.2187 -1.12942 9 v
-32.1584 -1.02078 9 v
-32.0962 -0.9126 9 v
-32.0319 -0.80496 9 v
-31.9657 -0.697959 9 v
-31.8976 -0.591692 9 v
-31.8275 -0.486254 9 v
-31.7555 -0.381741 9 v
-31.6816 -0.278247 9 v
-31.6058 -0.175866 9 v
-31.5282 -0.0746956 9 v
-31.4488 0.0251711 9 v
-31.3675 0.123639 9 v
-31.2844 0.220612 9 v
-31.1995 0.315996 9 v
-31.1129 0.409696 9 v
-31.0245 0.501617 9 v
-30.9344 0.591664 9 v
-30.8426 0.679741 9 v
-30.7491 0.765755 9 v
-30.6539 0.849654 9 v
-30.557 0.931568 9 v
-30.4586 1.01167 9 v
-30.3585 1.09014 9 v
-30.2569 1.16715 9 v
-30.1538 1.24287 9 v
-30.0492 1.31748 9 v
-29.9431 1.39115 9 v
-29.8356 1.46406 9 v
-29.7267 1.53638 9 v
-29.6165 1.60829 9 v
-29.5049 1.67996 9 v
-29.392 1.75156 9 v
-29.2778 1.82327 9 v
-29.1623 1.89527 9 v
-29.0457 1.96773 9 v
-28.9278 2.04082 9 v
-28.8089 2.11471 9 v
-28.6887 2.18959 9 v
-28.5675 2.26563 9 v
-28.4453 2.34297 9 v
-28.3219 2.42162 9 v
-28.1974 2.50156 9 v
-28.0717 2.58279 9 v
-27.9448 2.66529 9 v
-27.8167 2.74902 9 v
-27.6873 2.83399 9 v
-27.5566 2.92017 9 v
-27.4245 3.00755 9 v
-27.2911 3.09611 9 v
-27.1563 3.18582 9 v
-27.02 3.27668 9 v
-26.8822 3.36867 9 v
-26.7429 3.46177 9 v
-26.602 3.55596 9 v
-26.4595 3.65123 9 v
-26.3154 3.74756 9 v
-26.1697 3.84493 9 v
-26.0222 3.94333 9 v
-25.873 4.04273 9 v
-25.7221 4.14306 9 v
-25.5694 4.24394 9 v
-25.4152 4.34496 9 v
-25.2595 4.44567 9 v
-25.1024 4.54566 9 v
-24.944 4.64447 9 v
-24.7843 4.74169 9 v
-24.6236 4.83688 9 v
-24.4618 4.92962 9 v
-24.299 5.01947 9 v
-24.1354 5.10599 9 v
-23.9711 5.18876 9 v
-23.806 5.26735 9 v
-23.6404 5.34133 9 v
-23.4743 5.41026 9 v
-23.3079 5.47371 9 v
-23.1411 5.53126 9 v
-22.9741 5.58247 9 v
-22.8071 5.6269 9 v
-22.6399 5.66414 9 v
-22.4729 5.69387 9 v
-22.3059 5.71632 9 v
-22.139 5.73184 9 v
-21.9722 5.74078 9 v
-21.8055 5.74349 9 v
-21.6388 5.74032 9 v
-21.4722 5.73163 9 v
-21.3058 5.71775 9 v
-21.1394 5.69906 9 v
-20.9731 5.67589 9 v
-20.807 5.64859 9 v
-20.6409 5.61752 9 v
-20.475 5.58303 9 v
-20.3091 5.54547 9 v
-20.1434 5.50518 9 v
-19.9778 5.46253 9 v
-19.8123 5.41786 9 v
-19.647 5.37152 9 v
-19.4817 5.32387 9 v
-19.3166 5.27525 9 v
-19.1517 5.22597 9 v
-18.9869 5.17617 9 v
-18.8223 5.12594 9 v
-18.658 5.07538 9 v
-18.494 5.02459 9 v
-18.3304 4.97365 9 v
-18.1672 4.92267 9 v
-18.0043 4.87173 9 v
-17.842 4.82094 9 v
-17.6802 4.77038 9 v
-17.5189 4.72015 9 v
-17.3583 4.67034 9 v
-17.1983 4.62106 9 v
-17.039 4.57238 9 v
-16.8804 4.52442 9 v
-16.7226 4.47726 9 v
-16.5656 4.431 9 v
-16.4094 4.38573 9 v
-16.2542 4.34155 9 v
-16.0999 4.29855 9 v
-15.9466 4.25677 9 v
-15.7939 4.21605 9 v
-15.6415 4.17619 9 v
-15.4891 4.13696 9 v
-15.3364 4.09816 9 v
-15.1829 4.05956 9 v
-15.0284 4.02097 9 v
-14.8726 3.98216 9 v
-14.715 3.94292 9 v
-14.5555 3.90305 9 v
-14.3935 3.86231 9 v
-14.2289 3.82052 9 v
-14.0612 3.77744 9 v
-13.8901 3.73287 9 v
-13.7153 3.68659 9 v
-13.5364 3.6384 9 v
-13.3532 3.58807 9 v
-13.1652 3.5354 9 v
-12.9722 3.48018 9 v
-12.7737 3.42218 9 v

-31.0217 -4.55127 9 v
-30.9905 -4.35756 9 v
-30.9587 -4.17517 9 v
-30.9263 -4.00356 9 v
-30.8931 -3.84216 9 v
-30.8592 -3.69042 9 v
-30.8244 -3.54778 9 v
-30.7886 -3.41368 9 v
-30.7517 -3.28756 9 v
-30.7138 -3.16887 9 v
-30.6746 -3.05704 9 v
-30.6342 -2.95152 9 v
-30.5925 -2.85176 9 v
-30.5493 -2.75718 9 v
-30.5045 -2.66724 9 v
-30.4582 -2.58138 9 v
-30.4103 -2.49904 9 v
-30.3606 -2.41966 9 v
-30.309 -2.34269 9 v
-30.2556 -2.26756 9 v
-30.2002 -2.19371 9 v
-30.1427 -2.12069 9 v
-30.0833 -2.04839 9 v
-30.0219 -1.97681 9 v
-29.9586 -1.90593 9 v
-29.8934 -1.83574 9 v
-29.8265 -1.76625 9 v
-29.7578 -1.69743 9 v
-29.6875 -1.62929 9 v
-29.6155 -1.5618 9 v
-29.542 -1.49498 9 v
-29.467 -1.4288 9 v
-29.3905 -1.36326 9 v
-29.3126 -1.29835 9 v
-29.2334 -1.23406 9 v
-29.1528 -1.17039 9 v
-29.071 -1.10732 9 v
-28.9881 -1.04485 9 v
-28.904 -0.982961 9 v
-28.8188 -0.921658 9 v
-28.7327 -0.860926 9 v
-28.6455 -0.800707 9 v
-28.5574 -0.74074 9 v
-28.4682 -0.68071 9 v
-28.378 -0.620307 9 v
-28.2868 -0.559216 9 v
-28.1945 -0.497125 9 v
-28.1012 -0.433723 9 v
-28.0067 -0.368695 9 v
-27.9111 -0.301729 9 v
-27.8144 -0.232513 9 v
-27.7165 -0.160734 9 v
-27.6174 -0.086079 9 v
-27.5171 -0.00823567 9 v
-27.4156 0.0731088 9 v
-27.3129 0.158267 9 v
-27.2089 0.247552 9 v
-27.1036 0.341276 9 v
-26.997 0.439751 9 v
-26.8891 0.543291 9 v
-26.7799 0.652209 9 v
-26.6693 0.766675 9 v
-26.5573 0.886297 9 v
-26.444 1.01054 9 v
-26.3294 1.13888 9 v
-26.2134 1.27077 9 v
-26.0962 1.40568 9 v
-25.9776 1.54307 9 v
-25.8577 1.68243 9 v
-25.7366 1.8232 9 v
-25.6141 1.96486 9 v
-25.4904 2.10688 9 v
-25.3654 2.24871 9 v
-25.2391 2.38983 9 v
-25.1116 2.52971 9 v
-24.9829 2.6678 9 v
-24.8529 2.80358 9 v
-24.7217 2.9365 9 v
-24.5893 3.06605 9 v
-24.4557 3.19168 9 v
-24.3209 3.31287 9 v
-24.1849 3.42915 9 v
-24.0478 3.5404 9 v
-23.9097 3.64657 9 v
-23.7707 3.74762 9 v
-23.6307 3.8435 9 v
-23.49 3.93416 9 v
-23.3487 4.01955 9 v
-23.2067 4.09964 9 v
-23.0642 4.17436 9 v
-22.9212 4.24368 9 v
-22.7779 4.30755 9 v
-22.6343 4.36591 9 v
-22.4905 4.41873 9 v
-22.3466 4.46595 9 v
-22.2027 4.50753 9 v
-22.0588 4.54343 9 v
-21.9151 4.57359 9 v
-21.7715 4.59796 9 v
-21.6283 4.61651 9 v
-21.4855 4.62918 9 v
-21.3431 4.63598 9 v
-21.2012 4.63715 9 v
-21.0596 4.63296 9 v
-20.9184 4.62369 9 v
-20.7776 4.60964 9 v
-20.637 4.59109 9 v
-20.4967 4.56832 9 v
-20.3566 4.54161 9 v
-20.2167 4.51126 9 v
-20.0769 4.47753 9 v
-19.9373 4.44073 9 v
-19.7977 4.40113 9 v
-19.6582 4.35901 9 v
-19.5186 4.31466 9 v
-19.3791 4.26837 9 v
-19.2395 4.22042 9 v
-19.0998 4.17109 9 v
-18.9599 4.12066 9 v
-18.8199 4.06943 9 v
-18.6797 4.01767 9 v
-18.5393 3.96563 9 v
-18.3986 3.91344 9 v
-18.2579 3.86117 9 v
-18.117 3.80891 9 v
-17.976 3.75673 9 v
-17.8351 3.70472 9 v
-17.6941 3.65297 9 v
-17.5533 3.60155 9 v
-17.4125 3.55054 9 v
-17.272 3.50004 9 v
-17.1316 3.45011 9 v
-16.9916 3.40085 9 v
-16.8518 3.35233 9 v
-16.7123 3.30464 9 v
-16.5733 3.25786 9 v
-16.4347 3.21207 9 v
-16.2966 3.16735 9 v
-16.159 3.12379 9 v
-16.022 3.08146 9 v
-15.8857 3.04046 9 v
-15.7499 3.00081 9 v
-15.6145 2.96237 9 v
-15.4792 2.92495 9 v
-15.3436 2.88836 9 v
-15.2076 2.8524 9 v
-15.0706 2.81689 9 v
-14.9326 2.78162 9 v
-14.7931 2.74642 9 v
-14.6519 2.71109 9 v
-14.5086 2.67543 9 v
-14.363 2.63925 9 v
-14.2148 2.60237 9 v
-14.0636 2.56459 9 v
-13.9092 2.52572 9 v
-13.7513 2.48557 9 v
-13.5895 2.44395 9 v
-13.4236 2.40065 9 v
-13.2532 2.3555 9 v
-13.0782 2.30831 9 v
-12.898 2.25887 9 v

-28.9847 -4.6877 9 v
-28.9397 -4.57783 9 v
-28.8956 -4.47365 9 v
-28.8521 -4.37487 9 v
-28.8091 -4.28118 9 v
-28.7665 -4.19228 9 v
-28.7242 -4.10788 9 v
-28.6819 -4.02767 9 v
-28.6396 -3.95137 9 v
-28.5972 -3.87867 9 v
-28.5545 -3.80927 9 v
-28.5113 -3.74287 9 v
-28.4676 -3.67918 9 v
-28.4232 -3.61789 9 v
-28.3779 -3.55871 9 v
-28.3317 -3.50134 9 v
-28.2844 -3.44549 9 v
-28.2359 -3.39084 9 v
-28.1859 -3.33711 9 v
-28.1345 -3.28399 9 v
-28.0815 -3.23119 9 v
-28.0267 -3.17844 9 v
-27.9702 -3.12556 9 v
-27.9121 -3.0724 9 v
-27.8525 -3.01882 9 v
-27.7914 -2.96468 9 v
-27.729 -2.90983 9 v
-27.6652 -2.85413 9 v
-27.6003 -2.79742 9 v
-27.5342 -2.73956 9 v
-27.467 -2.68041 9 v
-27.3989 -2.61982 9 v
-27.3299 -2.55765 9 v
-27.2601 -2.49375 9 v
-27.1895 -2.42797 9 v
-27.1183 -2.36017 9 v
-27.0465 -2.2902 9 v
-26.9742 -2.21792 9 v
-26.9015 -2.14317 9 v
-26.8285 -2.06583 9 v
-26.7552 -1.98573 9 v
-26.6816 -1.90276 9 v
-26.6078 -1.81686 9 v
-26.5336 -1.72803 9 v
-26.4588 -1.63623 9 v
-26.3834 -1.54144 9 v
-26.3072 -1.44365 9 v
-26.2301 -1.34282 9 v
-26.152 -1.23893 9 v
-26.0728 -1.13196 9 v
-25.9922 -1.02189 9 v
-25.9104 -0.908697 9 v
-25.827 -0.792354 9 v
-25.742 -0.672841 9 v
-25.6552 -0.550133 9 v
-25.5666 -0.424209 9 v
-25.476 -0.295045 9 v
-25.3833 -0.162618 9 v
-25.2884 -0.026906 9 v
-25.1912 0.112114 9 v
-25.0915 0.254466 9 v
-24.9893 0.400059 9 v
-24.8846 0.548354 9 v
-24.7777 0.698697 9 v
-24.6686 0.850436 9 v
-24.5576 1.00292 9 v
-24.4447 1.15549 9 v
-24.3302 1.30751 9 v
-24.2142 1.4583 9 v
-24.0968 1.60723 9 v
-23.9782 1.75364 9 v
-23.8586 1.89688 9 v
-23.738 2.03629 9 v
-23.6167 2.17123 9 v
-23.4948 2.30103 9 v
-23.3725 2.42506 9 v
-23.2499 2.54264 9 v
-23.1271 2.65314 9 v
-23.0044 2.7559 9 v
-22.8818 2.85026 9 v
-22.7595 2.93557 9 v
-22.6377 3.01137 9 v
-22.5163 3.07789 9 v
-22.3953 3.13555 9 v
-22.2748 3.18478 9 v
-22.1546 3.226 9 v
-22.0348 3.25963 9 v
-21.9154 3.28609 9 v
-21.7962 3.30581 9 v
-21.6774 3.3192 9 v
-21.5588 3.32668 9 v
-21.4405 3.32869 9 v
-21.3224 3.32564 9 v
-21.2045 3.31795 9 v
-21.0868 3.30605 9 v
-20.9692 3.29035 9 v
-20.8518 3.27129 9 v
-20.7345 3.24927 9 v
-20.6173 3.22473 9 v
-20.5002 3.19808 9 v
-20.3831 3.16974 9 v
-20.2661 3.14009 9 v
-20.1491 3.10924 9 v
-20.0321 3.07727 9 v
-19.9151 3.04424 9 v
-19.7981 3.01022 9 v
-19.681 2.97528 9 v
-19.564 2.93948 9 v
-19.4469 2.9029 9 v
-19.3298 2.86561 9 v
-19.2126 2.82766 9 v
-19.0954 2.78914 9 v
-18.9781 2.7501 9 v
-18.8607 2.71063 9 v
-18.7432 2.67077 9 v
-18.6257 2.63061 9 v
-18.508 2.59021 9 v
-18.3902 2.54963 9 v
-18.2723 2.50896 9 v
-18.1543 2.46825 9 v
-18.0362 2.42757 9 v
-17.9178 2.38699 9 v
-17.7994 2.34656 9 v
-17.6808 2.30632 9 v
-17.5622 2.26631 9 v
-17.4434 2.22659 9 v
-17.3246 2.18719 9 v
-17.2057 2.14816 9 v
-17.0868 2.10955 9 v
-16.9678 2.0714 9 v
-16.8488 2.03375 9 v
-16.7299 1.99665 9 v
-16.6109 1.96015 9 v
-16.492 1.92428 9 v
-16.3732 1.8891 9 v
-16.2544 1.85465 9 v
-16.1356 1.82097 9 v
-16.017 1.78811 9 v
-15.8985 1.75611 9 v
-15.7801 1.72503 9 v
-15.6619 1.69489 9 v
-15.5437 1.66572 9 v
-15.4255 1.63739 9 v
-15.307 1.60975 9 v
-15.188 1.58264 9 v
-15.0682 1.55592 9 v
-14.9474 1.52942 9 v
-14.8253 1.50299 9 v
-14.7018 1.47647 9 v
-14.5766 1.44972 9 v
-14.4495 1.42257 9 v
-14.3203 1.39488 9 v
-14.1887 1.36649 9 v
-14.0544 1.33724 9 v
-13.9173 1.30698 9 v
-13.7772 1.27556 9 v
-13.6337 1.24281 9 v
-13.4867 1.2086 9 v
-13.336 1.17275 9 v
-13.1813 1.13512 9 v
-13.0223 1.09555 9 v

-26.9477 -4.82412 9 v
-26.9041 -4.75273 9 v
-26.8617 -4.6839 9 v
-26.8202 -4.61741 9 v
-26.7796 -4.55303 9 v
-26.7397 -4.49056 9 v
-26.7003 -4.42977 9 v
-26.6614 -4.37044 9 v
-26.6229 -4.31236 9 v
-26.5847 -4.25532 9 v
-26.5465 -4.19909 9 v
-26.5083 -4.14345 9 v
-26.47 -4.08818 9 v
-26.4314 -4.03308 9 v
-26.3925 -3.97792 9 v
-26.3531 -3.92249 9 v
-26.313 -3.86656 9 v
-26.2723 -3.80991 9 v
-26.2306 -3.75234 9 v
-26.188 -3.69363 9 v
-26.1444 -3.63354 9 v
-26.0995 -3.5719 9 v
-26.0533 -3.5086 9 v
-26.0059 -3.44357 9 v
-25.9573 -3.37673 9 v
-25.9073 -3.308 9 v
-25.856 -3.23732 9 v
-25.8033 -3.16459 9 v
-25.7493 -3.08976 9 v
-25.6938 -3.01274 9 v
-25.6369 -2.93346 9 v
-25.5786 -2.85183 9 v
-25.5188 -2.7678 9 v
-25.4575 -2.68127 9 v
-25.3947 -2.59218 9 v
-25.3304 -2.50045 9 v
-25.2645 -2.40601 9 v
-25.197 -2.30877 9 v
-25.1279 -2.20866 9 v
-25.0572 -2.10562 9 v
-24.9848 -1.99955 9 v
-24.9108 -1.89046 9 v
-24.8351 -1.77861 9 v
-24.7579 -1.66435 9 v
-24.6793 -1.54802 9 v
-24.5992 -1.42995 9 v
-24.5179 -1.31049 9 v
-24.4352 -1.18997 9 v
-24.3514 -1.06873 9 v
-24.2665 -0.947125 9 v
-24.1806 -0.82548 9 v
-24.0936 -0.704139 9 v
-24.0058 -0.583442 9 v
-23.9171 -0.463729 9 v
-23.8277 -0.345339 9 v
-23.7376 -0.228613 9 v
-23.6469 -0.11389 9 v
-23.5557 -0.00151063 9 v
-23.4639 0.108186 9 v
-23.3718 0.214861 9 v
-23.2793 0.318172 9 v
-23.1866 0.41783 9 v
-23.0936 0.513733 9 v
-23.0003 0.60583 9 v
-22.9068 0.694068 9 v
-22.8131 0.778397 9 v
-22.7191 0.858764 9 v
-22.6248 0.935117 9 v
-22.5303 1.0074 9 v
-22.4356 1.07557 9 v
-22.3406 1.13957 9 v
-22.2454 1.19935 9 v
-22.15 1.25485 9 v
-22.0543 1.30603 9 v
-21.9584 1.35283 9 v
-21.8623 1.39521 9 v
-21.766 1.4331 9 v
-21.6694 1.46645 9 v
-21.5726 1.49522 9 v
-21.4756 1.51936 9 v
-21.3784 1.5388 9 v
-21.281 1.55356 9 v
-21.1834 1.56381 9 v
-21.0857 1.56982 9 v
-20.9878 1.57181 9 v
-20.8897 1.57003 9 v
-20.7916 1.56472 9 v
-20.6934 1.55614 9 v
-20.5951 1.54451 9 v
-20.4967 1.53009 9 v
-20.3984 1.51312 9 v
-20.3 1.49384 9 v
-20.2017 1.47249 9 v
-20.1034 1.44932 9 v
-20.0052 1.42457 9 v
-19.9071 1.39849 9 v
-19.809 1.37131 9 v
-19.7111 1.34328 9 v
-19.6134 1.31464 9 v
-19.5158 1.28564 9 v
-19.4184 1.25652 9 v
-19.3212 1.22749 9 v
-19.2241 1.19859 9 v
-19.1272 1.16985 9 v
-19.0304 1.14128 9 v
-18.9336 1.1129 9 v
-18.8368 1.08473 9 v
-18.74 1.05678 9 v
-18.6432 1.02907 9 v
-18.5462 1.00161 9 v
-18.449 0.974425 9 v
-18.3517 0.947529 9 v
-18.2541 0.920938 9 v
-18.1563 0.894669 9 v
-18.0581 0.868738 9 v
-17.9596 0.843162 9 v
-17.8607 0.817957 9 v
-17.7613 0.79314 9 v
-17.6615 0.768729 9 v
-17.5612 0.744738 9 v
-17.4603 0.721185 9 v
-17.3588 0.698083 9 v
-17.2567 0.67543 9 v
-17.1542 0.653222 9 v
-17.0512 0.631453 9 v
-16.9479 0.610119 9 v
-16.8442 0.589214 9 v
-16.7402 0.568733 9 v
-16.636 0.548671 9 v
-16.5316 0.529023 9 v
-16.427 0.509785 9 v
-16.3224 0.490951 9 v
-16.2178 0.472516 9 v
-16.1132 0.454475 9 v
-16.0087 0.436823 9 v
-15.9043 0.419555 9 v
-15.8001 0.402666 9 v
-15.6962 0.386152 9 v
-15.5925 0.370006 9 v
-15.4892 0.354224 9 v
-15.3862 0.338801 9 v
-15.2837 0.323712 9 v
-15.1814 0.308847 9 v
-15.0791 0.294077 9 v
-14.9767 0.279273 9 v
-14.8739 0.264306 9 v
-14.7705 0.249046 9 v
-14.6663 0.233364 9 v
-14.5611 0.21713 9 v
-14.4548 0.200216 9 v
-14.347 0.182492 9 v
-14.2376 0.163828 9 v
-14.1264 0.144096 9 v
-14.0132 0.123165 9 v
-13.8977 0.100907 9 v
-13.7798 0.0771927 9 v
-13.6593 0.0518921 9 v
-13.5359 0.0248761 9 v
-13.4094 -0.00398461 9 v
-13.2797 -0.0348194 9 v
-13.1466 -0.0677575 9 v

-24.9106 -4.96054 9 v
-24.9096 -4.8754 9 v
-24.9034 -4.79216 9 v
-24.8921 -4.71079 9 v
-24.876 -4.63127 9 v
-24.8554 -4.55355 9 v
-24.8305 -4.47761 9 v
-24.8015 -4.40342 9 v
-24.7686 -4.33095 9 v
-24.7321 -4.26016 9 v
-24.6922 -4.19103 9 v
-24.6492 -4.12352 9 v
-24.6031 -4.05761 9 v
-24.5544 -3.99326 9 v
-24.5032 -3.93044 9 v
-24.4498 -3.86913 9 v
-24.3943 -3.80929 9 v
-24.3371 -3.75088 9 v
-24.2783 -3.69389 9 v
-24.2182 -3.63827 9 v
-24.1569 -3.58401 9 v
-24.0948 -3.53106 9 v
-24.0319 -3.47939 9 v
-23.9681 -3.42896 9 v
-23.9036 -3.37973 9 v
-23.8383 -3.33167 9 v
-23.7723 -3.28473 9 v
-23.7056 -3.23888 9 v
-23.6383 -3.19409 9 v
-23.5703 -3.1503 9 v
-23.5017 -3.1075 9 v
-23.4326 -3.06562 9 v
-23.3629 -3.02465 9 v
-23.2927 -2.98453 9 v
-23.2221 -2.94524 9 v
-23.151 -2.90673 9 v
-23.0794 -2.86897 9 v
-23.0075 -2.83191 9 v
-22.9352 -2.79553 9 v
-22.8626 -2.75977 9 v
-22.7897 -2.72461 9 v
-22.7165 -2.69001 9 v
-22.6431 -2.65596 9 v
-22.5694 -2.62245 9 v
-22.4954 -2.58948 9 v
-22.4212 -2.55704 9 v
-22.3468 -2.52511 9 v
-22.2721 -2.49371 9 v
-22.1972 -2.46281 9 v
-22.1221 -2.43241 9 v
-22.0468 -2.40251 9 v
-21.9713 -2.3731 9 v
-21.8955 -2.34417 9 v
-21.8196 -2.31572 9 v
-21.7435 -2.28773 9 v
-21.6672 -2.26021 9 v
-21.5907 -2.23315 9 v
-21.5141 -2.20653 9 v
-21.4373 -2.18036 9 v
-21.3603 -2.15462 9 v
-21.2832 -2.12931 9 v
-21.206 -2.10442 9 v
-21.1286 -2.07995 9 v
-21.0511 -2.0559 9 v
-20.9734 -2.03225 9 v
-20.8956 -2.009 9 v
-20.8177 -1.98615 9 v
-20.7397 -1.96369 9 v
-20.6616 -1.94162 9 v
-20.5834 -1.91993 9 v
-20.505 -1.89862 9 v
-20.4266 -1.87768 9 v
-20.3481 -1.8571 9 v
-20.2695 -1.83688 9 v
-20.1908 -1.81702 9 v
-20.112 -1.79751 9 v
-20.0332 -1.77835 9 v
-19.9542 -1.75953 9 v
-19.8753 -1.74104 9 v
-19.7962 -1.72288 9 v
-19.7171 -1.70505 9 v
-19.638 -1.68753 9 v
-19.5588 -1.67034 9 v
-19.4795 -1.65346 9 v
-19.4002 -1.6369 9 v
-19.3208 -1.62065 9 v
-19.2414 -1.60472 9 v
-19.162 -1.5891 9 v
-19.0825 -1.57378 9 v
-19.0029 -1.55878 9 v
-18.9233 -1.54409 9 v
-18.8436 -1.5297 9 v
-18.7639 -1.51561 9 v
-18.6842 -1.50183 9 v
-18.6043 -1.48835 9 v
-18.5245 -1.47518 9 v
-18.4446 -1.4623 9 v
-18.3646 -1.44972 9 v
-18.2846 -1.43744 9 v
-18.2045 -1.42545 9 v
-18.1244 -1.41376 9 v
-18.0443 -1.40236 9 v
-17.9641 -1.39126 9 v
-17.8838 -1.38044 9 v
-17.8035 -1.36992 9 v
-17.7232 -1.35968 9 v
-17.6428 -1.34974 9 v
-17.5624 -1.34008 9 v
-17.4819 -1.33071 9 v
-17.4014 -1.32162 9 v
-17.3209 -1.31283 9 v
-17.2403 -1.30431 9 v
-17.1597 -1.29609 9 v
-17.079 -1.28814 9 v
-16.9984 -1.28048 9 v
-16.9177 -1.2731 9 v
-16.8369 -1.266 9 v
-16.7562 -1.25918 9 v
-16.6754 -1.25264 9 v
-16.5945 -1.24638 9 v
-16.5137 -1.2404 9 v
-16.4328 -1.23469 9 v
-16.3519 -1.22927 9 v
-16.271 -1.22412 9 v
-16.1901 -1.21925 9 v
-16.1091 -1.21465 9 v
-16.0281 -1.21034 9 v
-15.9471 -1.20631 9 v
-15.8661 -1.20256 9 v
-15.7851 -1.19909 9 v
-15.704 -1.19589 9 v
-15.623 -1.19299 9 v
-15.5419 -1.19036 9 v
-15.4608 -1.18801 9 v
-15.3797 -1.18595 9 v
-15.2985 -1.18418 9 v
-15.2174 -1.18268 9 v
-15.1362 -1.18147 9 v
-15.0551 -1.18055 9 v
-14.9739 -1.17991 9 v
-14.8927 -1.17955 9 v
-14.8115 -1.17949 9 v
-14.7303 -1.1797 9 v
-14.6491 -1.1802 9 v
-14.5679 -1.18099 9 v
-14.4867 -1.18205 9 v
-14.4054 -1.1834 9 v
-14.3243 -1.18502 9 v
-14.2431 -1.18693 9 v
-14.1619 -1.18911 9 v
-14.0807 -1.19156 9 v
-13.9996 -1.1943 9 v
-13.9185 -1.1973 9 v
-13.8374 -1.20058 9 v
-13.7564 -1.20413 9 v
-13.6753 -1.20795 9 v
-13.5944 -1.21204 9 v
-13.5134 -1.2164 9 v
-13.4325 -1.22102 9 v
-13.3517 -1.22591 9 v
-13.2708 -1.23107 9 v

-0.649243 -9.14385 4 v
0.765456 -8.95958 4 v
2.18016 -8.77531 4 v
3.59485 -8.59105 4 v
5.00955 -8.40678 4 v
6.42425 -8.22251 4 v
7.83895 -8.03824 4 v
9.25365 -7.85398 4 v
10.6683 -7.66971 4 v
12.083 -7.48544 4 v
13.4977 -7.30117 4 v
14.9124 -7.11691 4 v
16.3271 -6.93264 4 v
17.7418 -6.74837 4 v
19.1565 -6.56411 4 v
20.5712 -6.37984 4 v
21.9859 -6.19557 4 v
23.4006 -6.0113 4 v
24.8153 -5.82704 4 v
26.23 -5.64277 4 v
27.6447 -5.4585 4 v

-0.649243 -9.14385 5 v
0.765456 -8.95958 5 v
2.18016 -8.77531 5 v
3.59485 -8.59105 5 v
5.00955 -8.40678 5 v
6.42425 -8.22251 5 v
7.83895 -8.03824 5 v
9.25365 -7.85398 5 v
10.6683 -7.66971 5 v
12.083 -7.48544 5 v
13.4977 -7.30117 5 v
14.9124 -7.11691 5 v
16.3271 -6.93264 5 v
17.7418 -6.74837 5 v
19.1565 -6.56411 5 v
20.5712 -6.37984 5 v
21.9859 -6.19557 5 v
23.4006 -6.0113 5 v
24.8153 -5.82704 5 v
26.23 -5.64277 5 v
27.6447 -5.4585 5 v

44.5379 7.27525 0 v
44.8738 7.41178 0 v
45.2097 7.54832 0 v
45.5456 7.68486 0 v
45.8815 7.82139 0 v
46.2174 7.95793 0 v
46.5533 8.09446 0 v
46.8891 8.231 0 v
47.225 8.36753 0 v
47.5609 8.50407 0 v
47.8968 8.6406 0 v
48.2327 8.77714 0 v
48.5686 8.91368 0 v
48.9045 9.05021 0 v
49.2404 9.18675 0 v
49.5762 9.32328 0 v
49.9121 9.45982 0 v
50.248 9.59635 0 v
50.5839 9.73289 0 v
50.9198 9.86943 0 v
51.2557 10.006 0 v

44.5387 7.27637 1 v
44.8746 7.41275 1 v
45.2106 7.54913 1 v
45.5465 7.68551 1 v
45.8824 7.82189 1 v
46.2183 7.95827 1 v
46.5542 8.09465 1 v
46.8902 8.23103 1 v
47.2261 8.36741 1 v
47.562 8.50379 1 v
47.8979 8.64017 1 v
48.2338 8.77655 1 v
48.5698 8.91293 1 v
48.9057 9.04932 1 v
49.2416 9.1857 1 v
49.5775 9.32208 1 v
49.9134 9.45846 1 v
50.2494 9.59484 1 v
50.5853 9.73122 1 v
50.9212 9.8676 1 v
51.2571 10.004 1 v

43.545 -5.23887 0 v
43.9549 -5.26541 0 v
44.3647 -5.29195 0 v
44.7746 -5.31849 0 v
45.1844 -5.34503 0 v
45.5943 -5.37157 0 v
46.0041 -5.39811 0 v
46.4139 -5.42465 0 v
46.8238 -5.45119 0 v
47.2336 -5.47773 0 v
47.6435 -5.50426 0 v
48.0533 -5.5308 0 v
48.4632 -5.55734 0 v
48.873 -5.58388 0 v
49.2829 -5.61042 0 v
49.6927 -5.63696 0 v
50.1026 -5.6635 0 v
50.5124 -5.69004 0 v
50.9223 -5.71658 0 v
51.3321 -5.74312 0 v
51.7419 -5.76966 0 v

43.5451 -5.23866 3 u
43.9548 -5.26508 3 u
44.3644 -5.29149 3 u
44.7741 -5.31791 3 u
45.1837 -5.34433 3 u
45.5934 -5.37075 3 u
46.003 -5.39717 3 u
46.4127 -5.42358 3 u
46.8223 -5.45 3 u
47.232 -5.47642 3 u
47.6416 -5.50284 3 u
48.0513 -5.52926 3 u
48.4609 -5.55567 3 u
48.8706 -5.58209 3 u
49.2802 -5.60851 3 u
49.6899 -5.63493 3 u
50.0995 -5.66135 3 u
50.5092 -5.68776 3 u
50.9188 -5.71418 3 u
51.3285 -5.7406 3 u
51.7381 -5.76702 3 u

32.7713 5.24989 1 v
32.3311 5.63431 1 v
31.8908 6.01872 1 v
31.4506 6.40314 1 v
31.0104 6.78755 1 v
30.5702 7.17197 1 v
30.13 7.55638 1 v
29.6898 7.9408 1 v
29.2496 8.32521 1 v
28.8094 8.70963 1 v
28.3692 9.09404 1 v
27.929 9.47846 1 v
27.4888 9.86287 1 v
27.0486 10.2473 1 v
26.6083 10.6317 1 v
26.1681 11.0161 1 v
25.7279 11.4005 1 v
25.2877 11.7849 1 v
24.8475 12.1694 1 v
24.4073 12.5538 1 v
23.9671 12.9382 1 v

23.9667 12.9378 2 u
24.4069 12.5534 2 u
24.8472 12.169 2 u
25.2874 11.7846 2 u
25.7276 11.4002 2 u
26.1678 11.0158 2 u
26.6081 10.6314 2 u
27.0483 10.247 2 u
27.4885 9.86265 2 u
27.9287 9.47825 2 u
28.369 9.09385 2 u
28.8092 8.70945 2 u
29.2494 8.32506 2 u
29.6896 7.94066 2 u
30.1299 7.55626 2 u
30.5701 7.17187 2 u
31.0103 6.78747 2 u
31.4505 6.40307 2 u
31.8908 6.01868 2 u
32.331 5.63428 2 u
32.7712 5.24988 2 u

12.4697 8.71932 2 u
13.2285 8.01041 2 u
13.9873 7.30151 2 u
14.746 6.59261 2 u
15.5048 5.8837 2 u
16.2635 5.1748 2 u
17.0223 4.46589 2 u
17.7811 3.75699 2 u
18.5398 3.04809 2 u
19.2986 2.33918 2 u
20.0573 1.63028 2 u
20.8161 0.921376 2 u
21.5749 0.212473 2 u
22.3336 -0.496431 2 u
23.0924 -1.20533 2 u
23.8512 -1.91424 2 u
24.6099 -2.62314 2 u
25.3687 -3.33205 2 u
26.1274 -4.04095 2 u
26.8862 -4.74985 2 u
27.645 -5.45876 2 u

12.4698 8.71934 5 u
13.2285 8.01044 5 u
13.9873 7.30155 5 u
14.746 6.59266 5 u
15.5048 5.88377 5 u
16.2635 5.17488 5 u
17.0223 4.46599 5 u
17.781 3.75709 5 u
18.5398 3.0482 5 u
19.2985 2.33931 5 u
20.0573 1.63042 5 u
20.816 0.921526 5 u
21.5748 0.212634 5 u
22.3335 -0.496258 5 u
23.0923 -1.20515 5 u
23.851 -1.91404 5 u
24.6097 -2.62293 5 u
25.3685 -3.33183 5 u
26.1272 -4.04072 5 u
26.886 -4.74961 5 u
27.6447 -5.4585 5 u

27.6447 -5.45891 3 u
27.3952 -6.18308 3 u
27.1456 -6.90724 3 u
26.8961 -7.63141 3 u
26.6466 -8.35558 3 u
26.3971 -9.07974 3 u
26.1475 -9.80391 3 u
25.898 -10.5281 3 u
25.6485 -11.2522 3 u
25.399 -11.9764 3 u
25.1495 -12.7006 3 u
24.8999 -13.4247 3 u
24.6504 -14.1489 3 u
24.4009 -14.8731 3 u
24.1514 -15.5972 3 u
23.9018 -16.3214 3 u
23.6523 -17.0456 3 u
23.4028 -17.7697 3 u
23.1533 -18.4939 3 u
22.9038 -19.2181 3 u
22.6542 -19.9422 3 u

22.6531 -19.942 4 u
22.9027 -19.2178 4 u
23.1523 -18.4937 4 u
23.4018 -17.7695 4 u
23.6514 -17.0453 4 u
23.901 -16.3211 4 u
24.1506 -15.597 4 u
24.4002 -14.8728 4 u
24.6497 -14.1486 4 u
24.8993 -13.4244 4 u
25.1489 -12.7003 4 u
25.3985 -11.9761 4 u
25.6481 -11.2519 4 u
25.8977 -10.5277 4 u
26.1472 -9.80356 4 u
26.3968 -9.07938 4 u
26.6464 -8.35521 4 u
26.896 -7.63103 4 u
27.1456 -6.90685 4 u
27.3952 -6.18268 4 u
27.6447 -5.4585 4 u

8.00312 -19.9235 4 u
7.5705 -19.3845 4 u
7.13788 -18.8455 4 u
6.70526 -18.3065 4 u
6.27264 -17.7676 4 u
5.84003 -17.2286 4 u
5.40741 -16.6896 4 u
4.97479 -16.1506 4 u
4.54217 -15.6116 4 u
4.10955 -15.0726 4 u
3.67694 -14.5337 4 u
3.24432 -13.9947 4 u
2.8117 -13.4557 4 u
2.37908 -12.9167 4 u
1.94647 -12.3777 4 u
1.51385 -11.8388 4 u
1.08123 -11.2998 4 u
0.648611 -10.7608 4 u
0.215993 -10.2218 4 u
-0.216625 -9.68283 4 u
-0.649243 -9.14385 4 u

-0.649527 -9.14321 7 u
-0.595447 -9.21058 7 u
-0.541367 -9.27796 7 u
-0.487287 -9.34534 7 u
-0.433207 -9.41271 7 u
-0.379127 -9.48009 7 u
-0.325048 -9.54747 7 u
-0.270968 -9.61484 7 u
-0.216888 -9.68222 7 u
-0.162808 -9.7496 7 u
-0.108728 -9.81697 7 u
-0.0546482 -9.88435 7 u
-0.000568369 -9.95173 7 u
0.0535115 -10.0191 7 u
0.107591 -10.0865 7 u
0.161671 -10.1539 7 u
0.215751 -10.2212 7 u
0.269831 -10.2886 7 u
0.323911 -10.356 7 u
0.377991 -10.4234 7 u
0.432071 -10.4907 7 u
0.48615 -10.5581 7 u
0.54023 -10.6255 7 u
0.59431 -10.6929 7 u
0.64839 -10.7602 7 u
0.70247 -10.8276 7 u
0.75655 -10.895 7 u
0.81063 -10.9624 7 u
0.86471 -11.0298 7 u
0.918789 -11.0971 7 u
0.972869 -11.1645 7 u
1.02695 -11.2319 7 u
1.08103 -11.2993 7 u
1.13511 -11.3666 7 u
1.18919 -11.434 7 u
1.24327 -11.5014 7 u
1.29735 -11.5688 7 u
1.35143 -11.6361 7 u
1.40551 -11.7035 7 u
1.45959 -11.7709 7 u
1.51367 -11.8383 7 u
1.56775 -11.9057 7 u
1.62183 -11.973 7 u
1.67591 -12.0404 7 u
1.72999 -12.1078 7 u
1.78407 -12.1752 7 u
1.83815 -12.2425 7 u
1.89223 -12.3099 7 u
1.94631 -12.3773 7 u
2.00039 -12.4447 7 u
2.05447 -12.512 7 u
2.10855 -12.5794 7 u
2.16263 -12.6468 7 u
2.21671 -12.7142 7 u
2.27079 -12.7815 7 u
2.32487 -12.8489 7 u
2.37895 -12.9163 7 u
2.43303 -12.9837 7 u
2.48711 -13.0511 7 u
2.54119 -13.1184 7 u
2.59527 -13.1858 7 u
2.64935 -13.2532 7 u
2.70343 -13.3206 7 u
2.75751 -13.3879 7 u
2.81158 -13.4553 7 u
2.86566 -13.5227 7 u
2.91974 -13.5901 7 u
2.97382 -13.6574 7 u
3.0279 -13.7248 7 u
3.08198 -13.7922 7 u
3.13606 -13.8596 7 u
3.19014 -13.927 7 u
3.24422 -13.9943 7 u
3.2983 -14.0617 7 u
3.35238 -14.1291 7 u
3.40646 -14.1965 7 u
3.46054 -14.2638 7 u
3.51462 -14.3312 7 u
3.5687 -14.3986 7 u
3.62278 -14.466 7 u
3.67686 -14.5333 7 u
3.73094 -14.6007 7 u
3.78502 -14.6681 7 u
3.8391 -14.7355 7 u
3.89318 -14.8029 7 u
3.94726 -14.8702 7 u
4.00134 -14.9376 7 u
4.05542 -15.005 7 u
4.1095 -15.0724 7 u
4.16358 -15.1397 7 u
4.21766 -15.2071 7 u
4.27174 -15.2745 7 u
4.32582 -15.3419 7 u
4.3799 -15.4092 7 u
4.43398 -15.4766 7 u
4.48806 -15.544 7 u
4.54214 -15.6114 7 u
4.59622 -15.6787 7 u
4.6503 -15.7461 7 u
4.70438 -15.8135 7 u
4.75846 -15.8809 7 u
4.81254 -15.9483 7 u
4.86662 -16.0156 7 u
4.9207 -16.083 7 u
4.97478 -16.1504 7 u
5.02886 -16.2178 7 u
5.08294 -16.2851 7 u
5.13702 -16.3525 7 u
5.1911 -16.4199 7 u
5.24518 -16.4873 7 u
5.29926 -16.5546 7 u
5.35334 -16.622 7 u
5.40742 -16.6894 7 u
5.4615 -16.7568 7 u
5.51558 -16.8242 7 u
5.56966 -16.8915 7 u
5.62374 -16.9589 7 u
5.67782 -17.0263 7 u
5.7319 -17.0937 7 u
5.78598 -17.161 7 u
5.84006 -17.2284 7 u
5.89414 -17.2958 7 u
5.94822 -17.3632 7 u
6.0023 -17.4305 7 u
6.05638 -17.4979 7 u
6.11046 -17.5653 7 u
6.16454 -17.6327 7 u
6.21862 -17.7001 7 u
6.2727 -17.7674 7 u
6.32678 -17.8348 7 u
6.38086 -17.9022 7 u
6.43494 -17.9696 7 u
6.48902 -18.0369 7 u
6.5431 -18.1043 7 u
6.59718 -18.1717 7 u
6.65126 -18.2391 7 u
6.70534 -18.3064 7 u
6.75942 -18.3738 7 u
6.8135 -18.4412 7 u
6.86758 -18.5086 7 u
6.92166 -18.5759 7 u
6.97573 -18.6433 7 u
7.02981 -18.7107 7 u
7.08389 -18.7781 7 u
7.13797 -18.8455 7 u
7.19205 -18.9128 7 u
7.24613 -18.9802 7 u
7.30021 -19.0476 7 u
7.35429 -19.115 7 u
7.40837 -19.1823 7 u
7.46245 -19.2497 7 u
7.51653 -19.3171 7 u
7.57061 -19.3845 7 u
7.62469 -19.4518 7 u
7.67877 -19.5192 7 u
7.73285 -19.5866 7 u
7.78693 -19.654 7 u
7.84101 -19.7214 7 u
7.89509 -19.7887 7 u
7.94917 -19.8561 7 u
8.00325 -19.9235 7 u

0.0189515 6.67842 5 u
-0.0144582 5.88731 5 u
-0.0478679 5.0962 5 u
-0.0812776 4.30508 5 u
-0.114687 3.51397 5 u
-0.148097 2.72286 5 u
-0.181507 1.93174 5 u
-0.214916 1.14063 5 u
-0.248326 0.349515 5 u
-0.281736 -0.441599 5 u
-0.315146 -1.23271 5 u
-0.348555 -2.02383 5 u
-0.381965 -2.81494 5 u
-0.415375 -3.60605 5 u
-0.448784 -4.39717 5 u
-0.482194 -5.18828 5 u
-0.515604 -5.97939 5 u
-0.549013 -6.77051 5 u
-0.582423 -7.56162 5 u
-0.615833 -8.35273 5 u
-0.649243 -9.14385 5 u

-0.649035 -9.14323 6 u
-0.64486 -9.04435 6 u
-0.640685 -8.94546 6 u
-0.63651 -8.84658 6 u
-0.632335 -8.74769 6 u
-0.62816 -8.64881 6 u
-0.623985 -8.54992 6 u
-0.61981 -8.45104 6 u
-0.615636 -8.35215 6 u
-0.611461 -8.25327 6 u
-0.607286 -8.15438 6 u
-0.603111 -8.0555 6 u
-0.598936 -7.95661 6 u
-0.594761 -7.85773 6 u
-0.590586 -7.75884 6 u
-0.586411 -7.65995 6 u
-0.582236 -7.56107 6 u
-0.578061 -7.46218 6 u
-0.573887 -7.3633 6 u
-0.569712 -7.26441 6 u
-0.565537 -7.16553 6 u
-0.561362 -7.06664 6 u
-0.557187 -6.96776 6 u
-0.553012 -6.86887 6 u
-0.548837 -6.76999 6 u
-0.544662 -6.6711 6 u
-0.540487 -6.57222 6 u
-0.536312 -6.47333 6 u
-0.532138 -6.37445 6 u
-0.527963 -6.27556 6 u
-0.523788 -6.17667 6 u
-0.519613 -6.07779 6 u
-0.515438 -5.9789 6 u
-0.511263 -5.88002 6 u
-0.507088 -5.78113 6 u
-0.502913 -5.68225 6 u
-0.498738 -5.58336 6 u
-0.494563 -5.48448 6 u
-0.490389 -5.38559 6 u
-0.486214 -5.28671 6 u
-0.482039 -5.18782 6 u
-0.477864 -5.08894 6 u
-0.473689 -4.99005 6 u
-0.469514 -4.89116 6 u
-0.465339 -4.79228 6 u
-0.461164 -4.69339 6 u
-0.456989 -4.59451 6 u
-0.452814 -4.49562 6 u
-0.44864 -4.39674 6 u
-0.444465 -4.29785 6 u
-0.44029 -4.19897 6 u
-0.436115 -4.10008 6 u
-0.43194 -4.0012 6 u
-0.427765 -3.90231 6 u
-0.42359 -3.80343 6 u
-0.419415 -3.70454 6 u
-0.41524 -3.60566 6 u
-0.411065 -3.50677 6 u
-0.406891 -3.40788 6 u
-0.402716 -3.309 6 u
-0.398541 -3.21011 6 u
-0.394366 -3.11123 6 u
-0.390191 -3.01234 6 u
-0.386016 -2.91346 6 u
-0.381841 -2.81457 6 u
-0.377666 -2.71569 6 u
-0.373491 -2.6168 6 u
-0.369316 -2.51792 6 u
-0.365142 -2.41903 6 u
-0.360967 -2.32015 6 u
-0.356792 -2.22126 6 u
-0.352617 -2.12238 6 u
-0.348442 -2.02349 6 u
-0.344267 -1.9246 6 u
-0.340092 -1.82572 6 u
-0.335917 -1.72683 6 u
-0.331742 -1.62795 6 u
-0.327567 -1.52906 6 u
-0.323393 -1.43018 6 u
-0.319218 -1.33129 6 u
-0.315043 -1.23241 6 u
-0.310868 -1.13352 6 u
-0.306693 -1.03464 6 u
-0.302518 -0.935752 6 u
-0.298343 -0.836866 6 u
-0.294168 -0.737981 6 u
-0.289993 -0.639096 6 u
-0.285818 -0.54021 6 u
-0.281643 -0.441325 6 u
-0.277469 -0.34244 6 u
-0.273294 -0.243554 6 u
-0.269119 -0.144669 6 u
-0.264944 -0.0457835 6 u
-0.260769 0.0531018 6 u
-0.256594 0.151987 6 u
-0.252419 0.250872 6 u
-0.248244 0.349758 6 u
-0.244069 0.448643 6 u
-0.239894 0.547528 6 u
-0.23572 0.646414 6 u
-0.231545 0.745299 6 u
-0.22737 0.844184 6 u
-0.223195 0.94307 6 u
-0.21902 1.04196 6 u
-0.214845 1.14084 6 u
-0.21067 1.23973 6 u
-0.206495 1.33861 6 u
-0.20232 1.4375 6 u
-0.198145 1.53638 6 u
-0.193971 1.63527 6 u
-0.189796 1.73415 6 u
-0.185621 1.83304 6 u
-0.181446 1.93192 6 u
-0.177271 2.03081 6 u
-0.173096 2.12969 6 u
-0.168921 2.22858 6 u
-0.164746 2.32746 6 u
-0.160571 2.42635 6 u
-0.156396 2.52524 6 u
-0.152222 2.62412 6 u
-0.148047 2.72301 6 u
-0.143872 2.82189 6 u
-0.139697 2.92078 6 u
-0.135522 3.01966 6 u
-0.131347 3.11855 6 u
-0.127172 3.21743 6 u
-0.122997 3.31632 6 u
-0.118822 3.4152 6 u
-0.114647 3.51409 6 u
-0.110473 3.61297 6 u
-0.106298 3.71186 6 u
-0.102123 3.81074 6 u
-0.0979479 3.90963 6 u
-0.093773 4.00852 6 u
-0.0895981 4.1074 6 u
-0.0854232 4.20629 6 u
-0.0812483 4.30517 6 u
-0.0770734 4.40406 6 u
-0.0728985 4.50294 6 u
-0.0687236 4.60183 6 u
-0.0645487 4.70071 6 u
-0.0603737 4.7996 6 u
-0.0561988 4.89848 6 u
-0.0520239 4.99737 6 u
-0.047849 5.09625 6 u
-0.0436741 5.19514 6 u
-0.0394992 5.29402 6 u
-0.0353243 5.39291 6 u
-0.0311494 5.4918 6 u
-0.0269745 5.59068 6 u
-0.0227996 5.68957 6 u
-0.0186247 5.78845 6 u
-0.0144498 5.88734 6 u
-0.0102749 5.98622 6 u
-0.00610004 6.08511 6 u
-0.00192514 6.18399 6 u
0.00224976 6.28288 6 u
0.00642466 6.38176 6 u
0.0105996 6.48065 6 u
0.0147745 6.57953 6 u
0.0189494 6.67842 6 u

