# Visualization Mesh
# Format: x y patch_id direction
# Blank line separates different grid lines
# Total lines: 128

44.5379 7.27525 0 u
44.8578 6.69542 0 u
45.1207 6.08827 0 u
45.3411 5.46768 0 u
45.52 4.83562 0 u
45.6583 4.19405 0 u
45.7572 3.54494 0 u
45.8175 2.89026 0 u
45.8403 2.23197 0 u
45.8266 1.57205 0 u
45.7775 0.912449 0 u
45.6938 0.255145 0 u
45.5766 -0.397898 0 u
45.4269 -1.04471 0 u
45.2457 -1.68334 0 u
45.034 -2.3118 0 u
44.7928 -2.92813 0 u
44.5232 -3.53037 0 u
44.226 -4.11654 0 u
43.9023 -4.68469 0 u
43.545 -5.23887 0 u

51.2557 10.006 0 u
51.4234 9.23063 0 u
51.5693 8.45098 0 u
51.6992 7.66874 0 u
51.8135 6.88417 0 u
51.9123 6.09755 0 u
51.996 5.30914 0 u
52.065 4.51919 0 u
52.1194 3.72798 0 u
52.1595 2.93577 0 u
52.1858 2.14282 0 u
52.1984 1.3494 0 u
52.1977 0.555772 0 u
52.1839 -0.237796 0 u
52.1574 -1.03104 0 u
52.1184 -1.8237 0 u
52.0672 -2.61551 0 u
52.0042 -3.4062 0 u
51.9296 -4.19551 0 u
51.8437 -4.98317 0 u
51.7419 -5.76966 0 u

44.5379 7.27525 0 v
44.8738 7.41178 0 v
45.2097 7.54832 0 v
45.5456 7.68486 0 v
45.8815 7.82139 0 v
46.2174 7.95793 0 v
46.5533 8.09446 0 v
46.8891 8.231 0 v
47.225 8.36753 0 v
47.5609 8.50407 0 v
47.8968 8.6406 0 v
48.2327 8.77714 0 v
48.5686 8.91368 0 v
48.9045 9.05021 0 v
49.2404 9.18675 0 v
49.5762 9.32328 0 v
49.9121 9.45982 0 v
50.248 9.59635 0 v
50.5839 9.73289 0 v
50.9198 9.86943 0 v
51.2557 10.006 0 v

43.545 -5.23887 0 v
43.9549 -5.26541 0 v
44.3647 -5.29195 0 v
44.7746 -5.31849 0 v
45.1844 -5.34503 0 v
45.5943 -5.37157 0 v
46.0041 -5.39811 0 v
46.4139 -5.42465 0 v
46.8238 -5.45119 0 v
47.2336 -5.47773 0 v
47.6435 -5.50426 0 v
48.0533 -5.5308 0 v
48.4632 -5.55734 0 v
48.873 -5.58388 0 v
49.2829 -5.61042 0 v
49.6927 -5.63696 0 v
50.1026 -5.6635 0 v
50.5124 -5.69004 0 v
50.9223 -5.71658 0 v
51.3321 -5.74312 0 v
51.7419 -5.76966 0 v

32.7713 5.24989 1 u
33.3307 5.59218 1 u
33.8568 5.91363 1 u
34.407 6.25847 1 u
34.9784 6.61801 1 u
35.5679 6.98356 1 u
36.1729 7.34645 1 u
36.7902 7.69799 1 u
37.4171 8.0295 1 u
38.0507 8.33229 1 u
38.688 8.59768 1 u
39.3261 8.817 1 u
39.9622 8.98155 1 u
40.5933 9.08265 1 u
41.2165 9.11163 1 u
41.829 9.05979 1 u
42.4278 8.91846 1 u
43.01 8.67895 1 u
43.5728 8.33258 1 u
44.1132 7.87066 1 u
44.5387 7.27637 1 u

23.9671 12.9382 1 u
25.4417 13.5289 1 u
26.8131 14.1919 1 u
28.2791 14.8712 1 u
29.8232 15.547 1 u
31.4283 16.1994 1 u
33.0778 16.8088 1 u
34.7548 17.3552 1 u
36.4425 17.819 1 u
38.1241 18.1804 1 u
39.7828 18.4195 1 u
41.4019 18.5167 1 u
42.9644 18.4521 1 u
44.4536 18.206 1 u
45.8527 17.7585 1 u
47.1449 17.09 1 u
48.3134 16.1806 1 u
49.3413 15.0105 1 u
50.2119 13.56 1 u
50.9084 11.8093 1 u
51.2571 10.004 1 u

32.7713 5.24989 1 v
32.3311 5.63431 1 v
31.8908 6.01872 1 v
31.4506 6.40314 1 v
31.0104 6.78755 1 v
30.5702 7.17197 1 v
30.13 7.55638 1 v
29.6898 7.9408 1 v
29.2496 8.32521 1 v
28.8094 8.70963 1 v
28.3692 9.09404 1 v
27.929 9.47846 1 v
27.4888 9.86287 1 v
27.0486 10.2473 1 v
26.6083 10.6317 1 v
26.1681 11.0161 1 v
25.7279 11.4005 1 v
25.2877 11.7849 1 v
24.8475 12.1694 1 v
24.4073 12.5538 1 v
23.9671 12.9382 1 v

44.5387 7.27637 1 v
44.8746 7.41275 1 v
45.2106 7.54913 1 v
45.5465 7.68551 1 v
45.8824 7.82189 1 v
46.2183 7.95827 1 v
46.5542 8.09465 1 v
46.8902 8.23103 1 v
47.2261 8.36741 1 v
47.562 8.50379 1 v
47.8979 8.64017 1 v
48.2338 8.77655 1 v
48.5698 8.91293 1 v
48.9057 9.04932 1 v
49.2416 9.1857 1 v
49.5775 9.32208 1 v
49.9134 9.45846 1 v
50.2494 9.59484 1 v
50.5853 9.73122 1 v
50.9212 9.8676 1 v
51.2571 10.004 1 v

12.4697 8.71932 2 u
13.2285 8.01041 2 u
13.9873 7.30151 2 u
14.746 6.59261 2 u
15.5048 5.8837 2 u
16.2635 5.1748 2 u
17.0223 4.46589 2 u
17.7811 3.75699 2 u
18.5398 3.04809 2 u
19.2986 2.33918 2 u
20.0573 1.63028 2 u
20.8161 0.921376 2 u
21.5749 0.212473 2 u
22.3336 -0.496431 2 u
23.0924 -1.20533 2 u
23.8512 -1.91424 2 u
24.6099 -2.62314 2 u
25.3687 -3.33205 2 u
26.1274 -4.04095 2 u
26.8862 -4.74985 2 u
27.645 -5.45876 2 u

23.9667 12.9378 2 u
24.4069 12.5534 2 u
24.8472 12.169 2 u
25.2874 11.7846 2 u
25.7276 11.4002 2 u
26.1678 11.0158 2 u
26.6081 10.6314 2 u
27.0483 10.247 2 u
27.4885 9.86265 2 u
27.9287 9.47825 2 u
28.369 9.09385 2 u
28.8092 8.70945 2 u
29.2494 8.32506 2 u
29.6896 7.94066 2 u
30.1299 7.55626 2 u
30.5701 7.17187 2 u
31.0103 6.78747 2 u
31.4505 6.40307 2 u
31.8908 6.01868 2 u
32.331 5.63428 2 u
32.7712 5.24988 2 u

12.4697 8.71932 2 v
13.0574 8.89299 2 v
13.6435 9.07184 2 v
14.228 9.25568 2 v
14.8109 9.44428 2 v
15.3923 9.63743 2 v
15.9722 9.83493 2 v
16.5507 10.0366 2 v
17.1278 10.2421 2 v
17.7036 10.4514 2 v
18.2781 10.6642 2 v
18.8514 10.8802 2 v
19.4236 11.0994 2 v
19.9947 11.3214 2 v
20.5648 11.546 2 v
21.1339 11.7731 2 v
21.702 12.0025 2 v
22.2693 12.2338 2 v
22.8358 12.467 2 v
23.4016 12.7018 2 v
23.9667 12.9378 2 v

27.645 -5.45876 2 v
27.301 -4.84935 2 v
27.0204 -4.18409 2 v
26.8382 -3.5254 2 v
26.7483 -2.87481 2 v
26.7444 -2.23381 2 v
26.8202 -1.60393 2 v
26.9696 -0.986672 2 v
27.1862 -0.38356 2 v
27.464 0.203898 2 v
27.7965 0.774187 2 v
28.1777 1.32579 2 v
28.6013 1.85721 2 v
29.061 2.36691 2 v
29.5506 2.85339 2 v
30.0639 3.31513 2 v
30.5947 3.75063 2 v
31.1367 4.15836 2 v
31.6837 4.53682 2 v
32.2294 4.88448 2 v
32.7712 5.24988 2 v

43.5451 -5.23866 3 u
43.9548 -5.26508 3 u
44.3644 -5.29149 3 u
44.7741 -5.31791 3 u
45.1837 -5.34433 3 u
45.5934 -5.37075 3 u
46.003 -5.39717 3 u
46.4127 -5.42358 3 u
46.8223 -5.45 3 u
47.232 -5.47642 3 u
47.6416 -5.50284 3 u
48.0513 -5.52926 3 u
48.4609 -5.55567 3 u
48.8706 -5.58209 3 u
49.2802 -5.60851 3 u
49.6899 -5.63493 3 u
50.0995 -5.66135 3 u
50.5092 -5.68776 3 u
50.9188 -5.71418 3 u
51.3285 -5.7406 3 u
51.7381 -5.76702 3 u

27.6447 -5.45891 3 u
27.3952 -6.18308 3 u
27.1456 -6.90724 3 u
26.8961 -7.63141 3 u
26.6466 -8.35558 3 u
26.3971 -9.07974 3 u
26.1475 -9.80391 3 u
25.898 -10.5281 3 u
25.6485 -11.2522 3 u
25.399 -11.9764 3 u
25.1495 -12.7006 3 u
24.8999 -13.4247 3 u
24.6504 -14.1489 3 u
24.4009 -14.8731 3 u
24.1514 -15.5972 3 u
23.9018 -16.3214 3 u
23.6523 -17.0456 3 u
23.4028 -17.7697 3 u
23.1533 -18.4939 3 u
22.9038 -19.2181 3 u
22.6542 -19.9422 3 u

43.5451 -5.23866 3 v
42.9847 -6.03446 3 v
42.3753 -6.86048 3 v
41.6888 -7.60035 3 v
40.9349 -8.25234 3 v
40.1235 -8.81472 3 v
39.2642 -9.28578 3 v
38.3666 -9.66377 3 v
37.4406 -9.94699 3 v
36.4959 -10.1337 3 v
35.5421 -10.2221 3 v
34.5889 -10.2106 3 v
33.6462 -10.0975 3 v
32.7235 -9.88085 3 v
31.8306 -9.5591 3 v
30.9772 -9.13047 3 v
30.1731 -8.59325 3 v
29.4279 -7.94571 3 v
28.7513 -7.18612 3 v
28.1531 -6.31275 3 v
27.6447 -5.45891 3 v

51.7381 -5.76702 3 v
51.5862 -7.77079 3 v
51.2443 -9.88525 3 v
50.6608 -11.7512 3 v
49.8554 -13.3834 3 v
48.8476 -14.7967 3 v
47.657 -16.0059 3 v
46.3033 -17.0258 3 v
44.8059 -17.8712 3 v
43.1846 -18.557 3 v
41.4588 -19.0979 3 v
39.6482 -19.5087 3 v
37.7724 -19.8044 3 v
35.851 -19.9996 3 v
33.9035 -20.1092 3 v
31.9495 -20.1481 3 v
30.0087 -20.1309 3 v
28.1006 -20.0726 3 v
26.2448 -19.9879 3 v
24.4609 -19.8917 3 v
22.6542 -19.9422 3 v

8.00312 -19.9235 4 u
7.5705 -19.3845 4 u
7.13788 -18.8455 4 u
6.70526 -18.3065 4 u
6.27264 -17.7676 4 u
5.84003 -17.2286 4 u
5.40741 -16.6896 4 u
4.97479 -16.1506 4 u
4.54217 -15.6116 4 u
4.10955 -15.0726 4 u
3.67694 -14.5337 4 u
3.24432 -13.9947 4 u
2.8117 -13.4557 4 u
2.37908 -12.9167 4 u
1.94647 -12.3777 4 u
1.51385 -11.8388 4 u
1.08123 -11.2998 4 u
0.648611 -10.7608 4 u
0.215993 -10.2218 4 u
-0.216625 -9.68283 4 u
-0.649243 -9.14385 4 u

22.6531 -19.942 4 u
22.9027 -19.2178 4 u
23.1523 -18.4937 4 u
23.4018 -17.7695 4 u
23.6514 -17.0453 4 u
23.901 -16.3211 4 u
24.1506 -15.597 4 u
24.4002 -14.8728 4 u
24.6497 -14.1486 4 u
24.8993 -13.4244 4 u
25.1489 -12.7003 4 u
25.3985 -11.9761 4 u
25.6481 -11.2519 4 u
25.8977 -10.5277 4 u
26.1472 -9.80356 4 u
26.3968 -9.07938 4 u
26.6464 -8.35521 4 u
26.896 -7.63103 4 u
27.1456 -6.90685 4 u
27.3952 -6.18268 4 u
27.6447 -5.4585 4 u

8.00312 -19.9235 4 v
8.73561 -19.9243 4 v
9.46811 -19.9251 4 v
10.2006 -19.9259 4 v
10.9331 -19.9268 4 v
11.6656 -19.9276 4 v
12.3981 -19.9285 4 v
13.1306 -19.9294 4 v
13.8631 -19.9303 4 v
14.5956 -19.9312 4 v
15.3281 -19.9322 4 v
16.0606 -19.9331 4 v
16.7931 -19.9341 4 v
17.5256 -19.9351 4 v
18.2581 -19.936 4 v
18.9906 -19.937 4 v
19.7231 -19.938 4 v
20.4556 -19.939 4 v
21.1881 -19.94 4 v
21.9206 -19.941 4 v
22.6531 -19.942 4 v

-0.649243 -9.14385 4 v
0.765456 -8.95958 4 v
2.18016 -8.77531 4 v
3.59485 -8.59105 4 v
5.00955 -8.40678 4 v
6.42425 -8.22251 4 v
7.83895 -8.03824 4 v
9.25365 -7.85398 4 v
10.6683 -7.66971 4 v
12.083 -7.48544 4 v
13.4977 -7.30117 4 v
14.9124 -7.11691 4 v
16.3271 -6.93264 4 v
17.7418 -6.74837 4 v
19.1565 -6.56411 4 v
20.5712 -6.37984 4 v
21.9859 -6.19557 4 v
23.4006 -6.0113 4 v
24.8153 -5.82704 4 v
26.23 -5.64277 4 v
27.6447 -5.4585 4 v

0.0189515 6.67842 5 u
-0.0144582 5.88731 5 u
-0.0478679 5.0962 5 u
-0.0812776 4.30508 5 u
-0.114687 3.51397 5 u
-0.148097 2.72286 5 u
-0.181507 1.93174 5 u
-0.214916 1.14063 5 u
-0.248326 0.349515 5 u
-0.281736 -0.441599 5 u
-0.315146 -1.23271 5 u
-0.348555 -2.02383 5 u
-0.381965 -2.81494 5 u
-0.415375 -3.60605 5 u
-0.448784 -4.39717 5 u
-0.482194 -5.18828 5 u
-0.515604 -5.97939 5 u
-0.549013 -6.77051 5 u
-0.582423 -7.56162 5 u
-0.615833 -8.35273 5 u
-0.649243 -9.14385 5 u

12.4698 8.71934 5 u
13.2285 8.01044 5 u
13.9873 7.30155 5 u
14.746 6.59266 5 u
15.5048 5.88377 5 u
16.2635 5.17488 5 u
17.0223 4.46599 5 u
17.781 3.75709 5 u
18.5398 3.0482 5 u
19.2985 2.33931 5 u
20.0573 1.63042 5 u
20.816 0.921526 5 u
21.5748 0.212634 5 u
22.3335 -0.496258 5 u
23.0923 -1.20515 5 u
23.851 -1.91404 5 u
24.6097 -2.62293 5 u
25.3685 -3.33183 5 u
26.1272 -4.04072 5 u
26.886 -4.74961 5 u
27.6447 -5.4585 5 u

0.0189515 6.67842 5 v
0.651474 6.69441 5 v
1.28393 6.72091 5 v
1.91564 6.75776 5 v
2.54653 6.80469 5 v
3.17653 6.86145 5 v
3.80557 6.92779 5 v
4.43356 7.00345 5 v
5.06045 7.08818 5 v
5.68614 7.18172 5 v
6.31058 7.28381 5 v
6.93368 7.39421 5 v
7.55537 7.51266 5 v
8.17558 7.6389 5 v
8.79423 7.77268 5 v
9.41125 7.91374 5 v
10.0266 8.06183 5 v
10.6401 8.21669 5 v
11.2518 8.37807 5 v
11.8616 8.54572 5 v
12.4698 8.71934 5 v

-0.649243 -9.14385 5 v
0.765456 -8.95958 5 v
2.18016 -8.77531 5 v
3.59485 -8.59105 5 v
5.00955 -8.40678 5 v
6.42425 -8.22251 5 v
7.83895 -8.03824 5 v
9.25365 -7.85398 5 v
10.6683 -7.66971 5 v
12.083 -7.48544 5 v
13.4977 -7.30117 5 v
14.9124 -7.11691 5 v
16.3271 -6.93264 5 v
17.7418 -6.74837 5 v
19.1565 -6.56411 5 v
20.5712 -6.37984 5 v
21.9859 -6.19557 5 v
23.4006 -6.0113 5 v
24.8153 -5.82704 5 v
26.23 -5.64277 5 v
27.6447 -5.4585 5 v

-5.47733 -3.15051 6 u
-5.48164 -3.07935 6 u
-5.48596 -3.00784 6 u
-5.49027 -2.936 6 u
-5.49458 -2.86383 6 u
-5.49889 -2.79137 6 u
-5.50319 -2.71862 6 u
-5.5075 -2.64561 6 u
-5.5118 -2.57234 6 u
-5.5161 -2.49885 6 u
-5.5204 -2.42514 6 u
-5.5247 -2.35124 6 u
-5.529 -2.27715 6 u
-5.5333 -2.2029 6 u
-5.53759 -2.12851 6 u
-5.54189 -2.054 6 u
-5.54618 -1.97937 6 u
-5.55048 -1.90465 6 u
-5.55477 -1.82985 6 u
-5.55906 -1.755 6 u
-5.56335 -1.6801 6 u
-5.56763 -1.60519 6 u
-5.57192 -1.53026 6 u
-5.57621 -1.45535 6 u
-5.58049 -1.38047 6 u
-5.58478 -1.30564 6 u
-5.58906 -1.23086 6 u
-5.59335 -1.15617 6 u
-5.59763 -1.08158 6 u
-5.60191 -1.00711 6 u
-5.6062 -0.932766 6 u
-5.61048 -0.858575 6 u
-5.61476 -0.784553 6 u
-5.61904 -0.710716 6 u
-5.62332 -0.637081 6 u
-5.6276 -0.563667 6 u
-5.63188 -0.490491 6 u
-5.63616 -0.41757 6 u
-5.64044 -0.344921 6 u
-5.64471 -0.272562 6 u
-5.64899 -0.20051 6 u
-5.65327 -0.128779 6 u
-5.65755 -0.0573697 6 u
-5.66183 0.0137216 6 u
-5.66611 0.0844981 6 u
-5.67039 0.154963 6 u
-5.67466 0.225119 6 u
-5.67894 0.294971 6 u
-5.68322 0.36452 6 u
-5.6875 0.433771 6 u
-5.69178 0.502726 6 u
-5.69606 0.571389 6 u
-5.70034 0.639763 6 u
-5.70462 0.707851 6 u
-5.7089 0.775656 6 u
-5.71318 0.843183 6 u
-5.71746 0.910433 6 u
-5.72174 0.97741 6 u
-5.72602 1.04412 6 u
-5.7303 1.11056 6 u
-5.73458 1.17674 6 u
-5.73886 1.24266 6 u
-5.74314 1.30832 6 u
-5.74743 1.37373 6 u
-5.75171 1.43888 6 u
-5.75599 1.50379 6 u
-5.76028 1.56846 6 u
-5.76456 1.63289 6 u
-5.76885 1.69708 6 u
-5.77314 1.76103 6 u
-5.77742 1.82476 6 u
-5.78171 1.88825 6 u
-5.786 1.95152 6 u
-5.79029 2.01458 6 u
-5.79458 2.07741 6 u
-5.79887 2.14003 6 u
-5.80316 2.20243 6 u
-5.80745 2.26463 6 u
-5.81175 2.32663 6 u
-5.81604 2.38842 6 u
-5.82034 2.45001 6 u
-5.82463 2.51141 6 u
-5.82893 2.57261 6 u
-5.83323 2.63362 6 u
-5.83752 2.69444 6 u
-5.84182 2.75507 6 u
-5.84612 2.81551 6 u
-5.85042 2.87576 6 u
-5.85473 2.93583 6 u
-5.85903 2.99571 6 u
-5.86333 3.0554 6 u
-5.86763 3.11491 6 u
-5.87194 3.17424 6 u
-5.87624 3.23339 6 u
-5.88055 3.29236 6 u
-5.88485 3.35115 6 u
-5.88916 3.40976 6 u
-5.89347 3.4682 6 u
-5.89777 3.52647 6 u
-5.90208 3.58456 6 u
-5.90638 3.64247 6 u
-5.91069 3.70022 6 u
-5.915 3.7578 6 u
-5.91931 3.81521 6 u
-5.92361 3.87245 6 u
-5.92792 3.92952 6 u
-5.93223 3.98643 6 u
-5.93654 4.04318 6 u
-5.94084 4.09977 6 u
-5.94515 4.15619 6 u
-5.94946 4.21245 6 u
-5.95377 4.26855 6 u
-5.95807 4.3245 6 u
-5.96238 4.38029 6 u
-5.96669 4.43593 6 u
-5.97099 4.49141 6 u
-5.9753 4.54674 6 u
-5.9796 4.60191 6 u
-5.98391 4.65694 6 u
-5.98821 4.71182 6 u
-5.99251 4.76655 6 u
-5.99682 4.82113 6 u
-6.00112 4.87559 6 u
-6.00542 4.92994 6 u
-6.00972 4.98421 6 u
-6.01403 5.03841 6 u
-6.01833 5.09257 6 u
-6.02263 5.14669 6 u
-6.02693 5.20082 6 u
-6.03123 5.25495 6 u
-6.03553 5.30912 6 u
-6.03983 5.36335 6 u
-6.04413 5.41765 6 u
-6.04843 5.47205 6 u
-6.05273 5.52655 6 u
-6.05703 5.5812 6 u
-6.06133 5.636 6 u
-6.06562 5.69097 6 u
-6.06992 5.74614 6 u
-6.07422 5.80153 6 u
-6.07852 5.85715 6 u
-6.08282 5.91302 6 u
-6.08712 5.96918 6 u
-6.09142 6.02562 6 u
-6.09572 6.08239 6 u
-6.10002 6.13949 6 u
-6.10433 6.19694 6 u
-6.10863 6.25477 6 u
-6.11293 6.313 6 u
-6.11723 6.37165 6 u
-6.12153 6.43073 6 u
-6.12584 6.49026 6 u
-6.13014 6.55028 6 u
-6.13445 6.61079 6 u
-6.13875 6.67182 6 u
-6.14306 6.73338 6 u
-6.14736 6.79551 6 u
-6.15167 6.85821 6 u
-6.15598 6.9215 6 u
-6.16029 6.98542 6 u
-6.1646 7.04997 6 u

-3.72504 -4.16691 6 u
-3.73069 -4.07594 6 u
-3.73633 -3.98524 6 u
-3.74197 -3.89478 6 u
-3.7476 -3.80457 6 u
-3.75324 -3.71459 6 u
-3.75887 -3.62485 6 u
-3.7645 -3.53533 6 u
-3.77013 -3.44602 6 u
-3.77576 -3.35693 6 u
-3.78139 -3.26803 6 u
-3.78701 -3.17933 6 u
-3.79263 -3.09082 6 u
-3.79825 -3.00249 6 u
-3.80387 -2.91434 6 u
-3.80949 -2.82635 6 u
-3.81511 -2.73852 6 u
-3.82072 -2.65084 6 u
-3.82634 -2.56331 6 u
-3.83195 -2.47592 6 u
-3.83756 -2.38866 6 u
-3.84317 -2.30152 6 u
-3.84878 -2.2145 6 u
-3.85439 -2.12759 6 u
-3.86 -2.04078 6 u
-3.8656 -1.95407 6 u
-3.87121 -1.86745 6 u
-3.87681 -1.78091 6 u
-3.88242 -1.69444 6 u
-3.88802 -1.60804 6 u
-3.89362 -1.52171 6 u
-3.89923 -1.43542 6 u
-3.90483 -1.34918 6 u
-3.91043 -1.26299 6 u
-3.91603 -1.17682 6 u
-3.92163 -1.09068 6 u
-3.92723 -1.00456 6 u
-3.93283 -0.918443 6 u
-3.93843 -0.832335 6 u
-3.94403 -0.746224 6 u
-3.94963 -0.660102 6 u
-3.95523 -0.573968 6 u
-3.96083 -0.48784 6 u
-3.96643 -0.401741 6 u
-3.97203 -0.315695 6 u
-3.97763 -0.229724 6 u
-3.98323 -0.143853 6 u
-3.98883 -0.058104 6 u
-3.99443 0.0274994 6 u
-4.00004 0.112934 6 u
-4.00564 0.198176 6 u
-4.01124 0.283203 6 u
-4.01684 0.367991 6 u
-4.02244 0.452517 6 u
-4.02804 0.536758 6 u
-4.03365 0.62069 6 u
-4.03925 0.70429 6 u
-4.04485 0.787535 6 u
-4.05046 0.870402 6 u
-4.05606 0.952866 6 u
-4.06166 1.03491 6 u
-4.06727 1.1165 6 u
-4.07288 1.19762 6 u
-4.07848 1.27824 6 u
-4.08409 1.35835 6 u
-4.0897 1.43792 6 u
-4.0953 1.51692 6 u
-4.10091 1.59533 6 u
-4.10652 1.67313 6 u
-4.11213 1.7503 6 u
-4.11774 1.82681 6 u
-4.12335 1.90264 6 u
-4.12897 1.97776 6 u
-4.13458 2.05215 6 u
-4.14019 2.1258 6 u
-4.14581 2.19867 6 u
-4.15142 2.27074 6 u
-4.15704 2.342 6 u
-4.16266 2.4124 6 u
-4.16828 2.48195 6 u
-4.1739 2.5506 6 u
-4.17952 2.61834 6 u
-4.18514 2.68519 6 u
-4.19076 2.75117 6 u
-4.19638 2.8163 6 u
-4.20201 2.8806 6 u
-4.20763 2.94409 6 u
-4.21326 3.00679 6 u
-4.21888 3.06873 6 u
-4.22451 3.12992 6 u
-4.23014 3.19038 6 u
-4.23577 3.25015 6 u
-4.24139 3.30923 6 u
-4.24702 3.36765 6 u
-4.25265 3.42543 6 u
-4.25828 3.48259 6 u
-4.26391 3.53915 6 u
-4.26954 3.59513 6 u
-4.27518 3.65056 6 u
-4.28081 3.70546 6 u
-4.28644 3.75984 6 u
-4.29207 3.81373 6 u
-4.2977 3.86714 6 u
-4.30333 3.92011 6 u
-4.30897 3.97265 6 u
-4.3146 4.02477 6 u
-4.32023 4.07651 6 u
-4.32586 4.12789 6 u
-4.3315 4.17892 6 u
-4.33713 4.22962 6 u
-4.34276 4.28002 6 u
-4.34839 4.33014 6 u
-4.35402 4.38 6 u
-4.35966 4.42962 6 u
-4.36529 4.47902 6 u
-4.37092 4.52822 6 u
-4.37655 4.57724 6 u
-4.38218 4.62611 6 u
-4.38781 4.67485 6 u
-4.39344 4.72347 6 u
-4.39906 4.77199 6 u
-4.40469 4.82045 6 u
-4.41032 4.86886 6 u
-4.41595 4.91723 6 u
-4.42157 4.9656 6 u
-4.4272 5.01398 6 u
-4.43282 5.0624 6 u
-4.43845 5.11087 6 u
-4.44407 5.15942 6 u
-4.4497 5.20806 6 u
-4.45532 5.25682 6 u
-4.46095 5.30573 6 u
-4.46657 5.35479 6 u
-4.4722 5.40403 6 u
-4.47782 5.45348 6 u
-4.48344 5.50315 6 u
-4.48907 5.55307 6 u
-4.49469 5.60325 6 u
-4.50031 5.65372 6 u
-4.50594 5.70449 6 u
-4.51156 5.7556 6 u
-4.51719 5.80706 6 u
-4.52281 5.85889 6 u
-4.52844 5.91111 6 u
-4.53406 5.96374 6 u
-4.53969 6.01681 6 u
-4.54531 6.07034 6 u
-4.55094 6.12434 6 u
-4.55656 6.17885 6 u
-4.56219 6.23387 6 u
-4.56782 6.28943 6 u
-4.57345 6.34555 6 u
-4.57908 6.40226 6 u
-4.5847 6.45957 6 u
-4.59033 6.5175 6 u
-4.59597 6.57608 6 u
-4.6016 6.63533 6 u
-4.60723 6.69526 6 u
-4.61286 6.7559 6 u
-4.6185 6.81728 6 u
-4.62413 6.8794 6 u

-2.22513 -5.49299 6 u
-2.23044 -5.42174 6 u
-2.23575 -5.35032 6 u
-2.24107 -5.27871 6 u
-2.24638 -5.20689 6 u
-2.25171 -5.13484 6 u
-2.25703 -5.06254 6 u
-2.26235 -4.98998 6 u
-2.26768 -4.91713 6 u
-2.27301 -4.84398 6 u
-2.27834 -4.7705 6 u
-2.28367 -4.69668 6 u
-2.289 -4.62249 6 u
-2.29434 -4.54793 6 u
-2.29968 -4.47297 6 u
-2.30502 -4.39759 6 u
-2.31036 -4.32177 6 u
-2.3157 -4.2455 6 u
-2.32104 -4.16875 6 u
-2.32639 -4.0915 6 u
-2.33173 -4.01375 6 u
-2.33708 -3.93546 6 u
-2.34243 -3.85662 6 u
-2.34778 -3.77721 6 u
-2.35313 -3.69721 6 u
-2.35848 -3.6166 6 u
-2.36384 -3.53536 6 u
-2.36919 -3.45348 6 u
-2.37455 -3.37093 6 u
-2.3799 -3.2877 6 u
-2.38526 -3.20377 6 u
-2.39061 -3.11911 6 u
-2.39597 -3.03372 6 u
-2.40133 -2.94756 6 u
-2.40669 -2.86063 6 u
-2.41205 -2.7729 6 u
-2.4174 -2.68435 6 u
-2.42276 -2.59496 6 u
-2.42812 -2.50472 6 u
-2.43348 -2.41361 6 u
-2.43884 -2.3216 6 u
-2.4442 -2.2287 6 u
-2.44956 -2.13494 6 u
-2.45492 -2.04038 6 u
-2.46028 -1.94507 6 u
-2.46564 -1.84909 6 u
-2.471 -1.75247 6 u
-2.47636 -1.65528 6 u
-2.48172 -1.55758 6 u
-2.48708 -1.45941 6 u
-2.49244 -1.36084 6 u
-2.4978 -1.26193 6 u
-2.50315 -1.16272 6 u
-2.50851 -1.06328 6 u
-2.51387 -0.963659 6 u
-2.51923 -0.863919 6 u
-2.52458 -0.764115 6 u
-2.52994 -0.664302 6 u
-2.5353 -0.564537 6 u
-2.54065 -0.464877 6 u
-2.54601 -0.365378 6 u
-2.55136 -0.266097 6 u
-2.55671 -0.167089 6 u
-2.56207 -0.0684123 6 u
-2.56742 0.0298777 6 u
-2.57277 0.127724 6 u
-2.57812 0.225071 6 u
-2.58347 0.321862 6 u
-2.58882 0.41804 6 u
-2.59417 0.513548 6 u
-2.59952 0.608331 6 u
-2.60486 0.702332 6 u
-2.61021 0.795495 6 u
-2.61556 0.887762 6 u
-2.6209 0.979078 6 u
-2.62624 1.06939 6 u
-2.63158 1.15863 6 u
-2.63693 1.24675 6 u
-2.64227 1.3337 6 u
-2.6476 1.41941 6 u
-2.65294 1.50383 6 u
-2.65828 1.58692 6 u
-2.66361 1.6687 6 u
-2.66895 1.74922 6 u
-2.67428 1.8285 6 u
-2.67962 1.9066 6 u
-2.68495 1.98354 6 u
-2.69028 2.05937 6 u
-2.69561 2.13413 6 u
-2.70094 2.20785 6 u
-2.70626 2.28058 6 u
-2.71159 2.35235 6 u
-2.71692 2.4232 6 u
-2.72225 2.49318 6 u
-2.72757 2.56231 6 u
-2.7329 2.63065 6 u
-2.73822 2.69822 6 u
-2.74355 2.76508 6 u
-2.74887 2.83125 6 u
-2.75419 2.89677 6 u
-2.75952 2.96169 6 u
-2.76484 3.02605 6 u
-2.77016 3.08988 6 u
-2.77549 3.15322 6 u
-2.78081 3.21611 6 u
-2.78613 3.27859 6 u
-2.79145 3.3407 6 u
-2.79678 3.40248 6 u
-2.8021 3.46397 6 u
-2.80742 3.5252 6 u
-2.81274 3.58622 6 u
-2.81807 3.64706 6 u
-2.82339 3.70777 6 u
-2.82872 3.76838 6 u
-2.83404 3.82893 6 u
-2.83936 3.88946 6 u
-2.84469 3.95001 6 u
-2.85001 4.01062 6 u
-2.85534 4.07133 6 u
-2.86067 4.13218 6 u
-2.86599 4.1932 6 u
-2.87132 4.25443 6 u
-2.87665 4.31586 6 u
-2.88198 4.3775 6 u
-2.88731 4.43934 6 u
-2.89264 4.50138 6 u
-2.89797 4.5636 6 u
-2.9033 4.626 6 u
-2.90863 4.68859 6 u
-2.91396 4.75134 6 u
-2.9193 4.81426 6 u
-2.92463 4.87734 6 u
-2.92996 4.94057 6 u
-2.93529 5.00396 6 u
-2.94063 5.06749 6 u
-2.94596 5.13116 6 u
-2.95129 5.19497 6 u
-2.95662 5.2589 6 u
-2.96196 5.32296 6 u
-2.96729 5.38713 6 u
-2.97262 5.45142 6 u
-2.97795 5.51581 6 u
-2.98328 5.58031 6 u
-2.98862 5.6449 6 u
-2.99395 5.70959 6 u
-2.99928 5.77435 6 u
-3.00461 5.8392 6 u
-3.00994 5.90413 6 u
-3.01527 5.96912 6 u
-3.0206 6.03418 6 u
-3.02593 6.09929 6 u
-3.03125 6.16446 6 u
-3.03658 6.22968 6 u
-3.04191 6.29494 6 u
-3.04723 6.36024 6 u
-3.05256 6.42557 6 u
-3.05788 6.49092 6 u
-3.0632 6.5563 6 u
-3.06852 6.62169 6 u
-3.07385 6.68709 6 u
-3.07917 6.7525 6 u

-1.14937 -7.20122 6 u
-1.15176 -7.11253 6 u
-1.15415 -7.02389 6 u
-1.15654 -6.93531 6 u
-1.15893 -6.84679 6 u
-1.16132 -6.75834 6 u
-1.16371 -6.66995 6 u
-1.1661 -6.58163 6 u
-1.16848 -6.49339 6 u
-1.17087 -6.40523 6 u
-1.17326 -6.31716 6 u
-1.17564 -6.22917 6 u
-1.17803 -6.14128 6 u
-1.18041 -6.05348 6 u
-1.18279 -5.96578 6 u
-1.18518 -5.87819 6 u
-1.18756 -5.7907 6 u
-1.18994 -5.70333 6 u
-1.19232 -5.61608 6 u
-1.19471 -5.52894 6 u
-1.19709 -5.44193 6 u
-1.19947 -5.35505 6 u
-1.20185 -5.2683 6 u
-1.20423 -5.18168 6 u
-1.20661 -5.09521 6 u
-1.20899 -5.00888 6 u
-1.21137 -4.9227 6 u
-1.21375 -4.83667 6 u
-1.21612 -4.7508 6 u
-1.2185 -4.66509 6 u
-1.22088 -4.57954 6 u
-1.22326 -4.49416 6 u
-1.22564 -4.40896 6 u
-1.22801 -4.32393 6 u
-1.23039 -4.23908 6 u
-1.23277 -4.15441 6 u
-1.23515 -4.06994 6 u
-1.23752 -3.98565 6 u
-1.2399 -3.90157 6 u
-1.24228 -3.81768 6 u
-1.24465 -3.734 6 u
-1.24703 -3.65053 6 u
-1.24941 -3.56725 6 u
-1.25178 -3.48415 6 u
-1.25416 -3.40123 6 u
-1.25654 -3.31846 6 u
-1.25892 -3.23583 6 u
-1.26129 -3.15334 6 u
-1.26367 -3.07097 6 u
-1.26605 -2.98871 6 u
-1.26842 -2.90654 6 u
-1.2708 -2.82445 6 u
-1.27318 -2.74244 6 u
-1.27556 -2.66047 6 u
-1.27793 -2.57856 6 u
-1.28031 -2.49667 6 u
-1.28269 -2.4148 6 u
-1.28507 -2.33294 6 u
-1.28745 -2.25106 6 u
-1.28982 -2.16917 6 u
-1.2922 -2.08725 6 u
-1.29458 -2.00528 6 u
-1.29696 -1.92325 6 u
-1.29934 -1.84116 6 u
-1.30172 -1.75897 6 u
-1.3041 -1.6767 6 u
-1.30648 -1.59431 6 u
-1.30886 -1.5118 6 u
-1.31124 -1.42916 6 u
-1.31362 -1.34637 6 u
-1.316 -1.26342 6 u
-1.31838 -1.1803 6 u
-1.32076 -1.097 6 u
-1.32314 -1.0135 6 u
-1.32552 -0.929782 6 u
-1.32791 -0.845846 6 u
-1.33029 -0.761673 6 u
-1.33267 -0.677253 6 u
-1.33505 -0.592571 6 u
-1.33744 -0.507615 6 u
-1.33982 -0.422373 6 u
-1.3422 -0.336835 6 u
-1.34459 -0.251007 6 u
-1.34697 -0.1649 6 u
-1.34936 -0.0785224 6 u
-1.35174 0.00811561 6 u
-1.35413 0.0950044 6 u
-1.35652 0.182134 6 u
-1.3589 0.269496 6 u
-1.36129 0.357079 6 u
-1.36367 0.444874 6 u
-1.36606 0.532871 6 u
-1.36845 0.621061 6 u
-1.37084 0.709434 6 u
-1.37322 0.797981 6 u
-1.37561 0.886691 6 u
-1.378 0.975555 6 u
-1.38039 1.06456 6 u
-1.38277 1.15371 6 u
-1.38516 1.24297 6 u
-1.38755 1.33236 6 u
-1.38994 1.42184 6 u
-1.39233 1.51143 6 u
-1.39472 1.6011 6 u
-1.3971 1.69084 6 u
-1.39949 1.78066 6 u
-1.40188 1.87053 6 u
-1.40427 1.96044 6 u
-1.40666 2.0504 6 u
-1.40905 2.14038 6 u
-1.41143 2.23038 6 u
-1.41382 2.32039 6 u
-1.41621 2.4104 6 u
-1.4186 2.5004 6 u
-1.42099 2.59037 6 u
-1.42337 2.68032 6 u
-1.42576 2.77023 6 u
-1.42815 2.86008 6 u
-1.43054 2.94988 6 u
-1.43292 3.03961 6 u
-1.43531 3.12926 6 u
-1.4377 3.21883 6 u
-1.44008 3.30831 6 u
-1.44247 3.39771 6 u
-1.44486 3.48703 6 u
-1.44724 3.57628 6 u
-1.44963 3.66546 6 u
-1.45201 3.75458 6 u
-1.4544 3.84364 6 u
-1.45679 3.93264 6 u
-1.45917 4.02159 6 u
-1.46156 4.11049 6 u
-1.46394 4.19934 6 u
-1.46633 4.28816 6 u
-1.46871 4.37694 6 u
-1.4711 4.46569 6 u
-1.47348 4.5544 6 u
-1.47587 4.6431 6 u
-1.47825 4.73177 6 u
-1.48064 4.82043 6 u
-1.48302 4.90907 6 u
-1.48541 4.99771 6 u
-1.4878 5.08634 6 u
-1.49018 5.17497 6 u
-1.49257 5.2636 6 u
-1.49495 5.35224 6 u
-1.49734 5.4409 6 u
-1.49972 5.52956 6 u
-1.50211 5.61825 6 u
-1.5045 5.70696 6 u
-1.50688 5.7957 6 u
-1.50927 5.88447 6 u
-1.51166 5.97328 6 u
-1.51404 6.06212 6 u
-1.51643 6.15101 6 u
-1.51882 6.23994 6 u
-1.52121 6.32893 6 u
-1.5236 6.41797 6 u
-1.52599 6.50708 6 u
-1.52837 6.59624 6 u
-1.53076 6.68547 6 u

-0.649035 -9.14323 6 u
-0.64486 -9.04435 6 u
-0.640685 -8.94546 6 u
-0.63651 -8.84658 6 u
-0.632335 -8.74769 6 u
-0.62816 -8.64881 6 u
-0.623985 -8.54992 6 u
-0.61981 -8.45104 6 u
-0.615636 -8.35215 6 u
-0.611461 -8.25327 6 u
-0.607286 -8.15438 6 u
-0.603111 -8.0555 6 u
-0.598936 -7.95661 6 u
-0.594761 -7.85773 6 u
-0.590586 -7.75884 6 u
-0.586411 -7.65995 6 u
-0.582236 -7.56107 6 u
-0.578061 -7.46218 6 u
-0.573887 -7.3633 6 u
-0.569712 -7.26441 6 u
-0.565537 -7.16553 6 u
-0.561362 -7.06664 6 u
-0.557187 -6.96776 6 u
-0.553012 -6.86887 6 u
-0.548837 -6.76999 6 u
-0.544662 -6.6711 6 u
-0.540487 -6.57222 6 u
-0.536312 -6.47333 6 u
-0.532138 -6.37445 6 u
-0.527963 -6.27556 6 u
-0.523788 -6.17667 6 u
-0.519613 -6.07779 6 u
-0.515438 -5.9789 6 u
-0.511263 -5.88002 6 u
-0.507088 -5.78113 6 u
-0.502913 -5.68225 6 u
-0.498738 -5.58336 6 u
-0.494563 -5.48448 6 u
-0.490389 -5.38559 6 u
-0.486214 -5.28671 6 u
-0.482039 -5.18782 6 u
-0.477864 -5.08894 6 u
-0.473689 -4.99005 6 u
-0.469514 -4.89116 6 u
-0.465339 -4.79228 6 u
-0.461164 -4.69339 6 u
-0.456989 -4.59451 6 u
-0.452814 -4.49562 6 u
-0.44864 -4.39674 6 u
-0.444465 -4.29785 6 u
-0.44029 -4.19897 6 u
-0.436115 -4.10008 6 u
-0.43194 -4.0012 6 u
-0.427765 -3.90231 6 u
-0.42359 -3.80343 6 u
-0.419415 -3.70454 6 u
-0.41524 -3.60566 6 u
-0.411065 -3.50677 6 u
-0.406891 -3.40788 6 u
-0.402716 -3.309 6 u
-0.398541 -3.21011 6 u
-0.394366 -3.11123 6 u
-0.390191 -3.01234 6 u
-0.386016 -2.91346 6 u
-0.381841 -2.81457 6 u
-0.377666 -2.71569 6 u
-0.373491 -2.6168 6 u
-0.369316 -2.51792 6 u
-0.365142 -2.41903 6 u
-0.360967 -2.32015 6 u
-0.356792 -2.22126 6 u
-0.352617 -2.12238 6 u
-0.348442 -2.02349 6 u
-0.344267 -1.9246 6 u
-0.340092 -1.82572 6 u
-0.335917 -1.72683 6 u
-0.331742 -1.62795 6 u
-0.327567 -1.52906 6 u
-0.323393 -1.43018 6 u
-0.319218 -1.33129 6 u
-0.315043 -1.23241 6 u
-0.310868 -1.13352 6 u
-0.306693 -1.03464 6 u
-0.302518 -0.935752 6 u
-0.298343 -0.836866 6 u
-0.294168 -0.737981 6 u
-0.289993 -0.639096 6 u
-0.285818 -0.54021 6 u
-0.281643 -0.441325 6 u
-0.277469 -0.34244 6 u
-0.273294 -0.243554 6 u
-0.269119 -0.144669 6 u
-0.264944 -0.0457835 6 u
-0.260769 0.0531018 6 u
-0.256594 0.151987 6 u
-0.252419 0.250872 6 u
-0.248244 0.349758 6 u
-0.244069 0.448643 6 u
-0.239894 0.547528 6 u
-0.23572 0.646414 6 u
-0.231545 0.745299 6 u
-0.22737 0.844184 6 u
-0.223195 0.94307 6 u
-0.21902 1.04196 6 u
-0.214845 1.14084 6 u
-0.21067 1.23973 6 u
-0.206495 1.33861 6 u
-0.20232 1.4375 6 u
-0.198145 1.53638 6 u
-0.193971 1.63527 6 u
-0.189796 1.73415 6 u
-0.185621 1.83304 6 u
-0.181446 1.93192 6 u
-0.177271 2.03081 6 u
-0.173096 2.12969 6 u
-0.168921 2.22858 6 u
-0.164746 2.32746 6 u
-0.160571 2.42635 6 u
-0.156396 2.52524 6 u
-0.152222 2.62412 6 u
-0.148047 2.72301 6 u
-0.143872 2.82189 6 u
-0.139697 2.92078 6 u
-0.135522 3.01966 6 u
-0.131347 3.11855 6 u
-0.127172 3.21743 6 u
-0.122997 3.31632 6 u
-0.118822 3.4152 6 u
-0.114647 3.51409 6 u
-0.110473 3.61297 6 u
-0.106298 3.71186 6 u
-0.102123 3.81074 6 u
-0.0979479 3.90963 6 u
-0.093773 4.00852 6 u
-0.0895981 4.1074 6 u
-0.0854232 4.20629 6 u
-0.0812483 4.30517 6 u
-0.0770734 4.40406 6 u
-0.0728985 4.50294 6 u
-0.0687236 4.60183 6 u
-0.0645487 4.70071 6 u
-0.0603737 4.7996 6 u
-0.0561988 4.89848 6 u
-0.0520239 4.99737 6 u
-0.047849 5.09625 6 u
-0.0436741 5.19514 6 u
-0.0394992 5.29402 6 u
-0.0353243 5.39291 6 u
-0.0311494 5.4918 6 u
-0.0269745 5.59068 6 u
-0.0227996 5.68957 6 u
-0.0186247 5.78845 6 u
-0.0144498 5.88734 6 u
-0.0102749 5.98622 6 u
-0.00610004 6.08511 6 u
-0.00192514 6.18399 6 u
0.00224976 6.28288 6 u
0.00642466 6.38176 6 u
0.0105996 6.48065 6 u
0.0147745 6.57953 6 u
0.0189494 6.67842 6 u

-5.47733 -3.15051 6 v
-5.38645 -3.19595 6 v
-5.29578 -3.24186 6 v
-5.20535 -3.28825 6 v
-5.11517 -3.33515 6 v
-5.02527 -3.38257 6 v
-4.93566 -3.43052 6 v
-4.84638 -3.47902 6 v
-4.75745 -3.52809 6 v
-4.66887 -3.57774 6 v
-4.58069 -3.62799 6 v
-4.49292 -3.67885 6 v
-4.40557 -3.73035 6 v
-4.31869 -3.78249 6 v
-4.23228 -3.83529 6 v
-4.14636 -3.88877 6 v
-4.06097 -3.94295 6 v
-3.97612 -3.99783 6 v
-3.89183 -4.05344 6 v
-3.80813 -4.1098 6 v
-3.72504 -4.16691 6 v
-3.64258 -4.2248 6 v
-3.56078 -4.28347 6 v
-3.47965 -4.34296 6 v
-3.39921 -4.40326 6 v
-3.3195 -4.46441 6 v
-3.24053 -4.5264 6 v
-3.16232 -4.58927 6 v
-3.08489 -4.65302 6 v
-3.00828 -4.71768 6 v
-2.93249 -4.78325 6 v
-2.85756 -4.84976 6 v
-2.78349 -4.91722 6 v
-2.71033 -4.98564 6 v
-2.63808 -5.05505 6 v
-2.56678 -5.12545 6 v
-2.49643 -5.19687 6 v
-2.42708 -5.26931 6 v
-2.35872 -5.34281 6 v
-2.2914 -5.41736 6 v
-2.22513 -5.49299 6 v
-2.15993 -5.56971 6 v
-2.09582 -5.6475 6 v
-2.03282 -5.72633 6 v
-1.97095 -5.80617 6 v
-1.91022 -5.88701 6 v
-1.85066 -5.96882 6 v
-1.79228 -6.05156 6 v
-1.73511 -6.13522 6 v
-1.67915 -6.21977 6 v
-1.62443 -6.30518 6 v
-1.57097 -6.39144 6 v
-1.51878 -6.4785 6 v
-1.46788 -6.56635 6 v
-1.4183 -6.65497 6 v
-1.37005 -6.74432 6 v
-1.32314 -6.83438 6 v
-1.2776 -6.92513 6 v
-1.23345 -7.01653 6 v
-1.1907 -7.10857 6 v
-1.14937 -7.20122 6 v
-1.10948 -7.29445 6 v
-1.07105 -7.38824 6 v
-1.03409 -7.48256 6 v
-0.99863 -7.57739 6 v
-0.964682 -7.6727 6 v
-0.932266 -7.76846 6 v
-0.9014 -7.86466 6 v
-0.872102 -7.96126 6 v
-0.84439 -8.05823 6 v
-0.818284 -8.15557 6 v
-0.7938 -8.25322 6 v
-0.770958 -8.35119 6 v
-0.749776 -8.44942 6 v
-0.730273 -8.54791 6 v
-0.712465 -8.64663 6 v
-0.696373 -8.74554 6 v
-0.682014 -8.84463 6 v
-0.669407 -8.94387 6 v
-0.65857 -9.04323 6 v
-0.649035 -9.14323 6 v

-5.56335 -1.6801 6 v
-5.47424 -1.67033 6 v
-5.38531 -1.66646 6 v
-5.29659 -1.66829 6 v
-5.20808 -1.67563 6 v
-5.11981 -1.68831 6 v
-5.03179 -1.70612 6 v
-4.94406 -1.72888 6 v
-4.85662 -1.7564 6 v
-4.76949 -1.78848 6 v
-4.6827 -1.82495 6 v
-4.59627 -1.8656 6 v
-4.51021 -1.91025 6 v
-4.42455 -1.95871 6 v
-4.3393 -2.01079 6 v
-4.25448 -2.0663 6 v
-4.17011 -2.12505 6 v
-4.08622 -2.18685 6 v
-4.00281 -2.25151 6 v
-3.91992 -2.31884 6 v
-3.83756 -2.38866 6 v
-3.75575 -2.46076 6 v
-3.67451 -2.53497 6 v
-3.59385 -2.61108 6 v
-3.51381 -2.68892 6 v
-3.43439 -2.76829 6 v
-3.35562 -2.84901 6 v
-3.27752 -2.93088 6 v
-3.2001 -3.01371 6 v
-3.12339 -3.09731 6 v
-3.04741 -3.1815 6 v
-2.97217 -3.26608 6 v
-2.89769 -3.35087 6 v
-2.824 -3.43567 6 v
-2.75111 -3.52029 6 v
-2.67904 -3.60456 6 v
-2.60782 -3.68826 6 v
-2.53746 -3.77122 6 v
-2.46797 -3.85325 6 v
-2.39939 -3.93416 6 v
-2.33173 -4.01375 6 v
-2.26501 -4.09188 6 v
-2.19925 -4.16863 6 v
-2.13446 -4.2441 6 v
-2.07065 -4.31841 6 v
-2.00785 -4.39167 6 v
-1.94606 -4.464 6 v
-1.88532 -4.5355 6 v
-1.82562 -4.6063 6 v
-1.76699 -4.6765 6 v
-1.70945 -4.74622 6 v
-1.653 -4.81557 6 v
-1.59767 -4.88467 6 v
-1.54347 -4.95362 6 v
-1.49042 -5.02255 6 v
-1.43853 -5.09157 6 v
-1.38782 -5.16079 6 v
-1.3383 -5.23032 6 v
-1.29 -5.30028 6 v
-1.24292 -5.37078 6 v
-1.19709 -5.44193 6 v
-1.15251 -5.51385 6 v
-1.10921 -5.58665 6 v
-1.0672 -5.66045 6 v
-1.02649 -5.73536 6 v
-0.987113 -5.81149 6 v
-0.94907 -5.88895 6 v
-0.912382 -5.96787 6 v
-0.877064 -6.04834 6 v
-0.843132 -6.1305 6 v
-0.810602 -6.21444 6 v
-0.779491 -6.30029 6 v
-0.749814 -6.38816 6 v
-0.721587 -6.47815 6 v
-0.694826 -6.57039 6 v
-0.669548 -6.66499 6 v
-0.645767 -6.76206 6 v
-0.6235 -6.86171 6 v
-0.602763 -6.96407 6 v
-0.583573 -7.06923 6 v
-0.565537 -7.16553 6 v

-5.64899 -0.20051 6 v
-5.56157 -0.165813 6 v
-5.47431 -0.138603 6 v
-5.38723 -0.118643 6 v
-5.30033 -0.105698 6 v
-5.21365 -0.0995323 6 v
-5.12719 -0.0999092 6 v
-5.04097 -0.106593 6 v
-4.95502 -0.119348 6 v
-4.86933 -0.137939 6 v
-4.78394 -0.162128 6 v
-4.69886 -0.191682 6 v
-4.6141 -0.226363 6 v
-4.52967 -0.265936 6 v
-4.44561 -0.310164 6 v
-4.36192 -0.358813 6 v
-4.27862 -0.411646 6 v
-4.19572 -0.468427 6 v
-4.11325 -0.528921 6 v
-4.03121 -0.592891 6 v
-3.94963 -0.660102 6 v
-3.86852 -0.730318 6 v
-3.7879 -0.803302 6 v
-3.70779 -0.878819 6 v
-3.62819 -0.956634 6 v
-3.54913 -1.03651 6 v
-3.47063 -1.11821 6 v
-3.39269 -1.2015 6 v
-3.31534 -1.28615 6 v
-3.23859 -1.37191 6 v
-3.16247 -1.45855 6 v
-3.08697 -1.54584 6 v
-3.01213 -1.63354 6 v
-2.93796 -1.72142 6 v
-2.86447 -1.80923 6 v
-2.79169 -1.89674 6 v
-2.71962 -1.98373 6 v
-2.64828 -2.06994 6 v
-2.5777 -2.15515 6 v
-2.50788 -2.23911 6 v
-2.43884 -2.3216 6 v
-2.37061 -2.40243 6 v
-2.30318 -2.48164 6 v
-2.23659 -2.55932 6 v
-2.17083 -2.63556 6 v
-2.10593 -2.71045 6 v
-2.04191 -2.78408 6 v
-1.97876 -2.85655 6 v
-1.91651 -2.92795 6 v
-1.85518 -2.99836 6 v
-1.79476 -3.06787 6 v
-1.73529 -3.13659 6 v
-1.67678 -3.20459 6 v
-1.61923 -3.27198 6 v
-1.56266 -3.33884 6 v
-1.50709 -3.40526 6 v
-1.45252 -3.47133 6 v
-1.39899 -3.53715 6 v
-1.34649 -3.60281 6 v
-1.29504 -3.6684 6 v
-1.24465 -3.734 6 v
-1.19535 -3.79972 6 v
-1.14714 -3.86563 6 v
-1.10004 -3.93184 6 v
-1.05406 -3.99843 6 v
-1.00922 -4.06549 6 v
-0.965525 -4.13312 6 v
-0.922996 -4.20141 6 v
-0.881645 -4.27045 6 v
-0.841486 -4.34032 6 v
-0.802533 -4.41113 6 v
-0.7648 -4.48295 6 v
-0.728302 -4.55589 6 v
-0.693052 -4.63003 6 v
-0.659064 -4.70547 6 v
-0.626352 -4.78229 6 v
-0.594931 -4.86059 6 v
-0.564813 -4.94046 6 v
-0.536015 -5.02199 6 v
-0.508548 -5.10527 6 v
-0.482039 -5.18782 6 v

-5.73458 1.17674 6 v
-5.64884 1.21393 6 v
-5.56323 1.24577 6 v
-5.47779 1.27236 6 v
-5.39251 1.29382 6 v
-5.30741 1.31028 6 v
-5.22251 1.32183 6 v
-5.13781 1.32861 6 v
-5.05333 1.33072 6 v
-4.96909 1.32829 6 v
-4.8851 1.32143 6 v
-4.80136 1.31026 6 v
-4.7179 1.29489 6 v
-4.63473 1.27545 6 v
-4.55185 1.25204 6 v
-4.46929 1.22478 6 v
-4.38706 1.1938 6 v
-4.30517 1.1592 6 v
-4.22363 1.12111 6 v
-4.14246 1.07964 6 v
-4.06166 1.03491 6 v
-3.98127 0.987026 6 v
-3.90127 0.936116 6 v
-3.8217 0.882293 6 v
-3.74256 0.825674 6 v
-3.66386 0.766376 6 v
-3.58563 0.704514 6 v
-3.50787 0.640205 6 v
-3.43059 0.573567 6 v
-3.35381 0.504715 6 v
-3.27755 0.433767 6 v
-3.20181 0.360839 6 v
-3.12661 0.286047 6 v
-3.05196 0.209509 6 v
-2.97788 0.13134 6 v
-2.90438 0.0516574 6 v
-2.83146 -0.0294221 6 v
-2.75916 -0.111782 6 v
-2.68747 -0.195306 6 v
-2.61642 -0.279877 6 v
-2.54601 -0.365378 6 v
-2.47625 -0.451693 6 v
-2.40717 -0.538703 6 v
-2.33877 -0.626287 6 v
-2.27107 -0.714326 6 v
-2.20407 -0.802701 6 v
-2.13779 -0.891292 6 v
-2.07224 -0.979979 6 v
-2.00744 -1.06864 6 v
-1.94339 -1.15716 6 v
-1.88011 -1.24542 6 v
-1.81761 -1.3333 6 v
-1.7559 -1.42067 6 v
-1.695 -1.50742 6 v
-1.63491 -1.59344 6 v
-1.57565 -1.67859 6 v
-1.51723 -1.76276 6 v
-1.45966 -1.84583 6 v
-1.40296 -1.92768 6 v
-1.34714 -2.0082 6 v
-1.2922 -2.08725 6 v
-1.23817 -2.16472 6 v
-1.18505 -2.2405 6 v
-1.13285 -2.31446 6 v
-1.08159 -2.38649 6 v
-1.03129 -2.45645 6 v
-0.981941 -2.52424 6 v
-0.93357 -2.58974 6 v
-0.886185 -2.65281 6 v
-0.839798 -2.71336 6 v
-0.794422 -2.77125 6 v
-0.750069 -2.82636 6 v
-0.706751 -2.87858 6 v
-0.664479 -2.92778 6 v
-0.623267 -2.97386 6 v
-0.583127 -3.01668 6 v
-0.54407 -3.05612 6 v
-0.506108 -3.09208 6 v
-0.469255 -3.12442 6 v
-0.433521 -3.15303 6 v
-0.398541 -3.21011 6 v

-5.82034 2.45001 6 v
-5.73631 2.47952 6 v
-5.6524 2.50659 6 v
-5.56862 2.53119 6 v
-5.48498 2.55331 6 v
-5.40148 2.57291 6 v
-5.31815 2.58999 6 v
-5.23498 2.60451 6 v
-5.152 2.61645 6 v
-5.0692 2.62579 6 v
-4.9866 2.63251 6 v
-4.90421 2.63659 6 v
-4.82205 2.638 6 v
-4.74011 2.63672 6 v
-4.65842 2.63273 6 v
-4.57697 2.62601 6 v
-4.49579 2.61653 6 v
-4.41488 2.60427 6 v
-4.33426 2.58921 6 v
-4.25393 2.57133 6 v
-4.1739 2.5506 6 v
-4.09418 2.527 6 v
-4.01479 2.50051 6 v
-3.93573 2.47111 6 v
-3.85702 2.43877 6 v
-3.77866 2.40348 6 v
-3.70067 2.3652 6 v
-3.62305 2.32392 6 v
-3.54582 2.27962 6 v
-3.46899 2.23226 6 v
-3.39256 2.18184 6 v
-3.31655 2.12833 6 v
-3.24097 2.0717 6 v
-3.16583 2.01193 6 v
-3.09113 1.949 6 v
-3.01689 1.88289 6 v
-2.94312 1.81358 6 v
-2.86983 1.74104 6 v
-2.79703 1.66525 6 v
-2.72473 1.58619 6 v
-2.65294 1.50383 6 v
-2.58167 1.41821 6 v
-2.51093 1.32959 6 v
-2.44073 1.23828 6 v
-2.37109 1.14459 6 v
-2.302 1.04884 6 v
-2.23348 0.95133 6 v
-2.16555 0.852385 6 v
-2.0982 0.752316 6 v
-2.03146 0.651433 6 v
-1.96533 0.550051 6 v
-1.89981 0.448483 6 v
-1.83493 0.347041 6 v
-1.77069 0.246039 6 v
-1.70711 0.145789 6 v
-1.64418 0.0466055 6 v
-1.58193 -0.0511997 6 v
-1.52035 -0.147313 6 v
-1.45947 -0.241422 6 v
-1.39929 -0.333213 6 v
-1.33982 -0.422373 6 v
-1.28107 -0.508589 6 v
-1.22306 -0.591548 6 v
-1.16578 -0.670937 6 v
-1.10926 -0.746444 6 v
-1.0535 -0.817754 6 v
-0.998515 -0.884555 6 v
-0.94431 -0.946535 6 v
-0.890896 -1.00338 6 v
-0.838285 -1.05477 6 v
-0.786486 -1.10041 6 v
-0.735509 -1.13997 6 v
-0.685365 -1.17314 6 v
-0.636063 -1.19962 6 v
-0.587614 -1.21908 6 v
-0.540027 -1.23121 6 v
-0.493312 -1.23571 6 v
-0.447481 -1.23225 6 v
-0.402542 -1.22053 6 v
-0.358506 -1.20022 6 v
-0.315043 -1.23241 6 v

-5.90638 3.64247 6 v
-5.82414 3.66427 6 v
-5.74197 3.68467 6 v
-5.6599 3.70362 6 v
-5.57793 3.7211 6 v
-5.49607 3.73703 6 v
-5.41433 3.75138 6 v
-5.33271 3.76411 6 v
-5.25122 3.77516 6 v
-5.16987 3.78448 6 v
-5.08866 3.79204 6 v
-5.00762 3.79777 6 v
-4.92673 3.80165 6 v
-4.84602 3.80361 6 v
-4.76548 3.80361 6 v
-4.68513 3.8016 6 v
-4.60497 3.79754 6 v
-4.52502 3.79139 6 v
-4.44527 3.78308 6 v
-4.36574 3.77258 6 v
-4.28644 3.75984 6 v
-4.20737 3.74481 6 v
-4.12854 3.72744 6 v
-4.04995 3.70769 6 v
-3.97163 3.68551 6 v
-3.89356 3.66086 6 v
-3.81577 3.63367 6 v
-3.73826 3.60392 6 v
-3.66103 3.57155 6 v
-3.5841 3.53651 6 v
-3.50747 3.49876 6 v
-3.43115 3.45825 6 v
-3.35515 3.41494 6 v
-3.27947 3.36877 6 v
-3.20413 3.31969 6 v
-3.12913 3.26767 6 v
-3.05448 3.21266 6 v
-2.98018 3.1546 6 v
-2.90625 3.09345 6 v
-2.8327 3.02916 6 v
-2.75952 2.96169 6 v
-2.68673 2.89105 6 v
-2.61433 2.81748 6 v
-2.54234 2.74127 6 v
-2.47076 2.66272 6 v
-2.3996 2.58214 6 v
-2.32886 2.49983 6 v
-2.25856 2.41607 6 v
-2.18869 2.33118 6 v
-2.11928 2.24545 6 v
-2.05032 2.15917 6 v
-1.98183 2.07265 6 v
-1.91381 1.98619 6 v
-1.84627 1.90008 6 v
-1.77922 1.81463 6 v
-1.71266 1.73012 6 v
-1.6466 1.64687 6 v
-1.58105 1.56517 6 v
-1.51603 1.48532 6 v
-1.45152 1.40761 6 v
-1.38755 1.33236 6 v
-1.32412 1.25984 6 v
-1.26124 1.19037 6 v
-1.19891 1.12425 6 v
-1.13715 1.06176 6 v
-1.07596 1.00322 6 v
-1.01534 0.948915 6 v
-0.955316 0.899149 6 v
-0.895883 0.85422 6 v
-0.837052 0.814427 6 v
-0.77883 0.780068 6 v
-0.721225 0.751443 6 v
-0.664245 0.72885 6 v
-0.607897 0.712588 6 v
-0.552188 0.702956 6 v
-0.497127 0.700253 6 v
-0.442721 0.704778 6 v
-0.388978 0.716829 6 v
-0.335905 0.736705 6 v
-0.283511 0.764705 6 v
-0.231545 0.745299 6 v

-5.99251 4.76655 6 v
-5.91206 4.77807 6 v
-5.83166 4.78853 6 v
-5.75131 4.79792 6 v
-5.67102 4.80621 6 v
-5.5908 4.81338 6 v
-5.51065 4.8194 6 v
-5.43058 4.82427 6 v
-5.35059 4.82795 6 v
-5.27069 4.83042 6 v
-5.19088 4.83167 6 v
-5.11117 4.83167 6 v
-5.03156 4.8304 6 v
-4.95206 4.82784 6 v
-4.87268 4.82397 6 v
-4.79342 4.81876 6 v
-4.71428 4.8122 6 v
-4.63526 4.80427 6 v
-4.55639 4.79493 6 v
-4.47765 4.78418 6 v
-4.39906 4.77199 6 v
-4.32063 4.75834 6 v
-4.24234 4.74321 6 v
-4.16422 4.72658 6 v
-4.08627 4.70842 6 v
-4.00849 4.68871 6 v
-3.93088 4.66744 6 v
-3.85346 4.64458 6 v
-3.77623 4.62011 6 v
-3.69919 4.59401 6 v
-3.62234 4.56626 6 v
-3.54571 4.53683 6 v
-3.46928 4.50571 6 v
-3.39306 4.47288 6 v
-3.31706 4.4383 6 v
-3.24129 4.40197 6 v
-3.16575 4.36386 6 v
-3.09045 4.32395 6 v
-3.01538 4.28222 6 v
-2.94056 4.23864 6 v
-2.86599 4.1932 6 v
-2.79168 4.1459 6 v
-2.71763 4.0969 6 v
-2.64385 4.04638 6 v
-2.57034 3.99451 6 v
-2.4971 3.94148 6 v
-2.42415 3.88747 6 v
-2.35149 3.83265 6 v
-2.27911 3.77721 6 v
-2.20704 3.72133 6 v
-2.13527 3.6652 6 v
-2.0638 3.60898 6 v
-1.99265 3.55286 6 v
-1.92182 3.49703 6 v
-1.8513 3.44166 6 v
-1.78112 3.38693 6 v
-1.71127 3.33303 6 v
-1.64176 3.28013 6 v
-1.57259 3.22841 6 v
-1.50378 3.17806 6 v
-1.43531 3.12926 6 v
-1.3672 3.08219 6 v
-1.29946 3.03702 6 v
-1.23209 2.99394 6 v
-1.16509 2.95314 6 v
-1.09847 2.91478 6 v
-1.03224 2.87905 6 v
-0.966394 2.84613 6 v
-0.900944 2.81621 6 v
-0.835894 2.78945 6 v
-0.77125 2.76605 6 v
-0.707015 2.74619 6 v
-0.643196 2.73004 6 v
-0.579797 2.71778 6 v
-0.516824 2.7096 6 v
-0.454281 2.70568 6 v
-0.392175 2.70619 6 v
-0.330509 2.71132 6 v
-0.269289 2.72125 6 v
-0.208521 2.73616 6 v
-0.148047 2.72301 6 v

-6.07852 5.85715 6 v
-5.99984 5.85393 6 v
-5.92117 5.85066 6 v
-5.84253 5.84731 6 v
-5.76391 5.84386 6 v
-5.68532 5.84029 6 v
-5.60675 5.83657 6 v
-5.52823 5.83268 6 v
-5.44973 5.82859 6 v
-5.37128 5.82429 6 v
-5.29287 5.81974 6 v
-5.2145 5.81492 6 v
-5.13617 5.80981 6 v
-5.0579 5.80439 6 v
-4.97967 5.79863 6 v
-4.9015 5.79251 6 v
-4.82339 5.78599 6 v
-4.74534 5.77907 6 v
-4.66735 5.77172 6 v
-4.58942 5.7639 6 v
-4.51156 5.7556 6 v
-4.43377 5.7468 6 v
-4.35606 5.73746 6 v
-4.27842 5.72757 6 v
-4.20085 5.7171 6 v
-4.12337 5.70603 6 v
-4.04597 5.69433 6 v
-3.96866 5.68199 6 v
-3.89144 5.66897 6 v
-3.8143 5.65525 6 v
-3.73726 5.64081 6 v
-3.66032 5.62562 6 v
-3.58348 5.60966 6 v
-3.50674 5.59291 6 v
-3.4301 5.57534 6 v
-3.35357 5.55693 6 v
-3.27715 5.53766 6 v
-3.20084 5.51749 6 v
-3.12465 5.49641 6 v
-3.04857 5.4744 6 v
-2.97262 5.45142 6 v
-2.89679 5.42748 6 v
-2.82108 5.40264 6 v
-2.74551 5.37701 6 v
-2.67006 5.35067 6 v
-2.59475 5.32371 6 v
-2.51957 5.29624 6 v
-2.44454 5.26834 6 v
-2.36964 5.2401 6 v
-2.2949 5.21163 6 v
-2.2203 5.183 6 v
-2.14585 5.15432 6 v
-2.07155 5.12568 6 v
-1.99741 5.09717 6 v
-1.92343 5.06888 6 v
-1.84961 5.04091 6 v
-1.77595 5.01335 6 v
-1.70246 4.98629 6 v
-1.62914 4.95983 6 v
-1.556 4.93406 6 v
-1.48302 4.90907 6 v
-1.41023 4.88496 6 v
-1.33762 4.86181 6 v
-1.26519 4.83972 6 v
-1.19295 4.81879 6 v
-1.12089 4.79911 6 v
-1.04903 4.78076 6 v
-0.977362 4.76385 6 v
-0.905892 4.74846 6 v
-0.834621 4.7347 6 v
-0.763554 4.72264 6 v
-0.692692 4.71239 6 v
-0.622038 4.70404 6 v
-0.551595 4.69768 6 v
-0.481366 4.6934 6 v
-0.411353 4.69131 6 v
-0.34156 4.69148 6 v
-0.271988 4.69401 6 v
-0.202642 4.699 6 v
-0.133523 4.70654 6 v
-0.0645487 4.70071 6 v

-6.1646 7.04997 6 v
-6.08769 7.04072 6 v
-6.01077 7.03153 6 v
-5.93384 7.0224 6 v
-5.8569 7.01334 6 v
-5.77994 7.00435 6 v
-5.70298 6.99542 6 v
-5.62599 6.98658 6 v
-5.549 6.9778 6 v
-5.47199 6.96911 6 v
-5.39497 6.9605 6 v
-5.31794 6.95197 6 v
-5.2409 6.94353 6 v
-5.16385 6.93518 6 v
-5.08678 6.92691 6 v
-5.0097 6.91875 6 v
-4.93261 6.91067 6 v
-4.85551 6.9027 6 v
-4.77839 6.89483 6 v
-4.70127 6.88706 6 v
-4.62413 6.8794 6 v
-4.54698 6.87185 6 v
-4.46982 6.86441 6 v
-4.39265 6.85709 6 v
-4.31547 6.84988 6 v
-4.23828 6.84279 6 v
-4.16108 6.83582 6 v
-4.08386 6.82898 6 v
-4.00664 6.82226 6 v
-3.92941 6.81568 6 v
-3.85216 6.80922 6 v
-3.77491 6.8029 6 v
-3.69764 6.79672 6 v
-3.62037 6.79068 6 v
-3.54308 6.78478 6 v
-3.46579 6.77902 6 v
-3.38848 6.77341 6 v
-3.31117 6.76795 6 v
-3.23384 6.76264 6 v
-3.15651 6.75749 6 v
-3.07917 6.7525 6 v
-3.00181 6.74766 6 v
-2.92445 6.74298 6 v
-2.84708 6.73847 6 v
-2.76971 6.73411 6 v
-2.69232 6.72991 6 v
-2.61493 6.72586 6 v
-2.53752 6.72197 6 v
-2.46012 6.71824 6 v
-2.3827 6.71467 6 v
-2.30528 6.71125 6 v
-2.22785 6.70798 6 v
-2.15042 6.70487 6 v
-2.07298 6.70192 6 v
-1.99553 6.69911 6 v
-1.91808 6.69646 6 v
-1.84063 6.69396 6 v
-1.76317 6.69161 6 v
-1.6857 6.68942 6 v
-1.60823 6.68737 6 v
-1.53076 6.68547 6 v
-1.45329 6.68373 6 v
-1.37581 6.68213 6 v
-1.29833 6.68068 6 v
-1.22085 6.67938 6 v
-1.14336 6.67822 6 v
-1.06588 6.67722 6 v
-0.98839 6.67636 6 v
-0.910901 6.67564 6 v
-0.833411 6.67507 6 v
-0.75592 6.67465 6 v
-0.67843 6.67437 6 v
-0.600939 6.67423 6 v
-0.523448 6.67424 6 v
-0.445958 6.67438 6 v
-0.36847 6.67468 6 v
-0.290982 6.67511 6 v
-0.213496 6.67568 6 v
-0.136011 6.6764 6 v
-0.0585289 6.67725 6 v
0.0189494 6.67842 6 v

-12.7735 3.34067 6 u
-12.7673 3.40183 6 u
-12.7611 3.46277 6 u
-12.7549 3.52348 6 u
-12.7487 3.58399 6 u
-12.7425 3.64429 6 u
-12.7363 3.7044 6 u
-12.7301 3.76434 6 u
-12.7239 3.8241 6 u
-12.7177 3.88369 6 u
-12.7115 3.94314 6 u
-12.7053 4.00244 6 u
-12.6991 4.06161 6 u
-12.6929 4.12065 6 u
-12.6866 4.17957 6 u
-12.6804 4.2384 6 u
-12.6742 4.29712 6 u
-12.668 4.35576 6 u
-12.6618 4.41432 6 u
-12.6556 4.47282 6 u
-12.6494 4.53125 6 u
-12.6432 4.58964 6 u
-12.6369 4.64799 6 u
-12.6307 4.70631 6 u
-12.6245 4.76461 6 u
-12.6183 4.8229 6 u
-12.6121 4.88118 6 u
-12.6059 4.93948 6 u
-12.5997 4.99779 6 u
-12.5935 5.05613 6 u
-12.5872 5.11451 6 u
-12.581 5.17294 6 u
-12.5748 5.23142 6 u
-12.5686 5.28996 6 u
-12.5624 5.34858 6 u
-12.5562 5.40729 6 u
-12.55 5.46608 6 u
-12.5438 5.52498 6 u
-12.5376 5.584 6 u
-12.5313 5.64314 6 u
-12.5251 5.7024 6 u
-12.5189 5.76181 6 u
-12.5127 5.82135 6 u
-12.5065 5.881 6 u
-12.5003 5.94077 6 u
-12.4941 6.00063 6 u
-12.4879 6.06059 6 u
-12.4817 6.12062 6 u
-12.4755 6.18071 6 u
-12.4693 6.24087 6 u
-12.4631 6.30106 6 u
-12.4569 6.3613 6 u
-12.4507 6.42155 6 u
-12.4445 6.48182 6 u
-12.4382 6.5421 6 u
-12.432 6.60236 6 u
-12.4258 6.66261 6 u
-12.4196 6.72282 6 u
-12.4134 6.783 6 u
-12.4072 6.84313 6 u
-12.401 6.90319 6 u
-12.3948 6.96319 6 u
-12.3886 7.0231 6 u
-12.3824 7.08292 6 u
-12.3762 7.14263 6 u
-12.37 7.20223 6 u
-12.3638 7.2617 6 u
-12.3576 7.32104 6 u
-12.3514 7.38023 6 u
-12.3452 7.43927 6 u
-12.339 7.49813 6 u
-12.3327 7.55682 6 u
-12.3265 7.61532 6 u
-12.3203 7.67362 6 u
-12.3141 7.73171 6 u
-12.3079 7.78958 6 u
-12.3017 7.84722 6 u
-12.2955 7.90461 6 u
-12.2893 7.96175 6 u
-12.283 8.01863 6 u
-12.2768 8.07523 6 u

-11.0099 3.35655 6 u
-11.0067 3.40543 6 u
-11.0035 3.45508 6 u
-11.0003 3.50549 6 u
-10.9971 3.5566 6 u
-10.9939 3.6084 6 u
-10.9907 3.66085 6 u
-10.9875 3.71391 6 u
-10.9843 3.76756 6 u
-10.9812 3.82176 6 u
-10.978 3.87648 6 u
-10.9748 3.93169 6 u
-10.9716 3.98735 6 u
-10.9685 4.04344 6 u
-10.9653 4.09991 6 u
-10.9621 4.15675 6 u
-10.9589 4.21391 6 u
-10.9558 4.27136 6 u
-10.9526 4.32907 6 u
-10.9494 4.38701 6 u
-10.9463 4.44515 6 u
-10.9431 4.50345 6 u
-10.9399 4.56188 6 u
-10.9368 4.62041 6 u
-10.9336 4.67901 6 u
-10.9305 4.73764 6 u
-10.9273 4.79627 6 u
-10.9241 4.85487 6 u
-10.921 4.91341 6 u
-10.9178 4.97185 6 u
-10.9146 5.03017 6 u
-10.9115 5.08832 6 u
-10.9083 5.14628 6 u
-10.9051 5.20401 6 u
-10.902 5.26149 6 u
-10.8988 5.31868 6 u
-10.8956 5.37554 6 u
-10.8925 5.43205 6 u
-10.8893 5.48817 6 u
-10.8861 5.54388 6 u
-10.8829 5.59913 6 u
-10.8798 5.6539 6 u
-10.8766 5.70823 6 u
-10.8734 5.76214 6 u
-10.8702 5.81568 6 u
-10.867 5.86886 6 u
-10.8639 5.92174 6 u
-10.8607 5.97435 6 u
-10.8575 6.02671 6 u
-10.8543 6.07887 6 u
-10.8511 6.13085 6 u
-10.8479 6.1827 6 u
-10.8447 6.23446 6 u
-10.8415 6.28614 6 u
-10.8383 6.3378 6 u
-10.8352 6.38945 6 u
-10.832 6.44115 6 u
-10.8288 6.49292 6 u
-10.8256 6.5448 6 u
-10.8224 6.59683 6 u
-10.8192 6.64903 6 u
-10.816 6.70145 6 u
-10.8128 6.75411 6 u
-10.8096 6.80706 6 u
-10.8064 6.86033 6 u
-10.8033 6.91395 6 u
-10.8001 6.96796 6 u
-10.7969 7.02239 6 u
-10.7937 7.07728 6 u
-10.7905 7.13266 6 u
-10.7874 7.18857 6 u
-10.7842 7.24504 6 u
-10.781 7.30211 6 u
-10.7778 7.35981 6 u
-10.7747 7.41818 6 u
-10.7715 7.47725 6 u
-10.7683 7.53706 6 u
-10.7652 7.59764 6 u
-10.762 7.65903 6 u
-10.7588 7.72126 6 u
-10.7557 7.78437 6 u

-9.25506 1.69323 6 u
-9.25481 1.78054 6 u
-9.25455 1.86635 6 u
-9.25428 1.95072 6 u
-9.25401 2.03372 6 u
-9.25373 2.11539 6 u
-9.25344 2.19582 6 u
-9.25315 2.27505 6 u
-9.25285 2.35315 6 u
-9.25255 2.43018 6 u
-9.25225 2.5062 6 u
-9.25193 2.58127 6 u
-9.25162 2.65546 6 u
-9.2513 2.72882 6 u
-9.25097 2.80141 6 u
-9.25065 2.87331 6 u
-9.25032 2.94456 6 u
-9.24998 3.01523 6 u
-9.24965 3.08539 6 u
-9.24931 3.15508 6 u
-9.24897 3.22439 6 u
-9.24863 3.29335 6 u
-9.24828 3.36204 6 u
-9.24794 3.43053 6 u
-9.2476 3.49886 6 u
-9.24725 3.5671 6 u
-9.24691 3.63531 6 u
-9.24656 3.70356 6 u
-9.24622 3.7719 6 u
-9.24587 3.8404 6 u
-9.24553 3.90911 6 u
-9.24519 3.9781 6 u
-9.24485 4.04744 6 u
-9.24452 4.11717 6 u
-9.24418 4.18737 6 u
-9.24385 4.25809 6 u
-9.24352 4.3294 6 u
-9.24319 4.40135 6 u
-9.24287 4.47401 6 u
-9.24255 4.54744 6 u
-9.24224 4.62171 6 u
-9.24193 4.69684 6 u
-9.24162 4.77278 6 u
-9.24132 4.84946 6 u
-9.24102 4.9268 6 u
-9.24072 5.00472 6 u
-9.24043 5.08314 6 u
-9.24014 5.16199 6 u
-9.23986 5.24119 6 u
-9.23957 5.32065 6 u
-9.23929 5.40031 6 u
-9.23901 5.48008 6 u
-9.23873 5.55989 6 u
-9.23845 5.63965 6 u
-9.23817 5.7193 6 u
-9.23789 5.79875 6 u
-9.23761 5.87792 6 u
-9.23733 5.95674 6 u
-9.23705 6.03514 6 u
-9.23677 6.11302 6 u
-9.23649 6.19032 6 u
-9.23621 6.26695 6 u
-9.23593 6.34284 6 u
-9.23564 6.41791 6 u
-9.23535 6.49209 6 u
-9.23506 6.56528 6 u
-9.23477 6.63743 6 u
-9.23447 6.70845 6 u
-9.23417 6.77825 6 u
-9.23387 6.84678 6 u
-9.23356 6.91393 6 u
-9.23325 6.97965 6 u
-9.23294 7.04384 6 u
-9.23262 7.10644 6 u
-9.23229 7.16736 6 u
-9.23196 7.22653 6 u
-9.23162 7.28387 6 u
-9.23128 7.3393 6 u
-9.23093 7.39275 6 u
-9.23058 7.44413 6 u
-9.23021 7.49337 6 u

-7.52158 1.65256 6 u
-7.52385 1.73479 6 u
-7.52612 1.81579 6 u
-7.52838 1.8956 6 u
-7.53064 1.97428 6 u
-7.5329 2.05186 6 u
-7.53514 2.12841 6 u
-7.53739 2.20396 6 u
-7.53963 2.27858 6 u
-7.54186 2.3523 6 u
-7.5441 2.42517 6 u
-7.54632 2.49726 6 u
-7.54855 2.5686 6 u
-7.55077 2.63925 6 u
-7.55299 2.70925 6 u
-7.55521 2.77865 6 u
-7.55742 2.84751 6 u
-7.55963 2.91587 6 u
-7.56184 2.98378 6 u
-7.56405 3.0513 6 u
-7.56626 3.11846 6 u
-7.56847 3.18533 6 u
-7.57067 3.25194 6 u
-7.57287 3.31835 6 u
-7.57508 3.38461 6 u
-7.57728 3.45076 6 u
-7.57948 3.51687 6 u
-7.58169 3.58296 6 u
-7.58389 3.64911 6 u
-7.58609 3.71534 6 u
-7.5883 3.78172 6 u
-7.59051 3.8483 6 u
-7.59271 3.91511 6 u
-7.59492 3.98222 6 u
-7.59713 4.04966 6 u
-7.59935 4.1175 6 u
-7.60156 4.18578 6 u
-7.60378 4.25454 6 u
-7.606 4.32385 6 u
-7.60822 4.39374 6 u
-7.61045 4.46426 6 u
-7.61268 4.53546 6 u
-7.61491 4.60728 6 u
-7.61715 4.67968 6 u
-7.61939 4.7526 6 u
-7.62163 4.82598 6 u
-7.62387 4.89976 6 u
-7.62612 4.9739 6 u
-7.62837 5.04832 6 u
-7.63062 5.12299 6 u
-7.63287 5.19784 6 u
-7.63512 5.27282 6 u
-7.63737 5.34786 6 u
-7.63962 5.42292 6 u
-7.64188 5.49794 6 u
-7.64413 5.57286 6 u
-7.64639 5.64763 6 u
-7.64864 5.72218 6 u
-7.6509 5.79648 6 u
-7.65315 5.87045 6 u
-7.6554 5.94404 6 u
-7.65765 6.0172 6 u
-7.6599 6.08987 6 u
-7.66215 6.16199 6 u
-7.6644 6.23352 6 u
-7.66665 6.30438 6 u
-7.66889 6.37453 6 u
-7.67113 6.44392 6 u
-7.67337 6.51248 6 u
-7.6756 6.58015 6 u
-7.67784 6.64689 6 u
-7.68006 6.71264 6 u
-7.68229 6.77734 6 u
-7.68451 6.84093 6 u
-7.68673 6.90337 6 u
-7.68894 6.96458 6 u
-7.69115 7.02452 6 u
-7.69336 7.08314 6 u
-7.69556 7.14037 6 u
-7.69775 7.19616 6 u
-7.69994 7.25045 6 u

-5.82034 2.45001 6 u
-5.82463 2.51141 6 u
-5.82893 2.57261 6 u
-5.83323 2.63362 6 u
-5.83752 2.69444 6 u
-5.84182 2.75507 6 u
-5.84612 2.81551 6 u
-5.85042 2.87576 6 u
-5.85473 2.93583 6 u
-5.85903 2.99571 6 u
-5.86333 3.0554 6 u
-5.86763 3.11491 6 u
-5.87194 3.17424 6 u
-5.87624 3.23339 6 u
-5.88055 3.29236 6 u
-5.88485 3.35115 6 u
-5.88916 3.40976 6 u
-5.89347 3.4682 6 u
-5.89777 3.52647 6 u
-5.90208 3.58456 6 u
-5.90638 3.64247 6 u
-5.91069 3.70022 6 u
-5.915 3.7578 6 u
-5.91931 3.81521 6 u
-5.92361 3.87245 6 u
-5.92792 3.92952 6 u
-5.93223 3.98643 6 u
-5.93654 4.04318 6 u
-5.94084 4.09977 6 u
-5.94515 4.15619 6 u
-5.94946 4.21245 6 u
-5.95377 4.26855 6 u
-5.95807 4.3245 6 u
-5.96238 4.38029 6 u
-5.96669 4.43593 6 u
-5.97099 4.49141 6 u
-5.9753 4.54674 6 u
-5.9796 4.60191 6 u
-5.98391 4.65694 6 u
-5.98821 4.71182 6 u
-5.99251 4.76655 6 u
-5.99682 4.82113 6 u
-6.00112 4.87559 6 u
-6.00542 4.92994 6 u
-6.00972 4.98421 6 u
-6.01403 5.03841 6 u
-6.01833 5.09257 6 u
-6.02263 5.14669 6 u
-6.02693 5.20082 6 u
-6.03123 5.25495 6 u
-6.03553 5.30912 6 u
-6.03983 5.36335 6 u
-6.04413 5.41765 6 u
-6.04843 5.47205 6 u
-6.05273 5.52655 6 u
-6.05703 5.5812 6 u
-6.06133 5.636 6 u
-6.06562 5.69097 6 u
-6.06992 5.74614 6 u
-6.07422 5.80153 6 u
-6.07852 5.85715 6 u
-6.08282 5.91302 6 u
-6.08712 5.96918 6 u
-6.09142 6.02562 6 u
-6.09572 6.08239 6 u
-6.10002 6.13949 6 u
-6.10433 6.19694 6 u
-6.10863 6.25477 6 u
-6.11293 6.313 6 u
-6.11723 6.37165 6 u
-6.12153 6.43073 6 u
-6.12584 6.49026 6 u
-6.13014 6.55028 6 u
-6.13445 6.61079 6 u
-6.13875 6.67182 6 u
-6.14306 6.73338 6 u
-6.14736 6.79551 6 u
-6.15167 6.85821 6 u
-6.15598 6.9215 6 u
-6.16029 6.98542 6 u
-6.1646 7.04997 6 u

-12.7735 3.34067 6 v
-12.6853 3.44809 6 v
-12.5971 3.54104 6 v
-12.5089 3.62007 6 v
-12.4207 3.68571 6 v
-12.3325 3.73851 6 v
-12.2443 3.779 6 v
-12.1561 3.80773 6 v
-12.0678 3.82523 6 v
-11.9796 3.83205 6 v
-11.8914 3.82873 6 v
-11.8032 3.81581 6 v
-11.715 3.79382 6 v
-11.6268 3.76331 6 v
-11.5386 3.72482 6 v
-11.4505 3.67889 6 v
-11.3623 3.62607 6 v
-11.2742 3.56688 6 v
-11.1861 3.50187 6 v
-11.098 3.43158 6 v
-11.0099 3.35655 6 v
-10.9218 3.27733 6 v
-10.8338 3.19445 6 v
-10.7458 3.10845 6 v
-10.6578 3.01987 6 v
-10.5698 2.92926 6 v
-10.4819 2.83716 6 v
-10.394 2.74409 6 v
-10.3062 2.65061 6 v
-10.2183 2.55726 6 v
-10.1306 2.46458 6 v
-10.0428 2.3731 6 v
-9.9551 2.28336 6 v
-9.86743 2.19591 6 v
-9.77981 2.1113 6 v
-9.69223 2.03005 6 v
-9.6047 1.9527 6 v
-9.51721 1.87981 6 v
-9.42978 1.81191 6 v
-9.34239 1.74953 6 v
-9.25506 1.69323 6 v
-9.16778 1.64341 6 v
-9.08056 1.59997 6 v
-8.9934 1.56269 6 v
-8.90629 1.53135 6 v
-8.81924 1.50571 6 v
-8.73226 1.48556 6 v
-8.64533 1.47066 6 v
-8.55847 1.46079 6 v
-8.47167 1.45573 6 v
-8.38494 1.45524 6 v
-8.29828 1.45911 6 v
-8.21169 1.46711 6 v
-8.12517 1.479 6 v
-8.03871 1.49457 6 v
-7.95233 1.5136 6 v
-7.86603 1.53584 6 v
-7.7798 1.56109 6 v
-7.69365 1.58911 6 v
-7.60757 1.61967 6 v
-7.52158 1.65256 6 v
-7.43566 1.68754 6 v
-7.34983 1.72439 6 v
-7.26408 1.76288 6 v
-7.17841 1.80279 6 v
-7.09283 1.8439 6 v
-7.00734 1.88597 6 v
-6.92193 1.92878 6 v
-6.83662 1.97211 6 v
-6.7514 2.01572 6 v
-6.66627 2.0594 6 v
-6.58123 2.10292 6 v
-6.49629 2.14605 6 v
-6.41144 2.18856 6 v
-6.3267 2.23024 6 v
-6.24205 2.27085 6 v
-6.1575 2.31016 6 v
-6.07305 2.34797 6 v
-5.98871 2.38402 6 v
-5.90447 2.41812 6 v
-5.82034 2.45001 6 v

-12.6494 4.53125 6 v
-12.5642 4.59918 6 v
-12.4791 4.6573 6 v
-12.3939 4.70598 6 v
-12.3087 4.7456 6 v
-12.2235 4.77651 6 v
-12.1384 4.79908 6 v
-12.0532 4.81369 6 v
-11.968 4.82069 6 v
-11.8828 4.82046 6 v
-11.7977 4.81335 6 v
-11.7125 4.79975 6 v
-11.6273 4.78001 6 v
-11.5422 4.75449 6 v
-11.457 4.72358 6 v
-11.3719 4.68763 6 v
-11.2867 4.647 6 v
-11.2016 4.60208 6 v
-11.1165 4.55322 6 v
-11.0314 4.50079 6 v
-10.9463 4.44515 6 v
-10.8612 4.38668 6 v
-10.7761 4.32574 6 v
-10.6911 4.26269 6 v
-10.6061 4.19791 6 v
-10.5211 4.13176 6 v
-10.4361 4.0646 6 v
-10.3511 3.99681 6 v
-10.2662 3.92875 6 v
-10.1812 3.86078 6 v
-10.0963 3.79328 6 v
-10.0115 3.72661 6 v
-9.92662 3.66113 6 v
-9.84181 3.59722 6 v
-9.75702 3.53523 6 v
-9.67226 3.47555 6 v
-9.58754 3.41852 6 v
-9.50284 3.36453 6 v
-9.41818 3.31393 6 v
-9.33356 3.26709 6 v
-9.24897 3.22439 6 v
-9.16442 3.18609 6 v
-9.0799 3.15214 6 v
-8.99542 3.1224 6 v
-8.91099 3.09672 6 v
-8.82659 3.07495 6 v
-8.74224 3.05694 6 v
-8.65793 3.04255 6 v
-8.57366 3.03164 6 v
-8.48944 3.02405 6 v
-8.40527 3.01965 6 v
-8.32114 3.01828 6 v
-8.23706 3.0198 6 v
-8.15302 3.02407 6 v
-8.06904 3.03093 6 v
-7.98511 3.04024 6 v
-7.90123 3.05186 6 v
-7.81741 3.06564 6 v
-7.73364 3.08143 6 v
-7.64992 3.09908 6 v
-7.56626 3.11846 6 v
-7.48266 3.13942 6 v
-7.39911 3.1618 6 v
-7.31563 3.18546 6 v
-7.2322 3.21026 6 v
-7.14883 3.23605 6 v
-7.06553 3.26269 6 v
-6.98229 3.29002 6 v
-6.89912 3.31791 6 v
-6.81601 3.34621 6 v
-6.73296 3.37476 6 v
-6.64999 3.40343 6 v
-6.56708 3.43206 6 v
-6.48424 3.46052 6 v
-6.40147 3.48865 6 v
-6.31877 3.51632 6 v
-6.23614 3.54337 6 v
-6.15359 3.56965 6 v
-6.07111 3.59503 6 v
-5.98871 3.61935 6 v
-5.90638 3.64247 6 v

-12.5251 5.7024 6 v
-12.4431 5.75208 6 v
-12.3611 5.79433 6 v
-12.279 5.82943 6 v
-12.197 5.85765 6 v
-12.1149 5.87927 6 v
-12.0328 5.89456 6 v
-11.9507 5.90381 6 v
-11.8686 5.90728 6 v
-11.7865 5.90526 6 v
-11.7044 5.89802 6 v
-11.6222 5.88583 6 v
-11.5401 5.86897 6 v
-11.458 5.84771 6 v
-11.3758 5.82235 6 v
-11.2937 5.79314 6 v
-11.2115 5.76036 6 v
-11.1294 5.7243 6 v
-11.0472 5.68522 6 v
-10.9651 5.6434 6 v
-10.8829 5.59913 6 v
-10.8008 5.55266 6 v
-10.7187 5.50429 6 v
-10.6365 5.45429 6 v
-10.5544 5.40293 6 v
-10.4723 5.35048 6 v
-10.3902 5.29723 6 v
-10.3081 5.24346 6 v
-10.226 5.18942 6 v
-10.144 5.13541 6 v
-10.0619 5.0817 6 v
-9.97986 5.02856 6 v
-9.89783 4.97628 6 v
-9.81581 4.92512 6 v
-9.73381 4.87536 6 v
-9.65183 4.82728 6 v
-9.56987 4.78115 6 v
-9.48793 4.73725 6 v
-9.40601 4.69586 6 v
-9.32411 4.65726 6 v
-9.24224 4.62171 6 v
-9.16039 4.58942 6 v
-9.07856 4.56037 6 v
-8.99676 4.53443 6 v
-8.91498 4.51149 6 v
-8.83323 4.49146 6 v
-8.7515 4.47421 6 v
-8.66981 4.45964 6 v
-8.58814 4.44764 6 v
-8.50649 4.43809 6 v
-8.42488 4.4309 6 v
-8.3433 4.42595 6 v
-8.26174 4.42314 6 v
-8.18022 4.42234 6 v
-8.09873 4.42346 6 v
-8.01727 4.42639 6 v
-7.93584 4.43101 6 v
-7.85444 4.43722 6 v
-7.77308 4.4449 6 v
-7.69175 4.45395 6 v
-7.61045 4.46426 6 v
-7.52919 4.47572 6 v
-7.44796 4.48822 6 v
-7.36677 4.50165 6 v
-7.28562 4.5159 6 v
-7.2045 4.53087 6 v
-7.12342 4.54644 6 v
-7.04238 4.5625 6 v
-6.96137 4.57894 6 v
-6.88041 4.59567 6 v
-6.79948 4.61255 6 v
-6.71859 4.6295 6 v
-6.63775 4.64639 6 v
-6.55695 4.66312 6 v
-6.47618 4.67958 6 v
-6.39546 4.69566 6 v
-6.31479 4.71126 6 v
-6.23415 4.72625 6 v
-6.15356 4.74053 6 v
-6.07302 4.754 6 v
-5.99251 4.76655 6 v

-12.401 6.90319 6 v
-12.322 6.9036 6 v
-12.2429 6.90222 6 v
-12.1639 6.89912 6 v
-12.0848 6.89438 6 v
-12.0058 6.88806 6 v
-11.9267 6.88023 6 v
-11.8476 6.87094 6 v
-11.7686 6.86028 6 v
-11.6895 6.84831 6 v
-11.6104 6.83509 6 v
-11.5313 6.82069 6 v
-11.4522 6.80517 6 v
-11.3731 6.78862 6 v
-11.294 6.77108 6 v
-11.2148 6.75263 6 v
-11.1357 6.73333 6 v
-11.0566 6.71326 6 v
-10.9775 6.69247 6 v
-10.8983 6.67104 6 v
-10.8192 6.64903 6 v
-10.7401 6.62651 6 v
-10.6609 6.60355 6 v
-10.5818 6.5802 6 v
-10.5027 6.55655 6 v
-10.4235 6.53265 6 v
-10.3444 6.50857 6 v
-10.2652 6.48439 6 v
-10.1861 6.46016 6 v
-10.1069 6.43595 6 v
-10.0278 6.41184 6 v
-9.94866 6.38788 6 v
-9.86952 6.36414 6 v
-9.79039 6.34069 6 v
-9.71125 6.31761 6 v
-9.63212 6.29494 6 v
-9.55299 6.27277 6 v
-9.47386 6.25115 6 v
-9.39473 6.23016 6 v
-9.31561 6.20986 6 v
-9.23649 6.19032 6 v
-9.15738 6.17158 6 v
-9.07827 6.15365 6 v
-8.99916 6.13651 6 v
-8.92006 6.12012 6 v
-8.84097 6.10448 6 v
-8.76188 6.08955 6 v
-8.6828 6.07532 6 v
-8.60372 6.06176 6 v
-8.52465 6.04886 6 v
-8.44558 6.03659 6 v
-8.36653 6.02494 6 v
-8.28748 6.01387 6 v
-8.20844 6.00337 6 v
-8.12941 5.99343 6 v
-8.05038 5.984 6 v
-7.97137 5.97508 6 v
-7.89236 5.96665 6 v
-7.81337 5.95868 6 v
-7.73438 5.95115 6 v
-7.6554 5.94404 6 v
-7.57644 5.93733 6 v
-7.49748 5.93099 6 v
-7.41854 5.92501 6 v
-7.33961 5.91937 6 v
-7.26069 5.91404 6 v
-7.18178 5.909 6 v
-7.10288 5.90423 6 v
-7.024 5.89971 6 v
-6.94513 5.89542 6 v
-6.86627 5.89133 6 v
-6.78743 5.88743 6 v
-6.7086 5.88369 6 v
-6.62979 5.8801 6 v
-6.55099 5.87663 6 v
-6.47221 5.87326 6 v
-6.39344 5.86996 6 v
-6.31468 5.86673 6 v
-6.23595 5.86353 6 v
-6.15723 5.86034 6 v
-6.07852 5.85715 6 v

-12.2768 8.07523 6 v
-12.2009 8.06164 6 v
-12.1249 8.04791 6 v
-12.0489 8.03403 6 v
-11.9729 8.02003 6 v
-11.8969 8.0059 6 v
-11.8209 7.99165 6 v
-11.7449 7.9773 6 v
-11.6689 7.96285 6 v
-11.5928 7.9483 6 v
-11.5168 7.93367 6 v
-11.4407 7.91896 6 v
-11.3646 7.90418 6 v
-11.2885 7.88934 6 v
-11.2125 7.87444 6 v
-11.1364 7.8595 6 v
-11.0602 7.84452 6 v
-10.9841 7.82951 6 v
-10.908 7.81448 6 v
-10.8318 7.79942 6 v
-10.7557 7.78437 6 v
-10.6795 7.76931 6 v
-10.6033 7.75425 6 v
-10.5271 7.73922 6 v
-10.4509 7.7242 6 v
-10.3747 7.70922 6 v
-10.2985 7.69427 6 v
-10.2223 7.67937 6 v
-10.146 7.66453 6 v
-10.0698 7.64974 6 v
-9.99352 7.63503 6 v
-9.91724 7.62039 6 v
-9.84095 7.60584 6 v
-9.76465 7.59137 6 v
-9.68834 7.57701 6 v
-9.61201 7.56276 6 v
-9.53568 7.54862 6 v
-9.45933 7.5346 6 v
-9.38297 7.52072 6 v
-9.3066 7.50697 6 v
-9.23021 7.49337 6 v
-9.15382 7.47992 6 v
-9.07741 7.46662 6 v
-9.00099 7.45347 6 v
-8.92455 7.44047 6 v
-8.84811 7.42761 6 v
-8.77165 7.4149 6 v
-8.69518 7.40232 6 v
-8.6187 7.38988 6 v
-8.54221 7.37758 6 v
-8.4657 7.36541 6 v
-8.38918 7.35337 6 v
-8.31265 7.34145 6 v
-8.2361 7.32966 6 v
-8.15955 7.318 6 v
-8.08298 7.30645 6 v
-8.0064 7.29502 6 v
-7.9298 7.28371 6 v
-7.85319 7.27251 6 v
-7.77657 7.26143 6 v
-7.69994 7.25045 6 v
-7.6233 7.23957 6 v
-7.54664 7.2288 6 v
-7.46997 7.21814 6 v
-7.39329 7.20757 6 v
-7.31659 7.19709 6 v
-7.23988 7.18672 6 v
-7.16316 7.17643 6 v
-7.08642 7.16623 6 v
-7.00968 7.15612 6 v
-6.93292 7.1461 6 v
-6.85614 7.13615 6 v
-6.77936 7.12629 6 v
-6.70256 7.1165 6 v
-6.62575 7.10679 6 v
-6.54892 7.09715 6 v
-6.47208 7.08759 6 v
-6.39523 7.07809 6 v
-6.31837 7.06865 6 v
-6.24149 7.05928 6 v
-6.1646 7.04997 6 v

-13.2704 -1.23119 6 u
-13.2642 -1.13845 6 u
-13.2581 -1.05279 6 u
-13.2519 -0.973689 6 u
-13.2458 -0.900607 6 u
-13.2396 -0.833016 6 u
-13.2334 -0.770386 6 u
-13.2272 -0.712187 6 u
-13.2209 -0.657889 6 u
-13.2147 -0.606962 6 u
-13.2085 -0.558876 6 u
-13.2022 -0.5131 6 u
-13.196 -0.469104 6 u
-13.1898 -0.426359 6 u
-13.1835 -0.384334 6 u
-13.1773 -0.342499 6 u
-13.171 -0.300324 6 u
-13.1648 -0.257279 6 u
-13.1586 -0.212833 6 u
-13.1523 -0.166457 6 u
-13.1461 -0.117619 6 u
-13.1399 -0.0659217 6 u
-13.1336 -0.0114833 6 u
-13.1274 0.0454454 6 u
-13.1212 0.104614 6 u
-13.115 0.165772 6 u
-13.1088 0.22867 6 u
-13.1026 0.293057 6 u
-13.0964 0.358683 6 u
-13.0902 0.425298 6 u
-13.0841 0.492651 6 u
-13.0779 0.560492 6 u
-13.0717 0.628572 6 u
-13.0655 0.696638 6 u
-13.0593 0.764442 6 u
-13.0531 0.831733 6 u
-13.0469 0.898261 6 u
-13.0407 0.963775 6 u
-13.0345 1.02803 6 u
-13.0283 1.09076 6 u
-13.0221 1.15173 6 u
-13.0159 1.21076 6 u
-13.0097 1.26793 6 u
-13.0035 1.32341 6 u
-12.9973 1.37735 6 u
-12.991 1.42992 6 u
-12.9848 1.48128 6 u
-12.9786 1.53159 6 u
-12.9724 1.581 6 u
-12.9661 1.62967 6 u
-12.9599 1.67778 6 u
-12.9537 1.72547 6 u
-12.9474 1.77292 6 u
-12.9412 1.82027 6 u
-12.935 1.86768 6 u
-12.9287 1.91533 6 u
-12.9225 1.96337 6 u
-12.9163 2.01195 6 u
-12.9101 2.06125 6 u
-12.9038 2.11141 6 u
-12.8976 2.16261 6 u
-12.8914 2.21495 6 u
-12.8852 2.26842 6 u
-12.879 2.32293 6 u
-12.8728 2.37842 6 u
-12.8665 2.43481 6 u
-12.8603 2.49204 6 u
-12.8541 2.55003 6 u
-12.8479 2.6087 6 u
-12.8417 2.668 6 u
-12.8355 2.72784 6 u
-12.8293 2.78816 6 u
-12.8231 2.84889 6 u
-12.8169 2.90995 6 u
-12.8107 2.97126 6 u
-12.8045 3.03277 6 u
-12.7983 3.0944 6 u
-12.7921 3.15608 6 u
-12.7859 3.21773 6 u
-12.7797 3.27928 6 u
-12.7735 3.34067 6 u

-11.2617 -1.43377 6 u
-11.2582 -1.37465 6 u
-11.2548 -1.31635 6 u
-11.2515 -1.25881 6 u
-11.2482 -1.20194 6 u
-11.2449 -1.14565 6 u
-11.2417 -1.08986 6 u
-11.2385 -1.03449 6 u
-11.2354 -0.979448 6 u
-11.2322 -0.924661 6 u
-11.2291 -0.870043 6 u
-11.2261 -0.815509 6 u
-11.223 -0.760979 6 u
-11.2199 -0.706367 6 u
-11.2169 -0.651592 6 u
-11.2139 -0.59657 6 u
-11.2108 -0.541219 6 u
-11.2078 -0.485454 6 u
-11.2047 -0.429194 6 u
-11.2017 -0.372355 6 u
-11.1986 -0.314855 6 u
-11.1955 -0.256624 6 u
-11.1924 -0.197654 6 u
-11.1892 -0.137953 6 u
-11.1861 -0.0775255 6 u
-11.1829 -0.0163784 6 u
-11.1797 0.0454819 6 u
-11.1766 0.108049 6 u
-11.1734 0.171317 6 u
-11.1702 0.235279 6 u
-11.167 0.29993 6 u
-11.1638 0.365262 6 u
-11.1606 0.431269 6 u
-11.1574 0.497946 6 u
-11.1542 0.565285 6 u
-11.151 0.633281 6 u
-11.1478 0.701926 6 u
-11.1446 0.771216 6 u
-11.1414 0.841143 6 u
-11.1383 0.911702 6 u
-11.1351 0.982885 6 u
-11.132 1.05467 6 u
-11.1289 1.12694 6 u
-11.1258 1.19959 6 u
-11.1227 1.27248 6 u
-11.1196 1.3455 6 u
-11.1165 1.41851 6 u
-11.1134 1.49139 6 u
-11.1104 1.56403 6 u
-11.1073 1.63629 6 u
-11.1043 1.70804 6 u
-11.1012 1.77918 6 u
-11.0981 1.84957 6 u
-11.0951 1.91908 6 u
-11.092 1.9876 6 u
-11.089 2.055 6 u
-11.0859 2.12115 6 u
-11.0828 2.18594 6 u
-11.0797 2.24923 6 u
-11.0766 2.31091 6 u
-11.0735 2.37084 6 u
-11.0704 2.42895 6 u
-11.0673 2.48533 6 u
-11.0641 2.5401 6 u
-11.061 2.59342 6 u
-11.0578 2.6454 6 u
-11.0547 2.69619 6 u
-11.0515 2.74592 6 u
-11.0483 2.79472 6 u
-11.0451 2.84272 6 u
-11.0419 2.89006 6 u
-11.0387 2.93687 6 u
-11.0355 2.98329 6 u
-11.0323 3.02945 6 u
-11.0291 3.07549 6 u
-11.0259 3.12153 6 u
-11.0227 3.16772 6 u
-11.0195 3.21418 6 u
-11.0163 3.26105 6 u
-11.0131 3.30846 6 u
-11.0099 3.35655 6 u

-9.28324 -1.83872 6 u
-9.28356 -1.62905 6 u
-9.28375 -1.45278 6 u
-9.28383 -1.3074 6 u
-9.28379 -1.19041 6 u
-9.28365 -1.09931 6 u
-9.28343 -1.0316 6 u
-9.28312 -0.984774 6 u
-9.28274 -0.956331 6 u
-9.2823 -0.94377 6 u
-9.2818 -0.944588 6 u
-9.28127 -0.956283 6 u
-9.28069 -0.976354 6 u
-9.2801 -1.0023 6 u
-9.27948 -1.03161 6 u
-9.27887 -1.0618 6 u
-9.27825 -1.09035 6 u
-9.27765 -1.11476 6 u
-9.27707 -1.13254 6 u
-9.27652 -1.14118 6 u
-9.27601 -1.13818 6 u
-9.27555 -1.12166 6 u
-9.27513 -1.09224 6 u
-9.27476 -1.05114 6 u
-9.27442 -0.999613 6 u
-9.27412 -0.938891 6 u
-9.27384 -0.87021 6 u
-9.27359 -0.794809 6 u
-9.27336 -0.713924 6 u
-9.27315 -0.628792 6 u
-9.27294 -0.54065 6 u
-9.27275 -0.450735 6 u
-9.27255 -0.360284 6 u
-9.27236 -0.270534 6 u
-9.27216 -0.182723 6 u
-9.27195 -0.0980865 6 u
-9.27172 -0.0178624 6 u
-9.27148 0.0567124 6 u
-9.27121 0.124401 6 u
-9.27092 0.183967 6 u
-9.27059 0.234172 6 u
-9.27023 0.274143 6 u
-9.26984 0.304458 6 u
-9.26942 0.326058 6 u
-9.26897 0.339884 6 u
-9.2685 0.346879 6 u
-9.26801 0.347982 6 u
-9.26751 0.344135 6 u
-9.26698 0.33628 6 u
-9.26645 0.325358 6 u
-9.26591 0.312309 6 u
-9.26537 0.298076 6 u
-9.26482 0.283599 6 u
-9.26427 0.26982 6 u
-9.26373 0.257679 6 u
-9.2632 0.248119 6 u
-9.26268 0.24208 6 u
-9.26217 0.240504 6 u
-9.26168 0.244332 6 u
-9.26121 0.254505 6 u
-9.26076 0.271964 6 u
-9.26034 0.297413 6 u
-9.25994 0.330599 6 u
-9.25957 0.371035 6 u
-9.25921 0.418229 6 u
-9.25888 0.471694 6 u
-9.25856 0.530939 6 u
-9.25826 0.595475 6 u
-9.25798 0.664812 6 u
-9.25771 0.738462 6 u
-9.25744 0.815934 6 u
-9.25719 0.896739 6 u
-9.25695 0.980389 6 u
-9.25671 1.06639 6 u
-9.25647 1.15426 6 u
-9.25624 1.2435 6 u
-9.25601 1.33363 6 u
-9.25578 1.42416 6 u
-9.25554 1.5146 6 u
-9.2553 1.60445 6 u
-9.25506 1.69323 6 u

-7.33915 -2.3649 6 u
-7.3415 -2.3438 6 u
-7.34383 -2.32644 6 u
-7.34613 -2.31242 6 u
-7.3484 -2.30132 6 u
-7.35066 -2.29272 6 u
-7.35289 -2.2862 6 u
-7.35511 -2.28136 6 u
-7.35731 -2.27778 6 u
-7.35951 -2.27504 6 u
-7.36169 -2.27272 6 u
-7.36387 -2.27042 6 u
-7.36604 -2.26771 6 u
-7.36821 -2.26418 6 u
-7.37039 -2.25942 6 u
-7.37257 -2.253 6 u
-7.37475 -2.24453 6 u
-7.37694 -2.23356 6 u
-7.37914 -2.21971 6 u
-7.38136 -2.20254 6 u
-7.38359 -2.18164 6 u
-7.38584 -2.15672 6 u
-7.38811 -2.12789 6 u
-7.39039 -2.09541 6 u
-7.39269 -2.05951 6 u
-7.395 -2.02045 6 u
-7.39732 -1.97847 6 u
-7.39965 -1.9338 6 u
-7.40199 -1.88669 6 u
-7.40434 -1.83739 6 u
-7.40669 -1.78614 6 u
-7.40905 -1.73319 6 u
-7.41141 -1.67877 6 u
-7.41377 -1.62313 6 u
-7.41613 -1.56651 6 u
-7.41848 -1.50917 6 u
-7.42084 -1.45133 6 u
-7.42319 -1.39325 6 u
-7.42553 -1.33516 6 u
-7.42787 -1.27732 6 u
-7.4302 -1.21996 6 u
-7.43251 -1.16326 6 u
-7.43482 -1.10714 6 u
-7.43712 -1.05145 6 u
-7.43941 -0.996031 6 u
-7.44169 -0.940736 6 u
-7.44397 -0.885411 6 u
-7.44624 -0.829908 6 u
-7.44851 -0.774073 6 u
-7.45077 -0.717755 6 u
-7.45303 -0.660803 6 u
-7.45528 -0.603066 6 u
-7.45754 -0.544393 6 u
-7.45979 -0.484631 6 u
-7.46205 -0.423629 6 u
-7.46431 -0.361237 6 u
-7.46656 -0.297302 6 u
-7.46883 -0.231674 6 u
-7.47109 -0.1642 6 u
-7.47336 -0.0947299 6 u
-7.47563 -0.0231118 6 u
-7.47791 0.0507504 6 u
-7.4802 0.126733 6 u
-7.48249 0.204656 6 u
-7.48478 0.28434 6 u
-7.48708 0.365607 6 u
-7.48938 0.448277 6 u
-7.49168 0.53217 6 u
-7.49399 0.617107 6 u
-7.49629 0.70291 6 u
-7.4986 0.789398 6 u
-7.50091 0.876393 6 u
-7.50322 0.963715 6 u
-7.50552 1.05118 6 u
-7.50782 1.13862 6 u
-7.51013 1.22585 6 u
-7.51242 1.31269 6 u
-7.51472 1.39896 6 u
-7.51701 1.48448 6 u
-7.51929 1.56907 6 u
-7.52158 1.65256 6 u

-5.47733 -3.15051 6 u
-5.48164 -3.07935 6 u
-5.48596 -3.00784 6 u
-5.49027 -2.936 6 u
-5.49458 -2.86383 6 u
-5.49889 -2.79137 6 u
-5.50319 -2.71862 6 u
-5.5075 -2.64561 6 u
-5.5118 -2.57234 6 u
-5.5161 -2.49885 6 u
-5.5204 -2.42514 6 u
-5.5247 -2.35124 6 u
-5.529 -2.27715 6 u
-5.5333 -2.2029 6 u
-5.53759 -2.12851 6 u
-5.54189 -2.054 6 u
-5.54618 -1.97937 6 u
-5.55048 -1.90465 6 u
-5.55477 -1.82985 6 u
-5.55906 -1.755 6 u
-5.56335 -1.6801 6 u
-5.56763 -1.60519 6 u
-5.57192 -1.53026 6 u
-5.57621 -1.45535 6 u
-5.58049 -1.38047 6 u
-5.58478 -1.30564 6 u
-5.58906 -1.23086 6 u
-5.59335 -1.15617 6 u
-5.59763 -1.08158 6 u
-5.60191 -1.00711 6 u
-5.6062 -0.932766 6 u
-5.61048 -0.858575 6 u
-5.61476 -0.784553 6 u
-5.61904 -0.710716 6 u
-5.62332 -0.637081 6 u
-5.6276 -0.563667 6 u
-5.63188 -0.490491 6 u
-5.63616 -0.41757 6 u
-5.64044 -0.344921 6 u
-5.64471 -0.272562 6 u
-5.64899 -0.20051 6 u
-5.65327 -0.128779 6 u
-5.65755 -0.0573697 6 u
-5.66183 0.0137216 6 u
-5.66611 0.0844981 6 u
-5.67039 0.154963 6 u
-5.67466 0.225119 6 u
-5.67894 0.294971 6 u
-5.68322 0.36452 6 u
-5.6875 0.433771 6 u
-5.69178 0.502726 6 u
-5.69606 0.571389 6 u
-5.70034 0.639763 6 u
-5.70462 0.707851 6 u
-5.7089 0.775656 6 u
-5.71318 0.843183 6 u
-5.71746 0.910433 6 u
-5.72174 0.97741 6 u
-5.72602 1.04412 6 u
-5.7303 1.11056 6 u
-5.73458 1.17674 6 u
-5.73886 1.24266 6 u
-5.74314 1.30832 6 u
-5.74743 1.37373 6 u
-5.75171 1.43888 6 u
-5.75599 1.50379 6 u
-5.76028 1.56846 6 u
-5.76456 1.63289 6 u
-5.76885 1.69708 6 u
-5.77314 1.76103 6 u
-5.77742 1.82476 6 u
-5.78171 1.88825 6 u
-5.786 1.95152 6 u
-5.79029 2.01458 6 u
-5.79458 2.07741 6 u
-5.79887 2.14003 6 u
-5.80316 2.20243 6 u
-5.80745 2.26463 6 u
-5.81175 2.32663 6 u
-5.81604 2.38842 6 u
-5.82034 2.45001 6 u

-13.2704 -1.23119 6 v
-13.1711 -1.246 6 v
-13.0716 -1.25958 6 v
-12.9719 -1.27205 6 v
-12.8719 -1.28353 6 v
-12.7717 -1.29416 6 v
-12.6714 -1.30404 6 v
-12.5709 -1.31331 6 v
-12.4703 -1.32209 6 v
-12.3695 -1.33049 6 v
-12.2688 -1.33865 6 v
-12.1679 -1.34669 6 v
-12.067 -1.35472 6 v
-11.9661 -1.36288 6 v
-11.8653 -1.37129 6 v
-11.7644 -1.38006 6 v
-11.6637 -1.38933 6 v
-11.563 -1.39921 6 v
-11.4624 -1.40982 6 v
-11.362 -1.4213 6 v
-11.2617 -1.43377 6 v
-11.1616 -1.44731 6 v
-11.0617 -1.4619 6 v
-10.9619 -1.47748 6 v
-10.8623 -1.494 6 v
-10.7628 -1.5114 6 v
-10.6635 -1.52962 6 v
-10.5643 -1.5486 6 v
-10.4653 -1.56829 6 v
-10.3663 -1.58862 6 v
-10.2675 -1.60955 6 v
-10.1687 -1.63101 6 v
-10.0701 -1.65295 6 v
-9.97151 -1.6753 6 v
-9.87303 -1.69802 6 v
-9.77461 -1.72104 6 v
-9.67625 -1.74431 6 v
-9.57794 -1.76777 6 v
-9.47967 -1.79137 6 v
-9.38144 -1.81504 6 v
-9.28324 -1.83872 6 v
-9.18507 -1.86238 6 v
-9.08692 -1.88605 6 v
-8.98881 -1.90977 6 v
-8.89077 -1.93359 6 v
-8.79278 -1.95755 6 v
-8.69488 -1.9817 6 v
-8.59707 -2.00608 6 v
-8.49936 -2.03074 6 v
-8.40176 -2.05572 6 v
-8.30429 -2.08107 6 v
-8.20696 -2.10684 6 v
-8.10978 -2.13306 6 v
-8.01276 -2.1598 6 v
-7.91592 -2.18708 6 v
-7.81925 -2.21496 6 v
-7.72279 -2.24348 6 v
-7.62654 -2.27269 6 v
-7.5305 -2.30263 6 v
-7.4347 -2.33336 6 v
-7.33915 -2.3649 6 v
-7.24384 -2.3973 6 v
-7.14879 -2.43055 6 v
-7.05399 -2.46463 6 v
-6.95944 -2.49952 6 v
-6.86513 -2.53519 6 v
-6.77106 -2.57162 6 v
-6.67722 -2.6088 6 v
-6.58362 -2.64671 6 v
-6.49025 -2.68532 6 v
-6.3971 -2.72461 6 v
-6.30418 -2.76456 6 v
-6.21147 -2.80516 6 v
-6.11899 -2.84637 6 v
-6.02671 -2.88819 6 v
-5.93464 -2.93058 6 v
-5.84278 -2.97353 6 v
-5.75112 -3.01702 6 v
-5.65966 -3.06103 6 v
-5.5684 -3.10553 6 v
-5.47733 -3.15051 6 v

-13.1461 -0.117619 6 v
-13.05 0.0493044 6 v
-12.9536 0.185842 6 v
-12.857 0.293957 6 v
-12.7602 0.375612 6 v
-12.6632 0.432769 6 v
-12.5659 0.467391 6 v
-12.4685 0.481442 6 v
-12.371 0.476883 6 v
-12.2734 0.455679 6 v
-12.1757 0.41979 6 v
-12.0779 0.371182 6 v
-11.98 0.311816 6 v
-11.8822 0.243654 6 v
-11.7843 0.168661 6 v
-11.6865 0.0887985 6 v
-11.5887 0.00602949 6 v
-11.491 -0.0776831 6 v
-11.3934 -0.160377 6 v
-11.2959 -0.240088 6 v
-11.1986 -0.314855 6 v
-11.1014 -0.383137 6 v
-11.0043 -0.445091 6 v
-10.9075 -0.501295 6 v
-10.8107 -0.552329 6 v
-10.7141 -0.598771 6 v
-10.6176 -0.641201 6 v
-10.5213 -0.680198 6 v
-10.425 -0.71634 6 v
-10.3289 -0.750207 6 v
-10.2328 -0.782378 6 v
-10.1368 -0.813431 6 v
-10.041 -0.843947 6 v
-9.94516 -0.874503 6 v
-9.84943 -0.905679 6 v
-9.75375 -0.938055 6 v
-9.65813 -0.972208 6 v
-9.56255 -1.00872 6 v
-9.46701 -1.04817 6 v
-9.3715 -1.09113 6 v
-9.27601 -1.13818 6 v
-9.18054 -1.18971 6 v
-9.0851 -1.24525 6 v
-8.98969 -1.30414 6 v
-8.89433 -1.36574 6 v
-8.79903 -1.42938 6 v
-8.70379 -1.4944 6 v
-8.60864 -1.56015 6 v
-8.51357 -1.62596 6 v
-8.4186 -1.69119 6 v
-8.32375 -1.75517 6 v
-8.22901 -1.81725 6 v
-8.13441 -1.87676 6 v
-8.03995 -1.93305 6 v
-7.94564 -1.98546 6 v
-7.85149 -2.03334 6 v
-7.75752 -2.07602 6 v
-7.66374 -2.11285 6 v
-7.57015 -2.14317 6 v
-7.47676 -2.16632 6 v
-7.38359 -2.18164 6 v
-7.29065 -2.18872 6 v
-7.19793 -2.18804 6 v
-7.10542 -2.18033 6 v
-7.01314 -2.16632 6 v
-6.92107 -2.14674 6 v
-6.82921 -2.12233 6 v
-6.73755 -2.0938 6 v
-6.6461 -2.06188 6 v
-6.55485 -2.02731 6 v
-6.4638 -1.99081 6 v
-6.37294 -1.95312 6 v
-6.28227 -1.91495 6 v
-6.19178 -1.87704 6 v
-6.10148 -1.84012 6 v
-6.01136 -1.80491 6 v
-5.92142 -1.77215 6 v
-5.83165 -1.74256 6 v
-5.74205 -1.71687 6 v
-5.65262 -1.69581 6 v
-5.56335 -1.6801 6 v

-13.0221 1.15173 6 v
-12.9284 0.879848 6 v
-12.8344 0.655071 6 v
-12.7404 0.474175 6 v
-12.6463 0.33393 6 v
-12.552 0.231105 6 v
-12.4576 0.16247 6 v
-12.3632 0.124797 6 v
-12.2687 0.114855 6 v
-12.1742 0.129413 6 v
-12.0796 0.165243 6 v
-11.985 0.219115 6 v
-11.8904 0.287797 6 v
-11.7958 0.368062 6 v
-11.7013 0.456677 6 v
-11.6067 0.550415 6 v
-11.5123 0.646045 6 v
-11.4178 0.740337 6 v
-11.3235 0.83006 6 v
-11.2293 0.911986 6 v
-11.1351 0.982885 6 v
-11.0411 1.04017 6 v
-10.9472 1.0838 6 v
-10.8534 1.11441 6 v
-10.7597 1.13259 6 v
-10.6661 1.13897 6 v
-10.5726 1.13415 6 v
-10.4792 1.11874 6 v
-10.3859 1.09337 6 v
-10.2926 1.05864 6 v
-10.1995 1.01517 6 v
-10.1064 0.96356 6 v
-10.0133 0.904432 6 v
-9.92034 0.838396 6 v
-9.8274 0.766064 6 v
-9.73452 0.68805 6 v
-9.64167 0.604965 6 v
-9.54886 0.517423 6 v
-9.45608 0.426034 6 v
-9.36333 0.331413 6 v
-9.27059 0.234172 6 v
-9.17788 0.134934 6 v
-9.08518 0.0343744 6 v
-8.99252 -0.0668217 6 v
-8.8999 -0.167968 6 v
-8.80732 -0.26838 6 v
-8.7148 -0.36737 6 v
-8.62235 -0.464254 6 v
-8.52997 -0.558344 6 v
-8.43767 -0.648956 6 v
-8.34547 -0.735404 6 v
-8.25336 -0.817002 6 v
-8.16135 -0.893063 6 v
-8.06947 -0.962903 6 v
-7.97771 -1.02583 6 v
-7.88607 -1.08117 6 v
-7.79458 -1.12823 6 v
-7.70324 -1.16633 6 v
-7.61206 -1.19477 6 v
-7.52104 -1.21287 6 v
-7.4302 -1.21996 6 v
-7.33953 -1.21561 6 v
-7.24905 -1.20052 6 v
-7.15874 -1.17567 6 v
-7.06862 -1.14203 6 v
-6.97866 -1.10056 6 v
-6.88888 -1.05224 6 v
-6.79927 -0.998042 6 v
-6.70983 -0.938936 6 v
-6.62056 -0.875894 6 v
-6.53145 -0.809888 6 v
-6.4425 -0.741889 6 v
-6.35371 -0.672868 6 v
-6.26509 -0.603797 6 v
-6.17662 -0.535648 6 v
-6.08831 -0.469391 6 v
-6.00014 -0.406 6 v
-5.91213 -0.346444 6 v
-5.82427 -0.291696 6 v
-5.73656 -0.242728 6 v
-5.64899 -0.20051 6 v

-12.8976 2.16261 6 v
-12.8066 2.21182 6 v
-12.7156 2.25993 6 v
-12.6245 2.30644 6 v
-12.5334 2.35085 6 v
-12.4422 2.39266 6 v
-12.351 2.43139 6 v
-12.2598 2.46652 6 v
-12.1685 2.49758 6 v
-12.0772 2.52405 6 v
-11.986 2.54544 6 v
-11.8947 2.56126 6 v
-11.8034 2.57101 6 v
-11.7121 2.57419 6 v
-11.6208 2.57031 6 v
-11.5295 2.55886 6 v
-11.4383 2.53936 6 v
-11.3471 2.5113 6 v
-11.2559 2.4742 6 v
-11.1647 2.42754 6 v
-11.0735 2.37084 6 v
-10.9824 2.30383 6 v
-10.8914 2.22722 6 v
-10.8004 2.14195 6 v
-10.7094 2.04893 6 v
-10.6185 1.94912 6 v
-10.5276 1.84344 6 v
-10.4367 1.73283 6 v
-10.346 1.61823 6 v
-10.2552 1.50056 6 v
-10.1645 1.38078 6 v
-10.0739 1.25981 6 v
-9.98332 1.13859 6 v
-9.8928 1.01805 6 v
-9.80233 0.899125 6 v
-9.71192 0.782757 6 v
-9.62157 0.669879 6 v
-9.53127 0.561425 6 v
-9.44104 0.458331 6 v
-9.35087 0.361532 6 v
-9.26076 0.271964 6 v
-9.17072 0.190379 6 v
-9.08074 0.116799 6 v
-8.99084 0.0510615 6 v
-8.901 -0.00699473 6 v
-8.81124 -0.0575313 6 v
-8.72156 -0.10071 6 v
-8.63196 -0.136692 6 v
-8.54244 -0.165639 6 v
-8.45301 -0.187713 6 v
-8.36366 -0.203076 6 v
-8.27441 -0.211888 6 v
-8.18524 -0.214312 6 v
-8.09618 -0.210509 6 v
-8.00721 -0.200641 6 v
-7.91835 -0.184869 6 v
-7.82959 -0.163355 6 v
-7.74093 -0.136261 6 v
-7.65239 -0.103748 6 v
-7.56395 -0.0659778 6 v
-7.47563 -0.0231118 6 v
-7.38743 0.0246283 6 v
-7.29935 0.0767818 6 v
-7.21138 0.132828 6 v
-7.12353 0.192247 6 v
-7.03581 0.254517 6 v
-6.9482 0.319118 6 v
-6.86071 0.385529 6 v
-6.77334 0.45323 6 v
-6.6861 0.5217 6 v
-6.59898 0.590419 6 v
-6.51198 0.658865 6 v
-6.4251 0.726519 6 v
-6.33835 0.79286 6 v
-6.25172 0.857366 6 v
-6.16521 0.919518 6 v
-6.07883 0.978795 6 v
-5.99258 1.03468 6 v
-5.90645 1.08664 6 v
-5.82045 1.13417 6 v
-5.73458 1.17674 6 v

-12.7735 3.34067 6 v
-12.6853 3.44809 6 v
-12.5971 3.54104 6 v
-12.5089 3.62007 6 v
-12.4207 3.68571 6 v
-12.3325 3.73851 6 v
-12.2443 3.779 6 v
-12.1561 3.80773 6 v
-12.0678 3.82523 6 v
-11.9796 3.83205 6 v
-11.8914 3.82873 6 v
-11.8032 3.81581 6 v
-11.715 3.79382 6 v
-11.6268 3.76331 6 v
-11.5386 3.72482 6 v
-11.4505 3.67889 6 v
-11.3623 3.62607 6 v
-11.2742 3.56688 6 v
-11.1861 3.50187 6 v
-11.098 3.43158 6 v
-11.0099 3.35655 6 v
-10.9218 3.27733 6 v
-10.8338 3.19445 6 v
-10.7458 3.10845 6 v
-10.6578 3.01987 6 v
-10.5698 2.92926 6 v
-10.4819 2.83716 6 v
-10.394 2.74409 6 v
-10.3062 2.65061 6 v
-10.2183 2.55726 6 v
-10.1306 2.46458 6 v
-10.0428 2.3731 6 v
-9.9551 2.28336 6 v
-9.86743 2.19591 6 v
-9.77981 2.1113 6 v
-9.69223 2.03005 6 v
-9.6047 1.9527 6 v
-9.51721 1.87981 6 v
-9.42978 1.81191 6 v
-9.34239 1.74953 6 v
-9.25506 1.69323 6 v
-9.16778 1.64341 6 v
-9.08056 1.59997 6 v
-8.9934 1.56269 6 v
-8.90629 1.53135 6 v
-8.81924 1.50571 6 v
-8.73226 1.48556 6 v
-8.64533 1.47066 6 v
-8.55847 1.46079 6 v
-8.47167 1.45573 6 v
-8.38494 1.45524 6 v
-8.29828 1.45911 6 v
-8.21169 1.46711 6 v
-8.12517 1.479 6 v
-8.03871 1.49457 6 v
-7.95233 1.5136 6 v
-7.86603 1.53584 6 v
-7.7798 1.56109 6 v
-7.69365 1.58911 6 v
-7.60757 1.61967 6 v
-7.52158 1.65256 6 v
-7.43566 1.68754 6 v
-7.34983 1.72439 6 v
-7.26408 1.76288 6 v
-7.17841 1.80279 6 v
-7.09283 1.8439 6 v
-7.00734 1.88597 6 v
-6.92193 1.92878 6 v
-6.83662 1.97211 6 v
-6.7514 2.01572 6 v
-6.66627 2.0594 6 v
-6.58123 2.10292 6 v
-6.49629 2.14605 6 v
-6.41144 2.18856 6 v
-6.3267 2.23024 6 v
-6.24205 2.27085 6 v
-6.1575 2.31016 6 v
-6.07305 2.34797 6 v
-5.98871 2.38402 6 v
-5.90447 2.41812 6 v
-5.82034 2.45001 6 v

-13.8795 -14.6411 7 u
-13.8841 -14.6741 7 u
-13.8888 -14.7071 7 u
-13.8935 -14.7401 7 u
-13.8982 -14.773 7 u
-13.9028 -14.806 7 u
-13.9075 -14.839 7 u
-13.9122 -14.872 7 u
-13.9169 -14.9049 7 u
-13.9215 -14.9379 7 u
-13.9262 -14.9709 7 u
-13.9309 -15.0038 7 u
-13.9356 -15.0368 7 u
-13.9402 -15.0698 7 u
-13.9449 -15.1028 7 u
-13.9496 -15.1357 7 u
-13.9543 -15.1687 7 u
-13.9589 -15.2017 7 u
-13.9636 -15.2347 7 u
-13.9683 -15.2676 7 u
-13.973 -15.3006 7 u
-13.9776 -15.3336 7 u
-13.9823 -15.3665 7 u
-13.987 -15.3995 7 u
-13.9917 -15.4325 7 u
-13.9963 -15.4655 7 u
-14.001 -15.4984 7 u
-14.0057 -15.5314 7 u
-14.0104 -15.5644 7 u
-14.015 -15.5974 7 u
-14.0197 -15.6303 7 u
-14.0244 -15.6633 7 u
-14.029 -15.6963 7 u
-14.0337 -15.7292 7 u
-14.0384 -15.7622 7 u
-14.0431 -15.7952 7 u
-14.0477 -15.8282 7 u
-14.0524 -15.8611 7 u
-14.0571 -15.8941 7 u
-14.0618 -15.9271 7 u
-14.0664 -15.9601 7 u
-14.0711 -15.993 7 u
-14.0758 -16.026 7 u
-14.0805 -16.059 7 u
-14.0851 -16.0919 7 u
-14.0898 -16.1249 7 u
-14.0945 -16.1579 7 u
-14.0992 -16.1909 7 u
-14.1038 -16.2238 7 u
-14.1085 -16.2568 7 u
-14.1132 -16.2898 7 u
-14.1179 -16.3228 7 u
-14.1225 -16.3557 7 u
-14.1272 -16.3887 7 u
-14.1319 -16.4217 7 u
-14.1366 -16.4546 7 u
-14.1412 -16.4876 7 u
-14.1459 -16.5206 7 u
-14.1506 -16.5536 7 u
-14.1553 -16.5865 7 u
-14.1599 -16.6195 7 u
-14.1646 -16.6525 7 u
-14.1693 -16.6855 7 u
-14.174 -16.7184 7 u
-14.1786 -16.7514 7 u
-14.1833 -16.7844 7 u
-14.188 -16.8173 7 u
-14.1927 -16.8503 7 u
-14.1973 -16.8833 7 u
-14.202 -16.9163 7 u
-14.2067 -16.9492 7 u
-14.2114 -16.9822 7 u
-14.216 -17.0152 7 u
-14.2207 -17.0482 7 u
-14.2254 -17.0811 7 u
-14.2301 -17.1141 7 u
-14.2347 -17.1471 7 u
-14.2394 -17.18 7 u
-14.2441 -17.213 7 u
-14.2488 -17.246 7 u
-14.2534 -17.279 7 u
-14.2581 -17.3119 7 u
-14.2628 -17.3449 7 u
-14.2675 -17.3779 7 u
-14.2721 -17.4109 7 u
-14.2768 -17.4438 7 u
-14.2815 -17.4768 7 u
-14.2862 -17.5098 7 u
-14.2908 -17.5427 7 u
-14.2955 -17.5757 7 u
-14.3002 -17.6087 7 u
-14.3049 -17.6417 7 u
-14.3095 -17.6746 7 u
-14.3142 -17.7076 7 u
-14.3189 -17.7406 7 u
-14.3236 -17.7736 7 u
-14.3282 -17.8065 7 u
-14.3329 -17.8395 7 u
-14.3376 -17.8725 7 u
-14.3423 -17.9054 7 u
-14.3469 -17.9384 7 u
-14.3516 -17.9714 7 u
-14.3563 -18.0044 7 u
-14.361 -18.0373 7 u
-14.3656 -18.0703 7 u
-14.3703 -18.1033 7 u
-14.375 -18.1363 7 u
-14.3797 -18.1692 7 u
-14.3843 -18.2022 7 u
-14.389 -18.2352 7 u
-14.3937 -18.2681 7 u
-14.3984 -18.3011 7 u
-14.403 -18.3341 7 u
-14.4077 -18.3671 7 u
-14.4124 -18.4 7 u
-14.4171 -18.433 7 u
-14.4217 -18.466 7 u
-14.4264 -18.499 7 u
-14.4311 -18.5319 7 u
-14.4358 -18.5649 7 u
-14.4404 -18.5979 7 u
-14.4451 -18.6308 7 u
-14.4498 -18.6638 7 u
-14.4545 -18.6968 7 u
-14.4591 -18.7298 7 u
-14.4638 -18.7627 7 u
-14.4685 -18.7957 7 u
-14.4732 -18.8287 7 u
-14.4778 -18.8617 7 u
-14.4825 -18.8946 7 u
-14.4872 -18.9276 7 u
-14.4919 -18.9606 7 u
-14.4965 -18.9935 7 u
-14.5012 -19.0265 7 u
-14.5059 -19.0595 7 u
-14.5106 -19.0925 7 u
-14.5152 -19.1254 7 u
-14.5199 -19.1584 7 u
-14.5246 -19.1914 7 u
-14.5293 -19.2244 7 u
-14.5339 -19.2573 7 u
-14.5386 -19.2903 7 u
-14.5433 -19.3233 7 u
-14.548 -19.3563 7 u
-14.5526 -19.3892 7 u
-14.5573 -19.4222 7 u
-14.562 -19.4552 7 u
-14.5667 -19.4881 7 u
-14.5713 -19.5211 7 u
-14.576 -19.5541 7 u
-14.5807 -19.5871 7 u
-14.5854 -19.62 7 u
-14.59 -19.653 7 u
-14.5947 -19.686 7 u
-14.5994 -19.719 7 u
-14.6041 -19.7519 7 u
-14.6087 -19.7849 7 u
-14.6134 -19.8179 7 u
-14.6181 -19.8508 7 u
-14.6228 -19.8838 7 u
-14.6274 -19.9168 7 u

-11.8451 -15.4635 7 u
-11.8448 -15.4913 7 u
-11.8446 -15.5191 7 u
-11.8443 -15.5469 7 u
-11.844 -15.5748 7 u
-11.8437 -15.6026 7 u
-11.8434 -15.6304 7 u
-11.8431 -15.6582 7 u
-11.8428 -15.686 7 u
-11.8426 -15.7139 7 u
-11.8423 -15.7417 7 u
-11.842 -15.7695 7 u
-11.8417 -15.7973 7 u
-11.8414 -15.8251 7 u
-11.8411 -15.853 7 u
-11.8408 -15.8808 7 u
-11.8406 -15.9086 7 u
-11.8403 -15.9364 7 u
-11.84 -15.9643 7 u
-11.8397 -15.9921 7 u
-11.8394 -16.0199 7 u
-11.8391 -16.0477 7 u
-11.8388 -16.0755 7 u
-11.8386 -16.1034 7 u
-11.8383 -16.1312 7 u
-11.838 -16.159 7 u
-11.8377 -16.1868 7 u
-11.8374 -16.2146 7 u
-11.8371 -16.2425 7 u
-11.8368 -16.2703 7 u
-11.8366 -16.2981 7 u
-11.8363 -16.3259 7 u
-11.836 -16.3537 7 u
-11.8357 -16.3816 7 u
-11.8354 -16.4094 7 u
-11.8351 -16.4372 7 u
-11.8348 -16.465 7 u
-11.8346 -16.4928 7 u
-11.8343 -16.5207 7 u
-11.834 -16.5485 7 u
-11.8337 -16.5763 7 u
-11.8334 -16.6041 7 u
-11.8331 -16.632 7 u
-11.8328 -16.6598 7 u
-11.8326 -16.6876 7 u
-11.8323 -16.7154 7 u
-11.832 -16.7432 7 u
-11.8317 -16.7711 7 u
-11.8314 -16.7989 7 u
-11.8311 -16.8267 7 u
-11.8308 -16.8545 7 u
-11.8306 -16.8823 7 u
-11.8303 -16.9102 7 u
-11.83 -16.938 7 u
-11.8297 -16.9658 7 u
-11.8294 -16.9936 7 u
-11.8291 -17.0214 7 u
-11.8288 -17.0493 7 u
-11.8286 -17.0771 7 u
-11.8283 -17.1049 7 u
-11.828 -17.1327 7 u
-11.8277 -17.1605 7 u
-11.8274 -17.1884 7 u
-11.8271 -17.2162 7 u
-11.8268 -17.244 7 u
-11.8266 -17.2718 7 u
-11.8263 -17.2997 7 u
-11.826 -17.3275 7 u
-11.8257 -17.3553 7 u
-11.8254 -17.3831 7 u
-11.8251 -17.4109 7 u
-11.8248 -17.4388 7 u
-11.8246 -17.4666 7 u
-11.8243 -17.4944 7 u
-11.824 -17.5222 7 u
-11.8237 -17.55 7 u
-11.8234 -17.5779 7 u
-11.8231 -17.6057 7 u
-11.8228 -17.6335 7 u
-11.8226 -17.6613 7 u
-11.8223 -17.6891 7 u
-11.822 -17.717 7 u
-11.8217 -17.7448 7 u
-11.8214 -17.7726 7 u
-11.8211 -17.8004 7 u
-11.8208 -17.8282 7 u
-11.8206 -17.8561 7 u
-11.8203 -17.8839 7 u
-11.82 -17.9117 7 u
-11.8197 -17.9395 7 u
-11.8194 -17.9673 7 u
-11.8191 -17.9952 7 u
-11.8188 -18.023 7 u
-11.8186 -18.0508 7 u
-11.8183 -18.0786 7 u
-11.818 -18.1065 7 u
-11.8177 -18.1343 7 u
-11.8174 -18.1621 7 u
-11.8171 -18.1899 7 u
-11.8168 -18.2177 7 u
-11.8166 -18.2456 7 u
-11.8163 -18.2734 7 u
-11.816 -18.3012 7 u
-11.8157 -18.329 7 u
-11.8154 -18.3568 7 u
-11.8151 -18.3847 7 u
-11.8148 -18.4125 7 u
-11.8146 -18.4403 7 u
-11.8143 -18.4681 7 u
-11.814 -18.4959 7 u
-11.8137 -18.5238 7 u
-11.8134 -18.5516 7 u
-11.8131 -18.5794 7 u
-11.8128 -18.6072 7 u
-11.8126 -18.635 7 u
-11.8123 -18.6629 7 u
-11.812 -18.6907 7 u
-11.8117 -18.7185 7 u
-11.8114 -18.7463 7 u
-11.8111 -18.7742 7 u
-11.8108 -18.802 7 u
-11.8106 -18.8298 7 u
-11.8103 -18.8576 7 u
-11.81 -18.8854 7 u
-11.8097 -18.9133 7 u
-11.8094 -18.9411 7 u
-11.8091 -18.9689 7 u
-11.8088 -18.9967 7 u
-11.8086 -19.0245 7 u
-11.8083 -19.0524 7 u
-11.808 -19.0802 7 u
-11.8077 -19.108 7 u
-11.8074 -19.1358 7 u
-11.8071 -19.1636 7 u
-11.8068 -19.1915 7 u
-11.8066 -19.2193 7 u
-11.8063 -19.2471 7 u
-11.806 -19.2749 7 u
-11.8057 -19.3027 7 u
-11.8054 -19.3306 7 u
-11.8051 -19.3584 7 u
-11.8048 -19.3862 7 u
-11.8046 -19.414 7 u
-11.8043 -19.4419 7 u
-11.804 -19.4697 7 u
-11.8037 -19.4975 7 u
-11.8034 -19.5253 7 u
-11.8031 -19.5531 7 u
-11.8028 -19.581 7 u
-11.8026 -19.6088 7 u
-11.8023 -19.6366 7 u
-11.802 -19.6644 7 u
-11.8017 -19.6922 7 u
-11.8014 -19.7201 7 u
-11.8011 -19.7479 7 u
-11.8008 -19.7757 7 u
-11.8006 -19.8035 7 u
-11.8003 -19.8313 7 u
-11.8 -19.8592 7 u
-11.7997 -19.887 7 u
-11.7994 -19.9148 7 u

-9.6944 -15.9024 7 u
-9.68988 -15.9274 7 u
-9.68536 -15.9525 7 u
-9.68084 -15.9776 7 u
-9.67631 -16.0027 7 u
-9.67179 -16.0277 7 u
-9.66727 -16.0528 7 u
-9.66274 -16.0779 7 u
-9.65822 -16.1029 7 u
-9.6537 -16.128 7 u
-9.64918 -16.1531 7 u
-9.64465 -16.1782 7 u
-9.64013 -16.2032 7 u
-9.63561 -16.2283 7 u
-9.63108 -16.2534 7 u
-9.62656 -16.2785 7 u
-9.62204 -16.3035 7 u
-9.61752 -16.3286 7 u
-9.61299 -16.3537 7 u
-9.60847 -16.3787 7 u
-9.60395 -16.4038 7 u
-9.59942 -16.4289 7 u
-9.5949 -16.454 7 u
-9.59038 -16.479 7 u
-9.58586 -16.5041 7 u
-9.58133 -16.5292 7 u
-9.57681 -16.5543 7 u
-9.57229 -16.5793 7 u
-9.56777 -16.6044 7 u
-9.56324 -16.6295 7 u
-9.55872 -16.6545 7 u
-9.5542 -16.6796 7 u
-9.54967 -16.7047 7 u
-9.54515 -16.7298 7 u
-9.54063 -16.7548 7 u
-9.53611 -16.7799 7 u
-9.53158 -16.805 7 u
-9.52706 -16.83 7 u
-9.52254 -16.8551 7 u
-9.51801 -16.8802 7 u
-9.51349 -16.9053 7 u
-9.50897 -16.9303 7 u
-9.50445 -16.9554 7 u
-9.49992 -16.9805 7 u
-9.4954 -17.0056 7 u
-9.49088 -17.0306 7 u
-9.48635 -17.0557 7 u
-9.48183 -17.0808 7 u
-9.47731 -17.1058 7 u
-9.47279 -17.1309 7 u
-9.46826 -17.156 7 u
-9.46374 -17.1811 7 u
-9.45922 -17.2061 7 u
-9.45469 -17.2312 7 u
-9.45017 -17.2563 7 u
-9.44565 -17.2813 7 u
-9.44113 -17.3064 7 u
-9.4366 -17.3315 7 u
-9.43208 -17.3566 7 u
-9.42756 -17.3816 7 u
-9.42303 -17.4067 7 u
-9.41851 -17.4318 7 u
-9.41399 -17.4569 7 u
-9.40947 -17.4819 7 u
-9.40494 -17.507 7 u
-9.40042 -17.5321 7 u
-9.3959 -17.5571 7 u
-9.39137 -17.5822 7 u
-9.38685 -17.6073 7 u
-9.38233 -17.6324 7 u
-9.37781 -17.6574 7 u
-9.37328 -17.6825 7 u
-9.36876 -17.7076 7 u
-9.36424 -17.7326 7 u
-9.35972 -17.7577 7 u
-9.35519 -17.7828 7 u
-9.35067 -17.8079 7 u
-9.34615 -17.8329 7 u
-9.34162 -17.858 7 u
-9.3371 -17.8831 7 u
-9.33258 -17.9082 7 u
-9.32806 -17.9332 7 u
-9.32353 -17.9583 7 u
-9.31901 -17.9834 7 u
-9.31449 -18.0084 7 u
-9.30996 -18.0335 7 u
-9.30544 -18.0586 7 u
-9.30092 -18.0837 7 u
-9.2964 -18.1087 7 u
-9.29187 -18.1338 7 u
-9.28735 -18.1589 7 u
-9.28283 -18.184 7 u
-9.2783 -18.209 7 u
-9.27378 -18.2341 7 u
-9.26926 -18.2592 7 u
-9.26474 -18.2842 7 u
-9.26021 -18.3093 7 u
-9.25569 -18.3344 7 u
-9.25117 -18.3595 7 u
-9.24664 -18.3845 7 u
-9.24212 -18.4096 7 u
-9.2376 -18.4347 7 u
-9.23308 -18.4597 7 u
-9.22855 -18.4848 7 u
-9.22403 -18.5099 7 u
-9.21951 -18.535 7 u
-9.21498 -18.56 7 u
-9.21046 -18.5851 7 u
-9.20594 -18.6102 7 u
-9.20142 -18.6353 7 u
-9.19689 -18.6603 7 u
-9.19237 -18.6854 7 u
-9.18785 -18.7105 7 u
-9.18333 -18.7355 7 u
-9.1788 -18.7606 7 u
-9.17428 -18.7857 7 u
-9.16976 -18.8108 7 u
-9.16523 -18.8358 7 u
-9.16071 -18.8609 7 u
-9.15619 -18.886 7 u
-9.15167 -18.911 7 u
-9.14714 -18.9361 7 u
-9.14262 -18.9612 7 u
-9.1381 -18.9863 7 u
-9.13357 -19.0113 7 u
-9.12905 -19.0364 7 u
-9.12453 -19.0615 7 u
-9.12001 -19.0866 7 u
-9.11548 -19.1116 7 u
-9.11096 -19.1367 7 u
-9.10644 -19.1618 7 u
-9.10191 -19.1868 7 u
-9.09739 -19.2119 7 u
-9.09287 -19.237 7 u
-9.08835 -19.2621 7 u
-9.08382 -19.2871 7 u
-9.0793 -19.3122 7 u
-9.07478 -19.3373 7 u
-9.07025 -19.3623 7 u
-9.06573 -19.3874 7 u
-9.06121 -19.4125 7 u
-9.05669 -19.4376 7 u
-9.05216 -19.4626 7 u
-9.04764 -19.4877 7 u
-9.04312 -19.5128 7 u
-9.03859 -19.5379 7 u
-9.03407 -19.5629 7 u
-9.02955 -19.588 7 u
-9.02503 -19.6131 7 u
-9.0205 -19.6381 7 u
-9.01598 -19.6632 7 u
-9.01146 -19.6883 7 u
-9.00693 -19.7134 7 u
-9.00241 -19.7384 7 u
-8.99789 -19.7635 7 u
-8.99337 -19.7886 7 u
-8.98884 -19.8137 7 u
-8.98432 -19.8387 7 u
-8.9798 -19.8638 7 u
-8.97528 -19.8889 7 u
-8.97075 -19.9139 7 u

-7.49942 -15.984 7 u
-7.49094 -16.0086 7 u
-7.48246 -16.0331 7 u
-7.47397 -16.0577 7 u
-7.46549 -16.0822 7 u
-7.45701 -16.1068 7 u
-7.44852 -16.1314 7 u
-7.44004 -16.1559 7 u
-7.43156 -16.1805 7 u
-7.42308 -16.2051 7 u
-7.41459 -16.2296 7 u
-7.40611 -16.2542 7 u
-7.39763 -16.2787 7 u
-7.38915 -16.3033 7 u
-7.38066 -16.3279 7 u
-7.37218 -16.3524 7 u
-7.3637 -16.377 7 u
-7.35521 -16.4016 7 u
-7.34673 -16.4261 7 u
-7.33825 -16.4507 7 u
-7.32977 -16.4752 7 u
-7.32128 -16.4998 7 u
-7.3128 -16.5244 7 u
-7.30432 -16.5489 7 u
-7.29584 -16.5735 7 u
-7.28735 -16.5981 7 u
-7.27887 -16.6226 7 u
-7.27039 -16.6472 7 u
-7.2619 -16.6717 7 u
-7.25342 -16.6963 7 u
-7.24494 -16.7209 7 u
-7.23646 -16.7454 7 u
-7.22797 -16.77 7 u
-7.21949 -16.7946 7 u
-7.21101 -16.8191 7 u
-7.20253 -16.8437 7 u
-7.19404 -16.8682 7 u
-7.18556 -16.8928 7 u
-7.17708 -16.9174 7 u
-7.1686 -16.9419 7 u
-7.16011 -16.9665 7 u
-7.15163 -16.9911 7 u
-7.14315 -17.0156 7 u
-7.13466 -17.0402 7 u
-7.12618 -17.0647 7 u
-7.1177 -17.0893 7 u
-7.10922 -17.1139 7 u
-7.10073 -17.1384 7 u
-7.09225 -17.163 7 u
-7.08377 -17.1876 7 u
-7.07529 -17.2121 7 u
-7.0668 -17.2367 7 u
-7.05832 -17.2612 7 u
-7.04984 -17.2858 7 u
-7.04135 -17.3104 7 u
-7.03287 -17.3349 7 u
-7.02439 -17.3595 7 u
-7.01591 -17.3841 7 u
-7.00742 -17.4086 7 u
-6.99894 -17.4332 7 u
-6.99046 -17.4577 7 u
-6.98198 -17.4823 7 u
-6.97349 -17.5069 7 u
-6.96501 -17.5314 7 u
-6.95653 -17.556 7 u
-6.94804 -17.5806 7 u
-6.93956 -17.6051 7 u
-6.93108 -17.6297 7 u
-6.9226 -17.6542 7 u
-6.91411 -17.6788 7 u
-6.90563 -17.7034 7 u
-6.89715 -17.7279 7 u
-6.88867 -17.7525 7 u
-6.88018 -17.7771 7 u
-6.8717 -17.8016 7 u
-6.86322 -17.8262 7 u
-6.85474 -17.8507 7 u
-6.84625 -17.8753 7 u
-6.83777 -17.8999 7 u
-6.82929 -17.9244 7 u
-6.8208 -17.949 7 u
-6.81232 -17.9736 7 u
-6.80384 -17.9981 7 u
-6.79536 -18.0227 7 u
-6.78687 -18.0472 7 u
-6.77839 -18.0718 7 u
-6.76991 -18.0964 7 u
-6.76143 -18.1209 7 u
-6.75294 -18.1455 7 u
-6.74446 -18.1701 7 u
-6.73598 -18.1946 7 u
-6.72749 -18.2192 7 u
-6.71901 -18.2437 7 u
-6.71053 -18.2683 7 u
-6.70205 -18.2929 7 u
-6.69356 -18.3174 7 u
-6.68508 -18.342 7 u
-6.6766 -18.3666 7 u
-6.66812 -18.3911 7 u
-6.65963 -18.4157 7 u
-6.65115 -18.4402 7 u
-6.64267 -18.4648 7 u
-6.63419 -18.4894 7 u
-6.6257 -18.5139 7 u
-6.61722 -18.5385 7 u
-6.60874 -18.5631 7 u
-6.60025 -18.5876 7 u
-6.59177 -18.6122 7 u
-6.58329 -18.6367 7 u
-6.57481 -18.6613 7 u
-6.56632 -18.6859 7 u
-6.55784 -18.7104 7 u
-6.54936 -18.735 7 u
-6.54088 -18.7596 7 u
-6.53239 -18.7841 7 u
-6.52391 -18.8087 7 u
-6.51543 -18.8332 7 u
-6.50694 -18.8578 7 u
-6.49846 -18.8824 7 u
-6.48998 -18.9069 7 u
-6.4815 -18.9315 7 u
-6.47301 -18.9561 7 u
-6.46453 -18.9806 7 u
-6.45605 -19.0052 7 u
-6.44757 -19.0297 7 u
-6.43908 -19.0543 7 u
-6.4306 -19.0789 7 u
-6.42212 -19.1034 7 u
-6.41363 -19.128 7 u
-6.40515 -19.1526 7 u
-6.39667 -19.1771 7 u
-6.38819 -19.2017 7 u
-6.3797 -19.2262 7 u
-6.37122 -19.2508 7 u
-6.36274 -19.2754 7 u
-6.35426 -19.2999 7 u
-6.34577 -19.3245 7 u
-6.33729 -19.3491 7 u
-6.32881 -19.3736 7 u
-6.32033 -19.3982 7 u
-6.31184 -19.4227 7 u
-6.30336 -19.4473 7 u
-6.29488 -19.4719 7 u
-6.28639 -19.4964 7 u
-6.27791 -19.521 7 u
-6.26943 -19.5456 7 u
-6.26095 -19.5701 7 u
-6.25246 -19.5947 7 u
-6.24398 -19.6192 7 u
-6.2355 -19.6438 7 u
-6.22702 -19.6684 7 u
-6.21853 -19.6929 7 u
-6.21005 -19.7175 7 u
-6.20157 -19.7421 7 u
-6.19308 -19.7666 7 u
-6.1846 -19.7912 7 u
-6.17612 -19.8157 7 u
-6.16764 -19.8403 7 u
-6.15915 -19.8649 7 u
-6.15067 -19.8894 7 u
-6.14219 -19.914 7 u

-5.32993 -15.6597 7 u
-5.31733 -15.6863 7 u
-5.30473 -15.7129 7 u
-5.29213 -15.7395 7 u
-5.27954 -15.7661 7 u
-5.26694 -15.7927 7 u
-5.25434 -15.8193 7 u
-5.24174 -15.8459 7 u
-5.22914 -15.8725 7 u
-5.21654 -15.8991 7 u
-5.20394 -15.9257 7 u
-5.19134 -15.9523 7 u
-5.17874 -15.9789 7 u
-5.16614 -16.0055 7 u
-5.15354 -16.0321 7 u
-5.14095 -16.0587 7 u
-5.12835 -16.0852 7 u
-5.11575 -16.1118 7 u
-5.10315 -16.1384 7 u
-5.09055 -16.165 7 u
-5.07795 -16.1916 7 u
-5.06535 -16.2182 7 u
-5.05275 -16.2448 7 u
-5.04015 -16.2714 7 u
-5.02755 -16.298 7 u
-5.01495 -16.3246 7 u
-5.00236 -16.3512 7 u
-4.98976 -16.3778 7 u
-4.97716 -16.4044 7 u
-4.96456 -16.431 7 u
-4.95196 -16.4576 7 u
-4.93936 -16.4842 7 u
-4.92676 -16.5108 7 u
-4.91416 -16.5373 7 u
-4.90156 -16.5639 7 u
-4.88896 -16.5905 7 u
-4.87636 -16.6171 7 u
-4.86376 -16.6437 7 u
-4.85117 -16.6703 7 u
-4.83857 -16.6969 7 u
-4.82597 -16.7235 7 u
-4.81337 -16.7501 7 u
-4.80077 -16.7767 7 u
-4.78817 -16.8033 7 u
-4.77557 -16.8299 7 u
-4.76297 -16.8565 7 u
-4.75037 -16.8831 7 u
-4.73777 -16.9097 7 u
-4.72517 -16.9363 7 u
-4.71258 -16.9629 7 u
-4.69998 -16.9894 7 u
-4.68738 -17.016 7 u
-4.67478 -17.0426 7 u
-4.66218 -17.0692 7 u
-4.64958 -17.0958 7 u
-4.63698 -17.1224 7 u
-4.62438 -17.149 7 u
-4.61178 -17.1756 7 u
-4.59918 -17.2022 7 u
-4.58658 -17.2288 7 u
-4.57398 -17.2554 7 u
-4.56139 -17.282 7 u
-4.54879 -17.3086 7 u
-4.53619 -17.3352 7 u
-4.52359 -17.3618 7 u
-4.51099 -17.3884 7 u
-4.49839 -17.4149 7 u
-4.48579 -17.4415 7 u
-4.47319 -17.4681 7 u
-4.46059 -17.4947 7 u
-4.44799 -17.5213 7 u
-4.43539 -17.5479 7 u
-4.4228 -17.5745 7 u
-4.4102 -17.6011 7 u
-4.3976 -17.6277 7 u
-4.385 -17.6543 7 u
-4.3724 -17.6809 7 u
-4.3598 -17.7075 7 u
-4.3472 -17.7341 7 u
-4.3346 -17.7607 7 u
-4.322 -17.7873 7 u
-4.3094 -17.8139 7 u
-4.2968 -17.8405 7 u
-4.2842 -17.867 7 u
-4.27161 -17.8936 7 u
-4.25901 -17.9202 7 u
-4.24641 -17.9468 7 u
-4.23381 -17.9734 7 u
-4.22121 -18 7 u
-4.20861 -18.0266 7 u
-4.19601 -18.0532 7 u
-4.18341 -18.0798 7 u
-4.17081 -18.1064 7 u
-4.15821 -18.133 7 u
-4.14561 -18.1596 7 u
-4.13302 -18.1862 7 u
-4.12042 -18.2128 7 u
-4.10782 -18.2394 7 u
-4.09522 -18.266 7 u
-4.08262 -18.2926 7 u
-4.07002 -18.3191 7 u
-4.05742 -18.3457 7 u
-4.04482 -18.3723 7 u
-4.03222 -18.3989 7 u
-4.01962 -18.4255 7 u
-4.00702 -18.4521 7 u
-3.99442 -18.4787 7 u
-3.98183 -18.5053 7 u
-3.96923 -18.5319 7 u
-3.95663 -18.5585 7 u
-3.94403 -18.5851 7 u
-3.93143 -18.6117 7 u
-3.91883 -18.6383 7 u
-3.90623 -18.6649 7 u
-3.89363 -18.6915 7 u
-3.88103 -18.7181 7 u
-3.86843 -18.7447 7 u
-3.85583 -18.7712 7 u
-3.84324 -18.7978 7 u
-3.83064 -18.8244 7 u
-3.81804 -18.851 7 u
-3.80544 -18.8776 7 u
-3.79284 -18.9042 7 u
-3.78024 -18.9308 7 u
-3.76764 -18.9574 7 u
-3.75504 -18.984 7 u
-3.74244 -19.0106 7 u
-3.72984 -19.0372 7 u
-3.71724 -19.0638 7 u
-3.70464 -19.0904 7 u
-3.69205 -19.117 7 u
-3.67945 -19.1436 7 u
-3.66685 -19.1702 7 u
-3.65425 -19.1968 7 u
-3.64165 -19.2233 7 u
-3.62905 -19.2499 7 u
-3.61645 -19.2765 7 u
-3.60385 -19.3031 7 u
-3.59125 -19.3297 7 u
-3.57865 -19.3563 7 u
-3.56605 -19.3829 7 u
-3.55346 -19.4095 7 u
-3.54086 -19.4361 7 u
-3.52826 -19.4627 7 u
-3.51566 -19.4893 7 u
-3.50306 -19.5159 7 u
-3.49046 -19.5425 7 u
-3.47786 -19.5691 7 u
-3.46526 -19.5957 7 u
-3.45266 -19.6223 7 u
-3.44006 -19.6489 7 u
-3.42746 -19.6754 7 u
-3.41486 -19.702 7 u
-3.40227 -19.7286 7 u
-3.38967 -19.7552 7 u
-3.37707 -19.7818 7 u
-3.36447 -19.8084 7 u
-3.35187 -19.835 7 u
-3.33927 -19.8616 7 u
-3.32667 -19.8882 7 u
-3.31407 -19.9148 7 u

-3.30891 -14.8114 7 u
-3.29126 -14.8433 7 u
-3.27361 -14.8752 7 u
-3.25597 -14.9071 7 u
-3.23832 -14.939 7 u
-3.22067 -14.971 7 u
-3.20302 -15.0029 7 u
-3.18538 -15.0348 7 u
-3.16773 -15.0667 7 u
-3.15008 -15.0986 7 u
-3.13243 -15.1305 7 u
-3.11479 -15.1624 7 u
-3.09714 -15.1943 7 u
-3.07949 -15.2262 7 u
-3.06184 -15.2581 7 u
-3.0442 -15.29 7 u
-3.02655 -15.3219 7 u
-3.0089 -15.3538 7 u
-2.99125 -15.3857 7 u
-2.97361 -15.4176 7 u
-2.95596 -15.4495 7 u
-2.93831 -15.4814 7 u
-2.92066 -15.5133 7 u
-2.90302 -15.5452 7 u
-2.88537 -15.5771 7 u
-2.86772 -15.6091 7 u
-2.85007 -15.641 7 u
-2.83243 -15.6729 7 u
-2.81478 -15.7048 7 u
-2.79713 -15.7367 7 u
-2.77948 -15.7686 7 u
-2.76184 -15.8005 7 u
-2.74419 -15.8324 7 u
-2.72654 -15.8643 7 u
-2.70889 -15.8962 7 u
-2.69125 -15.9281 7 u
-2.6736 -15.96 7 u
-2.65595 -15.9919 7 u
-2.6383 -16.0238 7 u
-2.62066 -16.0557 7 u
-2.60301 -16.0876 7 u
-2.58536 -16.1195 7 u
-2.56771 -16.1514 7 u
-2.55007 -16.1833 7 u
-2.53242 -16.2152 7 u
-2.51477 -16.2472 7 u
-2.49712 -16.2791 7 u
-2.47948 -16.311 7 u
-2.46183 -16.3429 7 u
-2.44418 -16.3748 7 u
-2.42653 -16.4067 7 u
-2.40889 -16.4386 7 u
-2.39124 -16.4705 7 u
-2.37359 -16.5024 7 u
-2.35594 -16.5343 7 u
-2.3383 -16.5662 7 u
-2.32065 -16.5981 7 u
-2.303 -16.63 7 u
-2.28535 -16.6619 7 u
-2.26771 -16.6938 7 u
-2.25006 -16.7257 7 u
-2.23241 -16.7576 7 u
-2.21477 -16.7895 7 u
-2.19712 -16.8214 7 u
-2.17947 -16.8533 7 u
-2.16182 -16.8853 7 u
-2.14418 -16.9172 7 u
-2.12653 -16.9491 7 u
-2.10888 -16.981 7 u
-2.09123 -17.0129 7 u
-2.07359 -17.0448 7 u
-2.05594 -17.0767 7 u
-2.03829 -17.1086 7 u
-2.02064 -17.1405 7 u
-2.003 -17.1724 7 u
-1.98535 -17.2043 7 u
-1.9677 -17.2362 7 u
-1.95005 -17.2681 7 u
-1.93241 -17.3 7 u
-1.91476 -17.3319 7 u
-1.89711 -17.3638 7 u
-1.87946 -17.3957 7 u
-1.86182 -17.4276 7 u
-1.84417 -17.4595 7 u
-1.82652 -17.4915 7 u
-1.80887 -17.5234 7 u
-1.79123 -17.5553 7 u
-1.77358 -17.5872 7 u
-1.75593 -17.6191 7 u
-1.73828 -17.651 7 u
-1.72064 -17.6829 7 u
-1.70299 -17.7148 7 u
-1.68534 -17.7467 7 u
-1.66769 -17.7786 7 u
-1.65005 -17.8105 7 u
-1.6324 -17.8424 7 u
-1.61475 -17.8743 7 u
-1.5971 -17.9062 7 u
-1.57946 -17.9381 7 u
-1.56181 -17.97 7 u
-1.54416 -18.0019 7 u
-1.52651 -18.0338 7 u
-1.50887 -18.0657 7 u
-1.49122 -18.0976 7 u
-1.47357 -18.1296 7 u
-1.45592 -18.1615 7 u
-1.43828 -18.1934 7 u
-1.42063 -18.2253 7 u
-1.40298 -18.2572 7 u
-1.38533 -18.2891 7 u
-1.36769 -18.321 7 u
-1.35004 -18.3529 7 u
-1.33239 -18.3848 7 u
-1.31474 -18.4167 7 u
-1.2971 -18.4486 7 u
-1.27945 -18.4805 7 u
-1.2618 -18.5124 7 u
-1.24416 -18.5443 7 u
-1.22651 -18.5762 7 u
-1.20886 -18.6081 7 u
-1.19121 -18.64 7 u
-1.17357 -18.6719 7 u
-1.15592 -18.7038 7 u
-1.13827 -18.7357 7 u
-1.12062 -18.7677 7 u
-1.10298 -18.7996 7 u
-1.08533 -18.8315 7 u
-1.06768 -18.8634 7 u
-1.05003 -18.8953 7 u
-1.03239 -18.9272 7 u
-1.01474 -18.9591 7 u
-0.997091 -18.991 7 u
-0.979443 -19.0229 7 u
-0.961796 -19.0548 7 u
-0.944148 -19.0867 7 u
-0.926501 -19.1186 7 u
-0.908853 -19.1505 7 u
-0.891206 -19.1824 7 u
-0.873558 -19.2143 7 u
-0.855911 -19.2462 7 u
-0.838263 -19.2781 7 u
-0.820616 -19.31 7 u
-0.802969 -19.3419 7 u
-0.785321 -19.3738 7 u
-0.767674 -19.4058 7 u
-0.750026 -19.4377 7 u
-0.732379 -19.4696 7 u
-0.714731 -19.5015 7 u
-0.697084 -19.5334 7 u
-0.679436 -19.5653 7 u
-0.661789 -19.5972 7 u
-0.644141 -19.6291 7 u
-0.626494 -19.661 7 u
-0.608847 -19.6929 7 u
-0.591199 -19.7248 7 u
-0.573552 -19.7567 7 u
-0.555904 -19.7886 7 u
-0.538257 -19.8205 7 u
-0.520609 -19.8524 7 u
-0.502962 -19.8843 7 u
-0.485314 -19.9162 7 u

-1.72351 -13.3143 7 u
-1.6981 -13.3556 7 u
-1.67269 -13.3969 7 u
-1.64727 -13.4382 7 u
-1.62186 -13.4794 7 u
-1.59644 -13.5207 7 u
-1.57103 -13.562 7 u
-1.54562 -13.6033 7 u
-1.5202 -13.6445 7 u
-1.49479 -13.6858 7 u
-1.46938 -13.7271 7 u
-1.44396 -13.7684 7 u
-1.41855 -13.8096 7 u
-1.39313 -13.8509 7 u
-1.36772 -13.8922 7 u
-1.34231 -13.9335 7 u
-1.31689 -13.9747 7 u
-1.29148 -14.016 7 u
-1.26606 -14.0573 7 u
-1.24065 -14.0985 7 u
-1.21524 -14.1398 7 u
-1.18982 -14.1811 7 u
-1.16441 -14.2224 7 u
-1.139 -14.2636 7 u
-1.11358 -14.3049 7 u
-1.08817 -14.3462 7 u
-1.06275 -14.3875 7 u
-1.03734 -14.4287 7 u
-1.01193 -14.47 7 u
-0.986512 -14.5113 7 u
-0.961098 -14.5526 7 u
-0.935684 -14.5938 7 u
-0.91027 -14.6351 7 u
-0.884856 -14.6764 7 u
-0.859443 -14.7177 7 u
-0.834029 -14.7589 7 u
-0.808615 -14.8002 7 u
-0.783201 -14.8415 7 u
-0.757787 -14.8828 7 u
-0.732373 -14.924 7 u
-0.706959 -14.9653 7 u
-0.681545 -15.0066 7 u
-0.656132 -15.0479 7 u
-0.630718 -15.0891 7 u
-0.605304 -15.1304 7 u
-0.57989 -15.1717 7 u
-0.554476 -15.213 7 u
-0.529062 -15.2542 7 u
-0.503648 -15.2955 7 u
-0.478235 -15.3368 7 u
-0.452821 -15.3781 7 u
-0.427407 -15.4193 7 u
-0.401993 -15.4606 7 u
-0.376579 -15.5019 7 u
-0.351165 -15.5431 7 u
-0.325751 -15.5844 7 u
-0.300337 -15.6257 7 u
-0.274924 -15.667 7 u
-0.24951 -15.7082 7 u
-0.224096 -15.7495 7 u
-0.198682 -15.7908 7 u
-0.173268 -15.8321 7 u
-0.147854 -15.8733 7 u
-0.12244 -15.9146 7 u
-0.0970265 -15.9559 7 u
-0.0716127 -15.9972 7 u
-0.0461988 -16.0384 7 u
-0.0207849 -16.0797 7 u
0.00462894 -16.121 7 u
0.0300428 -16.1623 7 u
0.0554567 -16.2035 7 u
0.0808705 -16.2448 7 u
0.106284 -16.2861 7 u
0.131698 -16.3274 7 u
0.157112 -16.3686 7 u
0.182526 -16.4099 7 u
0.20794 -16.4512 7 u
0.233354 -16.4925 7 u
0.258768 -16.5337 7 u
0.284181 -16.575 7 u
0.309595 -16.6163 7 u
0.335009 -16.6576 7 u
0.360423 -16.6988 7 u
0.385837 -16.7401 7 u
0.411251 -16.7814 7 u
0.436665 -16.8226 7 u
0.462079 -16.8639 7 u
0.487492 -16.9052 7 u
0.512906 -16.9465 7 u
0.53832 -16.9877 7 u
0.563734 -17.029 7 u
0.589148 -17.0703 7 u
0.614562 -17.1116 7 u
0.639976 -17.1528 7 u
0.665389 -17.1941 7 u
0.690803 -17.2354 7 u
0.716217 -17.2767 7 u
0.741631 -17.3179 7 u
0.767045 -17.3592 7 u
0.792459 -17.4005 7 u
0.817873 -17.4418 7 u
0.843287 -17.483 7 u
0.8687 -17.5243 7 u
0.894114 -17.5656 7 u
0.919528 -17.6069 7 u
0.944942 -17.6481 7 u
0.970356 -17.6894 7 u
0.99577 -17.7307 7 u
1.02118 -17.772 7 u
1.0466 -17.8132 7 u
1.07201 -17.8545 7 u
1.09743 -17.8958 7 u
1.12284 -17.9371 7 u
1.14825 -17.9783 7 u
1.17367 -18.0196 7 u
1.19908 -18.0609 7 u
1.22449 -18.1021 7 u
1.24991 -18.1434 7 u
1.27532 -18.1847 7 u
1.30074 -18.226 7 u
1.32615 -18.2672 7 u
1.35156 -18.3085 7 u
1.37698 -18.3498 7 u
1.40239 -18.3911 7 u
1.42781 -18.4323 7 u
1.45322 -18.4736 7 u
1.47863 -18.5149 7 u
1.50405 -18.5562 7 u
1.52946 -18.5974 7 u
1.55487 -18.6387 7 u
1.58029 -18.68 7 u
1.6057 -18.7213 7 u
1.63112 -18.7625 7 u
1.65653 -18.8038 7 u
1.68194 -18.8451 7 u
1.70736 -18.8864 7 u
1.73277 -18.9276 7 u
1.75819 -18.9689 7 u
1.7836 -19.0102 7 u
1.80901 -19.0515 7 u
1.83443 -19.0927 7 u
1.85984 -19.134 7 u
1.88526 -19.1753 7 u
1.91067 -19.2166 7 u
1.93608 -19.2578 7 u
1.9615 -19.2991 7 u
1.98691 -19.3404 7 u
2.01232 -19.3816 7 u
2.03774 -19.4229 7 u
2.06315 -19.4642 7 u
2.08857 -19.5055 7 u
2.11398 -19.5467 7 u
2.13939 -19.588 7 u
2.16481 -19.6293 7 u
2.19022 -19.6706 7 u
2.21564 -19.7118 7 u
2.24105 -19.7531 7 u
2.26646 -19.7944 7 u
2.29188 -19.8357 7 u
2.31729 -19.8769 7 u
2.3427 -19.9182 7 u

-0.817439 -11.3241 7 u
-0.780008 -11.3778 7 u
-0.742578 -11.4315 7 u
-0.705147 -11.4853 7 u
-0.667717 -11.539 7 u
-0.630286 -11.5927 7 u
-0.592856 -11.6464 7 u
-0.555425 -11.7002 7 u
-0.517995 -11.7539 7 u
-0.480564 -11.8076 7 u
-0.443134 -11.8614 7 u
-0.405703 -11.9151 7 u
-0.368273 -11.9688 7 u
-0.330842 -12.0225 7 u
-0.293412 -12.0763 7 u
-0.255981 -12.13 7 u
-0.218551 -12.1837 7 u
-0.18112 -12.2375 7 u
-0.14369 -12.2912 7 u
-0.106259 -12.3449 7 u
-0.0688286 -12.3986 7 u
-0.031398 -12.4524 7 u
0.00603248 -12.5061 7 u
0.043463 -12.5598 7 u
0.0808935 -12.6136 7 u
0.118324 -12.6673 7 u
0.155755 -12.721 7 u
0.193185 -12.7747 7 u
0.230616 -12.8285 7 u
0.268046 -12.8822 7 u
0.305477 -12.9359 7 u
0.342907 -12.9897 7 u
0.380338 -13.0434 7 u
0.417768 -13.0971 7 u
0.455199 -13.1508 7 u
0.492629 -13.2046 7 u
0.53006 -13.2583 7 u
0.56749 -13.312 7 u
0.604921 -13.3658 7 u
0.642351 -13.4195 7 u
0.679782 -13.4732 7 u
0.717212 -13.5269 7 u
0.754643 -13.5807 7 u
0.792073 -13.6344 7 u
0.829504 -13.6881 7 u
0.866934 -13.7419 7 u
0.904365 -13.7956 7 u
0.941795 -13.8493 7 u
0.979226 -13.903 7 u
1.01666 -13.9568 7 u
1.05409 -14.0105 7 u
1.09152 -14.0642 7 u
1.12895 -14.118 7 u
1.16638 -14.1717 7 u
1.20381 -14.2254 7 u
1.24124 -14.2791 7 u
1.27867 -14.3329 7 u
1.3161 -14.3866 7 u
1.35353 -14.4403 7 u
1.39096 -14.4941 7 u
1.42839 -14.5478 7 u
1.46582 -14.6015 7 u
1.50325 -14.6552 7 u
1.54068 -14.709 7 u
1.57811 -14.7627 7 u
1.61554 -14.8164 7 u
1.65298 -14.8702 7 u
1.69041 -14.9239 7 u
1.72784 -14.9776 7 u
1.76527 -15.0313 7 u
1.8027 -15.0851 7 u
1.84013 -15.1388 7 u
1.87756 -15.1925 7 u
1.91499 -15.2463 7 u
1.95242 -15.3 7 u
1.98985 -15.3537 7 u
2.02728 -15.4074 7 u
2.06471 -15.4612 7 u
2.10214 -15.5149 7 u
2.13957 -15.5686 7 u
2.177 -15.6224 7 u
2.21443 -15.6761 7 u
2.25186 -15.7298 7 u
2.28929 -15.7835 7 u
2.32672 -15.8373 7 u
2.36416 -15.891 7 u
2.40159 -15.9447 7 u
2.43902 -15.9985 7 u
2.47645 -16.0522 7 u
2.51388 -16.1059 7 u
2.55131 -16.1596 7 u
2.58874 -16.2134 7 u
2.62617 -16.2671 7 u
2.6636 -16.3208 7 u
2.70103 -16.3746 7 u
2.73846 -16.4283 7 u
2.77589 -16.482 7 u
2.81332 -16.5357 7 u
2.85075 -16.5895 7 u
2.88818 -16.6432 7 u
2.92561 -16.6969 7 u
2.96304 -16.7507 7 u
3.00047 -16.8044 7 u
3.0379 -16.8581 7 u
3.07534 -16.9118 7 u
3.11277 -16.9656 7 u
3.1502 -17.0193 7 u
3.18763 -17.073 7 u
3.22506 -17.1268 7 u
3.26249 -17.1805 7 u
3.29992 -17.2342 7 u
3.33735 -17.2879 7 u
3.37478 -17.3417 7 u
3.41221 -17.3954 7 u
3.44964 -17.4491 7 u
3.48707 -17.5029 7 u
3.5245 -17.5566 7 u
3.56193 -17.6103 7 u
3.59936 -17.664 7 u
3.63679 -17.7178 7 u
3.67422 -17.7715 7 u
3.71165 -17.8252 7 u
3.74908 -17.879 7 u
3.78651 -17.9327 7 u
3.82395 -17.9864 7 u
3.86138 -18.0402 7 u
3.89881 -18.0939 7 u
3.93624 -18.1476 7 u
3.97367 -18.2013 7 u
4.0111 -18.2551 7 u
4.04853 -18.3088 7 u
4.08596 -18.3625 7 u
4.12339 -18.4163 7 u
4.16082 -18.47 7 u
4.19825 -18.5237 7 u
4.23568 -18.5774 7 u
4.27311 -18.6312 7 u
4.31054 -18.6849 7 u
4.34797 -18.7386 7 u
4.3854 -18.7924 7 u
4.42283 -18.8461 7 u
4.46026 -18.8998 7 u
4.49769 -18.9535 7 u
4.53513 -19.0073 7 u
4.57256 -19.061 7 u
4.60999 -19.1147 7 u
4.64742 -19.1685 7 u
4.68485 -19.2222 7 u
4.72228 -19.2759 7 u
4.75971 -19.3296 7 u
4.79714 -19.3834 7 u
4.83457 -19.4371 7 u
4.872 -19.4908 7 u
4.90943 -19.5446 7 u
4.94686 -19.5983 7 u
4.98429 -19.652 7 u
5.02172 -19.7057 7 u
5.05915 -19.7595 7 u
5.09658 -19.8132 7 u
5.13401 -19.8669 7 u
5.17144 -19.9207 7 u

-0.649527 -9.14321 7 u
-0.595447 -9.21058 7 u
-0.541367 -9.27796 7 u
-0.487287 -9.34534 7 u
-0.433207 -9.41271 7 u
-0.379127 -9.48009 7 u
-0.325048 -9.54747 7 u
-0.270968 -9.61484 7 u
-0.216888 -9.68222 7 u
-0.162808 -9.7496 7 u
-0.108728 -9.81697 7 u
-0.0546482 -9.88435 7 u
-0.000568369 -9.95173 7 u
0.0535115 -10.0191 7 u
0.107591 -10.0865 7 u
0.161671 -10.1539 7 u
0.215751 -10.2212 7 u
0.269831 -10.2886 7 u
0.323911 -10.356 7 u
0.377991 -10.4234 7 u
0.432071 -10.4907 7 u
0.48615 -10.5581 7 u
0.54023 -10.6255 7 u
0.59431 -10.6929 7 u
0.64839 -10.7602 7 u
0.70247 -10.8276 7 u
0.75655 -10.895 7 u
0.81063 -10.9624 7 u
0.86471 -11.0298 7 u
0.918789 -11.0971 7 u
0.972869 -11.1645 7 u
1.02695 -11.2319 7 u
1.08103 -11.2993 7 u
1.13511 -11.3666 7 u
1.18919 -11.434 7 u
1.24327 -11.5014 7 u
1.29735 -11.5688 7 u
1.35143 -11.6361 7 u
1.40551 -11.7035 7 u
1.45959 -11.7709 7 u
1.51367 -11.8383 7 u
1.56775 -11.9057 7 u
1.62183 -11.973 7 u
1.67591 -12.0404 7 u
1.72999 -12.1078 7 u
1.78407 -12.1752 7 u
1.83815 -12.2425 7 u
1.89223 -12.3099 7 u
1.94631 -12.3773 7 u
2.00039 -12.4447 7 u
2.05447 -12.512 7 u
2.10855 -12.5794 7 u
2.16263 -12.6468 7 u
2.21671 -12.7142 7 u
2.27079 -12.7815 7 u
2.32487 -12.8489 7 u
2.37895 -12.9163 7 u
2.43303 -12.9837 7 u
2.48711 -13.0511 7 u
2.54119 -13.1184 7 u
2.59527 -13.1858 7 u
2.64935 -13.2532 7 u
2.70343 -13.3206 7 u
2.75751 -13.3879 7 u
2.81158 -13.4553 7 u
2.86566 -13.5227 7 u
2.91974 -13.5901 7 u
2.97382 -13.6574 7 u
3.0279 -13.7248 7 u
3.08198 -13.7922 7 u
3.13606 -13.8596 7 u
3.19014 -13.927 7 u
3.24422 -13.9943 7 u
3.2983 -14.0617 7 u
3.35238 -14.1291 7 u
3.40646 -14.1965 7 u
3.46054 -14.2638 7 u
3.51462 -14.3312 7 u
3.5687 -14.3986 7 u
3.62278 -14.466 7 u
3.67686 -14.5333 7 u
3.73094 -14.6007 7 u
3.78502 -14.6681 7 u
3.8391 -14.7355 7 u
3.89318 -14.8029 7 u
3.94726 -14.8702 7 u
4.00134 -14.9376 7 u
4.05542 -15.005 7 u
4.1095 -15.0724 7 u
4.16358 -15.1397 7 u
4.21766 -15.2071 7 u
4.27174 -15.2745 7 u
4.32582 -15.3419 7 u
4.3799 -15.4092 7 u
4.43398 -15.4766 7 u
4.48806 -15.544 7 u
4.54214 -15.6114 7 u
4.59622 -15.6787 7 u
4.6503 -15.7461 7 u
4.70438 -15.8135 7 u
4.75846 -15.8809 7 u
4.81254 -15.9483 7 u
4.86662 -16.0156 7 u
4.9207 -16.083 7 u
4.97478 -16.1504 7 u
5.02886 -16.2178 7 u
5.08294 -16.2851 7 u
5.13702 -16.3525 7 u
5.1911 -16.4199 7 u
5.24518 -16.4873 7 u
5.29926 -16.5546 7 u
5.35334 -16.622 7 u
5.40742 -16.6894 7 u
5.4615 -16.7568 7 u
5.51558 -16.8242 7 u
5.56966 -16.8915 7 u
5.62374 -16.9589 7 u
5.67782 -17.0263 7 u
5.7319 -17.0937 7 u
5.78598 -17.161 7 u
5.84006 -17.2284 7 u
5.89414 -17.2958 7 u
5.94822 -17.3632 7 u
6.0023 -17.4305 7 u
6.05638 -17.4979 7 u
6.11046 -17.5653 7 u
6.16454 -17.6327 7 u
6.21862 -17.7001 7 u
6.2727 -17.7674 7 u
6.32678 -17.8348 7 u
6.38086 -17.9022 7 u
6.43494 -17.9696 7 u
6.48902 -18.0369 7 u
6.5431 -18.1043 7 u
6.59718 -18.1717 7 u
6.65126 -18.2391 7 u
6.70534 -18.3064 7 u
6.75942 -18.3738 7 u
6.8135 -18.4412 7 u
6.86758 -18.5086 7 u
6.92166 -18.5759 7 u
6.97573 -18.6433 7 u
7.02981 -18.7107 7 u
7.08389 -18.7781 7 u
7.13797 -18.8455 7 u
7.19205 -18.9128 7 u
7.24613 -18.9802 7 u
7.30021 -19.0476 7 u
7.35429 -19.115 7 u
7.40837 -19.1823 7 u
7.46245 -19.2497 7 u
7.51653 -19.3171 7 u
7.57061 -19.3845 7 u
7.62469 -19.4518 7 u
7.67877 -19.5192 7 u
7.73285 -19.5866 7 u
7.78693 -19.654 7 u
7.84101 -19.7214 7 u
7.89509 -19.7887 7 u
7.94917 -19.8561 7 u
8.00325 -19.9235 7 u

-13.8795 -14.6411 7 v
-13.7821 -14.6919 7 v
-13.6842 -14.7416 7 v
-13.5857 -14.7902 7 v
-13.4867 -14.8379 7 v
-13.3873 -14.8845 7 v
-13.2873 -14.9301 7 v
-13.1869 -14.9747 7 v
-13.086 -15.0182 7 v
-12.9847 -15.0608 7 v
-12.883 -15.1024 7 v
-12.7808 -15.1429 7 v
-12.6782 -15.1825 7 v
-12.5753 -15.221 7 v
-12.472 -15.2586 7 v
-12.3683 -15.2952 7 v
-12.2643 -15.3308 7 v
-12.16 -15.3654 7 v
-12.0553 -15.3991 7 v
-11.9504 -15.4318 7 v
-11.8451 -15.4635 7 v
-11.7396 -15.4942 7 v
-11.6339 -15.524 7 v
-11.5279 -15.5528 7 v
-11.4216 -15.5807 7 v
-11.3151 -15.6076 7 v
-11.2084 -15.6336 7 v
-11.1014 -15.6587 7 v
-10.9943 -15.6828 7 v
-10.8869 -15.706 7 v
-10.7793 -15.7283 7 v
-10.6716 -15.7497 7 v
-10.5636 -15.7702 7 v
-10.4555 -15.7898 7 v
-10.3472 -15.8085 7 v
-10.2388 -15.8263 7 v
-10.1302 -15.8433 7 v
-10.0214 -15.8594 7 v
-9.91254 -15.8746 7 v
-9.80353 -15.8889 7 v
-9.6944 -15.9024 7 v
-9.58516 -15.915 7 v
-9.47581 -15.9268 7 v
-9.36637 -15.9377 7 v
-9.25684 -15.9477 7 v
-9.14723 -15.9569 7 v
-9.03755 -15.9651 7 v
-8.92781 -15.9725 7 v
-8.81801 -15.979 7 v
-8.70817 -15.9846 7 v
-8.59829 -15.9892 7 v
-8.48839 -15.993 7 v
-8.37847 -15.9958 7 v
-8.26853 -15.9977 7 v
-8.1586 -15.9986 7 v
-8.04867 -15.9986 7 v
-7.93875 -15.9976 7 v
-7.82886 -15.9957 7 v
-7.719 -15.9927 7 v
-7.60919 -15.9889 7 v
-7.49942 -15.984 7 v
-7.38971 -15.9781 7 v
-7.28007 -15.9713 7 v
-7.17051 -15.9634 7 v
-7.06104 -15.9544 7 v
-6.95166 -15.9445 7 v
-6.8424 -15.9334 7 v
-6.73325 -15.9213 7 v
-6.62424 -15.9081 7 v
-6.51536 -15.8938 7 v
-6.40664 -15.8784 7 v
-6.29808 -15.8619 7 v
-6.18968 -15.8442 7 v
-6.08147 -15.8253 7 v
-5.97345 -15.8053 7 v
-5.86563 -15.7841 7 v
-5.75803 -15.7617 7 v
-5.65065 -15.738 7 v
-5.54349 -15.7132 7 v
-5.43659 -15.6871 7 v
-5.32993 -15.6597 7 v
-5.22355 -15.6311 7 v
-5.11747 -15.6012 7 v
-5.01174 -15.57 7 v
-4.9064 -15.5374 7 v
-4.80149 -15.5034 7 v
-4.69706 -15.4681 7 v
-4.59315 -15.4313 7 v
-4.4898 -15.393 7 v
-4.38705 -15.3533 7 v
-4.28495 -15.3121 7 v
-4.18354 -15.2693 7 v
-4.08287 -15.225 7 v
-3.98296 -15.1791 7 v
-3.88388 -15.1316 7 v
-3.78565 -15.0825 7 v
-3.68833 -15.0317 7 v
-3.59195 -14.9792 7 v
-3.49656 -14.9251 7 v
-3.4022 -14.8691 7 v
-3.30891 -14.8114 7 v
-3.21673 -14.7519 7 v
-3.12571 -14.6907 7 v
-3.03587 -14.6277 7 v
-2.94725 -14.563 7 v
-2.85988 -14.4966 7 v
-2.7738 -14.4286 7 v
-2.68905 -14.3589 7 v
-2.60565 -14.2875 7 v
-2.52365 -14.2146 7 v
-2.44308 -14.1401 7 v
-2.36396 -14.0641 7 v
-2.28635 -13.9865 7 v
-2.21027 -13.9075 7 v
-2.13575 -13.827 7 v
-2.06284 -13.745 7 v
-1.99156 -13.6616 7 v
-1.92196 -13.5768 7 v
-1.85406 -13.4907 7 v
-1.7879 -13.4032 7 v
-1.72351 -13.3143 7 v
-1.66093 -13.2242 7 v
-1.60017 -13.1328 7 v
-1.54121 -13.0403 7 v
-1.48407 -12.9465 7 v
-1.42874 -12.8516 7 v
-1.37523 -12.7557 7 v
-1.32354 -12.6587 7 v
-1.27366 -12.5607 7 v
-1.22561 -12.4618 7 v
-1.17937 -12.362 7 v
-1.13496 -12.2613 7 v
-1.09237 -12.1598 7 v
-1.05161 -12.0576 7 v
-1.01267 -11.9546 7 v
-0.975557 -11.851 7 v
-0.940273 -11.7467 7 v
-0.906818 -11.6418 7 v
-0.875193 -11.5364 7 v
-0.8454 -11.4305 7 v
-0.817439 -11.3241 7 v
-0.791313 -11.2173 7 v
-0.767025 -11.1101 7 v
-0.744581 -11.0025 7 v
-0.723984 -10.8947 7 v
-0.70524 -10.7865 7 v
-0.688353 -10.678 7 v
-0.673328 -10.5692 7 v
-0.660169 -10.4603 7 v
-0.648881 -10.3511 7 v
-0.639469 -10.2417 7 v
-0.631937 -10.1322 7 v
-0.62629 -10.0225 7 v
-0.622533 -9.9127 7 v
-0.620669 -9.80283 7 v
-0.620705 -9.6929 7 v
-0.622644 -9.58293 7 v
-0.626491 -9.47295 7 v
-0.632251 -9.36299 7 v
-0.639928 -9.25306 7 v
-0.649527 -9.14321 7 v

-13.973 -15.3006 7 v
-13.8701 -15.345 7 v
-13.7667 -15.3884 7 v
-13.6629 -15.431 7 v
-13.5586 -15.4727 7 v
-13.4539 -15.5134 7 v
-13.3488 -15.5533 7 v
-13.2432 -15.5923 7 v
-13.1373 -15.6304 7 v
-13.031 -15.6677 7 v
-12.9243 -15.704 7 v
-12.8172 -15.7395 7 v
-12.7098 -15.7741 7 v
-12.602 -15.8078 7 v
-12.494 -15.8407 7 v
-12.3856 -15.8727 7 v
-12.2769 -15.9039 7 v
-12.1679 -15.9341 7 v
-12.0587 -15.9636 7 v
-11.9492 -15.9922 7 v
-11.8394 -16.0199 7 v
-11.7294 -16.0468 7 v
-11.6192 -16.0728 7 v
-11.5088 -16.098 7 v
-11.3981 -16.1224 7 v
-11.2872 -16.146 7 v
-11.1762 -16.1687 7 v
-11.0649 -16.1906 7 v
-10.9535 -16.2118 7 v
-10.8418 -16.2321 7 v
-10.73 -16.2516 7 v
-10.6181 -16.2703 7 v
-10.5059 -16.2882 7 v
-10.3937 -16.3054 7 v
-10.2812 -16.3217 7 v
-10.1687 -16.3373 7 v
-10.056 -16.3521 7 v
-9.94313 -16.3662 7 v
-9.83018 -16.3795 7 v
-9.71712 -16.392 7 v
-9.60395 -16.4038 7 v
-9.49068 -16.4149 7 v
-9.37732 -16.4252 7 v
-9.26388 -16.4347 7 v
-9.15036 -16.4435 7 v
-9.03677 -16.4515 7 v
-8.92312 -16.4587 7 v
-8.80942 -16.4652 7 v
-8.69567 -16.4709 7 v
-8.58188 -16.4757 7 v
-8.46806 -16.4798 7 v
-8.35421 -16.4831 7 v
-8.24035 -16.4855 7 v
-8.12648 -16.4872 7 v
-8.01261 -16.488 7 v
-7.89874 -16.488 7 v
-7.78489 -16.4871 7 v
-7.67106 -16.4854 7 v
-7.55726 -16.4829 7 v
-7.44349 -16.4795 7 v
-7.32977 -16.4752 7 v
-7.2161 -16.4701 7 v
-7.10248 -16.4641 7 v
-6.98894 -16.4572 7 v
-6.87548 -16.4494 7 v
-6.7621 -16.4407 7 v
-6.64882 -16.431 7 v
-6.53564 -16.4204 7 v
-6.42258 -16.4089 7 v
-6.30964 -16.3964 7 v
-6.19683 -16.3829 7 v
-6.08416 -16.3684 7 v
-5.97164 -16.3529 7 v
-5.85928 -16.3365 7 v
-5.74709 -16.3189 7 v
-5.63507 -16.3004 7 v
-5.52324 -16.2808 7 v
-5.41161 -16.2601 7 v
-5.30017 -16.2384 7 v
-5.18895 -16.2155 7 v
-5.07795 -16.1916 7 v
-4.96718 -16.1666 7 v
-4.85668 -16.1404 7 v
-4.74649 -16.1131 7 v
-4.63664 -16.0846 7 v
-4.52717 -16.0549 7 v
-4.41811 -16.0239 7 v
-4.30951 -15.9918 7 v
-4.2014 -15.9583 7 v
-4.09381 -15.9236 7 v
-3.9868 -15.8875 7 v
-3.88038 -15.8501 7 v
-3.77461 -15.8114 7 v
-3.66951 -15.7712 7 v
-3.56513 -15.7297 7 v
-3.4615 -15.6867 7 v
-3.35867 -15.6422 7 v
-3.25666 -15.5963 7 v
-3.15551 -15.5489 7 v
-3.05526 -15.5 7 v
-2.95596 -15.4495 7 v
-2.85763 -15.3975 7 v
-2.7603 -15.3439 7 v
-2.66402 -15.2888 7 v
-2.5688 -15.2322 7 v
-2.47468 -15.1741 7 v
-2.38168 -15.1146 7 v
-2.28985 -15.0536 7 v
-2.1992 -14.9912 7 v
-2.10978 -14.9274 7 v
-2.0216 -14.8622 7 v
-1.9347 -14.7957 7 v
-1.84912 -14.7279 7 v
-1.76487 -14.6587 7 v
-1.68199 -14.5883 7 v
-1.60052 -14.5166 7 v
-1.52048 -14.4436 7 v
-1.4419 -14.3695 7 v
-1.36481 -14.2941 7 v
-1.28925 -14.2175 7 v
-1.21524 -14.1398 7 v
-1.1428 -14.061 7 v
-1.07196 -13.981 7 v
-1.00269 -13.9 7 v
-0.935018 -13.818 7 v
-0.86893 -13.735 7 v
-0.80443 -13.6511 7 v
-0.741521 -13.5662 7 v
-0.680202 -13.4805 7 v
-0.620474 -13.394 7 v
-0.56234 -13.3067 7 v
-0.5058 -13.2186 7 v
-0.450854 -13.1298 7 v
-0.397504 -13.0404 7 v
-0.345752 -12.9503 7 v
-0.295597 -12.8596 7 v
-0.247041 -12.7684 7 v
-0.200085 -12.6766 7 v
-0.154731 -12.5844 7 v
-0.110978 -12.4917 7 v
-0.0688286 -12.3986 7 v
-0.0282838 -12.3052 7 v
0.0106529 -12.2114 7 v
0.0479777 -12.1174 7 v
0.0836865 -12.023 7 v
0.117775 -11.9283 7 v
0.150241 -11.8334 7 v
0.181078 -11.7383 7 v
0.210284 -11.643 7 v
0.237855 -11.5474 7 v
0.263786 -11.4517 7 v
0.288074 -11.3559 7 v
0.310715 -11.26 7 v
0.331704 -11.1639 7 v
0.351039 -11.0678 7 v
0.368714 -10.9716 7 v
0.384727 -10.8754 7 v
0.399073 -10.7792 7 v
0.411748 -10.683 7 v
0.422749 -10.5868 7 v
0.432071 -10.4907 7 v

-14.0664 -15.9601 7 v
-13.9581 -15.9981 7 v
-13.8493 -16.0353 7 v
-13.7401 -16.0718 7 v
-13.6305 -16.1075 7 v
-13.5206 -16.1424 7 v
-13.4102 -16.1766 7 v
-13.2996 -16.21 7 v
-13.1886 -16.2426 7 v
-13.0772 -16.2745 7 v
-12.9656 -16.3057 7 v
-12.8536 -16.3361 7 v
-12.7413 -16.3657 7 v
-12.6288 -16.3946 7 v
-12.5159 -16.4228 7 v
-12.4028 -16.4502 7 v
-12.2895 -16.4769 7 v
-12.1759 -16.5028 7 v
-12.062 -16.5281 7 v
-11.948 -16.5525 7 v
-11.8337 -16.5763 7 v
-11.7192 -16.5993 7 v
-11.6045 -16.6217 7 v
-11.4897 -16.6433 7 v
-11.3746 -16.6642 7 v
-11.2594 -16.6843 7 v
-11.144 -16.7038 7 v
-11.0284 -16.7226 7 v
-10.9127 -16.7407 7 v
-10.7968 -16.7581 7 v
-10.6808 -16.7748 7 v
-10.5646 -16.7909 7 v
-10.4483 -16.8062 7 v
-10.3318 -16.8209 7 v
-10.2153 -16.8349 7 v
-10.0986 -16.8483 7 v
-9.98175 -16.861 7 v
-9.86483 -16.873 7 v
-9.74781 -16.8844 7 v
-9.6307 -16.8952 7 v
-9.51349 -16.9053 7 v
-9.3962 -16.9147 7 v
-9.27883 -16.9236 7 v
-9.16139 -16.9317 7 v
-9.04388 -16.9393 7 v
-8.92631 -16.9461 7 v
-8.80869 -16.9523 7 v
-8.69103 -16.9579 7 v
-8.57332 -16.9627 7 v
-8.45558 -16.9669 7 v
-8.33782 -16.9704 7 v
-8.22003 -16.9732 7 v
-8.10223 -16.9753 7 v
-7.98443 -16.9767 7 v
-7.86662 -16.9774 7 v
-7.74882 -16.9774 7 v
-7.63103 -16.9767 7 v
-7.51325 -16.9752 7 v
-7.39551 -16.973 7 v
-7.27779 -16.9701 7 v
-7.16011 -16.9665 7 v
-7.04248 -16.9621 7 v
-6.9249 -16.9569 7 v
-6.80737 -16.951 7 v
-6.68992 -16.9444 7 v
-6.57254 -16.9369 7 v
-6.45524 -16.9286 7 v
-6.33803 -16.9195 7 v
-6.22092 -16.9096 7 v
-6.10391 -16.8989 7 v
-5.98702 -16.8874 7 v
-5.87025 -16.875 7 v
-5.7536 -16.8617 7 v
-5.6371 -16.8476 7 v
-5.52073 -16.8326 7 v
-5.40451 -16.8167 7 v
-5.28846 -16.7999 7 v
-5.17257 -16.7822 7 v
-5.05685 -16.7636 7 v
-4.94131 -16.744 7 v
-4.82597 -16.7235 7 v
-4.71082 -16.7021 7 v
-4.5959 -16.6796 7 v
-4.48125 -16.6562 7 v
-4.36688 -16.6318 7 v
-4.25284 -16.6063 7 v
-4.13916 -16.5798 7 v
-4.02587 -16.5523 7 v
-3.91299 -16.5236 7 v
-3.80057 -16.4938 7 v
-3.68864 -16.4629 7 v
-3.57722 -16.4309 7 v
-3.46635 -16.3977 7 v
-3.35606 -16.3633 7 v
-3.24639 -16.3277 7 v
-3.13736 -16.2908 7 v
-3.029 -16.2528 7 v
-2.92136 -16.2134 7 v
-2.81446 -16.1728 7 v
-2.70833 -16.1309 7 v
-2.60301 -16.0876 7 v
-2.49852 -16.043 7 v
-2.3949 -15.9971 7 v
-2.29217 -15.9499 7 v
-2.19035 -15.9014 7 v
-2.08947 -15.8516 7 v
-1.98956 -15.8006 7 v
-1.89065 -15.7484 7 v
-1.79275 -15.6949 7 v
-1.6959 -15.6402 7 v
-1.60012 -15.5844 7 v
-1.50544 -15.5274 7 v
-1.41188 -15.4692 7 v
-1.31947 -15.41 7 v
-1.22824 -15.3496 7 v
-1.1382 -15.2882 7 v
-1.0494 -15.2257 7 v
-0.961842 -15.1621 7 v
-0.875568 -15.0975 7 v
-0.790598 -15.0319 7 v
-0.706959 -14.9653 7 v
-0.624673 -14.8977 7 v
-0.543745 -14.8292 7 v
-0.464176 -14.7598 7 v
-0.385966 -14.6895 7 v
-0.309116 -14.6184 7 v
-0.233628 -14.5465 7 v
-0.159502 -14.4738 7 v
-0.0867389 -14.4003 7 v
-0.0153398 -14.3262 7 v
0.0546945 -14.2513 7 v
0.123363 -14.1759 7 v
0.190665 -14.0998 7 v
0.2566 -14.0231 7 v
0.321166 -13.9459 7 v
0.384364 -13.8682 7 v
0.446191 -13.79 7 v
0.506647 -13.7114 7 v
0.565732 -13.6324 7 v
0.623444 -13.553 7 v
0.679782 -13.4732 7 v
0.734745 -13.3932 7 v
0.788331 -13.3128 7 v
0.840536 -13.2322 7 v
0.891357 -13.1513 7 v
0.940791 -13.0702 7 v
0.988835 -12.9889 7 v
1.03548 -12.9073 7 v
1.08074 -12.8256 7 v
1.12459 -12.7438 7 v
1.16704 -12.6618 7 v
1.20809 -12.5797 7 v
1.24772 -12.4974 7 v
1.28594 -12.4151 7 v
1.32275 -12.3328 7 v
1.35813 -12.2504 7 v
1.3921 -12.1679 7 v
1.42464 -12.0855 7 v
1.45575 -12.003 7 v
1.48542 -11.9206 7 v
1.51367 -11.8383 7 v

-14.1599 -16.6195 7 v
-14.0461 -16.6512 7 v
-13.9318 -16.6822 7 v
-13.8173 -16.7125 7 v
-13.7024 -16.7423 7 v
-13.5872 -16.7714 7 v
-13.4717 -16.7998 7 v
-13.3559 -16.8276 7 v
-13.2398 -16.8548 7 v
-13.1235 -16.8814 7 v
-13.0069 -16.9073 7 v
-12.89 -16.9327 7 v
-12.7729 -16.9573 7 v
-12.6555 -16.9814 7 v
-12.5379 -17.0049 7 v
-12.4201 -17.0277 7 v
-12.3021 -17.0499 7 v
-12.1838 -17.0715 7 v
-12.0654 -17.0925 7 v
-11.9468 -17.1129 7 v
-11.828 -17.1327 7 v
-11.709 -17.1519 7 v
-11.5899 -17.1705 7 v
-11.4706 -17.1885 7 v
-11.3511 -17.2059 7 v
-11.2315 -17.2227 7 v
-11.1118 -17.2389 7 v
-10.9919 -17.2546 7 v
-10.8719 -17.2696 7 v
-10.7518 -17.2841 7 v
-10.6315 -17.2981 7 v
-10.5111 -17.3114 7 v
-10.3906 -17.3242 7 v
-10.27 -17.3364 7 v
-10.1493 -17.3481 7 v
-10.0285 -17.3592 7 v
-9.90755 -17.3698 7 v
-9.78654 -17.3798 7 v
-9.66545 -17.3893 7 v
-9.54428 -17.3983 7 v
-9.42303 -17.4067 7 v
-9.30172 -17.4146 7 v
-9.18034 -17.4219 7 v
-9.05889 -17.4288 7 v
-8.9374 -17.435 7 v
-8.81585 -17.4407 7 v
-8.69426 -17.4459 7 v
-8.57264 -17.4505 7 v
-8.45098 -17.4546 7 v
-8.32929 -17.4581 7 v
-8.20758 -17.461 7 v
-8.08585 -17.4633 7 v
-7.96412 -17.4651 7 v
-7.84237 -17.4662 7 v
-7.72063 -17.4668 7 v
-7.59889 -17.4668 7 v
-7.47716 -17.4662 7 v
-7.35545 -17.465 7 v
-7.23376 -17.4632 7 v
-7.11209 -17.4608 7 v
-6.99046 -17.4577 7 v
-6.86886 -17.4541 7 v
-6.74731 -17.4498 7 v
-6.62581 -17.4449 7 v
-6.50436 -17.4393 7 v
-6.38298 -17.4331 7 v
-6.26166 -17.4262 7 v
-6.14042 -17.4186 7 v
-6.01926 -17.4104 7 v
-5.89819 -17.4015 7 v
-5.77721 -17.3919 7 v
-5.65634 -17.3815 7 v
-5.53556 -17.3705 7 v
-5.41491 -17.3587 7 v
-5.29437 -17.3462 7 v
-5.17395 -17.333 7 v
-5.05367 -17.319 7 v
-4.93353 -17.3043 7 v
-4.81353 -17.2887 7 v
-4.69368 -17.2725 7 v
-4.57398 -17.2554 7 v
-4.45446 -17.2375 7 v
-4.33512 -17.2188 7 v
-4.216 -17.1993 7 v
-4.09713 -17.179 7 v
-3.97852 -17.1578 7 v
-3.86021 -17.1357 7 v
-3.74222 -17.1128 7 v
-3.62459 -17.0889 7 v
-3.50733 -17.0641 7 v
-3.39048 -17.0383 7 v
-3.27406 -17.0117 7 v
-3.15809 -16.984 7 v
-3.04261 -16.9553 7 v
-2.92764 -16.9257 7 v
-2.81321 -16.895 7 v
-2.69934 -16.8633 7 v
-2.58607 -16.8305 7 v
-2.47341 -16.7967 7 v
-2.3614 -16.7618 7 v
-2.25006 -16.7257 7 v
-2.13942 -16.6886 7 v
-2.0295 -16.6503 7 v
-1.92032 -16.611 7 v
-1.8119 -16.5706 7 v
-1.70427 -16.5291 7 v
-1.59745 -16.4866 7 v
-1.49145 -16.4431 7 v
-1.3863 -16.3986 7 v
-1.28203 -16.353 7 v
-1.17865 -16.3065 7 v
-1.07618 -16.259 7 v
-0.974647 -16.2106 7 v
-0.874073 -16.1612 7 v
-0.774478 -16.1109 7 v
-0.675884 -16.0598 7 v
-0.578312 -16.0077 7 v
-0.481785 -15.9547 7 v
-0.386323 -15.9009 7 v
-0.291948 -15.8463 7 v
-0.198682 -15.7908 7 v
-0.106543 -15.7345 7 v
-0.0155344 -15.6774 7 v
0.0743421 -15.6196 7 v
0.163086 -15.5611 7 v
0.250697 -15.5018 7 v
0.337174 -15.4419 7 v
0.422517 -15.3813 7 v
0.506724 -15.3201 7 v
0.589795 -15.2583 7 v
0.671729 -15.196 7 v
0.752526 -15.1331 7 v
0.832185 -15.0698 7 v
0.910704 -15.0059 7 v
0.988084 -14.9416 7 v
1.06432 -14.8768 7 v
1.13942 -14.8117 7 v
1.21338 -14.7462 7 v
1.28619 -14.6804 7 v
1.35787 -14.6142 7 v
1.42839 -14.5478 7 v
1.49777 -14.4811 7 v
1.56601 -14.4142 7 v
1.63309 -14.347 7 v
1.69903 -14.2796 7 v
1.76381 -14.212 7 v
1.82743 -14.1443 7 v
1.88989 -14.0764 7 v
1.95119 -14.0083 7 v
2.01133 -13.9401 7 v
2.0703 -13.8718 7 v
2.1281 -13.8034 7 v
2.18472 -13.7349 7 v
2.24018 -13.6664 7 v
2.29446 -13.5977 7 v
2.34755 -13.5291 7 v
2.39947 -13.4604 7 v
2.4502 -13.3917 7 v
2.49975 -13.3231 7 v
2.5481 -13.2544 7 v
2.59527 -13.1858 7 v

-14.2534 -17.279 7 v
-14.134 -17.3043 7 v
-14.0144 -17.329 7 v
-13.8945 -17.3533 7 v
-13.7743 -17.3771 7 v
-13.6538 -17.4003 7 v
-13.5332 -17.4231 7 v
-13.4123 -17.4453 7 v
-13.2911 -17.467 7 v
-13.1698 -17.4883 7 v
-13.0482 -17.509 7 v
-12.9264 -17.5292 7 v
-12.8044 -17.549 7 v
-12.6823 -17.5682 7 v
-12.5599 -17.5869 7 v
-12.4374 -17.6052 7 v
-12.3147 -17.623 7 v
-12.1918 -17.6402 7 v
-12.0688 -17.657 7 v
-11.9456 -17.6733 7 v
-11.8223 -17.6891 7 v
-11.6988 -17.7045 7 v
-11.5752 -17.7193 7 v
-11.4515 -17.7337 7 v
-11.3277 -17.7476 7 v
-11.2037 -17.7611 7 v
-11.0796 -17.774 7 v
-10.9554 -17.7865 7 v
-10.8311 -17.7986 7 v
-10.7067 -17.8102 7 v
-10.5822 -17.8213 7 v
-10.4576 -17.832 7 v
-10.3329 -17.8422 7 v
-10.2082 -17.852 7 v
-10.0833 -17.8613 7 v
-9.95836 -17.8702 7 v
-9.83334 -17.8787 7 v
-9.70825 -17.8867 7 v
-9.58309 -17.8943 7 v
-9.45786 -17.9014 7 v
-9.33258 -17.9082 7 v
-9.20724 -17.9145 7 v
-9.08184 -17.9203 7 v
-8.9564 -17.9258 7 v
-8.83092 -17.9308 7 v
-8.70539 -17.9354 7 v
-8.57984 -17.9395 7 v
-8.45425 -17.9432 7 v
-8.32863 -17.9464 7 v
-8.203 -17.9492 7 v
-8.07734 -17.9515 7 v
-7.95168 -17.9534 7 v
-7.826 -17.9548 7 v
-7.70032 -17.9558 7 v
-7.57464 -17.9562 7 v
-7.44897 -17.9562 7 v
-7.3233 -17.9558 7 v
-7.19764 -17.9548 7 v
-7.07201 -17.9533 7 v
-6.94639 -17.9514 7 v
-6.8208 -17.949 7 v
-6.69525 -17.9461 7 v
-6.56972 -17.9426 7 v
-6.44424 -17.9387 7 v
-6.3188 -17.9343 7 v
-6.19341 -17.9293 7 v
-6.06808 -17.9238 7 v
-5.94281 -17.9178 7 v
-5.8176 -17.9112 7 v
-5.69247 -17.904 7 v
-5.5674 -17.8964 7 v
-5.44242 -17.8881 7 v
-5.31753 -17.8793 7 v
-5.19272 -17.8699 7 v
-5.06801 -17.8599 7 v
-4.94339 -17.8493 7 v
-4.81889 -17.8381 7 v
-4.69449 -17.8263 7 v
-4.5702 -17.8139 7 v
-4.44604 -17.8009 7 v
-4.322 -17.7873 7 v
-4.1981 -17.773 7 v
-4.07434 -17.7581 7 v
-3.95076 -17.7425 7 v
-3.82737 -17.7262 7 v
-3.7042 -17.7093 7 v
-3.58126 -17.6916 7 v
-3.45858 -17.6732 7 v
-3.33619 -17.6542 7 v
-3.21409 -17.6343 7 v
-3.09232 -17.6138 7 v
-2.97089 -17.5924 7 v
-2.84983 -17.5703 7 v
-2.72916 -17.5474 7 v
-2.60889 -17.5237 7 v
-2.48906 -17.4992 7 v
-2.36968 -17.4738 7 v
-2.25077 -17.4476 7 v
-2.13236 -17.4206 7 v
-2.01447 -17.3926 7 v
-1.89711 -17.3638 7 v
-1.78031 -17.3341 7 v
-1.66409 -17.3036 7 v
-1.54847 -17.2721 7 v
-1.43345 -17.2398 7 v
-1.31907 -17.2067 7 v
-1.20533 -17.1727 7 v
-1.09225 -17.1379 7 v
-0.979853 -17.1022 7 v
-0.868154 -17.0658 7 v
-0.757169 -17.0286 7 v
-0.646916 -16.9907 7 v
-0.537412 -16.9519 7 v
-0.428674 -16.9125 7 v
-0.320719 -16.8723 7 v
-0.213565 -16.8313 7 v
-0.107229 -16.7897 7 v
-0.00172757 -16.7474 7 v
0.102922 -16.7043 7 v
0.206702 -16.6606 7 v
0.309595 -16.6163 7 v
0.411588 -16.5713 7 v
0.512676 -16.5256 7 v
0.61286 -16.4794 7 v
0.712138 -16.4326 7 v
0.810511 -16.3852 7 v
0.907976 -16.3373 7 v
1.00454 -16.2889 7 v
1.10019 -16.2399 7 v
1.19493 -16.1905 7 v
1.28876 -16.1407 7 v
1.38169 -16.0904 7 v
1.4737 -16.0397 7 v
1.56481 -15.9887 7 v
1.655 -15.9372 7 v
1.74428 -15.8855 7 v
1.83265 -15.8334 7 v
1.92011 -15.781 7 v
2.00666 -15.7284 7 v
2.09229 -15.6755 7 v
2.177 -15.6224 7 v
2.2608 -15.569 7 v
2.34369 -15.5155 7 v
2.42565 -15.4618 7 v
2.5067 -15.4079 7 v
2.58682 -15.3539 7 v
2.66602 -15.2997 7 v
2.7443 -15.2454 7 v
2.82165 -15.191 7 v
2.89806 -15.1365 7 v
2.97355 -15.0819 7 v
3.04811 -15.0272 7 v
3.12173 -14.9724 7 v
3.19442 -14.9176 7 v
3.26616 -14.8627 7 v
3.33697 -14.8078 7 v
3.40684 -14.7529 7 v
3.47576 -14.698 7 v
3.54374 -14.6431 7 v
3.61078 -14.5882 7 v
3.67686 -14.5333 7 v

-14.3469 -17.9384 7 v
-14.222 -17.9574 7 v
-14.0969 -17.9759 7 v
-13.9716 -17.9941 7 v
-13.8462 -18.0119 7 v
-13.7205 -18.0293 7 v
-13.5946 -18.0463 7 v
-13.4686 -18.063 7 v
-13.3424 -18.0792 7 v
-13.216 -18.0951 7 v
-13.0895 -18.1107 7 v
-12.9628 -18.1258 7 v
-12.836 -18.1406 7 v
-12.709 -18.155 7 v
-12.5819 -18.169 7 v
-12.4546 -18.1827 7 v
-12.3273 -18.196 7 v
-12.1998 -18.2089 7 v
-12.0721 -18.2215 7 v
-11.9444 -18.2337 7 v
-11.8166 -18.2456 7 v
-11.6886 -18.257 7 v
-11.5606 -18.2682 7 v
-11.4324 -18.2789 7 v
-11.3042 -18.2894 7 v
-11.1759 -18.2994 7 v
-11.0474 -18.3091 7 v
-10.9189 -18.3185 7 v
-10.7904 -18.3275 7 v
-10.6617 -18.3362 7 v
-10.533 -18.3445 7 v
-10.4042 -18.3525 7 v
-10.2753 -18.3602 7 v
-10.1463 -18.3675 7 v
-10.0173 -18.3745 7 v
-9.88826 -18.3812 7 v
-9.75913 -18.3875 7 v
-9.62995 -18.3935 7 v
-9.50072 -18.3992 7 v
-9.37145 -18.4046 7 v
-9.24212 -18.4096 7 v
-9.11276 -18.4143 7 v
-8.98335 -18.4187 7 v
-8.85391 -18.4228 7 v
-8.72444 -18.4266 7 v
-8.59494 -18.43 7 v
-8.46541 -18.4331 7 v
-8.33586 -18.4359 7 v
-8.20629 -18.4383 7 v
-8.0767 -18.4404 7 v
-7.94711 -18.4421 7 v
-7.8175 -18.4435 7 v
-7.68788 -18.4446 7 v
-7.55827 -18.4453 7 v
-7.42865 -18.4457 7 v
-7.29904 -18.4457 7 v
-7.16944 -18.4453 7 v
-7.03984 -18.4446 7 v
-6.91026 -18.4435 7 v
-6.78069 -18.4421 7 v
-6.65115 -18.4402 7 v
-6.52163 -18.4381 7 v
-6.39214 -18.4355 7 v
-6.26267 -18.4326 7 v
-6.13324 -18.4292 7 v
-6.00385 -18.4255 7 v
-5.8745 -18.4214 7 v
-5.7452 -18.4169 7 v
-5.61594 -18.4119 7 v
-5.48674 -18.4066 7 v
-5.3576 -18.4008 7 v
-5.22851 -18.3947 7 v
-5.09949 -18.3881 7 v
-4.97053 -18.381 7 v
-4.84164 -18.3735 7 v
-4.71283 -18.3656 7 v
-4.5841 -18.3572 7 v
-4.45545 -18.3484 7 v
-4.32688 -18.3391 7 v
-4.1984 -18.3294 7 v
-4.07002 -18.3191 7 v
-3.94173 -18.3085 7 v
-3.81356 -18.2973 7 v
-3.68551 -18.2856 7 v
-3.55761 -18.2734 7 v
-3.42987 -18.2607 7 v
-3.30231 -18.2475 7 v
-3.17494 -18.2337 7 v
-3.04778 -18.2194 7 v
-2.92085 -18.2046 7 v
-2.79416 -18.1892 7 v
-2.66773 -18.1732 7 v
-2.54157 -18.1566 7 v
-2.41571 -18.1395 7 v
-2.29015 -18.1217 7 v
-2.16491 -18.1033 7 v
-2.04002 -18.0843 7 v
-1.91548 -18.0647 7 v
-1.79131 -18.0444 7 v
-1.66754 -18.0235 7 v
-1.54416 -18.0019 7 v
-1.42121 -17.9797 7 v
-1.29869 -17.9568 7 v
-1.17662 -17.9332 7 v
-1.055 -17.909 7 v
-0.933864 -17.8842 7 v
-0.813208 -17.8587 7 v
-0.693051 -17.8326 7 v
-0.573404 -17.8059 7 v
-0.45428 -17.7786 7 v
-0.335692 -17.7508 7 v
-0.217654 -17.7223 7 v
-0.100177 -17.6933 7 v
0.0167245 -17.6637 7 v
0.133039 -17.6336 7 v
0.248753 -17.6029 7 v
0.363854 -17.5717 7 v
0.47833 -17.54 7 v
0.592166 -17.5077 7 v
0.705352 -17.475 7 v
0.817873 -17.4418 7 v
0.929719 -17.408 7 v
1.04089 -17.3738 7 v
1.15138 -17.3392 7 v
1.26119 -17.3041 7 v
1.37032 -17.2686 7 v
1.47878 -17.2327 7 v
1.58655 -17.1964 7 v
1.69365 -17.1597 7 v
1.80006 -17.1227 7 v
1.9058 -17.0854 7 v
2.01085 -17.0477 7 v
2.11522 -17.0097 7 v
2.21891 -16.9714 7 v
2.32192 -16.9329 7 v
2.42424 -16.8941 7 v
2.52589 -16.8551 7 v
2.62684 -16.8158 7 v
2.72712 -16.7764 7 v
2.82671 -16.7367 7 v
2.92561 -16.6969 7 v
3.02383 -16.657 7 v
3.12137 -16.6169 7 v
3.21821 -16.5766 7 v
3.31437 -16.5362 7 v
3.40984 -16.4958 7 v
3.50462 -16.4552 7 v
3.5987 -16.4145 7 v
3.6921 -16.3737 7 v
3.7848 -16.3328 7 v
3.87681 -16.2919 7 v
3.96812 -16.2509 7 v
4.05873 -16.2099 7 v
4.14865 -16.1688 7 v
4.23787 -16.1277 7 v
4.32639 -16.0865 7 v
4.41421 -16.0454 7 v
4.50133 -16.0043 7 v
4.58774 -15.9631 7 v
4.67345 -15.922 7 v
4.75846 -15.8809 7 v

-14.4404 -18.5979 7 v
-14.31 -18.6105 7 v
-14.1795 -18.6228 7 v
-14.0488 -18.6349 7 v
-13.918 -18.6467 7 v
-13.7871 -18.6582 7 v
-13.6561 -18.6696 7 v
-13.5249 -18.6806 7 v
-13.3937 -18.6914 7 v
-13.2623 -18.702 7 v
-13.1308 -18.7123 7 v
-12.9992 -18.7224 7 v
-12.8675 -18.7322 7 v
-12.7357 -18.7418 7 v
-12.6039 -18.7511 7 v
-12.4719 -18.7602 7 v
-12.3398 -18.769 7 v
-12.2077 -18.7776 7 v
-12.0755 -18.786 7 v
-11.9432 -18.7941 7 v
-11.8108 -18.802 7 v
-11.6784 -18.8096 7 v
-11.5459 -18.817 7 v
-11.4133 -18.8242 7 v
-11.2807 -18.8311 7 v
-11.148 -18.8378 7 v
-11.0153 -18.8442 7 v
-10.8824 -18.8505 7 v
-10.7496 -18.8565 7 v
-10.6167 -18.8622 7 v
-10.4837 -18.8678 7 v
-10.3507 -18.8731 7 v
-10.2176 -18.8782 7 v
-10.0845 -18.8831 7 v
-9.95135 -18.8877 7 v
-9.81816 -18.8921 7 v
-9.68493 -18.8963 7 v
-9.55166 -18.9003 7 v
-9.41836 -18.9041 7 v
-9.28503 -18.9077 7 v
-9.15167 -18.911 7 v
-9.01827 -18.9142 7 v
-8.88486 -18.9171 7 v
-8.75142 -18.9198 7 v
-8.61796 -18.9223 7 v
-8.48448 -18.9246 7 v
-8.35098 -18.9267 7 v
-8.21747 -18.9285 7 v
-8.08394 -18.9301 7 v
-7.95041 -18.9315 7 v
-7.81687 -18.9327 7 v
-7.68332 -18.9336 7 v
-7.54977 -18.9343 7 v
-7.41622 -18.9348 7 v
-7.28266 -18.9351 7 v
-7.14912 -18.9351 7 v
-7.01557 -18.9348 7 v
-6.88204 -18.9344 7 v
-6.74851 -18.9336 7 v
-6.615 -18.9327 7 v
-6.4815 -18.9315 7 v
-6.34801 -18.93 7 v
-6.21455 -18.9283 7 v
-6.08111 -18.9264 7 v
-5.94769 -18.9242 7 v
-5.81429 -18.9217 7 v
-5.68093 -18.919 7 v
-5.54759 -18.916 7 v
-5.41429 -18.9127 7 v
-5.28102 -18.9092 7 v
-5.14779 -18.9053 7 v
-5.0146 -18.9012 7 v
-4.88145 -18.8968 7 v
-4.74834 -18.8922 7 v
-4.61528 -18.8872 7 v
-4.48227 -18.8819 7 v
-4.34931 -18.8763 7 v
-4.21641 -18.8705 7 v
-4.08356 -18.8643 7 v
-3.95077 -18.8578 7 v
-3.81804 -18.851 7 v
-3.68537 -18.8439 7 v
-3.55278 -18.8365 7 v
-3.42027 -18.8287 7 v
-3.28786 -18.8206 7 v
-3.15555 -18.8122 7 v
-3.02336 -18.8034 7 v
-2.8913 -18.7942 7 v
-2.75938 -18.7847 7 v
-2.62761 -18.7749 7 v
-2.496 -18.7646 7 v
-2.36457 -18.754 7 v
-2.23331 -18.7429 7 v
-2.10226 -18.7315 7 v
-1.9714 -18.7197 7 v
-1.84077 -18.7075 7 v
-1.71036 -18.6949 7 v
-1.58019 -18.6818 7 v
-1.45026 -18.6683 7 v
-1.3206 -18.6544 7 v
-1.19121 -18.64 7 v
-1.0621 -18.6252 7 v
-0.933287 -18.61 7 v
-0.804768 -18.5943 7 v
-0.676556 -18.5782 7 v
-0.548661 -18.5617 7 v
-0.42109 -18.5447 7 v
-0.293851 -18.5274 7 v
-0.166954 -18.5096 7 v
-0.0404058 -18.4914 7 v
0.0857843 -18.4729 7 v
0.211608 -18.454 7 v
0.337057 -18.4347 7 v
0.462123 -18.415 7 v
0.586797 -18.3949 7 v
0.711072 -18.3745 7 v
0.834938 -18.3537 7 v
0.958387 -18.3326 7 v
1.08141 -18.3112 7 v
1.204 -18.2894 7 v
1.32615 -18.2672 7 v
1.44785 -18.2448 7 v
1.5691 -18.222 7 v
1.6899 -18.199 7 v
1.81024 -18.1756 7 v
1.93014 -18.152 7 v
2.04958 -18.1281 7 v
2.16857 -18.1039 7 v
2.28711 -18.0795 7 v
2.4052 -18.0549 7 v
2.52283 -18.03 7 v
2.64001 -18.005 7 v
2.75674 -17.9797 7 v
2.87302 -17.9542 7 v
2.98884 -17.9286 7 v
3.10421 -17.9027 7 v
3.21912 -17.8768 7 v
3.33358 -17.8506 7 v
3.44758 -17.8244 7 v
3.56113 -17.798 7 v
3.67422 -17.7715 7 v
3.78686 -17.7449 7 v
3.89904 -17.7182 7 v
4.01077 -17.6914 7 v
4.12204 -17.6646 7 v
4.23285 -17.6376 7 v
4.34321 -17.6106 7 v
4.45311 -17.5835 7 v
4.56255 -17.5564 7 v
4.67154 -17.5292 7 v
4.78006 -17.5019 7 v
4.88813 -17.4747 7 v
4.99574 -17.4474 7 v
5.10289 -17.42 7 v
5.20958 -17.3927 7 v
5.31581 -17.3653 7 v
5.42158 -17.3379 7 v
5.52689 -17.3105 7 v
5.63174 -17.2831 7 v
5.73613 -17.2558 7 v
5.84006 -17.2284 7 v

-14.5339 -19.2573 7 v
-14.398 -19.2636 7 v
-14.2621 -19.2697 7 v
-14.126 -19.2756 7 v
-13.9899 -19.2815 7 v
-13.8538 -19.2872 7 v
-13.7175 -19.2928 7 v
-13.5813 -19.2983 7 v
-13.4449 -19.3036 7 v
-13.3086 -19.3089 7 v
-13.1721 -19.314 7 v
-13.0356 -19.319 7 v
-12.8991 -19.3238 7 v
-12.7625 -19.3286 7 v
-12.6259 -19.3332 7 v
-12.4892 -19.3377 7 v
-12.3524 -19.3421 7 v
-12.2157 -19.3463 7 v
-12.0789 -19.3505 7 v
-11.942 -19.3545 7 v
-11.8051 -19.3584 7 v
-11.6682 -19.3622 7 v
-11.5312 -19.3658 7 v
-11.3942 -19.3694 7 v
-11.2572 -19.3728 7 v
-11.1202 -19.3761 7 v
-10.9831 -19.3793 7 v
-10.8459 -19.3824 7 v
-10.7088 -19.3854 7 v
-10.5716 -19.3883 7 v
-10.4344 -19.391 7 v
-10.2972 -19.3936 7 v
-10.1599 -19.3962 7 v
-10.0227 -19.3986 7 v
-9.88537 -19.4009 7 v
-9.74806 -19.4031 7 v
-9.61072 -19.4052 7 v
-9.47337 -19.4072 7 v
-9.336 -19.4091 7 v
-9.19861 -19.4108 7 v
-9.06121 -19.4125 7 v
-8.92379 -19.4141 7 v
-8.78637 -19.4155 7 v
-8.64893 -19.4169 7 v
-8.51148 -19.4181 7 v
-8.37402 -19.4192 7 v
-8.23655 -19.4203 7 v
-8.09908 -19.4212 7 v
-7.9616 -19.422 7 v
-7.82412 -19.4227 7 v
-7.68663 -19.4233 7 v
-7.54914 -19.4238 7 v
-7.41165 -19.4241 7 v
-7.27416 -19.4244 7 v
-7.13668 -19.4245 7 v
-6.99919 -19.4245 7 v
-6.86171 -19.4244 7 v
-6.72423 -19.4241 7 v
-6.58676 -19.4238 7 v
-6.4493 -19.4233 7 v
-6.31184 -19.4227 7 v
-6.1744 -19.422 7 v
-6.03696 -19.4212 7 v
-5.89954 -19.4202 7 v
-5.76213 -19.4191 7 v
-5.62473 -19.4179 7 v
-5.48735 -19.4166 7 v
-5.34998 -19.4151 7 v
-5.21263 -19.4135 7 v
-5.07529 -19.4117 7 v
-4.93798 -19.4098 7 v
-4.80068 -19.4078 7 v
-4.66341 -19.4056 7 v
-4.52615 -19.4033 7 v
-4.38892 -19.4008 7 v
-4.25171 -19.3982 7 v
-4.11453 -19.3955 7 v
-3.97737 -19.3926 7 v
-3.84024 -19.3895 7 v
-3.70313 -19.3863 7 v
-3.56605 -19.3829 7 v
-3.42901 -19.3794 7 v
-3.292 -19.3757 7 v
-3.15502 -19.3718 7 v
-3.0181 -19.3678 7 v
-2.88123 -19.3636 7 v
-2.74441 -19.3593 7 v
-2.60766 -19.3547 7 v
-2.47098 -19.35 7 v
-2.33437 -19.3451 7 v
-2.19784 -19.34 7 v
-2.0614 -19.3347 7 v
-1.92505 -19.3293 7 v
-1.7888 -19.3236 7 v
-1.65266 -19.3177 7 v
-1.51662 -19.3117 7 v
-1.38069 -19.3054 7 v
-1.24489 -19.2989 7 v
-1.10922 -19.2922 7 v
-0.973671 -19.2853 7 v
-0.838263 -19.2781 7 v
-0.703 -19.2708 7 v
-0.567883 -19.2632 7 v
-0.432918 -19.2554 7 v
-0.298108 -19.2474 7 v
-0.163458 -19.2392 7 v
-0.028971 -19.2307 7 v
0.105348 -19.2221 7 v
0.239496 -19.2133 7 v
0.373468 -19.2043 7 v
0.507261 -19.195 7 v
0.64087 -19.1856 7 v
0.774292 -19.176 7 v
0.907522 -19.1662 7 v
1.04056 -19.1562 7 v
1.17339 -19.1461 7 v
1.30602 -19.1358 7 v
1.43844 -19.1253 7 v
1.57066 -19.1146 7 v
1.70265 -19.1037 7 v
1.83443 -19.0927 7 v
1.96598 -19.0816 7 v
2.09731 -19.0702 7 v
2.22841 -19.0588 7 v
2.35929 -19.0471 7 v
2.48995 -19.0354 7 v
2.62038 -19.0235 7 v
2.75059 -19.0115 7 v
2.88057 -18.9993 7 v
3.01033 -18.9871 7 v
3.13987 -18.9747 7 v
3.26918 -18.9622 7 v
3.39826 -18.9497 7 v
3.52712 -18.937 7 v
3.65576 -18.9242 7 v
3.78417 -18.9114 7 v
3.91235 -18.8984 7 v
4.04031 -18.8855 7 v
4.16804 -18.8724 7 v
4.29555 -18.8593 7 v
4.42283 -18.8461 7 v
4.54989 -18.8328 7 v
4.67672 -18.8196 7 v
4.80333 -18.8062 7 v
4.92971 -18.7929 7 v
5.05587 -18.7795 7 v
5.18181 -18.766 7 v
5.30752 -18.7526 7 v
5.43301 -18.7391 7 v
5.55827 -18.7255 7 v
5.68332 -18.712 7 v
5.80814 -18.6984 7 v
5.93274 -18.6848 7 v
6.05713 -18.6712 7 v
6.18129 -18.6576 7 v
6.30523 -18.644 7 v
6.42895 -18.6304 7 v
6.55245 -18.6168 7 v
6.67574 -18.6032 7 v
6.79881 -18.5895 7 v
6.92166 -18.5759 7 v

-14.6274 -19.9168 7 v
-14.486 -19.9167 7 v
-14.3446 -19.9165 7 v
-14.2032 -19.9164 7 v
-14.0618 -19.9163 7 v
-13.9204 -19.9162 7 v
-13.779 -19.9161 7 v
-13.6376 -19.916 7 v
-13.4962 -19.9158 7 v
-13.3548 -19.9157 7 v
-13.2134 -19.9156 7 v
-13.072 -19.9155 7 v
-12.9306 -19.9155 7 v
-12.7892 -19.9154 7 v
-12.6478 -19.9153 7 v
-12.5064 -19.9152 7 v
-12.365 -19.9151 7 v
-12.2236 -19.915 7 v
-12.0822 -19.9149 7 v
-11.9408 -19.9149 7 v
-11.7994 -19.9148 7 v
-11.658 -19.9147 7 v
-11.5166 -19.9147 7 v
-11.3752 -19.9146 7 v
-11.2337 -19.9146 7 v
-11.0923 -19.9145 7 v
-10.9509 -19.9144 7 v
-10.8095 -19.9144 7 v
-10.668 -19.9143 7 v
-10.5266 -19.9143 7 v
-10.3852 -19.9142 7 v
-10.2437 -19.9142 7 v
-10.1023 -19.9142 7 v
-9.96084 -19.9141 7 v
-9.8194 -19.9141 7 v
-9.67796 -19.9141 7 v
-9.53652 -19.914 7 v
-9.39507 -19.914 7 v
-9.25363 -19.914 7 v
-9.11219 -19.914 7 v
-8.97075 -19.9139 7 v
-8.82931 -19.9139 7 v
-8.68787 -19.9139 7 v
-8.54643 -19.9139 7 v
-8.405 -19.9139 7 v
-8.26356 -19.9139 7 v
-8.12212 -19.9139 7 v
-7.98069 -19.9139 7 v
-7.83926 -19.9139 7 v
-7.69782 -19.9139 7 v
-7.55639 -19.9139 7 v
-7.41496 -19.9139 7 v
-7.27354 -19.9139 7 v
-7.13211 -19.9139 7 v
-6.99069 -19.9139 7 v
-6.84926 -19.9139 7 v
-6.70784 -19.9139 7 v
-6.56643 -19.9139 7 v
-6.42501 -19.9139 7 v
-6.2836 -19.914 7 v
-6.14219 -19.914 7 v
-6.00078 -19.914 7 v
-5.85937 -19.914 7 v
-5.71797 -19.9141 7 v
-5.57657 -19.9141 7 v
-5.43517 -19.9141 7 v
-5.29377 -19.9142 7 v
-5.15237 -19.9142 7 v
-5.01097 -19.9142 7 v
-4.86957 -19.9143 7 v
-4.72817 -19.9143 7 v
-4.58677 -19.9143 7 v
-4.44537 -19.9144 7 v
-4.30396 -19.9144 7 v
-4.16256 -19.9145 7 v
-4.02115 -19.9145 7 v
-3.87974 -19.9146 7 v
-3.73833 -19.9146 7 v
-3.59691 -19.9147 7 v
-3.45549 -19.9147 7 v
-3.31407 -19.9148 7 v
-3.17264 -19.9148 7 v
-3.03121 -19.9149 7 v
-2.88978 -19.915 7 v
-2.74834 -19.915 7 v
-2.6069 -19.9151 7 v
-2.46546 -19.9152 7 v
-2.32402 -19.9152 7 v
-2.18257 -19.9153 7 v
-2.04113 -19.9154 7 v
-1.89968 -19.9154 7 v
-1.75824 -19.9155 7 v
-1.6168 -19.9156 7 v
-1.47535 -19.9157 7 v
-1.33391 -19.9157 7 v
-1.19247 -19.9158 7 v
-1.05103 -19.9159 7 v
-0.909598 -19.916 7 v
-0.768166 -19.9161 7 v
-0.626738 -19.9161 7 v
-0.485314 -19.9162 7 v
-0.343895 -19.9163 7 v
-0.20248 -19.9164 7 v
-0.061068 -19.9165 7 v
0.0803402 -19.9166 7 v
0.221745 -19.9167 7 v
0.363148 -19.9168 7 v
0.504548 -19.9169 7 v
0.645946 -19.917 7 v
0.787342 -19.9171 7 v
0.928738 -19.9172 7 v
1.07013 -19.9173 7 v
1.21153 -19.9174 7 v
1.35292 -19.9175 7 v
1.49431 -19.9176 7 v
1.63571 -19.9177 7 v
1.7771 -19.9178 7 v
1.9185 -19.9179 7 v
2.0599 -19.918 7 v
2.2013 -19.9181 7 v
2.3427 -19.9182 7 v
2.48411 -19.9183 7 v
2.62552 -19.9184 7 v
2.76693 -19.9186 7 v
2.90835 -19.9187 7 v
3.04976 -19.9188 7 v
3.19119 -19.9189 7 v
3.33261 -19.919 7 v
3.47404 -19.9191 7 v
3.61547 -19.9193 7 v
3.7569 -19.9194 7 v
3.89834 -19.9195 7 v
4.03978 -19.9196 7 v
4.18123 -19.9198 7 v
4.32267 -19.9199 7 v
4.46413 -19.92 7 v
4.60558 -19.9201 7 v
4.74704 -19.9203 7 v
4.88851 -19.9204 7 v
5.02997 -19.9205 7 v
5.17144 -19.9207 7 v
5.31292 -19.9208 7 v
5.4544 -19.9209 7 v
5.59589 -19.9211 7 v
5.73738 -19.9212 7 v
5.87889 -19.9213 7 v
6.0204 -19.9215 7 v
6.16192 -19.9216 7 v
6.30346 -19.9217 7 v
6.44501 -19.9219 7 v
6.58657 -19.922 7 v
6.72815 -19.9222 7 v
6.86975 -19.9223 7 v
7.01136 -19.9225 7 v
7.153 -19.9226 7 v
7.29465 -19.9227 7 v
7.43632 -19.9229 7 v
7.57802 -19.923 7 v
7.71974 -19.9232 7 v
7.86148 -19.9233 7 v
8.00325 -19.9235 7 v

-14.6296 -19.9154 8 u
-14.8705 -19.9168 8 u
-15.1118 -19.9179 8 u
-15.3535 -19.9189 8 u
-15.5956 -19.9196 8 u
-15.8379 -19.9201 8 u
-16.0806 -19.9204 8 u
-16.3235 -19.9206 8 u
-16.5666 -19.9207 8 u
-16.8099 -19.9207 8 u
-17.0533 -19.9206 8 u
-17.2968 -19.9204 8 u
-17.5404 -19.9203 8 u
-17.7841 -19.9201 8 u
-18.0277 -19.9199 8 u
-18.2713 -19.9198 8 u
-18.5149 -19.9197 8 u
-18.7583 -19.9198 8 u
-19.0016 -19.9199 8 u
-19.2447 -19.9202 8 u
-19.4876 -19.9206 8 u
-19.7303 -19.9213 8 u
-19.9727 -19.922 8 u
-20.215 -19.923 8 u
-20.4571 -19.924 8 u
-20.699 -19.9251 8 u
-20.9409 -19.9263 8 u
-21.1826 -19.9276 8 u
-21.4244 -19.9289 8 u
-21.666 -19.9302 8 u
-21.9077 -19.9315 8 u
-22.1495 -19.9328 8 u
-22.3912 -19.934 8 u
-22.6331 -19.9352 8 u
-22.8751 -19.9362 8 u
-23.1172 -19.9372 8 u
-23.3595 -19.938 8 u
-23.602 -19.9387 8 u
-23.8447 -19.9391 8 u
-24.0877 -19.9394 8 u
-24.3309 -19.9395 8 u
-24.5744 -19.9393 8 u
-24.8182 -19.9389 8 u
-25.0623 -19.9383 8 u
-25.3065 -19.9373 8 u
-25.5509 -19.9362 8 u
-25.7953 -19.9348 8 u
-26.0399 -19.9331 8 u
-26.2844 -19.9312 8 u
-26.529 -19.929 8 u
-26.7734 -19.9266 8 u
-27.0178 -19.9239 8 u
-27.2621 -19.9209 8 u
-27.5062 -19.9177 8 u
-27.75 -19.9141 8 u
-27.9937 -19.9104 8 u
-28.237 -19.9063 8 u
-28.4799 -19.9019 8 u
-28.7225 -19.8973 8 u
-28.9647 -19.8924 8 u
-29.2064 -19.8872 8 u
-29.4477 -19.8817 8 u
-29.6885 -19.8757 8 u
-29.9289 -19.8692 8 u
-30.169 -19.8619 8 u
-30.4088 -19.8538 8 u
-30.6485 -19.8447 8 u
-30.888 -19.8344 8 u
-31.1273 -19.8227 8 u
-31.3667 -19.8097 8 u
-31.6061 -19.795 8 u
-31.8455 -19.7786 8 u
-32.0851 -19.7603 8 u
-32.325 -19.7399 8 u
-32.565 -19.7174 8 u
-32.8054 -19.6926 8 u
-33.0462 -19.6653 8 u
-33.2873 -19.6353 8 u
-33.529 -19.6026 8 u
-33.7713 -19.567 8 u
-34.0141 -19.5284 8 u
-34.2575 -19.4865 8 u
-34.5012 -19.4412 8 u
-34.7447 -19.3922 8 u
-34.9878 -19.3391 8 u
-35.2298 -19.2819 8 u
-35.4705 -19.2202 8 u
-35.7095 -19.1537 8 u
-35.9463 -19.0822 8 u
-36.1806 -19.0055 8 u
-36.4119 -18.9232 8 u
-36.6398 -18.8352 8 u
-36.864 -18.7411 8 u
-37.084 -18.6407 8 u
-37.2994 -18.5338 8 u
-37.5099 -18.4201 8 u
-37.715 -18.2993 8 u
-37.9143 -18.1712 8 u
-38.1075 -18.0355 8 u
-38.2941 -17.892 8 u
-38.4736 -17.7403 8 u
-38.6459 -17.5805 8 u
-38.811 -17.4127 8 u
-38.969 -17.2373 8 u
-39.1202 -17.0549 8 u
-39.2645 -16.8659 8 u
-39.4024 -16.6706 8 u
-39.5338 -16.4694 8 u
-39.6589 -16.2629 8 u
-39.778 -16.0514 8 u
-39.8911 -15.8353 8 u
-39.9985 -15.6151 8 u
-40.1003 -15.3912 8 u
-40.1966 -15.1641 8 u
-40.2877 -14.934 8 u
-40.3737 -14.7015 8 u
-40.4547 -14.467 8 u
-40.5309 -14.2309 8 u
-40.6025 -13.9937 8 u
-40.6696 -13.7557 8 u
-40.7325 -13.5173 8 u
-40.7912 -13.279 8 u
-40.8459 -13.0407 8 u
-40.8968 -12.8025 8 u
-40.9441 -12.5643 8 u
-40.9878 -12.3261 8 u
-41.0282 -12.0878 8 u
-41.0655 -11.8494 8 u
-41.0997 -11.611 8 u
-41.131 -11.3724 8 u
-41.1597 -11.1336 8 u
-41.1858 -10.8946 8 u
-41.2096 -10.6554 8 u
-41.2311 -10.416 8 u
-41.2506 -10.1763 8 u
-41.2681 -9.93622 8 u
-41.284 -9.69584 8 u
-41.2982 -9.45509 8 u
-41.311 -9.21394 8 u
-41.3226 -8.97237 8 u
-41.3331 -8.73033 8 u
-41.3426 -8.48783 8 u
-41.351 -8.24491 8 u
-41.3583 -8.00163 8 u
-41.3643 -7.75806 8 u
-41.369 -7.51427 8 u
-41.3722 -7.27032 8 u
-41.3738 -7.02629 8 u
-41.3736 -6.78222 8 u
-41.3717 -6.5382 8 u
-41.3679 -6.29428 8 u
-41.362 -6.05054 8 u
-41.354 -5.80703 8 u
-41.3438 -5.56383 8 u
-41.3312 -5.321 8 u
-41.3162 -5.0786 8 u
-41.2986 -4.8367 8 u
-41.2783 -4.59537 8 u
-41.2552 -4.35467 8 u
-41.2293 -4.11468 8 u
-41.2003 -3.87544 8 u

-14.5359 -19.2561 8 u
-14.757 -19.2519 8 u
-14.9784 -19.2473 8 u
-15.2001 -19.2424 8 u
-15.422 -19.237 8 u
-15.6442 -19.2311 8 u
-15.8666 -19.2247 8 u
-16.0892 -19.2178 8 u
-16.3119 -19.2103 8 u
-16.5347 -19.2022 8 u
-16.7576 -19.1935 8 u
-16.9805 -19.1841 8 u
-17.2035 -19.174 8 u
-17.4264 -19.1631 8 u
-17.6494 -19.1515 8 u
-17.8722 -19.139 8 u
-18.0949 -19.1258 8 u
-18.3175 -19.1116 8 u
-18.5399 -19.0965 8 u
-18.7622 -19.0805 8 u
-18.9842 -19.0635 8 u
-19.2059 -19.0456 8 u
-19.4274 -19.0268 8 u
-19.6488 -19.0074 8 u
-19.8699 -18.9877 8 u
-20.0909 -18.9677 8 u
-20.3118 -18.9478 8 u
-20.5325 -18.9281 8 u
-20.7532 -18.9089 8 u
-20.9738 -18.8903 8 u
-21.1944 -18.8726 8 u
-21.415 -18.8559 8 u
-21.6356 -18.8405 8 u
-21.8563 -18.8266 8 u
-22.077 -18.8144 8 u
-22.2978 -18.804 8 u
-22.5188 -18.7958 8 u
-22.7399 -18.7899 8 u
-22.9612 -18.7865 8 u
-23.1826 -18.7858 8 u
-23.4043 -18.7881 8 u
-23.6263 -18.7934 8 u
-23.8484 -18.8015 8 u
-24.0708 -18.8121 8 u
-24.2933 -18.8248 8 u
-24.5159 -18.8392 8 u
-24.7386 -18.8552 8 u
-24.9613 -18.8722 8 u
-25.1841 -18.89 8 u
-25.4068 -18.9083 8 u
-25.6295 -18.9266 8 u
-25.8521 -18.9447 8 u
-26.0745 -18.9622 8 u
-26.2968 -18.9788 8 u
-26.5189 -18.9941 8 u
-26.7408 -19.0078 8 u
-26.9625 -19.0196 8 u
-27.1838 -19.0291 8 u
-27.4048 -19.0359 8 u
-27.6254 -19.0399 8 u
-27.8457 -19.0405 8 u
-28.0655 -19.0375 8 u
-28.285 -19.0311 8 u
-28.5041 -19.0212 8 u
-28.723 -19.0079 8 u
-28.9417 -18.9914 8 u
-29.1601 -18.9718 8 u
-29.3785 -18.9492 8 u
-29.5968 -18.9236 8 u
-29.8151 -18.8952 8 u
-30.0334 -18.864 8 u
-30.2518 -18.8302 8 u
-30.4703 -18.7939 8 u
-30.689 -18.7552 8 u
-30.908 -18.7141 8 u
-31.1273 -18.6707 8 u
-31.3469 -18.6253 8 u
-31.5669 -18.5778 8 u
-31.7874 -18.5283 8 u
-32.0084 -18.477 8 u
-32.2299 -18.424 8 u
-32.452 -18.3693 8 u
-32.6743 -18.3127 8 u
-32.8965 -18.2539 8 u
-33.1183 -18.1926 8 u
-33.3392 -18.1285 8 u
-33.559 -18.0613 8 u
-33.7773 -17.9908 8 u
-33.9938 -17.9167 8 u
-34.2079 -17.8387 8 u
-34.4196 -17.7565 8 u
-34.6283 -17.6699 8 u
-34.8337 -17.5785 8 u
-35.0355 -17.482 8 u
-35.2332 -17.3802 8 u
-35.4267 -17.2728 8 u
-35.6154 -17.1595 8 u
-35.7992 -17.0401 8 u
-35.9775 -16.9142 8 u
-36.15 -16.7815 8 u
-36.3164 -16.6418 8 u
-36.4765 -16.4949 8 u
-36.6303 -16.3411 8 u
-36.7778 -16.1807 8 u
-36.9193 -16.0141 8 u
-37.055 -15.8417 8 u
-37.1848 -15.6638 8 u
-37.3091 -15.4808 8 u
-37.4278 -15.293 8 u
-37.5413 -15.1009 8 u
-37.6495 -14.9049 8 u
-37.7527 -14.7051 8 u
-37.851 -14.5021 8 u
-37.9445 -14.2963 8 u
-38.0334 -14.0879 8 u
-38.1178 -13.8773 8 u
-38.1979 -13.665 8 u
-38.2737 -13.4512 8 u
-38.3455 -13.2364 8 u
-38.4134 -13.0209 8 u
-38.4774 -12.8051 8 u
-38.5379 -12.5893 8 u
-38.5948 -12.3735 8 u
-38.6483 -12.1577 8 u
-38.6987 -11.9419 8 u
-38.7459 -11.726 8 u
-38.7901 -11.51 8 u
-38.8316 -11.2939 8 u
-38.8703 -11.0776 8 u
-38.9065 -10.8612 8 u
-38.9403 -10.6446 8 u
-38.9718 -10.4277 8 u
-39.0012 -10.2105 8 u
-39.0286 -9.99308 8 u
-39.0541 -9.77531 8 u
-39.0778 -9.55718 8 u
-39.1 -9.33868 8 u
-39.1207 -9.11976 8 u
-39.1401 -8.9004 8 u
-39.1583 -8.68056 8 u
-39.1754 -8.46023 8 u
-39.1916 -8.23939 8 u
-39.2067 -8.01806 8 u
-39.2207 -7.79631 8 u
-39.2334 -7.57418 8 u
-39.2447 -7.35173 8 u
-39.2545 -7.129 8 u
-39.2627 -6.90605 8 u
-39.2691 -6.68292 8 u
-39.2736 -6.45968 8 u
-39.2761 -6.23636 8 u
-39.2765 -6.01302 8 u
-39.2746 -5.78972 8 u
-39.2704 -5.56649 8 u
-39.2637 -5.3434 8 u
-39.2543 -5.1205 8 u
-39.2423 -4.89783 8 u
-39.2274 -4.67544 8 u
-39.2095 -4.45339 8 u
-39.1885 -4.23173 8 u
-39.1644 -4.0105 8 u

-14.4421 -18.5969 8 u
-14.6434 -18.5871 8 u
-14.8449 -18.5768 8 u
-15.0466 -18.5661 8 u
-15.2485 -18.5549 8 u
-15.4505 -18.5431 8 u
-15.6527 -18.5306 8 u
-15.8549 -18.5176 8 u
-16.0572 -18.5038 8 u
-16.2595 -18.4893 8 u
-16.4619 -18.474 8 u
-16.6642 -18.4578 8 u
-16.8666 -18.4408 8 u
-17.0688 -18.4229 8 u
-17.271 -18.4039 8 u
-17.473 -18.384 8 u
-17.675 -18.363 8 u
-17.8767 -18.3408 8 u
-18.0783 -18.3176 8 u
-18.2796 -18.2931 8 u
-18.4807 -18.2673 8 u
-18.6816 -18.2404 8 u
-18.8822 -18.2123 8 u
-19.0826 -18.1836 8 u
-19.2828 -18.1542 8 u
-19.4828 -18.1246 8 u
-19.6826 -18.095 8 u
-19.8824 -18.0656 8 u
-20.082 -18.0367 8 u
-20.2816 -18.0086 8 u
-20.481 -17.9814 8 u
-20.6805 -17.9555 8 u
-20.8799 -17.9311 8 u
-21.0794 -17.9085 8 u
-21.2789 -17.8879 8 u
-21.4784 -17.8695 8 u
-21.678 -17.8537 8 u
-21.8778 -17.8407 8 u
-22.0776 -17.8307 8 u
-22.2776 -17.824 8 u
-22.4778 -17.8209 8 u
-22.6781 -17.8214 8 u
-22.8786 -17.8254 8 u
-23.0793 -17.8324 8 u
-23.2801 -17.842 8 u
-23.4809 -17.854 8 u
-23.6818 -17.8678 8 u
-23.8828 -17.8831 8 u
-24.0837 -17.8996 8 u
-24.2846 -17.9168 8 u
-24.4855 -17.9344 8 u
-24.6863 -17.952 8 u
-24.8869 -17.9692 8 u
-25.0875 -17.9856 8 u
-25.2878 -18.0008 8 u
-25.488 -18.0145 8 u
-25.6879 -18.0263 8 u
-25.8876 -18.0358 8 u
-26.0871 -18.0426 8 u
-26.2862 -18.0463 8 u
-26.485 -18.0466 8 u
-26.6834 -18.0431 8 u
-26.8815 -18.0359 8 u
-27.0794 -18.0251 8 u
-27.277 -18.0107 8 u
-27.4745 -17.9929 8 u
-27.6718 -17.9717 8 u
-27.869 -17.9474 8 u
-28.0662 -17.9198 8 u
-28.2634 -17.8893 8 u
-28.4607 -17.8557 8 u
-28.658 -17.8194 8 u
-28.8555 -17.7803 8 u
-29.0531 -17.7385 8 u
-29.251 -17.6942 8 u
-29.4492 -17.6474 8 u
-29.6477 -17.5983 8 u
-29.8465 -17.5469 8 u
-30.0458 -17.4933 8 u
-30.2455 -17.4377 8 u
-30.4457 -17.3801 8 u
-30.6464 -17.3206 8 u
-30.8474 -17.2591 8 u
-31.0483 -17.1953 8 u
-31.2488 -17.129 8 u
-31.4487 -17.0601 8 u
-31.6476 -16.9883 8 u
-31.8452 -16.9134 8 u
-32.0412 -16.8354 8 u
-32.2353 -16.7538 8 u
-32.4273 -16.6687 8 u
-32.6167 -16.5797 8 u
-32.8034 -16.4866 8 u
-32.9869 -16.3894 8 u
-33.1671 -16.2876 8 u
-33.3435 -16.1813 8 u
-33.5159 -16.0702 8 u
-33.684 -15.954 8 u
-33.8474 -15.8326 8 u
-34.006 -15.7057 8 u
-34.1593 -15.5733 8 u
-34.3071 -15.4351 8 u
-34.4495 -15.2915 8 u
-34.5866 -15.1425 8 u
-34.7185 -14.9887 8 u
-34.8454 -14.8302 8 u
-34.9673 -14.6673 8 u
-35.0844 -14.5004 8 u
-35.1968 -14.3297 8 u
-35.3046 -14.1555 8 u
-35.408 -13.9781 8 u
-35.507 -13.7978 8 u
-35.6018 -13.615 8 u
-35.6924 -13.4298 8 u
-35.7791 -13.2425 8 u
-35.862 -13.0536 8 u
-35.9411 -12.8632 8 u
-36.0165 -12.6716 8 u
-36.0885 -12.4792 8 u
-36.1571 -12.2862 8 u
-36.2224 -12.0929 8 u
-36.2845 -11.8996 8 u
-36.3436 -11.7063 8 u
-36.3999 -11.5129 8 u
-36.4532 -11.3194 8 u
-36.5039 -11.1259 8 u
-36.5521 -10.9322 8 u
-36.5977 -10.7383 8 u
-36.641 -10.5443 8 u
-36.6821 -10.35 8 u
-36.721 -10.1555 8 u
-36.7579 -9.96072 8 u
-36.7929 -9.76561 8 u
-36.826 -9.57017 8 u
-36.8576 -9.37436 8 u
-36.8875 -9.17815 8 u
-36.916 -8.98151 8 u
-36.9432 -8.78442 8 u
-36.9691 -8.58685 8 u
-36.9939 -8.38876 8 u
-37.0177 -8.19013 8 u
-37.0406 -7.99094 8 u
-37.0624 -7.79121 8 u
-37.0831 -7.59099 8 u
-37.1025 -7.3903 8 u
-37.1205 -7.18918 8 u
-37.1369 -6.98767 8 u
-37.1516 -6.78581 8 u
-37.1645 -6.58362 8 u
-37.1755 -6.38115 8 u
-37.1843 -6.17844 8 u
-37.1909 -5.97551 8 u
-37.1952 -5.7724 8 u
-37.197 -5.56916 8 u
-37.1961 -5.36581 8 u
-37.1925 -5.1624 8 u
-37.186 -4.95895 8 u
-37.1765 -4.75551 8 u
-37.1638 -4.5521 8 u
-37.1478 -4.34878 8 u
-37.1284 -4.14556 8 u

-14.3484 -17.9376 8 u
-14.5299 -17.9222 8 u
-14.7115 -17.9063 8 u
-14.8932 -17.89 8 u
-15.075 -17.8731 8 u
-15.2568 -17.8558 8 u
-15.4387 -17.8379 8 u
-15.6206 -17.8194 8 u
-15.8025 -17.8003 8 u
-15.9844 -17.7807 8 u
-16.1662 -17.7604 8 u
-16.3479 -17.7395 8 u
-16.5296 -17.7179 8 u
-16.7112 -17.6956 8 u
-16.8926 -17.6725 8 u
-17.0739 -17.6488 8 u
-17.255 -17.6243 8 u
-17.4359 -17.599 8 u
-17.6166 -17.5729 8 u
-17.7971 -17.546 8 u
-17.9773 -17.5182 8 u
-18.1572 -17.4896 8 u
-18.3369 -17.4602 8 u
-18.5164 -17.43 8 u
-18.6956 -17.3992 8 u
-18.8747 -17.3677 8 u
-19.0535 -17.3356 8 u
-19.2322 -17.3031 8 u
-19.4108 -17.2701 8 u
-19.5893 -17.2367 8 u
-19.7677 -17.203 8 u
-19.946 -17.169 8 u
-20.1243 -17.1349 8 u
-20.3025 -17.1005 8 u
-20.4808 -17.0661 8 u
-20.659 -17.0317 8 u
-20.8373 -16.9973 8 u
-21.0156 -16.963 8 u
-21.1941 -16.9289 8 u
-21.3726 -16.895 8 u
-21.5512 -16.8614 8 u
-21.73 -16.8281 8 u
-21.9088 -16.7954 8 u
-22.0878 -16.7633 8 u
-22.2669 -16.7322 8 u
-22.446 -16.7021 8 u
-22.6251 -16.6733 8 u
-22.8042 -16.646 8 u
-22.9834 -16.6203 8 u
-23.1625 -16.5963 8 u
-23.3415 -16.5744 8 u
-23.5205 -16.5547 8 u
-23.6994 -16.5374 8 u
-23.8781 -16.5226 8 u
-24.0567 -16.5105 8 u
-24.2352 -16.5013 8 u
-24.4134 -16.4953 8 u
-24.5915 -16.4925 8 u
-24.7693 -16.4933 8 u
-24.9469 -16.4976 8 u
-25.1242 -16.5059 8 u
-25.3013 -16.518 8 u
-25.478 -16.5335 8 u
-25.6546 -16.5518 8 u
-25.831 -16.5721 8 u
-26.0073 -16.594 8 u
-26.1834 -16.6168 8 u
-26.3596 -16.6397 8 u
-26.5357 -16.6623 8 u
-26.7118 -16.6838 8 u
-26.8879 -16.7036 8 u
-27.0642 -16.7211 8 u
-27.2406 -16.7356 8 u
-27.4172 -16.7466 8 u
-27.594 -16.7533 8 u
-27.7711 -16.7552 8 u
-27.9484 -16.7516 8 u
-28.1261 -16.7419 8 u
-28.3042 -16.7254 8 u
-28.4826 -16.7015 8 u
-28.6616 -16.6696 8 u
-28.8409 -16.6292 8 u
-29.0205 -16.5805 8 u
-29.2001 -16.5237 8 u
-29.3794 -16.4592 8 u
-29.5581 -16.3873 8 u
-29.7361 -16.3083 8 u
-29.913 -16.2225 8 u
-30.0887 -16.1303 8 u
-30.2627 -16.0319 8 u
-30.435 -15.9277 8 u
-30.6052 -15.8179 8 u
-30.7731 -15.703 8 u
-30.9384 -15.5831 8 u
-31.1009 -15.4587 8 u
-31.2603 -15.3299 8 u
-31.4163 -15.1973 8 u
-31.5688 -15.061 8 u
-31.7174 -14.9213 8 u
-31.8619 -14.7787 8 u
-32.0021 -14.6333 8 u
-32.1376 -14.4855 8 u
-32.2687 -14.3355 8 u
-32.3954 -14.1833 8 u
-32.5177 -14.029 8 u
-32.6358 -13.8729 8 u
-32.7498 -13.7149 8 u
-32.8597 -13.5553 8 u
-32.9657 -13.3941 8 u
-33.0679 -13.2314 8 u
-33.1664 -13.0675 8 u
-33.2612 -12.9023 8 u
-33.3525 -12.736 8 u
-33.4403 -12.5688 8 u
-33.5249 -12.4007 8 u
-33.6061 -12.2318 8 u
-33.6843 -12.0624 8 u
-33.7593 -11.8924 8 u
-33.8315 -11.7221 8 u
-33.9008 -11.5515 8 u
-33.9673 -11.3807 8 u
-34.0312 -11.2099 8 u
-34.0925 -11.039 8 u
-34.1514 -10.8681 8 u
-34.2078 -10.697 8 u
-34.262 -10.5258 8 u
-34.314 -10.3544 8 u
-34.3638 -10.1828 8 u
-34.4117 -10.011 8 u
-34.4576 -9.83887 8 u
-34.5016 -9.66648 8 u
-34.5439 -9.49377 8 u
-34.5845 -9.3207 8 u
-34.6235 -9.14726 8 u
-34.6611 -8.9734 8 u
-34.6972 -8.79911 8 u
-34.732 -8.62435 8 u
-34.7656 -8.44909 8 u
-34.7981 -8.2733 8 u
-34.8295 -8.09696 8 u
-34.86 -7.92003 8 u
-34.8896 -7.7425 8 u
-34.9181 -7.56437 8 u
-34.9455 -7.38567 8 u
-34.9716 -7.20642 8 u
-34.9962 -7.02664 8 u
-35.0193 -6.84635 8 u
-35.0406 -6.66557 8 u
-35.06 -6.48432 8 u
-35.0773 -6.30263 8 u
-35.0925 -6.12051 8 u
-35.1054 -5.93799 8 u
-35.1158 -5.75509 8 u
-35.1236 -5.57182 8 u
-35.1286 -5.38822 8 u
-35.1307 -5.2043 8 u
-35.1297 -5.02007 8 u
-35.1256 -4.83557 8 u
-35.1181 -4.65082 8 u
-35.1071 -4.46583 8 u
-35.0924 -4.28063 8 u

-14.2546 -17.2784 8 u
-14.4163 -17.2574 8 u
-14.578 -17.2359 8 u
-14.7397 -17.2139 8 u
-14.9014 -17.1915 8 u
-15.0631 -17.1686 8 u
-15.2247 -17.1454 8 u
-15.3863 -17.1217 8 u
-15.5478 -17.0976 8 u
-15.7092 -17.0731 8 u
-15.8705 -17.0483 8 u
-16.0316 -17.023 8 u
-16.1927 -16.9975 8 u
-16.3535 -16.9715 8 u
-16.5142 -16.9452 8 u
-16.6747 -16.9186 8 u
-16.835 -16.8917 8 u
-16.9951 -16.8645 8 u
-17.155 -16.8369 8 u
-17.3145 -16.8091 8 u
-17.4739 -16.781 8 u
-17.6329 -16.7526 8 u
-17.7917 -16.7238 8 u
-17.9502 -16.6942 8 u
-18.1085 -16.6638 8 u
-18.2665 -16.6322 8 u
-18.4244 -16.5994 8 u
-18.5821 -16.565 8 u
-18.7397 -16.5289 8 u
-18.8971 -16.4908 8 u
-19.0544 -16.4506 8 u
-19.2115 -16.408 8 u
-19.3686 -16.3629 8 u
-19.5257 -16.3149 8 u
-19.6827 -16.264 8 u
-19.8396 -16.2099 8 u
-19.9966 -16.1523 8 u
-20.1535 -16.0912 8 u
-20.3105 -16.0262 8 u
-20.4675 -15.9571 8 u
-20.6246 -15.8838 8 u
-20.7818 -15.8063 8 u
-20.939 -15.7251 8 u
-21.0963 -15.6412 8 u
-21.2537 -15.5555 8 u
-21.411 -15.4688 8 u
-21.5684 -15.3821 8 u
-21.7257 -15.2961 8 u
-21.883 -15.2118 8 u
-22.0403 -15.13 8 u
-22.1975 -15.0517 8 u
-22.3547 -14.9776 8 u
-22.5118 -14.9087 8 u
-22.6688 -14.8458 8 u
-22.8256 -14.7898 8 u
-22.9823 -14.7417 8 u
-23.1389 -14.7022 8 u
-23.2953 -14.6722 8 u
-23.4516 -14.6526 8 u
-23.6076 -14.6444 8 u
-23.7635 -14.6483 8 u
-23.9191 -14.6648 8 u
-24.0746 -14.6931 8 u
-24.2299 -14.7318 8 u
-24.385 -14.7796 8 u
-24.5401 -14.8352 8 u
-24.6951 -14.8973 8 u
-24.8501 -14.9645 8 u
-25.0051 -15.0356 8 u
-25.1601 -15.1092 8 u
-25.3152 -15.1841 8 u
-25.4704 -15.2588 8 u
-25.6258 -15.3322 8 u
-25.7813 -15.4028 8 u
-25.937 -15.4694 8 u
-26.093 -15.5307 8 u
-26.2492 -15.5853 8 u
-26.4057 -15.6319 8 u
-26.5626 -15.6693 8 u
-26.7198 -15.6961 8 u
-26.8774 -15.711 8 u
-27.0354 -15.7129 8 u
-27.1936 -15.7022 8 u
-27.3518 -15.6794 8 u
-27.5099 -15.645 8 u
-27.6676 -15.5995 8 u
-27.8246 -15.5436 8 u
-27.9809 -15.4777 8 u
-28.1361 -15.4024 8 u
-28.2901 -15.3182 8 u
-28.4427 -15.2258 8 u
-28.5937 -15.1256 8 u
-28.7428 -15.0181 8 u
-28.8899 -14.904 8 u
-29.0347 -14.7838 8 u
-29.1771 -14.658 8 u
-29.3168 -14.5272 8 u
-29.4536 -14.3918 8 u
-29.5874 -14.2525 8 u
-29.7179 -14.1098 8 u
-29.8449 -13.9643 8 u
-29.9682 -13.8164 8 u
-30.0879 -13.6663 8 u
-30.2041 -13.5143 8 u
-30.3169 -13.3604 8 u
-30.4262 -13.2049 8 u
-30.5322 -13.0479 8 u
-30.635 -12.8895 8 u
-30.7347 -12.73 8 u
-30.8312 -12.5694 8 u
-30.9248 -12.408 8 u
-31.0154 -12.2459 8 u
-31.1032 -12.0832 8 u
-31.1882 -11.9202 8 u
-31.2706 -11.757 8 u
-31.3503 -11.5938 8 u
-31.4274 -11.4306 8 u
-31.5022 -11.2678 8 u
-31.5745 -11.1054 8 u
-31.6445 -10.9436 8 u
-31.7123 -10.7825 8 u
-31.7779 -10.6223 8 u
-31.8414 -10.463 8 u
-31.9029 -10.3045 8 u
-31.9624 -10.1467 8 u
-32.0201 -9.9895 8 u
-32.0759 -9.83287 8 u
-32.13 -9.67673 8 u
-32.1823 -9.521 8 u
-32.2331 -9.36561 8 u
-32.2822 -9.21049 8 u
-32.3299 -9.05556 8 u
-32.3761 -8.90076 8 u
-32.421 -8.746 8 u
-32.4646 -8.59121 8 u
-32.5069 -8.43632 8 u
-32.5481 -8.28127 8 u
-32.5881 -8.12596 8 u
-32.6271 -7.97034 8 u
-32.6652 -7.81433 8 u
-32.7023 -7.65785 8 u
-32.7386 -7.50084 8 u
-32.7738 -7.34329 8 u
-32.8079 -7.18521 8 u
-32.8407 -7.02659 8 u
-32.872 -6.86743 8 u
-32.9016 -6.70773 8 u
-32.9295 -6.5475 8 u
-32.9554 -6.38673 8 u
-32.9792 -6.22542 8 u
-33.0008 -6.06358 8 u
-33.0199 -5.9012 8 u
-33.0364 -5.73828 8 u
-33.0502 -5.57483 8 u
-33.061 -5.41084 8 u
-33.0689 -5.24632 8 u
-33.0735 -5.08126 8 u
-33.0747 -4.91567 8 u
-33.0723 -4.74954 8 u
-33.0663 -4.58288 8 u
-33.0564 -4.41569 8 u

-14.1609 -16.6191 8 u
-14.3028 -16.5925 8 u
-14.4446 -16.5653 8 u
-14.5863 -16.5377 8 u
-14.7279 -16.5096 8 u
-14.8694 -16.481 8 u
-15.0108 -16.4519 8 u
-15.152 -16.4225 8 u
-15.2931 -16.3926 8 u
-15.434 -16.3623 8 u
-15.5748 -16.3317 8 u
-15.7153 -16.3007 8 u
-15.8557 -16.2694 8 u
-15.9959 -16.2377 8 u
-16.1359 -16.2057 8 u
-16.2756 -16.1734 8 u
-16.4151 -16.1409 8 u
-16.5543 -16.108 8 u
-16.6933 -16.075 8 u
-16.832 -16.0417 8 u
-16.9704 -16.0082 8 u
-17.1086 -15.9744 8 u
-17.2464 -15.9403 8 u
-17.384 -15.9055 8 u
-17.5213 -15.8699 8 u
-17.6584 -15.8332 8 u
-17.7953 -15.7953 8 u
-17.932 -15.7558 8 u
-18.0685 -15.7147 8 u
-18.2048 -15.6717 8 u
-18.341 -15.6265 8 u
-18.4771 -15.5789 8 u
-18.613 -15.5288 8 u
-18.7488 -15.4759 8 u
-18.8846 -15.42 8 u
-19.0202 -15.3609 8 u
-19.1558 -15.2984 8 u
-19.2914 -15.2322 8 u
-19.427 -15.1622 8 u
-19.5625 -15.0881 8 u
-19.6981 -15.0097 8 u
-19.8336 -14.9269 8 u
-19.9692 -14.8402 8 u
-20.1048 -14.7501 8 u
-20.2405 -14.6572 8 u
-20.376 -14.5621 8 u
-20.5116 -14.4653 8 u
-20.6472 -14.3674 8 u
-20.7827 -14.2689 8 u
-20.9182 -14.1705 8 u
-21.0536 -14.0726 8 u
-21.1889 -13.9759 8 u
-21.3242 -13.8809 8 u
-21.4594 -13.7882 8 u
-21.5945 -13.6984 8 u
-21.7295 -13.6119 8 u
-21.8644 -13.5295 8 u
-21.9992 -13.4516 8 u
-22.1339 -13.3788 8 u
-22.2684 -13.3117 8 u
-22.4028 -13.2508 8 u
-22.537 -13.1967 8 u
-22.6711 -13.1491 8 u
-22.8051 -13.1081 8 u
-22.939 -13.0733 8 u
-23.0729 -13.0446 8 u
-23.2068 -13.0219 8 u
-23.3406 -13.0049 8 u
-23.4745 -12.9936 8 u
-23.6085 -12.9876 8 u
-23.7425 -12.9869 8 u
-23.8767 -12.9912 8 u
-24.0109 -13.0004 8 u
-24.1454 -13.0144 8 u
-24.28 -13.0329 8 u
-24.4149 -13.0557 8 u
-24.5499 -13.0827 8 u
-24.6853 -13.1138 8 u
-24.8209 -13.1487 8 u
-24.9569 -13.1872 8 u
-25.0932 -13.2293 8 u
-25.2298 -13.2745 8 u
-25.3667 -13.3222 8 u
-25.5036 -13.3714 8 u
-25.6404 -13.4214 8 u
-25.777 -13.4712 8 u
-25.9131 -13.52 8 u
-26.0487 -13.5669 8 u
-26.1836 -13.611 8 u
-26.3175 -13.6515 8 u
-26.4504 -13.6875 8 u
-26.5821 -13.7181 8 u
-26.7125 -13.7425 8 u
-26.8413 -13.7597 8 u
-26.9685 -13.769 8 u
-27.0939 -13.7695 8 u
-27.2172 -13.7602 8 u
-27.3384 -13.7404 8 u
-27.4574 -13.7091 8 u
-27.5738 -13.6654 8 u
-27.6877 -13.6086 8 u
-27.7988 -13.5381 8 u
-27.9072 -13.4543 8 u
-28.0129 -13.3581 8 u
-28.116 -13.2504 8 u
-28.2166 -13.1321 8 u
-28.3147 -13.0039 8 u
-28.4103 -12.8667 8 u
-28.5036 -12.7214 8 u
-28.5946 -12.5688 8 u
-28.6832 -12.4097 8 u
-28.7697 -12.245 8 u
-28.854 -12.0755 8 u
-28.9362 -11.9021 8 u
-29.0163 -11.7257 8 u
-29.0944 -11.547 8 u
-29.1706 -11.3669 8 u
-29.245 -11.1862 8 u
-29.3175 -11.0059 8 u
-29.3882 -10.8267 8 u
-29.4572 -10.6495 8 u
-29.5245 -10.4749 8 u
-29.5903 -10.3031 8 u
-29.6544 -10.1338 8 u
-29.717 -9.96688 8 u
-29.7782 -9.80228 8 u
-29.8378 -9.63984 8 u
-29.8961 -9.4794 8 u
-29.953 -9.32084 8 u
-30.0086 -9.16401 8 u
-30.0629 -9.00879 8 u
-30.1159 -8.85503 8 u
-30.1678 -8.7026 8 u
-30.2185 -8.55136 8 u
-30.2681 -8.40117 8 u
-30.3166 -8.2519 8 u
-30.3641 -8.10342 8 u
-30.4106 -7.95558 8 u
-30.4561 -7.80824 8 u
-30.5008 -7.66128 8 u
-30.5446 -7.51456 8 u
-30.5875 -7.36794 8 u
-30.6295 -7.22139 8 u
-30.6703 -7.07487 8 u
-30.7098 -6.92832 8 u
-30.7477 -6.78173 8 u
-30.784 -6.63504 8 u
-30.8184 -6.48823 8 u
-30.8509 -6.34125 8 u
-30.8811 -6.19406 8 u
-30.909 -6.04663 8 u
-30.9343 -5.89893 8 u
-30.957 -5.7509 8 u
-30.9768 -5.60252 8 u
-30.9935 -5.45375 8 u
-31.007 -5.30455 8 u
-31.0172 -5.15488 8 u
-31.0238 -5.0047 8 u
-31.0266 -4.85398 8 u
-31.0256 -4.70267 8 u
-31.0205 -4.55075 8 u

-14.0672 -15.9599 8 u
-14.1892 -15.9276 8 u
-14.3111 -15.8948 8 u
-14.4328 -15.8615 8 u
-14.5544 -15.8276 8 u
-14.6757 -15.7932 8 u
-14.7968 -15.7582 8 u
-14.9177 -15.7229 8 u
-15.0384 -15.687 8 u
-15.1588 -15.6507 8 u
-15.2791 -15.6139 8 u
-15.399 -15.5768 8 u
-15.5188 -15.5392 8 u
-15.6383 -15.5012 8 u
-15.7575 -15.4628 8 u
-15.8764 -15.4241 8 u
-15.9951 -15.3851 8 u
-16.1135 -15.3457 8 u
-16.2317 -15.306 8 u
-16.3495 -15.266 8 u
-16.467 -15.2257 8 u
-16.5842 -15.1851 8 u
-16.7011 -15.1442 8 u
-16.8178 -15.1029 8 u
-16.9342 -15.0612 8 u
-17.0503 -15.019 8 u
-17.1662 -14.9762 8 u
-17.2819 -14.9329 8 u
-17.3973 -14.8889 8 u
-17.5126 -14.8441 8 u
-17.6277 -14.7987 8 u
-17.7426 -14.7523 8 u
-17.8573 -14.7052 8 u
-17.972 -14.657 8 u
-18.0864 -14.6079 8 u
-18.2008 -14.5578 8 u
-18.3151 -14.5065 8 u
-18.4293 -14.4541 8 u
-18.5434 -14.4005 8 u
-18.6575 -14.3456 8 u
-18.7715 -14.2894 8 u
-18.8855 -14.2318 8 u
-18.9994 -14.1728 8 u
-19.1134 -14.1121 8 u
-19.2272 -14.0496 8 u
-19.3411 -13.9854 8 u
-19.4549 -13.9191 8 u
-19.5686 -13.8508 8 u
-19.6823 -13.7802 8 u
-19.796 -13.7074 8 u
-19.9096 -13.632 8 u
-20.0231 -13.5542 8 u
-20.1366 -13.4736 8 u
-20.25 -13.3902 8 u
-20.3634 -13.3039 8 u
-20.4767 -13.2145 8 u
-20.5899 -13.122 8 u
-20.703 -13.0262 8 u
-20.8161 -12.927 8 u
-20.9291 -12.8242 8 u
-21.042 -12.7178 8 u
-21.1548 -12.6079 8 u
-21.2676 -12.4949 8 u
-21.3803 -12.3797 8 u
-21.493 -12.2631 8 u
-21.6057 -12.1458 8 u
-21.7184 -12.0286 8 u
-21.8312 -11.9124 8 u
-21.944 -11.7978 8 u
-22.0568 -11.6856 8 u
-22.1698 -11.5767 8 u
-22.2829 -11.4718 8 u
-22.3961 -11.3717 8 u
-22.5095 -11.2771 8 u
-22.623 -11.1888 8 u
-22.7367 -11.1077 8 u
-22.8507 -11.0344 8 u
-22.9649 -10.9698 8 u
-23.0793 -10.9147 8 u
-23.194 -10.8697 8 u
-23.309 -10.8358 8 u
-23.4243 -10.8133 8 u
-23.5398 -10.8016 8 u
-23.6554 -10.7997 8 u
-23.771 -10.8066 8 u
-23.8864 -10.8214 8 u
-24.0017 -10.8429 8 u
-24.1166 -10.8704 8 u
-24.231 -10.9027 8 u
-24.3449 -10.9388 8 u
-24.4581 -10.9779 8 u
-24.5706 -11.0189 8 u
-24.6822 -11.0608 8 u
-24.7928 -11.1027 8 u
-24.9023 -11.1435 8 u
-25.0107 -11.1823 8 u
-25.1177 -11.218 8 u
-25.2233 -11.2498 8 u
-25.3273 -11.2765 8 u
-25.4298 -11.2973 8 u
-25.5305 -11.3112 8 u
-25.6293 -11.3173 8 u
-25.7264 -11.3156 8 u
-25.8217 -11.3064 8 u
-25.9152 -11.2899 8 u
-26.007 -11.2663 8 u
-26.0972 -11.2358 8 u
-26.1857 -11.1986 8 u
-26.2726 -11.155 8 u
-26.3579 -11.105 8 u
-26.4416 -11.049 8 u
-26.5239 -10.9871 8 u
-26.6047 -10.9196 8 u
-26.6841 -10.8467 8 u
-26.762 -10.7685 8 u
-26.8386 -10.6853 8 u
-26.9138 -10.5973 8 u
-26.9878 -10.5047 8 u
-27.0605 -10.4077 8 u
-27.1319 -10.3065 8 u
-27.2021 -10.2014 8 u
-27.2712 -10.0924 8 u
-27.3391 -9.97994 8 u
-27.4059 -9.86408 8 u
-27.4716 -9.74504 8 u
-27.5362 -9.62304 8 u
-27.5997 -9.49825 8 u
-27.6622 -9.37089 8 u
-27.7237 -9.24114 8 u
-27.7841 -9.10922 8 u
-27.8435 -8.9753 8 u
-27.9019 -8.8396 8 u
-27.9594 -8.70231 8 u
-28.016 -8.56363 8 u
-28.0716 -8.42375 8 u
-28.1263 -8.28288 8 u
-28.1801 -8.14121 8 u
-28.2331 -7.99893 8 u
-28.2852 -7.85625 8 u
-28.3364 -7.71337 8 u
-28.3869 -7.57048 8 u
-28.4365 -7.42774 8 u
-28.4852 -7.28513 8 u
-28.5327 -7.14262 8 u
-28.5788 -7.00015 8 u
-28.6235 -6.85767 8 u
-28.6664 -6.71513 8 u
-28.7074 -6.57249 8 u
-28.7463 -6.42968 8 u
-28.783 -6.28668 8 u
-28.8172 -6.14341 8 u
-28.8488 -5.99984 8 u
-28.8776 -5.85592 8 u
-28.9034 -5.71159 8 u
-28.926 -5.56681 8 u
-28.9452 -5.42152 8 u
-28.9609 -5.27568 8 u
-28.9729 -5.12924 8 u
-28.9809 -4.98215 8 u
-28.9848 -4.83435 8 u
-28.9845 -4.68581 8 u

-13.9734 -15.3007 8 u
-14.0757 -15.2628 8 u
-14.1777 -15.2243 8 u
-14.2794 -15.1852 8 u
-14.3808 -15.1456 8 u
-14.482 -15.1053 8 u
-14.5828 -15.0646 8 u
-14.6834 -15.0232 8 u
-14.7837 -14.9814 8 u
-14.8837 -14.939 8 u
-14.9834 -14.8962 8 u
-15.0827 -14.8528 8 u
-15.1818 -14.809 8 u
-15.2806 -14.7647 8 u
-15.3791 -14.72 8 u
-15.4773 -14.6749 8 u
-15.5752 -14.6293 8 u
-15.6727 -14.5833 8 u
-15.77 -14.537 8 u
-15.8669 -14.4903 8 u
-15.9636 -14.4432 8 u
-16.0599 -14.3958 8 u
-16.1559 -14.348 8 u
-16.2516 -14.2999 8 u
-16.347 -14.2514 8 u
-16.4422 -14.2027 8 u
-16.5371 -14.1536 8 u
-16.6317 -14.1041 8 u
-16.7262 -14.0544 8 u
-16.8203 -14.0043 8 u
-16.9143 -13.954 8 u
-17.0081 -13.9033 8 u
-17.1017 -13.8523 8 u
-17.1951 -13.801 8 u
-17.2883 -13.7495 8 u
-17.3814 -13.6976 8 u
-17.4744 -13.6454 8 u
-17.5672 -13.593 8 u
-17.6599 -13.5403 8 u
-17.7524 -13.4873 8 u
-17.8449 -13.434 8 u
-17.9373 -13.3805 8 u
-18.0296 -13.3265 8 u
-18.1219 -13.2721 8 u
-18.214 -13.2172 8 u
-18.3061 -13.1615 8 u
-18.3981 -13.1051 8 u
-18.4901 -13.0478 8 u
-18.582 -12.9895 8 u
-18.6738 -12.9301 8 u
-18.7656 -12.8696 8 u
-18.8574 -12.8077 8 u
-18.949 -12.7445 8 u
-19.0407 -12.6798 8 u
-19.1323 -12.6135 8 u
-19.2239 -12.5455 8 u
-19.3154 -12.4757 8 u
-19.4069 -12.404 8 u
-19.4984 -12.3303 8 u
-19.5898 -12.2545 8 u
-19.6813 -12.1765 8 u
-19.7727 -12.0963 8 u
-19.8641 -12.0139 8 u
-19.9556 -11.9295 8 u
-20.047 -11.8433 8 u
-20.1385 -11.7555 8 u
-20.2301 -11.6661 8 u
-20.3217 -11.5755 8 u
-20.4134 -11.4836 8 u
-20.5052 -11.3908 8 u
-20.5971 -11.2971 8 u
-20.6891 -11.2028 8 u
-20.7813 -11.1079 8 u
-20.8736 -11.0126 8 u
-20.966 -10.9172 8 u
-21.0586 -10.8217 8 u
-21.1515 -10.7264 8 u
-21.2445 -10.6313 8 u
-21.3377 -10.5367 8 u
-21.4311 -10.4427 8 u
-21.5248 -10.3495 8 u
-21.6188 -10.2573 8 u
-21.7129 -10.1661 8 u
-21.8072 -10.076 8 u
-21.9015 -9.9873 8 u
-21.9959 -9.9 8 u
-22.0902 -9.81423 8 u
-22.1844 -9.73013 8 u
-22.2785 -9.64782 8 u
-22.3723 -9.56741 8 u
-22.4659 -9.48902 8 u
-22.5591 -9.41277 8 u
-22.6519 -9.3388 8 u
-22.7443 -9.26721 8 u
-22.8362 -9.19812 8 u
-22.9275 -9.13166 8 u
-23.0181 -9.06795 8 u
-23.1081 -9.00711 8 u
-23.1973 -8.94926 8 u
-23.2857 -8.89451 8 u
-23.3733 -8.843 8 u
-23.4599 -8.79477 8 u
-23.5456 -8.74962 8 u
-23.6304 -8.70729 8 u
-23.7144 -8.66751 8 u
-23.7974 -8.63 8 u
-23.8796 -8.59451 8 u
-23.961 -8.56076 8 u
-24.0415 -8.52849 8 u
-24.1212 -8.49742 8 u
-24.2001 -8.4673 8 u
-24.2781 -8.43785 8 u
-24.3554 -8.40881 8 u
-24.432 -8.37991 8 u
-24.5077 -8.35087 8 u
-24.5827 -8.32144 8 u
-24.657 -8.29135 8 u
-24.7306 -8.26032 8 u
-24.8034 -8.22809 8 u
-24.8756 -8.1944 8 u
-24.9471 -8.15897 8 u
-25.0179 -8.12158 8 u
-25.088 -8.08216 8 u
-25.1575 -8.0407 8 u
-25.2262 -7.99717 8 u
-25.2943 -7.95155 8 u
-25.3617 -7.90382 8 u
-25.4283 -7.85396 8 u
-25.4943 -7.80195 8 u
-25.5596 -7.74776 8 u
-25.6241 -7.69138 8 u
-25.688 -7.63278 8 u
-25.7511 -7.57194 8 u
-25.8134 -7.50884 8 u
-25.8751 -7.44345 8 u
-25.936 -7.37577 8 u
-25.9961 -7.30575 8 u
-26.0555 -7.23339 8 u
-26.1142 -7.15867 8 u
-26.1721 -7.08155 8 u
-26.2292 -7.00202 8 u
-26.2855 -6.92006 8 u
-26.3409 -6.8356 8 u
-26.3951 -6.74859 8 u
-26.4479 -6.65897 8 u
-26.4992 -6.56667 8 u
-26.5487 -6.47165 8 u
-26.5963 -6.37383 8 u
-26.6418 -6.27316 8 u
-26.6849 -6.16957 8 u
-26.7254 -6.06302 8 u
-26.7633 -5.95344 8 u
-26.7982 -5.84076 8 u
-26.83 -5.72493 8 u
-26.8584 -5.60589 8 u
-26.8834 -5.48358 8 u
-26.9046 -5.35794 8 u
-26.9219 -5.22891 8 u
-26.9352 -5.09643 8 u
-26.9441 -4.96043 8 u
-26.9485 -4.82087 8 u

-13.8797 -14.6414 8 u
-13.9621 -14.5979 8 u
-14.0442 -14.5538 8 u
-14.1259 -14.509 8 u
-14.2073 -14.4636 8 u
-14.2883 -14.4175 8 u
-14.3689 -14.3709 8 u
-14.4491 -14.3236 8 u
-14.529 -14.2758 8 u
-14.6085 -14.2273 8 u
-14.6876 -14.1784 8 u
-14.7664 -14.1289 8 u
-14.8449 -14.0788 8 u
-14.923 -14.0282 8 u
-15.0007 -13.9772 8 u
-15.0782 -13.9256 8 u
-15.1552 -13.8735 8 u
-15.232 -13.821 8 u
-15.3083 -13.768 8 u
-15.3844 -13.7146 8 u
-15.4601 -13.6607 8 u
-15.5355 -13.6064 8 u
-15.6106 -13.5517 8 u
-15.6854 -13.4966 8 u
-15.7599 -13.4411 8 u
-15.8341 -13.3853 8 u
-15.908 -13.3291 8 u
-15.9816 -13.2725 8 u
-16.055 -13.2156 8 u
-16.1281 -13.1584 8 u
-16.201 -13.1009 8 u
-16.2736 -13.0431 8 u
-16.346 -12.985 8 u
-16.4182 -12.9266 8 u
-16.4902 -12.8679 8 u
-16.562 -12.8091 8 u
-16.6336 -12.75 8 u
-16.7051 -12.6906 8 u
-16.7763 -12.6311 8 u
-16.8474 -12.5713 8 u
-16.9184 -12.5114 8 u
-16.9892 -12.4513 8 u
-17.0598 -12.3911 8 u
-17.1304 -12.3306 8 u
-17.2008 -12.2701 8 u
-17.2712 -12.2094 8 u
-17.3414 -12.1486 8 u
-17.4116 -12.0877 8 u
-17.4816 -12.0268 8 u
-17.5517 -11.9657 8 u
-17.6216 -11.9045 8 u
-17.6916 -11.8433 8 u
-17.7615 -11.7821 8 u
-17.8313 -11.7208 8 u
-17.9012 -11.6594 8 u
-17.971 -11.5981 8 u
-18.0409 -11.5368 8 u
-18.1107 -11.4754 8 u
-18.1806 -11.4141 8 u
-18.2506 -11.3528 8 u
-18.3205 -11.2915 8 u
-18.3906 -11.2303 8 u
-18.4606 -11.1692 8 u
-18.5308 -11.1081 8 u
-18.601 -11.0471 8 u
-18.6713 -10.9861 8 u
-18.7417 -10.9253 8 u
-18.8122 -10.8646 8 u
-18.8828 -10.804 8 u
-18.9536 -10.7435 8 u
-19.0244 -10.6831 8 u
-19.0953 -10.6229 8 u
-19.1664 -10.5628 8 u
-19.2376 -10.5029 8 u
-19.309 -10.4432 8 u
-19.3805 -10.3836 8 u
-19.4522 -10.3242 8 u
-19.5241 -10.2651 8 u
-19.5961 -10.2061 8 u
-19.6683 -10.1473 8 u
-19.7407 -10.0888 8 u
-19.8132 -10.0305 8 u
-19.886 -9.97238 8 u
-19.9589 -9.9145 8 u
-20.032 -9.85681 8 u
-20.1053 -9.79932 8 u
-20.1787 -9.742 8 u
-20.2522 -9.68486 8 u
-20.3259 -9.62786 8 u
-20.3997 -9.57102 8 u
-20.4736 -9.51431 8 u
-20.5476 -9.45772 8 u
-20.6216 -9.40125 8 u
-20.6958 -9.34488 8 u
-20.77 -9.2886 8 u
-20.8442 -9.2324 8 u
-20.9186 -9.17627 8 u
-20.9929 -9.1202 8 u
-21.0673 -9.06419 8 u
-21.1417 -9.0082 8 u
-21.2161 -8.95225 8 u
-21.2905 -8.89631 8 u
-21.3649 -8.84038 8 u
-21.4392 -8.78444 8 u
-21.5136 -8.72847 8 u
-21.5879 -8.67247 8 u
-21.6621 -8.61643 8 u
-21.7363 -8.56032 8 u
-21.8104 -8.50414 8 u
-21.8845 -8.44788 8 u
-21.9585 -8.39152 8 u
-22.0324 -8.33505 8 u
-22.1062 -8.27845 8 u
-22.1799 -8.22172 8 u
-22.2534 -8.16484 8 u
-22.3269 -8.10779 8 u
-22.4002 -8.05058 8 u
-22.4734 -7.99317 8 u
-22.5464 -7.93557 8 u
-22.6193 -7.87775 8 u
-22.692 -7.81971 8 u
-22.7646 -7.76143 8 u
-22.8369 -7.70288 8 u
-22.909 -7.64403 8 u
-22.9808 -7.58485 8 u
-23.0524 -7.52532 8 u
-23.1236 -7.46541 8 u
-23.1945 -7.40507 8 u
-23.265 -7.3443 8 u
-23.3351 -7.28305 8 u
-23.4048 -7.22129 8 u
-23.474 -7.159 8 u
-23.5427 -7.09615 8 u
-23.6109 -7.03271 8 u
-23.6786 -6.96864 8 u
-23.7457 -6.90392 8 u
-23.8121 -6.83853 8 u
-23.878 -6.77242 8 u
-23.9432 -6.70557 8 u
-24.0077 -6.63795 8 u
-24.0715 -6.56953 8 u
-24.1345 -6.50028 8 u
-24.1966 -6.43014 8 u
-24.2575 -6.35907 8 u
-24.317 -6.28701 8 u
-24.3749 -6.21391 8 u
-24.4311 -6.13971 8 u
-24.4853 -6.06437 8 u
-24.5372 -5.98782 8 u
-24.5867 -5.91001 8 u
-24.6337 -5.83089 8 u
-24.6777 -5.75041 8 u
-24.7188 -5.66852 8 u
-24.7566 -5.58515 8 u
-24.7909 -5.50026 8 u
-24.8216 -5.41379 8 u
-24.8483 -5.3257 8 u
-24.871 -5.23591 8 u
-24.8894 -5.14439 8 u
-24.9034 -5.05108 8 u
-24.9125 -4.95593 8 u

-14.6296 -19.9154 8 v
-14.6249 -19.8824 8 v
-14.6203 -19.8494 8 v
-14.6156 -19.8165 8 v
-14.6109 -19.7835 8 v
-14.6062 -19.7506 8 v
-14.6015 -19.7176 8 v
-14.5968 -19.6846 8 v
-14.5921 -19.6517 8 v
-14.5874 -19.6187 8 v
-14.5828 -19.5857 8 v
-14.5781 -19.5528 8 v
-14.5734 -19.5198 8 v
-14.5687 -19.4869 8 v
-14.564 -19.4539 8 v
-14.5593 -19.4209 8 v
-14.5546 -19.388 8 v
-14.5499 -19.355 8 v
-14.5453 -19.322 8 v
-14.5406 -19.2891 8 v
-14.5359 -19.2561 8 v
-14.5312 -19.2232 8 v
-14.5265 -19.1902 8 v
-14.5218 -19.1572 8 v
-14.5171 -19.1243 8 v
-14.5124 -19.0913 8 v
-14.5078 -19.0583 8 v
-14.5031 -19.0254 8 v
-14.4984 -18.9924 8 v
-14.4937 -18.9595 8 v
-14.489 -18.9265 8 v
-14.4843 -18.8935 8 v
-14.4796 -18.8606 8 v
-14.4749 -18.8276 8 v
-14.4703 -18.7946 8 v
-14.4656 -18.7617 8 v
-14.4609 -18.7287 8 v
-14.4562 -18.6958 8 v
-14.4515 -18.6628 8 v
-14.4468 -18.6298 8 v
-14.4421 -18.5969 8 v
-14.4374 -18.5639 8 v
-14.4328 -18.531 8 v
-14.4281 -18.498 8 v
-14.4234 -18.465 8 v
-14.4187 -18.4321 8 v
-14.414 -18.3991 8 v
-14.4093 -18.3661 8 v
-14.4046 -18.3332 8 v
-14.3999 -18.3002 8 v
-14.3953 -18.2673 8 v
-14.3906 -18.2343 8 v
-14.3859 -18.2013 8 v
-14.3812 -18.1684 8 v
-14.3765 -18.1354 8 v
-14.3718 -18.1024 8 v
-14.3671 -18.0695 8 v
-14.3625 -18.0365 8 v
-14.3578 -18.0036 8 v
-14.3531 -17.9706 8 v
-14.3484 -17.9376 8 v
-14.3437 -17.9047 8 v
-14.339 -17.8717 8 v
-14.3343 -17.8387 8 v
-14.3296 -17.8058 8 v
-14.325 -17.7728 8 v
-14.3203 -17.7399 8 v
-14.3156 -17.7069 8 v
-14.3109 -17.6739 8 v
-14.3062 -17.641 8 v
-14.3015 -17.608 8 v
-14.2968 -17.575 8 v
-14.2921 -17.5421 8 v
-14.2875 -17.5091 8 v
-14.2828 -17.4762 8 v
-14.2781 -17.4432 8 v
-14.2734 -17.4102 8 v
-14.2687 -17.3773 8 v
-14.264 -17.3443 8 v
-14.2593 -17.3114 8 v
-14.2546 -17.2784 8 v
-14.25 -17.2454 8 v
-14.2453 -17.2125 8 v
-14.2406 -17.1795 8 v
-14.2359 -17.1465 8 v
-14.2312 -17.1136 8 v
-14.2265 -17.0806 8 v
-14.2218 -17.0477 8 v
-14.2171 -17.0147 8 v
-14.2125 -16.9817 8 v
-14.2078 -16.9488 8 v
-14.2031 -16.9158 8 v
-14.1984 -16.8828 8 v
-14.1937 -16.8499 8 v
-14.189 -16.8169 8 v
-14.1843 -16.784 8 v
-14.1796 -16.751 8 v
-14.175 -16.718 8 v
-14.1703 -16.6851 8 v
-14.1656 -16.6521 8 v
-14.1609 -16.6191 8 v
-14.1562 -16.5862 8 v
-14.1515 -16.5532 8 v
-14.1468 -16.5203 8 v
-14.1421 -16.4873 8 v
-14.1375 -16.4543 8 v
-14.1328 -16.4214 8 v
-14.1281 -16.3884 8 v
-14.1234 -16.3554 8 v
-14.1187 -16.3225 8 v
-14.114 -16.2895 8 v
-14.1093 -16.2566 8 v
-14.1046 -16.2236 8 v
-14.1 -16.1906 8 v
-14.0953 -16.1577 8 v
-14.0906 -16.1247 8 v
-14.0859 -16.0918 8 v
-14.0812 -16.0588 8 v
-14.0765 -16.0258 8 v
-14.0718 -15.9929 8 v
-14.0672 -15.9599 8 v
-14.0625 -15.9269 8 v
-14.0578 -15.894 8 v
-14.0531 -15.861 8 v
-14.0484 -15.8281 8 v
-14.0437 -15.7951 8 v
-14.039 -15.7621 8 v
-14.0343 -15.7292 8 v
-14.0297 -15.6962 8 v
-14.025 -15.6632 8 v
-14.0203 -15.6303 8 v
-14.0156 -15.5973 8 v
-14.0109 -15.5644 8 v
-14.0062 -15.5314 8 v
-14.0015 -15.4984 8 v
-13.9968 -15.4655 8 v
-13.9922 -15.4325 8 v
-13.9875 -15.3995 8 v
-13.9828 -15.3666 8 v
-13.9781 -15.3336 8 v
-13.9734 -15.3007 8 v
-13.9687 -15.2677 8 v
-13.964 -15.2347 8 v
-13.9593 -15.2018 8 v
-13.9547 -15.1688 8 v
-13.95 -15.1358 8 v
-13.9453 -15.1029 8 v
-13.9406 -15.0699 8 v
-13.9359 -15.037 8 v
-13.9312 -15.004 8 v
-13.9265 -14.971 8 v
-13.9218 -14.9381 8 v
-13.9172 -14.9051 8 v
-13.9125 -14.8722 8 v
-13.9078 -14.8392 8 v
-13.9031 -14.8062 8 v
-13.8984 -14.7733 8 v
-13.8937 -14.7403 8 v
-13.889 -14.7073 8 v
-13.8843 -14.6744 8 v
-13.8797 -14.6414 8 v

-19.4876 -19.9206 8 v
-19.4624 -19.8745 8 v
-19.4373 -19.8287 8 v
-19.4121 -19.7835 8 v
-19.3869 -19.7387 8 v
-19.3617 -19.6943 8 v
-19.3366 -19.6503 8 v
-19.3114 -19.6067 8 v
-19.2862 -19.5634 8 v
-19.261 -19.5205 8 v
-19.2359 -19.4778 8 v
-19.2107 -19.4355 8 v
-19.1855 -19.3934 8 v
-19.1604 -19.3515 8 v
-19.1352 -19.3099 8 v
-19.11 -19.2685 8 v
-19.0848 -19.2272 8 v
-19.0597 -19.1861 8 v
-19.0345 -19.1452 8 v
-19.0093 -19.1043 8 v
-18.9842 -19.0635 8 v
-18.959 -19.0228 8 v
-18.9338 -18.9822 8 v
-18.9086 -18.9416 8 v
-18.8835 -18.9011 8 v
-18.8583 -18.8607 8 v
-18.8331 -18.8204 8 v
-18.808 -18.7802 8 v
-18.7828 -18.74 8 v
-18.7576 -18.7 8 v
-18.7324 -18.6601 8 v
-18.7073 -18.6202 8 v
-18.6821 -18.5805 8 v
-18.6569 -18.5409 8 v
-18.6318 -18.5015 8 v
-18.6066 -18.4621 8 v
-18.5814 -18.4229 8 v
-18.5562 -18.3838 8 v
-18.5311 -18.3448 8 v
-18.5059 -18.306 8 v
-18.4807 -18.2673 8 v
-18.4556 -18.2288 8 v
-18.4304 -18.1904 8 v
-18.4052 -18.1522 8 v
-18.38 -18.1141 8 v
-18.3549 -18.0761 8 v
-18.3297 -18.0383 8 v
-18.3045 -18.0005 8 v
-18.2794 -17.9629 8 v
-18.2542 -17.9254 8 v
-18.229 -17.888 8 v
-18.2038 -17.8506 8 v
-18.1787 -17.8134 8 v
-18.1535 -17.7763 8 v
-18.1283 -17.7392 8 v
-18.1032 -17.7022 8 v
-18.078 -17.6653 8 v
-18.0528 -17.6285 8 v
-18.0276 -17.5917 8 v
-18.0025 -17.5549 8 v
-17.9773 -17.5182 8 v
-17.9521 -17.4816 8 v
-17.927 -17.445 8 v
-17.9018 -17.4084 8 v
-17.8766 -17.3718 8 v
-17.8514 -17.3352 8 v
-17.8263 -17.2987 8 v
-17.8011 -17.2621 8 v
-17.7759 -17.2255 8 v
-17.7508 -17.1888 8 v
-17.7256 -17.1522 8 v
-17.7004 -17.1154 8 v
-17.6752 -17.0786 8 v
-17.6501 -17.0418 8 v
-17.6249 -17.0048 8 v
-17.5997 -16.9678 8 v
-17.5746 -16.9307 8 v
-17.5494 -16.8935 8 v
-17.5242 -16.8561 8 v
-17.499 -16.8186 8 v
-17.4739 -16.781 8 v
-17.4487 -16.7433 8 v
-17.4235 -16.7054 8 v
-17.3983 -16.6674 8 v
-17.3732 -16.6292 8 v
-17.348 -16.591 8 v
-17.3228 -16.5526 8 v
-17.2977 -16.5141 8 v
-17.2725 -16.4756 8 v
-17.2473 -16.4369 8 v
-17.2221 -16.3982 8 v
-17.197 -16.3594 8 v
-17.1718 -16.3206 8 v
-17.1466 -16.2816 8 v
-17.1215 -16.2427 8 v
-17.0963 -16.2036 8 v
-17.0711 -16.1646 8 v
-17.0459 -16.1255 8 v
-17.0208 -16.0864 8 v
-16.9956 -16.0473 8 v
-16.9704 -16.0082 8 v
-16.9453 -15.969 8 v
-16.9201 -15.9299 8 v
-16.8949 -15.8908 8 v
-16.8697 -15.8517 8 v
-16.8446 -15.8125 8 v
-16.8194 -15.7734 8 v
-16.7942 -15.7343 8 v
-16.7691 -15.6952 8 v
-16.7439 -15.6561 8 v
-16.7187 -15.6169 8 v
-16.6935 -15.5778 8 v
-16.6684 -15.5387 8 v
-16.6432 -15.4996 8 v
-16.618 -15.4604 8 v
-16.5929 -15.4213 8 v
-16.5677 -15.3822 8 v
-16.5425 -15.3431 8 v
-16.5173 -15.3039 8 v
-16.4922 -15.2648 8 v
-16.467 -15.2257 8 v
-16.4418 -15.1866 8 v
-16.4167 -15.1474 8 v
-16.3915 -15.1083 8 v
-16.3663 -15.0692 8 v
-16.3411 -15.0301 8 v
-16.316 -14.9909 8 v
-16.2908 -14.9518 8 v
-16.2656 -14.9127 8 v
-16.2405 -14.8736 8 v
-16.2153 -14.8344 8 v
-16.1901 -14.7953 8 v
-16.1649 -14.7562 8 v
-16.1398 -14.7171 8 v
-16.1146 -14.6779 8 v
-16.0894 -14.6388 8 v
-16.0643 -14.5997 8 v
-16.0391 -14.5606 8 v
-16.0139 -14.5214 8 v
-15.9887 -14.4823 8 v
-15.9636 -14.4432 8 v
-15.9384 -14.4041 8 v
-15.9132 -14.3649 8 v
-15.8881 -14.3258 8 v
-15.8629 -14.2867 8 v
-15.8377 -14.2476 8 v
-15.8125 -14.2084 8 v
-15.7874 -14.1693 8 v
-15.7622 -14.1302 8 v
-15.737 -14.0911 8 v
-15.7119 -14.0519 8 v
-15.6867 -14.0128 8 v
-15.6615 -13.9737 8 v
-15.6363 -13.9346 8 v
-15.6112 -13.8954 8 v
-15.586 -13.8563 8 v
-15.5608 -13.8172 8 v
-15.5356 -13.7781 8 v
-15.5105 -13.7389 8 v
-15.4853 -13.6998 8 v
-15.4601 -13.6607 8 v

-24.3309 -19.9395 8 v
-24.2846 -19.869 8 v
-24.2383 -19.8004 8 v
-24.1919 -19.7336 8 v
-24.1456 -19.6686 8 v
-24.0993 -19.6051 8 v
-24.0529 -19.5432 8 v
-24.0066 -19.4828 8 v
-23.9603 -19.4237 8 v
-23.914 -19.3659 8 v
-23.8676 -19.3093 8 v
-23.8213 -19.2537 8 v
-23.775 -19.1992 8 v
-23.7286 -19.1456 8 v
-23.6823 -19.0927 8 v
-23.636 -19.0407 8 v
-23.5897 -18.9892 8 v
-23.5433 -18.9383 8 v
-23.497 -18.8879 8 v
-23.4507 -18.8378 8 v
-23.4043 -18.7881 8 v
-23.358 -18.7385 8 v
-23.3117 -18.6891 8 v
-23.2654 -18.6399 8 v
-23.219 -18.5908 8 v
-23.1727 -18.5419 8 v
-23.1264 -18.4931 8 v
-23.08 -18.4445 8 v
-23.0337 -18.396 8 v
-22.9874 -18.3476 8 v
-22.9411 -18.2993 8 v
-22.8947 -18.2512 8 v
-22.8484 -18.2031 8 v
-22.8021 -18.1551 8 v
-22.7557 -18.1072 8 v
-22.7094 -18.0594 8 v
-22.6631 -18.0116 8 v
-22.6168 -17.9639 8 v
-22.5704 -17.9162 8 v
-22.5241 -17.8685 8 v
-22.4778 -17.8209 8 v
-22.4314 -17.7732 8 v
-22.3851 -17.7256 8 v
-22.3388 -17.678 8 v
-22.2925 -17.6304 8 v
-22.2461 -17.5828 8 v
-22.1998 -17.5351 8 v
-22.1535 -17.4874 8 v
-22.1071 -17.4397 8 v
-22.0608 -17.3919 8 v
-22.0145 -17.3441 8 v
-21.9682 -17.2962 8 v
-21.9218 -17.2483 8 v
-21.8755 -17.2003 8 v
-21.8292 -17.1522 8 v
-21.7828 -17.104 8 v
-21.7365 -17.0557 8 v
-21.6902 -17.0073 8 v
-21.6439 -16.9588 8 v
-21.5975 -16.9101 8 v
-21.5512 -16.8614 8 v
-21.5049 -16.8125 8 v
-21.4585 -16.7635 8 v
-21.4122 -16.7144 8 v
-21.3659 -16.6652 8 v
-21.3196 -16.616 8 v
-21.2732 -16.5667 8 v
-21.2269 -16.5174 8 v
-21.1806 -16.4682 8 v
-21.1342 -16.4189 8 v
-21.0879 -16.3697 8 v
-21.0416 -16.3205 8 v
-20.9953 -16.2714 8 v
-20.9489 -16.2224 8 v
-20.9026 -16.1736 8 v
-20.8563 -16.1248 8 v
-20.8099 -16.0762 8 v
-20.7636 -16.0278 8 v
-20.7173 -15.9796 8 v
-20.671 -15.9316 8 v
-20.6246 -15.8838 8 v
-20.5783 -15.8363 8 v
-20.532 -15.7891 8 v
-20.4856 -15.7421 8 v
-20.4393 -15.6955 8 v
-20.393 -15.6492 8 v
-20.3467 -15.6033 8 v
-20.3003 -15.5577 8 v
-20.254 -15.5126 8 v
-20.2077 -15.4678 8 v
-20.1613 -15.4235 8 v
-20.115 -15.3797 8 v
-20.0687 -15.3364 8 v
-20.0224 -15.2935 8 v
-19.976 -15.2512 8 v
-19.9297 -15.2095 8 v
-19.8834 -15.1683 8 v
-19.8371 -15.1277 8 v
-19.7907 -15.0877 8 v
-19.7444 -15.0484 8 v
-19.6981 -15.0097 8 v
-19.6517 -14.9717 8 v
-19.6054 -14.9343 8 v
-19.5591 -14.8974 8 v
-19.5128 -14.861 8 v
-19.4664 -14.825 8 v
-19.4201 -14.7894 8 v
-19.3738 -14.754 8 v
-19.3274 -14.7189 8 v
-19.2811 -14.6839 8 v
-19.2348 -14.649 8 v
-19.1885 -14.6141 8 v
-19.1421 -14.5791 8 v
-19.0958 -14.544 8 v
-19.0495 -14.5087 8 v
-19.0031 -14.4732 8 v
-18.9568 -14.4374 8 v
-18.9105 -14.4011 8 v
-18.8642 -14.3644 8 v
-18.8178 -14.3272 8 v
-18.7715 -14.2894 8 v
-18.7252 -14.251 8 v
-18.6788 -14.2119 8 v
-18.6325 -14.1723 8 v
-18.5862 -14.132 8 v
-18.5399 -14.0913 8 v
-18.4935 -14.05 8 v
-18.4472 -14.0082 8 v
-18.4009 -13.966 8 v
-18.3545 -13.9233 8 v
-18.3082 -13.8803 8 v
-18.2619 -13.8369 8 v
-18.2156 -13.7931 8 v
-18.1692 -13.749 8 v
-18.1229 -13.7046 8 v
-18.0766 -13.66 8 v
-18.0302 -13.6152 8 v
-17.9839 -13.5701 8 v
-17.9376 -13.5249 8 v
-17.8913 -13.4795 8 v
-17.8449 -13.434 8 v
-17.7986 -13.3884 8 v
-17.7523 -13.3428 8 v
-17.7059 -13.297 8 v
-17.6596 -13.2512 8 v
-17.6133 -13.2053 8 v
-17.567 -13.1593 8 v
-17.5206 -13.1133 8 v
-17.4743 -13.0672 8 v
-17.428 -13.0211 8 v
-17.3816 -12.9749 8 v
-17.3353 -12.9287 8 v
-17.289 -12.8824 8 v
-17.2427 -12.8361 8 v
-17.1963 -12.7898 8 v
-17.15 -12.7434 8 v
-17.1037 -12.6971 8 v
-17.0573 -12.6507 8 v
-17.011 -12.6043 8 v
-16.9647 -12.5578 8 v
-16.9184 -12.5114 8 v

-29.2064 -19.8872 8 v
-29.1384 -19.8432 8 v
-29.0704 -19.7995 8 v
-29.0023 -19.7562 8 v
-28.9343 -19.7132 8 v
-28.8663 -19.6704 8 v
-28.7982 -19.6279 8 v
-28.7302 -19.5856 8 v
-28.6621 -19.5434 8 v
-28.5941 -19.5014 8 v
-28.5261 -19.4596 8 v
-28.458 -19.4178 8 v
-28.39 -19.376 8 v
-28.322 -19.3343 8 v
-28.2539 -19.2926 8 v
-28.1859 -19.2508 8 v
-28.1179 -19.209 8 v
-28.0498 -19.1671 8 v
-27.9818 -19.1251 8 v
-27.9137 -19.0829 8 v
-27.8457 -19.0405 8 v
-27.7777 -18.9979 8 v
-27.7096 -18.955 8 v
-27.6416 -18.9117 8 v
-27.5736 -18.868 8 v
-27.5055 -18.8238 8 v
-27.4375 -18.779 8 v
-27.3694 -18.7335 8 v
-27.3014 -18.6872 8 v
-27.2334 -18.6402 8 v
-27.1653 -18.5922 8 v
-27.0973 -18.5433 8 v
-27.0293 -18.4933 8 v
-26.9612 -18.4422 8 v
-26.8932 -18.3899 8 v
-26.8252 -18.3363 8 v
-26.7571 -18.2814 8 v
-26.6891 -18.225 8 v
-26.621 -18.1671 8 v
-26.553 -18.1077 8 v
-26.485 -18.0466 8 v
-26.4169 -17.9838 8 v
-26.3489 -17.9193 8 v
-26.2809 -17.8531 8 v
-26.2128 -17.7853 8 v
-26.1448 -17.7159 8 v
-26.0767 -17.6449 8 v
-26.0087 -17.5724 8 v
-25.9407 -17.4984 8 v
-25.8726 -17.4229 8 v
-25.8046 -17.346 8 v
-25.7366 -17.2677 8 v
-25.6685 -17.1881 8 v
-25.6005 -17.1071 8 v
-25.5324 -17.0248 8 v
-25.4644 -16.9413 8 v
-25.3964 -16.8565 8 v
-25.3283 -16.7706 8 v
-25.2603 -16.6835 8 v
-25.1923 -16.5952 8 v
-25.1242 -16.5059 8 v
-25.0562 -16.4155 8 v
-24.9882 -16.3241 8 v
-24.9201 -16.232 8 v
-24.8521 -16.1391 8 v
-24.784 -16.0456 8 v
-24.716 -15.9516 8 v
-24.648 -15.8573 8 v
-24.5799 -15.7626 8 v
-24.5119 -15.6679 8 v
-24.4439 -15.5731 8 v
-24.3758 -15.4783 8 v
-24.3078 -15.3838 8 v
-24.2397 -15.2896 8 v
-24.1717 -15.1958 8 v
-24.1037 -15.1025 8 v
-24.0356 -15.0099 8 v
-23.9676 -14.9181 8 v
-23.8996 -14.8271 8 v
-23.8315 -14.7371 8 v
-23.7635 -14.6483 8 v
-23.6955 -14.5606 8 v
-23.6274 -14.4743 8 v
-23.5594 -14.3893 8 v
-23.4913 -14.3059 8 v
-23.4233 -14.2241 8 v
-23.3553 -14.1439 8 v
-23.2872 -14.0655 8 v
-23.2192 -13.989 8 v
-23.1512 -13.9145 8 v
-23.0831 -13.842 8 v
-23.0151 -13.7717 8 v
-22.947 -13.7036 8 v
-22.879 -13.6379 8 v
-22.811 -13.5745 8 v
-22.7429 -13.5137 8 v
-22.6749 -13.4556 8 v
-22.6069 -13.4001 8 v
-22.5388 -13.3474 8 v
-22.4708 -13.2976 8 v
-22.4028 -13.2508 8 v
-22.3347 -13.2071 8 v
-22.2667 -13.1662 8 v
-22.1986 -13.1281 8 v
-22.1306 -13.0925 8 v
-22.0626 -13.0592 8 v
-21.9945 -13.0281 8 v
-21.9265 -12.999 8 v
-21.8585 -12.9717 8 v
-21.7904 -12.946 8 v
-21.7224 -12.9217 8 v
-21.6543 -12.8987 8 v
-21.5863 -12.8768 8 v
-21.5183 -12.8557 8 v
-21.4502 -12.8354 8 v
-21.3822 -12.8156 8 v
-21.3142 -12.7961 8 v
-21.2461 -12.7767 8 v
-21.1781 -12.7574 8 v
-21.1101 -12.7378 8 v
-21.042 -12.7178 8 v
-20.974 -12.6973 8 v
-20.9059 -12.6762 8 v
-20.8379 -12.6545 8 v
-20.7699 -12.6322 8 v
-20.7018 -12.6092 8 v
-20.6338 -12.5856 8 v
-20.5658 -12.5613 8 v
-20.4977 -12.5363 8 v
-20.4297 -12.5106 8 v
-20.3616 -12.4841 8 v
-20.2936 -12.457 8 v
-20.2256 -12.4291 8 v
-20.1575 -12.4004 8 v
-20.0895 -12.3709 8 v
-20.0215 -12.3406 8 v
-19.9534 -12.3095 8 v
-19.8854 -12.2775 8 v
-19.8173 -12.2447 8 v
-19.7493 -12.2111 8 v
-19.6813 -12.1765 8 v
-19.6132 -12.1411 8 v
-19.5452 -12.1047 8 v
-19.4772 -12.0674 8 v
-19.4091 -12.0293 8 v
-19.3411 -11.9902 8 v
-19.2731 -11.9502 8 v
-19.205 -11.9092 8 v
-19.137 -11.8674 8 v
-19.0689 -11.8246 8 v
-19.0009 -11.7808 8 v
-18.9329 -11.7362 8 v
-18.8648 -11.6906 8 v
-18.7968 -11.644 8 v
-18.7288 -11.5965 8 v
-18.6607 -11.5481 8 v
-18.5927 -11.4987 8 v
-18.5246 -11.4483 8 v
-18.4566 -11.397 8 v
-18.3886 -11.3448 8 v
-18.3205 -11.2915 8 v

-34.0141 -19.5284 8 v
-33.9249 -19.4736 8 v
-33.8357 -19.4188 8 v
-33.7465 -19.3639 8 v
-33.6573 -19.309 8 v
-33.568 -19.2541 8 v
-33.4788 -19.1991 8 v
-33.3896 -19.1441 8 v
-33.3004 -19.089 8 v
-33.2112 -19.0339 8 v
-33.122 -18.9787 8 v
-33.0328 -18.9235 8 v
-32.9436 -18.8682 8 v
-32.8544 -18.8129 8 v
-32.7652 -18.7576 8 v
-32.676 -18.7021 8 v
-32.5867 -18.6466 8 v
-32.4975 -18.5911 8 v
-32.4083 -18.5355 8 v
-32.3191 -18.4798 8 v
-32.2299 -18.424 8 v
-32.1407 -18.3682 8 v
-32.0515 -18.3124 8 v
-31.9623 -18.2567 8 v
-31.8731 -18.201 8 v
-31.7839 -18.1456 8 v
-31.6947 -18.0904 8 v
-31.6054 -18.0355 8 v
-31.5162 -17.981 8 v
-31.427 -17.927 8 v
-31.3378 -17.8734 8 v
-31.2486 -17.8204 8 v
-31.1594 -17.7681 8 v
-31.0702 -17.7165 8 v
-30.981 -17.6656 8 v
-30.8918 -17.6156 8 v
-30.8026 -17.5664 8 v
-30.7134 -17.5183 8 v
-30.6242 -17.4711 8 v
-30.5349 -17.425 8 v
-30.4457 -17.3801 8 v
-30.3565 -17.3364 8 v
-30.2673 -17.2939 8 v
-30.1781 -17.2524 8 v
-30.0889 -17.212 8 v
-29.9997 -17.1727 8 v
-29.9105 -17.1343 8 v
-29.8213 -17.0968 8 v
-29.7321 -17.0602 8 v
-29.6429 -17.0244 8 v
-29.5536 -16.9893 8 v
-29.4644 -16.955 8 v
-29.3752 -16.9213 8 v
-29.286 -16.8883 8 v
-29.1968 -16.8558 8 v
-29.1076 -16.8238 8 v
-29.0184 -16.7922 8 v
-28.9292 -16.7611 8 v
-28.84 -16.7303 8 v
-28.7508 -16.6998 8 v
-28.6616 -16.6696 8 v
-28.5723 -16.6396 8 v
-28.4831 -16.6094 8 v
-28.3939 -16.5789 8 v
-28.3047 -16.5477 8 v
-28.2155 -16.5154 8 v
-28.1263 -16.4819 8 v
-28.0371 -16.4468 8 v
-27.9479 -16.4099 8 v
-27.8587 -16.3707 8 v
-27.7695 -16.3291 8 v
-27.6803 -16.2847 8 v
-27.591 -16.2372 8 v
-27.5018 -16.1864 8 v
-27.4126 -16.1318 8 v
-27.3234 -16.0733 8 v
-27.2342 -16.0106 8 v
-27.145 -15.9433 8 v
-27.0558 -15.8711 8 v
-26.9666 -15.7938 8 v
-26.8774 -15.711 8 v
-26.7882 -15.6225 8 v
-26.699 -15.5286 8 v
-26.6097 -15.4295 8 v
-26.5205 -15.3255 8 v
-26.4313 -15.2168 8 v
-26.3421 -15.1039 8 v
-26.2529 -14.9869 8 v
-26.1637 -14.8662 8 v
-26.0745 -14.742 8 v
-25.9853 -14.6146 8 v
-25.8961 -14.4844 8 v
-25.8069 -14.3515 8 v
-25.7177 -14.2163 8 v
-25.6285 -14.0791 8 v
-25.5392 -13.9402 8 v
-25.45 -13.7998 8 v
-25.3608 -13.6582 8 v
-25.2716 -13.5157 8 v
-25.1824 -13.3726 8 v
-25.0932 -13.2293 8 v
-25.004 -13.0859 8 v
-24.9148 -12.9428 8 v
-24.8256 -12.8004 8 v
-24.7364 -12.6591 8 v
-24.6472 -12.5192 8 v
-24.5579 -12.3811 8 v
-24.4687 -12.2451 8 v
-24.3795 -12.1117 8 v
-24.2903 -11.981 8 v
-24.2011 -11.8536 8 v
-24.1119 -11.7298 8 v
-24.0227 -11.6099 8 v
-23.9335 -11.4943 8 v
-23.8443 -11.3834 8 v
-23.7551 -11.2775 8 v
-23.6659 -11.1769 8 v
-23.5766 -11.0821 8 v
-23.4874 -10.9934 8 v
-23.3982 -10.9112 8 v
-23.309 -10.8358 8 v
-23.2198 -10.7674 8 v
-23.1306 -10.7059 8 v
-23.0414 -10.6508 8 v
-22.9522 -10.6018 8 v
-22.863 -10.5586 8 v
-22.7738 -10.5207 8 v
-22.6846 -10.4878 8 v
-22.5953 -10.4595 8 v
-22.5061 -10.4355 8 v
-22.4169 -10.4154 8 v
-22.3277 -10.3989 8 v
-22.2385 -10.3855 8 v
-22.1493 -10.375 8 v
-22.0601 -10.3669 8 v
-21.9709 -10.3609 8 v
-21.8817 -10.3566 8 v
-21.7925 -10.3537 8 v
-21.7033 -10.3518 8 v
-21.614 -10.3505 8 v
-21.5248 -10.3495 8 v
-21.4356 -10.3485 8 v
-21.3464 -10.3472 8 v
-21.2572 -10.3454 8 v
-21.168 -10.3431 8 v
-21.0788 -10.34 8 v
-20.9896 -10.336 8 v
-20.9004 -10.3308 8 v
-20.8112 -10.3245 8 v
-20.722 -10.3166 8 v
-20.6328 -10.3072 8 v
-20.5435 -10.2961 8 v
-20.4543 -10.283 8 v
-20.3651 -10.2678 8 v
-20.2759 -10.2504 8 v
-20.1867 -10.2305 8 v
-20.0975 -10.208 8 v
-20.0083 -10.1828 8 v
-19.9191 -10.1546 8 v
-19.8299 -10.1233 8 v
-19.7407 -10.0888 8 v

-38.4736 -17.7403 8 v
-38.3658 -17.6854 8 v
-38.2579 -17.6305 8 v
-38.1501 -17.5756 8 v
-38.0422 -17.5206 8 v
-37.9343 -17.4657 8 v
-37.8265 -17.4108 8 v
-37.7186 -17.3559 8 v
-37.6108 -17.3009 8 v
-37.5029 -17.246 8 v
-37.395 -17.1911 8 v
-37.2872 -17.1362 8 v
-37.1793 -17.0812 8 v
-37.0715 -17.0263 8 v
-36.9636 -16.9714 8 v
-36.8557 -16.9165 8 v
-36.7479 -16.8615 8 v
-36.64 -16.8066 8 v
-36.5322 -16.7517 8 v
-36.4243 -16.6968 8 v
-36.3164 -16.6418 8 v
-36.2086 -16.5869 8 v
-36.1007 -16.532 8 v
-35.9929 -16.4772 8 v
-35.885 -16.4224 8 v
-35.7772 -16.3677 8 v
-35.6693 -16.3131 8 v
-35.5614 -16.2586 8 v
-35.4536 -16.2043 8 v
-35.3457 -16.1502 8 v
-35.2379 -16.0963 8 v
-35.13 -16.0426 8 v
-35.0221 -15.9892 8 v
-34.9143 -15.936 8 v
-34.8064 -15.8832 8 v
-34.6986 -15.8306 8 v
-34.5907 -15.7784 8 v
-34.4828 -15.7265 8 v
-34.375 -15.675 8 v
-34.2671 -15.624 8 v
-34.1593 -15.5733 8 v
-34.0514 -15.5231 8 v
-33.9435 -15.4733 8 v
-33.8357 -15.424 8 v
-33.7278 -15.375 8 v
-33.62 -15.3265 8 v
-33.5121 -15.2783 8 v
-33.4042 -15.2304 8 v
-33.2964 -15.1829 8 v
-33.1885 -15.1357 8 v
-33.0807 -15.0889 8 v
-32.9728 -15.0423 8 v
-32.8649 -14.9959 8 v
-32.7571 -14.9499 8 v
-32.6492 -14.9041 8 v
-32.5414 -14.8585 8 v
-32.4335 -14.8131 8 v
-32.3256 -14.7679 8 v
-32.2178 -14.7229 8 v
-32.1099 -14.678 8 v
-32.0021 -14.6333 8 v
-31.8942 -14.5887 8 v
-31.7863 -14.5445 8 v
-31.6785 -14.5006 8 v
-31.5706 -14.4573 8 v
-31.4628 -14.4148 8 v
-31.3549 -14.3731 8 v
-31.247 -14.3324 8 v
-31.1392 -14.2929 8 v
-31.0313 -14.2547 8 v
-30.9235 -14.218 8 v
-30.8156 -14.1829 8 v
-30.7077 -14.1496 8 v
-30.5999 -14.1182 8 v
-30.492 -14.0888 8 v
-30.3842 -14.0617 8 v
-30.2763 -14.0369 8 v
-30.1684 -14.0146 8 v
-30.0606 -13.995 8 v
-29.9527 -13.9782 8 v
-29.8449 -13.9643 8 v
-29.737 -13.9534 8 v
-29.6291 -13.9451 8 v
-29.5213 -13.9388 8 v
-29.4134 -13.934 8 v
-29.3056 -13.93 8 v
-29.1977 -13.9265 8 v
-29.0898 -13.9227 8 v
-28.982 -13.9182 8 v
-28.8741 -13.9125 8 v
-28.7663 -13.9049 8 v
-28.6584 -13.895 8 v
-28.5505 -13.8821 8 v
-28.4427 -13.8658 8 v
-28.3348 -13.8455 8 v
-28.227 -13.8206 8 v
-28.1191 -13.7906 8 v
-28.0112 -13.755 8 v
-27.9034 -13.7131 8 v
-27.7955 -13.6645 8 v
-27.6877 -13.6086 8 v
-27.5798 -13.5451 8 v
-27.4719 -13.474 8 v
-27.3641 -13.3958 8 v
-27.2562 -13.3108 8 v
-27.1484 -13.2193 8 v
-27.0405 -13.1218 8 v
-26.9326 -13.0185 8 v
-26.8248 -12.9098 8 v
-26.7169 -12.796 8 v
-26.6091 -12.6776 8 v
-26.5012 -12.5548 8 v
-26.3933 -12.4279 8 v
-26.2855 -12.2975 8 v
-26.1776 -12.1637 8 v
-26.0698 -12.027 8 v
-25.9619 -11.8876 8 v
-25.854 -11.746 8 v
-25.7462 -11.6025 8 v
-25.6383 -11.4575 8 v
-25.5305 -11.3112 8 v
-25.4226 -11.164 8 v
-25.3147 -11.0165 8 v
-25.2069 -10.8691 8 v
-25.099 -10.7223 8 v
-24.9912 -10.5765 8 v
-24.8833 -10.4322 8 v
-24.7754 -10.29 8 v
-24.6676 -10.1503 8 v
-24.5597 -10.0135 8 v
-24.4519 -9.8802 8 v
-24.344 -9.75084 8 v
-24.2361 -9.62589 8 v
-24.1283 -9.50584 8 v
-24.0204 -9.39118 8 v
-23.9126 -9.28236 8 v
-23.8047 -9.17989 8 v
-23.6968 -9.08424 8 v
-23.589 -8.99589 8 v
-23.4811 -8.91531 8 v
-23.3733 -8.843 8 v
-23.2654 -8.77931 8 v
-23.1575 -8.72415 8 v
-23.0497 -8.67732 8 v
-22.9418 -8.6386 8 v
-22.834 -8.60778 8 v
-22.7261 -8.58466 8 v
-22.6183 -8.56903 8 v
-22.5104 -8.56068 8 v
-22.4025 -8.5594 8 v
-22.2947 -8.56498 8 v
-22.1868 -8.57721 8 v
-22.079 -8.59589 8 v
-21.9711 -8.6208 8 v
-21.8632 -8.65174 8 v
-21.7554 -8.6885 8 v
-21.6475 -8.73087 8 v
-21.5397 -8.77863 8 v
-21.4318 -8.83159 8 v
-21.3239 -8.88953 8 v
-21.2161 -8.95225 8 v

-40.7325 -13.5173 8 v
-40.6197 -13.4817 8 v
-40.507 -13.4461 8 v
-40.3942 -13.4105 8 v
-40.2815 -13.3749 8 v
-40.1687 -13.3393 8 v
-40.056 -13.3037 8 v
-39.9432 -13.2681 8 v
-39.8305 -13.2324 8 v
-39.7177 -13.1968 8 v
-39.605 -13.1612 8 v
-39.4922 -13.1256 8 v
-39.3794 -13.09 8 v
-39.2667 -13.0544 8 v
-39.1539 -13.0188 8 v
-39.0412 -12.9832 8 v
-38.9284 -12.9476 8 v
-38.8157 -12.912 8 v
-38.7029 -12.8763 8 v
-38.5902 -12.8407 8 v
-38.4774 -12.8051 8 v
-38.3647 -12.7695 8 v
-38.2519 -12.7339 8 v
-38.1392 -12.6983 8 v
-38.0264 -12.6627 8 v
-37.9137 -12.6271 8 v
-37.8009 -12.5915 8 v
-37.6882 -12.5559 8 v
-37.5754 -12.5202 8 v
-37.4626 -12.4846 8 v
-37.3499 -12.449 8 v
-37.2371 -12.4134 8 v
-37.1244 -12.3778 8 v
-37.0116 -12.3422 8 v
-36.8989 -12.3066 8 v
-36.7861 -12.271 8 v
-36.6734 -12.2354 8 v
-36.5606 -12.1997 8 v
-36.4479 -12.1641 8 v
-36.3351 -12.1285 8 v
-36.2224 -12.0929 8 v
-36.1096 -12.0573 8 v
-35.9969 -12.0217 8 v
-35.8841 -11.9861 8 v
-35.7714 -11.9505 8 v
-35.6586 -11.9149 8 v
-35.5458 -11.8793 8 v
-35.4331 -11.8436 8 v
-35.3203 -11.808 8 v
-35.2076 -11.7724 8 v
-35.0948 -11.7368 8 v
-34.9821 -11.7012 8 v
-34.8693 -11.6656 8 v
-34.7566 -11.63 8 v
-34.6438 -11.5944 8 v
-34.5311 -11.5588 8 v
-34.4183 -11.5232 8 v
-34.3056 -11.4875 8 v
-34.1928 -11.4519 8 v
-34.0801 -11.4163 8 v
-33.9673 -11.3807 8 v
-33.8546 -11.3451 8 v
-33.7418 -11.3096 8 v
-33.629 -11.2743 8 v
-33.5163 -11.2392 8 v
-33.4035 -11.2044 8 v
-33.2908 -11.1701 8 v
-33.178 -11.1363 8 v
-33.0653 -11.1031 8 v
-32.9525 -11.0706 8 v
-32.8398 -11.0389 8 v
-32.727 -11.008 8 v
-32.6143 -10.978 8 v
-32.5015 -10.9491 8 v
-32.3888 -10.9213 8 v
-32.276 -10.8947 8 v
-32.1633 -10.8693 8 v
-32.0505 -10.8454 8 v
-31.9378 -10.8228 8 v
-31.825 -10.8019 8 v
-31.7123 -10.7825 8 v
-31.5995 -10.7648 8 v
-31.4867 -10.7488 8 v
-31.374 -10.7343 8 v
-31.2612 -10.7213 8 v
-31.1485 -10.7097 8 v
-31.0357 -10.6994 8 v
-30.923 -10.6903 8 v
-30.8102 -10.6824 8 v
-30.6975 -10.6756 8 v
-30.5847 -10.6698 8 v
-30.472 -10.6649 8 v
-30.3592 -10.6608 8 v
-30.2465 -10.6576 8 v
-30.1337 -10.655 8 v
-30.021 -10.653 8 v
-29.9082 -10.6515 8 v
-29.7955 -10.6505 8 v
-29.6827 -10.6499 8 v
-29.5699 -10.6496 8 v
-29.4572 -10.6495 8 v
-29.3444 -10.6494 8 v
-29.2317 -10.6492 8 v
-29.1189 -10.6484 8 v
-29.0062 -10.6466 8 v
-28.8934 -10.6436 8 v
-28.7807 -10.6389 8 v
-28.6679 -10.6323 8 v
-28.5552 -10.6232 8 v
-28.4424 -10.6115 8 v
-28.3297 -10.5967 8 v
-28.2169 -10.5784 8 v
-28.1042 -10.5564 8 v
-27.9914 -10.5302 8 v
-27.8787 -10.4996 8 v
-27.7659 -10.4641 8 v
-27.6531 -10.4234 8 v
-27.5404 -10.3771 8 v
-27.4276 -10.3249 8 v
-27.3149 -10.2665 8 v
-27.2021 -10.2014 8 v
-27.0894 -10.1294 8 v
-26.9766 -10.051 8 v
-26.8639 -9.96676 8 v
-26.7511 -9.87713 8 v
-26.6384 -9.78269 8 v
-26.5256 -9.68398 8 v
-26.4129 -9.58154 8 v
-26.3001 -9.47594 8 v
-26.1874 -9.3677 8 v
-26.0746 -9.25737 8 v
-25.9619 -9.14549 8 v
-25.8491 -9.03262 8 v
-25.7363 -8.91929 8 v
-25.6236 -8.80605 8 v
-25.5108 -8.69344 8 v
-25.3981 -8.58202 8 v
-25.2853 -8.47231 8 v
-25.1726 -8.36487 8 v
-25.0598 -8.26024 8 v
-24.9471 -8.15897 8 v
-24.8343 -8.06161 8 v
-24.7216 -7.96881 8 v
-24.6088 -7.88121 8 v
-24.4961 -7.79947 8 v
-24.3833 -7.72423 8 v
-24.2706 -7.65615 8 v
-24.1578 -7.59588 8 v
-24.0451 -7.54408 8 v
-23.9323 -7.50138 8 v
-23.8196 -7.46846 8 v
-23.7068 -7.44595 8 v
-23.594 -7.43451 8 v
-23.4813 -7.43479 8 v
-23.3685 -7.44745 8 v
-23.2558 -7.47313 8 v
-23.143 -7.51248 8 v
-23.0303 -7.56617 8 v
-22.9175 -7.63483 8 v
-22.8048 -7.71913 8 v
-22.692 -7.81971 8 v

-41.3331 -8.73033 8 v
-41.2252 -8.71683 8 v
-41.1173 -8.70332 8 v
-41.0094 -8.68982 8 v
-40.9016 -8.67631 8 v
-40.7937 -8.66281 8 v
-40.6858 -8.6493 8 v
-40.5779 -8.6358 8 v
-40.47 -8.62229 8 v
-40.3621 -8.60879 8 v
-40.2542 -8.59528 8 v
-40.1464 -8.58178 8 v
-40.0385 -8.56827 8 v
-39.9306 -8.55477 8 v
-39.8227 -8.54126 8 v
-39.7148 -8.52776 8 v
-39.6069 -8.51425 8 v
-39.4991 -8.50075 8 v
-39.3912 -8.48724 8 v
-39.2833 -8.47374 8 v
-39.1754 -8.46023 8 v
-39.0675 -8.44673 8 v
-38.9596 -8.43322 8 v
-38.8517 -8.41972 8 v
-38.7439 -8.40621 8 v
-38.636 -8.39271 8 v
-38.5281 -8.3792 8 v
-38.4202 -8.3657 8 v
-38.3123 -8.35219 8 v
-38.2044 -8.33869 8 v
-38.0965 -8.32518 8 v
-37.9887 -8.31168 8 v
-37.8808 -8.29817 8 v
-37.7729 -8.28467 8 v
-37.665 -8.27116 8 v
-37.5571 -8.25766 8 v
-37.4492 -8.24415 8 v
-37.3414 -8.23065 8 v
-37.2335 -8.21714 8 v
-37.1256 -8.20364 8 v
-37.0177 -8.19013 8 v
-36.9098 -8.17663 8 v
-36.8019 -8.16312 8 v
-36.694 -8.14962 8 v
-36.5862 -8.13611 8 v
-36.4783 -8.12261 8 v
-36.3704 -8.1091 8 v
-36.2625 -8.0956 8 v
-36.1546 -8.08209 8 v
-36.0467 -8.06859 8 v
-35.9388 -8.05508 8 v
-35.831 -8.04158 8 v
-35.7231 -8.02807 8 v
-35.6152 -8.01457 8 v
-35.5073 -8.00106 8 v
-35.3994 -7.98756 8 v
-35.2915 -7.97405 8 v
-35.1837 -7.96055 8 v
-35.0758 -7.94704 8 v
-34.9679 -7.93354 8 v
-34.86 -7.92003 8 v
-34.7521 -7.90653 8 v
-34.6442 -7.89303 8 v
-34.5363 -7.87954 8 v
-34.4285 -7.86607 8 v
-34.3206 -7.85263 8 v
-34.2127 -7.83922 8 v
-34.1048 -7.82584 8 v
-33.9969 -7.8125 8 v
-33.889 -7.79921 8 v
-33.7811 -7.78597 8 v
-33.6733 -7.77279 8 v
-33.5654 -7.75968 8 v
-33.4575 -7.74664 8 v
-33.3496 -7.73368 8 v
-33.2417 -7.7208 8 v
-33.1338 -7.708 8 v
-33.026 -7.69531 8 v
-32.9181 -7.68271 8 v
-32.8102 -7.67022 8 v
-32.7023 -7.65785 8 v
-32.5944 -7.6456 8 v
-32.4865 -7.63353 8 v
-32.3786 -7.62169 8 v
-32.2708 -7.61016 8 v
-32.1629 -7.59898 8 v
-32.055 -7.58822 8 v
-31.9471 -7.57793 8 v
-31.8392 -7.56818 8 v
-31.7313 -7.55902 8 v
-31.6234 -7.55052 8 v
-31.5156 -7.54273 8 v
-31.4077 -7.53571 8 v
-31.2998 -7.52953 8 v
-31.1919 -7.52424 8 v
-31.084 -7.5199 8 v
-30.9761 -7.51657 8 v
-30.8683 -7.51431 8 v
-30.7604 -7.51318 8 v
-30.6525 -7.51325 8 v
-30.5446 -7.51456 8 v
-30.4367 -7.51713 8 v
-30.3288 -7.52084 8 v
-30.2209 -7.52548 8 v
-30.1131 -7.53088 8 v
-30.0052 -7.53686 8 v
-29.8973 -7.54323 8 v
-29.7894 -7.5498 8 v
-29.6815 -7.55639 8 v
-29.5736 -7.56283 8 v
-29.4657 -7.56892 8 v
-29.3579 -7.57448 8 v
-29.25 -7.57933 8 v
-29.1421 -7.58329 8 v
-29.0342 -7.58617 8 v
-28.9263 -7.58778 8 v
-28.8184 -7.58795 8 v
-28.7106 -7.58648 8 v
-28.6027 -7.58321 8 v
-28.4948 -7.57793 8 v
-28.3869 -7.57048 8 v
-28.279 -7.5607 8 v
-28.1711 -7.54861 8 v
-28.0632 -7.53428 8 v
-27.9554 -7.51775 8 v
-27.8475 -7.49908 8 v
-27.7396 -7.47834 8 v
-27.6317 -7.45558 8 v
-27.5238 -7.43086 8 v
-27.4159 -7.40423 8 v
-27.308 -7.37576 8 v
-27.2002 -7.34549 8 v
-27.0923 -7.31349 8 v
-26.9844 -7.27982 8 v
-26.8765 -7.24453 8 v
-26.7686 -7.20768 8 v
-26.6607 -7.16932 8 v
-26.5529 -7.12952 8 v
-26.445 -7.08833 8 v
-26.3371 -7.04582 8 v
-26.2292 -7.00202 8 v
-26.1213 -6.9571 8 v
-26.0134 -6.91148 8 v
-25.9055 -6.86569 8 v
-25.7977 -6.82026 8 v
-25.6898 -6.77571 8 v
-25.5819 -6.73256 8 v
-25.474 -6.69134 8 v
-25.3661 -6.65258 8 v
-25.2582 -6.61679 8 v
-25.1503 -6.58451 8 v
-25.0425 -6.55625 8 v
-24.9346 -6.53254 8 v
-24.8267 -6.5139 8 v
-24.7188 -6.50086 8 v
-24.6109 -6.49395 8 v
-24.503 -6.49368 8 v
-24.3951 -6.50057 8 v
-24.2873 -6.51517 8 v
-24.1794 -6.53798 8 v
-24.0715 -6.56953 8 v

-41.2003 -3.87544 8 v
-41.0985 -3.8822 8 v
-40.9967 -3.88895 8 v
-40.8949 -3.8957 8 v
-40.7931 -3.90246 8 v
-40.6913 -3.90921 8 v
-40.5895 -3.91596 8 v
-40.4877 -3.92271 8 v
-40.3859 -3.92947 8 v
-40.2841 -3.93622 8 v
-40.1823 -3.94297 8 v
-40.0805 -3.94973 8 v
-39.9788 -3.95648 8 v
-39.877 -3.96323 8 v
-39.7752 -3.96999 8 v
-39.6734 -3.97674 8 v
-39.5716 -3.98349 8 v
-39.4698 -3.99024 8 v
-39.368 -3.997 8 v
-39.2662 -4.00375 8 v
-39.1644 -4.0105 8 v
-39.0626 -4.01726 8 v
-38.9608 -4.02401 8 v
-38.859 -4.03076 8 v
-38.7572 -4.03752 8 v
-38.6554 -4.04427 8 v
-38.5536 -4.05102 8 v
-38.4518 -4.05777 8 v
-38.35 -4.06453 8 v
-38.2482 -4.07128 8 v
-38.1464 -4.07803 8 v
-38.0446 -4.08479 8 v
-37.9428 -4.09154 8 v
-37.841 -4.09829 8 v
-37.7392 -4.10505 8 v
-37.6374 -4.1118 8 v
-37.5356 -4.11855 8 v
-37.4338 -4.12531 8 v
-37.332 -4.13206 8 v
-37.2302 -4.13881 8 v
-37.1284 -4.14556 8 v
-37.0266 -4.15232 8 v
-36.9248 -4.15907 8 v
-36.823 -4.16582 8 v
-36.7212 -4.17258 8 v
-36.6194 -4.17933 8 v
-36.5176 -4.18608 8 v
-36.4158 -4.19284 8 v
-36.314 -4.19959 8 v
-36.2122 -4.20634 8 v
-36.1104 -4.21309 8 v
-36.0086 -4.21985 8 v
-35.9068 -4.2266 8 v
-35.805 -4.23335 8 v
-35.7032 -4.24011 8 v
-35.6014 -4.24686 8 v
-35.4996 -4.25361 8 v
-35.3978 -4.26037 8 v
-35.296 -4.26712 8 v
-35.1942 -4.27387 8 v
-35.0924 -4.28063 8 v
-34.9906 -4.28738 8 v
-34.8888 -4.29413 8 v
-34.787 -4.30088 8 v
-34.6852 -4.30764 8 v
-34.5834 -4.31439 8 v
-34.4816 -4.32114 8 v
-34.3798 -4.3279 8 v
-34.278 -4.33465 8 v
-34.1762 -4.3414 8 v
-34.0744 -4.34816 8 v
-33.9726 -4.35491 8 v
-33.8708 -4.36166 8 v
-33.769 -4.36841 8 v
-33.6672 -4.37517 8 v
-33.5654 -4.38192 8 v
-33.4636 -4.38867 8 v
-33.3618 -4.39543 8 v
-33.26 -4.40218 8 v
-33.1582 -4.40893 8 v
-33.0564 -4.41569 8 v
-32.9546 -4.42244 8 v
-32.8528 -4.42919 8 v
-32.751 -4.43595 8 v
-32.6492 -4.4427 8 v
-32.5474 -4.44945 8 v
-32.4456 -4.4562 8 v
-32.3439 -4.46296 8 v
-32.2421 -4.46971 8 v
-32.1403 -4.47646 8 v
-32.0385 -4.48322 8 v
-31.9367 -4.48997 8 v
-31.8349 -4.49672 8 v
-31.7331 -4.50348 8 v
-31.6313 -4.51023 8 v
-31.5295 -4.51698 8 v
-31.4277 -4.52373 8 v
-31.3259 -4.53049 8 v
-31.2241 -4.53724 8 v
-31.1223 -4.54399 8 v
-31.0205 -4.55075 8 v
-30.9187 -4.5575 8 v
-30.8169 -4.56425 8 v
-30.7151 -4.57101 8 v
-30.6133 -4.57776 8 v
-30.5115 -4.58451 8 v
-30.4097 -4.59127 8 v
-30.3079 -4.59802 8 v
-30.2061 -4.60477 8 v
-30.1043 -4.61152 8 v
-30.0025 -4.61828 8 v
-29.9007 -4.62503 8 v
-29.7989 -4.63178 8 v
-29.6971 -4.63854 8 v
-29.5953 -4.64529 8 v
-29.4935 -4.65204 8 v
-29.3917 -4.6588 8 v
-29.2899 -4.66555 8 v
-29.1881 -4.6723 8 v
-29.0863 -4.67905 8 v
-28.9845 -4.68581 8 v
-28.8827 -4.69256 8 v
-28.7809 -4.69931 8 v
-28.6791 -4.70607 8 v
-28.5773 -4.71282 8 v
-28.4755 -4.71957 8 v
-28.3737 -4.72633 8 v
-28.2719 -4.73308 8 v
-28.1701 -4.73983 8 v
-28.0683 -4.74659 8 v
-27.9665 -4.75334 8 v
-27.8647 -4.76009 8 v
-27.7629 -4.76684 8 v
-27.6611 -4.7736 8 v
-27.5593 -4.78035 8 v
-27.4575 -4.7871 8 v
-27.3557 -4.79386 8 v
-27.2539 -4.80061 8 v
-27.1521 -4.80736 8 v
-27.0503 -4.81412 8 v
-26.9485 -4.82087 8 v
-26.8467 -4.82762 8 v
-26.7449 -4.83437 8 v
-26.6431 -4.84113 8 v
-26.5413 -4.84788 8 v
-26.4395 -4.85463 8 v
-26.3377 -4.86139 8 v
-26.2359 -4.86814 8 v
-26.1341 -4.87489 8 v
-26.0323 -4.88165 8 v
-25.9305 -4.8884 8 v
-25.8287 -4.89515 8 v
-25.7269 -4.90191 8 v
-25.6251 -4.90866 8 v
-25.5233 -4.91541 8 v
-25.4215 -4.92216 8 v
-25.3197 -4.92892 8 v
-25.2179 -4.93567 8 v
-25.1161 -4.94242 8 v
-25.0143 -4.94918 8 v
-24.9125 -4.95593 8 v

-41.2067 -3.86916 9 u
-41.1049 -3.87599 9 u
-41.003 -3.88281 9 u
-40.9012 -3.88963 9 u
-40.7993 -3.89645 9 u
-40.6975 -3.90327 9 u
-40.5956 -3.91009 9 u
-40.4938 -3.91691 9 u
-40.3919 -3.92373 9 u
-40.2901 -3.93055 9 u
-40.1882 -3.93738 9 u
-40.0864 -3.9442 9 u
-39.9845 -3.95102 9 u
-39.8827 -3.95784 9 u
-39.7808 -3.96466 9 u
-39.679 -3.97148 9 u
-39.5771 -3.9783 9 u
-39.4753 -3.98512 9 u
-39.3734 -3.99194 9 u
-39.2716 -3.99877 9 u
-39.1697 -4.00559 9 u
-39.0679 -4.01241 9 u
-38.966 -4.01923 9 u
-38.8642 -4.02605 9 u
-38.7623 -4.03287 9 u
-38.6605 -4.03969 9 u
-38.5586 -4.04651 9 u
-38.4568 -4.05333 9 u
-38.3549 -4.06016 9 u
-38.2531 -4.06698 9 u
-38.1512 -4.0738 9 u
-38.0494 -4.08062 9 u
-37.9475 -4.08744 9 u
-37.8457 -4.09426 9 u
-37.7438 -4.10108 9 u
-37.642 -4.1079 9 u
-37.5401 -4.11472 9 u
-37.4383 -4.12155 9 u
-37.3364 -4.12837 9 u
-37.2346 -4.13519 9 u
-37.1327 -4.14201 9 u
-37.0309 -4.14883 9 u
-36.929 -4.15565 9 u
-36.8272 -4.16247 9 u
-36.7253 -4.16929 9 u
-36.6235 -4.17611 9 u
-36.5216 -4.18294 9 u
-36.4198 -4.18976 9 u
-36.3179 -4.19658 9 u
-36.2161 -4.2034 9 u
-36.1142 -4.21022 9 u
-36.0124 -4.21704 9 u
-35.9105 -4.22386 9 u
-35.8087 -4.23068 9 u
-35.7068 -4.2375 9 u
-35.605 -4.24432 9 u
-35.5031 -4.25115 9 u
-35.4013 -4.25797 9 u
-35.2994 -4.26479 9 u
-35.1976 -4.27161 9 u
-35.0957 -4.27843 9 u
-34.9939 -4.28525 9 u
-34.892 -4.29207 9 u
-34.7902 -4.29889 9 u
-34.6883 -4.30571 9 u
-34.5865 -4.31254 9 u
-34.4846 -4.31936 9 u
-34.3827 -4.32618 9 u
-34.2809 -4.333 9 u
-34.179 -4.33982 9 u
-34.0772 -4.34664 9 u
-33.9753 -4.35346 9 u
-33.8735 -4.36028 9 u
-33.7716 -4.3671 9 u
-33.6698 -4.37393 9 u
-33.5679 -4.38075 9 u
-33.4661 -4.38757 9 u
-33.3642 -4.39439 9 u
-33.2624 -4.40121 9 u
-33.1605 -4.40803 9 u
-33.0587 -4.41485 9 u
-32.9568 -4.42167 9 u
-32.855 -4.42849 9 u
-32.7531 -4.43532 9 u
-32.6513 -4.44214 9 u
-32.5494 -4.44896 9 u
-32.4476 -4.45578 9 u
-32.3457 -4.4626 9 u
-32.2439 -4.46942 9 u
-32.142 -4.47624 9 u
-32.0402 -4.48306 9 u
-31.9383 -4.48988 9 u
-31.8365 -4.49671 9 u
-31.7346 -4.50353 9 u
-31.6328 -4.51035 9 u
-31.5309 -4.51717 9 u
-31.4291 -4.52399 9 u
-31.3272 -4.53081 9 u
-31.2254 -4.53763 9 u
-31.1235 -4.54445 9 u
-31.0217 -4.55127 9 u
-30.9198 -4.5581 9 u
-30.818 -4.56492 9 u
-30.7161 -4.57174 9 u
-30.6143 -4.57856 9 u
-30.5124 -4.58538 9 u
-30.4106 -4.5922 9 u
-30.3087 -4.59902 9 u
-30.2069 -4.60584 9 u
-30.105 -4.61266 9 u
-30.0032 -4.61948 9 u
-29.9013 -4.62631 9 u
-29.7995 -4.63313 9 u
-29.6976 -4.63995 9 u
-29.5958 -4.64677 9 u
-29.4939 -4.65359 9 u
-29.3921 -4.66041 9 u
-29.2902 -4.66723 9 u
-29.1884 -4.67405 9 u
-29.0865 -4.68087 9 u
-28.9847 -4.6877 9 u
-28.8828 -4.69452 9 u
-28.781 -4.70134 9 u
-28.6791 -4.70816 9 u
-28.5773 -4.71498 9 u
-28.4754 -4.7218 9 u
-28.3736 -4.72862 9 u
-28.2717 -4.73544 9 u
-28.1699 -4.74226 9 u
-28.068 -4.74909 9 u
-27.9662 -4.75591 9 u
-27.8643 -4.76273 9 u
-27.7625 -4.76955 9 u
-27.6606 -4.77637 9 u
-27.5588 -4.78319 9 u
-27.4569 -4.79001 9 u
-27.3551 -4.79683 9 u
-27.2532 -4.80365 9 u
-27.1514 -4.81048 9 u
-27.0495 -4.8173 9 u
-26.9477 -4.82412 9 u
-26.8458 -4.83094 9 u
-26.744 -4.83776 9 u
-26.6421 -4.84458 9 u
-26.5402 -4.8514 9 u
-26.4384 -4.85822 9 u
-26.3365 -4.86504 9 u
-26.2347 -4.87187 9 u
-26.1328 -4.87869 9 u
-26.031 -4.88551 9 u
-25.9291 -4.89233 9 u
-25.8273 -4.89915 9 u
-25.7254 -4.90597 9 u
-25.6236 -4.91279 9 u
-25.5217 -4.91961 9 u
-25.4199 -4.92643 9 u
-25.318 -4.93325 9 u
-25.2162 -4.94008 9 u
-25.1143 -4.9469 9 u
-25.0125 -4.95372 9 u
-24.9106 -4.96054 9 u

-40.3645 0.854882 9 u
-40.2632 0.827139 9 u
-40.1619 0.799396 9 u
-40.0606 0.771653 9 u
-39.9593 0.74391 9 u
-39.858 0.716167 9 u
-39.7567 0.688424 9 u
-39.6554 0.660681 9 u
-39.5541 0.632938 9 u
-39.4528 0.605195 9 u
-39.3515 0.577452 9 u
-39.2502 0.549708 9 u
-39.1489 0.521965 9 u
-39.0476 0.494222 9 u
-38.9463 0.466479 9 u
-38.845 0.438736 9 u
-38.7437 0.410993 9 u
-38.6424 0.38325 9 u
-38.5411 0.355507 9 u
-38.4398 0.327764 9 u
-38.3385 0.300021 9 u
-38.2373 0.272278 9 u
-38.136 0.244535 9 u
-38.0347 0.216792 9 u
-37.9334 0.189049 9 u
-37.8321 0.161306 9 u
-37.7308 0.133562 9 u
-37.6295 0.105819 9 u
-37.5282 0.0780763 9 u
-37.4269 0.0503333 9 u
-37.3256 0.0225902 9 u
-37.2243 -0.00515285 9 u
-37.123 -0.0328959 9 u
-37.0217 -0.060639 9 u
-36.9204 -0.0883821 9 u
-36.8191 -0.116125 9 u
-36.7178 -0.143868 9 u
-36.6165 -0.171611 9 u
-36.5152 -0.199354 9 u
-36.4139 -0.227097 9 u
-36.3126 -0.25484 9 u
-36.2113 -0.282584 9 u
-36.11 -0.310327 9 u
-36.0087 -0.33807 9 u
-35.9074 -0.365813 9 u
-35.8061 -0.393556 9 u
-35.7048 -0.421299 9 u
-35.6035 -0.449042 9 u
-35.5022 -0.476785 9 u
-35.4009 -0.504528 9 u
-35.2996 -0.532271 9 u
-35.1983 -0.560014 9 u
-35.097 -0.587757 9 u
-34.9957 -0.6155 9 u
-34.8944 -0.643243 9 u
-34.7931 -0.670986 9 u
-34.6918 -0.698729 9 u
-34.5906 -0.726473 9 u
-34.4893 -0.754216 9 u
-34.388 -0.781959 9 u
-34.2867 -0.809702 9 u
-34.1854 -0.837445 9 u
-34.0841 -0.865188 9 u
-33.9828 -0.892931 9 u
-33.8815 -0.920674 9 u
-33.7802 -0.948417 9 u
-33.6789 -0.97616 9 u
-33.5776 -1.0039 9 u
-33.4763 -1.03165 9 u
-33.375 -1.05939 9 u
-33.2737 -1.08713 9 u
-33.1724 -1.11488 9 u
-33.0711 -1.14262 9 u
-32.9698 -1.17036 9 u
-32.8685 -1.1981 9 u
-32.7672 -1.22585 9 u
-32.6659 -1.25359 9 u
-32.5646 -1.28133 9 u
-32.4633 -1.30908 9 u
-32.362 -1.33682 9 u
-32.2607 -1.36456 9 u
-32.1594 -1.39233 9 u
-32.0581 -1.42021 9 u
-31.9568 -1.44834 9 u
-31.8555 -1.47684 9 u
-31.7542 -1.50582 9 u
-31.6529 -1.53542 9 u
-31.5516 -1.56575 9 u
-31.4503 -1.59693 9 u
-31.349 -1.62909 9 u
-31.2477 -1.66235 9 u
-31.1464 -1.69684 9 u
-31.0452 -1.73266 9 u
-30.9439 -1.76995 9 u
-30.8426 -1.80883 9 u
-30.7413 -1.84942 9 u
-30.64 -1.89185 9 u
-30.5387 -1.93622 9 u
-30.4374 -1.98268 9 u
-30.3361 -2.03133 9 u
-30.2348 -2.0823 9 u
-30.1335 -2.13567 9 u
-30.0322 -2.19133 9 u
-29.9309 -2.24912 9 u
-29.8296 -2.30888 9 u
-29.7283 -2.37046 9 u
-29.627 -2.4337 9 u
-29.5257 -2.49844 9 u
-29.4244 -2.56453 9 u
-29.3231 -2.63182 9 u
-29.2218 -2.70014 9 u
-29.1205 -2.76934 9 u
-29.0192 -2.83926 9 u
-28.9179 -2.90975 9 u
-28.8166 -2.98065 9 u
-28.7153 -3.0518 9 u
-28.614 -3.12305 9 u
-28.5127 -3.19424 9 u
-28.4114 -3.26521 9 u
-28.3101 -3.33581 9 u
-28.2088 -3.40589 9 u
-28.1075 -3.47526 9 u
-28.0062 -3.54365 9 u
-27.9049 -3.61078 9 u
-27.8036 -3.67636 9 u
-27.7023 -3.7401 9 u
-27.601 -3.80171 9 u
-27.4997 -3.8609 9 u
-27.3985 -3.91738 9 u
-27.2972 -3.97087 9 u
-27.1959 -4.02108 9 u
-27.0946 -4.06771 9 u
-26.9933 -4.11048 9 u
-26.892 -4.1491 9 u
-26.7907 -4.18328 9 u
-26.6894 -4.21273 9 u
-26.5881 -4.23716 9 u
-26.4868 -4.25629 9 u
-26.3855 -4.26982 9 u
-26.2842 -4.27746 9 u
-26.1829 -4.27894 9 u
-26.0816 -4.27408 9 u
-25.9803 -4.26323 9 u
-25.879 -4.24687 9 u
-25.7777 -4.22547 9 u
-25.6764 -4.1995 9 u
-25.5751 -4.16943 9 u
-25.4738 -4.13575 9 u
-25.3725 -4.09892 9 u
-25.2712 -4.05942 9 u
-25.1699 -4.01772 9 u
-25.0686 -3.9743 9 u
-24.9673 -3.92962 9 u
-24.866 -3.88417 9 u
-24.7647 -3.83841 9 u
-24.6634 -3.79282 9 u
-24.5621 -3.74788 9 u
-24.4608 -3.70405 9 u
-24.3595 -3.66181 9 u
-24.2582 -3.62164 9 u
-24.1569 -3.58401 9 u

-38.6318 5.30804 9 u
-38.5327 5.25784 9 u
-38.4337 5.20763 9 u
-38.3347 5.15743 9 u
-38.2357 5.10722 9 u
-38.1367 5.05702 9 u
-38.0377 5.00681 9 u
-37.9387 4.95661 9 u
-37.8397 4.90641 9 u
-37.7406 4.8562 9 u
-37.6416 4.806 9 u
-37.5426 4.75579 9 u
-37.4436 4.70559 9 u
-37.3446 4.65539 9 u
-37.2456 4.60518 9 u
-37.1466 4.55498 9 u
-37.0476 4.50477 9 u
-36.9485 4.45457 9 u
-36.8495 4.40437 9 u
-36.7505 4.35416 9 u
-36.6515 4.30396 9 u
-36.5525 4.25375 9 u
-36.4535 4.20355 9 u
-36.3545 4.15335 9 u
-36.2555 4.10314 9 u
-36.1564 4.05294 9 u
-36.0574 4.00273 9 u
-35.9584 3.95253 9 u
-35.8594 3.90233 9 u
-35.7604 3.85212 9 u
-35.6614 3.80192 9 u
-35.5624 3.75171 9 u
-35.4633 3.70151 9 u
-35.3643 3.6513 9 u
-35.2653 3.6011 9 u
-35.1663 3.5509 9 u
-35.0673 3.50069 9 u
-34.9683 3.45049 9 u
-34.8693 3.40028 9 u
-34.7703 3.35008 9 u
-34.6712 3.29988 9 u
-34.5722 3.24967 9 u
-34.4732 3.19946 9 u
-34.3742 3.14923 9 u
-34.2752 3.09899 9 u
-34.1762 3.04871 9 u
-34.0772 2.9984 9 u
-33.9782 2.94806 9 u
-33.8791 2.89766 9 u
-33.7801 2.84721 9 u
-33.6811 2.79669 9 u
-33.5821 2.74611 9 u
-33.4831 2.69545 9 u
-33.3841 2.64471 9 u
-33.2851 2.59388 9 u
-33.1861 2.54296 9 u
-33.087 2.49193 9 u
-32.988 2.44079 9 u
-32.889 2.38954 9 u
-32.79 2.33816 9 u
-32.691 2.28665 9 u
-32.592 2.23499 9 u
-32.493 2.18309 9 u
-32.394 2.13084 9 u
-32.2949 2.07815 9 u
-32.1959 2.02491 9 u
-32.0969 1.97103 9 u
-31.9979 1.91638 9 u
-31.8989 1.86089 9 u
-31.7999 1.80443 9 u
-31.7009 1.74691 9 u
-31.6019 1.68823 9 u
-31.5028 1.62828 9 u
-31.4038 1.56695 9 u
-31.3048 1.50416 9 u
-31.2058 1.43979 9 u
-31.1068 1.37375 9 u
-31.0078 1.30592 9 u
-30.9088 1.23621 9 u
-30.8098 1.16451 9 u
-30.7107 1.09072 9 u
-30.6117 1.01475 9 u
-30.5127 0.936504 9 u
-30.4137 0.855908 9 u
-30.3147 0.772881 9 u
-30.2157 0.687343 9 u
-30.1167 0.599216 9 u
-30.0176 0.508419 9 u
-29.9186 0.414873 9 u
-29.8196 0.318498 9 u
-29.7206 0.219215 9 u
-29.6216 0.116944 9 u
-29.5226 0.0116047 9 u
-29.4236 -0.0968816 9 u
-29.3246 -0.208595 9 u
-29.2255 -0.323615 9 u
-29.1265 -0.442021 9 u
-29.0275 -0.563893 9 u
-28.9285 -0.689311 9 u
-28.8295 -0.818353 9 u
-28.7305 -0.951101 9 u
-28.6315 -1.08748 9 u
-28.5325 -1.22681 9 u
-28.4334 -1.36824 9 u
-28.3344 -1.51095 9 u
-28.2354 -1.65409 9 u
-28.1364 -1.79683 9 u
-28.0374 -1.93833 9 u
-27.9384 -2.07775 9 u
-27.8394 -2.21426 9 u
-27.7404 -2.34702 9 u
-27.6413 -2.47519 9 u
-27.5423 -2.59792 9 u
-27.4433 -2.7144 9 u
-27.3443 -2.82377 9 u
-27.2453 -2.92521 9 u
-27.1463 -3.01787 9 u
-27.0473 -3.10091 9 u
-26.9483 -3.1735 9 u
-26.8492 -3.23481 9 u
-26.7502 -3.28399 9 u
-26.6512 -3.32043 9 u
-26.5522 -3.34449 9 u
-26.4532 -3.35671 9 u
-26.3542 -3.35767 9 u
-26.2552 -3.34793 9 u
-26.1562 -3.32806 9 u
-26.0571 -3.29863 9 u
-25.9581 -3.2602 9 u
-25.8591 -3.21334 9 u
-25.7601 -3.15862 9 u
-25.6611 -3.09661 9 u
-25.5621 -3.02786 9 u
-25.4631 -2.95295 9 u
-25.364 -2.87244 9 u
-25.265 -2.78691 9 u
-25.166 -2.69691 9 u
-25.067 -2.60301 9 u
-24.968 -2.50579 9 u
-24.869 -2.4058 9 u
-24.77 -2.30362 9 u
-24.671 -2.20006 9 u
-24.5719 -2.09698 9 u
-24.4729 -1.99649 9 u
-24.3739 -1.90068 9 u
-24.2749 -1.81167 9 u
-24.1759 -1.73157 9 u
-24.0769 -1.66247 9 u
-23.9779 -1.60649 9 u
-23.8789 -1.56573 9 u
-23.7798 -1.54231 9 u
-23.6808 -1.53832 9 u
-23.5818 -1.55587 9 u
-23.4828 -1.59707 9 u
-23.3838 -1.66403 9 u
-23.2848 -1.75885 9 u
-23.1858 -1.88364 9 u
-23.0868 -2.0405 9 u
-22.9877 -2.23155 9 u
-22.8887 -2.45888 9 u
-22.7897 -2.72461 9 u

-35.6047 9.00341 9 u
-35.5152 8.93383 9 u
-35.4257 8.86424 9 u
-35.3362 8.79465 9 u
-35.2467 8.72505 9 u
-35.1571 8.65544 9 u
-35.0676 8.58581 9 u
-34.9781 8.51616 9 u
-34.8886 8.44648 9 u
-34.7991 8.37678 9 u
-34.7096 8.30704 9 u
-34.6201 8.23728 9 u
-34.5306 8.16747 9 u
-34.4411 8.09763 9 u
-34.3516 8.02774 9 u
-34.2621 7.9578 9 u
-34.1725 7.88781 9 u
-34.083 7.81777 9 u
-33.9935 7.74767 9 u
-33.904 7.6775 9 u
-33.8145 7.60728 9 u
-33.725 7.53698 9 u
-33.6355 7.46657 9 u
-33.546 7.39604 9 u
-33.4565 7.32533 9 u
-33.367 7.25442 9 u
-33.2775 7.18328 9 u
-33.1879 7.11186 9 u
-33.0984 7.04014 9 u
-33.0089 6.96808 9 u
-32.9194 6.89565 9 u
-32.8299 6.82282 9 u
-32.7404 6.74955 9 u
-32.6509 6.6758 9 u
-32.5614 6.60155 9 u
-32.4719 6.52676 9 u
-32.3824 6.4514 9 u
-32.2929 6.37543 9 u
-32.2033 6.29882 9 u
-32.1138 6.22154 9 u
-32.0243 6.14355 9 u
-31.9348 6.06482 9 u
-31.8453 5.98537 9 u
-31.7558 5.9052 9 u
-31.6663 5.82434 9 u
-31.5768 5.74279 9 u
-31.4873 5.66058 9 u
-31.3978 5.57771 9 u
-31.3083 5.4942 9 u
-31.2187 5.41007 9 u
-31.1292 5.32532 9 u
-31.0397 5.23999 9 u
-30.9502 5.15407 9 u
-30.8607 5.06758 9 u
-30.7712 4.98054 9 u
-30.6817 4.89297 9 u
-30.5922 4.80487 9 u
-30.5027 4.71627 9 u
-30.4132 4.62717 9 u
-30.3237 4.53759 9 u
-30.2341 4.44755 9 u
-30.1446 4.35701 9 u
-30.0551 4.26575 9 u
-29.9656 4.1735 9 u
-29.8761 4.07997 9 u
-29.7866 3.9849 9 u
-29.6971 3.88802 9 u
-29.6076 3.78905 9 u
-29.5181 3.68772 9 u
-29.4286 3.58375 9 u
-29.3391 3.47688 9 u
-29.2495 3.36682 9 u
-29.16 3.25332 9 u
-29.0705 3.13608 9 u
-28.981 3.01484 9 u
-28.8915 2.88934 9 u
-28.802 2.75928 9 u
-28.7125 2.62441 9 u
-28.623 2.48444 9 u
-28.5335 2.33911 9 u
-28.444 2.18813 9 u
-28.3545 2.03144 9 u
-28.2649 1.86973 9 u
-28.1754 1.70389 9 u
-28.0859 1.53481 9 u
-27.9964 1.36338 9 u
-27.9069 1.19049 9 u
-27.8174 1.01704 9 u
-27.7279 0.84391 9 u
-27.6384 0.671995 9 u
-27.5489 0.502186 9 u
-27.4594 0.335372 9 u
-27.3699 0.172447 9 u
-27.2803 0.0142993 9 u
-27.1908 -0.138179 9 u
-27.1013 -0.284098 9 u
-27.0118 -0.422565 9 u
-26.9223 -0.552691 9 u
-26.8328 -0.673585 9 u
-26.7433 -0.784355 9 u
-26.6538 -0.884111 9 u
-26.5643 -0.972149 9 u
-26.4748 -1.04851 9 u
-26.3853 -1.11342 9 u
-26.2957 -1.16711 9 u
-26.2062 -1.20981 9 u
-26.1167 -1.24175 9 u
-26.0272 -1.26315 9 u
-25.9377 -1.27424 9 u
-25.8482 -1.27525 9 u
-25.7587 -1.26641 9 u
-25.6692 -1.24795 9 u
-25.5797 -1.22009 9 u
-25.4902 -1.18307 9 u
-25.4007 -1.13711 9 u
-25.3111 -1.08243 9 u
-25.2216 -1.01928 9 u
-25.1321 -0.947871 9 u
-25.0426 -0.868436 9 u
-24.9531 -0.781203 9 u
-24.8636 -0.686402 9 u
-24.7741 -0.584395 9 u
-24.6846 -0.476096 9 u
-24.5951 -0.362552 9 u
-24.5056 -0.244812 9 u
-24.4161 -0.123923 9 u
-24.3265 -0.000933895 9 u
-24.237 0.123107 9 u
-24.1475 0.247151 9 u
-24.058 0.37015 9 u
-23.9685 0.491057 9 u
-23.879 0.608822 9 u
-23.7895 0.722398 9 u
-23.7 0.830736 9 u
-23.6105 0.932788 9 u
-23.521 1.02751 9 u
-23.4315 1.11384 9 u
-23.3419 1.19075 9 u
-23.2524 1.25717 9 u
-23.1629 1.31207 9 u
-23.0734 1.3544 9 u
-22.9839 1.38309 9 u
-22.8944 1.39705 9 u
-22.8049 1.39518 9 u
-22.7154 1.37637 9 u
-22.6259 1.33952 9 u
-22.5364 1.28353 9 u
-22.4469 1.20728 9 u
-22.3573 1.10968 9 u
-22.2678 0.989617 9 u
-22.1783 0.845991 9 u
-22.0888 0.677696 9 u
-21.9993 0.483628 9 u
-21.9098 0.262682 9 u
-21.8203 0.0137527 9 u
-21.7308 -0.264263 9 u
-21.6413 -0.572471 9 u
-21.5518 -0.911975 9 u
-21.4623 -1.28388 9 u
-21.3727 -1.68929 9 u
-21.2832 -2.12931 9 u

-31.2032 10.7732 9 u
-31.1314 10.6908 9 u
-31.0596 10.6087 9 u
-30.9878 10.5267 9 u
-30.916 10.445 9 u
-30.8442 10.3635 9 u
-30.7725 10.2822 9 u
-30.7007 10.2011 9 u
-30.6289 10.1201 9 u
-30.5571 10.0393 9 u
-30.4853 9.95856 9 u
-30.4135 9.87796 9 u
-30.3417 9.79745 9 u
-30.2699 9.71701 9 u
-30.1982 9.63663 9 u
-30.1264 9.55629 9 u
-30.0546 9.47597 9 u
-29.9828 9.39566 9 u
-29.911 9.31534 9 u
-29.8392 9.235 9 u
-29.7674 9.15461 9 u
-29.6956 9.07415 9 u
-29.6239 8.99352 9 u
-29.5521 8.91261 9 u
-29.4803 8.83131 9 u
-29.4085 8.74951 9 u
-29.3367 8.66709 9 u
-29.2649 8.58395 9 u
-29.1931 8.49998 9 u
-29.1213 8.41507 9 u
-29.0495 8.3291 9 u
-28.9778 8.24197 9 u
-28.906 8.15356 9 u
-28.8342 8.06376 9 u
-28.7624 7.97247 9 u
-28.6906 7.87957 9 u
-28.6188 7.78496 9 u
-28.547 7.68851 9 u
-28.4752 7.59013 9 u
-28.4035 7.4897 9 u
-28.3317 7.3871 9 u
-28.2599 7.28228 9 u
-28.1881 7.17533 9 u
-28.1163 7.06638 9 u
-28.0445 6.95557 9 u
-27.9727 6.84303 9 u
-27.9009 6.72892 9 u
-27.8292 6.61335 9 u
-27.7574 6.49648 9 u
-27.6856 6.37844 9 u
-27.6138 6.25936 9 u
-27.542 6.13938 9 u
-27.4702 6.01864 9 u
-27.3984 5.89728 9 u
-27.3266 5.77543 9 u
-27.2549 5.65323 9 u
-27.1831 5.53082 9 u
-27.1113 5.40834 9 u
-27.0395 5.28592 9 u
-26.9677 5.1637 9 u
-26.8959 5.04181 9 u
-26.8241 4.92045 9 u
-26.7523 4.79993 9 u
-26.6805 4.68064 9 u
-26.6088 4.56295 9 u
-26.537 4.44724 9 u
-26.4652 4.33389 9 u
-26.3934 4.22327 9 u
-26.3216 4.11575 9 u
-26.2498 4.01173 9 u
-26.178 3.91156 9 u
-26.1062 3.81562 9 u
-26.0345 3.7243 9 u
-25.9627 3.63797 9 u
-25.8909 3.55701 9 u
-25.8191 3.48178 9 u
-25.7473 3.41267 9 u
-25.6755 3.35006 9 u
-25.6037 3.29431 9 u
-25.5319 3.24582 9 u
-25.4602 3.20494 9 u
-25.3884 3.17195 9 u
-25.3166 3.14668 9 u
-25.2448 3.12886 9 u
-25.173 3.11821 9 u
-25.1012 3.11444 9 u
-25.0294 3.11729 9 u
-24.9576 3.12647 9 u
-24.8858 3.14172 9 u
-24.8141 3.16274 9 u
-24.7423 3.18927 9 u
-24.6705 3.22103 9 u
-24.5987 3.25774 9 u
-24.5269 3.29913 9 u
-24.4551 3.34491 9 u
-24.3833 3.39481 9 u
-24.3115 3.44856 9 u
-24.2398 3.50587 9 u
-24.168 3.56647 9 u
-24.0962 3.63008 9 u
-24.0244 3.69643 9 u
-23.9526 3.76517 9 u
-23.8808 3.83569 9 u
-23.809 3.9073 9 u
-23.7372 3.97933 9 u
-23.6655 4.05109 9 u
-23.5937 4.1219 9 u
-23.5219 4.19108 9 u
-23.4501 4.25795 9 u
-23.3783 4.32183 9 u
-23.3065 4.38203 9 u
-23.2347 4.43787 9 u
-23.1629 4.48868 9 u
-23.0912 4.53377 9 u
-23.0194 4.57246 9 u
-22.9476 4.60407 9 u
-22.8758 4.62792 9 u
-22.804 4.64332 9 u
-22.7322 4.64959 9 u
-22.6604 4.64606 9 u
-22.5886 4.63204 9 u
-22.5168 4.60701 9 u
-22.4451 4.57114 9 u
-22.3733 4.52475 9 u
-22.3015 4.46817 9 u
-22.2297 4.40171 9 u
-22.1579 4.3257 9 u
-22.0861 4.24047 9 u
-22.0143 4.14634 9 u
-21.9425 4.04364 9 u
-21.8708 3.93269 9 u
-21.799 3.81381 9 u
-21.7272 3.68733 9 u
-21.6554 3.55358 9 u
-21.5836 3.41288 9 u
-21.5118 3.26555 9 u
-21.44 3.11191 9 u
-21.3682 2.9523 9 u
-21.2965 2.78704 9 u
-21.2247 2.61645 9 u
-21.1529 2.44085 9 u
-21.0811 2.26057 9 u
-21.0093 2.07586 9 u
-20.9375 1.88701 9 u
-20.8657 1.69426 9 u
-20.7939 1.49787 9 u
-20.7221 1.29813 9 u
-20.6504 1.09527 9 u
-20.5786 0.889576 9 u
-20.5068 0.681299 9 u
-20.435 0.470703 9 u
-20.3632 0.258051 9 u
-20.2914 0.0436056 9 u
-20.2196 -0.172371 9 u
-20.1478 -0.389617 9 u
-20.0761 -0.607869 9 u
-20.0043 -0.826866 9 u
-19.9325 -1.04634 9 u
-19.8607 -1.26604 9 u
-19.7889 -1.4857 9 u
-19.7171 -1.70505 9 u

-26.4141 10.7843 9 u
-26.3623 10.6962 9 u
-26.3105 10.6087 9 u
-26.2587 10.5219 9 u
-26.2069 10.4357 9 u
-26.1551 10.3502 9 u
-26.1033 10.2653 9 u
-26.0515 10.181 9 u
-25.9996 10.0974 9 u
-25.9478 10.0144 9 u
-25.896 9.93208 9 u
-25.8442 9.85043 9 u
-25.7924 9.76946 9 u
-25.7406 9.68915 9 u
-25.6888 9.60953 9 u
-25.637 9.53059 9 u
-25.5852 9.45235 9 u
-25.5334 9.37479 9 u
-25.4815 9.29794 9 u
-25.4297 9.22178 9 u
-25.3779 9.14634 9 u
-25.3261 9.07162 9 u
-25.2743 8.99767 9 u
-25.2225 8.92456 9 u
-25.1707 8.85234 9 u
-25.1189 8.78107 9 u
-25.0671 8.71081 9 u
-25.0152 8.64162 9 u
-24.9634 8.57356 9 u
-24.9116 8.50669 9 u
-24.8598 8.44107 9 u
-24.808 8.37675 9 u
-24.7562 8.31381 9 u
-24.7044 8.25229 9 u
-24.6526 8.19226 9 u
-24.6008 8.13378 9 u
-24.5489 8.0769 9 u
-24.4971 8.02168 9 u
-24.4453 7.96819 9 u
-24.3935 7.91649 9 u
-24.3417 7.86663 9 u
-24.2899 7.81865 9 u
-24.2381 7.77254 9 u
-24.1863 7.72825 9 u
-24.1345 7.68575 9 u
-24.0827 7.64498 9 u
-24.0308 7.60592 9 u
-23.979 7.56852 9 u
-23.9272 7.53275 9 u
-23.8754 7.49855 9 u
-23.8236 7.4659 9 u
-23.7718 7.43475 9 u
-23.72 7.40506 9 u
-23.6682 7.3768 9 u
-23.6164 7.34991 9 u
-23.5645 7.32437 9 u
-23.5127 7.30013 9 u
-23.4609 7.27715 9 u
-23.4091 7.25539 9 u
-23.3573 7.23481 9 u
-23.3055 7.21538 9 u
-23.2537 7.19702 9 u
-23.2019 7.17961 9 u
-23.1501 7.16298 9 u
-23.0983 7.14698 9 u
-23.0464 7.13145 9 u
-22.9946 7.11622 9 u
-22.9428 7.10115 9 u
-22.891 7.08607 9 u
-22.8392 7.07083 9 u
-22.7874 7.05526 9 u
-22.7356 7.03921 9 u
-22.6838 7.02252 9 u
-22.632 7.00503 9 u
-22.5801 6.98659 9 u
-22.5283 6.96703 9 u
-22.4765 6.94619 9 u
-22.4247 6.92393 9 u
-22.3729 6.90008 9 u
-22.3211 6.87448 9 u
-22.2693 6.84697 9 u
-22.2175 6.8174 9 u
-22.1657 6.78567 9 u
-22.1139 6.75166 9 u
-22.062 6.71526 9 u
-22.0102 6.67637 9 u
-21.9584 6.63487 9 u
-21.9066 6.59068 9 u
-21.8548 6.54366 9 u
-21.803 6.49373 9 u
-21.7512 6.44077 9 u
-21.6994 6.38468 9 u
-21.6476 6.32534 9 u
-21.5957 6.26265 9 u
-21.5439 6.19651 9 u
-21.4921 6.1268 9 u
-21.4403 6.05343 9 u
-21.3885 5.97628 9 u
-21.3367 5.89524 9 u
-21.2849 5.81021 9 u
-21.2331 5.72108 9 u
-21.1813 5.62781 9 u
-21.1294 5.53053 9 u
-21.0776 5.42947 9 u
-21.0258 5.32483 9 u
-20.974 5.21683 9 u
-20.9222 5.10567 9 u
-20.8704 4.99157 9 u
-20.8186 4.87472 9 u
-20.7668 4.75535 9 u
-20.715 4.63366 9 u
-20.6632 4.50987 9 u
-20.6113 4.38417 9 u
-20.5595 4.25679 9 u
-20.5077 4.12793 9 u
-20.4559 3.9978 9 u
-20.4041 3.86661 9 u
-20.3523 3.73457 9 u
-20.3005 3.60189 9 u
-20.2487 3.46879 9 u
-20.1969 3.33546 9 u
-20.145 3.2021 9 u
-20.0932 3.06878 9 u
-20.0414 2.93557 9 u
-19.9896 2.80252 9 u
-19.9378 2.66969 9 u
-19.886 2.53714 9 u
-19.8342 2.40493 9 u
-19.7824 2.27311 9 u
-19.7306 2.14174 9 u
-19.6788 2.01088 9 u
-19.6269 1.88059 9 u
-19.5751 1.75092 9 u
-19.5233 1.62194 9 u
-19.4715 1.49369 9 u
-19.4197 1.36625 9 u
-19.3679 1.23966 9 u
-19.3161 1.11398 9 u
-19.2643 0.989273 9 u
-19.2125 0.865595 9 u
-19.1606 0.743004 9 u
-19.1088 0.621555 9 u
-19.057 0.50129 9 u
-19.0052 0.382253 9 u
-18.9534 0.264484 9 u
-18.9016 0.148023 9 u
-18.8498 0.0329133 9 u
-18.798 -0.0808051 9 u
-18.7462 -0.193091 9 u
-18.6943 -0.303902 9 u
-18.6425 -0.413199 9 u
-18.5907 -0.520939 9 u
-18.5389 -0.627081 9 u
-18.4871 -0.731585 9 u
-18.4353 -0.834409 9 u
-18.3835 -0.935511 9 u
-18.3317 -1.03485 9 u
-18.2799 -1.13239 9 u
-18.2281 -1.22808 9 u
-18.1762 -1.32188 9 u
-18.1244 -1.41376 9 u

-21.677 10.0733 9 u
-21.6448 10.0218 9 u
-21.6125 9.96869 9 u
-21.5802 9.91412 9 u
-21.548 9.85813 9 u
-21.5157 9.80082 9 u
-21.4834 9.74226 9 u
-21.4511 9.68252 9 u
-21.4189 9.62168 9 u
-21.3866 9.55983 9 u
-21.3543 9.49705 9 u
-21.3221 9.4334 9 u
-21.2898 9.36897 9 u
-21.2575 9.30384 9 u
-21.2252 9.23809 9 u
-21.193 9.17179 9 u
-21.1607 9.10502 9 u
-21.1284 9.03787 9 u
-21.0962 8.97041 9 u
-21.0639 8.90272 9 u
-21.0316 8.83488 9 u
-20.9994 8.76695 9 u
-20.9671 8.69896 9 u
-20.9348 8.63091 9 u
-20.9025 8.56283 9 u
-20.8703 8.49472 9 u
-20.838 8.42659 9 u
-20.8057 8.35845 9 u
-20.7735 8.29031 9 u
-20.7412 8.22218 9 u
-20.7089 8.15408 9 u
-20.6766 8.08601 9 u
-20.6444 8.01798 9 u
-20.6121 7.95002 9 u
-20.5798 7.88211 9 u
-20.5476 7.81429 9 u
-20.5153 7.74655 9 u
-20.483 7.67892 9 u
-20.4507 7.61139 9 u
-20.4185 7.54398 9 u
-20.3862 7.4767 9 u
-20.3539 7.40957 9 u
-20.3217 7.34261 9 u
-20.2894 7.27586 9 u
-20.2571 7.20935 9 u
-20.2248 7.1431 9 u
-20.1926 7.07716 9 u
-20.1603 7.01156 9 u
-20.128 6.94632 9 u
-20.0958 6.88148 9 u
-20.0635 6.81708 9 u
-20.0312 6.75313 9 u
-19.999 6.68969 9 u
-19.9667 6.62677 9 u
-19.9344 6.56441 9 u
-19.9021 6.50265 9 u
-19.8699 6.44151 9 u
-19.8376 6.38103 9 u
-19.8053 6.32123 9 u
-19.7731 6.26216 9 u
-19.7408 6.20385 9 u
-19.7085 6.14629 9 u
-19.6762 6.08943 9 u
-19.644 6.03315 9 u
-19.6117 5.97735 9 u
-19.5794 5.92193 9 u
-19.5472 5.8668 9 u
-19.5149 5.81185 9 u
-19.4826 5.75697 9 u
-19.4503 5.70208 9 u
-19.4181 5.64707 9 u
-19.3858 5.59184 9 u
-19.3535 5.53628 9 u
-19.3213 5.4803 9 u
-19.289 5.4238 9 u
-19.2567 5.36667 9 u
-19.2244 5.30881 9 u
-19.1922 5.25013 9 u
-19.1599 5.19052 9 u
-19.1276 5.12988 9 u
-19.0954 5.06811 9 u
-19.0631 5.00514 9 u
-19.0308 4.94094 9 u
-18.9986 4.87553 9 u
-18.9663 4.80891 9 u
-18.934 4.7411 9 u
-18.9017 4.6721 9 u
-18.8695 4.60192 9 u
-18.8372 4.53057 9 u
-18.8049 4.45807 9 u
-18.7727 4.38441 9 u
-18.7404 4.3096 9 u
-18.7081 4.23366 9 u
-18.6758 4.15659 9 u
-18.6436 4.07841 9 u
-18.6113 3.99911 9 u
-18.579 3.91872 9 u
-18.5468 3.83723 9 u
-18.5145 3.75466 9 u
-18.4822 3.67101 9 u
-18.4499 3.58629 9 u
-18.4177 3.50053 9 u
-18.3854 3.41381 9 u
-18.3531 3.32623 9 u
-18.3209 3.23788 9 u
-18.2886 3.14885 9 u
-18.2563 3.05925 9 u
-18.224 2.96917 9 u
-18.1918 2.87872 9 u
-18.1595 2.78797 9 u
-18.1272 2.69704 9 u
-18.095 2.60602 9 u
-18.0627 2.515 9 u
-18.0304 2.42408 9 u
-17.9982 2.33336 9 u
-17.9659 2.24294 9 u
-17.9336 2.15291 9 u
-17.9013 2.06336 9 u
-17.8691 1.97441 9 u
-17.8368 1.88613 9 u
-17.8045 1.79863 9 u
-17.7723 1.71199 9 u
-17.74 1.6262 9 u
-17.7077 1.54123 9 u
-17.6754 1.45707 9 u
-17.6432 1.37368 9 u
-17.6109 1.29104 9 u
-17.5786 1.20913 9 u
-17.5464 1.12792 9 u
-17.5141 1.04739 9 u
-17.4818 0.967515 9 u
-17.4495 0.888265 9 u
-17.4173 0.809618 9 u
-17.385 0.731549 9 u
-17.3527 0.654034 9 u
-17.3205 0.577048 9 u
-17.2882 0.500567 9 u
-17.2559 0.424565 9 u
-17.2237 0.349018 9 u
-17.1914 0.273901 9 u
-17.1591 0.199189 9 u
-17.1268 0.124859 9 u
-17.0946 0.0508905 9 u
-17.0623 -0.0227353 9 u
-17.03 -0.0960376 9 u
-16.9978 -0.169035 9 u
-16.9655 -0.241747 9 u
-16.9332 -0.314193 9 u
-16.9009 -0.386392 9 u
-16.8687 -0.458361 9 u
-16.8364 -0.530122 9 u
-16.8041 -0.601692 9 u
-16.7719 -0.673091 9 u
-16.7396 -0.744338 9 u
-16.7073 -0.815451 9 u
-16.675 -0.886451 9 u
-16.6428 -0.957355 9 u
-16.6105 -1.02818 9 u
-16.5782 -1.09895 9 u
-16.546 -1.16969 9 u
-16.5137 -1.2404 9 u

-16.9722 9.07751 9 u
-16.9592 9.01931 9 u
-16.9462 8.96065 9 u
-16.9332 8.90155 9 u
-16.9202 8.84203 9 u
-16.9072 8.78212 9 u
-16.8942 8.72182 9 u
-16.8812 8.66117 9 u
-16.8682 8.60019 9 u
-16.8552 8.53888 9 u
-16.8422 8.47729 9 u
-16.8292 8.41541 9 u
-16.8162 8.35328 9 u
-16.8032 8.29091 9 u
-16.7902 8.22833 9 u
-16.7772 8.16556 9 u
-16.7642 8.10261 9 u
-16.7512 8.03951 9 u
-16.7382 7.97628 9 u
-16.7253 7.91293 9 u
-16.7123 7.84949 9 u
-16.6993 7.78598 9 u
-16.6863 7.72239 9 u
-16.6733 7.65872 9 u
-16.6603 7.59498 9 u
-16.6473 7.53114 9 u
-16.6343 7.46722 9 u
-16.6213 7.40321 9 u
-16.6083 7.3391 9 u
-16.5953 7.27489 9 u
-16.5823 7.21058 9 u
-16.5693 7.14617 9 u
-16.5563 7.08164 9 u
-16.5433 7.01701 9 u
-16.5303 6.95226 9 u
-16.5173 6.88739 9 u
-16.5043 6.8224 9 u
-16.4913 6.75729 9 u
-16.4783 6.69205 9 u
-16.4653 6.62667 9 u
-16.4523 6.56116 9 u
-16.4393 6.49551 9 u
-16.4263 6.42974 9 u
-16.4133 6.36386 9 u
-16.4003 6.29789 9 u
-16.3873 6.23183 9 u
-16.3743 6.1657 9 u
-16.3613 6.09952 9 u
-16.3483 6.0333 9 u
-16.3353 5.96705 9 u
-16.3223 5.90079 9 u
-16.3094 5.83453 9 u
-16.2964 5.76829 9 u
-16.2834 5.70208 9 u
-16.2704 5.63591 9 u
-16.2574 5.5698 9 u
-16.2444 5.50377 9 u
-16.2314 5.43782 9 u
-16.2184 5.37197 9 u
-16.2054 5.30624 9 u
-16.1924 5.24063 9 u
-16.1794 5.17517 9 u
-16.1664 5.10984 9 u
-16.1534 5.04464 9 u
-16.1404 4.97956 9 u
-16.1274 4.91459 9 u
-16.1144 4.84974 9 u
-16.1014 4.78498 9 u
-16.0884 4.72031 9 u
-16.0754 4.65573 9 u
-16.0624 4.59123 9 u
-16.0494 4.5268 9 u
-16.0364 4.46244 9 u
-16.0234 4.39813 9 u
-16.0104 4.33387 9 u
-15.9974 4.26966 9 u
-15.9844 4.20548 9 u
-15.9714 4.14133 9 u
-15.9584 4.0772 9 u
-15.9454 4.01308 9 u
-15.9324 3.94898 9 u
-15.9194 3.88487 9 u
-15.9064 3.82076 9 u
-15.8935 3.75666 9 u
-15.8805 3.69255 9 u
-15.8675 3.62844 9 u
-15.8545 3.56434 9 u
-15.8415 3.50023 9 u
-15.8285 3.43612 9 u
-15.8155 3.37202 9 u
-15.8025 3.30791 9 u
-15.7895 3.2438 9 u
-15.7765 3.1797 9 u
-15.7635 3.11559 9 u
-15.7505 3.05148 9 u
-15.7375 2.98738 9 u
-15.7245 2.92327 9 u
-15.7115 2.85916 9 u
-15.6985 2.79506 9 u
-15.6855 2.73095 9 u
-15.6725 2.66684 9 u
-15.6595 2.60274 9 u
-15.6465 2.53863 9 u
-15.6335 2.47452 9 u
-15.6205 2.41042 9 u
-15.6075 2.34631 9 u
-15.5945 2.2822 9 u
-15.5815 2.2181 9 u
-15.5685 2.15399 9 u
-15.5555 2.08988 9 u
-15.5425 2.02578 9 u
-15.5295 1.96167 9 u
-15.5165 1.89756 9 u
-15.5035 1.83346 9 u
-15.4905 1.76935 9 u
-15.4775 1.70524 9 u
-15.4646 1.64114 9 u
-15.4516 1.57703 9 u
-15.4386 1.51292 9 u
-15.4256 1.44882 9 u
-15.4126 1.38471 9 u
-15.3996 1.3206 9 u
-15.3866 1.2565 9 u
-15.3736 1.19239 9 u
-15.3606 1.12828 9 u
-15.3476 1.06418 9 u
-15.3346 1.00007 9 u
-15.3216 0.935965 9 u
-15.3086 0.871858 9 u
-15.2956 0.807751 9 u
-15.2826 0.743645 9 u
-15.2696 0.679538 9 u
-15.2566 0.615432 9 u
-15.2436 0.551325 9 u
-15.2306 0.487218 9 u
-15.2176 0.423112 9 u
-15.2046 0.359005 9 u
-15.1916 0.294898 9 u
-15.1786 0.230792 9 u
-15.1656 0.166685 9 u
-15.1526 0.102579 9 u
-15.1396 0.038472 9 u
-15.1266 -0.0256347 9 u
-15.1136 -0.0897413 9 u
-15.1006 -0.153848 9 u
-15.0876 -0.217955 9 u
-15.0746 -0.282061 9 u
-15.0616 -0.346168 9 u
-15.0487 -0.410274 9 u
-15.0357 -0.474381 9 u
-15.0227 -0.538488 9 u
-15.0097 -0.602594 9 u
-14.9967 -0.666701 9 u
-14.9837 -0.730807 9 u
-14.9707 -0.794914 9 u
-14.9577 -0.859021 9 u
-14.9447 -0.923127 9 u
-14.9317 -0.987234 9 u
-14.9187 -1.05134 9 u
-14.9057 -1.11545 9 u
-14.8927 -1.17955 9 u

-12.2767 8.07543 9 u
-12.2829 8.01726 9 u
-12.2891 7.9591 9 u
-12.2953 7.90093 9 u
-12.3015 7.84276 9 u
-12.3077 7.7846 9 u
-12.3139 7.72643 9 u
-12.3201 7.66827 9 u
-12.3264 7.6101 9 u
-12.3326 7.55194 9 u
-12.3388 7.49377 9 u
-12.345 7.43561 9 u
-12.3512 7.37744 9 u
-12.3574 7.31927 9 u
-12.3636 7.26111 9 u
-12.3699 7.20294 9 u
-12.3761 7.14478 9 u
-12.3823 7.08661 9 u
-12.3885 7.02845 9 u
-12.3947 6.97028 9 u
-12.4009 6.91212 9 u
-12.4071 6.85395 9 u
-12.4134 6.79578 9 u
-12.4196 6.73762 9 u
-12.4258 6.67945 9 u
-12.432 6.62129 9 u
-12.4382 6.56312 9 u
-12.4444 6.50496 9 u
-12.4506 6.44679 9 u
-12.4568 6.38862 9 u
-12.4631 6.33046 9 u
-12.4693 6.27229 9 u
-12.4755 6.21413 9 u
-12.4817 6.15596 9 u
-12.4879 6.0978 9 u
-12.4941 6.03963 9 u
-12.5003 5.98147 9 u
-12.5066 5.9233 9 u
-12.5128 5.86513 9 u
-12.519 5.80697 9 u
-12.5252 5.7488 9 u
-12.5314 5.69064 9 u
-12.5376 5.63247 9 u
-12.5438 5.57431 9 u
-12.5501 5.51614 9 u
-12.5563 5.45798 9 u
-12.5625 5.39981 9 u
-12.5687 5.34164 9 u
-12.5749 5.28348 9 u
-12.5811 5.22531 9 u
-12.5873 5.16715 9 u
-12.5935 5.10898 9 u
-12.5998 5.05082 9 u
-12.606 4.99265 9 u
-12.6122 4.93448 9 u
-12.6184 4.87632 9 u
-12.6246 4.81815 9 u
-12.6308 4.75999 9 u
-12.637 4.70182 9 u
-12.6433 4.64366 9 u
-12.6495 4.58549 9 u
-12.6557 4.52733 9 u
-12.6619 4.46916 9 u
-12.6681 4.41099 9 u
-12.6743 4.35283 9 u
-12.6805 4.29466 9 u
-12.6868 4.2365 9 u
-12.693 4.17833 9 u
-12.6992 4.12017 9 u
-12.7054 4.062 9 u
-12.7116 4.00383 9 u
-12.7178 3.94567 9 u
-12.724 3.8875 9 u
-12.7303 3.82934 9 u
-12.7365 3.77117 9 u
-12.7427 3.71301 9 u
-12.7489 3.65484 9 u
-12.7551 3.59668 9 u
-12.7613 3.53851 9 u
-12.7675 3.48034 9 u
-12.7737 3.42218 9 u
-12.78 3.36401 9 u
-12.7862 3.30585 9 u
-12.7924 3.24768 9 u
-12.7986 3.18952 9 u
-12.8048 3.13135 9 u
-12.811 3.07319 9 u
-12.8172 3.01502 9 u
-12.8235 2.95685 9 u
-12.8297 2.89869 9 u
-12.8359 2.84052 9 u
-12.8421 2.78236 9 u
-12.8483 2.72419 9 u
-12.8545 2.66603 9 u
-12.8607 2.60786 9 u
-12.867 2.54969 9 u
-12.8732 2.49153 9 u
-12.8794 2.43336 9 u
-12.8856 2.3752 9 u
-12.8918 2.31703 9 u
-12.898 2.25887 9 u
-12.9042 2.2007 9 u
-12.9104 2.14254 9 u
-12.9167 2.08437 9 u
-12.9229 2.0262 9 u
-12.9291 1.96804 9 u
-12.9353 1.90987 9 u
-12.9415 1.85171 9 u
-12.9477 1.79354 9 u
-12.9539 1.73538 9 u
-12.9602 1.67721 9 u
-12.9664 1.61905 9 u
-12.9726 1.56088 9 u
-12.9788 1.50271 9 u
-12.985 1.44455 9 u
-12.9912 1.38638 9 u
-12.9974 1.32822 9 u
-13.0037 1.27005 9 u
-13.0099 1.21189 9 u
-13.0161 1.15372 9 u
-13.0223 1.09555 9 u
-13.0285 1.03739 9 u
-13.0347 0.979223 9 u
-13.0409 0.921058 9 u
-13.0471 0.862892 9 u
-13.0534 0.804727 9 u
-13.0596 0.746561 9 u
-13.0658 0.688395 9 u
-13.072 0.63023 9 u
-13.0782 0.572064 9 u
-13.0844 0.513899 9 u
-13.0906 0.455733 9 u
-13.0969 0.397567 9 u
-13.1031 0.339402 9 u
-13.1093 0.281236 9 u
-13.1155 0.223071 9 u
-13.1217 0.164905 9 u
-13.1279 0.106739 9 u
-13.1341 0.0485737 9 u
-13.1404 -0.00959189 9 u
-13.1466 -0.0677575 9 u
-13.1528 -0.125923 9 u
-13.159 -0.184089 9 u
-13.1652 -0.242254 9 u
-13.1714 -0.30042 9 u
-13.1776 -0.358586 9 u
-13.1838 -0.416751 9 u
-13.1901 -0.474917 9 u
-13.1963 -0.533082 9 u
-13.2025 -0.591248 9 u
-13.2087 -0.649414 9 u
-13.2149 -0.707579 9 u
-13.2211 -0.765745 9 u
-13.2273 -0.82391 9 u
-13.2336 -0.882076 9 u
-13.2398 -0.940242 9 u
-13.246 -0.998407 9 u
-13.2522 -1.05657 9 u
-13.2584 -1.11474 9 u
-13.2646 -1.1729 9 u
-13.2708 -1.23107 9 u

-41.2067 -3.86916 9 v
-41.1822 -3.63248 9 v
-41.1559 -3.39551 9 v
-41.1278 -3.15829 9 v
-41.098 -2.92089 9 v
-41.0664 -2.68338 9 v
-41.033 -2.44579 9 v
-40.9977 -2.2082 9 v
-40.9606 -1.97066 9 v
-40.9217 -1.73323 9 v
-40.8808 -1.49597 9 v
-40.8381 -1.25892 9 v
-40.7934 -1.02216 9 v
-40.7468 -0.785739 9 v
-40.6982 -0.549714 9 v
-40.6476 -0.314142 9 v
-40.5951 -0.0790826 9 v
-40.5405 0.155407 9 v
-40.4839 0.38927 9 v
-40.4252 0.622447 9 v
-40.3645 0.854882 9 v
-40.3017 1.08652 9 v
-40.2367 1.31734 9 v
-40.1695 1.54732 9 v
-40.1 1.77643 9 v
-40.0282 2.00467 9 v
-39.9541 2.23199 9 v
-39.8775 2.4584 9 v
-39.7983 2.68385 9 v
-39.7166 2.90834 9 v
-39.6323 3.13185 9 v
-39.5453 3.35434 9 v
-39.4556 3.57581 9 v
-39.363 3.79623 9 v
-39.2676 4.01558 9 v
-39.1693 4.23384 9 v
-39.068 4.45098 9 v
-38.9636 4.667 9 v
-38.8562 4.88186 9 v
-38.7456 5.09555 9 v
-38.6318 5.30804 9 v
-38.5147 5.51928 9 v
-38.3942 5.72909 9 v
-38.2704 5.93723 9 v
-38.1432 6.14348 9 v
-38.0125 6.34762 9 v
-37.8784 6.54942 9 v
-37.7406 6.74866 9 v
-37.5993 6.94511 9 v
-37.4543 7.13855 9 v
-37.3055 7.32875 9 v
-37.1531 7.5155 9 v
-36.9969 7.69855 9 v
-36.8368 7.8777 9 v
-36.6728 8.05272 9 v
-36.5049 8.22337 9 v
-36.333 8.38944 9 v
-36.1571 8.55071 9 v
-35.9771 8.70694 9 v
-35.793 8.85791 9 v
-35.6047 9.00341 9 v
-35.4122 9.14324 9 v
-35.2157 9.27741 9 v
-35.0154 9.40596 9 v
-34.8114 9.52893 9 v
-34.604 9.64637 9 v
-34.3932 9.75831 9 v
-34.1794 9.86482 9 v
-33.9627 9.96591 9 v
-33.7432 10.0616 9 v
-33.5212 10.1521 9 v
-33.2969 10.2372 9 v
-33.0704 10.3171 9 v
-32.842 10.3918 9 v
-32.6117 10.4614 9 v
-32.3799 10.5259 9 v
-32.1466 10.5853 9 v
-31.9121 10.6397 9 v
-31.6766 10.6891 9 v
-31.4402 10.7336 9 v
-31.2032 10.7732 9 v
-30.9657 10.808 9 v
-30.7277 10.8382 9 v
-30.4893 10.8638 9 v
-30.2506 10.8851 9 v
-30.0115 10.9023 9 v
-29.7722 10.9155 9 v
-29.5326 10.925 9 v
-29.2929 10.9308 9 v
-29.0529 10.9332 9 v
-28.8129 10.9324 9 v
-28.5727 10.9285 9 v
-28.3326 10.9217 9 v
-28.0924 10.9122 9 v
-27.8522 10.9001 9 v
-27.6121 10.8857 9 v
-27.3721 10.8691 9 v
-27.1323 10.8504 9 v
-26.8927 10.83 9 v
-26.6533 10.8079 9 v
-26.4141 10.7843 9 v
-26.1753 10.7593 9 v
-25.9367 10.7331 9 v
-25.6985 10.7057 9 v
-25.4605 10.677 9 v
-25.2227 10.6471 9 v
-24.9852 10.6161 9 v
-24.7479 10.5839 9 v
-24.5108 10.5506 9 v
-24.274 10.5162 9 v
-24.0373 10.4808 9 v
-23.8007 10.4442 9 v
-23.5643 10.4067 9 v
-23.3281 10.3682 9 v
-23.092 10.3288 9 v
-22.8559 10.2884 9 v
-22.62 10.2471 9 v
-22.3842 10.2049 9 v
-22.1484 10.1618 9 v
-21.9127 10.118 9 v
-21.677 10.0733 9 v
-21.4414 10.0278 9 v
-21.2058 9.98166 9 v
-20.9702 9.9348 9 v
-20.7346 9.8873 9 v
-20.4991 9.8392 9 v
-20.2636 9.79055 9 v
-20.0282 9.74141 9 v
-19.7928 9.6918 9 v
-19.5575 9.64178 9 v
-19.3222 9.5914 9 v
-19.0869 9.5407 9 v
-18.8517 9.48972 9 v
-18.6165 9.43852 9 v
-18.3814 9.38713 9 v
-18.1464 9.3356 9 v
-17.9114 9.28398 9 v
-17.6765 9.23232 9 v
-17.4417 9.18065 9 v
-17.2069 9.12903 9 v
-16.9722 9.07751 9 v
-16.7376 9.02611 9 v
-16.503 8.97484 9 v
-16.2684 8.92371 9 v
-16.034 8.87272 9 v
-15.7995 8.82187 9 v
-15.565 8.77115 9 v
-15.3306 8.72057 9 v
-15.0961 8.67012 9 v
-14.8616 8.61982 9 v
-14.627 8.56964 9 v
-14.3924 8.51961 9 v
-14.1578 8.46971 9 v
-13.923 8.41995 9 v
-13.6882 8.37032 9 v
-13.4533 8.32083 9 v
-13.2182 8.27148 9 v
-12.9831 8.22226 9 v
-12.7477 8.17318 9 v
-12.5123 8.12423 9 v
-12.2767 8.07543 9 v

-39.1697 -4.00559 9 v
-39.1481 -3.78785 9 v
-39.1243 -3.57009 9 v
-39.0984 -3.35235 9 v
-39.0703 -3.13469 9 v
-39.04 -2.91715 9 v
-39.0077 -2.69977 9 v
-38.9732 -2.48261 9 v
-38.9366 -2.2657 9 v
-38.898 -2.0491 9 v
-38.8572 -1.83285 9 v
-38.8144 -1.617 9 v
-38.7696 -1.40159 9 v
-38.7227 -1.18668 9 v
-38.6738 -0.972305 9 v
-38.6229 -0.758515 9 v
-38.57 -0.545358 9 v
-38.5151 -0.332879 9 v
-38.4582 -0.121125 9 v
-38.3993 0.0898571 9 v
-38.3385 0.300021 9 v
-38.2758 0.509325 9 v
-38.2111 0.717751 9 v
-38.1443 0.925285 9 v
-38.0755 1.13191 9 v
-38.0045 1.33762 9 v
-37.9313 1.5424 9 v
-37.856 1.74624 9 v
-37.7783 1.94911 9 v
-37.6983 2.15101 9 v
-37.616 2.35193 9 v
-37.5312 2.55185 9 v
-37.444 2.75075 9 v
-37.3542 2.94863 9 v
-37.2619 3.14548 9 v
-37.167 3.34127 9 v
-37.0694 3.53599 9 v
-36.9691 3.72963 9 v
-36.8661 3.92219 9 v
-36.7602 4.11363 9 v
-36.6515 4.30396 9 v
-36.5399 4.49312 9 v
-36.4253 4.68095 9 v
-36.3078 4.86725 9 v
-36.1873 5.05182 9 v
-36.0636 5.23447 9 v
-35.9369 5.41498 9 v
-35.8071 5.59317 9 v
-35.674 5.76883 9 v
-35.5377 5.94176 9 v
-35.3982 6.11178 9 v
-35.2554 6.27867 9 v
-35.1092 6.44223 9 v
-34.9596 6.60228 9 v
-34.8066 6.7586 9 v
-34.6502 6.91101 9 v
-34.4902 7.05929 9 v
-34.3267 7.20326 9 v
-34.1596 7.34272 9 v
-33.9889 7.47745 9 v
-33.8145 7.60728 9 v
-33.6365 7.73202 9 v
-33.4549 7.85167 9 v
-33.2699 7.96624 9 v
-33.0817 8.07575 9 v
-32.8904 8.18023 9 v
-32.6963 8.27967 9 v
-32.4995 8.37412 9 v
-32.3 8.46357 9 v
-32.0982 8.54806 9 v
-31.8942 8.62759 9 v
-31.6881 8.70219 9 v
-31.4801 8.77188 9 v
-31.2704 8.83667 9 v
-31.0591 8.89658 9 v
-30.8464 8.95163 9 v
-30.6324 9.00184 9 v
-30.4174 9.04723 9 v
-30.2014 9.0878 9 v
-29.9847 9.12359 9 v
-29.7674 9.15461 9 v
-29.5497 9.18092 9 v
-29.3316 9.20276 9 v
-29.1131 9.22039 9 v
-28.8943 9.23411 9 v
-28.6752 9.24418 9 v
-28.4559 9.25089 9 v
-28.2363 9.2545 9 v
-28.0166 9.2553 9 v
-27.7967 9.25357 9 v
-27.5767 9.24958 9 v
-27.3566 9.2436 9 v
-27.1365 9.23592 9 v
-26.9163 9.22681 9 v
-26.6962 9.21655 9 v
-26.4762 9.20542 9 v
-26.2562 9.19369 9 v
-26.0363 9.18164 9 v
-25.8167 9.16955 9 v
-25.5972 9.15769 9 v
-25.3779 9.14634 9 v
-25.1589 9.1357 9 v
-24.9402 9.12567 9 v
-24.7216 9.11605 9 v
-24.5034 9.10665 9 v
-24.2853 9.0973 9 v
-24.0674 9.0878 9 v
-23.8497 9.07797 9 v
-23.6322 9.06762 9 v
-23.4149 9.05656 9 v
-23.1977 9.04461 9 v
-22.9807 9.03158 9 v
-22.7637 9.01728 9 v
-22.547 9.00153 9 v
-22.3303 8.98414 9 v
-22.1137 8.96492 9 v
-21.8971 8.94368 9 v
-21.6807 8.92025 9 v
-21.4643 8.89443 9 v
-21.2479 8.86603 9 v
-21.0316 8.83488 9 v
-20.8153 8.80083 9 v
-20.599 8.76404 9 v
-20.3828 8.72467 9 v
-20.1666 8.68294 9 v
-19.9504 8.63903 9 v
-19.7342 8.59313 9 v
-19.5181 8.54543 9 v
-19.302 8.49614 9 v
-19.0859 8.44543 9 v
-18.8699 8.3935 9 v
-18.6539 8.34055 9 v
-18.438 8.28676 9 v
-18.2221 8.23233 9 v
-18.0062 8.17745 9 v
-17.7904 8.12232 9 v
-17.5747 8.06711 9 v
-17.359 8.01204 9 v
-17.1434 7.95728 9 v
-16.9278 7.90304 9 v
-16.7123 7.84949 9 v
-16.4968 7.79681 9 v
-16.2814 7.74498 9 v
-16.066 7.69396 9 v
-15.8507 7.64372 9 v
-15.6354 7.59421 9 v
-15.4201 7.5454 9 v
-15.2048 7.49723 9 v
-14.9895 7.44968 9 v
-14.7741 7.4027 9 v
-14.5587 7.35626 9 v
-14.3433 7.3103 9 v
-14.1279 7.2648 9 v
-13.9123 7.2197 9 v
-13.6967 7.17497 9 v
-13.481 7.13058 9 v
-13.2652 7.08647 9 v
-13.0493 7.04261 9 v
-12.8333 6.99896 9 v
-12.6172 6.95547 9 v
-12.4009 6.91212 9 v

-37.1327 -4.14201 9 v
-37.114 -3.94321 9 v
-37.0928 -3.74467 9 v
-37.0689 -3.54642 9 v
-37.0425 -3.34849 9 v
-37.0137 -3.15092 9 v
-36.9824 -2.95375 9 v
-36.9487 -2.75701 9 v
-36.9126 -2.56073 9 v
-36.8743 -2.36496 9 v
-36.8337 -2.16973 9 v
-36.7908 -1.97507 9 v
-36.7458 -1.78102 9 v
-36.6987 -1.58762 9 v
-36.6494 -1.3949 9 v
-36.5982 -1.20289 9 v
-36.5449 -1.01163 9 v
-36.4896 -0.821165 9 v
-36.4325 -0.63152 9 v
-36.3735 -0.442733 9 v
-36.3126 -0.25484 9 v
-36.25 -0.0678724 9 v
-36.1855 0.11816 9 v
-36.1191 0.303251 9 v
-36.0509 0.487394 9 v
-35.9808 0.670583 9 v
-35.9086 0.852812 9 v
-35.8345 1.03408 9 v
-35.7583 1.21437 9 v
-35.68 1.39368 9 v
-35.5997 1.57201 9 v
-35.5171 1.74935 9 v
-35.4324 1.9257 9 v
-35.3455 2.10104 9 v
-35.2562 2.27537 9 v
-35.1647 2.44869 9 v
-35.0708 2.621 9 v
-34.9746 2.79227 9 v
-34.8759 2.96251 9 v
-34.7748 3.13172 9 v
-34.6712 3.29988 9 v
-34.5651 3.46695 9 v
-34.4564 3.63275 9 v
-34.3452 3.79705 9 v
-34.2313 3.95963 9 v
-34.1147 4.12026 9 v
-33.9955 4.27872 9 v
-33.8735 4.43478 9 v
-33.7488 4.58822 9 v
-33.6212 4.73882 9 v
-33.4909 4.88635 9 v
-33.3576 5.03059 9 v
-33.2215 5.17131 9 v
-33.0825 5.30829 9 v
-32.9405 5.4413 9 v
-32.7955 5.57012 9 v
-32.6474 5.69453 9 v
-32.4963 5.81431 9 v
-32.3421 5.92921 9 v
-32.1848 6.03904 9 v
-32.0243 6.14355 9 v
-31.8607 6.2426 9 v
-31.694 6.33635 9 v
-31.5243 6.42504 9 v
-31.3519 6.5089 9 v
-31.1769 6.58817 9 v
-30.9994 6.66309 9 v
-30.8195 6.73389 9 v
-30.6374 6.80081 9 v
-30.4533 6.86409 9 v
-30.2672 6.92395 9 v
-30.0793 6.98065 9 v
-29.8898 7.0344 9 v
-29.6988 7.08546 9 v
-29.5065 7.13405 9 v
-29.3129 7.18042 9 v
-29.1182 7.22479 9 v
-28.9226 7.26741 9 v
-28.7263 7.30851 9 v
-28.5292 7.34833 9 v
-28.3317 7.3871 9 v
-28.1337 7.42501 9 v
-27.9355 7.46202 9 v
-27.7369 7.49802 9 v
-27.538 7.53294 9 v
-27.3389 7.56667 9 v
-27.1395 7.59912 9 v
-26.94 7.6302 9 v
-26.7403 7.65981 9 v
-26.5404 7.68787 9 v
-26.3405 7.71427 9 v
-26.1405 7.73892 9 v
-25.9404 7.76172 9 v
-25.7403 7.7826 9 v
-25.5402 7.80144 9 v
-25.3402 7.81816 9 v
-25.1402 7.83266 9 v
-24.9404 7.84486 9 v
-24.7407 7.85464 9 v
-24.5411 7.86193 9 v
-24.3417 7.86663 9 v
-24.1425 7.86866 9 v
-23.9436 7.86807 9 v
-23.7448 7.86491 9 v
-23.5462 7.85925 9 v
-23.3478 7.85114 9 v
-23.1496 7.84064 9 v
-22.9515 7.82782 9 v
-22.7536 7.81273 9 v
-22.5558 7.79544 9 v
-22.3582 7.77599 9 v
-22.1606 7.75447 9 v
-21.9632 7.73091 9 v
-21.7658 7.70539 9 v
-21.5686 7.67796 9 v
-21.3714 7.64868 9 v
-21.1742 7.61762 9 v
-20.9772 7.58483 9 v
-20.7802 7.55037 9 v
-20.5832 7.51431 9 v
-20.3862 7.4767 9 v
-20.1893 7.43761 9 v
-19.9923 7.39715 9 v
-19.7954 7.35543 9 v
-19.5985 7.31255 9 v
-19.4016 7.26863 9 v
-19.2048 7.22379 9 v
-19.0079 7.17812 9 v
-18.8111 7.13176 9 v
-18.6144 7.0848 9 v
-18.4176 7.03736 9 v
-18.2209 6.98956 9 v
-18.0242 6.94149 9 v
-17.8276 6.89329 9 v
-17.631 6.84504 9 v
-17.4344 6.79688 9 v
-17.2379 6.74891 9 v
-17.0415 6.70124 9 v
-16.845 6.65398 9 v
-16.6486 6.60725 9 v
-16.4523 6.56116 9 v
-16.256 6.51579 9 v
-16.0598 6.47114 9 v
-15.8636 6.42716 9 v
-15.6674 6.38383 9 v
-15.4713 6.3411 9 v
-15.2751 6.29895 9 v
-15.079 6.25733 9 v
-14.8828 6.21621 9 v
-14.6867 6.17556 9 v
-14.4905 6.13533 9 v
-14.2942 6.0955 9 v
-14.098 6.05602 9 v
-13.9016 6.01687 9 v
-13.7052 5.978 9 v
-13.5088 5.93938 9 v
-13.3123 5.90098 9 v
-13.1156 5.86276 9 v
-12.9189 5.82468 9 v
-12.7221 5.7867 9 v
-12.5252 5.7488 9 v

-35.0957 -4.27843 9 v
-35.08 -4.09858 9 v
-35.0612 -3.91925 9 v
-35.0394 -3.74048 9 v
-35.0148 -3.56228 9 v
-34.9873 -3.38469 9 v
-34.9571 -3.20772 9 v
-34.9242 -3.03141 9 v
-34.8886 -2.85577 9 v
-34.8506 -2.68083 9 v
-34.8101 -2.50661 9 v
-34.7672 -2.33315 9 v
-34.722 -2.16045 9 v
-34.6746 -1.98856 9 v
-34.6251 -1.81749 9 v
-34.5734 -1.64726 9 v
-34.5198 -1.47791 9 v
-34.4642 -1.30945 9 v
-34.4068 -1.14191 9 v
-34.3476 -0.975323 9 v
-34.2867 -0.809702 9 v
-34.2241 -0.645071 9 v
-34.1599 -0.48144 9 v
-34.094 -0.318815 9 v
-34.0264 -0.1572 9 v
-33.957 0.00339842 9 v
-33.8859 0.162975 9 v
-33.813 0.321524 9 v
-33.7383 0.47904 9 v
-33.6618 0.635518 9 v
-33.5833 0.790951 9 v
-33.503 0.945335 9 v
-33.4208 1.09866 9 v
-33.3367 1.25093 9 v
-33.2505 1.40213 9 v
-33.1624 1.55227 9 v
-33.0723 1.70132 9 v
-32.9801 1.84929 9 v
-32.8858 1.99617 9 v
-32.7895 2.14196 9 v
-32.691 2.28665 9 v
-32.5904 2.43017 9 v
-32.4876 2.57221 9 v
-32.3825 2.7124 9 v
-32.2753 2.85035 9 v
-32.1658 2.9857 9 v
-32.054 3.11806 9 v
-31.9399 3.24707 9 v
-31.8235 3.37234 9 v
-31.7047 3.4935 9 v
-31.5835 3.61017 9 v
-31.4599 3.72198 9 v
-31.3339 3.82856 9 v
-31.2053 3.92952 9 v
-31.0743 4.0245 9 v
-30.9408 4.11311 9 v
-30.8046 4.19498 9 v
-30.666 4.26973 9 v
-30.5247 4.337 9 v
-30.3807 4.3964 9 v
-30.2341 4.44755 9 v
-30.0849 4.49032 9 v
-29.9331 4.52551 9 v
-29.7788 4.55416 9 v
-29.6222 4.57728 9 v
-29.4634 4.59593 9 v
-29.3024 4.61113 9 v
-29.1395 4.62393 9 v
-28.9748 4.63535 9 v
-28.8083 4.64643 9 v
-28.6402 4.6582 9 v
-28.4705 4.67171 9 v
-28.2995 4.68798 9 v
-28.1273 4.70804 9 v
-27.9539 4.73295 9 v
-27.7794 4.76372 9 v
-27.6041 4.80139 9 v
-27.4279 4.847 9 v
-27.2511 4.90159 9 v
-27.0737 4.96618 9 v
-26.8959 5.04181 9 v
-26.7178 5.12912 9 v
-26.5393 5.2271 9 v
-26.3606 5.33435 9 v
-26.1817 5.44946 9 v
-26.0025 5.57103 9 v
-25.8232 5.69767 9 v
-25.6436 5.82795 9 v
-25.464 5.96049 9 v
-25.2842 6.09387 9 v
-25.1043 6.2267 9 v
-24.9243 6.35756 9 v
-24.7443 6.48505 9 v
-24.5643 6.60778 9 v
-24.3843 6.72433 9 v
-24.2042 6.83331 9 v
-24.0243 6.9333 9 v
-23.8444 7.02291 9 v
-23.6646 7.10072 9 v
-23.485 7.16535 9 v
-23.3055 7.21538 9 v
-23.1262 7.2498 9 v
-22.947 7.26924 9 v
-22.768 7.27469 9 v
-22.5891 7.26716 9 v
-22.4104 7.24766 9 v
-22.2318 7.21719 9 v
-22.0533 7.17677 9 v
-21.875 7.12741 9 v
-21.6968 7.0701 9 v
-21.5186 7.00586 9 v
-21.3406 6.93569 9 v
-21.1626 6.86061 9 v
-20.9847 6.78162 9 v
-20.8069 6.69973 9 v
-20.6291 6.61594 9 v
-20.4514 6.53126 9 v
-20.2737 6.44671 9 v
-20.096 6.36328 9 v
-19.9184 6.28199 9 v
-19.7408 6.20385 9 v
-19.5632 6.12965 9 v
-19.3856 6.0594 9 v
-19.208 5.99291 9 v
-19.0304 5.92995 9 v
-18.8529 5.87035 9 v
-18.6753 5.81388 9 v
-18.4978 5.76036 9 v
-18.3203 5.70958 9 v
-18.1428 5.66134 9 v
-17.9654 5.61544 9 v
-17.7879 5.57167 9 v
-17.6105 5.52984 9 v
-17.4331 5.48974 9 v
-17.2558 5.45117 9 v
-17.0785 5.41393 9 v
-16.9012 5.37782 9 v
-16.7239 5.34264 9 v
-16.5467 5.30818 9 v
-16.3695 5.27425 9 v
-16.1924 5.24063 9 v
-16.0153 5.20718 9 v
-15.8382 5.17383 9 v
-15.6612 5.1406 9 v
-15.4842 5.10746 9 v
-15.3072 5.07442 9 v
-15.1302 5.04146 9 v
-14.9532 5.00859 9 v
-14.7762 4.97579 9 v
-14.5992 4.94305 9 v
-14.4222 4.91038 9 v
-14.2451 4.87776 9 v
-14.068 4.84519 9 v
-13.8909 4.81266 9 v
-13.7138 4.78016 9 v
-13.5365 4.74769 9 v
-13.3593 4.71523 9 v
-13.1819 4.68279 9 v
-13.0045 4.65036 9 v
-12.827 4.61793 9 v
-12.6495 4.58549 9 v

-33.0587 -4.41485 9 v
-33.0459 -4.25394 9 v
-33.0296 -4.09383 9 v
-33.01 -3.93454 9 v
-32.987 -3.77608 9 v
-32.9609 -3.61846 9 v
-32.9318 -3.4617 9 v
-32.8996 -3.30581 9 v
-32.8646 -3.1508 9 v
-32.8269 -2.9967 9 v
-32.7865 -2.8435 9 v
-32.7436 -2.69122 9 v
-32.6983 -2.53989 9 v
-32.6506 -2.3895 9 v
-32.6007 -2.24008 9 v
-32.5487 -2.09164 9 v
-32.4947 -1.94418 9 v
-32.4388 -1.79774 9 v
-32.3811 -1.65231 9 v
-32.3217 -1.50791 9 v
-32.2607 -1.36456 9 v
-32.1982 -1.22229 9 v
-32.1343 -1.08122 9 v
-32.0688 -0.941497 9 v
-32.0018 -0.803255 9 v
-31.9333 -0.666641 9 v
-31.8632 -0.531795 9 v
-31.7915 -0.398861 9 v
-31.7183 -0.267981 9 v
-31.6435 -0.139295 9 v
-31.567 -0.0129471 9 v
-31.4889 0.110922 9 v
-31.4092 0.232169 9 v
-31.3279 0.350652 9 v
-31.2448 0.46623 9 v
-31.1601 0.57876 9 v
-31.0737 0.688101 9 v
-30.9856 0.79411 9 v
-30.8957 0.896644 9 v
-30.8041 0.995563 9 v
-30.7107 1.09072 9 v
-30.6156 1.18201 9 v
-30.5187 1.26941 9 v
-30.4199 1.35292 9 v
-30.3193 1.43256 9 v
-30.2169 1.50835 9 v
-30.1126 1.58027 9 v
-30.0064 1.64836 9 v
-29.8983 1.71261 9 v
-29.7882 1.77304 9 v
-29.6762 1.82966 9 v
-29.5622 1.88247 9 v
-29.4462 1.93148 9 v
-29.3282 1.97671 9 v
-29.2081 2.01817 9 v
-29.086 2.05586 9 v
-28.9619 2.08979 9 v
-28.8356 2.11997 9 v
-28.7072 2.14642 9 v
-28.5767 2.16913 9 v
-28.444 2.18813 9 v
-28.3091 2.2036 9 v
-28.1722 2.21642 9 v
-28.0332 2.22765 9 v
-27.8924 2.23836 9 v
-27.7498 2.24961 9 v
-27.6055 2.26245 9 v
-27.4596 2.27796 9 v
-27.3121 2.29719 9 v
-27.1633 2.32121 9 v
-27.0131 2.35108 9 v
-26.8618 2.38785 9 v
-26.7093 2.4326 9 v
-26.5557 2.48638 9 v
-26.4012 2.55025 9 v
-26.2459 2.62528 9 v
-26.0899 2.71253 9 v
-25.9332 2.81306 9 v
-25.7759 2.92793 9 v
-25.6182 3.0582 9 v
-25.4602 3.20494 9 v
-25.3018 3.36866 9 v
-25.1432 3.54767 9 v
-24.9844 3.73977 9 v
-24.8254 3.9427 9 v
-24.6662 4.15426 9 v
-24.5068 4.3722 9 v
-24.3473 4.5943 9 v
-24.1877 4.81835 9 v
-24.0279 5.04209 9 v
-23.8681 5.26332 9 v
-23.7082 5.4798 9 v
-23.5482 5.68931 9 v
-23.3883 5.88961 9 v
-23.2283 6.07849 9 v
-23.0683 6.25371 9 v
-22.9084 6.41304 9 v
-22.7485 6.55426 9 v
-22.5886 6.67514 9 v
-22.4289 6.77345 9 v
-22.2693 6.84697 9 v
-22.1098 6.89414 9 v
-21.9504 6.9161 9 v
-21.7912 6.91466 9 v
-21.632 6.89165 9 v
-21.473 6.84886 9 v
-21.314 6.78812 9 v
-21.1552 6.71124 9 v
-20.9964 6.62004 9 v
-20.8377 6.51631 9 v
-20.6791 6.40189 9 v
-20.5205 6.27858 9 v
-20.362 6.1482 9 v
-20.2036 6.01256 9 v
-20.0452 5.87347 9 v
-19.8868 5.73275 9 v
-19.7285 5.5922 9 v
-19.5702 5.45366 9 v
-19.4119 5.31892 9 v
-19.2536 5.1898 9 v
-19.0954 5.06811 9 v
-18.9371 4.9553 9 v
-18.7789 4.85127 9 v
-18.6206 4.75555 9 v
-18.4624 4.66768 9 v
-18.3041 4.5872 9 v
-18.1459 4.51363 9 v
-17.9877 4.44651 9 v
-17.8295 4.38538 9 v
-17.6713 4.32977 9 v
-17.5131 4.27921 9 v
-17.3549 4.23324 9 v
-17.1968 4.19139 9 v
-17.0387 4.15319 9 v
-16.8806 4.11818 9 v
-16.7225 4.0859 9 v
-16.5644 4.05586 9 v
-16.4064 4.02762 9 v
-16.2484 4.00071 9 v
-16.0904 3.97464 9 v
-15.9324 3.94898 9 v
-15.7745 3.92331 9 v
-15.6166 3.89757 9 v
-15.4588 3.87176 9 v
-15.3009 3.84587 9 v
-15.1431 3.81991 9 v
-14.9852 3.79388 9 v
-14.8274 3.76777 9 v
-14.6696 3.7416 9 v
-14.5117 3.71535 9 v
-14.3539 3.68904 9 v
-14.196 3.66266 9 v
-14.0381 3.6362 9 v
-13.8802 3.60968 9 v
-13.7223 3.58309 9 v
-13.5643 3.55644 9 v
-13.4063 3.52972 9 v
-13.2482 3.50293 9 v
-13.0901 3.47608 9 v
-12.932 3.44916 9 v
-12.7737 3.42218 9 v

-31.0217 -4.55127 9 v
-31.0118 -4.40961 9 v
-30.9981 -4.26965 9 v
-30.9805 -4.13143 9 v
-30.9593 -3.99499 9 v
-30.9346 -3.86037 9 v
-30.9064 -3.72758 9 v
-30.8751 -3.59669 9 v
-30.8406 -3.4677 9 v
-30.8032 -3.34067 9 v
-30.7629 -3.21563 9 v
-30.72 -3.09262 9 v
-30.6745 -2.97166 9 v
-30.6266 -2.85279 9 v
-30.5763 -2.73605 9 v
-30.524 -2.62148 9 v
-30.4696 -2.50911 9 v
-30.4134 -2.39897 9 v
-30.3554 -2.29109 9 v
-30.2958 -2.18553 9 v
-30.2348 -2.0823 9 v
-30.1724 -1.9815 9 v
-30.1087 -1.8834 9 v
-30.0436 -1.78832 9 v
-29.9772 -1.6966 9 v
-29.9095 -1.60856 9 v
-29.8405 -1.52452 9 v
-29.77 -1.44481 9 v
-29.6983 -1.36976 9 v
-29.6252 -1.2997 9 v
-29.5507 -1.23494 9 v
-29.4749 -1.17582 9 v
-29.3977 -1.12266 9 v
-29.3191 -1.07578 9 v
-29.2391 -1.03552 9 v
-29.1578 -1.0022 9 v
-29.0751 -0.976148 9 v
-28.9911 -0.957684 9 v
-28.9056 -0.947137 9 v
-28.8187 -0.944834 9 v
-28.7305 -0.951101 9 v
-28.6408 -0.965951 9 v
-28.5498 -0.988152 9 v
-28.4573 -1.01616 9 v
-28.3634 -1.04843 9 v
-28.268 -1.08342 9 v
-28.1711 -1.11958 9 v
-28.0728 -1.15537 9 v
-27.973 -1.18924 9 v
-27.8717 -1.21965 9 v
-27.7688 -1.24506 9 v
-27.6645 -1.26392 9 v
-27.5585 -1.27469 9 v
-27.451 -1.27582 9 v
-27.342 -1.26576 9 v
-27.2313 -1.24298 9 v
-27.1191 -1.20593 9 v
-27.0052 -1.15306 9 v
-26.8897 -1.08283 9 v
-26.7726 -0.993695 9 v
-26.6538 -0.884111 9 v
-26.5333 -0.75307 9 v
-26.4113 -0.601704 9 v
-26.2877 -0.43168 9 v
-26.1627 -0.244669 9 v
-26.0363 -0.0423373 9 v
-25.9086 0.173645 9 v
-25.7796 0.401611 9 v
-25.6495 0.63989 9 v
-25.5183 0.886816 9 v
-25.3861 1.14072 9 v
-25.253 1.39993 9 v
-25.119 1.66278 9 v
-24.9842 1.92761 9 v
-24.8486 2.19273 9 v
-24.7125 2.4565 9 v
-24.5757 2.71722 9 v
-24.4384 2.97325 9 v
-24.3008 3.22291 9 v
-24.1627 3.46452 9 v
-24.0244 3.69643 9 v
-23.8858 3.91722 9 v
-23.7471 4.12645 9 v
-23.6082 4.32396 9 v
-23.4691 4.50958 9 v
-23.3299 4.68313 9 v
-23.1905 4.84445 9 v
-23.051 4.99335 9 v
-22.9114 5.12967 9 v
-22.7717 5.25323 9 v
-22.6319 5.36386 9 v
-22.492 5.46139 9 v
-22.3522 5.54564 9 v
-22.2122 5.61645 9 v
-22.0723 5.67364 9 v
-21.9323 5.71703 9 v
-21.7924 5.74646 9 v
-21.6525 5.76176 9 v
-21.5126 5.76274 9 v
-21.3728 5.74924 9 v
-21.2331 5.72108 9 v
-21.0934 5.67832 9 v
-20.9538 5.62189 9 v
-20.8143 5.55294 9 v
-20.6749 5.47263 9 v
-20.5355 5.38212 9 v
-20.3962 5.28256 9 v
-20.257 5.17511 9 v
-20.1178 5.06092 9 v
-19.9786 4.94116 9 v
-19.8395 4.81698 9 v
-19.7005 4.68953 9 v
-19.5614 4.55997 9 v
-19.4224 4.42945 9 v
-19.2835 4.29914 9 v
-19.1445 4.17019 9 v
-19.0056 4.04376 9 v
-18.8667 3.92099 9 v
-18.7278 3.80306 9 v
-18.5889 3.6911 9 v
-18.4499 3.58629 9 v
-18.311 3.48951 9 v
-18.1721 3.40061 9 v
-18.0332 3.31916 9 v
-17.8943 3.24475 9 v
-17.7554 3.17694 9 v
-17.6165 3.11533 9 v
-17.4775 3.05948 9 v
-17.3386 3.00898 9 v
-17.1997 2.96341 9 v
-17.0608 2.92235 9 v
-16.9219 2.88537 9 v
-16.7831 2.85205 9 v
-16.6442 2.82198 9 v
-16.5053 2.79472 9 v
-16.3665 2.76987 9 v
-16.2277 2.74699 9 v
-16.0888 2.72567 9 v
-15.95 2.70549 9 v
-15.8113 2.68602 9 v
-15.6725 2.66684 9 v
-15.5338 2.64761 9 v
-15.395 2.62825 9 v
-15.2563 2.60877 9 v
-15.1176 2.58915 9 v
-14.979 2.56942 9 v
-14.8403 2.54956 9 v
-14.7016 2.52957 9 v
-14.5629 2.50947 9 v
-14.4243 2.48924 9 v
-14.2856 2.46889 9 v
-14.1469 2.44842 9 v
-14.0082 2.42783 9 v
-13.8695 2.40712 9 v
-13.7308 2.38629 9 v
-13.5921 2.36534 9 v
-13.4533 2.34428 9 v
-13.3145 2.3231 9 v
-13.1757 2.3018 9 v
-13.0369 2.28039 9 v
-12.898 2.25887 9 v

-28.9847 -4.6877 9 v
-28.9778 -4.58801 9 v
-28.9665 -4.49138 9 v
-28.951 -4.39792 9 v
-28.9315 -4.30773 9 v
-28.9082 -4.22094 9 v
-28.8811 -4.13767 9 v
-28.8506 -4.05803 9 v
-28.8166 -3.98213 9 v
-28.7795 -3.9101 9 v
-28.7394 -3.84205 9 v
-28.6964 -3.77809 9 v
-28.6507 -3.71834 9 v
-28.6025 -3.66292 9 v
-28.552 -3.61194 9 v
-28.4993 -3.56552 9 v
-28.4445 -3.52378 9 v
-28.3879 -3.48683 9 v
-28.3297 -3.45479 9 v
-28.2699 -3.42777 9 v
-28.2088 -3.40589 9 v
-28.1465 -3.38915 9 v
-28.0831 -3.37708 9 v
-28.0185 -3.36908 9 v
-27.9527 -3.36456 9 v
-27.8858 -3.36294 9 v
-27.8177 -3.36362 9 v
-27.7486 -3.36601 9 v
-27.6783 -3.36952 9 v
-27.6069 -3.37356 9 v
-27.5344 -3.37754 9 v
-27.4608 -3.38087 9 v
-27.3861 -3.38296 9 v
-27.3103 -3.38321 9 v
-27.2335 -3.38103 9 v
-27.1555 -3.37585 9 v
-27.0766 -3.36705 9 v
-26.9965 -3.35406 9 v
-26.9155 -3.33628 9 v
-26.8334 -3.31312 9 v
-26.7502 -3.28399 9 v
-26.6661 -3.24831 9 v
-26.5809 -3.2056 9 v
-26.4947 -3.15537 9 v
-26.4074 -3.09714 9 v
-26.3191 -3.03043 9 v
-26.2297 -2.95476 9 v
-26.1393 -2.86966 9 v
-26.0478 -2.77464 9 v
-25.9552 -2.66922 9 v
-25.8615 -2.55293 9 v
-25.7667 -2.42528 9 v
-25.6709 -2.2858 9 v
-25.5739 -2.13401 9 v
-25.4758 -1.96942 9 v
-25.3766 -1.79156 9 v
-25.2763 -1.59995 9 v
-25.1748 -1.39411 9 v
-25.0722 -1.17356 9 v
-24.9685 -0.937813 9 v
-24.8636 -0.686402 9 v
-24.7575 -0.419309 9 v
-24.6504 -0.138393 9 v
-24.5422 0.154024 9 v
-24.4329 0.455615 9 v
-24.3227 0.764056 9 v
-24.2116 1.07702 9 v
-24.0997 1.39219 9 v
-23.9869 1.70724 9 v
-23.8733 2.01984 9 v
-23.7591 2.32766 9 v
-23.6442 2.62839 9 v
-23.5287 2.9197 9 v
-23.4126 3.19926 9 v
-23.296 3.46475 9 v
-23.179 3.71384 9 v
-23.0615 3.94422 9 v
-22.9437 4.15355 9 v
-22.8256 4.33951 9 v
-22.7072 4.49978 9 v
-22.5886 4.63204 9 v
-22.4699 4.73464 9 v
-22.351 4.80871 9 v
-22.232 4.85608 9 v
-22.1128 4.87855 9 v
-21.9935 4.87795 9 v
-21.8741 4.85609 9 v
-21.7546 4.8148 9 v
-21.6351 4.75587 9 v
-21.5154 4.68114 9 v
-21.3957 4.59242 9 v
-21.2759 4.49153 9 v
-21.1561 4.38028 9 v
-21.0362 4.26049 9 v
-20.9163 4.13397 9 v
-20.7964 4.00255 9 v
-20.6765 3.86805 9 v
-20.5565 3.73226 9 v
-20.4366 3.59703 9 v
-20.3167 3.46415 9 v
-20.1969 3.33546 9 v
-20.077 3.21243 9 v
-19.9572 3.09523 9 v
-19.8375 2.98371 9 v
-19.7178 2.87769 9 v
-19.5981 2.77702 9 v
-19.4784 2.68154 9 v
-19.3588 2.59108 9 v
-19.2392 2.50549 9 v
-19.1196 2.42459 9 v
-19 2.34823 9 v
-18.8804 2.27625 9 v
-18.7608 2.20848 9 v
-18.6413 2.14477 9 v
-18.5218 2.08495 9 v
-18.4022 2.02885 9 v
-18.2827 1.97632 9 v
-18.1632 1.9272 9 v
-18.0436 1.88132 9 v
-17.9241 1.83851 9 v
-17.8045 1.79863 9 v
-17.685 1.76151 9 v
-17.5654 1.727 9 v
-17.4458 1.69495 9 v
-17.3262 1.66522 9 v
-17.2066 1.63766 9 v
-17.087 1.61212 9 v
-16.9674 1.58846 9 v
-16.8478 1.56652 9 v
-16.7282 1.54617 9 v
-16.6086 1.52726 9 v
-16.4889 1.50963 9 v
-16.3693 1.49314 9 v
-16.2497 1.47765 9 v
-16.1301 1.463 9 v
-16.0105 1.44906 9 v
-15.8909 1.43567 9 v
-15.7713 1.42269 9 v
-15.6517 1.40996 9 v
-15.5321 1.39735 9 v
-15.4126 1.38471 9 v
-15.293 1.37191 9 v
-15.1735 1.35893 9 v
-15.0539 1.34578 9 v
-14.9344 1.33244 9 v
-14.8149 1.31893 9 v
-14.6953 1.30524 9 v
-14.5758 1.29137 9 v
-14.4563 1.27734 9 v
-14.3368 1.26312 9 v
-14.2173 1.24874 9 v
-14.0978 1.23418 9 v
-13.9783 1.21945 9 v
-13.8588 1.20455 9 v
-13.7393 1.18948 9 v
-13.6198 1.17424 9 v
-13.5003 1.15884 9 v
-13.3808 1.14327 9 v
-13.2613 1.12753 9 v
-13.1418 1.11162 9 v
-13.0223 1.09555 9 v

-26.9477 -4.82412 9 v
-26.9437 -4.82899 9 v
-26.9349 -4.83003 9 v
-26.9216 -4.82729 9 v
-26.9038 -4.82086 9 v
-26.8818 -4.81082 9 v
-26.8558 -4.79724 9 v
-26.826 -4.7802 9 v
-26.7926 -4.75977 9 v
-26.7558 -4.73604 9 v
-26.7158 -4.70909 9 v
-26.6728 -4.67898 9 v
-26.6269 -4.6458 9 v
-26.5785 -4.60962 9 v
-26.5276 -4.57052 9 v
-26.4745 -4.52858 9 v
-26.4194 -4.48387 9 v
-26.3625 -4.43648 9 v
-26.304 -4.38647 9 v
-26.244 -4.33393 9 v
-26.1829 -4.27894 9 v
-26.1207 -4.2215 9 v
-26.0575 -4.16141 9 v
-25.9933 -4.09837 9 v
-25.9281 -4.03211 9 v
-25.862 -3.96234 9 v
-25.795 -3.88879 9 v
-25.7271 -3.81116 9 v
-25.6583 -3.72919 9 v
-25.5886 -3.64258 9 v
-25.518 -3.55106 9 v
-25.4467 -3.45434 9 v
-25.3745 -3.35215 9 v
-25.3015 -3.24419 9 v
-25.2278 -3.1302 9 v
-25.1532 -3.00989 9 v
-25.078 -2.88297 9 v
-25.002 -2.74916 9 v
-24.9254 -2.60819 9 v
-24.848 -2.45977 9 v
-24.77 -2.30362 9 v
-24.6913 -2.13965 9 v
-24.612 -1.96852 9 v
-24.532 -1.7911 9 v
-24.4514 -1.60826 9 v
-24.3702 -1.42083 9 v
-24.2883 -1.2297 9 v
-24.2057 -1.03572 9 v
-24.1225 -0.839737 9 v
-24.0387 -0.642627 9 v
-23.9542 -0.445244 9 v
-23.869 -0.248448 9 v
-23.7832 -0.0530992 9 v
-23.6968 0.139942 9 v
-23.6097 0.329816 9 v
-23.5219 0.515663 9 v
-23.4335 0.696624 9 v
-23.3445 0.871837 9 v
-23.2548 1.04044 9 v
-23.1644 1.20158 9 v
-23.0734 1.3544 9 v
-22.9818 1.49816 9 v
-22.8895 1.6327 9 v
-22.7966 1.758 9 v
-22.7032 1.87401 9 v
-22.6092 1.9807 9 v
-22.5147 2.07804 9 v
-22.4197 2.166 9 v
-22.3242 2.24454 9 v
-22.2284 2.31364 9 v
-22.1321 2.37326 9 v
-22.0354 2.42336 9 v
-21.9384 2.46392 9 v
-21.841 2.4949 9 v
-21.7434 2.51627 9 v
-21.6455 2.528 9 v
-21.5473 2.53005 9 v
-21.449 2.5224 9 v
-21.3504 2.505 9 v
-21.2517 2.47783 9 v
-21.1529 2.44085 9 v
-21.0539 2.39418 9 v
-20.9549 2.3385 9 v
-20.8557 2.27464 9 v
-20.7565 2.20344 9 v
-20.6572 2.12572 9 v
-20.5578 2.04232 9 v
-20.4583 1.95406 9 v
-20.3588 1.86178 9 v
-20.2592 1.76631 9 v
-20.1595 1.66847 9 v
-20.0598 1.56911 9 v
-19.96 1.46904 9 v
-19.8602 1.3691 9 v
-19.7603 1.27013 9 v
-19.6604 1.17295 9 v
-19.5605 1.07839 9 v
-19.4606 0.987286 9 v
-19.3606 0.900467 9 v
-19.2606 0.818762 9 v
-19.1606 0.743004 9 v
-19.0607 0.673829 9 v
-18.9607 0.611093 9 v
-18.8607 0.554461 9 v
-18.7606 0.503596 9 v
-18.6606 0.458161 9 v
-18.5606 0.417818 9 v
-18.4606 0.382232 9 v
-18.3605 0.351066 9 v
-18.2605 0.323982 9 v
-18.1604 0.300643 9 v
-18.0604 0.280714 9 v
-17.9603 0.263857 9 v
-17.8602 0.249736 9 v
-17.7601 0.238013 9 v
-17.6599 0.228353 9 v
-17.5598 0.220417 9 v
-17.4597 0.21387 9 v
-17.3595 0.208374 9 v
-17.2593 0.203592 9 v
-17.1591 0.199189 9 v
-17.0589 0.19488 9 v
-16.9587 0.190599 9 v
-16.8584 0.186332 9 v
-16.7581 0.182064 9 v
-16.6579 0.177783 9 v
-16.5576 0.173474 9 v
-16.4573 0.169124 9 v
-16.357 0.164719 9 v
-16.2566 0.160246 9 v
-16.1563 0.155689 9 v
-16.056 0.151037 9 v
-15.9556 0.146275 9 v
-15.8552 0.14139 9 v
-15.7549 0.136367 9 v
-15.6545 0.131193 9 v
-15.5541 0.125854 9 v
-15.4538 0.120337 9 v
-15.3534 0.114628 9 v
-15.253 0.108713 9 v
-15.1526 0.102579 9 v
-15.0522 0.0962131 9 v
-14.9519 0.0896152 9 v
-14.8515 0.082786 9 v
-14.7511 0.0757265 9 v
-14.6508 0.0684375 9 v
-14.5504 0.0609201 9 v
-14.45 0.0531753 9 v
-14.3497 0.045204 9 v
-14.2494 0.0370073 9 v
-14.149 0.028586 9 v
-14.0487 0.0199413 9 v
-13.9484 0.011074 9 v
-13.8481 0.00198519 9 v
-13.7478 -0.0073242 9 v
-13.6476 -0.0168532 9 v
-13.5473 -0.0266007 9 v
-13.4471 -0.036566 9 v
-13.3469 -0.0467478 9 v
-13.2467 -0.0571453 9 v
-13.1466 -0.0677575 9 v

-24.9106 -4.96054 9 v
-24.9096 -4.8754 9 v
-24.9034 -4.79216 9 v
-24.8921 -4.71079 9 v
-24.876 -4.63127 9 v
-24.8554 -4.55355 9 v
-24.8305 -4.47761 9 v
-24.8015 -4.40342 9 v
-24.7686 -4.33095 9 v
-24.7321 -4.26016 9 v
-24.6922 -4.19103 9 v
-24.6492 -4.12352 9 v
-24.6031 -4.05761 9 v
-24.5544 -3.99326 9 v
-24.5032 -3.93044 9 v
-24.4498 -3.86913 9 v
-24.3943 -3.80929 9 v
-24.3371 -3.75088 9 v
-24.2783 -3.69389 9 v
-24.2182 -3.63827 9 v
-24.1569 -3.58401 9 v
-24.0948 -3.53106 9 v
-24.0319 -3.47939 9 v
-23.9681 -3.42896 9 v
-23.9036 -3.37973 9 v
-23.8383 -3.33167 9 v
-23.7723 -3.28473 9 v
-23.7056 -3.23888 9 v
-23.6383 -3.19409 9 v
-23.5703 -3.1503 9 v
-23.5017 -3.1075 9 v
-23.4326 -3.06562 9 v
-23.3629 -3.02465 9 v
-23.2927 -2.98453 9 v
-23.2221 -2.94524 9 v
-23.151 -2.90673 9 v
-23.0794 -2.86897 9 v
-23.0075 -2.83191 9 v
-22.9352 -2.79553 9 v
-22.8626 -2.75977 9 v
-22.7897 -2.72461 9 v
-22.7165 -2.69001 9 v
-22.6431 -2.65596 9 v
-22.5694 -2.62245 9 v
-22.4954 -2.58948 9 v
-22.4212 -2.55704 9 v
-22.3468 -2.52511 9 v
-22.2721 -2.49371 9 v
-22.1972 -2.46281 9 v
-22.1221 -2.43241 9 v
-22.0468 -2.40251 9 v
-21.9713 -2.3731 9 v
-21.8955 -2.34417 9 v
-21.8196 -2.31572 9 v
-21.7435 -2.28773 9 v
-21.6672 -2.26021 9 v
-21.5907 -2.23315 9 v
-21.5141 -2.20653 9 v
-21.4373 -2.18036 9 v
-21.3603 -2.15462 9 v
-21.2832 -2.12931 9 v
-21.206 -2.10442 9 v
-21.1286 -2.07995 9 v
-21.0511 -2.0559 9 v
-20.9734 -2.03225 9 v
-20.8956 -2.009 9 v
-20.8177 -1.98615 9 v
-20.7397 -1.96369 9 v
-20.6616 -1.94162 9 v
-20.5834 -1.91993 9 v
-20.505 -1.89862 9 v
-20.4266 -1.87768 9 v
-20.3481 -1.8571 9 v
-20.2695 -1.83688 9 v
-20.1908 -1.81702 9 v
-20.112 -1.79751 9 v
-20.0332 -1.77835 9 v
-19.9542 -1.75953 9 v
-19.8753 -1.74104 9 v
-19.7962 -1.72288 9 v
-19.7171 -1.70505 9 v
-19.638 -1.68753 9 v
-19.5588 -1.67034 9 v
-19.4795 -1.65346 9 v
-19.4002 -1.6369 9 v
-19.3208 -1.62065 9 v
-19.2414 -1.60472 9 v
-19.162 -1.5891 9 v
-19.0825 -1.57378 9 v
-19.0029 -1.55878 9 v
-18.9233 -1.54409 9 v
-18.8436 -1.5297 9 v
-18.7639 -1.51561 9 v
-18.6842 -1.50183 9 v
-18.6043 -1.48835 9 v
-18.5245 -1.47518 9 v
-18.4446 -1.4623 9 v
-18.3646 -1.44972 9 v
-18.2846 -1.43744 9 v
-18.2045 -1.42545 9 v
-18.1244 -1.41376 9 v
-18.0443 -1.40236 9 v
-17.9641 -1.39126 9 v
-17.8838 -1.38044 9 v
-17.8035 -1.36992 9 v
-17.7232 -1.35968 9 v
-17.6428 -1.34974 9 v
-17.5624 -1.34008 9 v
-17.4819 -1.33071 9 v
-17.4014 -1.32162 9 v
-17.3209 -1.31283 9 v
-17.2403 -1.30431 9 v
-17.1597 -1.29609 9 v
-17.079 -1.28814 9 v
-16.9984 -1.28048 9 v
-16.9177 -1.2731 9 v
-16.8369 -1.266 9 v
-16.7562 -1.25918 9 v
-16.6754 -1.25264 9 v
-16.5945 -1.24638 9 v
-16.5137 -1.2404 9 v
-16.4328 -1.23469 9 v
-16.3519 -1.22927 9 v
-16.271 -1.22412 9 v
-16.1901 -1.21925 9 v
-16.1091 -1.21465 9 v
-16.0281 -1.21034 9 v
-15.9471 -1.20631 9 v
-15.8661 -1.20256 9 v
-15.7851 -1.19909 9 v
-15.704 -1.19589 9 v
-15.623 -1.19299 9 v
-15.5419 -1.19036 9 v
-15.4608 -1.18801 9 v
-15.3797 -1.18595 9 v
-15.2985 -1.18418 9 v
-15.2174 -1.18268 9 v
-15.1362 -1.18147 9 v
-15.0551 -1.18055 9 v
-14.9739 -1.17991 9 v
-14.8927 -1.17955 9 v
-14.8115 -1.17949 9 v
-14.7303 -1.1797 9 v
-14.6491 -1.1802 9 v
-14.5679 -1.18099 9 v
-14.4867 -1.18205 9 v
-14.4054 -1.1834 9 v
-14.3243 -1.18502 9 v
-14.2431 -1.18693 9 v
-14.1619 -1.18911 9 v
-14.0807 -1.19156 9 v
-13.9996 -1.1943 9 v
-13.9185 -1.1973 9 v
-13.8374 -1.20058 9 v
-13.7564 -1.20413 9 v
-13.6753 -1.20795 9 v
-13.5944 -1.21204 9 v
-13.5134 -1.2164 9 v
-13.4325 -1.22102 9 v
-13.3517 -1.22591 9 v
-13.2708 -1.23107 9 v

-0.649243 -9.14385 4 v
0.765456 -8.95958 4 v
2.18016 -8.77531 4 v
3.59485 -8.59105 4 v
5.00955 -8.40678 4 v
6.42425 -8.22251 4 v
7.83895 -8.03824 4 v
9.25365 -7.85398 4 v
10.6683 -7.66971 4 v
12.083 -7.48544 4 v
13.4977 -7.30117 4 v
14.9124 -7.11691 4 v
16.3271 -6.93264 4 v
17.7418 -6.74837 4 v
19.1565 -6.56411 4 v
20.5712 -6.37984 4 v
21.9859 -6.19557 4 v
23.4006 -6.0113 4 v
24.8153 -5.82704 4 v
26.23 -5.64277 4 v
27.6447 -5.4585 4 v

-0.649243 -9.14385 5 v
0.765456 -8.95958 5 v
2.18016 -8.77531 5 v
3.59485 -8.59105 5 v
5.00955 -8.40678 5 v
6.42425 -8.22251 5 v
7.83895 -8.03824 5 v
9.25365 -7.85398 5 v
10.6683 -7.66971 5 v
12.083 -7.48544 5 v
13.4977 -7.30117 5 v
14.9124 -7.11691 5 v
16.3271 -6.93264 5 v
17.7418 -6.74837 5 v
19.1565 -6.56411 5 v
20.5712 -6.37984 5 v
21.9859 -6.19557 5 v
23.4006 -6.0113 5 v
24.8153 -5.82704 5 v
26.23 -5.64277 5 v
27.6447 -5.4585 5 v

44.5379 7.27525 0 v
44.8738 7.41178 0 v
45.2097 7.54832 0 v
45.5456 7.68486 0 v
45.8815 7.82139 0 v
46.2174 7.95793 0 v
46.5533 8.09446 0 v
46.8891 8.231 0 v
47.225 8.36753 0 v
47.5609 8.50407 0 v
47.8968 8.6406 0 v
48.2327 8.77714 0 v
48.5686 8.91368 0 v
48.9045 9.05021 0 v
49.2404 9.18675 0 v
49.5762 9.32328 0 v
49.9121 9.45982 0 v
50.248 9.59635 0 v
50.5839 9.73289 0 v
50.9198 9.86943 0 v
51.2557 10.006 0 v

44.5387 7.27637 1 v
44.8746 7.41275 1 v
45.2106 7.54913 1 v
45.5465 7.68551 1 v
45.8824 7.82189 1 v
46.2183 7.95827 1 v
46.5542 8.09465 1 v
46.8902 8.23103 1 v
47.2261 8.36741 1 v
47.562 8.50379 1 v
47.8979 8.64017 1 v
48.2338 8.77655 1 v
48.5698 8.91293 1 v
48.9057 9.04932 1 v
49.2416 9.1857 1 v
49.5775 9.32208 1 v
49.9134 9.45846 1 v
50.2494 9.59484 1 v
50.5853 9.73122 1 v
50.9212 9.8676 1 v
51.2571 10.004 1 v

43.545 -5.23887 0 v
43.9549 -5.26541 0 v
44.3647 -5.29195 0 v
44.7746 -5.31849 0 v
45.1844 -5.34503 0 v
45.5943 -5.37157 0 v
46.0041 -5.39811 0 v
46.4139 -5.42465 0 v
46.8238 -5.45119 0 v
47.2336 -5.47773 0 v
47.6435 -5.50426 0 v
48.0533 -5.5308 0 v
48.4632 -5.55734 0 v
48.873 -5.58388 0 v
49.2829 -5.61042 0 v
49.6927 -5.63696 0 v
50.1026 -5.6635 0 v
50.5124 -5.69004 0 v
50.9223 -5.71658 0 v
51.3321 -5.74312 0 v
51.7419 -5.76966 0 v

43.5451 -5.23866 3 u
43.9548 -5.26508 3 u
44.3644 -5.29149 3 u
44.7741 -5.31791 3 u
45.1837 -5.34433 3 u
45.5934 -5.37075 3 u
46.003 -5.39717 3 u
46.4127 -5.42358 3 u
46.8223 -5.45 3 u
47.232 -5.47642 3 u
47.6416 -5.50284 3 u
48.0513 -5.52926 3 u
48.4609 -5.55567 3 u
48.8706 -5.58209 3 u
49.2802 -5.60851 3 u
49.6899 -5.63493 3 u
50.0995 -5.66135 3 u
50.5092 -5.68776 3 u
50.9188 -5.71418 3 u
51.3285 -5.7406 3 u
51.7381 -5.76702 3 u

32.7713 5.24989 1 v
32.3311 5.63431 1 v
31.8908 6.01872 1 v
31.4506 6.40314 1 v
31.0104 6.78755 1 v
30.5702 7.17197 1 v
30.13 7.55638 1 v
29.6898 7.9408 1 v
29.2496 8.32521 1 v
28.8094 8.70963 1 v
28.3692 9.09404 1 v
27.929 9.47846 1 v
27.4888 9.86287 1 v
27.0486 10.2473 1 v
26.6083 10.6317 1 v
26.1681 11.0161 1 v
25.7279 11.4005 1 v
25.2877 11.7849 1 v
24.8475 12.1694 1 v
24.4073 12.5538 1 v
23.9671 12.9382 1 v

23.9667 12.9378 2 u
24.4069 12.5534 2 u
24.8472 12.169 2 u
25.2874 11.7846 2 u
25.7276 11.4002 2 u
26.1678 11.0158 2 u
26.6081 10.6314 2 u
27.0483 10.247 2 u
27.4885 9.86265 2 u
27.9287 9.47825 2 u
28.369 9.09385 2 u
28.8092 8.70945 2 u
29.2494 8.32506 2 u
29.6896 7.94066 2 u
30.1299 7.55626 2 u
30.5701 7.17187 2 u
31.0103 6.78747 2 u
31.4505 6.40307 2 u
31.8908 6.01868 2 u
32.331 5.63428 2 u
32.7712 5.24988 2 u

12.4697 8.71932 2 u
13.2285 8.01041 2 u
13.9873 7.30151 2 u
14.746 6.59261 2 u
15.5048 5.8837 2 u
16.2635 5.1748 2 u
17.0223 4.46589 2 u
17.7811 3.75699 2 u
18.5398 3.04809 2 u
19.2986 2.33918 2 u
20.0573 1.63028 2 u
20.8161 0.921376 2 u
21.5749 0.212473 2 u
22.3336 -0.496431 2 u
23.0924 -1.20533 2 u
23.8512 -1.91424 2 u
24.6099 -2.62314 2 u
25.3687 -3.33205 2 u
26.1274 -4.04095 2 u
26.8862 -4.74985 2 u
27.645 -5.45876 2 u

12.4698 8.71934 5 u
13.2285 8.01044 5 u
13.9873 7.30155 5 u
14.746 6.59266 5 u
15.5048 5.88377 5 u
16.2635 5.17488 5 u
17.0223 4.46599 5 u
17.781 3.75709 5 u
18.5398 3.0482 5 u
19.2985 2.33931 5 u
20.0573 1.63042 5 u
20.816 0.921526 5 u
21.5748 0.212634 5 u
22.3335 -0.496258 5 u
23.0923 -1.20515 5 u
23.851 -1.91404 5 u
24.6097 -2.62293 5 u
25.3685 -3.33183 5 u
26.1272 -4.04072 5 u
26.886 -4.74961 5 u
27.6447 -5.4585 5 u

27.6447 -5.45891 3 u
27.3952 -6.18308 3 u
27.1456 -6.90724 3 u
26.8961 -7.63141 3 u
26.6466 -8.35558 3 u
26.3971 -9.07974 3 u
26.1475 -9.80391 3 u
25.898 -10.5281 3 u
25.6485 -11.2522 3 u
25.399 -11.9764 3 u
25.1495 -12.7006 3 u
24.8999 -13.4247 3 u
24.6504 -14.1489 3 u
24.4009 -14.8731 3 u
24.1514 -15.5972 3 u
23.9018 -16.3214 3 u
23.6523 -17.0456 3 u
23.4028 -17.7697 3 u
23.1533 -18.4939 3 u
22.9038 -19.2181 3 u
22.6542 -19.9422 3 u

22.6531 -19.942 4 u
22.9027 -19.2178 4 u
23.1523 -18.4937 4 u
23.4018 -17.7695 4 u
23.6514 -17.0453 4 u
23.901 -16.3211 4 u
24.1506 -15.597 4 u
24.4002 -14.8728 4 u
24.6497 -14.1486 4 u
24.8993 -13.4244 4 u
25.1489 -12.7003 4 u
25.3985 -11.9761 4 u
25.6481 -11.2519 4 u
25.8977 -10.5277 4 u
26.1472 -9.80356 4 u
26.3968 -9.07938 4 u
26.6464 -8.35521 4 u
26.896 -7.63103 4 u
27.1456 -6.90685 4 u
27.3952 -6.18268 4 u
27.6447 -5.4585 4 u

8.00312 -19.9235 4 u
7.5705 -19.3845 4 u
7.13788 -18.8455 4 u
6.70526 -18.3065 4 u
6.27264 -17.7676 4 u
5.84003 -17.2286 4 u
5.40741 -16.6896 4 u
4.97479 -16.1506 4 u
4.54217 -15.6116 4 u
4.10955 -15.0726 4 u
3.67694 -14.5337 4 u
3.24432 -13.9947 4 u
2.8117 -13.4557 4 u
2.37908 -12.9167 4 u
1.94647 -12.3777 4 u
1.51385 -11.8388 4 u
1.08123 -11.2998 4 u
0.648611 -10.7608 4 u
0.215993 -10.2218 4 u
-0.216625 -9.68283 4 u
-0.649243 -9.14385 4 u

-0.649527 -9.14321 7 u
-0.595447 -9.21058 7 u
-0.541367 -9.27796 7 u
-0.487287 -9.34534 7 u
-0.433207 -9.41271 7 u
-0.379127 -9.48009 7 u
-0.325048 -9.54747 7 u
-0.270968 -9.61484 7 u
-0.216888 -9.68222 7 u
-0.162808 -9.7496 7 u
-0.108728 -9.81697 7 u
-0.0546482 -9.88435 7 u
-0.000568369 -9.95173 7 u
0.0535115 -10.0191 7 u
0.107591 -10.0865 7 u
0.161671 -10.1539 7 u
0.215751 -10.2212 7 u
0.269831 -10.2886 7 u
0.323911 -10.356 7 u
0.377991 -10.4234 7 u
0.432071 -10.4907 7 u
0.48615 -10.5581 7 u
0.54023 -10.6255 7 u
0.59431 -10.6929 7 u
0.64839 -10.7602 7 u
0.70247 -10.8276 7 u
0.75655 -10.895 7 u
0.81063 -10.9624 7 u
0.86471 -11.0298 7 u
0.918789 -11.0971 7 u
0.972869 -11.1645 7 u
1.02695 -11.2319 7 u
1.08103 -11.2993 7 u
1.13511 -11.3666 7 u
1.18919 -11.434 7 u
1.24327 -11.5014 7 u
1.29735 -11.5688 7 u
1.35143 -11.6361 7 u
1.40551 -11.7035 7 u
1.45959 -11.7709 7 u
1.51367 -11.8383 7 u
1.56775 -11.9057 7 u
1.62183 -11.973 7 u
1.67591 -12.0404 7 u
1.72999 -12.1078 7 u
1.78407 -12.1752 7 u
1.83815 -12.2425 7 u
1.89223 -12.3099 7 u
1.94631 -12.3773 7 u
2.00039 -12.4447 7 u
2.05447 -12.512 7 u
2.10855 -12.5794 7 u
2.16263 -12.6468 7 u
2.21671 -12.7142 7 u
2.27079 -12.7815 7 u
2.32487 -12.8489 7 u
2.37895 -12.9163 7 u
2.43303 -12.9837 7 u
2.48711 -13.0511 7 u
2.54119 -13.1184 7 u
2.59527 -13.1858 7 u
2.64935 -13.2532 7 u
2.70343 -13.3206 7 u
2.75751 -13.3879 7 u
2.81158 -13.4553 7 u
2.86566 -13.5227 7 u
2.91974 -13.5901 7 u
2.97382 -13.6574 7 u
3.0279 -13.7248 7 u
3.08198 -13.7922 7 u
3.13606 -13.8596 7 u
3.19014 -13.927 7 u
3.24422 -13.9943 7 u
3.2983 -14.0617 7 u
3.35238 -14.1291 7 u
3.40646 -14.1965 7 u
3.46054 -14.2638 7 u
3.51462 -14.3312 7 u
3.5687 -14.3986 7 u
3.62278 -14.466 7 u
3.67686 -14.5333 7 u
3.73094 -14.6007 7 u
3.78502 -14.6681 7 u
3.8391 -14.7355 7 u
3.89318 -14.8029 7 u
3.94726 -14.8702 7 u
4.00134 -14.9376 7 u
4.05542 -15.005 7 u
4.1095 -15.0724 7 u
4.16358 -15.1397 7 u
4.21766 -15.2071 7 u
4.27174 -15.2745 7 u
4.32582 -15.3419 7 u
4.3799 -15.4092 7 u
4.43398 -15.4766 7 u
4.48806 -15.544 7 u
4.54214 -15.6114 7 u
4.59622 -15.6787 7 u
4.6503 -15.7461 7 u
4.70438 -15.8135 7 u
4.75846 -15.8809 7 u
4.81254 -15.9483 7 u
4.86662 -16.0156 7 u
4.9207 -16.083 7 u
4.97478 -16.1504 7 u
5.02886 -16.2178 7 u
5.08294 -16.2851 7 u
5.13702 -16.3525 7 u
5.1911 -16.4199 7 u
5.24518 -16.4873 7 u
5.29926 -16.5546 7 u
5.35334 -16.622 7 u
5.40742 -16.6894 7 u
5.4615 -16.7568 7 u
5.51558 -16.8242 7 u
5.56966 -16.8915 7 u
5.62374 -16.9589 7 u
5.67782 -17.0263 7 u
5.7319 -17.0937 7 u
5.78598 -17.161 7 u
5.84006 -17.2284 7 u
5.89414 -17.2958 7 u
5.94822 -17.3632 7 u
6.0023 -17.4305 7 u
6.05638 -17.4979 7 u
6.11046 -17.5653 7 u
6.16454 -17.6327 7 u
6.21862 -17.7001 7 u
6.2727 -17.7674 7 u
6.32678 -17.8348 7 u
6.38086 -17.9022 7 u
6.43494 -17.9696 7 u
6.48902 -18.0369 7 u
6.5431 -18.1043 7 u
6.59718 -18.1717 7 u
6.65126 -18.2391 7 u
6.70534 -18.3064 7 u
6.75942 -18.3738 7 u
6.8135 -18.4412 7 u
6.86758 -18.5086 7 u
6.92166 -18.5759 7 u
6.97573 -18.6433 7 u
7.02981 -18.7107 7 u
7.08389 -18.7781 7 u
7.13797 -18.8455 7 u
7.19205 -18.9128 7 u
7.24613 -18.9802 7 u
7.30021 -19.0476 7 u
7.35429 -19.115 7 u
7.40837 -19.1823 7 u
7.46245 -19.2497 7 u
7.51653 -19.3171 7 u
7.57061 -19.3845 7 u
7.62469 -19.4518 7 u
7.67877 -19.5192 7 u
7.73285 -19.5866 7 u
7.78693 -19.654 7 u
7.84101 -19.7214 7 u
7.89509 -19.7887 7 u
7.94917 -19.8561 7 u
8.00325 -19.9235 7 u

0.0189515 6.67842 5 u
-0.0144582 5.88731 5 u
-0.0478679 5.0962 5 u
-0.0812776 4.30508 5 u
-0.114687 3.51397 5 u
-0.148097 2.72286 5 u
-0.181507 1.93174 5 u
-0.214916 1.14063 5 u
-0.248326 0.349515 5 u
-0.281736 -0.441599 5 u
-0.315146 -1.23271 5 u
-0.348555 -2.02383 5 u
-0.381965 -2.81494 5 u
-0.415375 -3.60605 5 u
-0.448784 -4.39717 5 u
-0.482194 -5.18828 5 u
-0.515604 -5.97939 5 u
-0.549013 -6.77051 5 u
-0.582423 -7.56162 5 u
-0.615833 -8.35273 5 u
-0.649243 -9.14385 5 u

-0.649035 -9.14323 6 u
-0.64486 -9.04435 6 u
-0.640685 -8.94546 6 u
-0.63651 -8.84658 6 u
-0.632335 -8.74769 6 u
-0.62816 -8.64881 6 u
-0.623985 -8.54992 6 u
-0.61981 -8.45104 6 u
-0.615636 -8.35215 6 u
-0.611461 -8.25327 6 u
-0.607286 -8.15438 6 u
-0.603111 -8.0555 6 u
-0.598936 -7.95661 6 u
-0.594761 -7.85773 6 u
-0.590586 -7.75884 6 u
-0.586411 -7.65995 6 u
-0.582236 -7.56107 6 u
-0.578061 -7.46218 6 u
-0.573887 -7.3633 6 u
-0.569712 -7.26441 6 u
-0.565537 -7.16553 6 u
-0.561362 -7.06664 6 u
-0.557187 -6.96776 6 u
-0.553012 -6.86887 6 u
-0.548837 -6.76999 6 u
-0.544662 -6.6711 6 u
-0.540487 -6.57222 6 u
-0.536312 -6.47333 6 u
-0.532138 -6.37445 6 u
-0.527963 -6.27556 6 u
-0.523788 -6.17667 6 u
-0.519613 -6.07779 6 u
-0.515438 -5.9789 6 u
-0.511263 -5.88002 6 u
-0.507088 -5.78113 6 u
-0.502913 -5.68225 6 u
-0.498738 -5.58336 6 u
-0.494563 -5.48448 6 u
-0.490389 -5.38559 6 u
-0.486214 -5.28671 6 u
-0.482039 -5.18782 6 u
-0.477864 -5.08894 6 u
-0.473689 -4.99005 6 u
-0.469514 -4.89116 6 u
-0.465339 -4.79228 6 u
-0.461164 -4.69339 6 u
-0.456989 -4.59451 6 u
-0.452814 -4.49562 6 u
-0.44864 -4.39674 6 u
-0.444465 -4.29785 6 u
-0.44029 -4.19897 6 u
-0.436115 -4.10008 6 u
-0.43194 -4.0012 6 u
-0.427765 -3.90231 6 u
-0.42359 -3.80343 6 u
-0.419415 -3.70454 6 u
-0.41524 -3.60566 6 u
-0.411065 -3.50677 6 u
-0.406891 -3.40788 6 u
-0.402716 -3.309 6 u
-0.398541 -3.21011 6 u
-0.394366 -3.11123 6 u
-0.390191 -3.01234 6 u
-0.386016 -2.91346 6 u
-0.381841 -2.81457 6 u
-0.377666 -2.71569 6 u
-0.373491 -2.6168 6 u
-0.369316 -2.51792 6 u
-0.365142 -2.41903 6 u
-0.360967 -2.32015 6 u
-0.356792 -2.22126 6 u
-0.352617 -2.12238 6 u
-0.348442 -2.02349 6 u
-0.344267 -1.9246 6 u
-0.340092 -1.82572 6 u
-0.335917 -1.72683 6 u
-0.331742 -1.62795 6 u
-0.327567 -1.52906 6 u
-0.323393 -1.43018 6 u
-0.319218 -1.33129 6 u
-0.315043 -1.23241 6 u
-0.310868 -1.13352 6 u
-0.306693 -1.03464 6 u
-0.302518 -0.935752 6 u
-0.298343 -0.836866 6 u
-0.294168 -0.737981 6 u
-0.289993 -0.639096 6 u
-0.285818 -0.54021 6 u
-0.281643 -0.441325 6 u
-0.277469 -0.34244 6 u
-0.273294 -0.243554 6 u
-0.269119 -0.144669 6 u
-0.264944 -0.0457835 6 u
-0.260769 0.0531018 6 u
-0.256594 0.151987 6 u
-0.252419 0.250872 6 u
-0.248244 0.349758 6 u
-0.244069 0.448643 6 u
-0.239894 0.547528 6 u
-0.23572 0.646414 6 u
-0.231545 0.745299 6 u
-0.22737 0.844184 6 u
-0.223195 0.94307 6 u
-0.21902 1.04196 6 u
-0.214845 1.14084 6 u
-0.21067 1.23973 6 u
-0.206495 1.33861 6 u
-0.20232 1.4375 6 u
-0.198145 1.53638 6 u
-0.193971 1.63527 6 u
-0.189796 1.73415 6 u
-0.185621 1.83304 6 u
-0.181446 1.93192 6 u
-0.177271 2.03081 6 u
-0.173096 2.12969 6 u
-0.168921 2.22858 6 u
-0.164746 2.32746 6 u
-0.160571 2.42635 6 u
-0.156396 2.52524 6 u
-0.152222 2.62412 6 u
-0.148047 2.72301 6 u
-0.143872 2.82189 6 u
-0.139697 2.92078 6 u
-0.135522 3.01966 6 u
-0.131347 3.11855 6 u
-0.127172 3.21743 6 u
-0.122997 3.31632 6 u
-0.118822 3.4152 6 u
-0.114647 3.51409 6 u
-0.110473 3.61297 6 u
-0.106298 3.71186 6 u
-0.102123 3.81074 6 u
-0.0979479 3.90963 6 u
-0.093773 4.00852 6 u
-0.0895981 4.1074 6 u
-0.0854232 4.20629 6 u
-0.0812483 4.30517 6 u
-0.0770734 4.40406 6 u
-0.0728985 4.50294 6 u
-0.0687236 4.60183 6 u
-0.0645487 4.70071 6 u
-0.0603737 4.7996 6 u
-0.0561988 4.89848 6 u
-0.0520239 4.99737 6 u
-0.047849 5.09625 6 u
-0.0436741 5.19514 6 u
-0.0394992 5.29402 6 u
-0.0353243 5.39291 6 u
-0.0311494 5.4918 6 u
-0.0269745 5.59068 6 u
-0.0227996 5.68957 6 u
-0.0186247 5.78845 6 u
-0.0144498 5.88734 6 u
-0.0102749 5.98622 6 u
-0.00610004 6.08511 6 u
-0.00192514 6.18399 6 u
0.00224976 6.28288 6 u
0.00642466 6.38176 6 u
0.0105996 6.48065 6 u
0.0147745 6.57953 6 u
0.0189494 6.67842 6 u

